"Time","data"
0,0,0.000201465,0.0239114
0.002,0,0.000906593,0.0238185
0.004,0,0.000503663,0.0237267
0.006,0,0.00110806,0.0236353
0.008,0,0.000302198,0.0235445
0.01,0,0.000201465,0.0234544
0.012,0,0.000503663,0.0233654
0.014,0,-0.000100733,0.0232767
0.016,0,0.000503663,0.0231887
0.018,0,0.000503663,0.0231012
0.02,0,0.000201465,0.0230148
0.022,0,0.00120879,0.0229287
0.024,0,0.00100733,0.0228433
0.026,0,0.000503663,0.0227585
0.028,0,0.000805861,0.0226744
0.03,0,0.000906593,0.0225911
0.032,0,0.000805861,0.0225082
0.034,0,0.000805861,0.0224257
0.036,0,0.00040293,0.0223443
0.038,0,0.000503663,0.022263
0.04,0,0.00110806,0.0221826
0.042,0,0.000503663,0.0221029
0.044,0,0.00040293,0.0220235
0.046,0,0.00100733,0.0219447
0.048,0,0.00100733,0.0218664
0.05,0,0.000503663,0.0217887
0.052,0,0.00100733,0.0217115
0.054,0,0.00110806,0.0216351
0.056,0,0.00110806,0.0215592
0.058,0,0.00040293,0.0214836
0.06,0,0.00120879,0.0214086
0.062,0,0.000604396,0.0213341
0.064,0,0.000302198,0.0212604
0.066,0,0.000705128,0.0211868
0.068,0,0.000906593,0.0211138
0.07,0,0.00100733,0.0210417
0.072,0,-0.000302198,0.0209697
0.074,0,0.000302198,0.0208982
0.076,0,0,0.0208273
0.078,0,0.00141026,0.0207568
0.08,0,0.000604396,0.0206867
0.082,0,0.000604396,0.0206173
0.084,0,0.000604396,0.0205482
0.086,0,-0.000100733,0.0204796
0.088,0,0.000201465,0.0204117
0.09,0,0.000805861,0.020344
0.092,0,0.00100733,0.0202767
0.094,0,0.00040293,0.0202098
0.096,0,0.000906593,-0.0201436
0.098,0,0.00100733,-0.0200777
0.1,0,0.000805861,-0.0200122
0.102,0,0.000604396,-0.0199471
0.104,0,0.000100733,-0.0198824
0.106,0,0.00040293,-0.0198182
0.108,0,0.000805861,-0.0197544
0.11,0,0.00110806,-0.019691
0.112,0,0.000906593,-0.019628
0.114,0,0.000201465,-0.0195656
0.116,0,0.000302198,-0.0195034
0.118,0,0.000805861,-0.0194416
0.12,0,0.000805861,-0.01938
0.122,0,0.00100733,-0.0193191
0.124,0,0.00120879,-0.0192583
0.126,0,0.000805861,-0.0191982
0.128,0,0.000302198,-0.0191384
0.13,0,0.000503663,-0.0190787
0.132,0,0.000705128,-0.0190196
0.134,0,0.000201465,-0.0189608
0.136,0,0.00040293,-0.0189024
0.138,0,0.00040293,-0.0188444
0.14,0,0.000805861,-0.0187867
0.142,0,0.000503663,-0.0187293
0.144,0,0.000201465,-0.0186723
0.146,0,0.000503663,-0.0186157
0.148,0,0.00100733,-0.0185594
0.15,0,0.000705128,-0.0185036
0.152,0,0.00040293,-0.0184478
0.154,0,0,-0.0183924
0.156,0,0.000302198,-0.0163594
0.158,0,-0.00040293,-0.0163594
0.16,0,0.000302198,-0.0163594
0.162,0,0.000604396,-0.0163594
0.164,0,0.00110806,-0.0163594
0.166,0,0.000705128,-0.0163594
0.168,0,0.00040293,-0.0163594
0.17,0,0.000805861,-0.0163594
0.172,0,0.000604396,-0.0163594
0.174,0,-0.000100733,-0.0163594
0.176,0,0.00120879,-0.0163594
0.178,0,0.000302198,-0.0163594
0.18,0,0.000906593,-0.0163594
0.182,0,0.000805861,-0.0163594
0.184,0,0.000302198,-0.0163594
0.186,0,0.000302198,-0.0163594
0.188,0,0.000302198,-0.0163594
0.19,0,0.000100733,-0.0163594
0.192,0,0,-0.0163594
0.194,0,0.000201465,-0.0163594
0.196,0,0.000604396,-0.0163594
0.198,0,0.000201465,-0.0163594
0.2,0,0.000805861,-0.0163594
0.202,0,0.000805861,-0.0163594
0.204,0,0.00110806,-0.0163594
0.206,0,0.000302198,-0.0163594
0.208,0,0.000604396,-0.0163594
0.21,0,0.000604396,-0.0163594
0.212,0,0.00040293,-0.0163594
0.214,0,-0.00040293,-0.0163594
0.216,0,0.000705128,-0.0163594
0.218,0,0.000805861,-0.0163594
0.22,0,0.000604396,-0.0163594
0.222,0,0.00110806,-0.0163594
0.224,0,0.000100733,-0.0163594
0.226,0,0.00040293,-0.0163594
0.228,0,0.00040293,-0.0163594
0.23,0,0.00040293,-0.0163594
0.232,0,0.00040293,-0.0163594
0.234,0,0.00110806,-0.0163594
0.236,0,0.000906593,-0.0163594
0.238,0,0.000604396,-0.0163594
0.24,0,0.000705128,-0.0163594
0.242,0,0.000503663,-0.0163594
0.244,0,0.000201465,-0.0163594
0.246,0,0.00141026,-0.0163594
0.248,0,0.000503663,-0.0163594
0.25,0,0.000302198,-0.0163594
0.252,0,0.00130952,-0.0163594
0.254,0,0.000302198,-0.0163594
0.256,0,0.000805861,-0.0163594
0.258,0,0.00161172,-0.0163594
0.26,0,0.00100733,-0.0163594
0.262,0,0.00100733,-0.0163594
0.264,0,0.000201465,-0.0163594
0.266,0,0.000604396,-0.0163594
0.268,0,0.000302198,-0.0163594
0.27,0,0.000906593,-0.0163594
0.272,0,0.000906593,-0.0163594
0.274,0,0.00100733,-0.0163594
0.276,0,0.000604396,-0.0163594
0.278,0,0.000805861,-0.0163594
0.28,0,0.000302198,-0.0163594
0.282,0,0.000302198,-0.0163594
0.284,0,0.000906593,-0.0163594
0.286,0,0.000503663,-0.0163594
0.288,0,0.00151099,-0.0163594
0.29,0,0.000302198,-0.0163594
0.292,0,0.000604396,-0.0163594
0.294,0,0.000705128,-0.0163594
0.296,0,0.000503663,-0.0163594
0.298,0,0.000906593,-0.0163594
0.3,0,0.000604396,-0.0163594
0.302,0,0.00040293,-0.0163594
0.304,0,0.00040293,-0.0163594
0.306,0,0.00040293,-0.0163594
0.308,0,0.000201465,-0.0163594
0.31,0,0.000604396,-0.0163594
0.312,0,0.000302198,-0.0163594
0.314,0,0.000201465,-0.0163594
0.316,0,0.000906593,-0.0163594
0.318,0,0.000906593,-0.0163594
0.32,0,0.00040293,-0.0163594
0.322,0,0.000705128,-0.0163594
0.324,0,0.00040293,-0.0163594
0.326,0,0.00040293,-0.0163594
0.328,0,0.000705128,-0.0163594
0.33,0,0.000302198,-0.0163594
0.332,0,0.000805861,-0.0163594
0.334,0,0.00130952,-0.0163594
0.336,0,0.000100733,-0.0163594
0.338,0,0.000705128,-0.0163594
0.34,0,0.000906593,-0.0163594
0.342,0,0.000302198,-0.0163594
0.344,0,0.000302198,-0.0163594
0.346,0,0.000302198,-0.0163594
0.348,0,0.00040293,-0.0163594
0.35,0,0.000705128,-0.0163594
0.352,0,0.00120879,-0.0163594
0.354,0,0.000906593,-0.0163594
0.356,0,0.00040293,-0.0163594
0.358,0,0.000805861,-0.0163594
0.36,0,0.000503663,-0.0163594
0.362,0,0.00100733,-0.0163594
0.364,0,-0.000201465,-0.0584314
0.366,0,0.000705128,-0.0584314
0.368,0,0.00161172,-0.0584314
0.37,0,0.00040293,-0.0584314
0.372,0,0.000906593,-0.0584314
0.374,0,0.000805861,-0.0584314
0.376,0,0.000705128,-0.0584314
0.378,0,0.000705128,-0.0584314
0.38,0,0.00040293,-0.0584314
0.382,0,-0.000201465,-0.0584314
0.384,0,0.00040293,-0.0584314
0.386,0,0.00040293,-0.0584314
0.388,0,0.00100733,-0.0584314
0.39,0,0.000503663,-0.0584314
0.392,0,0.000906593,-0.0584314
0.394,0,0.000805861,-0.0584314
0.396,0,0.000705128,-0.0584314
0.398,0,0.000503663,-0.0584314
0.4,0,0.000705128,-0.0584314
0.402,0,0.000805861,-0.0584314
0.404,0,0.000705128,-0.0584314
0.406,0,0.00110806,-0.0584314
0.408,0,0.00040293,-0.0584314
0.41,0,0.000906593,-0.0584314
0.412,0,0.000705128,-0.0584314
0.414,0,0.00141026,-0.0584314
0.416,0,0.00130952,-0.0584314
0.418,0,0.00100733,-0.0584314
0.42,0,0.00040293,-0.0584314
0.422,0,0.000604396,-0.0584314
0.424,0,0.000503663,-0.0584314
0.426,0,0.000201465,-0.0584314
0.428,0,0.000805861,-0.0584314
0.43,0,0.000906593,-0.0584314
0.432,0,0.000201465,-0.0584314
0.434,0,0.000705128,-0.0584314
0.436,0,0.000705128,-0.0584314
0.438,0,0.000302198,-0.0584314
0.44,0,0.000805861,-0.0584314
0.442,0,0.000805861,-0.0584314
0.444,0,0.000604396,-0.0584314
0.446,0,0.000201465,-0.0584314
0.448,0,0.00040293,-0.0584314
0.45,0,0.00110806,-0.0584314
0.452,0,0.000503663,-0.0584314
0.454,0,0.000100733,-0.0584314
0.456,0,0.000100733,-0.0584314
0.458,0,0.000604396,-0.0584314
0.46,0,0.00110806,-0.0584314
0.462,0,0.000906593,-0.0584314
0.464,0,0.00110806,-0.0584314
0.466,0,0.000503663,-0.0584314
0.468,0,0.000705128,-0.0584314
0.47,0,0.00040293,-0.0584314
0.472,0,0.000805861,-0.0584314
0.474,0,0.000705128,-0.0584314
0.476,0,0.00040293,-0.0584314
0.478,0,0.000805861,-0.0584314
0.48,0,0.00100733,-0.0584314
0.482,0,0.000906593,-0.0584314
0.484,0,0.000805861,-0.0584314
0.486,0,0.000705128,-0.0584314
0.488,0,0.000100733,-0.0584314
0.49,0,0.00120879,-0.0584314
0.492,0,0.00040293,-0.0584314
0.494,0,0.000906593,-0.0584314
0.496,0,0.000805861,-0.0584314
0.498,0,0.000705128,-0.0584314
0.5,0,0.000302198,-0.0584314
0.502,0,0.000201465,-0.0584314
0.504,0,0.000302198,-0.0584314
0.506,0,0.00100733,-0.0584314
0.508,0,0.00040293,-0.0584314
0.51,0,0.000302198,-0.0584314
0.512,0,0.00100733,-0.0584314
0.514,0,0.000805861,-0.0584314
0.516,0,0.000604396,-0.0584314
0.518,0,0.00100733,-0.0584314
0.52,0,0.00130952,-0.0584314
0.522,0,0.000906593,-0.0584314
0.524,0,0.000201465,-0.0584314
0.526,0,0.000805861,-0.0584314
0.528,0,-0.000100733,-0.0584314
0.53,0,-0.000201465,-0.0584314
0.532,0,0.000805861,-0.0584314
0.534,0,0.00141026,-0.0584314
0.536,0,0.000100733,-0.0584314
0.538,0,0.000100733,-0.0584314
0.54,0,0.000100733,-0.0584314
0.542,0,0.000201465,-0.0584314
0.544,0,0.00120879,-0.0584314
0.546,0,0.00120879,-0.0584314
0.548,0,0.00040293,-0.0584314
0.55,0,0.000201465,-0.0584314
0.552,0,0.000805861,-0.0584314
0.554,0,0.000805861,-0.0584314
0.556,0,0.000201465,-0.0584314
0.558,0,0.00040293,-0.0584314
0.56,0,0.000906593,-0.0584314
0.562,0,0.000705128,-0.0584314
0.564,0,0.000302198,-0.0584314
0.566,0,0.000705128,-0.0584314
0.568,0,0.000302198,-0.0584314
0.57,0,0.00110806,-0.0584314
0.572,0,0.000705128,-0.0584314
0.574,0,0.000906593,0.058157
0.576,0,0.000705128,0.0576105
0.578,0,0.00040293,0.057074
0.58,0,0.000805861,0.0565501
0.582,0,0.000705128,0.0560332
0.584,0,0.000302198,0.0555259
0.586,0,0.000705128,0.0550264
0.588,0,0.000100733,0.0545388
0.59,0,0.000100733,0.0540579
0.592,0,0.00040293,0.0535855
0.594,0,0.000201465,0.0531212
0.596,0,0.000906593,0.052665
0.598,0,0.000201465,0.0522183
0.6,0,0.000503663,0.0517773
0.602,0,0.000604396,0.0513438
0.604,0,0.00110806,0.0509174
0.606,0,0.00100733,0.0504981
0.608,0,0.000705128,0.0500854
0.61,0,0.000503663,0.0496815
0.612,0,0.000503663,0.0492822
0.614,0,0.000201465,0.0488883
0.616,0,0.000100733,0.0485016
0.618,0,0.00040293,0.0481226
0.62,0,0.000604396,0.0477478
0.622,0,0.000705128,0.0473789
0.624,0,0.00040293,0.0470156
0.626,0,0.000302198,0.0466579
0.628,0,0.000906593,0.046307
0.63,0,0.00040293,0.0459599
0.632,0,0.00040293,0.045618
0.634,0,0.00120879,0.0452827
0.636,0,0.00040293,0.0449498
0.638,0,0.00040293,0.0446235
0.64,0,0.000302198,0.0443003
0.642,0,0.000201465,0.0439824
0.644,0,0.000302198,0.0436692
0.646,0,0.000705128,0.0433617
0.648,0,0.00100733,0.0430573
0.65,0,0.000906593,0.0427569
0.652,0,0.000302198,0.0424608
0.654,0,0.00130952,0.0421701
0.656,0,0.000604396,0.0418814
0.658,0,0.00110806,0.0415973
0.66,0,0.000302198,0.0413168
0.662,0,0.000705128,0.0410416
0.664,0,0.00040293,0.0407687
0.666,0,0.000503663,0.0404995
0.668,0,0.000503663,0.0402337
0.67,0,0.00110806,0.0399725
0.672,0,0.000100733,0.0397128
0.674,0,0.000906593,0.0394573
0.676,0,0.000302198,0.0392051
0.678,0,0.00040293,0.0389566
0.68,0,0.000302198,0.0387105
0.682,0,0.000906593,0.0384682
0.684,0,0.00130952,0.0382279
0.686,0,0.00040293,0.0379921
0.688,0,0.000100733,0.0377575
0.69,0,0.000906593,0.0375274
0.692,0,0.000100733,0.0372991
0.694,0,0.000705128,0.0370737
0.696,0,0,0.0368509
0.698,0,0.00100733,0.0366307
0.7,0,0.00120879,0.0364131
0.702,0,0.000100733,0.0361991
0.704,0,0.00141026,0.0359861
0.706,0,0.000100733,0.0357767
0.708,0,0.000302198,0.0355686
0.71,0,0.00040293,0.0353639
0.712,0,0.000604396,0.0351611
0.714,0,0.000805861,0.0349606
0.716,0,0.000100733,0.0347634
0.718,0,0.000604396,0.0345674
0.72,0,0.000906593,0.0343735
0.722,0,0.000503663,0.0341819
0.724,0,0.00120879,0.0339933
0.726,0,0.000705128,0.0338053
0.728,0,0.000805861,0.03362
0.73,0,0,0.0334365
0.732,0,0.000302198,0.033256
0.734,0,0.000503663,0.0330766
0.736,0,0,0.0328995
0.738,0,0.000201465,0.0327236
0.74,0,0.00040293,0.0325502
0.742,0,0.000201465,0.0323779
0.744,0,0.00141026,0.0322086
0.746,0,0.000705128,0.0320404
0.748,0,0.000302198,0.0318738
0.75,0,-0.000100733,0.0317096
0.752,0,0.000906593,0.0315458
0.754,0,-0.000201465,0.0313843
0.756,0,0.000604396,0.0312248
0.758,0,0.000705128,0.0310666
0.76,0,-0.000201465,0.0309106
0.762,0,0.000705128,0.0307556
0.764,0,0.00040293,0.0306021
0.766,0,0.00040293,0.0304508
0.768,0,0,0.0302999
0.77,0,0.000604396,0.0301508
0.772,0,0.000705128,0.0300033
0.774,0,0.000604396,0.0298572
0.776,0,0.000604396,0.0297132
0.778,0,0.00040293,0.0295695
0.78,0,0.000503663,0.0294279
0.782,0,0.000503663,0.0292879
0.784,0,0.000705128,0.0291483
0.786,0,0.000604396,0.0290105
0.788,0,0.000100733,0.0288739
0.79,0,0.000805861,0.0287388
0.792,0,0.000302198,0.0286048
0.794,0,0.000201465,0.028472
0.796,0,0.000604396,0.0283404
0.798,0,0.000906593,0.0282106
0.8,0,0.000604396,0.028081
0.802,0,0.00120879,0.0279529
0.804,0,0.00040293,0.0278267
0.806,0,0.000705128,0.0277009
0.808,0,0.000705128,0.0275764
0.81,0,0,0.0274529
0.812,0,0.000302198,0.0273305
0.814,0,0.00040293,0.0272098
0.816,0,0,0.027089
0.818,0,0.000705128,0.0269705
0.82,0,0.000100733,0.0268524
0.822,0,0.000100733,0.0267352
0.824,0,0.00100733,0.0266197
0.826,0,0.000906593,0.0265041
0.828,0,0.00040293,0.02639
0.83,0,0,0.0262775
0.832,0,0.000906593,0.0261653
0.834,0,0.000302198,0.0260541
0.836,0,0.000503663,0.0259441
0.838,0,0.000302198,0.0258345
0.84,0,0.000705128,0.0257267
0.842,0,0.000302198,0.0256188
0.844,0,0.000906593,0.0255122
0.846,0,0.000805861,0.025407
0.848,0,0.000100733,0.0253021
0.85,0,0.000705128,0.0251981
0.852,0,0.000100733,0.0250952
0.854,0,0.000503663,0.0249928
0.856,0,0.00151099,0.0248914
0.858,0,0.00040293,0.0247908
0.86,0,0.000100733,0.0246909
0.862,0,0.00040293,0.0245921
0.864,0,0.000100733,0.0244938
0.866,0,0.00040293,0.0243968
0.868,0,0.000805861,0.0243001
0.87,0,0.00100733,0.0242042
0.872,0,0.000503663,0.0241094
0.874,0,0.000201465,0.0240145
0.876,0,0.00040293,0.0239208
0.878,0,0.000302198,0.0238283
0.88,0,0.000604396,0.0237361
0.882,0,0.00110806,0.0236445
0.884,0,0.000302198,0.0235537
0.886,0,0.00120879,0.0234635
0.888,0,0.00040293,0.0233745
0.89,0,0.000604396,0.0232857
0.892,0,0.000906593,0.0231976
0.894,0,0.00040293,0.0231102
0.896,0,0.00100733,0.0230234
0.898,0,0.000503663,0.0229377
0.9,0,0.000201465,0.022852
0.902,0,0.000503663,0.0227673
0.904,0,0.000604396,0.0226831
0.906,0,0.00110806,0.0225995
0.908,0,0.00110806,0.0225165
0.91,0,0.000201465,0.0224341
0.912,0,0.00040293,0.0223527
0.914,0,0.00040293,0.0222715
0.916,0,0.000906593,0.0221906
0.918,0,0.000604396,0.022111
0.92,0,0.000201465,0.0220315
0.922,0,0.000805861,0.0219526
0.924,0,0.00100733,0.0218743
0.926,0,0.00110806,0.0217967
0.928,0,0.000503663,0.0217195
0.93,0,0.000705128,0.0216428
0.932,0,0.00130952,0.021567
0.934,0,0.000705128,0.0214914
0.936,0,0.000705128,0.0214161
0.938,0,0.000302198,0.0213418
0.94,0,0.00141026,0.0212678
0.942,0,-0.000100733,0.0211942
0.944,0,0.000503663,0.0211215
0.946,0,0.000201465,0.021049
0.948,0,0.00120879,0.020977
0.95,0,0.000100733,0.0209055
0.952,0,0,0.0208344
0.954,0,0.00040293,0.0207642
0.956,0,0.000503663,0.0206941
0.958,0,0.000503663,0.0206245
0.96,0,0.00040293,0.0205554
0.962,0,0.000201465,0.020487
0.964,0,0.000805861,0.0204184
0.966,0,0.00141026,0.0203507
0.968,0,0.00040293,0.0202835
0.97,0,0.00141026,0.0202166
0.972,0,0.00040293,0.0201505
0.974,0,0.00040293,0.0200844
0.976,0,0.000302198,0.0200189
0.978,0,0.000503663,0.0199537
0.98,0,0.00110806,0.019889
0.982,0,0.000906593,0.0198247
0.984,0,0,0.0197609
0.986,0,0.000705128,0.0196974
0.988,0,0.000604396,0.0196345
0.99,0,0.000503663,0.019572
0.992,0,0.000503663,0.0195096
0.994,0,0.000604396,0.0194479
0.996,0,0.00040293,0.0193865
0.998,0,0.000503663,0.0193253
1,-2,0.000201465,0.0192646
1.002,-2,-0.241255,-0.0192042
1.004,-2,-0.23924,-0.0191444
1.006,-2,-0.238636,-0.0190849
1.008,-2,-0.237729,-0.0190257
1.01,-2,-0.237024,-0.0189668
1.012,-2,-0.236822,-0.0189085
1.014,-2,-0.235916,-0.0176533
1.016,-2,-0.235211,-0.0176533
1.018,-2,-0.234002,-0.0176533
1.02,-2,-0.233599,-0.0176533
1.022,-2,-0.231987,-0.711864
1.024,-2,-0.231383,-0.711864
1.026,-2,-0.231584,-0.711864
1.028,-2,-0.230476,-0.711864
1.03,-2,-0.230174,-1.62495
1.032,-2,-0.229368,-1.62495
1.034,-2,-0.227454,-2.09803
1.036,-2,-0.227152,-2.09803
1.038,-2,-0.226245,-2.09803
1.04,-2,-0.225339,-2.46772
1.042,-2,-0.224634,-2.46772
1.044,-2,-0.224432,-2.75908
1.046,-2,-0.224029,-2.75908
1.048,-2,-0.223022,-3.02034
1.05,-2,-0.22272,-3.02034
1.052,-2,-0.221209,-3.24891
1.054,-2,-0.219496,-3.45104
1.056,-2,-0.219597,-3.45104
1.058,-2,-0.219597,-3.63672
1.06,-2,-0.219093,-3.63672
1.062,-2,-0.218086,-3.81334
1.064,-2,-0.217381,-3.96701
1.066,-2,-0.217683,-3.96701
1.068,-2,-0.216777,-4.11934
1.07,-2,-0.232491,-4.24709
1.072,-2,-0.216172,-4.37138
1.074,-2,-0.21587,-4.37138
1.076,-2,-0.215366,-4.47805
1.078,-2,-0.213755,-4.5833
1.08,-2,-0.213956,-4.66701
1.082,-2,-0.214661,-4.66701
1.084,-2,-0.213956,-4.76394
1.086,-2,-0.213654,-4.83511
1.088,-2,-0.212244,-4.90092
1.09,-2,-0.212143,-4.97647
1.092,-2,-0.212445,-4.97647
1.094,-2,-0.21174,-5.02104
1.096,-2,-0.212647,-5.07468
1.098,-2,-0.21174,-5.13261
1.1,-2,-0.210733,-5.17436
1.102,-2,-0.210833,-5.21445
1.104,-2,-0.210632,-5.21445
1.106,-2,-0.210733,-5.24699
1.108,-2,-0.210128,-5.27752
1.11,-2,-0.211337,-5.30295
1.112,-2,-0.210027,-5.34178
1.114,-2,-0.211035,-5.35661
1.116,-2,-0.210027,-5.38006
1.118,-2,-0.210531,-5.41468
1.12,-2,-0.21033,-5.41468
1.122,-2,-0.210229,-5.42732
1.124,-2,-0.223425,-5.4486
1.126,-2,-0.227353,-5.47013
1.128,-2,-0.226951,-5.49076
1.13,-2,-0.210229,-5.5144
1.132,-2,-0.210027,-5.53288
1.134,-2,-0.209625,-5.53916
1.136,-2,-0.210229,-5.55811
1.138,-2,-0.208718,-5.56715
1.14,-2,-0.209625,-5.56715
1.142,-2,-0.209826,-5.57336
1.144,-2,-0.209625,-5.5905
1.146,-2,-0.209222,-5.59492
1.148,-2,-0.210027,-5.60007
1.15,-2,-0.209423,-5.60504
1.152,-2,-0.209222,-5.61437
1.154,-2,-0.208617,-5.62005
1.156,-2,-0.207308,-5.61587
1.158,-2,-0.209625,-5.62983
1.16,-2,-0.209222,-5.62234
1.162,-2,-0.208718,-5.63514
1.164,-2,-0.209423,-5.63514
1.166,-2,-0.209423,-5.63044
1.168,-2,-0.208214,-5.63651
1.17,-2,-0.208919,-5.64475
1.172,-2,-0.208114,-5.64818
1.174,-2,-0.207711,-5.64154
1.176,-2,-0.226346,-5.65878
1.178,-2,-0.209222,-5.67546
1.18,-2,-0.209927,-5.654
1.182,-2,-0.208516,-5.69147
1.184,-2,-0.209423,-5.69206
1.186,-2,-0.208114,-5.65697
1.188,-2,-0.208617,-5.7201
1.19,-2,-0.208919,-5.7201
1.192,-2,-0.207408,-5.72007
1.194,-2,-0.208718,-5.69489
1.196,-2,-0.208819,-5.7395
1.198,-2,-0.209121,-5.73488
1.2,-2,-0.208114,-5.73268
1.202,-2,-0.207811,-5.75187
1.204,-2,-0.208919,-5.76451
1.206,-2,-0.207308,-5.76429
1.208,-2,-0.208617,-5.78933
1.21,-2,-0.207811,-5.79081
1.212,-2,-0.207711,-5.79354
1.214,-2,-0.208214,-5.81183
1.216,-2,-0.20902,-5.82601
1.218,-2,-0.207207,-5.81838
1.22,-2,-0.208416,-5.84517
1.222,-2,-0.206703,-5.84923
1.224,-2,-0.207005,-5.85807
1.226,-2,-0.223425,-5.85807
1.228,-2,-0.225037,-5.86842
1.23,-2,-0.207811,-5.89041
1.232,-2,-0.208114,-5.89689
1.234,-2,-0.208214,-5.91795
1.236,-2,-0.206804,-5.9241
1.238,-2,-0.207912,-5.94918
1.24,-2,-0.206603,-5.96517
1.242,-2,-0.206905,-5.96823
1.244,-2,-0.207509,-5.98598
1.246,-2,-0.207005,-6.00874
1.248,-2,-0.207308,-6.01434
1.25,-2,-0.207106,-6.03159
1.252,-2,-0.205998,-6.04976
1.254,-2,-0.207308,-6.05473
1.256,-2,-0.206099,-6.08802
1.258,-2,-0.205998,-6.09323
1.26,-2,-0.205696,-6.09651
1.262,-2,-0.2063,-6.12712
1.264,-2,-0.204991,-6.14151
1.266,-2,-0.2062,-6.1498
1.268,-2,-0.205998,-6.17042
1.27,-2,-0.218993,-6.18744
1.272,-2,-0.223022,-6.20779
1.274,-2,-0.205293,-6.22778
1.276,-2,-0.205092,-6.23376
1.278,-2,-0.20489,-6.24968
1.28,-2,-0.205293,-6.28958
1.282,-2,-0.2062,-6.27426
1.284,-2,-0.205797,-6.29976
1.286,-2,-0.205595,-6.33318
1.288,-2,-0.205192,-6.33399
1.29,-2,-0.204789,-6.36062
1.292,-2,-0.204588,-6.37503
1.294,-2,-0.203883,-6.40907
1.296,-2,-0.204588,-6.42916
1.298,-2,-0.204789,-6.46265
1.3,-2,-0.204386,-6.45759
1.302,-2,-0.204789,-6.49366
1.304,-2,-0.204487,-6.51093
1.306,-2,-0.203782,-6.52618
1.308,-2,-0.20348,-6.5511
1.31,-2,-0.202674,-6.56015
1.312,-2,-0.20348,-6.5816
1.314,-2,-0.203077,-6.61307
1.316,-2,-0.22,-6.62319
1.318,-2,-0.220907,-6.65451
1.32,-2,-0.203077,-6.67054
1.322,-2,-0.203782,-6.68462
1.324,-2,-0.20217,-6.74288
1.326,-2,-0.20217,-6.749
1.328,-2,-0.203077,-6.7599
1.33,-2,-0.202573,-6.802
1.332,-2,-0.203077,-6.82781
1.334,-2,-0.202372,-6.80116
1.336,-2,-0.202271,-6.85951
1.338,-2,-0.201969,-6.89726
1.34,-2,-0.202976,-6.90426
1.342,-2,-0.200962,-6.93776
1.344,-2,-0.200659,-6.943
1.346,-2,-0.200962,-6.97104
1.348,-2,-0.200861,-6.98372
1.35,-2,-0.200861,-7.00803
1.352,-2,-0.200861,-7.03157
1.354,-2,-0.200559,-7.05639
1.356,-2,-0.200659,-7.07957
1.358,-2,-0.20076,-7.09857
1.36,-2,-0.209625,-7.12185
1.362,-2,-0.201264,-7.1245
1.364,-2,-0.199853,-7.15009
1.366,-2,-0.199853,-7.17256
1.368,-2,-0.201163,-7.18948
1.37,-2,-0.200458,-7.20907
1.372,-2,-0.200357,-7.22511
1.374,-2,-0.200156,-7.2325
1.376,-2,-0.199954,-7.24614
1.378,-2,-0.19935,-7.27083
1.38,-2,-0.19935,-7.28432
1.382,-2,-0.198846,-7.31719
1.384,-2,-0.199954,-7.30081
1.386,-2,-0.199753,-7.31289
1.388,-2,-0.199652,-7.33767
1.39,-2,-0.199853,-7.34407
1.392,-2,-0.199753,-7.36323
1.394,-2,-0.198645,-7.37984
1.396,-2,-0.199048,-7.37257
1.398,-2,-0.215467,-7.38576
1.4,-2,-0.199451,-7.42523
1.402,-2,-0.198342,-7.41433
1.404,-2,-0.199048,-7.41813
1.406,-2,-0.198846,-7.42579
1.408,-2,-0.199853,-7.43454
1.41,-2,-0.198242,-7.42998
1.412,-2,-0.198947,-7.45197
1.414,-2,-0.198846,-7.45688
1.416,-2,-0.198846,-7.43742
1.418,-2,-0.254048,6.48665
1.42,-2,-0.251932,3.15499
1.422,-2,-0.258883,3.71946
1.424,-2,-0.252839,3.43646
1.426,-2,-0.253947,3.53138
1.428,-2,-0.255156,3.52804
1.43,-2,-0.252537,2.38499
1.432,-2,-0.256163,2.38499
1.434,-2,-0.255962,2.38499
1.436,-2,-0.255458,2.20275
1.438,-2,-0.254753,2.20275
1.44,-2,-0.251227,2.20275
1.442,-2,-0.250522,1.88354
1.444,-2,-0.247903,2.0809
1.446,-2,-0.246996,2.0809
1.448,-2,-0.246291,2.0809
1.45,-2,-0.245989,1.78669
1.452,-2,-0.244277,1.38436
1.454,-2,-0.243471,1.12977
1.456,-2,-0.24206,0.953879
1.458,-2,-0.240549,0.799315
1.46,-2,-0.241456,0.799315
1.462,-2,-0.239139,0.799315
1.464,-2,-0.238031,0.799315
1.466,-2,-0.236923,0.799315
1.468,-2,-0.236621,0.799315
1.47,-2,-0.236722,0.799315
1.472,-2,-0.235916,0.799315
1.474,-2,-0.23511,-0.937399
1.476,-2,-0.233599,-0.937399
1.478,-2,-0.233095,-0.937399
1.48,-2,-0.23239,-0.937399
1.482,-2,-0.231786,-1.23382
1.484,-2,-0.231081,-1.23382
1.486,-2,-0.230879,-1.23382
1.488,-2,-0.230174,-1.74568
1.49,-2,-0.229066,-1.74568
1.492,-2,-0.228663,-1.74568
1.494,-2,-0.228562,-2.10334
1.496,-2,-0.228663,-2.10334
1.498,-2,-0.237225,-2.10334
1.5,-2,-0.243168,-1.61895
1.502,-2,-0.237628,-1.28134
1.504,-2,-0.242262,-1.05976
1.506,-2,-0.246896,-0.903956
1.508,-2,-0.241557,-0.787641
1.51,-2,-0.243471,-0.698347
1.512,-2,-0.243974,-0.626727
1.514,-2,-0.244579,0.568831
1.516,-2,-0.244881,0.520464
1.518,-2,-0.24478,0.479759
1.52,-2,-0.24337,0.445018
1.522,-2,-0.241154,0.414884
1.524,-2,-0.240046,0.388628
1.526,-2,-0.240247,0.365474
1.528,-2,-0.241154,0.344985
1.53,-2,-0.241557,-0.326612
1.532,-2,-0.24196,-0.31004
1.534,-2,-0.242866,-0.295175
1.536,-2,-0.242665,-0.281656
1.538,-2,-0.242363,-0.269234
1.54,-2,-0.242363,-0.257935
1.542,-2,-0.242161,-0.247516
1.544,-2,-0.242967,-0.237925
1.546,-2,-0.243571,-0.22907
1.548,-2,-0.243168,-0.220793
1.55,-2,-0.243168,-0.213147
1.552,-2,-0.242564,-0.205984
1.554,-2,-0.242262,-0.199285
1.556,-2,-0.242866,-0.193035
1.558,-2,-0.242564,-0.187143
1.56,-2,-0.242967,-0.181606
1.562,-2,-0.243168,-0.176398
1.564,-2,-0.243571,-0.171444
1.566,-2,-0.242665,-0.166787
1.568,-2,-0.243168,-0.162382
1.57,-2,-0.242967,-0.158191
1.572,-2,-0.242161,-0.154215
1.574,-2,-0.243269,-0.150435
1.576,-2,-0.24337,-0.14684
1.578,-2,-0.243068,-0.143394
1.58,-2,-0.243571,-0.140129
1.582,-2,-0.242262,-0.137003
1.584,-2,-0.243269,-0.134
1.586,-2,-0.243168,-0.131144
1.588,-2,-0.242564,-0.128394
1.59,-2,-0.243068,-0.125771
1.592,-2,-0.243773,-0.123242
1.594,-2,-0.242564,-0.120821
1.596,-2,-0.242665,-0.118477
1.598,-2,-0.242665,-0.11624
1.6,-2,-0.242564,-0.114075
1.602,-2,-0.242967,-0.111991
1.604,-2,-0.242967,-0.109988
1.606,-2,-0.242967,-0.108051
1.608,-2,-0.243168,-0.106178
1.61,-2,-0.243068,-0.104369
1.612,-2,-0.243068,-0.102627
1.614,-2,-0.242463,-0.100936
1.616,-2,-0.243571,-0.0993064
1.618,-2,-0.243068,-0.0977212
1.62,-2,-0.242161,-0.096194
1.622,-2,-0.242665,-0.0947063
1.624,-2,-0.24337,-0.0932645
1.626,-2,-0.242463,-0.0918774
1.628,-2,-0.241456,-0.090513
1.63,-2,-0.242463,-0.0891984
1.632,-2,-0.242665,-0.0879241
1.634,-2,-0.243068,-0.0866801
1.636,-2,-0.243269,-0.085476
1.638,-2,-0.243874,-0.0842992
1.64,-2,-0.242363,-0.0831548
1.642,-2,-0.242463,-0.0820422
1.644,-2,-0.242866,-0.0809622
1.646,-2,-0.242766,-0.0799056
1.648,-2,-0.243068,-0.0788815
1.65,-2,-0.243068,-0.0778802
1.652,-2,-0.244075,-0.0769056
1.654,-2,-0.245586,-0.0759489
1.656,-2,-0.24619,0.0750221
1.658,-2,-0.248306,0.0741147
1.66,-2,-0.250723,2.37789
1.662,-2,-0.25304,2.37789
1.664,-2,-0.255256,2.30201
1.666,-2,-0.256868,0.0731975
1.668,-2,-0.257271,0.0731975
1.67,-2,-0.257674,0.0731975
1.672,-2,-0.25848,2.29345
1.674,-2,-0.256264,2.29345
1.676,-2,-0.256364,2.58098
1.678,-2,-0.255659,2.58098
1.68,-2,-0.254954,2.57639
1.682,-2,-0.254451,2.33351
1.684,-2,-0.253947,2.33351
1.686,-2,-0.253745,2.33351
1.688,-2,-0.25163,1.99203
1.69,-2,-0.250723,1.99203
1.692,-2,-0.250119,1.99203
1.694,-2,-0.249716,1.93927
1.696,-2,-0.249011,1.47365
1.698,-2,-0.24891,1.55432
1.7,-2,-0.248507,1.55432
1.702,-2,-0.246392,1.55432
1.704,-2,-0.24619,1.55432
1.706,-2,-0.245284,1.39416
1.708,-2,-0.244176,1.13609
1.71,-2,-0.243672,0.95922
1.712,-2,-0.243269,0.829318
1.714,-2,-0.242967,0.730351
1.716,-2,-0.24196,0.652985
1.718,-2,-0.240449,0.589937
1.72,-2,-0.239441,0.893113
1.722,-2,-0.238233,0.893113
1.724,-2,-0.236722,0.893113
1.726,-2,-0.237125,0.893113
1.728,-2,-0.236117,0.893113
1.73,-2,-0.235311,0.893113
1.732,-2,-0.234304,-0.574301
1.734,-2,-0.233599,-0.574301
1.736,-2,-0.232692,-0.574301
1.738,-2,-0.23098,-0.574301
1.74,-2,-0.229973,-1.43784
1.742,-2,-0.229469,-1.43784
1.744,-2,-0.228764,-1.43784
1.746,-2,-0.227051,-2.02998
1.748,-2,-0.226749,-2.02998
1.75,-2,-0.225641,-2.48507
1.752,-2,-0.224634,-2.48507
1.754,-2,-0.223123,-2.86144
1.756,-2,-0.222518,-2.86144
1.758,-2,-0.22141,-3.18301
1.76,-2,-0.227051,-3.18301
1.762,-2,-0.251328,-2.2922
1.764,-2,-0.258681,1.66998
1.766,-2,-0.251429,3.47244
1.768,-2,-0.249212,3.47244
1.77,-2,-0.24891,2.25961
1.772,-2,-0.250119,1.65168
1.774,-2,-0.249716,1.30256
1.776,-2,-0.249615,1.07372
1.778,-2,-0.249112,0.972817
1.78,-2,-0.247299,0.972817
1.782,-2,-0.246694,0.972817
1.784,-2,-0.245485,0.972817
1.786,-2,-0.244075,0.972817
1.788,-2,-0.244377,0.972817
1.79,-2,-0.244982,0.947805
1.792,-2,-0.244176,0.820956
1.794,-2,-0.242766,0.724042
1.796,-2,-0.243874,0.647959
1.798,-2,-0.242866,0.585773
1.8,-2,-0.242161,0.534736
1.802,-2,-0.240751,0.491882
1.804,-2,-0.241456,0.455365
1.806,-2,-0.240247,0.424051
1.808,-2,-0.240348,0.780852
1.81,-2,-0.240449,0.780852
1.812,-2,-0.240147,0.780852
1.814,-2,-0.239341,0.780852
1.816,-2,-0.239542,0.780852
1.818,-2,-0.239038,0.780852
1.82,-2,-0.240046,0.780852
1.822,-2,-0.240147,0.780852
1.824,-2,-0.240046,-0.705528
1.826,-2,-0.240449,-0.632956
1.828,-2,-0.238938,-0.573679
1.83,-2,-0.238736,-0.524728
1.832,-2,-0.239643,-0.48332
1.834,-2,-0.239744,-0.351865
1.836,-2,-0.240247,-0.351865
1.838,-2,-0.240348,-0.351865
1.84,-2,-0.24065,-0.351865
1.842,-2,-0.240348,-0.351865
1.844,-2,-0.239643,-0.351865
1.846,-2,-0.239441,-0.351865
1.848,-2,-0.241557,-0.351865
1.85,-2,-0.241255,-0.351865
1.852,-2,-0.242262,-0.351865
1.854,-2,-0.242161,-0.351865
1.856,-2,-0.241758,-0.351865
1.858,-2,-0.24206,-0.351865
1.86,-2,-0.241758,-0.351865
1.862,-2,-0.241758,-0.351865
1.864,-2,-0.242161,-0.351865
1.866,-2,-0.242463,-0.351865
1.868,-2,-0.243874,-0.346555
1.87,-2,-0.244075,-0.328051
1.872,-2,-0.243269,-0.311366
1.874,-2,-0.242866,-0.29636
1.876,-2,-0.243571,0.282711
1.878,-2,-0.244277,0.270237
1.88,-2,-0.24478,0.258877
1.882,-2,-0.245183,0.24835
1.884,-2,-0.244679,0.238695
1.886,-2,-0.244176,0.22978
1.888,-2,-0.244277,0.475096
1.89,-2,-0.244075,0.475096
1.892,-2,-0.244982,0.475096
1.894,-2,-0.244982,0.475096
1.896,-2,-0.244881,0.475096
1.898,-2,-0.245385,0.475096
1.9,-2,-0.24478,0.475096
1.902,-2,-0.245082,0.475096
1.904,-2,-0.244982,0.475096
1.906,-2,-0.245183,0.475096
1.908,-2,-0.245385,0.475096
1.91,-2,-0.245586,0.475096
1.912,-2,-0.245788,0.475096
1.914,-2,-0.245888,0.446972
1.916,-2,-0.244982,0.416632
1.918,-2,-0.245888,0.217008
1.92,-2,-0.245788,0.217008
1.922,-2,-0.245989,0.217008
1.924,-2,-0.245687,0.217008
1.926,-2,-0.24609,0.217008
1.928,-2,-0.246896,0.217008
1.93,-2,-0.246795,0.217008
1.932,-2,-0.245788,0.217008
1.934,-2,-0.245485,0.217008
1.936,-2,-0.24609,0.217008
1.938,-2,-0.24619,0.217008
1.94,-2,-0.246392,0.507633
1.942,-2,-0.246896,0.507633
1.944,-2,-0.246694,0.507633
1.946,-2,-0.246996,0.507633
1.948,-2,-0.245385,0.507633
1.95,-2,-0.24619,0.507633
1.952,-2,-0.246392,0.507633
1.954,-2,-0.246593,0.507633
1.956,-2,-0.246896,0.507633
1.958,-2,-0.247802,0.612851
1.96,-2,-0.247299,0.612851
1.962,-2,-0.247097,0.612851
1.964,-2,-0.246593,0.612851
1.966,-2,-0.246996,0.612851
1.968,-2,-0.246392,0.612851
1.97,-2,-0.247601,0.612851
1.972,-2,-0.2475,0.612851
1.974,-2,-0.247601,0.696288
1.976,-2,-0.247198,0.696288
1.978,-2,-0.247601,0.696288
1.98,-2,-0.247802,0.696288
1.982,-2,-0.247701,0.696288
1.984,-2,-0.247701,0.696288
1.986,-2,-0.248205,0.696288
1.988,-2,-0.249011,0.696288
1.99,-2,-0.248205,0.777606
1.992,-2,-0.248205,0.777606
1.994,-2,-0.247198,0.777606
1.996,-2,-0.2475,0.777606
1.998,-2,-0.248608,0.777606
2,-1.9,-0.248709,0.777606
2.002,-1.9,-0.234203,0.777606
2.004,-1.9,-0.2337,0.856453
2.006,-1.9,-0.234203,0.856453
2.008,-1.9,-0.234002,0.856453
2.01,-1.9,-0.234405,0.856453
2.012,-1.9,-0.234002,0.856453
2.014,-1.9,-0.234405,0.856453
2.016,-1.9,-0.234606,0.922648
2.018,-1.9,-0.234405,0.922648
2.02,-1.9,-0.234103,0.922648
2.022,-1.9,-0.233901,0.922648
2.024,-1.9,-0.234505,0.922648
2.026,-1.9,-0.234405,0.922648
2.028,-1.9,-0.233498,0.983756
2.03,-1.9,-0.233901,0.983756
2.032,-1.9,-0.234405,0.983756
2.034,-1.9,-0.234203,0.983756
2.036,-1.9,-0.234304,0.983756
2.038,-1.9,-0.233901,0.983756
2.04,-1.9,-0.241557,0.983756
2.042,-1.9,-0.252839,0.982917
2.044,-1.9,-0.252537,0.982917
2.046,-1.9,-0.25294,0.982917
2.048,-1.9,-0.252436,0.982917
2.05,-1.9,-0.252537,0.982917
2.052,-1.9,-0.252335,0.982917
2.054,-1.9,-0.251026,0.914211
2.056,-1.9,-0.250824,0.796096
2.058,-1.9,-0.249918,0.704633
2.06,-1.9,-0.249918,0.846117
2.062,-1.9,-0.249615,0.846117
2.064,-1.9,-0.249414,0.846117
2.066,-1.9,-0.249515,0.846117
2.068,-1.9,-0.248407,0.846117
2.07,-1.9,-0.247097,0.846117
2.072,-1.9,-0.24619,0.846117
2.074,-1.9,-0.24609,0.846117
2.076,-1.9,-0.244881,-0.763448
2.078,-1.9,-0.245485,-0.678793
2.08,-1.9,-0.244277,-0.611285
2.082,-1.9,-0.243269,-0.556072
2.084,-1.9,-0.242262,-0.509632
2.086,-1.9,-0.222821,-0.457569
2.088,-1.9,-0.223223,-0.457569
2.09,-1.9,-0.221511,-0.457569
2.092,-1.9,-0.220806,-0.457569
2.094,-1.9,-0.220806,-0.457569
2.096,-1.9,-0.220201,-0.782531
2.098,-1.9,-0.220504,-0.782531
2.1,-1.9,-0.219295,-0.782531
2.102,-1.9,-0.218892,-0.782531
2.104,-1.9,-0.217482,-1.38948
2.106,-1.9,-0.216777,-1.38948
2.108,-1.9,-0.217381,-1.38948
2.11,-1.9,-0.216474,-1.77483
2.112,-1.9,-0.215769,-1.77483
2.114,-1.9,-0.215064,-1.77483
2.116,-1.9,-0.21446,-2.08878
2.118,-1.9,-0.214258,-2.08878
2.12,-1.9,-0.214158,-2.08878
2.122,-1.9,-0.212949,-2.35273
2.124,-1.9,-0.212042,-2.35273
2.126,-1.9,-0.210934,-2.5814
2.128,-1.9,-0.211337,-2.5814
2.13,-1.9,-0.211035,-2.79808
2.132,-1.9,-0.21043,-2.79808
2.134,-1.9,-0.210531,-2.98848
2.136,-1.9,-0.209423,-2.98848
2.138,-1.9,-0.207912,-3.15397
2.14,-1.9,-0.20761,-3.15397
2.142,-1.9,-0.238938,-2.45568
2.144,-1.9,-0.243068,1.75418
2.146,-1.9,-0.23783,3.31821
2.148,-1.9,-0.235211,3.31821
2.15,-1.9,-0.233397,2.86538
2.152,-1.9,-0.233297,1.9525
2.154,-1.9,-0.233397,1.4823
2.156,-1.9,-0.231987,1.19366
2.158,-1.9,-0.232088,0.998939
2.16,-1.9,-0.232592,0.859093
2.162,-1.9,-0.22957,0.753618
2.164,-1.9,-0.227454,0.671108
2.166,-1.9,-0.226548,0.604966
2.168,-1.9,-0.226346,0.550764
2.17,-1.9,-0.22685,-0.505399
2.172,-1.9,-0.226951,-0.466926
2.174,-1.9,-0.226951,-0.433878
2.176,-1.9,-0.225641,-0.73315
2.178,-1.9,-0.223526,-0.73315
2.18,-1.9,-0.222317,-0.73315
2.182,-1.9,-0.221511,-0.73315
2.184,-1.9,-0.22131,-0.73315
2.186,-1.9,-0.223526,-0.73315
2.188,-1.9,-0.227857,-0.73315
2.19,-1.9,-0.231685,-0.73315
2.192,-1.9,-0.227656,-0.73315
2.194,-1.9,-0.228562,-0.656429
2.196,-1.9,-0.228562,-0.592798
2.198,-1.9,-0.229469,-0.54061
2.2,-1.9,-0.229267,-0.496829
2.202,-1.9,-0.227958,-0.459614
2.204,-1.9,-0.229771,-0.427584
2.206,-1.9,-0.22826,-0.39966
2.208,-1.9,-0.227756,-0.375272
2.21,-1.9,-0.228965,-0.353615
2.212,-1.9,-0.227857,-0.334322
2.214,-1.9,-0.229066,-0.317099
2.216,-1.9,-0.228663,-0.301527
2.218,-1.9,-0.228663,-0.287354
2.22,-1.9,-0.22826,-0.274536
2.222,-1.9,-0.228864,-0.262766
2.224,-1.9,-0.228663,-0.251955
2.226,-1.9,-0.228764,-0.242024
2.228,-1.9,-0.22826,-0.232844
2.23,-1.9,-0.228764,-0.224321
2.232,-1.9,-0.228965,-0.216414
2.234,-1.9,-0.228562,-0.209063
2.236,-1.9,-0.228361,-0.20216
2.238,-1.9,-0.228764,-0.195703
2.24,-1.9,-0.228864,-0.18967
2.242,-1.9,-0.229066,-0.183999
2.244,-1.9,-0.229267,-0.17861
2.246,-1.9,-0.227756,-0.173572
2.248,-1.9,-0.22826,-0.168799
2.25,-1.9,-0.227857,-0.164272
2.252,-1.9,-0.228361,-0.16001
2.254,-1.9,-0.228864,-0.155925
2.256,-1.9,-0.228764,-0.152066
2.258,-1.9,-0.228764,-0.1484
2.26,-1.9,-0.228864,-0.144878
2.262,-1.9,-0.22826,-0.141542
2.264,-1.9,-0.228764,-0.13835
2.266,-1.9,-0.228864,-0.135303
2.268,-1.9,-0.228361,-0.13239
2.27,-1.9,-0.228864,-0.129578
2.272,-1.9,-0.228764,-0.126906
2.274,-1.9,-0.228361,-0.124334
2.276,-1.9,-0.229066,-0.121861
2.278,-1.9,-0.229267,-0.119485
2.28,-1.9,-0.229066,-0.117209
2.282,-1.9,-0.228965,-0.115009
2.284,-1.9,-0.22826,-0.112898
2.286,-1.9,-0.227857,-0.11085
2.288,-1.9,-0.228663,-0.108884
2.29,-1.9,-0.228059,-0.106985
2.292,-1.9,-0.228462,-0.105156
2.294,-1.9,-0.229469,-0.103386
2.296,-1.9,-0.229771,-0.101669
2.298,-1.9,-0.229167,-0.100009
2.3,-1.9,-0.229267,-0.098405
2.302,-1.9,-0.227958,-0.0968525
2.304,-1.9,-0.228663,-0.0953522
2.306,-1.9,-0.228864,-0.0938926
2.308,-1.9,-0.229267,-0.0924741
2.31,-1.9,-0.229368,-0.0911038
2.312,-1.9,-0.228965,-0.0897691
2.314,-1.9,-0.228462,-0.0884728
2.316,-1.9,-0.229066,-0.0872157
2.318,-1.9,-0.228361,-0.0859949
2.32,-1.9,-0.229066,-0.084809
2.322,-1.9,-0.228965,-0.0836529
2.324,-1.9,-0.228764,-0.0825256
2.326,-1.9,-0.228663,-0.0814328
2.328,-1.9,-0.228361,-0.0803649
2.33,-1.9,-0.229771,-0.0793242
2.332,-1.9,-0.229066,-0.078312
2.334,-1.9,-0.228965,-0.0773255
2.336,-1.9,-0.22826,-0.0763619
2.338,-1.9,-0.227857,-0.0754237
2.34,-1.9,-0.227656,-0.074508
2.342,-1.9,-0.229469,-0.0736166
2.344,-1.9,-0.228864,-0.0727443
2.346,-1.9,-0.228562,-0.0718904
2.348,-1.9,-0.228764,-0.0710564
2.35,-1.9,-0.228663,-0.0702437
2.352,-1.9,-0.228059,-0.0694475
2.354,-1.9,-0.227857,-0.0686699
2.356,-1.9,-0.22826,-0.0679119
2.358,-1.9,-0.228361,-0.0671694
2.36,-1.9,-0.228965,-0.0664411
2.362,-1.9,-0.228965,-0.0657277
2.364,-1.9,-0.229267,-0.0650312
2.366,-1.9,-0.22967,-0.0643508
2.368,-1.9,-0.229167,-0.063684
2.37,-1.9,-0.228864,-0.0630296
2.372,-1.9,-0.229066,-0.0623868
2.374,-1.9,-0.228864,-0.0617603
2.376,-1.9,-0.228562,-0.0611441
2.378,-1.9,-0.22967,-0.0605421
2.38,-1.9,-0.229469,-0.0599518
2.382,-1.9,-0.229469,-0.0593684
2.384,-1.9,-0.229267,-0.0588005
2.386,-1.9,-0.22826,-0.058242
2.388,-1.9,-0.228663,-0.0576951
2.39,-1.9,-0.228361,-0.0571588
2.392,-1.9,-0.228965,-0.0566309
2.394,-1.9,-0.228864,-0.0561112
2.396,-1.9,-0.228864,-0.0556036
2.398,-1.9,-0.22957,-0.055103
2.4,-1.9,-0.229771,-0.0546141
2.402,-1.9,-0.229066,-0.0541322
2.404,-1.9,-0.228764,-0.0536578
2.406,-1.9,-0.228864,-0.053195
2.408,-1.9,-0.228361,-0.0527359
2.41,-1.9,-0.228864,-0.0522866
2.412,-1.9,-0.229469,-0.0518443
2.414,-1.9,-0.228965,-0.0514112
2.416,-1.9,-0.22826,-0.0509826
2.418,-1.9,-0.228764,-0.0505638
2.42,-1.9,-0.22826,-0.0501491
2.422,-1.9,-0.228764,-0.0497428
2.424,-1.9,-0.228864,-0.049344
2.426,-1.9,-0.228764,-0.0489498
2.428,-1.9,-0.228562,-0.0485625
2.43,-1.9,-0.228764,-0.0481809
2.432,-1.9,-0.228462,-0.0478065
2.434,-1.9,-0.228764,-0.0474359
2.436,-1.9,-0.229066,-0.0470713
2.438,-1.9,-0.228864,-0.046714
2.44,-1.9,-0.228965,-0.0463609
2.442,-1.9,-0.228562,-0.0460128
2.444,-1.9,-0.228059,-0.0456712
2.446,-1.9,-0.22826,-0.045333
2.448,-1.9,-0.229066,-0.0450016
2.45,-1.9,-0.229167,-0.0446725
2.452,-1.9,-0.228864,-0.04435
2.454,-1.9,-0.229469,-0.0440328
2.456,-1.9,-0.22826,-0.0437176
2.458,-1.9,-0.228864,-0.0434093
2.46,-1.9,-0.228462,-0.0431041
2.462,-1.9,-0.228462,-0.0428028
2.464,-1.9,-0.228864,-0.0425073
2.466,-1.9,-0.228462,-0.0422144
2.468,-1.9,-0.229267,-0.0419254
2.47,-1.9,-0.228864,-0.0416424
2.472,-1.9,-0.228965,-0.041361
2.474,-1.9,-0.228462,-0.0410836
2.476,-1.9,-0.229167,-0.0408109
2.478,-1.9,-0.229167,-0.0405406
2.48,-1.9,-0.228562,0.0402748
2.482,-1.9,-0.227756,0.040012
2.484,-1.9,-0.229066,0.0397535
2.486,-1.9,-0.22957,0.039497
2.488,-1.9,-0.22957,0.0392449
2.49,-1.9,-0.229267,0.0389949
2.492,-1.9,-0.228965,0.0387486
2.494,-1.9,-0.228864,0.0385059
2.496,-1.9,-0.229167,0.0382665
2.498,-1.9,-0.228462,0.0380286
2.5,-1.9,-0.229368,0.0377945
2.502,-1.9,-0.22957,0.0375622
2.504,-1.9,-0.228764,0.0373337
2.506,-1.9,-0.22967,0.037108
2.508,-1.9,-0.228965,0.0368855
2.51,-1.9,-0.229167,0.0366646
2.512,-1.9,-0.227454,0.456103
2.514,-1.9,-0.229066,0.456103
2.516,-1.9,-0.228764,0.456103
2.518,-1.9,-0.229066,0.456103
2.52,-1.9,-0.229267,0.456103
2.522,-1.9,-0.229469,0.456103
2.524,-1.9,-0.229267,0.456103
2.526,-1.9,-0.228965,0.456103
2.528,-1.9,-0.228965,0.456103
2.53,-1.9,-0.229066,0.456103
2.532,-1.9,-0.228764,0.456103
2.534,-1.9,-0.229469,0.456103
2.536,-1.9,-0.229872,0.456103
2.538,-1.9,-0.229368,0.456103
2.54,-1.9,-0.228663,0.431098
2.542,-1.9,-0.229368,0.402836
2.544,-1.9,-0.227756,0.377921
2.546,-1.9,-0.228159,0.356058
2.548,-1.9,-0.22826,0.33649
2.55,-1.9,-0.228864,0.319052
2.552,-1.9,-0.228562,0.30325
2.554,-1.9,-0.22826,0.288952
2.556,-1.9,-0.228462,0.275951
2.558,-1.9,-0.228059,0.264096
2.56,-1.9,-0.228864,0.253223
2.562,-1.9,-0.227756,0.24315
2.564,-1.9,-0.229066,0.233905
2.566,-1.9,-0.227253,0.225308
2.568,-1.9,-0.227152,0.217317
2.57,-1.9,-0.227958,0.209902
2.572,-1.9,-0.228361,0.202952
2.574,-1.9,-0.227253,0.196443
2.576,-1.9,-0.227555,0.190369
2.578,-1.9,-0.22685,0.184638
2.58,-1.9,-0.226951,0.179227
2.582,-1.9,-0.226548,-0.174154
2.584,-1.9,-0.226951,-0.169339
2.586,-1.9,-0.226346,-0.164798
2.588,-1.9,-0.225842,-0.160487
2.59,-1.9,-0.226749,-0.156398
2.592,-1.9,-0.225943,-0.152506
2.594,-1.9,-0.230275,-0.148799
2.596,-1.9,-0.230476,-0.145284
2.598,-1.9,-0.229973,-0.141919
2.6,-1.9,-0.22957,-0.138719
2.602,-1.9,-0.229167,-0.135658
2.604,-1.9,-0.228764,-0.132711
2.606,-1.9,-0.229066,-0.129903
2.608,-1.9,-0.22826,-0.127216
2.61,-1.9,-0.228764,-0.124625
2.612,-1.9,-0.228462,-0.122142
2.614,-1.9,-0.228562,-0.119759
2.616,-1.9,-0.228663,-0.117471
2.618,-1.9,-0.227756,-0.115261
2.62,-1.9,-0.22826,-0.113134
2.622,-1.9,-0.229368,-0.111091
2.624,-1.9,-0.22826,-0.10912
2.626,-1.9,-0.228663,-0.107205
2.628,-1.9,-0.229771,-0.10537
2.63,-1.9,-0.229167,-0.103589
2.632,-1.9,-0.228462,-0.101865
2.634,-1.9,-0.228361,-0.100207
2.636,-1.9,-0.228764,-0.0985945
2.638,-1.9,-0.227857,-0.097032
2.64,-1.9,-0.228663,-0.0955215
2.642,-1.9,-0.229267,-0.0940611
2.644,-1.9,-0.228462,-0.0926392
2.646,-1.9,-0.229167,-0.0912646
2.648,-1.9,-0.229872,-0.0899246
2.65,-1.9,-0.229267,-0.0886294
2.652,-1.9,-0.228562,-0.0873661
2.654,-1.9,-0.22826,-0.0861376
2.656,-1.9,-0.228764,-0.084944
2.658,-1.9,-0.228965,-0.0837845
2.66,-1.9,-0.228764,-0.0826544
2.662,-1.9,-0.229066,-0.0815581
2.664,-1.9,-0.228562,-0.0804857
2.666,-1.9,-0.228663,-0.0794472
2.668,-1.9,-0.228864,-0.0784292
2.67,-1.9,-0.22826,-0.0774409
2.672,-1.9,-0.229267,-0.0764745
2.674,-1.9,-0.228965,-0.0755352
2.676,-1.9,-0.228462,-0.0746144
2.678,-1.9,-0.230073,-0.0737188
2.68,-1.9,-0.228864,-0.072845
2.682,-1.9,-0.228159,-0.0719884
2.684,-1.9,-0.228562,-0.0711558
2.686,-1.9,-0.228361,-0.0703382
2.688,-1.9,-0.227857,-0.0695399
2.69,-1.9,-0.228059,-0.0687616
2.692,-1.9,-0.228864,-0.0680003
2.694,-1.9,-0.228965,-0.0672555
2.696,-1.9,-0.228663,-0.0665271
2.698,-1.9,-0.228562,-0.0658111
2.7,-1.9,-0.228764,-0.065115
2.702,-1.9,-0.228059,-0.0644285
2.704,-1.9,-0.228965,-0.0637594
2.706,-1.9,-0.229066,-0.0631036
2.708,-1.9,-0.228965,-0.0624623
2.71,-1.9,-0.228562,-0.0618328
2.712,-1.9,-0.228965,-0.0612151
2.714,-1.9,-0.228462,-0.0606127
2.716,-1.9,-0.229066,-0.0600174
2.718,-1.9,-0.22957,-0.0594378
2.72,-1.9,-0.228159,-0.0588672
2.722,-1.9,-0.228361,-0.0583068
2.724,-1.9,-0.22967,-0.0577593
2.726,-1.9,-0.22826,-0.0572208
2.728,-1.9,-0.229267,-0.0566905
2.73,-1.9,-0.22826,-0.0561743
2.732,-1.9,-0.228562,-0.0556619
2.734,-1.9,-0.228864,-0.0551631
2.736,-1.9,-0.227958,-0.0546714
2.738,-1.9,-0.228965,-0.0541878
2.74,-1.9,-0.22826,-0.0537129
2.742,-1.9,-0.227353,-0.0532472
2.744,-1.9,-0.228462,-0.0527885
2.746,-1.9,-0.22957,-0.0523385
2.748,-1.9,-0.229167,-0.0518971
2.75,-1.9,-0.228864,-0.0514604
2.752,-1.9,-0.22957,-0.0510333
2.754,-1.9,-0.228159,-0.0506118
2.756,-1.9,-0.228059,-0.0501991
2.758,-1.9,-0.228462,-0.0497913
2.76,-1.9,-0.228361,-0.04939
2.762,-1.9,-0.228965,-0.0489971
2.764,-1.9,-0.229368,-0.0486081
2.766,-1.9,-0.229066,-0.0482252
2.768,-1.9,-0.229066,-0.04785
2.77,-1.9,-0.229066,-0.0474796
2.772,-1.9,-0.228864,-0.0471162
2.774,-1.9,-0.22826,-0.0467551
2.776,-1.9,-0.228965,-0.0464024
2.778,-1.9,-0.228864,-0.0460552
2.78,-1.9,-0.228764,-0.0457107
2.782,-1.9,-0.228965,-0.0453722
2.784,-1.9,-0.229368,-0.0450403
2.786,-1.9,-0.228663,-0.0447115
2.788,-1.9,-0.227454,-0.044389
2.79,-1.9,-0.228864,-0.0440692
2.792,-1.9,-0.228663,-0.0437554
2.794,-1.9,-0.229066,-0.0434445
2.796,-1.9,-0.229167,-0.0431394
2.798,-1.9,-0.229267,-0.0428392
2.8,-1.9,-0.22967,-0.042541
2.802,-1.9,-0.229771,-0.0422487
2.804,-1.9,-0.229368,-0.0419603
2.806,-1.9,-0.228059,-0.0416752
2.808,-1.9,-0.228361,-0.0413937
2.81,-1.9,-0.22826,-0.0411159
2.812,-1.9,-0.227958,-0.0408429
2.814,-1.9,-0.227857,-0.0405721
2.816,-1.9,-0.228059,-0.0403055
2.818,-1.9,-0.228663,-0.0400433
2.82,-1.9,-0.22967,-0.0397833
2.822,-1.9,-0.228864,-0.0395265
2.824,-1.9,-0.22957,-0.0392743
2.826,-1.9,-0.228462,-0.0390236
2.828,-1.9,-0.228462,-0.0387775
2.83,-1.9,-0.229469,-0.0385337
2.832,-1.9,-0.22957,-0.0382937
2.834,-1.9,-0.228663,-0.038056
2.836,-1.9,-0.228462,-0.0378219
2.838,-1.9,-0.228764,-0.0375899
2.84,-1.9,-0.228562,-0.0373605
2.842,-1.9,-0.229167,-0.0371352
2.844,-1.9,-0.229267,-0.0369113
2.846,-1.9,-0.228764,-0.0366914
2.848,-1.9,-0.228562,-0.0364722
2.85,-1.9,-0.228965,-0.036257
2.852,-1.9,-0.228663,-0.0360446
2.854,-1.9,-0.229267,-0.0358332
2.856,-1.9,-0.229771,-0.0356256
2.858,-1.9,-0.229066,-0.0354197
2.86,-1.9,-0.228562,-0.035217
2.862,-1.9,-0.228764,-0.0350155
2.864,-1.9,-0.229066,-0.0348166
2.866,-1.9,-0.229167,-0.0346207
2.868,-1.9,-0.229066,-0.0344269
2.87,-1.9,-0.228663,-0.034234
2.872,-1.9,-0.228462,-0.0340442
2.874,-1.9,-0.228663,-0.033856
2.876,-1.9,-0.227958,-0.0336708
2.878,-1.9,-0.227958,-0.0334874
2.88,-1.9,-0.227958,-0.0333048
2.882,-1.9,-0.228864,-0.0331256
2.884,-1.9,-0.22957,-0.0329473
2.886,-1.9,-0.228965,-0.0327718
2.888,-1.9,-0.228663,-0.0325975
2.89,-1.9,-0.229066,-0.0324252
2.892,-1.9,-0.229066,-0.0322548
2.894,-1.9,-0.229469,-0.0320864
2.896,-1.9,-0.228764,-0.0319188
2.898,-1.9,-0.228663,-0.0317537
2.9,-1.9,-0.228965,-0.0315903
2.902,-1.9,-0.228965,-0.0314282
2.904,-1.9,-0.228159,-0.0312685
2.906,-1.9,-0.229167,-0.0311097
2.908,-1.9,-0.228764,-0.0309532
2.91,-1.9,-0.228965,-0.0307977
2.912,-1.9,-0.228159,-0.0306436
2.914,-1.9,-0.227756,-0.0304917
2.916,-1.9,-0.228059,-0.0303407
2.918,-1.9,-0.229167,-0.0301912
2.92,-1.9,-0.229368,-0.0300438
2.922,-1.9,-0.228361,-0.0298971
2.924,-1.9,-0.229167,-0.0297525
2.926,-1.9,-0.228864,-0.0296088
2.928,-1.9,-0.227857,-0.0294664
2.93,-1.9,-0.228562,-0.0293258
2.932,-1.9,-0.228562,-0.0291868
2.934,-1.9,-0.228059,-0.029048
2.936,-1.9,-0.229973,-0.028911
2.938,-1.9,-0.229267,-0.0287757
2.94,-1.9,-0.228663,-0.0286412
2.942,-1.9,-0.228159,-0.0285085
2.944,-1.9,-0.228965,-0.0283766
2.946,-1.9,-0.227756,-0.0282457
2.948,-1.9,-0.22826,-0.0281165
2.95,-1.9,-0.227857,-0.0279881
2.952,-1.9,-0.228462,-0.0278613
2.954,-1.9,-0.228764,-0.027735
2.956,-1.9,-0.229267,-0.02761
2.958,-1.9,-0.228864,-0.0274863
2.96,-1.9,-0.228663,-0.0273638
2.962,-1.9,-0.228361,-0.0272426
2.964,-1.9,-0.228462,-0.0271221
2.966,-1.9,-0.229368,-0.0270024
2.968,-1.9,-0.22826,-0.0268845
2.97,-1.9,-0.228462,-0.0267669
2.972,-1.9,-0.228159,-0.0266509
2.974,-1.9,-0.228965,-0.0265355
2.976,-1.9,-0.229167,-0.0264214
2.978,-1.9,-0.228562,-0.026308
2.98,-1.9,-0.228965,-0.0261956
2.982,-1.9,-0.228159,-0.0260844
2.984,-1.9,-0.227857,-0.0259738
2.986,-1.9,-0.227656,-0.0258646
2.988,-1.9,-0.228462,-0.0257558
2.99,-1.9,-0.228562,-0.025648
2.992,-1.9,-0.228663,-0.0255415
2.994,-1.9,-0.228965,-0.0254356
2.996,-1.9,-0.228462,-0.0253307
2.998,-1.9,-0.22826,-0.0252266
3,-1.8,-0.228562,-0.0251232
3.002,-1.8,-0.214158,-0.0250208
3.004,-1.8,-0.214963,-0.0249191
3.006,-1.8,-0.215366,-0.0248181
3.008,-1.8,-0.215568,-0.0247183
3.01,-1.8,-0.215568,-0.0246193
3.012,-1.8,-0.214863,-0.0245207
3.014,-1.8,-0.215064,-0.0244229
3.016,-1.8,-0.21456,-0.0243264
3.018,-1.8,-0.214762,-0.0242302
3.02,-1.8,-0.215266,-0.0241348
3.022,-1.8,-0.214963,-0.0240408
3.024,-1.8,-0.215064,-0.0239466
3.026,-1.8,-0.216071,-0.0238533
3.028,-1.8,-0.21446,-0.0237611
3.03,-1.8,-0.214963,-0.0236695
3.032,-1.8,-0.215266,-0.0235787
3.034,-1.8,-0.215064,-0.023488
3.036,-1.8,-0.216374,-0.0233988
3.038,-1.8,-0.215366,-0.0233096
3.04,-1.8,-0.215769,-0.0232217
3.042,-1.8,-0.215366,-0.023134
3.044,-1.8,-0.214057,-0.023047
3.046,-1.8,-0.214963,0.0229609
3.048,-1.8,-0.215366,0.0228755
3.05,-1.8,-0.214963,0.0227901
3.052,-1.8,-0.215568,0.022706
3.054,-1.8,-0.21587,0.0226223
3.056,-1.8,-0.215769,0.0225392
3.058,-1.8,-0.216474,0.0224568
3.06,-1.8,-0.216374,0.0223748
3.062,-1.8,-0.215467,0.0222934
3.064,-1.8,-0.215266,0.0222131
3.066,-1.8,-0.214661,0.0221327
3.068,-1.8,-0.215971,0.0220532
3.07,-1.8,-0.215769,0.0219744
3.072,-1.8,-0.21587,0.0218958
3.074,-1.8,-0.21587,0.0307656
3.076,-1.8,-0.215769,0.0307656
3.078,-1.8,-0.215568,0.0307656
3.08,-1.8,-0.215064,0.0307656
3.082,-1.8,-0.215971,0.0307656
3.084,-1.8,-0.215467,0.0307656
3.086,-1.8,-0.215769,0.0307656
3.088,-1.8,-0.215266,0.0307656
3.09,-1.8,-0.215165,0.0307656
3.092,-1.8,-0.215769,0.0307656
3.094,-1.8,-0.215668,0.0307656
3.096,-1.8,-0.216374,0.0307656
3.098,-1.8,-0.216777,0.0307656
3.1,-1.8,-0.216071,0.0307656
3.102,-1.8,-0.216575,0.0307656
3.104,-1.8,-0.214963,0.0307656
3.106,-1.8,-0.215266,0.0307656
3.108,-1.8,-0.215064,0.0307656
3.11,-1.8,-0.215769,0.0307656
3.112,-1.8,-0.216575,0.0307656
3.114,-1.8,-0.215568,0.0307656
3.116,-1.8,-0.215971,0.0307656
3.118,-1.8,-0.216273,0.0307656
3.12,-1.8,-0.216474,0.0307656
3.122,-1.8,-0.215668,0.0307656
3.124,-1.8,-0.215266,0.0307656
3.126,-1.8,-0.216172,0.0307656
3.128,-1.8,-0.21587,0.0307656
3.13,-1.8,-0.215568,0.0307656
3.132,-1.8,-0.215266,0.0307656
3.134,-1.8,-0.215668,0.0307656
3.136,-1.8,-0.215266,0.0307656
3.138,-1.8,-0.21587,0.0307656
3.14,-1.8,-0.21456,0.0307656
3.142,-1.8,-0.215165,0.0307656
3.144,-1.8,-0.215064,0.0307656
3.146,-1.8,-0.213956,0.0307656
3.148,-1.8,-0.214258,0.0307656
3.15,-1.8,-0.21446,0.0307656
3.152,-1.8,-0.214661,0.0307656
3.154,-1.8,-0.21456,0.0307656
3.156,-1.8,-0.214258,0.0307656
3.158,-1.8,-0.214863,0.0307656
3.16,-1.8,-0.214057,0.022829
3.162,-1.8,-0.212949,0.022829
3.164,-1.8,-0.213251,0.022829
3.166,-1.8,-0.213452,0.022829
3.168,-1.8,-0.212344,0.022829
3.17,-1.8,-0.212848,0.022829
3.172,-1.8,-0.212143,0.022829
3.174,-1.8,-0.211941,0.022829
3.176,-1.8,-0.211438,0.022829
3.178,-1.8,-0.211941,0.022829
3.18,-1.8,-0.21174,0.022829
3.182,-1.8,-0.211236,0.022829
3.184,-1.8,-0.211337,0.022829
3.186,-1.8,-0.216978,0.022829
3.188,-1.8,-0.21728,0.022829
3.19,-1.8,-0.217784,0.022829
3.192,-1.8,-0.215971,0.022829
3.194,-1.8,-0.215769,0.022829
3.196,-1.8,-0.21456,0.022829
3.198,-1.8,-0.21456,0.022829
3.2,-1.8,-0.21456,0.022829
3.202,-1.8,-0.215668,0.022829
3.204,-1.8,-0.214963,0.022829
3.206,-1.8,-0.214762,0.022829
3.208,-1.8,-0.214661,0.022829
3.21,-1.8,-0.216172,0.022829
3.212,-1.8,-0.213352,0.022829
3.214,-1.8,-0.214258,0.022829
3.216,-1.8,-0.216172,0.022829
3.218,-1.8,-0.215366,0.022829
3.22,-1.8,-0.214762,0.022829
3.222,-1.8,-0.215769,0.022829
3.224,-1.8,-0.21587,0.022829
3.226,-1.8,-0.21456,0.022829
3.228,-1.8,-0.214863,0.022829
3.23,-1.8,-0.213855,0.022829
3.232,-1.8,-0.214963,0.022829
3.234,-1.8,-0.214661,0.022829
3.236,-1.8,-0.215769,0.022829
3.238,-1.8,-0.21456,0.022829
3.24,-1.8,-0.214762,0.022829
3.242,-1.8,-0.214963,0.022829
3.244,-1.8,-0.215165,0.022829
3.246,-1.8,-0.214661,0.022829
3.248,-1.8,-0.215064,0.022829
3.25,-1.8,-0.215366,0.022829
3.252,-1.8,-0.214359,0.022829
3.254,-1.8,-0.214963,0.022829
3.256,-1.8,-0.21456,0.022829
3.258,-1.8,-0.215064,0.022829
3.26,-1.8,-0.214258,0.022829
3.262,-1.8,-0.21456,0.022829
3.264,-1.8,-0.21446,0.022829
3.266,-1.8,-0.214963,0.022829
3.268,-1.8,-0.214863,0.022829
3.27,-1.8,-0.214661,0.022829
3.272,-1.8,-0.214158,0.022829
3.274,-1.8,-0.214762,0.022829
3.276,-1.8,-0.215668,0.022829
3.278,-1.8,-0.215165,0.022829
3.28,-1.8,-0.214963,0.022829
3.282,-1.8,-0.216273,0.022829
3.284,-1.8,-0.21446,0.022829
3.286,-1.8,-0.215366,0.022829
3.288,-1.8,-0.215165,0.022829
3.29,-1.8,-0.214863,0.022829
3.292,-1.8,-0.215568,0.022829
3.294,-1.8,-0.215467,0.022829
3.296,-1.8,-0.215266,0.022829
3.298,-1.8,-0.214863,0.022829
3.3,-1.8,-0.214863,0.022829
3.302,-1.8,-0.214863,0.022829
3.304,-1.8,-0.215971,0.022829
3.306,-1.8,-0.214963,0.022829
3.308,-1.8,-0.214661,0.022829
3.31,-1.8,-0.214963,0.022829
3.312,-1.8,-0.214963,0.022829
3.314,-1.8,-0.21456,0.022829
3.316,-1.8,-0.21456,0.022829
3.318,-1.8,-0.214762,0.022829
3.32,-1.8,-0.215568,0.022829
3.322,-1.8,-0.21587,0.022829
3.324,-1.8,-0.214863,0.022829
3.326,-1.8,-0.215467,0.022829
3.328,-1.8,-0.215064,0.022829
3.33,-1.8,-0.21446,0.022829
3.332,-1.8,-0.214661,0.022829
3.334,-1.8,-0.21456,0.022829
3.336,-1.8,-0.21456,0.022829
3.338,-1.8,-0.214863,0.022829
3.34,-1.8,-0.21456,0.022829
3.342,-1.8,-0.214762,0.022829
3.344,-1.8,-0.215366,0.022829
3.346,-1.8,-0.214762,0.022829
3.348,-1.8,-0.215467,0.022829
3.35,-1.8,-0.215467,0.022829
3.352,-1.8,-0.214863,0.022829
3.354,-1.8,-0.214661,0.022829
3.356,-1.8,-0.215064,0.022829
3.358,-1.8,-0.214863,0.022829
3.36,-1.8,-0.214158,0.022829
3.362,-1.8,-0.214762,0.022829
3.364,-1.8,-0.215165,0.022829
3.366,-1.8,-0.215266,0.022829
3.368,-1.8,-0.21456,0.022829
3.37,-1.8,-0.21456,0.022829
3.372,-1.8,-0.215366,0.022829
3.374,-1.8,-0.213956,0.022829
3.376,-1.8,-0.214359,0.022829
3.378,-1.8,-0.214661,0.022829
3.38,-1.8,-0.21446,0.022829
3.382,-1.8,-0.215769,0.022829
3.384,-1.8,-0.214863,0.022829
3.386,-1.8,-0.215366,0.022829
3.388,-1.8,-0.215064,0.022829
3.39,-1.8,-0.214963,0.022829
3.392,-1.8,-0.215165,0.022829
3.394,-1.8,-0.213956,0.022829
3.396,-1.8,-0.21456,0.022829
3.398,-1.8,-0.213956,0.022829
3.4,-1.8,-0.214762,0.022829
3.402,-1.8,-0.214258,0.022829
3.404,-1.8,-0.215064,0.022829
3.406,-1.8,-0.215165,0.022829
3.408,-1.8,-0.214963,0.022829
3.41,-1.8,-0.214963,0.022829
3.412,-1.8,-0.214762,0.022829
3.414,-1.8,-0.215165,0.022829
3.416,-1.8,-0.21456,0.022829
3.418,-1.8,-0.21456,0.022829
3.42,-1.8,-0.214863,0.022829
3.422,-1.8,-0.214863,0.022829
3.424,-1.8,-0.21456,0.022829
3.426,-1.8,-0.215769,0.022829
3.428,-1.8,-0.215971,0.022829
3.43,-1.8,-0.215266,0.022829
3.432,-1.8,-0.214863,0.022829
3.434,-1.8,-0.214762,0.022829
3.436,-1.8,-0.215165,0.022829
3.438,-1.8,-0.214762,0.022829
3.44,-1.8,-0.215165,0.022829
3.442,-1.8,-0.21446,0.022829
3.444,-1.8,-0.214963,0.022829
3.446,-1.8,-0.215064,0.022829
3.448,-1.8,-0.215568,0.022829
3.45,-1.8,-0.214863,0.022829
3.452,-1.8,-0.214863,0.022829
3.454,-1.8,-0.21446,0.022829
3.456,-1.8,-0.21446,0.022829
3.458,-1.8,-0.21446,0.022829
3.46,-1.8,-0.214158,0.022829
3.462,-1.8,-0.21456,0.022829
3.464,-1.8,-0.215165,0.022829
3.466,-1.8,-0.215467,0.022829
3.468,-1.8,-0.214359,0.022829
3.47,-1.8,-0.214762,0.022829
3.472,-1.8,-0.215266,0.022829
3.474,-1.8,-0.21456,0.022829
3.476,-1.8,-0.214258,0.022829
3.478,-1.8,-0.214963,0.022829
3.48,-1.8,-0.214057,0.022829
3.482,-1.8,-0.214258,0.022829
3.484,-1.8,-0.215366,0.022829
3.486,-1.8,-0.214661,0.022829
3.488,-1.8,-0.214258,0.022829
3.49,-1.8,-0.214963,0.022829
3.492,-1.8,-0.215165,0.022829
3.494,-1.8,-0.21456,0.022829
3.496,-1.8,-0.214661,0.022829
3.498,-1.8,-0.214963,0.022829
3.5,-1.8,-0.21446,0.022829
3.502,-1.8,-0.214359,0.022829
3.504,-1.8,-0.215467,0.022829
3.506,-1.8,-0.215467,0.022829
3.508,-1.8,-0.214057,0.022829
3.51,-1.8,-0.215366,0.022829
3.512,-1.8,-0.214863,0.022829
3.514,-1.8,-0.215769,0.022829
3.516,-1.8,-0.215165,0.022829
3.518,-1.8,-0.214762,0.022829
3.52,-1.8,-0.214258,0.022829
3.522,-1.8,-0.215064,0.022829
3.524,-1.8,-0.215165,0.022829
3.526,-1.8,-0.214762,0.022829
3.528,-1.8,-0.215971,0.022829
3.53,-1.8,-0.215568,0.022829
3.532,-1.8,-0.21456,0.022829
3.534,-1.8,-0.216273,0.022829
3.536,-1.8,-0.215266,0.022829
3.538,-1.8,-0.215366,0.022829
3.54,-1.8,-0.214661,0.022829
3.542,-1.8,-0.214661,0.022829
3.544,-1.8,-0.213956,0.022829
3.546,-1.8,-0.215064,0.022829
3.548,-1.8,-0.214963,0.022829
3.55,-1.8,-0.214661,0.022829
3.552,-1.8,-0.215165,0.022829
3.554,-1.8,-0.215165,0.022829
3.556,-1.8,-0.215266,0.022829
3.558,-1.8,-0.213553,0.022829
3.56,-1.8,-0.215366,0.022829
3.562,-1.8,-0.213956,0.022829
3.564,-1.8,-0.215467,0.022829
3.566,-1.8,-0.214863,0.022829
3.568,-1.8,-0.214057,0.022829
3.57,-1.8,-0.215064,0.022829
3.572,-1.8,-0.214661,0.022829
3.574,-1.8,-0.21587,0.022829
3.576,-1.8,-0.21456,0.022829
3.578,-1.8,-0.215366,0.022829
3.58,-1.8,-0.214762,0.022829
3.582,-1.8,-0.214863,0.022829
3.584,-1.8,-0.214661,0.022829
3.586,-1.8,-0.21456,0.022829
3.588,-1.8,-0.214963,0.022829
3.59,-1.8,-0.214863,0.022829
3.592,-1.8,-0.215769,0.022829
3.594,-1.8,-0.215366,0.022829
3.596,-1.8,-0.215366,0.022829
3.598,-1.8,-0.215064,0.022829
3.6,-1.8,-0.214963,0.022829
3.602,-1.8,-0.215366,0.022829
3.604,-1.8,-0.214359,0.022829
3.606,-1.8,-0.214762,0.022829
3.608,-1.8,-0.214762,0.022829
3.61,-1.8,-0.214359,0.022829
3.612,-1.8,-0.214762,0.022829
3.614,-1.8,-0.215467,0.022829
3.616,-1.8,-0.215266,0.022829
3.618,-1.8,-0.214863,0.022829
3.62,-1.8,-0.214661,0.022829
3.622,-1.8,-0.215467,0.022829
3.624,-1.8,-0.215165,0.022829
3.626,-1.8,-0.214158,0.022829
3.628,-1.8,-0.214158,0.022829
3.63,-1.8,-0.214057,0.022829
3.632,-1.8,-0.214661,0.022829
3.634,-1.8,-0.214057,0.022829
3.636,-1.8,-0.214863,0.022829
3.638,-1.8,-0.214963,0.022829
3.64,-1.8,-0.214762,0.022829
3.642,-1.8,-0.214963,0.022829
3.644,-1.8,-0.214762,0.022829
3.646,-1.8,-0.215064,0.022829
3.648,-1.8,-0.215366,0.022829
3.65,-1.8,-0.21456,0.022829
3.652,-1.8,-0.214963,0.022829
3.654,-1.8,-0.215769,0.022829
3.656,-1.8,-0.215568,0.022829
3.658,-1.8,-0.215668,0.022829
3.66,-1.8,-0.215568,0.022829
3.662,-1.8,-0.215266,0.022829
3.664,-1.8,-0.215366,0.022829
3.666,-1.8,-0.214661,0.022829
3.668,-1.8,-0.214963,0.022829
3.67,-1.8,-0.214863,0.022829
3.672,-1.8,-0.214863,0.022829
3.674,-1.8,-0.215064,0.022829
3.676,-1.8,-0.21587,0.022829
3.678,-1.8,-0.215366,0.022829
3.68,-1.8,-0.214863,0.022829
3.682,-1.8,-0.215366,0.022829
3.684,-1.8,-0.215366,0.022829
3.686,-1.8,-0.215064,0.022829
3.688,-1.8,-0.214158,0.022829
3.69,-1.8,-0.214158,0.022829
3.692,-1.8,-0.214158,0.022829
3.694,-1.8,-0.214661,0.022829
3.696,-1.8,-0.215165,0.022829
3.698,-1.8,-0.21456,0.0227943
3.7,-1.8,-0.214661,0.02271
3.702,-1.8,-0.215668,0.0226264
3.704,-1.8,-0.215366,0.0225431
3.706,-1.8,-0.21456,0.0224606
3.708,-1.8,-0.21446,0.0223785
3.71,-1.8,-0.214963,0.0222974
3.712,-1.8,-0.214661,0.0222165
3.714,-1.8,-0.214863,0.0221366
3.716,-1.8,-0.21446,0.022057
3.718,-1.8,-0.214057,0.0219777
3.72,-1.8,-0.214863,0.0218996
3.722,-1.8,-0.214258,0.0218218
3.724,-1.8,-0.21446,0.0217442
3.726,-1.8,-0.213452,0.0216673
3.728,-1.8,-0.213956,0.0215911
3.73,-1.8,-0.213553,0.0215154
3.732,-1.8,-0.212647,-0.0214404
3.734,-1.8,-0.212848,-0.0213656
3.736,-1.8,-0.214661,-0.0212914
3.738,-1.8,-0.213855,-0.021218
3.74,-1.8,-0.215266,-0.0211448
3.742,-1.8,-0.216071,-0.0210721
3.744,-1.8,-0.214258,-0.0210002
3.746,-1.8,-0.214359,-0.0209285
3.748,-1.8,-0.214359,-0.0208572
3.75,-1.8,-0.214057,-0.0207865
3.752,-1.8,-0.214258,-0.0207165
3.754,-1.8,-0.214762,-0.0206467
3.756,-1.8,-0.214762,-0.0205773
3.758,-1.8,-0.215769,-0.0205087
3.76,-1.8,-0.215266,-0.0204403
3.762,-1.8,-0.21456,-0.0203726
3.764,-1.8,-0.215266,-0.020305
3.766,-1.8,-0.215366,-0.0202381
3.768,-1.8,-0.21456,-0.0201717
3.77,-1.8,-0.215165,-0.0201054
3.772,-1.8,-0.214963,-0.0200397
3.774,-1.8,-0.21446,-0.0199745
3.776,-1.8,-0.214359,-0.0199098
3.778,-1.8,-0.215165,-0.0198453
3.78,-1.8,-0.214258,-0.0197815
3.782,-1.8,-0.215266,-0.0197178
3.784,-1.8,-0.215971,-0.0196548
3.786,-1.8,-0.214863,-0.0195918
3.788,-1.8,-0.214762,-0.0195296
3.79,-1.8,-0.214661,-0.0194677
3.792,-1.8,-0.21446,-0.0194061
3.794,-1.8,-0.214863,-0.019345
3.796,-1.8,-0.214661,-0.019284
3.798,-1.8,-0.21456,-0.0192236
3.8,-1.8,-0.215568,-0.0191636
3.802,-1.8,-0.215366,-0.0191041
3.804,-1.8,-0.215266,-0.0190447
3.806,-1.8,-0.215064,-0.0189856
3.808,-1.8,-0.21446,-0.0189271
3.81,-1.8,-0.215064,-0.0188689
3.812,-1.8,-0.215064,-0.0188112
3.814,-1.8,-0.21456,-0.0187537
3.816,-1.8,-0.215165,-0.0186965
3.818,-1.8,-0.214762,-0.0186399
3.82,-1.8,-0.215064,-0.0185831
3.822,-1.8,-0.215366,-0.0185272
3.824,-1.8,-0.215366,-0.0184713
3.826,-1.8,-0.215366,-0.0184159
3.828,-1.8,-0.215467,-0.018361
3.83,-1.8,-0.215366,-0.0183059
3.832,-1.8,-0.214661,-0.0182516
3.834,-1.8,-0.214057,-0.0181974
3.836,-1.8,-0.215366,-0.0181437
3.838,-1.8,-0.214963,-0.0180902
3.84,-1.8,-0.214762,-0.018037
3.842,-1.8,-0.214359,-0.017984
3.844,-1.8,-0.215668,-0.0179315
3.846,-1.8,-0.215366,-0.0178792
3.848,-1.8,-0.215266,-0.0178273
3.85,-1.8,-0.21587,-0.0177756
3.852,-1.8,-0.215165,-0.0177244
3.854,-1.8,-0.214661,-0.0176732
3.856,-1.8,-0.214057,-0.0176225
3.858,-1.8,-0.21446,-0.017572
3.86,-1.8,-0.214762,-0.017522
3.862,-1.8,-0.215366,-0.0174719
3.864,-1.8,-0.215165,-0.0174225
3.866,-1.8,-0.215165,-0.0173731
3.868,-1.8,-0.215064,-0.0173241
3.87,-1.8,-0.215668,-0.0172752
3.872,-1.8,-0.214963,-0.0172267
3.874,-1.8,-0.214258,-0.0171784
3.876,-1.8,-0.215064,-0.0171306
3.878,-1.8,-0.214863,-0.0170828
3.88,-1.8,-0.214863,-0.0170353
3.882,-1.8,-0.214762,-0.0169883
3.884,-1.8,-0.215467,-0.0169413
3.886,-1.8,-0.215266,-0.0168948
3.888,-1.8,-0.215668,-0.0168484
3.89,-1.8,-0.215165,-0.0168022
3.892,-1.8,-0.215064,-0.0167564
3.894,-1.8,-0.214762,-0.0167106
3.896,-1.8,-0.214762,-0.0166653
3.898,-1.8,-0.214258,-0.0166201
3.9,-1.8,-0.21456,-0.0165751
3.902,-1.8,-0.214359,-0.0165305
3.904,-1.8,-0.215165,-0.0164862
3.906,-1.8,-0.215366,-0.016442
3.908,-1.8,-0.215064,-0.0163982
3.91,-1.8,-0.214963,-0.0163543
3.912,-1.8,-0.215266,-0.0163109
3.914,-1.8,-0.216374,-0.0162678
3.916,-1.8,-0.215568,-0.0162246
3.918,-1.8,-0.21446,-0.0161819
3.92,-1.8,-0.215064,-0.0161393
3.922,-1.8,-0.214863,-0.0160969
3.924,-1.8,-0.214359,-0.0160549
3.926,-1.8,-0.215568,-0.0160129
3.928,-1.8,-0.215467,-0.0159713
3.93,-1.8,-0.214863,-0.0159298
3.932,-1.8,-0.215064,-0.0158886
3.934,-1.8,-0.215165,-0.0158474
3.936,-1.8,-0.214258,-0.0158066
3.938,-1.8,-0.215467,-0.015766
3.94,-1.8,-0.215064,-0.0157257
3.942,-1.8,-0.21456,-0.0156855
3.944,-1.8,-0.215064,-0.0156454
3.946,-1.8,-0.215064,-0.0156056
3.948,-1.8,-0.215064,-0.0155661
3.95,-1.8,-0.214863,-0.0155268
3.952,-1.8,-0.215668,-0.0154874
3.954,-1.8,-0.215266,-0.0154484
3.956,-1.8,-0.21446,-0.0154098
3.958,-1.8,-0.215064,-0.015371
3.96,-1.8,-0.214057,-0.0153327
3.962,-1.8,-0.214359,-0.0152945
3.964,-1.8,-0.214661,-0.0152564
3.966,-1.8,-0.215266,-0.0152186
3.968,-1.8,-0.215568,-0.0151809
3.97,-1.8,-0.215266,-0.0151435
3.972,-1.8,-0.215769,-0.0151063
3.974,-1.8,-0.215769,-0.0150691
3.976,-1.8,-0.214863,-0.0150321
3.978,-1.8,-0.215568,-0.0149955
3.98,-1.8,-0.214963,-0.0149589
3.982,-1.8,-0.214359,-0.0149226
3.984,-1.8,-0.214661,-0.0148863
3.986,-1.8,-0.214863,-0.0148502
3.988,-1.8,-0.215266,-0.0148145
3.99,-1.8,-0.21587,-0.0147788
3.992,-1.8,-0.215266,-0.0147432
3.994,-1.8,-0.216474,-0.0147078
3.996,-1.8,-0.215165,-0.0146728
3.998,-1.8,-0.214863,-0.0146378
4,-1.7,-0.215064,-0.0146029
4.002,-1.7,-0.200559,-0.0145682
4.004,-1.7,-0.199954,-0.0145338
4.006,-1.7,-0.200256,-0.0144993
4.008,-1.7,-0.200962,-0.0144652
4.01,-1.7,-0.201163,-0.0144311
4.012,-1.7,-0.201163,-0.0143973
4.014,-1.7,-0.200659,-0.0143637
4.016,-1.7,-0.20076,-0.01433
4.018,-1.7,-0.201264,-0.0142967
4.02,-1.7,-0.201264,-0.0142635
4.022,-1.7,-0.201264,-0.0142303
4.024,-1.7,-0.201163,-0.0141974
4.026,-1.7,-0.201163,-0.0141646
4.028,-1.7,-0.201868,-0.0141319
4.03,-1.7,-0.200962,-0.0140995
4.032,-1.7,-0.200458,-0.0140672
4.034,-1.7,-0.20076,-0.014035
4.036,-1.7,-0.20076,-0.0140031
4.038,-1.7,-0.200962,-0.0139711
4.04,-1.7,-0.200256,-0.0139394
4.042,-1.7,-0.201264,-0.0139078
4.044,-1.7,-0.200559,-0.0138763
4.046,-1.7,-0.201264,-0.0138451
4.048,-1.7,-0.200659,-0.0138138
4.05,-1.7,-0.199853,-0.0137828
4.052,-1.7,-0.199753,-0.0137519
4.054,-1.7,-0.201465,-0.0137212
4.056,-1.7,-0.200861,-0.0136905
4.058,-1.7,-0.200156,-0.0136601
4.06,-1.7,-0.200962,-0.0136298
4.062,-1.7,-0.200861,-0.0135995
4.064,-1.7,-0.201566,-0.0135695
4.066,-1.7,-0.200962,-0.0135395
4.068,-1.7,-0.200861,-0.0135097
4.07,-1.7,-0.200156,-0.01348
4.072,-1.7,-0.201163,-0.0134506
4.074,-1.7,-0.200559,-0.0134211
4.076,-1.7,-0.200256,-0.0133917
4.078,-1.7,-0.20076,-0.0133626
4.08,-1.7,-0.200962,-0.0133335
4.082,-1.7,-0.201566,-0.0133047
4.084,-1.7,-0.201465,-0.0132758
4.086,-1.7,-0.201163,-0.0132472
4.088,-1.7,-0.199853,-0.0132187
4.09,-1.7,-0.201465,-0.0131902
4.092,-1.7,-0.199853,-0.0131619
4.094,-1.7,-0.20076,-0.0131338
4.096,-1.7,-0.201062,-0.0131057
4.098,-1.7,-0.201767,-0.0130778
4.1,-1.7,-0.200861,-0.01305
4.102,-1.7,-0.199954,-0.0130223
4.104,-1.7,-0.200861,-0.0129947
4.106,-1.7,-0.20076,-0.0129672
4.108,-1.7,-0.20076,-0.0129399
4.11,-1.7,-0.200559,-0.0129127
4.112,-1.7,-0.200256,-0.0128856
4.114,-1.7,-0.200861,-0.0128585
4.116,-1.7,-0.201062,-0.0128316
4.118,-1.7,-0.201062,-0.0128049
4.12,-1.7,-0.20076,-0.0127783
4.122,-1.7,-0.200659,-0.0127517
4.124,-1.7,-0.200962,-0.0127252
4.126,-1.7,-0.201163,-0.0126988
4.128,-1.7,-0.199753,-0.0126727
4.13,-1.7,-0.201163,-0.0126465
4.132,-1.7,-0.201364,-0.0126206
4.134,-1.7,-0.201062,-0.0125946
4.136,-1.7,-0.201163,-0.0125688
4.138,-1.7,-0.201264,-0.0125432
4.14,-1.7,-0.200559,-0.0125176
4.142,-1.7,-0.201163,-0.0124922
4.144,-1.7,-0.200357,-0.0124667
4.146,-1.7,-0.20076,-0.0124414
4.148,-1.7,-0.201465,-0.0124162
4.15,-1.7,-0.20076,-0.0123912
4.152,-1.7,-0.201062,-0.0123661
4.154,-1.7,-0.201667,-0.0123413
4.156,-1.7,-0.199853,-0.0123166
4.158,-1.7,-0.200156,-0.0122918
4.16,-1.7,-0.200659,-0.0122672
4.162,-1.7,-0.20076,-0.0122184
4.164,-1.7,-0.200256,-0.0121941
4.166,-1.7,-0.200156,-0.01217
4.168,-1.7,-0.200357,-0.0121458
4.17,-1.7,-0.201264,-0.0121219
4.172,-1.7,-0.20076,-0.012098
4.174,-1.7,-0.200156,-0.0120741
4.176,-1.7,-0.200256,-0.0120504
4.178,-1.7,-0.200156,-0.0120268
4.18,-1.7,-0.201062,-0.0120033
4.182,-1.7,-0.201163,-0.0119798
4.184,-1.7,-0.201062,-0.0119566
4.186,-1.7,-0.201062,-0.0119333
4.188,-1.7,-0.200861,-0.0119101
4.19,-1.7,-0.201465,-0.0118871
4.192,-1.7,-0.201163,-0.011864
4.194,-1.7,-0.200861,-0.0118411
4.196,-1.7,-0.200357,-0.0118183
4.198,-1.7,-0.201465,0.0117957
4.2,-1.7,-0.201566,0.011773
4.202,-1.7,-0.200659,0.0117505
4.204,-1.7,-0.201969,0.011728
4.206,-1.7,-0.201465,0.0117057
4.208,-1.7,-0.201062,0.0116834
4.21,-1.7,-0.200962,0.0116611
4.212,-1.7,-0.20076,0.011639
4.214,-1.7,-0.201566,0.011617
4.216,-1.7,-0.201969,0.0115951
4.218,-1.7,-0.201465,0.0115731
4.22,-1.7,-0.201566,0.0115513
4.222,-1.7,-0.201465,0.0115297
4.224,-1.7,-0.201767,0.0115081
4.226,-1.7,-0.201264,0.20756
4.228,-1.7,-0.201566,0.20756
4.23,-1.7,-0.201868,0.20756
4.232,-1.7,-0.201163,0.20756
4.234,-1.7,-0.201465,0.20756
4.236,-1.7,-0.201667,0.20756
4.238,-1.7,-0.201868,0.20756
4.24,-1.7,-0.20207,0.20756
4.242,-1.7,-0.201868,0.20756
4.244,-1.7,-0.201465,0.20756
4.246,-1.7,-0.200357,0.20756
4.248,-1.7,-0.201767,0.20756
4.25,-1.7,-0.201364,0.20756
4.252,-1.7,-0.201062,0.20756
4.254,-1.7,-0.201767,0.20756
4.256,-1.7,-0.201667,0.20756
4.258,-1.7,-0.201163,0.20756
4.26,-1.7,-0.201364,0.20756
4.262,-1.7,-0.201163,0.20756
4.264,-1.7,-0.201163,0.20756
4.266,-1.7,-0.201062,0.20756
4.268,-1.7,-0.200962,0.20756
4.27,-1.7,-0.20217,0.20756
4.272,-1.7,-0.201767,0.20756
4.274,-1.7,-0.20217,0.20756
4.276,-1.7,-0.201767,0.20756
4.278,-1.7,-0.201767,0.20756
4.28,-1.7,-0.200659,0.20756
4.282,-1.7,-0.200861,0.20756
4.284,-1.7,-0.201264,0.205952
4.286,-1.7,-0.200559,0.199266
4.288,-1.7,-0.201163,0.192996
4.29,-1.7,-0.201767,0.187114
4.292,-1.7,-0.201465,0.181576
4.294,-1.7,-0.200659,0.176347
4.296,-1.7,-0.200659,0.171418
4.298,-1.7,-0.201264,0.166771
4.3,-1.7,-0.200659,0.162362
4.302,-1.7,-0.20076,0.158175
4.304,-1.7,-0.200458,0.154203
4.306,-1.7,-0.199954,0.150411
4.308,-1.7,-0.199853,0.146812
4.31,-1.7,-0.200055,0.143382
4.312,-1.7,-0.199853,-0.140115
4.314,-1.7,-0.199451,-0.136982
4.316,-1.7,-0.198846,-0.133989
4.318,-1.7,-0.199451,-0.13113
4.32,-1.7,-0.198443,-0.128394
4.322,-1.7,-0.198443,-0.125748
4.324,-1.7,-0.198242,-0.0112767
4.326,-1.7,-0.19935,-0.0112767
4.328,-1.7,-0.198342,-0.0112767
4.33,-1.7,-0.198141,-0.0112767
4.332,-1.7,-0.197738,-0.0112767
4.334,-1.7,-0.196932,-0.0112767
4.336,-1.7,-0.197234,-0.0112767
4.338,-1.7,-0.196932,-0.0112767
4.34,-1.7,-0.196731,-0.0112767
4.342,-1.7,-0.197436,-0.0112767
4.344,-1.7,-0.196126,-0.0112767
4.346,-1.7,-0.202573,-0.0112767
4.348,-1.7,-0.201364,-0.0112767
4.35,-1.7,-0.201264,-0.0112767
4.352,-1.7,-0.200055,-0.0112767
4.354,-1.7,-0.199753,-0.0112767
4.356,-1.7,-0.199753,-0.0112767
4.358,-1.7,-0.199652,-0.0112767
4.36,-1.7,-0.199954,-0.0112767
4.362,-1.7,-0.20076,-0.0112767
4.364,-1.7,-0.200559,-0.0112767
4.366,-1.7,-0.201364,-0.0112767
4.368,-1.7,-0.200458,-0.0112767
4.37,-1.7,-0.200256,-0.0112767
4.372,-1.7,-0.200559,-0.0112767
4.374,-1.7,-0.201062,-0.0112767
4.376,-1.7,-0.200962,-0.0112767
4.378,-1.7,-0.201364,-0.0112767
4.38,-1.7,-0.201465,-0.0112767
4.382,-1.7,-0.200458,-0.0112767
4.384,-1.7,-0.200357,-0.0112767
4.386,-1.7,-0.200156,-0.0112767
4.388,-1.7,-0.200055,-0.0112767
4.39,-1.7,-0.200861,-0.0112767
4.392,-1.7,-0.200357,-0.0112767
4.394,-1.7,-0.200357,-0.0112767
4.396,-1.7,-0.200256,-0.0112767
4.398,-1.7,-0.201465,-0.0112767
4.4,-1.7,-0.200659,-0.0112767
4.402,-1.7,-0.200357,-0.0112767
4.404,-1.7,-0.200055,-0.0112767
4.406,-1.7,-0.200357,-0.0112767
4.408,-1.7,-0.200357,-0.0112767
4.41,-1.7,-0.200962,-0.0112767
4.412,-1.7,-0.200357,-0.0112767
4.414,-1.7,-0.200962,-0.0112767
4.416,-1.7,-0.201163,-0.0112767
4.418,-1.7,-0.200659,-0.0112767
4.42,-1.7,-0.200861,-0.0112767
4.422,-1.7,-0.200861,-0.0112767
4.424,-1.7,-0.200458,-0.0112767
4.426,-1.7,-0.200659,-0.0112767
4.428,-1.7,-0.200962,-0.0112767
4.43,-1.7,-0.200357,-0.0112767
4.432,-1.7,-0.20076,-0.0112767
4.434,-1.7,-0.201062,-0.0112767
4.436,-1.7,-0.200659,-0.0112767
4.438,-1.7,-0.20076,-0.0112767
4.44,-1.7,-0.200659,-0.0112767
4.442,-1.7,-0.200156,-0.0112767
4.444,-1.7,-0.200659,-0.0112767
4.446,-1.7,-0.200357,-0.0112767
4.448,-1.7,-0.200861,-0.0112767
4.45,-1.7,-0.201465,-0.0112767
4.452,-1.7,-0.200357,-0.0112767
4.454,-1.7,-0.199954,-0.0112767
4.456,-1.7,-0.200357,-0.0112767
4.458,-1.7,-0.200458,-0.0112767
4.46,-1.7,-0.200559,-0.0112767
4.462,-1.7,-0.200055,-0.0112767
4.464,-1.7,-0.201062,-0.0112767
4.466,-1.7,-0.200559,-0.0112767
4.468,-1.7,-0.200055,-0.0112767
4.47,-1.7,-0.199954,-0.0112767
4.472,-1.7,-0.200559,-0.0112767
4.474,-1.7,-0.200659,-0.0112767
4.476,-1.7,-0.200055,-0.0112767
4.478,-1.7,-0.200256,-0.0112767
4.48,-1.7,-0.200357,-0.0112767
4.482,-1.7,-0.200458,-0.0112767
4.484,-1.7,-0.200659,-0.0112767
4.486,-1.7,-0.200458,-0.0112767
4.488,-1.7,-0.200256,-0.0112767
4.49,-1.7,-0.200357,-0.0112767
4.492,-1.7,-0.199551,-0.0112767
4.494,-1.7,-0.20076,-0.0112767
4.496,-1.7,-0.200458,-0.0112767
4.498,-1.7,-0.201163,-0.0112767
4.5,-1.7,-0.201566,-0.0112767
4.502,-1.7,-0.200156,-0.0112767
4.504,-1.7,-0.200659,-0.0112767
4.506,-1.7,-0.200458,-0.0112767
4.508,-1.7,-0.200559,-0.0112767
4.51,-1.7,-0.200559,-0.0112767
4.512,-1.7,-0.200055,-0.0112767
4.514,-1.7,-0.199954,-0.0112767
4.516,-1.7,-0.201062,-0.0112767
4.518,-1.7,-0.201163,-0.0112767
4.52,-1.7,-0.201465,-0.0112767
4.522,-1.7,-0.20076,-0.0112767
4.524,-1.7,-0.200256,-0.0112767
4.526,-1.7,-0.201566,-0.0112767
4.528,-1.7,-0.200055,-0.0112767
4.53,-1.7,-0.200156,-0.0112767
4.532,-1.7,-0.200055,-0.0112767
4.534,-1.7,-0.20076,-0.0112767
4.536,-1.7,-0.200659,-0.0112767
4.538,-1.7,-0.200659,-0.0112767
4.54,-1.7,-0.200659,-0.0112767
4.542,-1.7,-0.200861,-0.0112767
4.544,-1.7,-0.201062,-0.0112767
4.546,-1.7,-0.200559,-0.0112767
4.548,-1.7,-0.200256,-0.0112767
4.55,-1.7,-0.20076,-0.0112767
4.552,-1.7,-0.201264,-0.0112767
4.554,-1.7,-0.20076,-0.0112767
4.556,-1.7,-0.200458,-0.0112767
4.558,-1.7,-0.20076,-0.0112767
4.56,-1.7,-0.200559,-0.0112767
4.562,-1.7,-0.200055,-0.0112767
4.564,-1.7,-0.201062,-0.0112767
4.566,-1.7,-0.199853,-0.0112767
4.568,-1.7,-0.200659,-0.0112767
4.57,-1.7,-0.201264,-0.0112767
4.572,-1.7,-0.201264,-0.0112767
4.574,-1.7,-0.20076,-0.0112767
4.576,-1.7,-0.20076,-0.0112767
4.578,-1.7,-0.201062,-0.0112767
4.58,-1.7,-0.200659,-0.0112767
4.582,-1.7,-0.200357,-0.0112767
4.584,-1.7,-0.200357,-0.0112767
4.586,-1.7,-0.201062,-0.0112767
4.588,-1.7,-0.20076,-0.0112767
4.59,-1.7,-0.201264,-0.0112767
4.592,-1.7,-0.200559,-0.0112767
4.594,-1.7,-0.201163,-0.0112767
4.596,-1.7,-0.201364,-0.0112767
4.598,-1.7,-0.200357,-0.0112767
4.6,-1.7,-0.200156,-0.0112767
4.602,-1.7,-0.200962,-0.0112767
4.604,-1.7,-0.200357,-0.0112767
4.606,-1.7,-0.200055,-0.0112767
4.608,-1.7,-0.200861,-0.0112767
4.61,-1.7,-0.20076,-0.0112767
4.612,-1.7,-0.200559,-0.0112767
4.614,-1.7,-0.20076,-0.0112767
4.616,-1.7,-0.201062,-0.0112767
4.618,-1.7,-0.199853,-0.0112767
4.62,-1.7,-0.199954,-0.0112767
4.622,-1.7,-0.200559,-0.0112767
4.624,-1.7,-0.200559,-0.0112767
4.626,-1.7,-0.201062,-0.0112767
4.628,-1.7,-0.200861,-0.0112767
4.63,-1.7,-0.200962,-0.0112767
4.632,-1.7,-0.199451,-0.0112767
4.634,-1.7,-0.201062,-0.0112767
4.636,-1.7,-0.201264,-0.0112767
4.638,-1.7,-0.200559,-0.0112767
4.64,-1.7,-0.201868,-0.0112767
4.642,-1.7,-0.200861,-0.0112767
4.644,-1.7,-0.200256,-0.0112767
4.646,-1.7,-0.200861,-0.0112767
4.648,-1.7,-0.200156,-0.0112767
4.65,-1.7,-0.200156,-0.0112767
4.652,-1.7,-0.200156,-0.0112767
4.654,-1.7,-0.200659,-0.0112767
4.656,-1.7,-0.200256,-0.0112767
4.658,-1.7,-0.201264,-0.0112767
4.66,-1.7,-0.200458,-0.0112767
4.662,-1.7,-0.200962,-0.0112767
4.664,-1.7,-0.200861,-0.0112767
4.666,-1.7,-0.200357,-0.0112767
4.668,-1.7,-0.201062,-0.0112767
4.67,-1.7,-0.200458,-0.0112767
4.672,-1.7,-0.200256,-0.0112767
4.674,-1.7,-0.20076,-0.0112767
4.676,-1.7,-0.201062,-0.0112767
4.678,-1.7,-0.200458,-0.0112767
4.68,-1.7,-0.200559,-0.0112767
4.682,-1.7,-0.20076,-0.0112767
4.684,-1.7,-0.200055,-0.0112767
4.686,-1.7,-0.200659,-0.0112767
4.688,-1.7,-0.200156,-0.0112767
4.69,-1.7,-0.200659,-0.0112767
4.692,-1.7,-0.200962,-0.0112767
4.694,-1.7,-0.200659,-0.0112767
4.696,-1.7,-0.201062,-0.0112767
4.698,-1.7,-0.200156,-0.0112767
4.7,-1.7,-0.201264,-0.0112767
4.702,-1.7,-0.200357,-0.0112767
4.704,-1.7,-0.199753,-0.0112767
4.706,-1.7,-0.200156,-0.0112767
4.708,-1.7,-0.201163,-0.0112767
4.71,-1.7,-0.199753,-0.0112767
4.712,-1.7,-0.200962,-0.0112767
4.714,-1.7,-0.201163,-0.0112767
4.716,-1.7,-0.200659,-0.0112767
4.718,-1.7,-0.200861,-0.0112767
4.72,-1.7,-0.200659,-0.0112767
4.722,-1.7,-0.200156,-0.0112767
4.724,-1.7,-0.200357,-0.0112767
4.726,-1.7,-0.200357,-0.0112767
4.728,-1.7,-0.200861,-0.0112767
4.73,-1.7,-0.200559,-0.0112767
4.732,-1.7,-0.201163,-0.0112767
4.734,-1.7,-0.201163,-0.0112767
4.736,-1.7,-0.200256,-0.0112767
4.738,-1.7,-0.200256,-0.0112767
4.74,-1.7,-0.200256,-0.0112767
4.742,-1.7,-0.200458,-0.0112767
4.744,-1.7,-0.200861,-0.0112767
4.746,-1.7,-0.200055,-0.0112767
4.748,-1.7,-0.201062,-0.0112767
4.75,-1.7,-0.200861,-0.0112767
4.752,-1.7,-0.200357,-0.0112767
4.754,-1.7,-0.199954,-0.0112767
4.756,-1.7,-0.200156,-0.0112767
4.758,-1.7,-0.200458,-0.0112767
4.76,-1.7,-0.200861,-0.0112767
4.762,-1.7,-0.200659,-0.0112767
4.764,-1.7,-0.201163,-0.0112767
4.766,-1.7,-0.201062,-0.0112767
4.768,-1.7,-0.200156,-0.0112767
4.77,-1.7,-0.20076,-0.0112767
4.772,-1.7,-0.200458,-0.0112767
4.774,-1.7,-0.200861,-0.0112767
4.776,-1.7,-0.200861,-0.0112767
4.778,-1.7,-0.201264,-0.0112767
4.78,-1.7,-0.201264,-0.0112767
4.782,-1.7,-0.201264,-0.0112767
4.784,-1.7,-0.200861,-0.0112767
4.786,-1.7,-0.200861,-0.0112767
4.788,-1.7,-0.200659,-0.0112767
4.79,-1.7,-0.201465,-0.0112767
4.792,-1.7,-0.200962,-0.0112767
4.794,-1.7,-0.200559,-0.0112767
4.796,-1.7,-0.201566,-0.0112767
4.798,-1.7,-0.201667,-0.0112767
4.8,-1.7,-0.201264,-0.0112767
4.802,-1.7,-0.201969,-0.0112767
4.804,-1.7,-0.201465,-0.0112767
4.806,-1.7,-0.201163,-0.0112767
4.808,-1.7,-0.200256,-0.0112767
4.81,-1.7,-0.201264,-0.0112767
4.812,-1.7,-0.200559,-0.0112767
4.814,-1.7,-0.201767,-0.0112767
4.816,-1.7,-0.200861,-0.0112767
4.818,-1.7,-0.201465,-0.0112767
4.82,-1.7,-0.201163,-0.0112767
4.822,-1.7,-0.201566,-0.0112767
4.824,-1.7,-0.201163,-0.0112767
4.826,-1.7,-0.200559,-0.0112767
4.828,-1.7,-0.200559,-0.0112767
4.83,-1.7,-0.200962,-0.0112767
4.832,-1.7,-0.201163,-0.0112767
4.834,-1.7,-0.200962,0.166291
4.836,-1.7,-0.201364,0.166291
4.838,-1.7,-0.20076,0.166291
4.84,-1.7,-0.200861,0.166291
4.842,-1.7,-0.200357,0.166291
4.844,-1.7,-0.200458,0.166291
4.846,-1.7,-0.200055,0.166291
4.848,-1.7,-0.200962,0.166291
4.85,-1.7,-0.200861,0.166291
4.852,-1.7,-0.201465,0.166291
4.854,-1.7,-0.201566,0.166291
4.856,-1.7,-0.200861,0.166291
4.858,-1.7,-0.201264,0.166291
4.86,-1.7,-0.199954,0.166291
4.862,-1.7,-0.20076,0.166291
4.864,-1.7,-0.200357,0.166291
4.866,-1.7,-0.200559,0.166291
4.868,-1.7,-0.199853,0.166291
4.87,-1.7,-0.201062,0.166291
4.872,-1.7,-0.200156,0.166291
4.874,-1.7,-0.200962,0.166291
4.876,-1.7,-0.199853,0.166291
4.878,-1.7,-0.199551,0.166291
4.88,-1.7,-0.19935,0.166291
4.882,-1.7,-0.198645,0.166291
4.884,-1.7,-0.199249,0.166291
4.886,-1.7,-0.198846,0.166291
4.888,-1.7,-0.198745,0.166291
4.89,-1.7,-0.199148,0.166291
4.892,-1.7,-0.199451,0.166291
4.894,-1.7,-0.198947,0.166291
4.896,-1.7,-0.199551,0.166291
4.898,-1.7,-0.199249,0.166291
4.9,-1.7,-0.199148,0.166291
4.902,-1.7,-0.197839,0.166291
4.904,-1.7,-0.200055,0.166291
4.906,-1.7,-0.198645,0.166291
4.908,-1.7,-0.200559,-0.162898
4.91,-1.7,-0.199853,-0.158677
4.912,-1.7,-0.200659,-0.154684
4.914,-1.7,-0.199954,-0.150887
4.916,-1.7,-0.199954,-0.14726
4.918,-1.7,-0.199954,-0.143802
4.92,-1.7,-0.199451,-0.140508
4.922,-1.7,-0.200055,-0.137371
4.924,-1.7,-0.200861,-0.134357
4.926,-1.7,-0.200156,-0.131486
4.928,-1.7,-0.201364,-0.128722
4.93,-1.7,-0.200458,-0.126084
4.932,-1.7,-0.200357,-0.123544
4.934,-1.7,-0.200357,-0.121106
4.936,-1.7,-0.199753,-0.118757
4.938,-1.7,-0.200055,-0.1165
4.94,-1.7,-0.201264,-0.114334
4.942,-1.7,-0.200861,-0.112242
4.944,-1.7,-0.200156,-0.110223
4.946,-1.7,-0.20076,-0.108282
4.948,-1.7,-0.200559,-0.1064
4.95,-1.7,-0.201264,-0.104592
4.952,-1.7,-0.200458,-0.102843
4.954,-1.7,-0.200156,-0.101139
4.956,-1.7,-0.201264,-0.0994972
4.958,-1.7,-0.200357,-0.0979136
4.96,-1.7,-0.200659,-0.0963722
4.962,-1.7,-0.200458,-0.0948868
4.964,-1.7,-0.200962,-0.0934385
4.966,-1.7,-0.201163,-0.0920402
4.968,-1.7,-0.20076,-0.0906838
4.97,-1.7,-0.200861,-0.089355
4.972,-1.7,-0.200659,-0.0880749
4.974,-1.7,-0.200256,-0.0868294
4.976,-1.7,-0.200256,-0.085618
4.978,-1.7,-0.20076,-0.0844422
4.98,-1.7,-0.20076,-0.0832915
4.982,-1.7,-0.200861,-0.0821783
4.984,-1.7,-0.201667,-0.0810895
4.986,-1.7,-0.200962,-0.0800334
4.988,-1.7,-0.200458,-0.0790048
4.99,-1.7,-0.200156,-0.0779966
4.992,-1.7,-0.200156,-0.0770198
4.994,-1.7,-0.199652,-0.0760625
4.996,-1.7,-0.200357,-0.0751339
4.998,-1.7,-0.201163,-0.0742224
5,-1.6,-0.200559,-0.0733378
5.002,-1.6,-0.187665,-0.0724729
5.004,-1.6,-0.187262,-0.0716257
5.006,-1.6,-0.187766,-0.0707976
5.008,-1.6,-0.187262,-0.0699926
5.01,-1.6,-0.186053,-0.0692005
5.012,-1.6,-0.18696,-0.0684309
5.014,-1.6,-0.186658,-0.0676736
5.016,-1.6,-0.187161,-0.0669355
5.018,-1.6,-0.187665,-0.0662136
5.02,-1.6,-0.18706,-0.0655084
5.022,-1.6,-0.187161,-0.0648164
5.024,-1.6,-0.186456,-0.064138
5.026,-1.6,-0.186859,-0.0634768
5.028,-1.6,-0.186758,-0.0628239
5.03,-1.6,-0.187161,-0.0621887
5.032,-1.6,-0.18706,-0.0615643
5.034,-1.6,-0.187363,-0.0609518
5.036,-1.6,-0.187564,-0.0603527
5.038,-1.6,-0.18696,-0.0597652
5.04,-1.6,-0.187665,-0.0591876
5.042,-1.6,-0.187262,-0.0586241
5.044,-1.6,-0.187766,-0.0580686
5.046,-1.6,-0.18696,-0.0575235
5.048,-1.6,-0.187363,-0.0569905
5.05,-1.6,-0.18706,-0.0564652
5.052,-1.6,-0.186456,-0.0559498
5.054,-1.6,-0.186154,-0.0554458
5.056,-1.6,-0.187665,-0.0549484
5.058,-1.6,-0.187463,-0.0544622
5.06,-1.6,-0.187564,-0.0539823
5.062,-1.6,-0.187766,-0.053511
5.064,-1.6,-0.186557,-0.0530477
5.066,-1.6,-0.187463,-0.0525928
5.068,-1.6,-0.186154,-0.0521473
5.07,-1.6,-0.187463,-0.0517073
5.072,-1.6,-0.186658,-0.0512746
5.074,-1.6,-0.187866,-0.0508509
5.076,-1.6,-0.187161,-0.0504313
5.078,-1.6,-0.18696,-0.0500202
5.08,-1.6,-0.186859,-0.0496167
5.082,-1.6,-0.188068,-0.0492178
5.084,-1.6,-0.187866,-0.0488271
5.086,-1.6,-0.18696,-0.0484412
5.088,-1.6,-0.187564,-0.0480619
5.09,-1.6,-0.187262,-0.0476892
5.092,-1.6,-0.18696,-0.0473212
5.094,-1.6,-0.18706,-0.0469576
5.096,-1.6,-0.187766,-0.0466026
5.098,-1.6,-0.187262,-0.0462506
5.1,-1.6,-0.187262,-0.0459046
5.102,-1.6,-0.187363,-0.0455636
5.104,-1.6,-0.187665,-0.0452273
5.106,-1.6,-0.187463,-0.0448974
5.108,-1.6,-0.18696,-0.0445706
5.11,-1.6,-0.186859,-0.0442488
5.112,-1.6,-0.186355,-0.0439322
5.114,-1.6,-0.187463,-0.0436203
5.116,-1.6,-0.187262,-0.0433131
5.118,-1.6,-0.186758,-0.0430083
5.12,-1.6,-0.18706,-0.0427094
5.122,-1.6,-0.186758,-0.0424151
5.124,-1.6,-0.187262,-0.0421233
5.126,-1.6,-0.187564,-0.0418357
5.128,-1.6,-0.187161,-0.0415526
5.13,-1.6,-0.187262,-0.0412732
5.132,-1.6,-0.186758,-0.0409983
5.134,-1.6,-0.187363,-0.040725
5.136,-1.6,-0.186658,-0.0404567
5.138,-1.6,-0.187161,-0.0401914
5.14,-1.6,-0.187665,-0.0399294
5.142,-1.6,-0.187766,-0.0396718
5.144,-1.6,-0.187363,-0.0394171
5.146,-1.6,-0.18696,-0.0391648
5.148,-1.6,-0.186658,-0.0389181
5.15,-1.6,-0.18706,-0.0386717
5.152,-1.6,-0.187363,-0.038429
5.154,-1.6,-0.186658,-0.0381905
5.156,-1.6,-0.187463,-0.0379539
5.158,-1.6,-0.186557,-0.0377213
5.16,-1.6,-0.187262,-0.0374897
5.162,-1.6,-0.18696,-0.0372628
5.164,-1.6,-0.187766,-0.0370374
5.166,-1.6,-0.187564,-0.0368149
5.168,-1.6,-0.186758,-0.0365959
5.17,-1.6,-0.186758,-0.0363786
5.172,-1.6,-0.18706,-0.0361647
5.174,-1.6,-0.18696,-0.0359525
5.176,-1.6,-0.186758,-0.0357428
5.178,-1.6,-0.187665,-0.0355363
5.18,-1.6,-0.187262,-0.0353323
5.182,-1.6,-0.186859,-0.0351291
5.184,-1.6,-0.187262,-0.0349296
5.186,-1.6,-0.187463,-0.0347316
5.188,-1.6,-0.187665,-0.0345359
5.19,-1.6,-0.187766,-0.0343431
5.192,-1.6,-0.188269,-0.0341517
5.194,-1.6,-0.187262,-0.0339622
5.196,-1.6,-0.18706,-0.0337753
5.198,-1.6,-0.186859,-0.0335908
5.2,-1.6,-0.18696,-0.0334076
5.202,-1.6,-0.187463,-0.0332271
5.204,-1.6,-0.187161,-0.0330479
5.206,-1.6,-0.18706,-0.0328712
5.208,-1.6,-0.186456,-0.032696
5.21,-1.6,-0.186859,-0.0325222
5.212,-1.6,-0.186355,-0.0323511
5.214,-1.6,-0.187363,-0.032181
5.216,-1.6,-0.187564,-0.0320137
5.218,-1.6,-0.187262,-0.0318475
5.22,-1.6,-0.186859,-0.0316831
5.222,-1.6,-0.187363,-0.0315201
5.224,-1.6,-0.187262,-0.0313589
5.226,-1.6,-0.187665,-0.0311992
5.228,-1.6,-0.186658,-0.0310419
5.23,-1.6,-0.187363,-0.0308853
5.232,-1.6,-0.187866,-0.0307309
5.234,-1.6,-0.187363,-0.0305775
5.236,-1.6,-0.18565,-0.0304256
5.238,-1.6,-0.187665,-0.0302759
5.24,-1.6,-0.186658,-0.0301272
5.242,-1.6,-0.18706,-0.0299801
5.244,-1.6,-0.186255,-0.0298347
5.246,-1.6,-0.187463,-0.0296896
5.248,-1.6,-0.187161,-0.0295471
5.25,-1.6,-0.187161,-0.0294052
5.252,-1.6,-0.187262,-0.0292653
5.254,-1.6,-0.187363,-0.0291262
5.256,-1.6,-0.187161,-0.0289885
5.258,-1.6,-0.18706,-0.0288522
5.26,-1.6,-0.187161,-0.0287176
5.262,-1.6,-0.187463,-0.0285832
5.264,-1.6,-0.186758,-0.028451
5.266,-1.6,-0.18696,-0.0283194
5.268,-1.6,-0.187766,-0.0281896
5.27,-1.6,-0.187564,-0.0280611
5.272,-1.6,-0.187161,-0.0279331
5.274,-1.6,-0.187363,-0.0278062
5.276,-1.6,-0.186658,-0.0276808
5.278,-1.6,-0.187262,-0.0275567
5.28,-1.6,-0.186154,-0.0274334
5.282,-1.6,-0.187161,-0.027311
5.284,-1.6,-0.187161,-0.0271902
5.286,-1.6,-0.18706,-0.0270706
5.288,-1.6,-0.187564,-0.0269511
5.29,-1.6,-0.187766,-0.0268336
5.292,-1.6,-0.186758,-0.0267165
5.294,-1.6,-0.187967,-0.026601
5.296,-1.6,-0.187262,-0.0264858
5.298,-1.6,-0.186658,-0.026372
5.3,-1.6,-0.186456,-0.0262593
5.302,-1.6,-0.187161,-0.0261472
5.304,-1.6,-0.187463,-0.0260364
5.306,-1.6,-0.187262,-0.0259262
5.308,-1.6,-0.187866,-0.0258178
5.31,-1.6,-0.187665,-0.0257089
5.312,-1.6,-0.18706,-0.0256018
5.314,-1.6,-0.18706,-0.0254955
5.316,-1.6,-0.187363,-0.0253898
5.318,-1.6,-0.186758,-0.0252852
5.32,-1.6,-0.186758,-0.0251817
5.322,-1.6,-0.187463,-0.0250787
5.324,-1.6,-0.186859,-0.0249765
5.326,-1.6,-0.187161,-0.0248751
5.328,-1.6,-0.187866,-0.0247749
5.33,-1.6,-0.187665,-0.0246752
5.332,-1.6,-0.187463,-0.0245762
5.334,-1.6,-0.187262,-0.0244787
5.336,-1.6,-0.186859,-0.0243811
5.338,-1.6,-0.186557,-0.0242844
5.34,-1.6,-0.18696,-0.0241887
5.342,-1.6,-0.187363,-0.0240937
5.344,-1.6,-0.187967,-0.0239998
5.346,-1.6,-0.187967,-0.0239063
5.348,-1.6,-0.186758,-0.0238134
5.35,-1.6,-0.187262,0.0237212
5.352,-1.6,-0.187967,0.0236298
5.354,-1.6,-0.187967,0.0235392
5.356,-1.6,-0.187665,0.0234493
5.358,-1.6,-0.187665,0.02336
5.36,-1.6,-0.187564,0.0232715
5.362,-1.6,-0.187967,0.0231834
5.364,-1.6,-0.187766,0.0230963
5.366,-1.6,-0.187866,0.0230099
5.368,-1.6,-0.188168,0.0229238
5.37,-1.6,-0.187463,0.0228386
5.372,-1.6,-0.187262,0.0227539
5.374,-1.6,-0.187363,0.0222554
5.376,-1.6,-0.187866,0.0222554
5.378,-1.6,-0.187967,0.0222554
5.38,-1.6,-0.187463,0.0222554
5.382,-1.6,-0.187967,0.0222554
5.384,-1.6,-0.187766,0.0222554
5.386,-1.6,-0.188068,0.0222554
5.388,-1.6,-0.187564,0.0222554
5.39,-1.6,-0.188269,0.0222554
5.392,-1.6,-0.188571,0.0222554
5.394,-1.6,-0.188168,0.0222554
5.396,-1.6,-0.188471,0.0222554
5.398,-1.6,-0.188168,0.0222554
5.4,-1.6,-0.188471,0.0222554
5.402,-1.6,-0.187766,0.0222554
5.404,-1.6,-0.187564,0.0222554
5.406,-1.6,-0.188974,0.0222554
5.408,-1.6,-0.188269,0.0222554
5.41,-1.6,-0.189176,0.0222554
5.412,-1.6,-0.188571,0.0222554
5.414,-1.6,-0.188874,0.0222554
5.416,-1.6,-0.188773,0.0222554
5.418,-1.6,-0.188773,0.0222554
5.42,-1.6,-0.189176,0.0222554
5.422,-1.6,-0.188269,0.0222554
5.424,-1.6,-0.188168,0.0222554
5.426,-1.6,-0.188168,0.0222554
5.428,-1.6,-0.188068,0.0222554
5.43,-1.6,-0.187967,0.0222554
5.432,-1.6,-0.188571,0.0222554
5.434,-1.6,-0.187866,0.0222554
5.436,-1.6,-0.187564,0.0237353
5.438,-1.6,-0.187564,0.0237353
5.44,-1.6,-0.187665,0.0237353
5.442,-1.6,-0.18696,0.0237353
5.444,-1.6,-0.187161,0.0237353
5.446,-1.6,-0.188068,0.0237353
5.448,-1.6,-0.187161,0.0237353
5.45,-1.6,-0.187363,0.0237353
5.452,-1.6,-0.187262,0.0237353
5.454,-1.6,-0.187665,0.0237353
5.456,-1.6,-0.18706,0.0237353
5.458,-1.6,-0.186154,0.0237353
5.46,-1.6,-0.186154,0.0237353
5.462,-1.6,-0.18706,0.0237353
5.464,-1.6,-0.186557,0.0237353
5.466,-1.6,-0.186758,0.0237353
5.468,-1.6,-0.186557,0.0237353
5.47,-1.6,-0.186557,0.0237353
5.472,-1.6,-0.185549,0.0237353
5.474,-1.6,-0.186355,0.0237353
5.476,-1.6,-0.186255,0.0237353
5.478,-1.6,-0.186255,0.0237353
5.48,-1.6,-0.185852,0.0237353
5.482,-1.6,-0.18565,0.0237353
5.484,-1.6,-0.184744,0.0237353
5.486,-1.6,-0.185147,0.0237353
5.488,-1.6,-0.185046,0.0237353
5.49,-1.6,-0.185348,0.0237353
5.492,-1.6,-0.184038,0.0237353
5.494,-1.6,-0.183938,0.0237353
5.496,-1.6,-0.183535,0.0237353
5.498,-1.6,-0.183233,-0.161106
5.5,-1.6,-0.183434,-0.161106
5.502,-1.6,-0.182427,-0.161106
5.504,-1.6,-0.182527,-0.161106
5.506,-1.6,-0.182125,-0.161106
5.508,-1.6,-0.183333,-0.161106
5.51,-1.6,-0.182427,-0.161106
5.512,-1.6,-0.190888,-0.161106
5.514,-1.6,-0.190284,-0.161106
5.516,-1.6,-0.188571,-0.161106
5.518,-1.6,-0.187665,-0.161106
5.52,-1.6,-0.188168,-0.161106
5.522,-1.6,-0.187161,-0.161106
5.524,-1.6,-0.186557,-0.161106
5.526,-1.6,-0.186355,-0.161106
5.528,-1.6,-0.18706,-0.161106
5.53,-1.6,-0.187564,-0.161106
5.532,-1.6,-0.187967,-0.161106
5.534,-1.6,-0.18706,-0.161106
5.536,-1.6,-0.187262,-0.161106
5.538,-1.6,-0.18696,-0.161106
5.54,-1.6,-0.187463,-0.161106
5.542,-1.6,-0.187161,-0.161106
5.544,-1.6,-0.186859,-0.161106
5.546,-1.6,-0.186557,-0.161106
5.548,-1.6,-0.187161,-0.161106
5.55,-1.6,-0.187766,-0.161106
5.552,-1.6,-0.186859,-0.161106
5.554,-1.6,-0.187766,-0.161106
5.556,-1.6,-0.187363,-0.161106
5.558,-1.6,-0.187363,-0.161106
5.56,-1.6,-0.186355,-0.161106
5.562,-1.6,-0.187262,-0.161106
5.564,-1.6,-0.186758,-0.161106
5.566,-1.6,-0.18706,-0.161106
5.568,-1.6,-0.187161,-0.161106
5.57,-1.6,-0.187161,-0.161106
5.572,-1.6,-0.188168,-0.161106
5.574,-1.6,-0.187262,-0.158069
5.576,-1.6,-0.187564,-0.15411
5.578,-1.6,-0.187463,-0.150341
5.58,-1.6,-0.187161,-0.146731
5.582,-1.6,-0.18706,-0.143307
5.584,-1.6,-0.186758,-0.140033
5.586,-1.6,-0.187665,-0.13691
5.588,-1.6,-0.186456,-0.13393
5.59,-1.6,-0.187262,-0.131061
5.592,-1.6,-0.187262,-0.128328
5.594,-1.6,-0.187564,-0.125702
5.596,-1.6,-0.18706,-0.123175
5.598,-1.6,-0.187363,-0.120751
5.6,-1.6,-0.186456,-0.118422
5.602,-1.6,-0.186557,-0.116179
5.604,-1.6,-0.186758,-0.114022
5.606,-1.6,-0.187161,-0.111934
5.608,-1.6,-0.18696,-0.109932
5.61,-1.6,-0.18696,-0.108003
5.612,-1.6,-0.187967,-0.106125
5.614,-1.6,-0.187161,-0.104324
5.616,-1.6,-0.187262,-0.102581
5.618,-1.6,-0.187564,-0.100894
5.62,-1.6,-0.186658,-0.0992605
5.622,-1.6,-0.186557,-0.0976786
5.624,-1.6,-0.186658,-0.096152
5.626,-1.6,-0.186658,-0.0946732
5.628,-1.6,-0.186758,-0.0932265
5.63,-1.6,-0.187363,-0.0918359
5.632,-1.6,-0.187866,-0.0904809
5.634,-1.6,-0.187161,-0.0891621
5.636,-1.6,-0.186758,-0.0878891
5.638,-1.6,-0.187161,-0.0866487
5.64,-1.6,-0.186355,-0.0854376
5.642,-1.6,-0.187161,-0.0842648
5.644,-1.6,-0.18696,-0.0831264
5.646,-1.6,-0.186456,-0.0820123
5.648,-1.6,-0.187665,-0.080931
5.65,-1.6,-0.187161,-0.0798799
5.652,-1.6,-0.186658,-0.0788537
5.654,-1.6,-0.187665,-0.077852
5.656,-1.6,-0.187564,-0.0768755
5.658,-1.6,-0.187564,-0.0759248
5.66,-1.6,-0.18706,-0.0749949
5.662,-1.6,-0.187262,-0.0740908
5.664,-1.6,-0.18696,-0.0732073
5.666,-1.6,-0.186758,-0.0723455
5.668,-1.6,-0.187463,-0.0715005
5.67,-1.6,-0.18706,-0.0706786
5.672,-1.6,-0.187564,-0.0698719
5.674,-1.6,-0.187866,-0.069085
5.676,-1.6,-0.187161,-0.0683174
5.678,-1.6,-0.187161,-0.0675645
5.68,-1.6,-0.187564,-0.0668283
5.682,-1.6,-0.186355,-0.0661085
5.684,-1.6,-0.186859,-0.0654038
5.686,-1.6,-0.187665,-0.064714
5.688,-1.6,-0.186658,-0.0640386
5.69,-1.6,-0.187463,-0.0633797
5.692,-1.6,-0.187161,-0.0627305
5.694,-1.6,-0.18706,-0.0620935
5.696,-1.6,-0.186758,-0.0614716
5.698,-1.6,-0.187665,-0.0608638
5.7,-1.6,-0.188068,-0.0602653
5.702,-1.6,-0.186456,-0.0596779
5.704,-1.6,-0.186658,-0.0591048
5.706,-1.6,-0.186758,-0.0585401
5.708,-1.6,-0.187262,-0.0579861
5.71,-1.6,-0.187463,-0.0574448
5.712,-1.6,-0.187665,-0.056911
5.714,-1.6,-0.187363,-0.0563873
5.716,-1.6,-0.187363,-0.0558737
5.718,-1.6,-0.187363,-0.055371
5.72,-1.6,-0.188068,-0.0548751
5.722,-1.6,-0.186859,-0.0543897
5.724,-1.6,-0.186255,-0.0539112
5.726,-1.6,-0.186154,-0.0534411
5.728,-1.6,-0.186859,-0.0529794
5.73,-1.6,-0.18696,-0.0525273
5.732,-1.6,-0.186557,-0.052082
5.734,-1.6,-0.186758,-0.0516428
5.736,-1.6,-0.187766,-0.0512109
5.738,-1.6,-0.187564,-0.0507865
5.74,-1.6,-0.18706,-0.0503709
5.742,-1.6,-0.187262,-0.0499599
5.744,-1.6,-0.187262,-0.0495566
5.746,-1.6,-0.18706,-0.0491601
5.748,-1.6,-0.187161,-0.0487703
5.75,-1.6,-0.187363,-0.0483841
5.752,-1.6,-0.187363,-0.0480061
5.754,-1.6,-0.186859,-0.0476326
5.756,-1.6,-0.186758,-0.0472667
5.758,-1.6,-0.187363,-0.0469062
5.76,-1.6,-0.186859,-0.0465485
5.762,-1.6,-0.187161,-0.0461991
5.764,-1.6,-0.187766,-0.0458533
5.766,-1.6,-0.187161,-0.0455127
5.768,-1.6,-0.186658,-0.0451783
5.77,-1.6,-0.186456,-0.0448477
5.772,-1.6,-0.187564,-0.0445232
5.774,-1.6,-0.187463,-0.0442018
5.776,-1.6,-0.187363,-0.0438851
5.778,-1.6,-0.186859,-0.0435742
5.78,-1.6,-0.186557,-0.0432679
5.782,-1.6,-0.187262,-0.0429634
5.784,-1.6,-0.187262,-0.0426655
5.786,-1.6,-0.18706,-0.0423705
5.788,-1.6,-0.187161,-0.0420793
5.79,-1.6,-0.187262,-0.0417933
5.792,-1.6,-0.186658,-0.0415107
5.794,-1.6,-0.187766,-0.0412311
5.796,-1.6,-0.18696,-0.0409565
5.798,-1.6,-0.186859,-0.0406846
5.8,-1.6,-0.186557,-0.0404172
5.802,-1.6,-0.186758,-0.0401529
5.804,-1.6,-0.187262,-0.0398912
5.806,-1.6,-0.18706,-0.0396338
5.808,-1.6,-0.186758,-0.0393794
5.81,-1.6,-0.186758,-0.0391279
5.812,-1.6,-0.187161,-0.0388806
5.814,-1.6,-0.187766,-0.0386355
5.816,-1.6,-0.187161,-0.0383932
5.818,-1.6,-0.187665,-0.038155
5.82,-1.6,-0.187564,-0.0379189
5.822,-1.6,-0.187564,-0.0376865
5.824,-1.6,-0.187262,-0.037456
5.826,-1.6,-0.187766,-0.0372285
5.828,-1.6,-0.186557,-0.0370055
5.83,-1.6,-0.187967,-0.0367825
5.832,-1.6,-0.186859,-0.0365631
5.834,-1.6,-0.187564,-0.036347
5.836,-1.6,-0.187766,-0.0361327
5.838,-1.6,-0.18696,-0.0359216
5.84,-1.6,-0.187564,-0.0357122
5.842,-1.6,-0.186255,-0.0355052
5.844,-1.6,-0.186658,-0.0353008
5.846,-1.6,-0.186557,-0.0350992
5.848,-1.6,-0.187564,-0.0348993
5.85,-1.6,-0.187262,-0.0347024
5.852,-1.6,-0.186658,-0.0345069
5.854,-1.6,-0.187463,-0.0343139
5.856,-1.6,-0.187161,-0.0341233
5.858,-1.6,-0.186758,-0.033935
5.86,-1.6,-0.186456,-0.0337488
5.862,-1.6,-0.186758,-0.0335631
5.864,-1.6,-0.187766,-0.0333809
5.866,-1.6,-0.18706,-0.0332
5.868,-1.6,-0.187463,-0.0330217
5.87,-1.6,-0.187262,-0.0328455
5.872,-1.6,-0.187363,-0.0326696
5.874,-1.6,-0.187161,-0.0324968
5.876,-1.6,-0.18706,-0.0323254
5.878,-1.6,-0.187161,-0.0321565
5.88,-1.6,-0.187262,-0.0319883
5.882,-1.6,-0.18696,-0.0318229
5.884,-1.6,-0.187564,-0.0316588
5.886,-1.6,-0.186859,-0.0314961
5.888,-1.6,-0.187161,-0.0313355
5.89,-1.6,-0.187665,-0.0311761
5.892,-1.6,-0.187363,-0.0310182
5.894,-1.6,-0.187161,-0.0308625
5.896,-1.6,-0.187665,-0.0307082
5.898,-1.6,-0.187262,-0.0305549
5.9,-1.6,-0.186758,-0.0302539
5.902,-1.6,-0.186859,-0.0301054
5.904,-1.6,-0.187161,-0.0299582
5.906,-1.6,-0.187564,-0.0298125
5.908,-1.6,-0.186355,-0.0296683
5.91,-1.6,-0.186859,-0.0295259
5.912,-1.6,-0.186758,-0.0293843
5.914,-1.6,-0.187363,-0.0292443
5.916,-1.6,-0.18706,-0.0291059
5.918,-1.6,-0.18706,-0.0289684
5.92,-1.6,-0.187363,-0.028832
5.922,-1.6,-0.187161,-0.0286973
5.924,-1.6,-0.187564,-0.0285635
5.926,-1.6,-0.187262,-0.0284315
5.928,-1.6,-0.187161,-0.0283002
5.93,-1.6,-0.187665,-0.0281701
5.932,-1.6,-0.188068,-0.0280414
5.934,-1.6,-0.18706,-0.0279141
5.936,-1.6,-0.187262,-0.0277876
5.938,-1.6,-0.187564,-0.0276621
5.94,-1.6,-0.188168,-0.0275383
5.942,-1.6,-0.187262,0.0274151
5.944,-1.6,-0.187161,0.0272933
5.946,-1.6,-0.186758,0.0271721
5.948,-1.6,-0.187463,0.0270526
5.95,-1.6,-0.187564,0.0269336
5.952,-1.6,-0.186758,0.0268161
5.954,-1.6,-0.187463,0.0266992
5.956,-1.6,-0.187363,0.0265838
5.958,-1.6,-0.187161,0.0264694
5.96,-1.6,-0.187463,0.0263551
5.962,-1.6,-0.187363,0.0262424
5.964,-1.6,-0.187564,0.0261307
5.966,-1.6,-0.187766,0.0260199
5.968,-1.6,-0.187463,0.02591
5.97,-1.6,-0.187463,0.524365
5.972,-1.6,-0.187463,0.524365
5.974,-1.6,-0.187463,0.524365
5.976,-1.6,-0.187564,0.524365
5.978,-1.6,-0.187766,0.524365
5.98,-1.6,-0.187564,0.524365
5.982,-1.6,-0.187463,0.524365
5.984,-1.6,-0.187766,0.524365
5.986,-1.6,-0.187161,0.524365
5.988,-1.6,-0.187665,0.524365
5.99,-1.6,-0.18706,0.524365
5.992,-1.6,-0.187463,0.524365
5.994,-1.6,-0.187262,0.509386
5.996,-1.6,-0.187363,0.470301
5.998,-1.6,-0.187766,0.436782
6,-1.5,-0.18706,0.407834
6.002,-1.5,-0.172656,0.382412
6.004,-1.5,-0.17326,0.359916
6.006,-1.5,-0.173462,0.339971
6.008,-1.5,-0.173965,0.322178
6.01,-1.5,-0.173159,0.306089
6.012,-1.5,-0.172857,0.291519
6.014,-1.5,-0.172555,0.27834
6.016,-1.5,-0.173361,0.266237
6.018,-1.5,-0.173562,0.255174
6.02,-1.5,-0.172756,0.244972
6.022,-1.5,-0.17326,0.235591
6.024,-1.5,-0.173059,0.226861
6.026,-1.5,-0.17326,0.218792
6.028,-1.5,-0.173059,0.211231
6.03,-1.5,-0.173059,0.204201
6.032,-1.5,-0.172756,0.197626
6.034,-1.5,-0.173159,0.191461
6.036,-1.5,-0.172555,0.185671
6.038,-1.5,-0.172656,0.180239
6.04,-1.5,-0.172857,0.175076
6.042,-1.5,-0.172555,0.170218
6.044,-1.5,-0.172353,0.165633
6.046,-1.5,-0.172656,0.16127
6.048,-1.5,-0.17326,0.157143
6.05,-1.5,-0.172253,0.153224
6.052,-1.5,-0.172051,0.149487
6.054,-1.5,-0.172152,0.145945
6.056,-1.5,-0.171749,0.142542
6.058,-1.5,-0.171548,0.139303
6.06,-1.5,-0.171447,0.136211
6.062,-1.5,-0.171548,0.133254
6.064,-1.5,-0.17054,0.0237891
6.066,-1.5,-0.170037,0.0237891
6.068,-1.5,-0.170137,0.0237891
6.07,-1.5,-0.170742,0.0237891
6.072,-1.5,-0.170641,0.0237891
6.074,-1.5,-0.170842,0.0237891
6.076,-1.5,-0.170238,0.0237891
6.078,-1.5,-0.169533,0.0237891
6.08,-1.5,-0.169533,0.0237891
6.082,-1.5,-0.168727,0.0237891
6.084,-1.5,-0.169432,0.0237891
6.086,-1.5,-0.168929,0.0237891
6.088,-1.5,-0.168022,0.0237891
6.09,-1.5,-0.177491,0.0237891
6.092,-1.5,-0.174469,0.0237891
6.094,-1.5,-0.173663,0.0237891
6.096,-1.5,-0.173159,0.0237891
6.098,-1.5,-0.172454,0.0237891
6.1,-1.5,-0.172958,0.0237891
6.102,-1.5,-0.172353,0.0237891
6.104,-1.5,-0.17185,0.0237891
6.106,-1.5,-0.170641,0.0237891
6.108,-1.5,-0.173663,0.0237891
6.11,-1.5,-0.171447,0.0237891
6.112,-1.5,-0.172353,0.0237891
6.114,-1.5,-0.173159,0.0237891
6.116,-1.5,-0.171447,0.0237891
6.118,-1.5,-0.172051,0.0237891
6.12,-1.5,-0.172555,0.0237891
6.122,-1.5,-0.171749,0.0237891
6.124,-1.5,-0.17326,0.0237891
6.126,-1.5,-0.172656,0.0237891
6.128,-1.5,-0.172454,0.0237891
6.13,-1.5,-0.172958,0.0237891
6.132,-1.5,-0.172857,0.0237891
6.134,-1.5,-0.172454,0.0237891
6.136,-1.5,-0.172454,0.0237891
6.138,-1.5,-0.172253,0.0237891
6.14,-1.5,-0.17326,0.0237891
6.142,-1.5,-0.172454,0.0237891
6.144,-1.5,-0.172353,0.0237891
6.146,-1.5,-0.173059,0.0237891
6.148,-1.5,-0.173159,0.0237891
6.15,-1.5,-0.172756,0.0237891
6.152,-1.5,-0.172555,0.0237891
6.154,-1.5,-0.172051,0.0237891
6.156,-1.5,-0.172051,0.0237891
6.158,-1.5,-0.17326,0.0237891
6.16,-1.5,-0.172756,0.0237891
6.162,-1.5,-0.172555,0.0237891
6.164,-1.5,-0.172152,0.0237891
6.166,-1.5,-0.172756,0.0237891
6.168,-1.5,-0.173361,0.0237891
6.17,-1.5,-0.172454,0.0237891
6.172,-1.5,-0.172857,0.0237891
6.174,-1.5,-0.172555,0.0237891
6.176,-1.5,-0.173159,0.0237891
6.178,-1.5,-0.17326,0.0237891
6.18,-1.5,-0.173663,0.0237891
6.182,-1.5,-0.172857,0.0237891
6.184,-1.5,-0.173059,0.0237891
6.186,-1.5,-0.172152,0.0237891
6.188,-1.5,-0.172051,0.0237891
6.19,-1.5,-0.172756,0.0237891
6.192,-1.5,-0.171548,0.0237891
6.194,-1.5,-0.172555,0.0237891
6.196,-1.5,-0.172555,0.0237891
6.198,-1.5,-0.172051,0.0237891
6.2,-1.5,-0.172152,0.0237891
6.202,-1.5,-0.172454,0.0237891
6.204,-1.5,-0.172555,0.0237891
6.206,-1.5,-0.172555,0.0237891
6.208,-1.5,-0.172051,0.0237891
6.21,-1.5,-0.172958,0.0237891
6.212,-1.5,-0.171951,0.0237891
6.214,-1.5,-0.171951,0.0237891
6.216,-1.5,-0.173159,0.0237891
6.218,-1.5,-0.172756,0.0237891
6.22,-1.5,-0.172051,0.0237891
6.222,-1.5,-0.172857,0.0237891
6.224,-1.5,-0.172454,0.0237891
6.226,-1.5,-0.172857,0.0237891
6.228,-1.5,-0.173361,0.0237891
6.23,-1.5,-0.172555,0.0237891
6.232,-1.5,-0.172353,0.0237891
6.234,-1.5,-0.172656,0.0237891
6.236,-1.5,-0.173059,0.0237891
6.238,-1.5,-0.171951,0.0237891
6.24,-1.5,-0.172756,0.0237891
6.242,-1.5,-0.172253,0.0237891
6.244,-1.5,-0.172555,0.0237891
6.246,-1.5,-0.172454,0.0237891
6.248,-1.5,-0.172857,0.0237891
6.25,-1.5,-0.172958,0.0237891
6.252,-1.5,-0.172958,0.0237891
6.254,-1.5,-0.171749,0.0237891
6.256,-1.5,-0.172253,0.0237891
6.258,-1.5,-0.172857,0.0237891
6.26,-1.5,-0.172253,0.0237891
6.262,-1.5,-0.172555,0.0237891
6.264,-1.5,-0.171548,0.0237891
6.266,-1.5,-0.171951,0.0237891
6.268,-1.5,-0.171951,0.0237891
6.27,-1.5,-0.172555,0.0237891
6.272,-1.5,-0.172958,0.0237891
6.274,-1.5,-0.172353,0.0237891
6.276,-1.5,-0.173059,0.0237891
6.278,-1.5,-0.172051,0.0237891
6.28,-1.5,-0.172656,0.0237891
6.282,-1.5,-0.172656,0.0237891
6.284,-1.5,-0.173361,0.0237891
6.286,-1.5,-0.172756,0.0237891
6.288,-1.5,-0.172656,0.0237891
6.29,-1.5,-0.172454,0.0237891
6.292,-1.5,-0.171749,0.0237891
6.294,-1.5,-0.172353,0.0237891
6.296,-1.5,-0.172353,0.0237891
6.298,-1.5,-0.172958,0.0237891
6.3,-1.5,-0.172152,0.0237891
6.302,-1.5,-0.17326,0.0237891
6.304,-1.5,-0.172756,0.0237891
6.306,-1.5,-0.172857,0.0237891
6.308,-1.5,-0.172756,0.0237891
6.31,-1.5,-0.172555,0.0237891
6.312,-1.5,-0.172656,0.0237891
6.314,-1.5,-0.172555,0.0237891
6.316,-1.5,-0.172656,0.0237891
6.318,-1.5,-0.172555,0.0237891
6.32,-1.5,-0.172454,0.0237891
6.322,-1.5,-0.172454,0.0237891
6.324,-1.5,-0.173361,0.0237891
6.326,-1.5,-0.173361,0.0237891
6.328,-1.5,-0.173361,0.0237891
6.33,-1.5,-0.172958,0.0237891
6.332,-1.5,-0.173059,0.0237891
6.334,-1.5,-0.172152,0.0237891
6.336,-1.5,-0.172353,0.0237891
6.338,-1.5,-0.172857,0.0237891
6.34,-1.5,-0.172454,0.0237891
6.342,-1.5,-0.172152,0.0237891
6.344,-1.5,-0.171346,0.0237891
6.346,-1.5,-0.172454,0.0237891
6.348,-1.5,-0.171951,0.0237891
6.35,-1.5,-0.172454,0.0237891
6.352,-1.5,-0.172152,0.0237891
6.354,-1.5,-0.172958,0.0237891
6.356,-1.5,-0.17326,0.0237891
6.358,-1.5,-0.172857,0.0237891
6.36,-1.5,-0.172857,0.0237891
6.362,-1.5,-0.172958,0.0237891
6.364,-1.5,-0.172152,0.0237891
6.366,-1.5,-0.172958,0.0237891
6.368,-1.5,-0.171648,0.0237891
6.37,-1.5,-0.172253,0.0237891
6.372,-1.5,-0.172353,0.0237891
6.374,-1.5,-0.172555,0.0237891
6.376,-1.5,-0.172958,0.0237891
6.378,-1.5,-0.173159,0.0237891
6.38,-1.5,-0.173059,0.0237891
6.382,-1.5,-0.172253,0.0237891
6.384,-1.5,-0.172857,0.0237891
6.386,-1.5,-0.173159,0.0237891
6.388,-1.5,-0.172555,0.0237891
6.39,-1.5,-0.171951,0.0237891
6.392,-1.5,-0.17185,0.0237891
6.394,-1.5,-0.172555,0.0237891
6.396,-1.5,-0.172656,0.0237891
6.398,-1.5,-0.17185,0.0237891
6.4,-1.5,-0.172555,0.0237891
6.402,-1.5,-0.172555,0.0237891
6.404,-1.5,-0.172454,0.0237891
6.406,-1.5,-0.171548,0.0237891
6.408,-1.5,-0.172555,0.0237891
6.41,-1.5,-0.172555,0.0237891
6.412,-1.5,-0.172555,0.0237891
6.414,-1.5,-0.172857,0.0237891
6.416,-1.5,-0.172656,0.0237891
6.418,-1.5,-0.172857,0.0237891
6.42,-1.5,-0.172253,0.0237891
6.422,-1.5,-0.172353,0.0237891
6.424,-1.5,-0.172353,0.0237891
6.426,-1.5,-0.17326,0.0237891
6.428,-1.5,-0.173663,0.0237891
6.43,-1.5,-0.172656,0.0237891
6.432,-1.5,-0.172756,0.0237891
6.434,-1.5,-0.172555,0.0237891
6.436,-1.5,-0.17185,0.0237891
6.438,-1.5,-0.172152,0.0237891
6.44,-1.5,-0.17185,0.0237891
6.442,-1.5,-0.171951,0.0237891
6.444,-1.5,-0.172958,0.0237891
6.446,-1.5,-0.172454,0.0237891
6.448,-1.5,-0.172353,0.0237891
6.45,-1.5,-0.172555,0.0237891
6.452,-1.5,-0.172454,0.0237891
6.454,-1.5,-0.172051,0.0237891
6.456,-1.5,-0.172454,0.0237891
6.458,-1.5,-0.173663,0.0237891
6.46,-1.5,-0.17326,0.0237891
6.462,-1.5,-0.172756,0.0237891
6.464,-1.5,-0.172051,0.0237891
6.466,-1.5,-0.172253,0.0237891
6.468,-1.5,-0.172454,0.0237891
6.47,-1.5,-0.173159,0.0237891
6.472,-1.5,-0.172253,0.0237891
6.474,-1.5,-0.172656,0.0237891
6.476,-1.5,-0.173462,0.0237891
6.478,-1.5,-0.17326,0.0237891
6.48,-1.5,-0.173059,0.0237891
6.482,-1.5,-0.172756,0.0237891
6.484,-1.5,-0.173059,0.0237891
6.486,-1.5,-0.173462,0.0237891
6.488,-1.5,-0.172756,0.0237891
6.49,-1.5,-0.172756,0.0237891
6.492,-1.5,-0.173059,0.0237891
6.494,-1.5,-0.172152,0.0237891
6.496,-1.5,-0.172958,0.0237891
6.498,-1.5,-0.173462,0.0237891
6.5,-1.5,-0.173361,0.0237891
6.502,-1.5,-0.173462,0.0237891
6.504,-1.5,-0.174066,0.0237891
6.506,-1.5,-0.173965,0.0237891
6.508,-1.5,-0.173663,0.0237891
6.51,-1.5,-0.173361,0.0237891
6.512,-1.5,-0.173663,0.0237891
6.514,-1.5,-0.17326,0.0237891
6.516,-1.5,-0.173864,0.0237891
6.518,-1.5,-0.173764,0.0237891
6.52,-1.5,-0.173462,0.0237891
6.522,-1.5,-0.173562,0.200101
6.524,-1.5,-0.173462,0.200101
6.526,-1.5,-0.173361,0.200101
6.528,-1.5,-0.172958,0.200101
6.53,-1.5,-0.173562,0.200101
6.532,-1.5,-0.173764,0.200101
6.534,-1.5,-0.173562,0.200101
6.536,-1.5,-0.172958,0.200101
6.538,-1.5,-0.173562,0.200101
6.54,-1.5,-0.173663,0.200101
6.542,-1.5,-0.173361,0.200101
6.544,-1.5,-0.173159,0.200101
6.546,-1.5,-0.174167,0.200101
6.548,-1.5,-0.174167,0.200101
6.55,-1.5,-0.17467,0.200101
6.552,-1.5,-0.174771,0.200101
6.554,-1.5,-0.17467,0.200101
6.556,-1.5,-0.174368,0.200101
6.558,-1.5,-0.175275,0.200101
6.56,-1.5,-0.174469,0.200101
6.562,-1.5,-0.174267,0.200101
6.564,-1.5,-0.173059,0.200101
6.566,-1.5,-0.173663,0.200101
6.568,-1.5,-0.174267,0.200101
6.57,-1.5,-0.173864,0.200101
6.572,-1.5,-0.173562,0.200101
6.574,-1.5,-0.174872,0.0261591
6.576,-1.5,-0.174368,0.0261591
6.578,-1.5,-0.174167,0.0261591
6.58,-1.5,-0.173663,0.0261591
6.582,-1.5,-0.174066,0.0261591
6.584,-1.5,-0.174167,0.0261591
6.586,-1.5,-0.174167,0.0261591
6.588,-1.5,-0.173562,0.0261591
6.59,-1.5,-0.174066,0.0261591
6.592,-1.5,-0.172756,0.0261591
6.594,-1.5,-0.174368,0.0261591
6.596,-1.5,-0.174167,0.0261591
6.598,-1.5,-0.174469,0.0261591
6.6,-1.5,-0.173562,0.0261591
6.602,-1.5,-0.174066,0.0261591
6.604,-1.5,-0.173159,0.0261591
6.606,-1.5,-0.173159,0.0261591
6.608,-1.5,-0.173361,0.0261591
6.61,-1.5,-0.173663,0.0261591
6.612,-1.5,-0.173562,0.0261591
6.614,-1.5,-0.172454,0.0261591
6.616,-1.5,-0.172152,0.0261591
6.618,-1.5,-0.172756,0.0261591
6.62,-1.5,-0.172555,0.0261591
6.622,-1.5,-0.172756,0.0261591
6.624,-1.5,-0.172051,0.0261591
6.626,-1.5,-0.17185,0.0261591
6.628,-1.5,-0.172353,0.0261591
6.63,-1.5,-0.171245,0.0261591
6.632,-1.5,-0.171346,0.0261591
6.634,-1.5,-0.171548,0.0261591
6.636,-1.5,-0.171145,0.0261591
6.638,-1.5,-0.171548,0.0261591
6.64,-1.5,-0.171044,0.0261591
6.642,-1.5,-0.170238,0.252856
6.644,-1.5,-0.17044,0.252856
6.646,-1.5,-0.169029,0.252856
6.648,-1.5,-0.169835,0.252856
6.65,-1.5,-0.170037,0.252856
6.652,-1.5,-0.169835,0.252856
6.654,-1.5,-0.16913,0.252856
6.656,-1.5,-0.168727,0.252856
6.658,-1.5,-0.168626,0.252856
6.66,-1.5,-0.168526,0.252856
6.662,-1.5,-0.168123,0.252856
6.664,-1.5,-0.168425,0.252856
6.666,-1.5,-0.167216,-0.213733
6.668,-1.5,-0.166813,-0.213733
6.67,-1.5,-0.167518,-0.213733
6.672,-1.5,-0.166914,-0.213733
6.674,-1.5,-0.166813,-0.213733
6.676,-1.5,-0.165604,-0.213733
6.678,-1.5,-0.175476,-0.213733
6.68,-1.5,-0.174872,-0.213733
6.682,-1.5,-0.172656,-0.213733
6.684,-1.5,-0.173965,-0.213733
6.686,-1.5,-0.173562,-0.213733
6.688,-1.5,-0.172152,-0.213733
6.69,-1.5,-0.171951,-0.213733
6.692,-1.5,-0.171648,-0.213733
6.694,-1.5,-0.171245,-0.213733
6.696,-1.5,-0.171346,-0.213733
6.698,-1.5,-0.172152,-0.213733
6.7,-1.5,-0.172353,-0.213733
6.702,-1.5,-0.171648,-0.213733
6.704,-1.5,-0.17185,-0.213733
6.706,-1.5,-0.173361,-0.213733
6.708,-1.5,-0.172958,-0.213733
6.71,-1.5,-0.172857,-0.213733
6.712,-1.5,-0.172555,-0.213733
6.714,-1.5,-0.172656,-0.213733
6.716,-1.5,-0.172253,-0.213733
6.718,-1.5,-0.171951,-0.213733
6.72,-1.5,-0.171648,-0.213733
6.722,-1.5,-0.172555,-0.213733
6.724,-1.5,-0.171749,-0.208711
6.726,-1.5,-0.172857,-0.201855
6.728,-1.5,-0.173159,-0.195443
6.73,-1.5,-0.172454,-0.189393
6.732,-1.5,-0.172857,-0.183715
6.734,-1.5,-0.172857,-0.178366
6.736,-1.5,-0.172152,-0.173342
6.738,-1.5,-0.171749,-0.168578
6.74,-1.5,-0.172353,-0.164073
6.742,-1.5,-0.172555,-0.159786
6.744,-1.5,-0.172051,-0.155755
6.746,-1.5,-0.172152,-0.151884
6.748,-1.5,-0.172958,-0.148211
6.75,-1.5,-0.172958,-0.144715
6.752,-1.5,-0.173059,-0.141391
6.754,-1.5,-0.173361,-0.138202
6.756,-1.5,-0.172656,-0.135156
6.758,-1.5,-0.172454,-0.132239
6.76,-1.5,-0.172555,-0.12945
6.762,-1.5,-0.172253,-0.126783
6.764,-1.5,-0.172253,-0.124209
6.766,-1.5,-0.172152,-0.121744
6.768,-1.5,-0.171951,-0.119379
6.77,-1.5,-0.171749,-0.117097
6.772,-1.5,-0.172253,-0.114907
6.774,-1.5,-0.172353,-0.112799
6.776,-1.5,-0.173562,-0.110755
6.778,-1.5,-0.172958,-0.108792
6.78,-1.5,-0.172958,-0.106903
6.782,-1.5,-0.173361,-0.10507
6.784,-1.5,-0.172253,-0.103299
6.786,-1.5,-0.172051,-0.101593
6.788,-1.5,-0.172857,-0.0999377
6.79,-1.5,-0.172958,-0.0983339
6.792,-1.5,-0.171749,-0.0967808
6.794,-1.5,-0.17185,-0.0952798
6.796,-1.5,-0.173059,-0.0938212
6.798,-1.5,-0.172353,-0.0924081
6.8,-1.5,-0.172656,-0.0910414
6.802,-1.5,-0.172051,-0.0897089
6.804,-1.5,-0.172656,-0.088416
6.806,-1.5,-0.173562,-0.0871571
6.808,-1.5,-0.17326,-0.0859368
6.81,-1.5,-0.172555,-0.0847515
6.812,-1.5,-0.172353,-0.0835954
6.814,-1.5,-0.172454,-0.0824718
6.816,-1.5,-0.172656,-0.0813816
6.818,-1.5,-0.173059,-0.0803151
6.82,-1.5,-0.172253,-0.0792761
6.822,-1.5,-0.172555,-0.0782663
6.824,-1.5,-0.172756,-0.0772778
6.826,-1.5,-0.172656,-0.0763188
6.828,-1.5,-0.172353,-0.0753833
6.83,-1.5,-0.172253,-0.0744682
6.832,-1.5,-0.173059,-0.0735732
6.834,-1.5,-0.173159,-0.0727061
6.836,-1.5,-0.173059,-0.0718485
6.838,-1.5,-0.17326,-0.0710201
6.84,-1.5,-0.172253,-0.0702055
6.842,-1.5,-0.171749,-0.0694133
6.844,-1.5,-0.172253,-0.0686368
6.846,-1.5,-0.171749,-0.0678772
6.848,-1.5,-0.173864,-0.0671345
6.85,-1.5,-0.173562,-0.0664099
6.852,-1.5,-0.173562,-0.0656948
6.854,-1.5,-0.172152,-0.0650011
6.856,-1.5,-0.17185,-0.0643199
6.858,-1.5,-0.172656,-0.0636517
6.86,-1.5,-0.173059,-0.0629974
6.862,-1.5,-0.173361,-0.062359
6.864,-1.5,-0.173159,-0.0617306
6.866,-1.5,-0.172253,-0.0611176
6.868,-1.5,-0.172253,-0.0605125
6.87,-1.5,-0.172756,-0.0599223
6.872,-1.5,-0.172958,-0.059343
6.874,-1.5,-0.173663,-0.0587726
6.876,-1.5,-0.173159,-0.0582166
6.878,-1.5,-0.173059,-0.0576698
6.88,-1.5,-0.172958,-0.0571332
6.882,-1.5,-0.172253,-0.0566039
6.884,-1.5,-0.173965,-0.056088
6.886,-1.5,-0.173159,-0.0555785
6.888,-1.5,-0.172454,-0.0550817
6.89,-1.5,-0.172152,-0.0545898
6.892,-1.5,-0.172555,-0.05411
6.894,-1.5,-0.172253,-0.0536363
6.896,-1.5,-0.172857,-0.0531708
6.898,-1.5,-0.173159,-0.0527139
6.9,-1.5,-0.172958,-0.0522654
6.902,-1.5,-0.173159,-0.0518252
6.904,-1.5,-0.172353,-0.051391
6.906,-1.5,-0.172656,-0.0509628
6.908,-1.5,-0.17326,-0.0505442
6.91,-1.5,-0.172051,-0.0501315
6.912,-1.5,-0.173764,-0.0497236
6.914,-1.5,-0.172857,-0.0493241
6.916,-1.5,-0.172756,-0.0489315
6.918,-1.5,-0.172857,-0.0485433
6.92,-1.5,-0.172454,-0.0481639
6.922,-1.5,-0.172656,-0.0477882
6.924,-1.5,-0.172756,-0.0474182
6.926,-1.5,-0.172353,-0.0470557
6.928,-1.5,-0.171951,-0.0466968
6.93,-1.5,-0.173361,-0.0463443
6.932,-1.5,-0.172353,-0.0459961
6.934,-1.5,-0.172152,-0.0456549
6.936,-1.5,-0.172756,-0.0453169
6.938,-1.5,-0.172253,-0.0449856
6.94,-1.5,-0.172454,-0.0446593
6.942,-1.5,-0.172051,-0.0443352
6.944,-1.5,-0.172253,-0.0440167
6.946,-1.5,-0.172756,-0.043704
6.948,-1.5,-0.172353,-0.0433946
6.95,-1.5,-0.172857,-0.0430893
6.952,-1.5,-0.173562,-0.0427895
6.954,-1.5,-0.172756,-0.0424928
6.956,-1.5,-0.17326,-0.0422013
6.958,-1.5,-0.171749,-0.0419117
6.96,-1.5,-0.172253,-0.0416282
6.962,-1.5,-0.172656,-0.0413472
6.964,-1.5,-0.172958,-0.0410711
6.966,-1.5,-0.172656,-0.0407976
6.968,-1.5,-0.172958,-0.0405278
6.97,-1.5,-0.172756,-0.0402626
6.972,-1.5,-0.172454,-0.0400009
6.974,-1.5,-0.171648,-0.0397407
6.976,-1.5,-0.173159,-0.0394845
6.978,-1.5,-0.172152,-0.0392328
6.98,-1.5,-0.173059,-0.0389831
6.982,-1.5,-0.172857,-0.0387377
6.984,-1.5,-0.172353,-0.0384937
6.986,-1.5,-0.172857,-0.0382542
6.988,-1.5,-0.172656,-0.0380169
6.99,-1.5,-0.172756,-0.0377834
6.992,-1.5,-0.172656,-0.0375519
6.994,-1.5,-0.172454,-0.0373229
6.996,-1.5,-0.172051,-0.037098
6.998,-1.5,-0.17185,-0.0368746
7,-1.4,-0.172353,-0.0366548
7.002,-1.4,-0.159158,-0.0364368
7.004,-1.4,-0.158855,-0.0362222
7.006,-1.4,-0.15956,-0.0360094
7.008,-1.4,-0.159661,-0.0357987
7.01,-1.4,-0.158755,-0.0355917
7.012,-1.4,-0.158352,-0.0353859
7.014,-1.4,-0.159258,-0.0351836
7.016,-1.4,-0.160165,-0.0349829
7.018,-1.4,-0.159359,-0.0347843
7.02,-1.4,-0.159762,-0.0345885
7.022,-1.4,-0.158755,-0.0343944
7.024,-1.4,-0.159359,-0.0342026
7.026,-1.4,-0.158755,-0.0340132
7.028,-1.4,-0.159258,-0.0338259
7.03,-1.4,-0.159359,-0.0336407
7.032,-1.4,-0.159258,-0.0334568
7.034,-1.4,-0.159359,-0.0332751
7.036,-1.4,-0.158553,-0.0330966
7.038,-1.4,-0.159158,-0.032918
7.04,-1.4,-0.159661,-0.0327429
7.042,-1.4,-0.160266,-0.0325685
7.044,-1.4,-0.159762,-0.0323971
7.046,-1.4,-0.159359,-0.0322269
7.048,-1.4,-0.158755,-0.0320587
7.05,-1.4,-0.158654,-0.0318915
7.052,-1.4,-0.159258,-0.0317268
7.054,-1.4,-0.159057,-0.0315634
7.056,-1.4,-0.158553,-0.0314023
7.058,-1.4,-0.159762,-0.0312422
7.06,-1.4,-0.158956,-0.0310837
7.062,-1.4,-0.159258,-0.0309275
7.064,-1.4,-0.160064,-0.0307722
7.066,-1.4,-0.159762,-0.0306188
7.068,-1.4,-0.160064,-0.0304672
7.07,-1.4,-0.159863,0.0303159
7.072,-1.4,-0.159661,0.0301672
7.074,-1.4,-0.160266,0.0300193
7.076,-1.4,-0.160165,0.0298732
7.078,-1.4,-0.161071,0.0297288
7.08,-1.4,-0.159863,0.029585
7.082,-1.4,-0.160064,0.0294432
7.084,-1.4,-0.160165,0.0293027
7.086,-1.4,-0.161172,0.0291635
7.088,-1.4,-0.159762,0.0290256
7.09,-1.4,-0.15956,0.74601
7.092,-1.4,-0.160165,0.74601
7.094,-1.4,-0.16087,0.74601
7.096,-1.4,-0.160769,0.74601
7.098,-1.4,-0.160668,0.74601
7.1,-1.4,-0.160467,0.74601
7.102,-1.4,-0.161877,0.74601
7.104,-1.4,-0.161273,0.74601
7.106,-1.4,-0.160266,0.721138
7.108,-1.4,-0.160568,0.645201
7.11,-1.4,-0.160366,0.583749
7.112,-1.4,-0.161071,0.532979
7.114,-1.4,-0.161273,0.49051
7.116,-1.4,-0.16087,0.454165
7.118,-1.4,-0.159863,0.42286
7.12,-1.4,-0.161273,0.395637
7.122,-1.4,-0.160971,0.371581
7.124,-1.4,-0.161676,0.350421
7.126,-1.4,-0.161273,0.314464
7.128,-1.4,-0.161575,0.299143
7.13,-1.4,-0.161877,0.285243
7.132,-1.4,-0.161374,0.0277746
7.134,-1.4,-0.161273,0.0277746
7.136,-1.4,-0.161172,0.0277746
7.138,-1.4,-0.160668,0.0277746
7.14,-1.4,-0.161071,0.0277746
7.142,-1.4,-0.160971,0.0277746
7.144,-1.4,-0.16087,0.0277746
7.146,-1.4,-0.161978,0.0277746
7.148,-1.4,-0.161474,0.0277746
7.15,-1.4,-0.161172,0.0277746
7.152,-1.4,-0.161575,0.0277746
7.154,-1.4,-0.161071,0.0277746
7.156,-1.4,-0.161474,0.0277746
7.158,-1.4,-0.161978,0.0277746
7.16,-1.4,-0.161877,0.0277746
7.162,-1.4,-0.161172,0.0277746
7.164,-1.4,-0.161071,0.353214
7.166,-1.4,-0.161777,0.353214
7.168,-1.4,-0.161172,0.353214
7.17,-1.4,-0.16087,0.353214
7.172,-1.4,-0.161877,0.353214
7.174,-1.4,-0.16087,0.353214
7.176,-1.4,-0.161273,0.353214
7.178,-1.4,-0.160266,0.353214
7.18,-1.4,-0.161071,0.353214
7.182,-1.4,-0.160165,0.353214
7.184,-1.4,-0.16087,0.353214
7.186,-1.4,-0.161273,0.353214
7.188,-1.4,-0.160165,0.353214
7.19,-1.4,-0.160769,0.353214
7.192,-1.4,-0.160165,0.353214
7.194,-1.4,-0.160668,0.353214
7.196,-1.4,-0.160668,0.353214
7.198,-1.4,-0.159661,0.349294
7.2,-1.4,-0.158654,0.330438
7.202,-1.4,-0.160266,0.313591
7.204,-1.4,-0.15946,0.298313
7.206,-1.4,-0.158654,0.284488
7.208,-1.4,-0.158956,0.27192
7.21,-1.4,-0.159359,0.260352
7.212,-1.4,-0.158049,0.249736
7.214,-1.4,-0.158049,0.240017
7.216,-1.4,-0.158553,0.230954
7.218,-1.4,-0.159258,0.222567
7.22,-1.4,-0.15815,-0.214818
7.222,-1.4,-0.157647,-0.207519
7.224,-1.4,-0.158049,-0.200744
7.226,-1.4,-0.158049,-0.194378
7.228,-1.4,-0.157244,-0.188394
7.23,-1.4,-0.156841,-0.34965
7.232,-1.4,-0.156337,-0.34965
7.234,-1.4,-0.156136,-0.34965
7.236,-1.4,-0.155632,-0.34965
7.238,-1.4,-0.155229,-0.34965
7.24,-1.4,-0.155229,-0.34965
7.242,-1.4,-0.15543,-0.34965
7.244,-1.4,-0.154725,-0.34965
7.246,-1.4,-0.154524,-0.34965
7.248,-1.4,-0.154927,-0.34965
7.25,-1.4,-0.154524,-0.34965
7.252,-1.4,-0.153919,-0.204454
7.254,-1.4,-0.154322,-0.204454
7.256,-1.4,-0.153516,-0.204454
7.258,-1.4,-0.153516,-0.204454
7.26,-1.4,-0.153819,-0.204454
7.262,-1.4,-0.153114,-0.204454
7.264,-1.4,-0.152711,-0.797718
7.266,-1.4,-0.151401,-0.797718
7.268,-1.4,-0.152005,-0.797718
7.27,-1.4,-0.151905,-0.797718
7.272,-1.4,-0.151905,-0.797718
7.274,-1.4,-0.156438,-0.797718
7.276,-1.4,-0.158755,-0.797718
7.278,-1.4,-0.161071,-0.797718
7.28,-1.4,-0.160064,-0.748578
7.282,-1.4,-0.160568,-0.667353
7.284,-1.4,-0.159158,-0.601843
7.286,-1.4,-0.159762,-0.547914
7.288,-1.4,-0.158956,-0.503133
7.29,-1.4,-0.158956,-0.464929
7.292,-1.4,-0.158251,-0.432228
7.294,-1.4,-0.157647,-0.403878
7.296,-1.4,-0.15956,-0.378828
7.298,-1.4,-0.158553,-0.356825
7.3,-1.4,-0.160165,-0.33722
7.302,-1.4,-0.159359,-0.319633
7.304,-1.4,-0.158855,-0.303853
7.306,-1.4,-0.158755,-0.289489
7.308,-1.4,-0.158654,-0.276432
7.31,-1.4,-0.159057,-0.264574
7.312,-1.4,-0.158755,-0.253576
7.314,-1.4,-0.160266,-0.243543
7.316,-1.4,-0.160266,-0.234221
7.318,-1.4,-0.159661,-0.225601
7.32,-1.4,-0.160769,-0.217641
7.322,-1.4,-0.158755,-0.210145
7.324,-1.4,-0.159359,-0.203189
7.326,-1.4,-0.159661,-0.196679
7.328,-1.4,-0.159057,-0.190587
7.33,-1.4,-0.158352,-0.184841
7.332,-1.4,-0.158855,-0.179429
7.334,-1.4,-0.159158,-0.174325
7.336,-1.4,-0.158956,-0.169525
7.338,-1.4,-0.158553,-0.16497
7.34,-1.4,-0.15946,-0.160637
7.342,-1.4,-0.159359,-0.156542
7.344,-1.4,-0.159661,-0.152652
7.346,-1.4,-0.158049,-0.148937
7.348,-1.4,-0.15956,-0.145409
7.35,-1.4,-0.158956,-0.142054
7.352,-1.4,-0.159057,-0.138827
7.354,-1.4,-0.158755,-0.135764
7.356,-1.4,-0.159057,-0.132821
7.358,-1.4,-0.158956,-0.130009
7.36,-1.4,-0.159057,-0.127314
7.362,-1.4,-0.158956,-0.124723
7.364,-1.4,-0.158553,-0.122235
7.366,-1.4,-0.158452,-0.119855
7.368,-1.4,-0.15956,-0.117561
7.37,-1.4,-0.159057,-0.115342
7.372,-1.4,-0.158855,-0.113218
7.374,-1.4,-0.15956,-0.111168
7.376,-1.4,-0.159359,-0.109185
7.378,-1.4,-0.158956,-0.107283
7.38,-1.4,-0.158654,-0.105432
7.382,-1.4,-0.158956,-0.103653
7.384,-1.4,-0.158956,-0.101937
7.386,-1.4,-0.159057,-0.100269
7.388,-1.4,-0.159258,-0.0986531
7.39,-1.4,-0.159258,-0.0970959
7.392,-1.4,-0.15946,-0.0955811
7.394,-1.4,-0.15946,-0.0941189
7.396,-1.4,-0.158251,-0.0926913
7.398,-1.4,-0.160064,-0.0913103
7.4,-1.4,-0.159359,-0.0899755
7.402,-1.4,-0.159359,-0.0886736
7.404,-1.4,-0.159963,-0.0874088
7.406,-1.4,-0.158755,-0.086183
7.408,-1.4,-0.159158,-0.0849917
7.41,-1.4,-0.159963,-0.0838282
7.412,-1.4,-0.158855,-0.0827011
7.414,-1.4,-0.160064,-0.081599
7.416,-1.4,-0.159863,-0.08053
7.418,-1.4,-0.15946,-0.0794863
7.42,-1.4,-0.159158,-0.0784678
7.422,-1.4,-0.15946,-0.0774772
7.424,-1.4,-0.159258,-0.0765111
7.426,-1.4,-0.158553,-0.0755726
7.428,-1.4,-0.15946,-0.0746492
7.43,-1.4,-0.159158,-0.073752
7.432,-1.4,-0.159258,-0.0728801
7.434,-1.4,-0.159258,-0.0720207
7.436,-1.4,-0.159057,-0.0711835
7.438,-1.4,-0.159158,-0.0703697
7.44,-1.4,-0.160064,-0.0695707
7.442,-1.4,-0.159158,-0.0687932
7.444,-1.4,-0.159863,-0.0680273
7.446,-1.4,-0.159359,-0.0672831
7.448,-1.4,-0.159258,-0.0665526
7.45,-1.4,-0.159258,-0.065839
7.452,-1.4,-0.159057,-0.065139
7.454,-1.4,-0.158956,-0.0644549
7.456,-1.4,-0.158452,-0.0637859
7.458,-1.4,-0.158956,-0.0631313
7.46,-1.4,-0.15956,-0.0624875
7.462,-1.4,-0.159057,-0.0618562
7.464,-1.4,-0.159158,-0.0612392
7.466,-1.4,-0.159158,-0.0606349
7.468,-1.4,-0.15956,-0.0600405
7.47,-1.4,-0.15946,-0.0594591
7.472,-1.4,-0.158956,-0.0588888
7.474,-1.4,-0.158352,-0.0583305
7.476,-1.4,-0.158654,-0.0577789
7.478,-1.4,-0.159661,-0.0572405
7.48,-1.4,-0.158452,-0.0567114
7.482,-1.4,-0.159057,-0.0561912
7.484,-1.4,-0.158956,-0.0556806
7.486,-1.4,-0.158251,-0.0551813
7.488,-1.4,-0.15946,-0.0546886
7.49,-1.4,-0.158654,-0.0542069
7.492,-1.4,-0.158352,-0.0537303
7.494,-1.4,-0.15956,-0.0532644
7.496,-1.4,-0.15946,-0.0528059
7.498,-1.4,-0.160165,-0.0523559
7.5,-1.4,-0.159258,-0.051914
7.502,-1.4,-0.159057,-0.0514767
7.504,-1.4,-0.158855,-0.0510489
7.506,-1.4,-0.160266,-0.0506288
7.508,-1.4,-0.159258,-0.0502144
7.51,-1.4,-0.158251,-0.0498057
7.512,-1.4,-0.158251,-0.0494046
7.514,-1.4,-0.158251,-0.0490105
7.516,-1.4,-0.158755,-0.0486231
7.518,-1.4,-0.15956,-0.0482392
7.52,-1.4,-0.158553,-0.0478635
7.522,-1.4,-0.158553,-0.0474939
7.524,-1.4,-0.158755,-0.0471276
7.526,-1.4,-0.159863,-0.0467693
7.528,-1.4,-0.15946,-0.0464151
7.53,-1.4,-0.158956,-0.0460674
7.532,-1.4,-0.15946,-0.0457237
7.534,-1.4,-0.159258,-0.0453854
7.536,-1.4,-0.159258,-0.0450523
7.538,-1.4,-0.159359,-0.0447249
7.54,-1.4,-0.158553,-0.0444006
7.542,-1.4,-0.159158,-0.0440813
7.544,-1.4,-0.158755,-0.0437668
7.546,-1.4,-0.159057,-0.0434564
7.548,-1.4,-0.158855,-0.043151
7.55,-1.4,-0.158855,-0.0428498
7.552,-1.4,-0.158956,-0.0425519
7.554,-1.4,-0.15946,-0.0422605
7.556,-1.4,-0.159158,-0.04197
7.558,-1.4,-0.158553,-0.0416854
7.56,-1.4,-0.160064,-0.0414035
7.562,-1.4,-0.159158,-0.0411269
7.564,-1.4,-0.15956,-0.0408536
7.566,-1.4,-0.159863,-0.0405823
7.568,-1.4,-0.15956,-0.0403163
7.57,-1.4,-0.15946,-0.0400535
7.572,-1.4,-0.159359,-0.0397924
7.574,-1.4,-0.159762,-0.0395368
7.576,-1.4,-0.158452,-0.0392831
7.578,-1.4,-0.159258,-0.039034
7.58,-1.4,-0.159258,-0.0387877
7.582,-1.4,-0.158553,-0.038543
7.584,-1.4,-0.159158,-0.0383025
7.586,-1.4,-0.159359,-0.0380657
7.588,-1.4,-0.159258,-0.0378297
7.59,-1.4,-0.159359,-0.0375987
7.592,-1.4,-0.159057,-0.0373691
7.594,-1.4,-0.159258,-0.0371436
7.596,-1.4,-0.158956,-0.0369205
7.598,-1.4,-0.15956,-0.0366988
7.6,-1.4,-0.15946,-0.036481
7.602,-1.4,-0.15956,-0.0362652
7.604,-1.4,-0.159158,-0.0360523
7.606,-1.4,-0.159057,-0.0358411
7.608,-1.4,-0.158855,-0.0356331
7.61,-1.4,-0.158553,-0.0354272
7.612,-1.4,-0.158855,-0.0352245
7.614,-1.4,-0.158956,-0.035023
7.616,-1.4,-0.159762,-0.034824
7.618,-1.4,-0.159158,-0.0346285
7.62,-1.4,-0.158755,-0.0344338
7.622,-1.4,-0.15946,-0.0342411
7.624,-1.4,-0.159762,-0.0340511
7.626,-1.4,-0.159661,-0.033863
7.628,-1.4,-0.158755,-0.0336778
7.63,-1.4,-0.159762,-0.0334933
7.632,-1.4,-0.159158,-0.0333121
7.634,-1.4,-0.159057,-0.033132
7.636,-1.4,-0.159661,-0.0329538
7.638,-1.4,-0.159057,-0.0327783
7.64,-1.4,-0.159057,-0.0326034
7.642,-1.4,-0.158553,-0.0324312
7.644,-1.4,-0.158755,-0.0322608
7.646,-1.4,-0.159661,-0.0320925
7.648,-1.4,-0.158855,-0.0319254
7.65,-1.4,-0.160064,-0.0317599
7.652,-1.4,-0.159158,-0.0315962
7.654,-1.4,-0.159158,-0.0314348
7.656,-1.4,-0.160165,-0.0312747
7.658,-1.4,-0.158855,-0.031116
7.66,-1.4,-0.159258,-0.0309586
7.662,-1.4,-0.160165,-0.0308036
7.664,-1.4,-0.159762,-0.0306495
7.666,-1.4,-0.159863,-0.030497
7.668,-1.4,-0.159963,-0.0303466
7.67,-1.4,-0.159661,-0.0301971
7.672,-1.4,-0.159359,0.0300492
7.674,-1.4,-0.159057,0.0299025
7.676,-1.4,-0.159863,0.0297582
7.678,-1.4,-0.15956,0.029614
7.68,-1.4,-0.160467,0.0294718
7.682,-1.4,-0.159258,0.0293306
7.684,-1.4,-0.159762,0.0291911
7.686,-1.4,-0.160266,0.0290535
7.688,-1.4,-0.159661,0.0289162
7.69,-1.4,-0.159661,0.0287803
7.692,-1.4,-0.160064,0.028646
7.694,-1.4,-0.159762,0.0285131
7.696,-1.4,-0.159258,0.0283815
7.698,-1.4,-0.159359,1.09239
7.7,-1.4,-0.159661,1.09239
7.702,-1.4,-0.159863,1.09239
7.704,-1.4,-0.159661,1.09239
7.706,-1.4,-0.159963,1.09239
7.708,-1.4,-0.159258,1.02791
7.71,-1.4,-0.159661,0.879705
7.712,-1.4,-0.160568,0.769718
7.714,-1.4,-0.160165,0.683933
7.716,-1.4,-0.160165,0.615154
7.718,-1.4,-0.160668,0.559229
7.72,-1.4,-0.159863,0.51247
7.722,-1.4,-0.15946,0.472928
7.724,-1.4,-0.159863,0.439193
7.726,-1.4,-0.161071,0.409727
7.728,-1.4,-0.160366,0.384161
7.73,-1.4,-0.159963,0.361492
7.732,-1.4,-0.160467,0.341359
7.734,-1.4,-0.159963,0.323404
7.736,-1.4,-0.160064,0.307213
7.738,-1.4,-0.160064,0.292565
7.74,-1.4,-0.15956,0.279216
7.742,-1.4,-0.159963,0.2671
7.744,-1.4,-0.160366,0.255964
7.746,-1.4,-0.160064,0.245685
7.748,-1.4,-0.159963,0.236231
7.75,-1.4,-0.160165,0.22748
7.752,-1.4,-0.160366,0.219344
7.754,-1.4,-0.160165,0.211774
7.756,-1.4,-0.159359,0.204713
7.758,-1.4,-0.160668,0.198104
7.76,-1.4,-0.15946,0.191912
7.762,-1.4,-0.15956,0.186093
7.764,-1.4,-0.159661,0.180615
7.766,-1.4,-0.159158,0.175451
7.768,-1.4,-0.159158,0.170564
7.77,-1.4,-0.159762,0.165963
7.772,-1.4,-0.159359,0.161584
7.774,-1.4,-0.15946,0.157439
7.776,-1.4,-0.159359,0.153499
7.778,-1.4,-0.158956,0.149756
7.78,-1.4,-0.159963,0.146188
7.782,-1.4,-0.159258,0.142788
7.784,-1.4,-0.158654,0.139541
7.786,-1.4,-0.158049,0.136439
7.788,-1.4,-0.158049,0.133464
7.79,-1.4,-0.158553,0.13063
7.792,-1.4,-0.157344,0.127897
7.794,-1.4,-0.157848,0.125286
7.796,-1.4,-0.157244,0.122779
7.798,-1.4,-0.156538,-0.120381
7.8,-1.4,-0.157546,-0.118055
7.802,-1.4,-0.156941,-0.115829
7.804,-1.4,-0.157546,-0.11368
7.806,-1.4,-0.156639,-0.111618
7.808,-1.4,-0.157244,-0.0264624
7.81,-1.4,-0.156337,-0.0264624
7.812,-1.4,-0.155934,-0.0264624
7.814,-1.4,-0.156337,-0.0264624
7.816,-1.4,-0.156538,-0.0264624
7.818,-1.4,-0.155934,-0.0264624
7.82,-1.4,-0.15543,-0.0264624
7.822,-1.4,-0.155229,-0.0264624
7.824,-1.4,-0.154625,-0.0264624
7.826,-1.4,-0.154725,-0.0264624
7.828,-1.4,-0.154725,-0.0264624
7.83,-1.4,-0.159359,-0.0264624
7.832,-1.4,-0.160165,-0.0264624
7.834,-1.4,-0.160165,-0.0264624
7.836,-1.4,-0.159258,-0.0264624
7.838,-1.4,-0.159661,-0.0264624
7.84,-1.4,-0.159258,-0.0264624
7.842,-1.4,-0.159057,-0.0264624
7.844,-1.4,-0.15815,-0.0264624
7.846,-1.4,-0.157848,-0.0264624
7.848,-1.4,-0.158352,-0.0264624
7.85,-1.4,-0.15956,-0.0264624
7.852,-1.4,-0.158755,-0.0264624
7.854,-1.4,-0.159359,-0.0264624
7.856,-1.4,-0.158755,-0.0264624
7.858,-1.4,-0.15956,-0.0264624
7.86,-1.4,-0.159258,-0.0264624
7.862,-1.4,-0.160064,-0.0264624
7.864,-1.4,-0.15946,-0.0264624
7.866,-1.4,-0.159661,-0.0264624
7.868,-1.4,-0.158956,-0.0264624
7.87,-1.4,-0.159661,-0.0264624
7.872,-1.4,-0.159963,-0.0264624
7.874,-1.4,-0.159258,-0.0264624
7.876,-1.4,-0.159258,-0.0264624
7.878,-1.4,-0.159258,-0.0264624
7.88,-1.4,-0.159158,-0.0264624
7.882,-1.4,-0.158956,-0.0264624
7.884,-1.4,-0.158352,-0.0264624
7.886,-1.4,-0.159258,-0.0264624
7.888,-1.4,-0.158855,-0.0264624
7.89,-1.4,-0.15946,-0.0264624
7.892,-1.4,-0.158855,-0.0264624
7.894,-1.4,-0.159863,-0.0264624
7.896,-1.4,-0.158956,-0.0264624
7.898,-1.4,-0.160064,-0.0264624
7.9,-1.4,-0.159057,-0.0264624
7.902,-1.4,-0.159762,-0.0264624
7.904,-1.4,-0.160266,-0.0264624
7.906,-1.4,-0.158956,-0.0264624
7.908,-1.4,-0.159057,-0.0264624
7.91,-1.4,-0.158755,-0.0264624
7.912,-1.4,-0.159359,-0.0264624
7.914,-1.4,-0.158956,-0.0264624
7.916,-1.4,-0.159158,-0.0264624
7.918,-1.4,-0.158251,-0.0264624
7.92,-1.4,-0.159057,-0.0264624
7.922,-1.4,-0.158755,-0.0264624
7.924,-1.4,-0.158956,-0.0264624
7.926,-1.4,-0.157445,-0.0264624
7.928,-1.4,-0.159258,-0.0264624
7.93,-1.4,-0.159258,-0.0264624
7.932,-1.4,-0.15956,-0.0264624
7.934,-1.4,-0.160165,-0.0264624
7.936,-1.4,-0.15956,-0.0264624
7.938,-1.4,-0.159258,-0.0264624
7.94,-1.4,-0.159661,-0.0264624
7.942,-1.4,-0.158654,-0.0264624
7.944,-1.4,-0.158654,-0.0264624
7.946,-1.4,-0.158956,-0.0264624
7.948,-1.4,-0.159158,-0.0264624
7.95,-1.4,-0.158855,-0.0264624
7.952,-1.4,-0.158855,-0.0264624
7.954,-1.4,-0.158755,-0.0264624
7.956,-1.4,-0.158251,-0.0264624
7.958,-1.4,-0.159359,-0.0264624
7.96,-1.4,-0.158755,-0.0264624
7.962,-1.4,-0.159057,-0.0264624
7.964,-1.4,-0.159661,-0.0264624
7.966,-1.4,-0.158755,-0.0264624
7.968,-1.4,-0.158654,-0.0264624
7.97,-1.4,-0.159057,-0.0264624
7.972,-1.4,-0.159158,-0.0264624
7.974,-1.4,-0.158251,-0.0264624
7.976,-1.4,-0.158352,-0.0264624
7.978,-1.4,-0.159057,-0.0264624
7.98,-1.4,-0.15956,-0.0264624
7.982,-1.4,-0.158654,-0.0264624
7.984,-1.4,-0.158352,-0.0264624
7.986,-1.4,-0.159661,-0.0264624
7.988,-1.4,-0.158755,-0.0264624
7.99,-1.4,-0.158654,-0.0264624
7.992,-1.4,-0.159057,-0.0264624
7.994,-1.4,-0.159359,-0.0264624
7.996,-1.4,-0.159359,-0.0264624
7.998,-1.4,-0.158855,-0.0264624
8,-1.3,-0.159258,-0.0264624
8.002,-1.3,-0.145559,-0.0264624
8.004,-1.3,-0.144551,-0.0264624
8.006,-1.3,-0.144652,-0.0264624
8.008,-1.3,-0.144551,-0.0264624
8.01,-1.3,-0.143645,-0.0264624
8.012,-1.3,-0.143846,-0.0264624
8.014,-1.3,-0.144954,-0.0264624
8.016,-1.3,-0.145256,-0.0264624
8.018,-1.3,-0.144853,-0.0264624
8.02,-1.3,-0.144551,-0.0264624
8.022,-1.3,-0.143846,-0.0264624
8.024,-1.3,-0.144853,-0.0264624
8.026,-1.3,-0.144753,-0.0264624
8.028,-1.3,-0.143443,-0.0264624
8.03,-1.3,-0.144048,-0.0264624
8.032,-1.3,-0.14435,-0.0264624
8.034,-1.3,-0.143846,-0.0264624
8.036,-1.3,-0.144551,-0.0264624
8.038,-1.3,-0.145156,-0.0264624
8.04,-1.3,-0.144249,-0.0264624
8.042,-1.3,-0.145055,-0.0264624
8.044,-1.3,-0.144451,-0.0264624
8.046,-1.3,-0.144249,-0.0264624
8.048,-1.3,-0.144249,-0.0264624
8.05,-1.3,-0.144551,-0.0264624
8.052,-1.3,-0.143846,-0.0264624
8.054,-1.3,-0.144148,-0.0264624
8.056,-1.3,-0.143947,-0.0264624
8.058,-1.3,-0.144048,-0.0264624
8.06,-1.3,-0.143947,-0.0264624
8.062,-1.3,-0.145156,-0.0264624
8.064,-1.3,-0.144551,-0.0264624
8.066,-1.3,-0.144249,-0.0264624
8.068,-1.3,-0.143544,-0.0264624
8.07,-1.3,-0.145055,-0.0264624
8.072,-1.3,-0.143947,-0.0264624
8.074,-1.3,-0.144652,-0.0264624
8.076,-1.3,-0.144954,-0.0264624
8.078,-1.3,-0.144148,-0.0264624
8.08,-1.3,-0.144551,-0.0264624
8.082,-1.3,-0.14435,-0.0264624
8.084,-1.3,-0.144148,-0.0264624
8.086,-1.3,-0.145055,-0.0264624
8.088,-1.3,-0.143846,-0.0264624
8.09,-1.3,-0.143745,-0.0264624
8.092,-1.3,-0.144853,-0.0264624
8.094,-1.3,-0.145156,-0.0264624
8.096,-1.3,-0.14435,-0.0264624
8.098,-1.3,-0.144652,-0.0264624
8.1,-1.3,-0.145156,-0.0264624
8.102,-1.3,-0.144249,-0.0264624
8.104,-1.3,-0.143846,-0.0264624
8.106,-1.3,-0.144551,-0.0264624
8.108,-1.3,-0.145055,-0.0264624
8.11,-1.3,-0.144652,-0.0264624
8.112,-1.3,-0.144249,-0.0264624
8.114,-1.3,-0.144551,-0.0264624
8.116,-1.3,-0.144551,-0.0264624
8.118,-1.3,-0.144652,-0.0264624
8.12,-1.3,-0.145055,-0.0264624
8.122,-1.3,-0.143947,-0.0264624
8.124,-1.3,-0.145055,-0.0264624
8.126,-1.3,-0.144451,-0.0264624
8.128,-1.3,-0.144853,-0.0264624
8.13,-1.3,-0.144148,-0.0264624
8.132,-1.3,-0.145256,-0.0264624
8.134,-1.3,-0.145055,-0.0264624
8.136,-1.3,-0.145156,-0.0264624
8.138,-1.3,-0.143645,-0.0264624
8.14,-1.3,-0.144551,-0.0264624
8.142,-1.3,-0.144551,-0.0264624
8.144,-1.3,-0.144551,-0.0264624
8.146,-1.3,-0.144652,-0.0264624
8.148,-1.3,-0.144853,-0.0264624
8.15,-1.3,-0.144451,-0.0264624
8.152,-1.3,-0.144652,-0.0264624
8.154,-1.3,-0.143544,-0.0264624
8.156,-1.3,-0.145256,-0.0264624
8.158,-1.3,-0.143645,-0.0264624
8.16,-1.3,-0.145055,-0.0264624
8.162,-1.3,-0.144753,-0.0264624
8.164,-1.3,-0.144652,-0.0264624
8.166,-1.3,-0.144954,-0.0264624
8.168,-1.3,-0.144148,-0.0264624
8.17,-1.3,-0.144853,-0.0264624
8.172,-1.3,-0.144853,-0.0264624
8.174,-1.3,-0.144148,-0.0264624
8.176,-1.3,-0.145055,-0.0264624
8.178,-1.3,-0.144753,-0.0264624
8.18,-1.3,-0.144048,-0.0264624
8.182,-1.3,-0.144048,-0.0264624
8.184,-1.3,-0.144652,-0.0264624
8.186,-1.3,-0.144551,-0.0264624
8.188,-1.3,-0.144954,-0.0264624
8.19,-1.3,-0.145055,-0.0264624
8.192,-1.3,-0.144249,-0.0264624
8.194,-1.3,-0.144249,-0.0264624
8.196,-1.3,-0.144148,-0.0264624
8.198,-1.3,-0.144551,-0.0264624
8.2,-1.3,-0.143846,-0.0264624
8.202,-1.3,-0.144652,-0.0264624
8.204,-1.3,-0.143947,-0.0264624
8.206,-1.3,-0.145256,-0.0264624
8.208,-1.3,-0.145055,-0.0264624
8.21,-1.3,-0.14435,-0.0264624
8.212,-1.3,-0.144551,-0.0264624
8.214,-1.3,-0.144451,-0.0264624
8.216,-1.3,-0.144048,-0.0264624
8.218,-1.3,-0.144451,-0.0264624
8.22,-1.3,-0.144551,-0.0264624
8.222,-1.3,-0.144954,-0.0264624
8.224,-1.3,-0.144148,-0.0264624
8.226,-1.3,-0.143947,-0.0264624
8.228,-1.3,-0.144551,-0.0264624
8.23,-1.3,-0.144853,-0.0264624
8.232,-1.3,-0.145357,-0.0264624
8.234,-1.3,-0.146163,-0.0264624
8.236,-1.3,-0.145559,-0.0264624
8.238,-1.3,-0.144954,-0.0264624
8.24,-1.3,-0.145861,-0.0264624
8.242,-1.3,-0.14576,-0.0264624
8.244,-1.3,-0.145357,-0.0264624
8.246,-1.3,-0.14576,-0.0264624
8.248,-1.3,-0.145962,-0.0264624
8.25,-1.3,-0.145962,0.140287
8.252,-1.3,-0.145256,0.140287
8.254,-1.3,-0.146264,0.140287
8.256,-1.3,-0.145962,0.140287
8.258,-1.3,-0.144954,0.140287
8.26,-1.3,-0.144853,0.140287
8.262,-1.3,-0.146364,0.140287
8.264,-1.3,-0.146163,0.140287
8.266,-1.3,-0.14576,0.140287
8.268,-1.3,-0.145458,0.140287
8.27,-1.3,-0.145861,0.140287
8.272,-1.3,-0.145156,0.140287
8.274,-1.3,-0.145962,0.140287
8.276,-1.3,-0.146566,0.140287
8.278,-1.3,-0.147372,0.140287
8.28,-1.3,-0.146868,0.140287
8.282,-1.3,-0.146364,0.140287
8.284,-1.3,-0.145659,0.140287
8.286,-1.3,-0.146062,0.140287
8.288,-1.3,-0.146465,0.140287
8.29,-1.3,-0.146364,0.140287
8.292,-1.3,-0.146667,0.140287
8.294,-1.3,-0.146667,0.140287
8.296,-1.3,-0.146667,0.0269197
8.298,-1.3,-0.146767,0.0269197
8.3,-1.3,-0.145962,0.0269197
8.302,-1.3,-0.146667,0.0269197
8.304,-1.3,-0.145962,0.0269197
8.306,-1.3,-0.146566,0.0269197
8.308,-1.3,-0.146062,0.0269197
8.31,-1.3,-0.146465,0.0269197
8.312,-1.3,-0.146062,0.0269197
8.314,-1.3,-0.146868,0.0269197
8.316,-1.3,-0.146868,0.0269197
8.318,-1.3,-0.145861,0.0269197
8.32,-1.3,-0.146667,0.0269197
8.322,-1.3,-0.145861,0.0269197
8.324,-1.3,-0.146566,0.0269197
8.326,-1.3,-0.147372,0.0269197
8.328,-1.3,-0.146163,0.0269197
8.33,-1.3,-0.146264,0.0269197
8.332,-1.3,-0.145861,0.334959
8.334,-1.3,-0.146062,0.334959
8.336,-1.3,-0.146667,0.334959
8.338,-1.3,-0.145156,0.334959
8.34,-1.3,-0.146163,0.334959
8.342,-1.3,-0.14576,0.334959
8.344,-1.3,-0.145256,0.334959
8.346,-1.3,-0.145962,0.334959
8.348,-1.3,-0.145458,0.334959
8.35,-1.3,-0.146163,0.334959
8.352,-1.3,-0.145559,0.334959
8.354,-1.3,-0.145559,0.334959
8.356,-1.3,-0.145559,0.334959
8.358,-1.3,-0.145256,0.334959
8.36,-1.3,-0.144451,0.334959
8.362,-1.3,-0.14435,0.334959
8.364,-1.3,-0.145055,0.334959
8.366,-1.3,-0.14576,0.334959
8.368,-1.3,-0.144249,0.327415
8.37,-1.3,-0.144451,0.310821
8.372,-1.3,-0.144753,0.295871
8.374,-1.3,-0.143846,0.282266
8.376,-1.3,-0.144048,0.246182
8.378,-1.3,-0.143342,0.246182
8.38,-1.3,-0.143443,0.246182
8.382,-1.3,-0.143544,0.246182
8.384,-1.3,-0.142839,0.246182
8.386,-1.3,-0.142637,0.246182
8.388,-1.3,-0.142436,0.246182
8.39,-1.3,-0.142335,0.246182
8.392,-1.3,-0.142134,0.246182
8.394,-1.3,-0.142436,0.246182
8.396,-1.3,-0.141731,0.246182
8.398,-1.3,-0.141026,0.246182
8.4,-1.3,-0.142033,0.246182
8.402,-1.3,-0.142537,0.246182
8.404,-1.3,-0.141529,0.246182
8.406,-1.3,-0.14022,0.246182
8.408,-1.3,-0.141126,0.246182
8.41,-1.3,-0.140824,-0.342951
8.412,-1.3,-0.14022,-0.342951
8.414,-1.3,-0.139716,-0.342951
8.416,-1.3,-0.139414,-0.342951
8.418,-1.3,-0.139515,-0.342951
8.42,-1.3,-0.139716,-0.342951
8.422,-1.3,-0.138004,-0.342951
8.424,-1.3,-0.13881,-0.342951
8.426,-1.3,-0.139112,-0.634233
8.428,-1.3,-0.13881,-0.634233
8.43,-1.3,-0.138104,-0.634233
8.432,-1.3,-0.137299,-0.634233
8.434,-1.3,-0.1375,-0.634233
8.436,-1.3,-0.13891,-0.634233
8.438,-1.3,-0.144048,-0.634233
8.44,-1.3,-0.145962,-0.634233
8.442,-1.3,-0.145055,-0.634233
8.444,-1.3,-0.145055,-0.630739
8.446,-1.3,-0.144853,-0.572117
8.448,-1.3,-0.144551,-0.52325
8.45,-1.3,-0.144148,-0.482083
8.452,-1.3,-0.14435,-0.446974
8.454,-1.3,-0.142839,-0.416721
8.456,-1.3,-0.14304,-0.390172
8.458,-1.3,-0.142738,-0.366802
8.46,-1.3,-0.144148,-0.346174
8.462,-1.3,-0.144048,-0.327732
8.464,-1.3,-0.144753,-0.31102
8.466,-1.3,-0.144753,-0.296055
8.468,-1.3,-0.143947,-0.282422
8.47,-1.3,-0.144753,-0.269972
8.472,-1.3,-0.144853,-0.258659
8.474,-1.3,-0.144954,-0.248179
8.476,-1.3,-0.143645,-0.238511
8.478,-1.3,-0.144954,-0.229591
8.48,-1.3,-0.144249,-0.221299
8.482,-1.3,-0.143745,-0.213607
8.484,-1.3,-0.144451,-0.206406
8.486,-1.3,-0.144048,-0.199709
8.488,-1.3,-0.144148,-0.193406
8.49,-1.3,-0.144551,-0.187489
8.492,-1.3,-0.145055,-0.181924
8.494,-1.3,-0.144954,-0.176703
8.496,-1.3,-0.144753,-0.171746
8.498,-1.3,-0.144451,-0.167064
8.5,-1.3,-0.144451,-0.162649
8.502,-1.3,-0.144753,-0.158437
8.504,-1.3,-0.14435,-0.154452
8.506,-1.3,-0.144048,-0.150665
8.508,-1.3,-0.144451,-0.147053
8.51,-1.3,-0.144249,-0.143614
8.512,-1.3,-0.144551,-0.14032
8.514,-1.3,-0.145256,-0.137193
8.516,-1.3,-0.144652,-0.134183
8.518,-1.3,-0.144249,-0.131321
8.52,-1.3,-0.14435,-0.128564
8.522,-1.3,-0.144148,-0.125922
8.524,-1.3,-0.144753,-0.123397
8.526,-1.3,-0.145256,-0.12096
8.528,-1.3,-0.144652,-0.118625
8.53,-1.3,-0.144954,-0.116373
8.532,-1.3,-0.145559,-0.114207
8.534,-1.3,-0.144451,-0.112116
8.536,-1.3,-0.144451,-0.110105
8.538,-1.3,-0.144551,-0.10817
8.54,-1.3,-0.144652,-0.106291
8.542,-1.3,-0.144249,-0.104481
8.544,-1.3,-0.144652,-0.102734
8.546,-1.3,-0.143947,-0.10105
8.548,-1.3,-0.144249,-0.0994043
8.55,-1.3,-0.143745,-0.0978223
8.552,-1.3,-0.144753,-0.096286
8.554,-1.3,-0.143846,-0.0947963
8.556,-1.3,-0.144551,-0.0933586
8.558,-1.3,-0.144249,-0.0919572
8.56,-1.3,-0.144652,-0.0906012
8.562,-1.3,-0.145256,-0.0892813
8.564,-1.3,-0.144652,-0.0880012
8.566,-1.3,-0.143645,-0.0867549
8.568,-1.3,-0.144753,-0.0855476
8.57,-1.3,-0.144753,-0.0843687
8.572,-1.3,-0.14435,-0.083227
8.574,-1.3,-0.144652,-0.0821129
8.576,-1.3,-0.144249,-0.08103
8.578,-1.3,-0.143544,-0.0799725
8.58,-1.3,-0.144652,-0.0789439
8.582,-1.3,-0.145559,-0.0779385
8.584,-1.3,-0.144652,-0.0769612
8.586,-1.3,-0.144249,-0.0760091
8.588,-1.3,-0.145055,-0.0750779
8.59,-1.3,-0.144853,-0.0741732
8.592,-1.3,-0.143443,-0.0732863
8.594,-1.3,-0.144551,-0.0724197
8.596,-1.3,-0.144451,-0.0715775
8.598,-1.3,-0.144551,-0.070751
8.6,-1.3,-0.144048,-0.0699427
8.602,-1.3,-0.144753,-0.0691554
8.604,-1.3,-0.144048,-0.0683838
8.606,-1.3,-0.144652,-0.06763
8.608,-1.3,-0.144551,-0.0668952
8.61,-1.3,-0.144853,-0.0661729
8.612,-1.3,-0.145659,-0.0654654
8.614,-1.3,-0.144551,-0.0647766
8.616,-1.3,-0.144753,-0.0640973
8.618,-1.3,-0.144753,-0.0634355
8.62,-1.3,-0.145357,-0.062788
8.622,-1.3,-0.144753,-0.0621521
8.624,-1.3,-0.144652,-0.0615266
8.626,-1.3,-0.144451,-0.0609177
8.628,-1.3,-0.144753,-0.0603179
8.63,-1.3,-0.144048,-0.0597298
8.632,-1.3,-0.144551,-0.059154
8.634,-1.3,-0.145156,-0.05859
8.636,-1.3,-0.144954,-0.0580376
8.638,-1.3,-0.143745,-0.0574914
8.64,-1.3,-0.144853,-0.0569586
8.642,-1.3,-0.143645,-0.056436
8.644,-1.3,-0.143947,-0.0559214
8.646,-1.3,-0.145055,-0.0554156
8.648,-1.3,-0.144148,-0.0549189
8.65,-1.3,-0.143745,-0.0544331
8.652,-1.3,-0.144652,-0.0539536
8.654,-1.3,-0.144853,-0.0534836
8.656,-1.3,-0.144551,-0.0530203
8.658,-1.3,-0.143947,-0.0525688
8.66,-1.3,-0.144148,-0.0521196
8.662,-1.3,-0.145055,-0.0516816
8.664,-1.3,-0.145156,-0.0512502
8.666,-1.3,-0.143745,-0.0508247
8.668,-1.3,-0.144148,-0.0504078
8.67,-1.3,-0.144652,-0.0499973
8.672,-1.3,-0.145357,-0.0495925
8.674,-1.3,-0.144753,-0.049196
8.676,-1.3,-0.144753,-0.0488042
8.678,-1.3,-0.144652,-0.0484184
8.68,-1.3,-0.144652,-0.0480403
8.682,-1.3,-0.144148,-0.0476665
8.684,-1.3,-0.14435,-0.0473
8.686,-1.3,-0.144853,-0.046938
8.688,-1.3,-0.143443,-0.0465806
8.69,-1.3,-0.144753,-0.0462299
8.692,-1.3,-0.144551,-0.0458843
8.694,-1.3,-0.144148,-0.0455432
8.696,-1.3,-0.144954,-0.0452075
8.698,-1.3,-0.144753,-0.0448774
8.7,-1.3,-0.145256,-0.0445524
8.702,-1.3,-0.144148,-0.0442306
8.704,-1.3,-0.144954,-0.0439136
8.706,-1.3,-0.144954,-0.0436014
8.708,-1.3,-0.143645,-0.0432942
8.71,-1.3,-0.145357,-0.0429903
8.712,-1.3,-0.144652,-0.0426911
8.714,-1.3,-0.143745,-0.0423968
8.716,-1.3,-0.143745,-0.0421063
8.718,-1.3,-0.144249,-0.0418195
8.72,-1.3,-0.145357,-0.0415352
8.722,-1.3,-0.144148,-0.0412567
8.724,-1.3,-0.14435,-0.0409806
8.726,-1.3,-0.144249,-0.0407096
8.728,-1.3,-0.144853,-0.0404406
8.73,-1.3,-0.145055,-0.0401755
8.732,-1.3,-0.14435,-0.039915
8.734,-1.3,-0.144148,-0.0396563
8.736,-1.3,-0.144954,-0.0394024
8.738,-1.3,-0.144551,-0.0391508
8.74,-1.3,-0.144652,-0.0389022
8.742,-1.3,-0.144954,-0.0386575
8.744,-1.3,-0.144451,-0.0384152
8.746,-1.3,-0.144753,-0.0381758
8.748,-1.3,-0.144954,-0.0379412
8.75,-1.3,-0.145861,-0.0377071
8.752,-1.3,-0.143544,-0.0374767
8.754,-1.3,-0.144853,-0.0372494
8.756,-1.3,-0.144249,-0.0370248
8.758,-1.3,-0.143745,-0.036803
8.76,-1.3,-0.144451,-0.0365827
8.762,-1.3,-0.145256,-0.0363658
8.764,-1.3,-0.144652,-0.0361517
8.766,-1.3,-0.145156,-0.0359405
8.768,-1.3,-0.143947,-0.0357311
8.77,-1.3,-0.14435,-0.0355243
8.772,-1.3,-0.145156,-0.0353195
8.774,-1.3,-0.143947,-0.0351174
8.776,-1.3,-0.144048,-0.0349173
8.778,-1.3,-0.144652,-0.0347203
8.78,-1.3,-0.144148,-0.034525
8.782,-1.3,-0.145055,-0.0343318
8.784,-1.3,-0.144451,-0.0341404
8.786,-1.3,-0.144048,-0.0339515
8.788,-1.3,-0.144652,-0.0337645
8.79,-1.3,-0.14435,-0.0335795
8.792,-1.3,-0.144853,-0.0333973
8.794,-1.3,-0.144954,-0.0332163
8.796,-1.3,-0.144451,-0.033038
8.798,-1.3,-0.145156,-0.0328608
8.8,-1.3,-0.143947,-0.0326854
8.802,-1.3,-0.143745,-0.0325123
8.804,-1.3,-0.144048,-0.0323407
8.806,-1.3,-0.143645,-0.0321714
8.808,-1.3,-0.144148,-0.0320037
8.81,-1.3,-0.144048,-0.0318375
8.812,-1.3,-0.144551,-0.0316737
8.814,-1.3,-0.144753,-0.0315103
8.816,-1.3,-0.144753,-0.0313498
8.818,-1.3,-0.145357,-0.0311904
8.82,-1.3,-0.145156,-0.0310324
8.822,-1.3,-0.144551,-0.0308764
8.824,-1.3,-0.144249,-0.0307219
8.826,-1.3,-0.145055,-0.0305686
8.828,-1.3,-0.145357,-0.0304172
8.83,-1.3,-0.144753,-0.0302669
8.832,-1.3,-0.145055,-0.0301182
8.834,-1.3,-0.144451,-0.0299712
8.836,-1.3,-0.144954,0.029826
8.838,-1.3,-0.144652,0.0296811
8.84,-1.3,-0.145559,0.0295383
8.842,-1.3,-0.145357,0.0293973
8.844,-1.3,-0.144853,0.0292566
8.846,-1.3,-0.145458,0.0291179
8.848,-1.3,-0.14435,0.0289807
8.85,-1.3,-0.146465,0.0288442
8.852,-1.3,-0.14576,0.0287095
8.854,-1.3,-0.144853,0.0285762
8.856,-1.3,-0.144249,0.0284433
8.858,-1.3,-0.145458,0.0283118
8.86,-1.3,-0.144451,0.0281818
8.862,-1.3,-0.144652,0.935122
8.864,-1.3,-0.14576,0.935122
8.866,-1.3,-0.145055,0.935122
8.868,-1.3,-0.146868,0.935122
8.87,-1.3,-0.145357,0.935122
8.872,-1.3,-0.145962,0.935122
8.874,-1.3,-0.145256,0.935122
8.876,-1.3,-0.14576,0.842184
8.878,-1.3,-0.145156,0.740444
8.88,-1.3,-0.145559,0.660952
8.882,-1.3,-0.144954,0.596736
8.884,-1.3,-0.145458,0.543707
8.886,-1.3,-0.145156,0.499554
8.888,-1.3,-0.144853,0.461808
8.89,-1.3,-0.145559,0.429579
8.892,-1.3,-0.145962,0.401441
8.894,-1.3,-0.145559,0.376763
8.896,-1.3,-0.145256,0.355019
8.898,-1.3,-0.146062,0.335615
8.9,-1.3,-0.14576,0.318188
8.902,-1.3,-0.145458,0.302506
8.904,-1.3,-0.145256,0.288301
8.906,-1.3,-0.144753,0.275357
8.908,-1.3,-0.144853,0.26351
8.91,-1.3,-0.145458,0.252663
8.912,-1.3,-0.145458,0.242677
8.914,-1.3,-0.145458,0.233441
8.916,-1.3,-0.145055,0.224892
8.918,-1.3,-0.145458,0.216926
8.92,-1.3,-0.14576,0.209542
8.922,-1.3,-0.145357,0.202617
8.924,-1.3,-0.14576,0.196127
8.926,-1.3,-0.145156,0.190053
8.928,-1.3,-0.144853,0.184358
8.93,-1.3,-0.145156,0.178959
8.932,-1.3,-0.144451,0.173891
8.934,-1.3,-0.144249,0.169118
8.936,-1.3,-0.145256,0.164572
8.938,-1.3,-0.143645,0.160276
8.94,-1.3,-0.143846,0.156195
8.942,-1.3,-0.144249,0.152319
8.944,-1.3,-0.14435,0.148632
8.946,-1.3,-0.144148,0.145109
8.948,-1.3,-0.143745,0.14175
8.95,-1.3,-0.143745,-0.138565
8.952,-1.3,-0.143342,-0.135501
8.954,-1.3,-0.143342,-0.132568
8.956,-1.3,-0.14294,-0.129766
8.958,-1.3,-0.142839,-0.127075
8.96,-1.3,-0.143745,-0.124503
8.962,-1.3,-0.142436,-0.122024
8.964,-1.3,-0.14294,-0.0261673
8.966,-1.3,-0.14294,-0.0261673
8.968,-1.3,-0.142436,-0.0261673
8.97,-1.3,-0.142134,-0.0261673
8.972,-1.3,-0.141932,-0.0261673
8.974,-1.3,-0.141731,-0.0261673
8.976,-1.3,-0.141126,-0.0261673
8.978,-1.3,-0.141328,-0.0261673
8.98,-1.3,-0.140723,-0.0261673
8.982,-1.3,-0.141227,-0.0261673
8.984,-1.3,-0.141026,-0.0261673
8.986,-1.3,-0.140723,-0.0261673
8.988,-1.3,-0.141529,-0.0261673
8.99,-1.3,-0.145861,-0.0261673
8.992,-1.3,-0.145962,-0.0261673
8.994,-1.3,-0.14576,-0.0261673
8.996,-1.3,-0.145458,-0.0261673
8.998,-1.3,-0.145156,-0.0261673
9,-1.2,-0.144954,-0.0261673
9.002,-1.2,-0.13196,-0.0261673
9.004,-1.2,-0.131255,-0.0261673
9.006,-1.2,-0.130852,-0.0261673
9.008,-1.2,-0.131154,-0.0261673
9.01,-1.2,-0.130549,-0.0261673
9.012,-1.2,-0.130348,-0.0261673
9.014,-1.2,-0.13065,-0.0261673
9.016,-1.2,-0.131557,-0.0261673
9.018,-1.2,-0.133168,-0.0261673
9.02,-1.2,-0.131154,-0.0261673
9.022,-1.2,-0.131658,-0.0261673
9.024,-1.2,-0.13196,-0.0261673
9.026,-1.2,-0.131355,-0.0261673
9.028,-1.2,-0.131154,-0.0261673
9.03,-1.2,-0.131255,-0.0261673
9.032,-1.2,-0.131456,-0.0261673
9.034,-1.2,-0.131154,-0.0261673
9.036,-1.2,-0.131053,-0.0261673
9.038,-1.2,-0.131456,-0.0261673
9.04,-1.2,-0.131456,-0.0261673
9.042,-1.2,-0.132463,-0.0261673
9.044,-1.2,-0.13206,-0.0261673
9.046,-1.2,-0.131859,-0.0261673
9.048,-1.2,-0.131658,-0.0261673
9.05,-1.2,-0.132866,-0.0261673
9.052,-1.2,-0.131355,-0.0261673
9.054,-1.2,-0.131758,-0.0261673
9.056,-1.2,-0.131355,-0.0261673
9.058,-1.2,-0.131658,-0.0261673
9.06,-1.2,-0.131658,-0.0261673
9.062,-1.2,-0.130852,-0.0261673
9.064,-1.2,-0.131859,-0.0261673
9.066,-1.2,-0.131355,-0.0261673
9.068,-1.2,-0.131859,-0.0261673
9.07,-1.2,-0.132665,-0.0261673
9.072,-1.2,-0.132967,-0.0261673
9.074,-1.2,-0.131859,-0.0261673
9.076,-1.2,-0.131758,-0.0261673
9.078,-1.2,-0.131658,-0.0261673
9.08,-1.2,-0.131859,-0.0261673
9.082,-1.2,-0.131456,-0.0261673
9.084,-1.2,-0.131255,-0.0261673
9.086,-1.2,-0.131053,-0.0261673
9.088,-1.2,-0.131255,-0.0261673
9.09,-1.2,-0.131154,-0.0261673
9.092,-1.2,-0.131859,-0.0261673
9.094,-1.2,-0.131658,-0.0261673
9.096,-1.2,-0.13196,-0.0261673
9.098,-1.2,-0.131557,-0.0261673
9.1,-1.2,-0.131859,-0.0261673
9.102,-1.2,-0.13196,-0.0261673
9.104,-1.2,-0.131053,-0.0261673
9.106,-1.2,-0.131355,-0.0261673
9.108,-1.2,-0.13196,-0.0261673
9.11,-1.2,-0.131859,-0.0261673
9.112,-1.2,-0.131456,-0.0261673
9.114,-1.2,-0.131355,-0.0261673
9.116,-1.2,-0.130549,-0.0261673
9.118,-1.2,-0.131456,-0.0261673
9.12,-1.2,-0.131557,-0.0261673
9.122,-1.2,-0.131859,-0.0261673
9.124,-1.2,-0.13206,-0.0261673
9.126,-1.2,-0.131658,-0.0261673
9.128,-1.2,-0.131557,-0.0261673
9.13,-1.2,-0.131859,-0.0261673
9.132,-1.2,-0.131557,-0.0261673
9.134,-1.2,-0.131658,-0.0261673
9.136,-1.2,-0.131557,-0.0261673
9.138,-1.2,-0.13196,-0.0261673
9.14,-1.2,-0.131154,-0.0261673
9.142,-1.2,-0.131557,-0.0261673
9.144,-1.2,-0.131859,-0.0261673
9.146,-1.2,-0.131456,-0.0261673
9.148,-1.2,-0.131557,-0.0261673
9.15,-1.2,-0.131355,-0.0261673
9.152,-1.2,-0.132161,-0.0261673
9.154,-1.2,-0.132363,-0.0261673
9.156,-1.2,-0.131658,-0.0261673
9.158,-1.2,-0.130852,-0.0261673
9.16,-1.2,-0.13196,-0.0261673
9.162,-1.2,-0.131758,-0.0261673
9.164,-1.2,-0.132564,-0.0261673
9.166,-1.2,-0.130751,-0.0261673
9.168,-1.2,-0.131557,-0.0261673
9.17,-1.2,-0.132161,-0.0261673
9.172,-1.2,-0.131355,-0.0261673
9.174,-1.2,-0.131557,-0.0261673
9.176,-1.2,-0.131859,-0.0261673
9.178,-1.2,-0.131456,-0.0261673
9.18,-1.2,-0.13206,-0.0261673
9.182,-1.2,-0.131557,-0.0261673
9.184,-1.2,-0.131758,-0.0261673
9.186,-1.2,-0.131758,-0.0261673
9.188,-1.2,-0.131053,-0.0261673
9.19,-1.2,-0.131557,-0.0261673
9.192,-1.2,-0.131758,-0.0261673
9.194,-1.2,-0.130852,-0.0261673
9.196,-1.2,-0.131557,-0.0261673
9.198,-1.2,-0.132262,-0.0261673
9.2,-1.2,-0.13206,-0.0261673
9.202,-1.2,-0.131859,-0.0261673
9.204,-1.2,-0.131557,-0.0261673
9.206,-1.2,-0.131355,-0.0261673
9.208,-1.2,-0.131456,-0.0261673
9.21,-1.2,-0.13196,-0.0261673
9.212,-1.2,-0.13196,-0.0261673
9.214,-1.2,-0.13196,-0.0261673
9.216,-1.2,-0.132564,-0.0261673
9.218,-1.2,-0.130952,-0.0261673
9.22,-1.2,-0.13196,-0.0261673
9.222,-1.2,-0.131456,-0.0261673
9.224,-1.2,-0.131758,-0.0261673
9.226,-1.2,-0.132262,-0.0261673
9.228,-1.2,-0.131859,-0.0261673
9.23,-1.2,-0.130751,-0.0261673
9.232,-1.2,-0.131758,-0.0261673
9.234,-1.2,-0.131255,-0.0261673
9.236,-1.2,-0.131456,-0.0261673
9.238,-1.2,-0.132161,-0.0261673
9.24,-1.2,-0.132363,-0.0261673
9.242,-1.2,-0.131154,-0.0261673
9.244,-1.2,-0.131859,-0.0261673
9.246,-1.2,-0.131658,-0.0261673
9.248,-1.2,-0.131658,-0.0261673
9.25,-1.2,-0.131758,-0.0261673
9.252,-1.2,-0.131859,-0.0261673
9.254,-1.2,-0.131758,-0.0261673
9.256,-1.2,-0.131053,-0.0261673
9.258,-1.2,-0.13206,-0.0261673
9.26,-1.2,-0.131859,-0.0261673
9.262,-1.2,-0.131255,-0.0261673
9.264,-1.2,-0.131758,-0.0261673
9.266,-1.2,-0.131859,-0.0261673
9.268,-1.2,-0.131859,-0.0261673
9.27,-1.2,-0.132161,-0.0261673
9.272,-1.2,-0.131758,-0.0261673
9.274,-1.2,-0.131154,-0.0261673
9.276,-1.2,-0.130952,-0.0261673
9.278,-1.2,-0.131758,-0.0261673
9.28,-1.2,-0.132766,-0.0261673
9.282,-1.2,-0.131154,-0.0261673
9.284,-1.2,-0.131255,-0.0261673
9.286,-1.2,-0.131355,-0.0261673
9.288,-1.2,-0.132262,-0.0261673
9.29,-1.2,-0.132866,-0.0261673
9.292,-1.2,-0.131758,-0.0261673
9.294,-1.2,-0.13196,-0.0261673
9.296,-1.2,-0.132161,-0.0261673
9.298,-1.2,-0.130449,-0.0261673
9.3,-1.2,-0.131355,-0.0261673
9.302,-1.2,-0.131658,-0.0261673
9.304,-1.2,-0.132262,-0.0261673
9.306,-1.2,-0.131658,-0.0261673
9.308,-1.2,-0.132463,-0.0261673
9.31,-1.2,-0.131255,-0.0261673
9.312,-1.2,-0.131557,-0.0261673
9.314,-1.2,-0.13196,-0.0261673
9.316,-1.2,-0.130751,-0.0261673
9.318,-1.2,-0.131658,-0.0261673
9.32,-1.2,-0.131758,-0.0261673
9.322,-1.2,-0.131557,-0.0261673
9.324,-1.2,-0.131557,-0.0261673
9.326,-1.2,-0.131154,-0.0261673
9.328,-1.2,-0.130751,-0.0261673
9.33,-1.2,-0.131456,-0.0261673
9.332,-1.2,-0.131053,-0.0261673
9.334,-1.2,-0.130952,-0.0261673
9.336,-1.2,-0.131456,-0.0261673
9.338,-1.2,-0.131758,-0.0261673
9.34,-1.2,-0.131456,-0.0261673
9.342,-1.2,-0.131758,-0.0261673
9.344,-1.2,-0.131758,-0.0261673
9.346,-1.2,-0.131355,-0.0261673
9.348,-1.2,-0.131557,-0.0261673
9.35,-1.2,-0.132161,-0.0261673
9.352,-1.2,-0.131154,-0.0261673
9.354,-1.2,-0.131658,-0.0261673
9.356,-1.2,-0.131154,-0.0261673
9.358,-1.2,-0.131255,-0.0261673
9.36,-1.2,-0.131456,-0.0261673
9.362,-1.2,-0.131658,-0.0261673
9.364,-1.2,-0.131255,-0.0261673
9.366,-1.2,-0.131859,-0.0261673
9.368,-1.2,-0.131758,-0.0261673
9.37,-1.2,-0.132363,-0.0261673
9.372,-1.2,-0.13196,-0.0261673
9.374,-1.2,-0.13206,-0.0261673
9.376,-1.2,-0.132262,-0.0261673
9.378,-1.2,-0.131658,-0.0261673
9.38,-1.2,-0.131355,-0.0261673
9.382,-1.2,-0.131658,-0.0261673
9.384,-1.2,-0.132161,-0.0261673
9.386,-1.2,-0.131154,-0.0261673
9.388,-1.2,-0.131758,-0.0261673
9.39,-1.2,-0.131859,-0.0261673
9.392,-1.2,-0.132564,-0.0261673
9.394,-1.2,-0.132463,-0.0261673
9.396,-1.2,-0.132161,-0.0261673
9.398,-1.2,-0.132463,-0.0261673
9.4,-1.2,-0.132766,-0.0261673
9.402,-1.2,-0.132766,-0.0261673
9.404,-1.2,-0.131456,-0.0261673
9.406,-1.2,-0.132564,-0.0261673
9.408,-1.2,-0.132665,-0.0261673
9.41,-1.2,-0.132463,-0.0261673
9.412,-1.2,-0.132463,-0.0261673
9.414,-1.2,-0.132363,-0.0261673
9.416,-1.2,-0.132665,0.152227
9.418,-1.2,-0.132967,0.152227
9.42,-1.2,-0.132665,0.152227
9.422,-1.2,-0.132564,0.152227
9.424,-1.2,-0.132161,0.152227
9.426,-1.2,-0.133068,0.152227
9.428,-1.2,-0.132665,0.152227
9.43,-1.2,-0.132866,0.152227
9.432,-1.2,-0.133068,0.152227
9.434,-1.2,-0.132967,0.152227
9.436,-1.2,-0.13337,0.152227
9.438,-1.2,-0.132866,0.152227
9.44,-1.2,-0.133269,0.152227
9.442,-1.2,-0.133269,0.152227
9.444,-1.2,-0.132564,0.152227
9.446,-1.2,-0.133571,0.152227
9.448,-1.2,-0.133974,0.152227
9.45,-1.2,-0.133571,0.152227
9.452,-1.2,-0.133269,0.152227
9.454,-1.2,-0.132564,0.152227
9.456,-1.2,-0.132866,0.152227
9.458,-1.2,-0.133168,0.152227
9.46,-1.2,-0.133571,0.152227
9.462,-1.2,-0.133874,0.152227
9.464,-1.2,-0.132967,0.0265726
9.466,-1.2,-0.133571,0.0265726
9.468,-1.2,-0.132262,0.0265726
9.47,-1.2,-0.132766,0.0265726
9.472,-1.2,-0.132967,0.0265726
9.474,-1.2,-0.133672,0.0265726
9.476,-1.2,-0.133068,0.0265726
9.478,-1.2,-0.133773,0.0265726
9.48,-1.2,-0.133269,0.0265726
9.482,-1.2,-0.133269,0.0265726
9.484,-1.2,-0.133571,0.0265726
9.486,-1.2,-0.13337,0.0265726
9.488,-1.2,-0.133068,0.0265726
9.49,-1.2,-0.132665,0.0265726
9.492,-1.2,-0.132967,0.0265726
9.494,-1.2,-0.133269,0.0265726
9.496,-1.2,-0.133471,0.0265726
9.498,-1.2,-0.133471,0.0265726
9.5,-1.2,-0.133269,0.0265726
9.502,-1.2,-0.13206,0.0265726
9.504,-1.2,-0.132866,0.0265726
9.506,-1.2,-0.133269,0.0265726
9.508,-1.2,-0.13206,0.0265726
9.51,-1.2,-0.132161,0.0265726
9.512,-1.2,-0.132463,0.290537
9.514,-1.2,-0.131658,0.290537
9.516,-1.2,-0.132564,0.290537
9.518,-1.2,-0.13206,0.290537
9.52,-1.2,-0.131456,0.290537
9.522,-1.2,-0.131859,0.290537
9.524,-1.2,-0.131557,0.290537
9.526,-1.2,-0.131456,0.290537
9.528,-1.2,-0.131154,0.290537
9.53,-1.2,-0.131255,0.290537
9.532,-1.2,-0.131859,0.290537
9.534,-1.2,-0.131053,0.290537
9.536,-1.2,-0.131557,0.290537
9.538,-1.2,-0.130852,0.290537
9.54,-1.2,-0.130046,0.290537
9.542,-1.2,-0.130852,0.290537
9.544,-1.2,-0.130046,0.290537
9.546,-1.2,-0.130449,0.290537
9.548,-1.2,-0.130247,0.290537
9.55,-1.2,-0.129844,0.290537
9.552,-1.2,-0.130147,0.290537
9.554,-1.2,-0.129844,-0.287298
9.556,-1.2,-0.129441,-0.274433
9.558,-1.2,-0.129844,-0.26267
9.56,-1.2,-0.129542,-0.25193
9.562,-1.2,-0.128736,-0.211492
9.564,-1.2,-0.128434,-0.211492
9.566,-1.2,-0.127427,-0.211492
9.568,-1.2,-0.128837,-0.211492
9.57,-1.2,-0.128535,-0.211492
9.572,-1.2,-0.12783,-0.211492
9.574,-1.2,-0.128333,-0.211492
9.576,-1.2,-0.128031,-0.211492
9.578,-1.2,-0.128837,-0.211492
9.58,-1.2,-0.127527,-0.211492
9.582,-1.2,-0.127326,-0.211492
9.584,-1.2,-0.126722,-0.394188
9.586,-1.2,-0.126822,-0.394188
9.588,-1.2,-0.126822,-0.394188
9.59,-1.2,-0.126419,-0.394188
9.592,-1.2,-0.125916,-0.394188
9.594,-1.2,-0.125916,-0.394188
9.596,-1.2,-0.128535,-0.394188
9.598,-1.2,-0.13206,-0.394188
9.6,-1.2,-0.13337,-0.394188
9.602,-1.2,-0.132564,-0.394188
9.604,-1.2,-0.131758,-0.394188
9.606,-1.2,-0.132262,-0.394188
9.608,-1.2,-0.131154,-0.394188
9.61,-1.2,-0.132161,-0.394188
9.612,-1.2,-0.132665,-0.394188
9.614,-1.2,-0.131557,-0.387957
9.616,-1.2,-0.130751,-0.364855
9.618,-1.2,-0.130449,-0.34444
9.62,-1.2,-0.13206,-0.326149
9.622,-1.2,-0.130348,-0.309669
9.624,-1.2,-0.131658,-0.294838
9.626,-1.2,-0.131355,-0.281256
9.628,-1.2,-0.130449,-0.268947
9.63,-1.2,-0.131053,-0.257659
9.632,-1.2,-0.131154,-0.247251
9.634,-1.2,-0.131154,-0.237703
9.636,-1.2,-0.13196,-0.228827
9.638,-1.2,-0.131658,-0.220596
9.64,-1.2,-0.131557,-0.212932
9.642,-1.2,-0.13206,-0.205783
9.644,-1.2,-0.131355,-0.199126
9.646,-1.2,-0.131658,-0.192852
9.648,-1.2,-0.131456,-0.186979
9.65,-1.2,-0.130449,-0.181467
9.652,-1.2,-0.132463,-0.176253
9.654,-1.2,-0.131758,-0.171317
9.656,-1.2,-0.131658,-0.166667
9.658,-1.2,-0.131456,-0.162257
9.66,-1.2,-0.131154,-0.158071
9.662,-1.2,-0.131557,-0.154112
9.664,-1.2,-0.132665,-0.150332
9.666,-1.2,-0.132665,-0.146755
9.668,-1.2,-0.131557,-0.143309
9.67,-1.2,-0.131859,-0.140044
9.672,-1.2,-0.131758,-0.136928
9.674,-1.2,-0.131255,-0.133934
9.676,-1.2,-0.131758,-0.13106
9.678,-1.2,-0.132161,-0.12832
9.68,-1.2,-0.132161,-0.1257
9.682,-1.2,-0.131053,-0.123172
9.684,-1.2,-0.13196,-0.120746
9.686,-1.2,-0.131859,-0.118419
9.688,-1.2,-0.132463,-0.116184
9.69,-1.2,-0.131355,-0.114017
9.692,-1.2,-0.131557,-0.111934
9.694,-1.2,-0.131557,-0.109934
9.696,-1.2,-0.131658,-0.107998
9.698,-1.2,-0.131154,-0.106137
9.7,-1.2,-0.131859,-0.104325
9.702,-1.2,-0.131355,-0.102578
9.704,-1.2,-0.131355,-0.100897
9.706,-1.2,-0.132766,-0.0992632
9.708,-1.2,-0.131456,-0.0976809
9.71,-1.2,-0.131255,-0.0961511
9.712,-1.2,-0.131255,-0.0946682
9.714,-1.2,-0.13206,-0.0932332
9.716,-1.2,-0.131859,-0.0918347
9.718,-1.2,-0.131355,-0.0904826
9.72,-1.2,-0.131557,-0.0891628
9.722,-1.2,-0.131355,-0.0878894
9.724,-1.2,-0.131658,-0.0866468
9.726,-1.2,-0.131355,-0.0854381
9.728,-1.2,-0.132363,-0.0842684
9.73,-1.2,-0.131355,-0.0831304
9.732,-1.2,-0.131053,-0.0820128
9.734,-1.2,-0.131355,-0.0809344
9.736,-1.2,-0.132564,-0.0798791
9.738,-1.2,-0.131758,-0.0788513
9.74,-1.2,-0.131154,-0.0778547
9.742,-1.2,-0.132161,-0.0768789
9.744,-1.2,-0.13206,-0.0759253
9.746,-1.2,-0.132161,-0.074999
9.748,-1.2,-0.131255,-0.0740929
9.75,-1.2,-0.13196,-0.073209
9.752,-1.2,-0.131658,-0.0723458
9.754,-1.2,-0.131355,-0.071503
9.756,-1.2,-0.130852,-0.0706788
9.758,-1.2,-0.131456,-0.0698739
9.76,-1.2,-0.131355,-0.0690874
9.762,-1.2,-0.131758,-0.0683206
9.764,-1.2,-0.131355,-0.067564
9.766,-1.2,-0.131355,-0.0668304
9.768,-1.2,-0.13206,-0.0661104
9.77,-1.2,-0.13206,-0.0654035
9.772,-1.2,-0.131859,-0.064716
9.774,-1.2,-0.132363,-0.0640404
9.776,-1.2,-0.131758,-0.0633768
9.778,-1.2,-0.131658,-0.0627292
9.78,-1.2,-0.131456,-0.0620934
9.782,-1.2,-0.131658,-0.061473
9.784,-1.2,-0.131255,-0.0608623
9.786,-1.2,-0.131557,-0.060266
9.788,-1.2,-0.131355,-0.0596791
9.79,-1.2,-0.13196,-0.0591043
9.792,-1.2,-0.131355,-0.0585397
9.794,-1.2,-0.132262,-0.0579879
9.796,-1.2,-0.131255,-0.0574438
9.798,-1.2,-0.131154,-0.0569104
9.8,-1.2,-0.131658,-0.0563878
9.802,-1.2,-0.132161,-0.0558757
9.804,-1.2,-0.132766,-0.0553719
9.806,-1.2,-0.131255,-0.0548757
9.808,-1.2,-0.131154,-0.0543887
9.81,-1.2,-0.131255,-0.0539106
9.812,-1.2,-0.131255,-0.0534417
9.814,-1.2,-0.131456,-0.0529798
9.816,-1.2,-0.131053,-0.0525257
9.818,-1.2,-0.131456,-0.0520808
9.82,-1.2,-0.131557,-0.0516438
9.822,-1.2,-0.131658,-0.0512109
9.824,-1.2,-0.132262,-0.0507874
9.826,-1.2,-0.132262,-0.0503707
9.828,-1.2,-0.13196,-0.0499598
9.83,-1.2,-0.131456,-0.0495568
9.832,-1.2,-0.131355,-0.04916
9.834,-1.2,-0.131355,-0.0487698
9.836,-1.2,-0.131658,-0.0483861
9.838,-1.2,-0.131255,-0.048006
9.84,-1.2,-0.130751,-0.0476338
9.842,-1.2,-0.131456,-0.0472668
9.844,-1.2,-0.131456,-0.0469049
9.846,-1.2,-0.133068,-0.0465501
9.848,-1.2,-0.13196,-0.0461988
9.85,-1.2,-0.131355,-0.0458531
9.852,-1.2,-0.132766,-0.045514
9.854,-1.2,-0.13196,-0.0451788
9.856,-1.2,-0.13206,-0.044848
9.858,-1.2,-0.131557,-0.0445223
9.86,-1.2,-0.13196,-0.0442017
9.862,-1.2,-0.131456,-0.0438865
9.864,-1.2,-0.131355,-0.0435735
9.866,-1.2,-0.131658,-0.0432665
9.868,-1.2,-0.131758,-0.0429636
9.87,-1.2,-0.13196,-0.0426655
9.872,-1.2,-0.13196,-0.0423706
9.874,-1.2,-0.132262,-0.0420797
9.876,-1.2,-0.131255,-0.0417933
9.878,-1.2,-0.132262,-0.0415114
9.88,-1.2,-0.131557,-0.0412313
9.882,-1.2,-0.132262,-0.0409567
9.884,-1.2,-0.131154,-0.0406856
9.886,-1.2,-0.132363,-0.0404165
9.888,-1.2,-0.131456,-0.040152
9.89,-1.2,-0.131859,-0.0398912
9.892,-1.2,-0.131355,-0.039634
9.894,-1.2,-0.13065,-0.0393799
9.896,-1.2,-0.131053,-0.0391278
9.898,-1.2,-0.131456,-0.0388803
9.9,-1.2,-0.130751,-0.0386351
9.902,-1.2,-0.132161,-0.0383941
9.904,-1.2,-0.131355,-0.0381546
9.906,-1.2,-0.131859,-0.037919
9.908,-1.2,-0.131355,-0.0376868
9.91,-1.2,-0.131557,-0.037456
9.912,-1.2,-0.13196,-0.0372294
9.914,-1.2,-0.131255,-0.0370045
9.916,-1.2,-0.132262,-0.0367824
9.918,-1.2,-0.131255,-0.0365638
9.92,-1.2,-0.13206,-0.0363469
9.922,-1.2,-0.131154,-0.0361331
9.924,-1.2,-0.13196,-0.0359213
9.926,-1.2,-0.131758,-0.035712
9.928,-1.2,-0.130952,-0.0355054
9.93,-1.2,-0.131355,-0.0353009
9.932,-1.2,-0.131557,-0.0350991
9.934,-1.2,-0.132262,-0.0348994
9.936,-1.2,-0.131557,-0.0347027
9.938,-1.2,-0.13196,-0.0345073
9.94,-1.2,-0.130449,-0.034314
9.942,-1.2,-0.131557,-0.0341236
9.944,-1.2,-0.131154,-0.0339346
9.946,-1.2,-0.130449,-0.0337477
9.948,-1.2,-0.131154,-0.0335634
9.95,-1.2,-0.131154,-0.0333808
9.952,-1.2,-0.131658,-0.0332007
9.954,-1.2,-0.13196,-0.0330213
9.956,-1.2,-0.131053,-0.0328449
9.958,-1.2,-0.131859,-0.0326701
9.96,-1.2,-0.132665,-0.0324971
9.962,-1.2,-0.131456,-0.0323257
9.964,-1.2,-0.13206,-0.032156
9.966,-1.2,-0.131355,-0.0319889
9.968,-1.2,-0.132463,-0.0318226
9.97,-1.2,-0.131658,-0.0316585
9.972,-1.2,-0.132463,-0.0314962
9.974,-1.2,-0.131255,-0.0313359
9.976,-1.2,-0.131859,-0.0311759
9.978,-1.2,-0.131859,-0.0310187
9.98,-1.2,-0.13206,-0.0308621
9.982,-1.2,-0.13206,-0.0307078
9.984,-1.2,-0.13206,-0.0305554
9.986,-1.2,-0.132161,-0.0304033
9.988,-1.2,-0.131456,-0.0302537
9.99,-1.2,-0.132161,-0.030105
9.992,-1.2,-0.13196,-0.0299584
9.994,-1.2,-0.132564,-0.0298128
9.996,-1.2,-0.132866,0.0296689
9.998,-1.2,-0.132665,0.0295261
10,-1.1,-0.132363,0.0293848
10.002,-1.1,-0.120375,0.0292445
10.004,-1.1,-0.11957,0.0291058
10.006,-1.1,-0.120778,0.0289688
10.008,-1.1,-0.120678,0.0288321
10.01,-1.1,-0.11967,0.0286973
10.012,-1.1,-0.119167,0.0285636
10.014,-1.1,-0.120275,0.0284315
10.016,-1.1,-0.120476,0.0283006
10.018,-1.1,-0.119872,0.741023
10.02,-1.1,-0.120174,0.741023
10.022,-1.1,-0.121484,0.741023
10.024,-1.1,-0.120375,0.741023
10.026,-1.1,-0.120275,0.741023
10.028,-1.1,-0.120778,0.741023
10.03,-1.1,-0.121383,0.741023
10.032,-1.1,-0.120174,0.741023
10.034,-1.1,-0.120275,0.741023
10.036,-1.1,-0.12098,0.679544
10.038,-1.1,-0.121383,0.611874
10.04,-1.1,-0.12098,0.556108
10.042,-1.1,-0.121584,0.509969
10.044,-1.1,-0.120778,0.470835
10.046,-1.1,-0.120778,0.437362
10.048,-1.1,-0.121383,0.408278
10.05,-1.1,-0.121484,0.382715
10.052,-1.1,-0.121383,0.360256
10.054,-1.1,-0.120476,0.340357
10.056,-1.1,-0.121886,0.322404
10.058,-1.1,-0.121484,0.306319
10.06,-1.1,-0.119771,0.291754
10.062,-1.1,-0.12098,0.027089
10.064,-1.1,-0.120879,0.027089
10.066,-1.1,-0.121081,0.027089
10.068,-1.1,-0.120778,0.027089
10.07,-1.1,-0.12098,0.027089
10.072,-1.1,-0.121584,0.027089
10.074,-1.1,-0.121584,0.027089
10.076,-1.1,-0.120476,0.027089
10.078,-1.1,-0.121081,0.027089
10.08,-1.1,-0.121484,0.027089
10.082,-1.1,-0.120879,0.027089
10.084,-1.1,-0.121081,0.027089
10.086,-1.1,-0.120778,0.027089
10.088,-1.1,-0.121282,0.027089
10.09,-1.1,-0.121282,0.027089
10.092,-1.1,-0.120073,0.027089
10.094,-1.1,-0.12098,0.027089
10.096,-1.1,-0.120275,0.027089
10.098,-1.1,-0.120174,0.027089
10.1,-1.1,-0.120577,0.027089
10.102,-1.1,-0.120174,0.027089
10.104,-1.1,-0.120174,0.027089
10.106,-1.1,-0.11957,0.027089
10.108,-1.1,-0.120879,0.027089
10.11,-1.1,-0.11967,0.314743
10.112,-1.1,-0.11957,0.314743
10.114,-1.1,-0.119771,0.314743
10.116,-1.1,-0.118562,0.314743
10.118,-1.1,-0.11967,0.314743
10.12,-1.1,-0.120073,0.314743
10.122,-1.1,-0.120073,0.314743
10.124,-1.1,-0.119066,0.314743
10.126,-1.1,-0.119267,0.314743
10.128,-1.1,-0.118864,0.314743
10.13,-1.1,-0.11826,0.314743
10.132,-1.1,-0.118562,0.314743
10.134,-1.1,-0.117454,0.314743
10.136,-1.1,-0.118764,0.314743
10.138,-1.1,-0.117857,0.314743
10.14,-1.1,-0.118159,0.314743
10.142,-1.1,-0.117958,0.314743
10.144,-1.1,-0.117958,0.314743
10.146,-1.1,-0.117353,0.314743
10.148,-1.1,-0.117051,0.314743
10.15,-1.1,-0.116548,-0.299468
10.152,-1.1,-0.116648,-0.285512
10.154,-1.1,-0.116245,-0.272857
10.156,-1.1,-0.116346,-0.233983
10.158,-1.1,-0.115943,-0.233983
10.16,-1.1,-0.116648,-0.233983
10.162,-1.1,-0.116346,-0.233983
10.164,-1.1,-0.116044,-0.233983
10.166,-1.1,-0.11554,-0.233983
10.168,-1.1,-0.115238,-0.233983
10.17,-1.1,-0.115943,-0.233983
10.172,-1.1,-0.114734,-0.233983
10.174,-1.1,-0.115037,-0.233983
10.176,-1.1,-0.114432,-0.233983
10.178,-1.1,-0.114936,-0.378164
10.18,-1.1,-0.114936,-0.378164
10.182,-1.1,-0.114432,-0.378164
10.184,-1.1,-0.114835,-0.378164
10.186,-1.1,-0.114231,-0.378164
10.188,-1.1,-0.113425,-0.378164
10.19,-1.1,-0.115037,-0.378164
10.192,-1.1,-0.119167,-0.378164
10.194,-1.1,-0.120778,-0.378164
10.196,-1.1,-0.119771,-0.378164
10.198,-1.1,-0.120476,-0.378164
10.2,-1.1,-0.11967,-0.378164
10.202,-1.1,-0.120275,-0.378164
10.204,-1.1,-0.119167,-0.378164
10.206,-1.1,-0.119973,-0.378164
10.208,-1.1,-0.119167,-0.378164
10.21,-1.1,-0.118663,-0.361156
10.212,-1.1,-0.118462,-0.341101
10.214,-1.1,-0.118361,-0.323149
10.216,-1.1,-0.117656,-0.306949
10.218,-1.1,-0.119771,-0.292371
10.22,-1.1,-0.120476,-0.279081
10.222,-1.1,-0.119973,-0.266924
10.224,-1.1,-0.118965,-0.255773
10.226,-1.1,-0.119973,-0.245564
10.228,-1.1,-0.119872,-0.236103
10.23,-1.1,-0.119469,-0.227351
10.232,-1.1,-0.119973,-0.219241
10.234,-1.1,-0.118462,-0.211669
10.236,-1.1,-0.11957,-0.204602
10.238,-1.1,-0.118864,-0.198003
10.24,-1.1,-0.118462,-0.191843
10.242,-1.1,-0.119368,-0.186001
10.244,-1.1,-0.11957,-0.180523
10.246,-1.1,-0.118864,-0.17538
10.248,-1.1,-0.119771,-0.170491
10.25,-1.1,-0.119368,-0.165895
10.252,-1.1,-0.11967,-0.161522
10.254,-1.1,-0.118663,-0.157373
10.256,-1.1,-0.11967,-0.15345
10.258,-1.1,-0.119167,-0.149698
10.26,-1.1,-0.120174,-0.146143
10.262,-1.1,-0.119469,-0.14273
10.264,-1.1,-0.120678,-0.13949
10.266,-1.1,-0.11967,-0.136399
10.268,-1.1,-0.119771,-0.133424
10.27,-1.1,-0.119368,-0.130579
10.272,-1.1,-0.119267,-0.127866
10.274,-1.1,-0.11957,-0.125253
10.276,-1.1,-0.119872,-0.122755
10.278,-1.1,-0.119368,-0.120337
10.28,-1.1,-0.119469,-0.118029
10.282,-1.1,-0.118462,-0.115807
10.284,-1.1,-0.119771,-0.113651
10.286,-1.1,-0.11967,-0.111583
10.288,-1.1,-0.120174,-0.109591
10.29,-1.1,-0.119066,-0.107673
10.292,-1.1,-0.119167,-0.105819
10.294,-1.1,-0.119771,-0.104017
10.296,-1.1,-0.118864,-0.102286
10.298,-1.1,-0.118864,-0.100614
10.3,-1.1,-0.120073,-0.0989842
10.302,-1.1,-0.11967,-0.0974111
10.304,-1.1,-0.119469,-0.0958948
10.306,-1.1,-0.120073,-0.0944156
10.308,-1.1,-0.118864,-0.0929882
10.31,-1.1,-0.119469,-0.0915971
10.312,-1.1,-0.11957,-0.090253
10.314,-1.1,-0.119872,-0.0889472
10.316,-1.1,-0.119066,-0.08767
10.318,-1.1,-0.118864,-0.0864359
10.32,-1.1,-0.11967,-0.0852349
10.322,-1.1,-0.119167,-0.0840668
10.324,-1.1,-0.119469,-0.0829331
10.326,-1.1,-0.120577,-0.0818242
10.328,-1.1,-0.119066,-0.0807507
10.33,-1.1,-0.118462,-0.0796992
10.332,-1.1,-0.11957,-0.0786799
10.334,-1.1,-0.119872,-0.0776816
10.336,-1.1,-0.118864,-0.076711
10.338,-1.1,-0.11957,-0.0757625
10.34,-1.1,-0.119771,-0.0748374
10.342,-1.1,-0.119973,-0.0739386
10.344,-1.1,-0.118462,-0.0730568
10.346,-1.1,-0.118864,-0.0721977
10.348,-1.1,-0.119771,-0.0713592
10.35,-1.1,-0.119469,-0.0705377
10.352,-1.1,-0.119368,-0.0697364
10.354,-1.1,-0.119066,-0.0689531
10.356,-1.1,-0.11957,-0.0681889
10.358,-1.1,-0.11957,-0.0674364
10.36,-1.1,-0.118562,-0.0667043
10.362,-1.1,-0.118764,-0.0659892
10.364,-1.1,-0.120073,-0.0652831
10.366,-1.1,-0.120073,-0.0645977
10.368,-1.1,-0.11957,-0.063925
10.37,-1.1,-0.118864,-0.0632649
10.372,-1.1,-0.119872,-0.0626199
10.374,-1.1,-0.118663,-0.0619874
10.376,-1.1,-0.11967,-0.0613667
10.378,-1.1,-0.118965,-0.060758
10.38,-1.1,-0.118864,-0.0601641
10.382,-1.1,-0.119167,-0.0595789
10.384,-1.1,-0.119469,-0.0590053
10.386,-1.1,-0.119469,-0.0584452
10.388,-1.1,-0.119469,-0.0578951
10.39,-1.1,-0.119066,-0.0573518
10.392,-1.1,-0.11957,-0.0568215
10.394,-1.1,-0.118864,-0.0562981
10.396,-1.1,-0.119872,-0.0557873
10.398,-1.1,-0.11967,-0.055284
10.4,-1.1,-0.119872,-0.0547918
10.402,-1.1,-0.119973,-0.054306
10.404,-1.1,-0.11957,-0.0538309
10.406,-1.1,-0.119469,-0.0533622
10.408,-1.1,-0.119267,-0.0529013
10.41,-1.1,-0.118764,-0.0524494
10.412,-1.1,-0.119167,-0.0520038
10.414,-1.1,-0.119368,-0.0515682
10.416,-1.1,-0.118562,-0.0511379
10.418,-1.1,-0.119368,-0.0507147
10.42,-1.1,-0.118159,-0.050299
10.422,-1.1,-0.119066,-0.0498912
10.424,-1.1,-0.119267,-0.0494884
10.426,-1.1,-0.118764,-0.0490916
10.428,-1.1,-0.11957,-0.0487032
10.43,-1.1,-0.119368,-0.0483192
10.432,-1.1,-0.11967,-0.0479416
10.434,-1.1,-0.120375,-0.0475694
10.436,-1.1,-0.118965,-0.0472031
10.438,-1.1,-0.120073,-0.0468438
10.44,-1.1,-0.118663,-0.046488
10.442,-1.1,-0.11967,-0.0461396
10.444,-1.1,-0.11967,-0.0457946
10.446,-1.1,-0.119066,-0.0454561
10.448,-1.1,-0.119066,-0.0451214
10.45,-1.1,-0.118965,-0.0447916
10.452,-1.1,-0.119469,-0.0444669
10.454,-1.1,-0.119368,-0.0441465
10.456,-1.1,-0.119771,-0.0438319
10.458,-1.1,-0.119267,-0.0435204
10.46,-1.1,-0.119771,-0.0432149
10.462,-1.1,-0.118965,-0.0429122
10.464,-1.1,-0.118965,-0.0426138
10.466,-1.1,-0.119066,-0.0423204
10.468,-1.1,-0.11957,-0.0420301
10.47,-1.1,-0.119973,-0.0417439
10.472,-1.1,-0.118965,-0.0414624
10.474,-1.1,-0.118965,-0.0411843
10.476,-1.1,-0.119167,-0.0409088
10.478,-1.1,-0.119267,-0.0406394
10.48,-1.1,-0.120174,-0.0403717
10.482,-1.1,-0.119771,-0.0401074
10.484,-1.1,-0.11957,-0.0398468
10.486,-1.1,-0.118562,-0.0395893
10.488,-1.1,-0.120073,-0.0393363
10.49,-1.1,-0.118462,-0.0390854
10.492,-1.1,-0.118864,-0.0388384
10.494,-1.1,-0.120476,-0.0385937
10.496,-1.1,-0.11826,-0.0383525
10.498,-1.1,-0.118965,-0.0381146
10.5,-1.1,-0.118562,-0.0378796
10.502,-1.1,-0.11967,-0.0376461
10.504,-1.1,-0.118764,-0.037417
10.506,-1.1,-0.118663,-0.0371897
10.508,-1.1,-0.118764,-0.0369664
10.51,-1.1,-0.119167,-0.0367446
10.512,-1.1,-0.119469,-0.0365258
10.514,-1.1,-0.119973,-0.03631
10.516,-1.1,-0.119066,-0.0360971
10.518,-1.1,-0.119469,-0.0358851
10.52,-1.1,-0.119066,-0.0356767
10.522,-1.1,-0.119267,-0.0354706
10.524,-1.1,-0.120174,-0.0352664
10.526,-1.1,-0.119368,-0.0350646
10.528,-1.1,-0.118562,-0.0348658
10.53,-1.1,-0.119469,-0.0346685
10.532,-1.1,-0.120275,-0.0344738
10.534,-1.1,-0.11967,-0.0342816
10.536,-1.1,-0.120577,-0.0340906
10.538,-1.1,-0.119469,-0.0339026
10.54,-1.1,-0.119066,-0.0337159
10.542,-1.1,-0.119771,-0.0335315
10.544,-1.1,-0.119368,-0.0333497
10.546,-1.1,-0.119167,-0.033169
10.548,-1.1,-0.118764,-0.0329908
10.55,-1.1,-0.118562,-0.0328145
10.552,-1.1,-0.11957,-0.0326404
10.554,-1.1,-0.119267,-0.032467
10.556,-1.1,-0.118864,-0.0322967
10.558,-1.1,-0.119267,-0.0321273
10.56,-1.1,-0.119973,-0.0319596
10.562,-1.1,-0.11967,-0.0317941
10.564,-1.1,-0.119771,-0.0316301
10.566,-1.1,-0.11967,-0.031468
10.568,-1.1,-0.119973,-0.0313079
10.57,-1.1,-0.119973,0.0311488
10.572,-1.1,-0.119368,0.0309915
10.574,-1.1,-0.120678,0.0308359
10.576,-1.1,-0.11967,0.0306817
10.578,-1.1,-0.11967,0.030529
10.58,-1.1,-0.120073,0.0303779
10.582,-1.1,-0.119872,0.0302279
10.584,-1.1,-0.120174,0.0300798
10.586,-1.1,-0.120476,0.0299333
10.588,-1.1,-0.120879,0.0297877
10.59,-1.1,-0.120879,0.0296438
10.592,-1.1,-0.120174,0.0295016
10.594,-1.1,-0.120678,0.0293605
10.596,-1.1,-0.119368,0.723801
10.598,-1.1,-0.120375,0.723801
10.6,-1.1,-0.120678,0.723801
10.602,-1.1,-0.119872,0.723801
10.604,-1.1,-0.120476,0.723801
10.606,-1.1,-0.119973,0.723801
10.608,-1.1,-0.120678,0.723801
10.61,-1.1,-0.118965,0.723801
10.612,-1.1,-0.120275,0.723801
10.614,-1.1,-0.120275,0.654706
10.616,-1.1,-0.120778,0.591701
10.618,-1.1,-0.12098,0.539692
10.62,-1.1,-0.119973,0.495996
10.622,-1.1,-0.120375,0.45886
10.624,-1.1,-0.120174,0.42703
10.626,-1.1,-0.120275,0.399204
10.628,-1.1,-0.119872,0.374797
10.63,-1.1,-0.120073,0.353284
10.632,-1.1,-0.120073,0.334006
10.634,-1.1,-0.120375,0.316759
10.636,-1.1,-0.121181,0.301219
10.638,-1.1,-0.120577,0.287097
10.64,-1.1,-0.119872,0.274267
10.642,-1.1,-0.11967,0.262567
10.644,-1.1,-0.120778,0.251772
10.646,-1.1,-0.119771,0.241852
10.648,-1.1,-0.120174,0.232702
10.65,-1.1,-0.120174,0.224168
10.652,-1.1,-0.120174,0.216273
10.654,-1.1,-0.121282,0.208946
10.656,-1.1,-0.120879,0.202048
10.658,-1.1,-0.120879,0.195593
10.66,-1.1,-0.119973,0.189566
10.662,-1.1,-0.120577,0.183877
10.664,-1.1,-0.119872,0.17853
10.666,-1.1,-0.12098,0.173471
10.668,-1.1,-0.119771,0.0274638
10.67,-1.1,-0.119267,0.0274638
10.672,-1.1,-0.119368,0.0274638
10.674,-1.1,-0.11967,0.0274638
10.676,-1.1,-0.11957,0.0274638
10.678,-1.1,-0.119469,0.0274638
10.68,-1.1,-0.119973,0.0274638
10.682,-1.1,-0.11967,0.0274638
10.684,-1.1,-0.119167,0.0274638
10.686,-1.1,-0.11967,0.0274638
10.688,-1.1,-0.11967,0.0274638
10.69,-1.1,-0.118965,0.0274638
10.692,-1.1,-0.119267,0.0274638
10.694,-1.1,-0.118361,0.0274638
10.696,-1.1,-0.118764,0.0274638
10.698,-1.1,-0.118462,0.0274638
10.7,-1.1,-0.118361,0.0274638
10.702,-1.1,-0.118059,0.0274638
10.704,-1.1,-0.118965,0.0274638
10.706,-1.1,-0.118663,0.0274638
10.708,-1.1,-0.118965,0.0274638
10.71,-1.1,-0.118562,0.0274638
10.712,-1.1,-0.118764,0.0274638
10.714,-1.1,-0.118361,0.0274638
10.716,-1.1,-0.118864,0.0274638
10.718,-1.1,-0.11826,0.0274638
10.72,-1.1,-0.117555,0.0274638
10.722,-1.1,-0.116951,0.0274638
10.724,-1.1,-0.117958,0.0274638
10.726,-1.1,-0.116951,-0.175977
10.728,-1.1,-0.116346,-0.175977
10.73,-1.1,-0.116648,-0.175977
10.732,-1.1,-0.116245,-0.175977
10.734,-1.1,-0.116044,-0.175977
10.736,-1.1,-0.115742,-0.175977
10.738,-1.1,-0.115943,-0.175977
10.74,-1.1,-0.115943,-0.175977
10.742,-1.1,-0.116044,-0.175977
10.744,-1.1,-0.117353,-0.175977
10.746,-1.1,-0.116447,-0.175977
10.748,-1.1,-0.114734,-0.175977
10.75,-1.1,-0.120174,-0.175977
10.752,-1.1,-0.11967,-0.175977
10.754,-1.1,-0.118965,-0.175977
10.756,-1.1,-0.119469,-0.175977
10.758,-1.1,-0.11957,-0.175977
10.76,-1.1,-0.119771,-0.175977
10.762,-1.1,-0.119469,-0.175977
10.764,-1.1,-0.118462,-0.175977
10.766,-1.1,-0.117958,-0.175977
10.768,-1.1,-0.118965,-0.175977
10.77,-1.1,-0.119167,-0.175977
10.772,-1.1,-0.11826,-0.175977
10.774,-1.1,-0.119066,-0.175977
10.776,-1.1,-0.118764,-0.175977
10.778,-1.1,-0.117756,-0.175977
10.78,-1.1,-0.118663,-0.175977
10.782,-1.1,-0.119771,-0.175977
10.784,-1.1,-0.119872,-0.175977
10.786,-1.1,-0.119066,-0.175977
10.788,-1.1,-0.11826,-0.175977
10.79,-1.1,-0.119771,-0.175977
10.792,-1.1,-0.119771,-0.175977
10.794,-1.1,-0.118965,-0.175977
10.796,-1.1,-0.119368,-0.171936
10.798,-1.1,-0.118764,-0.167231
10.8,-1.1,-0.119771,-0.162798
10.802,-1.1,-0.119267,-0.158604
10.804,-1.1,-0.119267,-0.154591
10.806,-1.1,-0.11957,-0.150798
10.808,-1.1,-0.11967,-0.147199
10.81,-1.1,-0.119771,-0.143733
10.812,-1.1,-0.119469,-0.140452
10.814,-1.1,-0.11957,-0.137297
10.816,-1.1,-0.119167,-0.134297
10.818,-1.1,-0.119368,-0.131432
10.82,-1.1,-0.119973,-0.12866
10.822,-1.1,-0.118864,-0.126026
10.824,-1.1,-0.119368,-0.123497
10.826,-1.1,-0.119771,-0.121047
10.828,-1.1,-0.118864,-0.118705
10.83,-1.1,-0.11967,-0.11646
10.832,-1.1,-0.11957,-0.114288
10.834,-1.1,-0.119167,-0.112205
10.836,-1.1,-0.118965,-0.110178
10.838,-1.1,-0.119872,-0.108238
10.84,-1.1,-0.120275,-0.106363
10.842,-1.1,-0.119973,-0.104553
10.844,-1.1,-0.120174,-0.102799
10.846,-1.1,-0.119973,-0.101107
10.848,-1.1,-0.120073,-0.0994618
10.85,-1.1,-0.119066,-0.0978836
10.852,-1.1,-0.119066,-0.0963413
10.854,-1.1,-0.11957,-0.0948495
10.856,-1.1,-0.119066,-0.0934068
10.858,-1.1,-0.11957,-0.0920078
10.86,-1.1,-0.119872,-0.0906527
10.862,-1.1,-0.11957,-0.0893275
10.864,-1.1,-0.118864,-0.0880491
10.866,-1.1,-0.119872,-0.0868051
10.868,-1.1,-0.119267,-0.0855935
10.87,-1.1,-0.11967,-0.0844113
10.872,-1.1,-0.119771,-0.0832688
10.874,-1.1,-0.119368,-0.0821521
10.876,-1.1,-0.119771,-0.0810652
10.878,-1.1,-0.120375,-0.0800116
10.88,-1.1,-0.119771,-0.0789801
10.882,-1.1,-0.119469,-0.0779764
10.884,-1.1,-0.11957,-0.0769964
10.886,-1.1,-0.118864,-0.0760452
10.888,-1.1,-0.118562,-0.075113
10.89,-1.1,-0.118864,-0.0742042
10.892,-1.1,-0.118864,-0.0733193
10.894,-1.1,-0.119066,-0.0724533
10.896,-1.1,-0.119167,-0.0716081
10.898,-1.1,-0.11957,-0.0707839
10.9,-1.1,-0.119167,-0.069975
10.902,-1.1,-0.119771,-0.0691839
10.904,-1.1,-0.118462,-0.0684124
10.906,-1.1,-0.119872,-0.0676582
10.908,-1.1,-0.119872,-0.066922
10.91,-1.1,-0.119872,-0.0661998
10.912,-1.1,-0.11967,-0.065493
10.914,-1.1,-0.119872,-0.0647999
10.916,-1.1,-0.118864,-0.0641225
10.918,-1.1,-0.119368,-0.0634614
10.92,-1.1,-0.119267,-0.06281
10.922,-1.1,-0.119973,-0.0621732
10.924,-1.1,-0.118965,-0.0615495
10.926,-1.1,-0.118764,-0.0609382
10.928,-1.1,-0.119469,-0.0603391
10.93,-1.1,-0.118562,-0.0597526
10.932,-1.1,-0.118764,-0.0591768
10.934,-1.1,-0.119167,-0.0586108
10.936,-1.1,-0.118864,-0.0580563
10.938,-1.1,-0.118663,-0.0575112
10.94,-1.1,-0.118562,-0.0569789
10.942,-1.1,-0.11967,-0.056454
10.944,-1.1,-0.118864,-0.0559387
10.946,-1.1,-0.118562,-0.0554346
10.948,-1.1,-0.118965,-0.0549377
10.95,-1.1,-0.119368,-0.0544496
10.952,-1.1,-0.119469,-0.05397
10.954,-1.1,-0.119872,-0.0535006
10.956,-1.1,-0.119771,-0.0530376
10.958,-1.1,-0.118663,-0.0525842
10.96,-1.1,-0.11967,-0.0521369
10.962,-1.1,-0.119469,-0.0516979
10.964,-1.1,-0.118864,-0.0512652
10.966,-1.1,-0.118965,-0.0508416
10.968,-1.1,-0.119872,-0.0504233
10.97,-1.1,-0.119872,-0.0500115
10.972,-1.1,-0.119973,-0.0496084
10.974,-1.1,-0.119872,-0.0492089
10.976,-1.1,-0.119771,-0.0488187
10.978,-1.1,-0.11957,-0.0484325
10.98,-1.1,-0.118462,-0.0480528
10.982,-1.1,-0.119771,-0.0476804
10.984,-1.1,-0.119267,-0.0473122
10.986,-1.1,-0.119267,-0.0469509
10.988,-1.1,-0.119066,-0.0465955
10.99,-1.1,-0.119267,-0.0462428
10.992,-1.1,-0.119066,-0.0458965
10.994,-1.1,-0.118764,-0.0455567
10.996,-1.1,-0.11957,-0.0452203
10.998,-1.1,-0.118361,-0.0448905
11,-1,-0.118965,-0.044564
11.002,-1,-0.10869,-0.044242
11.004,-1,-0.107985,-0.0439264
11.006,-1,-0.10869,-0.0436138
11.008,-1,-0.108388,-0.0433055
11.01,-1,-0.108388,-0.0430019
11.012,-1,-0.108086,-0.0427029
11.014,-1,-0.108489,-0.0424087
11.016,-1,-0.10728,-0.0421165
11.018,-1,-0.108489,-0.0418288
11.02,-1,-0.108489,-0.0415472
11.022,-1,-0.108791,-0.0412674
11.024,-1,-0.108288,-0.0409912
11.026,-1,-0.108489,-0.0407194
11.028,-1,-0.108086,-0.0404501
11.03,-1,-0.108187,-0.0401859
11.032,-1,-0.108086,-0.039924
11.034,-1,-0.108489,-0.0396656
11.036,-1,-0.10859,-0.039411
11.038,-1,-0.108288,-0.03916
11.04,-1,-0.10869,-0.038911
11.042,-1,-0.108288,-0.0386659
11.044,-1,-0.107985,-0.0384242
11.046,-1,-0.108892,-0.0381856
11.048,-1,-0.107582,-0.0379485
11.05,-1,-0.108388,-0.0377156
11.052,-1,-0.107885,-0.0374856
11.054,-1,-0.10869,-0.0372578
11.056,-1,-0.107784,-0.0370326
11.058,-1,-0.108892,-0.0368102
11.06,-1,-0.108791,-0.0365911
11.062,-1,-0.108489,-0.0363747
11.064,-1,-0.108993,-0.0361595
11.066,-1,-0.108791,-0.035948
11.068,-1,-0.109899,-0.0357384
11.07,-1,-0.10859,-0.0355317
11.072,-1,-0.108187,-0.0353267
11.074,-1,-0.108993,-0.035125
11.076,-1,-0.109194,-0.0349245
11.078,-1,-0.108187,-0.0347275
11.08,-1,-0.108388,-0.0345318
11.082,-1,-0.108791,-0.0343385
11.084,-1,-0.107683,-0.0341475
11.086,-1,-0.108288,-0.0339583
11.088,-1,-0.10869,-0.0337717
11.09,-1,-0.10869,-0.0335867
11.092,-1,-0.10859,-0.0334036
11.094,-1,-0.109295,-0.0332234
11.096,-1,-0.108288,-0.0330442
11.098,-1,-0.108388,-0.032867
11.1,-1,-0.10869,-0.0326916
11.102,-1,-0.108388,-0.0325189
11.104,-1,-0.107985,-0.0323471
11.106,-1,-0.10859,-0.0321776
11.108,-1,-0.10859,-0.0320095
11.11,-1,-0.10859,-0.0318439
11.112,-1,-0.108187,-0.0316796
11.114,-1,-0.109496,-0.0315166
11.116,-1,-0.108892,-0.0313554
11.118,-1,-0.109093,-0.0311961
11.12,-1,-0.108288,-0.0310386
11.122,-1,-0.108489,-0.0308822
11.124,-1,-0.10869,-0.0307273
11.126,-1,-0.10859,-0.0305746
11.128,-1,-0.108288,-0.0304229
11.13,-1,-0.107885,-0.0302727
11.132,-1,-0.108489,-0.0301238
11.134,-1,-0.108086,0.0299765
11.136,-1,-0.109396,0.0298308
11.138,-1,-0.10859,0.0296865
11.14,-1,-0.109496,0.0295436
11.142,-1,-0.10859,0.0294028
11.144,-1,-0.108993,0.029262
11.146,-1,-0.108993,0.0291229
11.148,-1,-0.109194,0.0289853
11.15,-1,-0.10869,0.0288491
11.152,-1,-0.109396,0.0287143
11.154,-1,-0.109093,0.0285803
11.156,-1,-0.109799,0.0284482
11.158,-1,-0.109396,0.317509
11.16,-1,-0.109093,0.317509
11.162,-1,-0.108993,0.317509
11.164,-1,-0.109597,0.317509
11.166,-1,-0.10869,0.317509
11.168,-1,-0.109799,0.317509
11.17,-1,-0.109194,0.317509
11.172,-1,-0.109093,0.317509
11.174,-1,-0.109799,0.317509
11.176,-1,-0.10869,0.317509
11.178,-1,-0.109698,0.317509
11.18,-1,-0.109799,0.317509
11.182,-1,-0.110201,0.317509
11.184,-1,-0.109194,0.317509
11.186,-1,-0.110504,0.317509
11.188,-1,-0.110101,0.317509
11.19,-1,-0.109899,0.317509
11.192,-1,-0.109194,0.317509
11.194,-1,-0.110604,0.317509
11.196,-1,-0.110403,0.312923
11.198,-1,-0.110604,0.297787
11.2,-1,-0.109597,0.283987
11.202,-1,-0.110604,0.271423
11.204,-1,-0.110201,0.259903
11.206,-1,-0.11,0.249342
11.208,-1,-0.110302,0.23961
11.21,-1,-0.109698,0.0274371
11.212,-1,-0.110101,0.0274371
11.214,-1,-0.110101,0.0274371
11.216,-1,-0.109799,0.0274371
11.218,-1,-0.110806,0.0274371
11.22,-1,-0.109698,0.0274371
11.222,-1,-0.110101,0.0274371
11.224,-1,-0.109295,0.0274371
11.226,-1,-0.110604,0.0274371
11.228,-1,-0.109597,0.0274371
11.23,-1,-0.109093,0.0274371
11.232,-1,-0.11,0.0274371
11.234,-1,-0.109295,0.0274371
11.236,-1,-0.11,0.0274371
11.238,-1,-0.109799,0.0274371
11.24,-1,-0.109295,0.0274371
11.242,-1,-0.109698,0.0274371
11.244,-1,-0.109597,0.0274371
11.246,-1,-0.109899,0.0274371
11.248,-1,-0.109396,0.0274371
11.25,-1,-0.109496,0.0274371
11.252,-1,-0.109194,0.0274371
11.254,-1,-0.109396,0.0274371
11.256,-1,-0.109496,0.0274371
11.258,-1,-0.108993,0.0274371
11.26,-1,-0.110101,0.0274371
11.262,-1,-0.109698,0.0274371
11.264,-1,-0.109194,0.0274371
11.266,-1,-0.109597,0.0274371
11.268,-1,-0.108288,0.0274371
11.27,-1,-0.109093,0.0274371
11.272,-1,-0.108187,0.0274371
11.274,-1,-0.10869,0.0274371
11.276,-1,-0.108187,0.0274371
11.278,-1,-0.108791,0.0274371
11.28,-1,-0.107885,0.0274371
11.282,-1,-0.108388,0.0274371
11.284,-1,-0.107381,0.0274371
11.286,-1,-0.108993,0.0274371
11.288,-1,-0.107985,0.0274371
11.29,-1,-0.107482,0.0274371
11.292,-1,-0.107179,0.0274371
11.294,-1,-0.107683,0.0274371
11.296,-1,-0.107179,0.0274371
11.298,-1,-0.107079,0.0274371
11.3,-1,-0.107079,0.0274371
11.302,-1,-0.106273,0.0274371
11.304,-1,-0.106575,0.0274371
11.306,-1,-0.106474,0.0274371
11.308,-1,-0.106978,0.0274371
11.31,-1,-0.106071,-0.26121
11.312,-1,-0.105366,-0.26121
11.314,-1,-0.105568,-0.26121
11.316,-1,-0.105568,-0.26121
11.318,-1,-0.10587,-0.26121
11.32,-1,-0.10587,-0.26121
11.322,-1,-0.106273,-0.26121
11.324,-1,-0.105064,-0.26121
11.326,-1,-0.105366,-0.26121
11.328,-1,-0.105467,-0.26121
11.33,-1,-0.105165,-0.26121
11.332,-1,-0.104661,-0.26121
11.334,-1,-0.104963,-0.26121
11.336,-1,-0.104661,-0.134454
11.338,-1,-0.104158,-0.134454
11.34,-1,-0.105064,-0.134454
11.342,-1,-0.104258,-0.134454
11.344,-1,-0.103553,-0.134454
11.346,-1,-0.103553,-0.134454
11.348,-1,-0.104057,-0.134454
11.35,-1,-0.104158,-0.134454
11.352,-1,-0.106777,-0.134454
11.354,-1,-0.106474,-0.134454
11.356,-1,-0.108187,-0.134454
11.358,-1,-0.108086,-0.134454
11.36,-1,-0.108388,-0.134454
11.362,-1,-0.108791,-0.134454
11.364,-1,-0.108791,-0.134454
11.366,-1,-0.108187,-0.134454
11.368,-1,-0.108288,-0.134454
11.37,-1,-0.107784,-0.134454
11.372,-1,-0.108187,-0.134454
11.374,-1,-0.107885,-0.134454
11.376,-1,-0.107784,-0.134454
11.378,-1,-0.108187,-0.134454
11.38,-1,-0.108086,-0.134454
11.382,-1,-0.107885,-0.134454
11.384,-1,-0.108489,-0.134454
11.386,-1,-0.106374,-0.134454
11.388,-1,-0.106273,-0.134454
11.39,-1,-0.109496,-0.134454
11.392,-1,-0.108489,-0.134454
11.394,-1,-0.108993,-0.134454
11.396,-1,-0.109799,-0.134454
11.398,-1,-0.109799,-0.134454
11.4,-1,-0.108489,-0.134454
11.402,-1,-0.109194,-0.134454
11.404,-1,-0.109698,-0.134454
11.406,-1,-0.109396,-0.134454
11.408,-1,-0.109698,-0.134454
11.41,-1,-0.109496,-0.134454
11.412,-1,-0.109093,-0.134454
11.414,-1,-0.109194,-0.134454
11.416,-1,-0.108489,-0.134454
11.418,-1,-0.108489,-0.134454
11.42,-1,-0.108489,-0.134454
11.422,-1,-0.109396,-0.134454
11.424,-1,-0.108388,-0.134454
11.426,-1,-0.109396,-0.134454
11.428,-1,-0.108993,-0.133124
11.43,-1,-0.107985,-0.130306
11.432,-1,-0.10859,-0.127593
11.434,-1,-0.10859,-0.125002
11.436,-1,-0.109093,-0.122492
11.438,-1,-0.10869,-0.120098
11.44,-1,-0.108489,-0.117796
11.442,-1,-0.107885,-0.115572
11.444,-1,-0.109295,-0.113442
11.446,-1,-0.108993,-0.111383
11.448,-1,-0.10869,-0.109394
11.45,-1,-0.108489,-0.107476
11.452,-1,-0.11,-0.105623
11.454,-1,-0.108388,-0.103841
11.456,-1,-0.108187,-0.10211
11.458,-1,-0.108187,-0.100437
11.46,-1,-0.10869,-0.0988234
11.462,-1,-0.107784,-0.0972533
11.464,-1,-0.10869,-0.0957397
11.466,-1,-0.108489,-0.0942647
11.468,-1,-0.107985,-0.092844
11.47,-1,-0.109597,-0.0914584
11.472,-1,-0.108791,-0.0901132
11.474,-1,-0.109396,-0.0888124
11.476,-1,-0.108791,-0.0875403
11.478,-1,-0.108489,-0.0863125
11.48,-1,-0.108086,-0.0851134
11.482,-1,-0.109496,-0.0839474
11.484,-1,-0.107784,-0.0828172
11.486,-1,-0.108288,-0.0817128
11.488,-1,-0.107985,-0.0806397
11.49,-1,-0.108791,-0.0795952
11.492,-1,-0.108489,-0.0785792
11.494,-1,-0.10859,-0.0775793
11.496,-1,-0.109597,-0.0766137
11.498,-1,-0.108489,-0.0756667
11.5,-1,-0.108288,-0.0747474
11.502,-1,-0.108489,-0.0738479
11.504,-1,-0.10869,-0.0729694
11.506,-1,-0.108187,-0.0721118
11.508,-1,-0.108791,-0.0712743
11.51,-1,-0.107381,-0.0704558
11.512,-1,-0.108187,-0.069656
11.514,-1,-0.109093,-0.0688718
11.516,-1,-0.10859,-0.0681099
11.518,-1,-0.107683,-0.0673613
11.52,-1,-0.109698,-0.0666286
11.522,-1,-0.108791,-0.065912
11.524,-1,-0.10859,-0.065212
11.526,-1,-0.10728,-0.0645282
11.528,-1,-0.108187,-0.0638559
11.53,-1,-0.108892,-0.0631971
11.532,-1,-0.109496,-0.0625549
11.534,-1,-0.109194,-0.0619228
11.536,-1,-0.108288,-0.0613041
11.538,-1,-0.108086,-0.0606968
11.54,-1,-0.107985,-0.0601016
11.542,-1,-0.10869,-0.0595202
11.544,-1,-0.108288,-0.0589476
11.546,-1,-0.108489,-0.0583871
11.548,-1,-0.109295,-0.0578374
11.55,-1,-0.109093,-0.0572985
11.552,-1,-0.107985,-0.0567662
11.554,-1,-0.109295,-0.0562467
11.556,-1,-0.109194,-0.0557374
11.558,-1,-0.108388,-0.0552336
11.56,-1,-0.108791,-0.05474
11.562,-1,-0.108288,-0.054257
11.564,-1,-0.108388,-0.0537809
11.566,-1,-0.108288,-0.0533129
11.568,-1,-0.107985,-0.0528551
11.57,-1,-0.10869,-0.0524031
11.572,-1,-0.108388,-0.0519592
11.574,-1,-0.108187,-0.0515241
11.576,-1,-0.107784,-0.0510945
11.578,-1,-0.109194,-0.0506722
11.58,-1,-0.109093,-0.0502563
11.582,-1,-0.108791,-0.0498492
11.584,-1,-0.107683,-0.0494469
11.586,-1,-0.108892,-0.0490523
11.588,-1,-0.108489,-0.0486628
11.59,-1,-0.109295,-0.0482791
11.592,-1,-0.107985,-0.0479032
11.594,-1,-0.108288,-0.0475321
11.596,-1,-0.108993,-0.0471672
11.598,-1,-0.108791,-0.046807
11.6,-1,-0.108288,-0.0464522
11.602,-1,-0.108288,-0.046104
11.604,-1,-0.107885,-0.0457589
11.606,-1,-0.10869,-0.0454206
11.608,-1,-0.107985,-0.0450865
11.61,-1,-0.107784,-0.044759
11.612,-1,-0.108388,-0.0444338
11.614,-1,-0.107885,-0.0441153
11.616,-1,-0.108187,-0.0438001
11.618,-1,-0.108489,-0.043489
11.62,-1,-0.107784,-0.0431832
11.622,-1,-0.108086,-0.0428817
11.624,-1,-0.107885,-0.0425836
11.626,-1,-0.108489,-0.0422903
11.628,-1,-0.10859,-0.0420013
11.63,-1,-0.108288,-0.0417154
11.632,-1,-0.108187,-0.0414333
11.634,-1,-0.108388,-0.0411563
11.636,-1,-0.108489,-0.0408827
11.638,-1,-0.10859,-0.0406111
11.64,-1,-0.109194,-0.0403445
11.642,-1,-0.107784,-0.0400804
11.644,-1,-0.108489,-0.0398198
11.646,-1,-0.108388,-0.0395631
11.648,-1,-0.108187,-0.0393103
11.65,-1,-0.108388,-0.0390594
11.652,-1,-0.108187,-0.0388128
11.654,-1,-0.108489,-0.0385693
11.656,-1,-0.107985,-0.038328
11.658,-1,-0.108288,-0.0380902
11.66,-1,-0.109799,-0.0378548
11.662,-1,-0.10859,-0.0376236
11.664,-1,-0.108187,-0.0373933
11.666,-1,-0.107885,-0.0371675
11.668,-1,-0.108892,-0.0369434
11.67,-1,-0.108489,-0.036722
11.672,-1,-0.108993,-0.0365041
11.674,-1,-0.108993,-0.0362883
11.676,-1,-0.109295,-0.0360742
11.678,-1,-0.109093,-0.0358635
11.68,-1,-0.109396,-0.0356553
11.682,-1,-0.109194,-0.0354491
11.684,-1,-0.108388,-0.0352456
11.686,-1,-0.109093,-0.0350447
11.688,-1,-0.108993,-0.034846
11.69,-1,-0.108388,-0.0346485
11.692,-1,-0.10859,-0.034454
11.694,-1,-0.108388,-0.0342614
11.696,-1,-0.109093,-0.0340716
11.698,-1,-0.109597,-0.0338832
11.7,-1,-0.10859,-0.0336972
11.702,-1,-0.10859,-0.0335134
11.704,-1,-0.108086,-0.0333316
11.706,-1,-0.108892,-0.0331512
11.708,-1,-0.10869,-0.0329728
11.71,-1,-0.10859,-0.0327971
11.712,-1,-0.109496,-0.0326225
11.714,-1,-0.108388,-0.0324498
11.716,-1,-0.108489,-0.0322793
11.718,-1,-0.109496,-0.0321097
11.72,-1,-0.108791,-0.0319431
11.722,-1,-0.108187,-0.0317774
11.724,-1,-0.108187,-0.0316135
11.726,-1,-0.108791,-0.0314516
11.728,-1,-0.108288,-0.0312913
11.73,-1,-0.109597,-0.0311323
11.732,-1,-0.109194,-0.0309752
11.734,-1,-0.109496,-0.0308199
11.736,-1,-0.108288,-0.0306659
11.738,-1,-0.108791,-0.0305133
11.74,-1,-0.10859,-0.0303621
11.742,-1,-0.108791,-0.0302127
11.744,-1,-0.108288,-0.030065
11.746,-1,-0.109295,-0.029918
11.748,-1,-0.108892,0.0297727
11.75,-1,-0.109093,0.0296294
11.752,-1,-0.109093,0.0294871
11.754,-1,-0.10869,0.0293461
11.756,-1,-0.10869,0.0292058
11.758,-1,-0.108489,0.0290678
11.76,-1,-0.108187,0.0289309
11.762,-1,-0.108993,0.0287948
11.764,-1,-0.109899,0.0286607
11.766,-1,-0.108892,0.0285271
11.768,-1,-0.108489,0.0283954
11.77,-1,-0.11,0.0282645
11.772,-1,-0.109396,0.028135
11.774,-1,-0.10869,0.0280069
11.776,-1,-0.108993,0.0278789
11.778,-1,-0.109698,0.585508
11.78,-1,-0.109093,0.585508
11.782,-1,-0.11,0.585508
11.784,-1,-0.110604,0.585508
11.786,-1,-0.108892,0.585508
11.788,-1,-0.109295,0.585508
11.79,-1,-0.109799,0.585508
11.792,-1,-0.108791,0.585508
11.794,-1,-0.109597,0.585508
11.796,-1,-0.109396,0.585508
11.798,-1,-0.11,0.585508
11.8,-1,-0.108288,0.535274
11.802,-1,-0.109496,0.492204
11.804,-1,-0.109597,0.455753
11.806,-1,-0.110101,0.424207
11.808,-1,-0.109093,0.396745
11.81,-1,-0.109597,0.372722
11.812,-1,-0.108489,0.351299
11.814,-1,-0.109799,0.332326
11.816,-1,-0.109496,0.315235
11.818,-1,-0.108892,0.299812
11.82,-1,-0.109295,0.285879
11.822,-1,-0.109496,0.273138
11.824,-1,-0.10869,0.261484
11.826,-1,-0.108993,0.250783
11.828,-1,-0.110101,0.240967
11.83,-1,-0.109194,0.231849
11.832,-1,-0.109194,0.223436
11.834,-1,-0.108489,0.215552
11.836,-1,-0.108791,0.208249
11.838,-1,-0.108288,0.201403
11.84,-1,-0.108388,0.194996
11.842,-1,-0.107985,0.189009
11.844,-1,-0.109396,0.183365
11.846,-1,-0.108791,0.178023
11.848,-1,-0.10869,0.173007
11.85,-1,-0.108489,0.168267
11.852,-1,-0.109295,0.163771
11.854,-1,-0.10859,0.159517
11.856,-1,-0.107683,0.15547
11.858,-1,-0.108489,0.151647
11.86,-1,-0.109295,0.14797
11.862,-1,-0.108187,0.144497
11.864,-1,-0.107582,0.141161
11.866,-1,-0.106978,0.137989
11.868,-1,-0.107582,0.134964
11.87,-1,-0.106575,0.132059
11.872,-1,-0.107683,0.129272
11.874,-1,-0.10728,0.126602
11.876,-1,-0.108489,0.12404
11.878,-1,-0.107683,-0.121588
11.88,-1,-0.106474,-0.119219
11.882,-1,-0.106474,-0.116956
11.884,-1,-0.106273,-0.114762
11.886,-1,-0.106777,-0.112653
11.888,-1,-0.107381,-0.110625
11.89,-1,-0.107885,-0.108674
11.892,-1,-0.107482,-0.106777
11.894,-1,-0.106777,-0.104949
11.896,-1,-0.106676,-0.103187
11.898,-1,-0.105366,-0.101478
11.9,-1,-0.105971,-0.0998255
11.902,-1,-0.105366,-0.0982325
11.904,-1,-0.109194,-0.0966829
11.906,-1,-0.109597,-0.0951866
11.908,-1,-0.10869,-0.0937245
11.91,-1,-0.10859,-0.092318
11.912,-1,-0.108388,-0.0909504
11.914,-1,-0.109295,-0.0896225
11.916,-1,-0.109597,-0.0883308
11.918,-1,-0.108791,0.0870778
11.92,-1,-0.109295,0.0858597
11.922,-1,-0.10869,0.084679
11.924,-1,-0.107683,0.0835213
11.926,-1,-0.108388,0.0823985
11.928,-1,-0.108187,0.0813073
11.93,-1,-0.106676,-0.0802458
11.932,-1,-0.108187,-0.0792116
11.934,-1,-0.107582,-0.0782014
11.936,-1,-0.107381,-0.0772157
11.938,-1,-0.108388,-0.0762544
11.94,-1,-0.108187,-0.0753173
11.942,-1,-0.109194,-0.0744067
11.944,-1,-0.10869,-0.0735132
11.946,-1,-0.109093,-0.0726457
11.948,-1,-0.10869,-0.0717971
11.95,-1,-0.108187,-0.0709656
11.952,-1,-0.108288,-0.0701524
11.954,-1,-0.10859,-0.069362
11.956,-1,-0.107683,-0.0685858
11.958,-1,-0.108791,-0.0678268
11.96,-1,-0.107885,-0.0670854
11.962,-1,-0.108489,-0.0663601
11.964,-1,-0.109295,-0.0656511
11.966,-1,-0.108187,-0.0649553
11.968,-1,-0.109496,-0.064274
11.97,-1,-0.109597,-0.0636065
11.972,-1,-0.108187,-0.0629541
11.974,-1,-0.108993,-0.0623165
11.976,-1,-0.108187,-0.0616892
11.978,-1,-0.108791,-0.0610741
11.98,-1,-0.10859,-0.0604741
11.982,-1,-0.108892,-0.0598832
11.984,-1,-0.108187,-0.0593035
11.986,-1,-0.108086,-0.058736
11.988,-1,-0.107885,-0.0581783
11.99,-1,-0.108489,-0.0576335
11.992,-1,-0.109093,-0.0570965
11.994,-1,-0.107985,-0.0565714
11.996,-1,-0.108187,-0.0560547
11.998,-1,-0.108187,-0.0555462
12,-0.9,-0.10869,-0.0550472
12.002,-0.9,-0.0960989,-0.0545581
12.004,-0.9,-0.0953938,-0.0540765
12.006,-0.9,-0.0964011,-0.0536056
12.008,-0.9,-0.0963004,-0.0531405
12.01,-0.9,-0.0955952,-0.0526837
12.012,-0.9,-0.0964011,-0.0522364
12.014,-0.9,-0.0958974,-0.051796
12.016,-0.9,-0.0965018,-0.0513618
12.018,-0.9,-0.095293,-0.0509368
12.02,-0.9,-0.095696,-0.0505156
12.022,-0.9,-0.0958974,-0.0501042
12.024,-0.9,-0.0955952,-0.0496978
12.026,-0.9,-0.0951923,-0.049298
12.028,-0.9,-0.0966026,-0.0489057
12.03,-0.9,-0.0955952,-0.048518
12.032,-0.9,-0.0955952,-0.0481381
12.034,-0.9,-0.095696,-0.0477626
12.036,-0.9,-0.0955952,-0.0473946
12.038,-0.9,-0.0953938,-0.0470313
12.04,-0.9,-0.0960989,-0.0466735
12.042,-0.9,-0.0961996,-0.0463206
12.044,-0.9,-0.0959982,-0.0459733
12.046,-0.9,-0.0951923,-0.0456318
12.048,-0.9,-0.0963004,-0.0452945
12.05,-0.9,-0.0960989,-0.0449626
12.052,-0.9,-0.0960989,-0.0446365
12.054,-0.9,-0.0957967,-0.0443138
12.056,-0.9,-0.0964011,-0.0439956
12.058,-0.9,-0.0950916,-0.0436834
12.06,-0.9,-0.0959982,-0.0433736
12.062,-0.9,-0.0957967,-0.0430697
12.064,-0.9,-0.095696,-0.0427697
12.066,-0.9,-0.0959982,-0.0424736
12.068,-0.9,-0.0954945,-0.0421817
12.07,-0.9,-0.0960989,-0.0418942
12.072,-0.9,-0.0960989,-0.0416087
12.074,-0.9,-0.0958974,-0.0413286
12.076,-0.9,-0.0953938,-0.0410532
12.078,-0.9,-0.095696,-0.0407795
12.08,-0.9,-0.0964011,-0.040511
12.082,-0.9,-0.0960989,-0.0402453
12.084,-0.9,-0.0960989,-0.039983
12.086,-0.9,-0.0960989,-0.0397242
12.088,-0.9,-0.0958974,-0.039468
12.09,-0.9,-0.0961996,-0.0392156
12.092,-0.9,-0.0961996,-0.0389673
12.094,-0.9,-0.0951923,-0.0387207
12.096,-0.9,-0.0955952,-0.0384786
12.098,-0.9,-0.0959982,-0.0382388
12.1,-0.9,-0.0961996,-0.038001
12.102,-0.9,-0.0947894,-0.0377678
12.104,-0.9,-0.095696,-0.0375368
12.106,-0.9,-0.0955952,-0.0373082
12.108,-0.9,-0.0963004,-0.0370825
12.11,-0.9,-0.0959982,-0.03686
12.112,-0.9,-0.095696,-0.0366396
12.114,-0.9,-0.0961996,-0.0364222
12.116,-0.9,-0.0953938,-0.0362078
12.118,-0.9,-0.0954945,-0.0359949
12.12,-0.9,-0.0959982,-0.0357856
12.122,-0.9,-0.095293,-0.0355779
12.124,-0.9,-0.0964011,-0.0353725
12.126,-0.9,-0.0949908,-0.0351695
12.128,-0.9,-0.0958974,-0.0349696
12.13,-0.9,-0.0961996,-0.0347716
12.132,-0.9,-0.0959982,-0.0345754
12.134,-0.9,-0.095293,-0.0343819
12.136,-0.9,-0.0958974,-0.0341903
12.138,-0.9,-0.0959982,-0.0340005
12.14,-0.9,-0.0953938,-0.0338129
12.142,-0.9,-0.0958974,-0.0336282
12.144,-0.9,-0.095696,-0.0334447
12.146,-0.9,-0.0959982,-0.033263
12.148,-0.9,-0.0949908,-0.0330842
12.15,-0.9,-0.0953938,-0.0329066
12.152,-0.9,-0.0957967,-0.0327307
12.154,-0.9,-0.0969048,-0.0325576
12.156,-0.9,-0.0961996,-0.0323862
12.158,-0.9,-0.0957967,-0.0322152
12.16,-0.9,-0.0948901,-0.0320475
12.162,-0.9,-0.0958974,-0.0318811
12.164,-0.9,-0.0950916,-0.0317159
12.166,-0.9,-0.095696,-0.0315526
12.168,-0.9,-0.0942857,-0.0313917
12.17,-0.9,-0.0960989,-0.0312316
12.172,-0.9,-0.0957967,-0.0310735
12.174,-0.9,-0.0959982,-0.0309167
12.176,-0.9,-0.095696,-0.0307616
12.178,-0.9,-0.095696,-0.0306085
12.18,-0.9,-0.0955952,-0.0304564
12.182,-0.9,-0.0958974,-0.0303064
12.184,-0.9,-0.0951923,-0.0301569
12.186,-0.9,-0.0963004,-0.0300098
12.188,-0.9,-0.0959982,-0.0298636
12.19,-0.9,-0.0963004,-0.0297187
12.192,-0.9,-0.095293,-0.0295759
12.194,-0.9,-0.0963004,-0.0294337
12.196,-0.9,-0.0957967,-0.0292935
12.198,-0.9,-0.0950916,-0.0291538
12.2,-0.9,-0.095696,-0.0290163
12.202,-0.9,-0.0963004,-0.0288794
12.204,-0.9,-0.0959982,-0.0287442
12.206,-0.9,-0.095696,-0.0286105
12.208,-0.9,-0.0947894,-0.0284778
12.21,-0.9,-0.0954945,-0.0283457
12.212,-0.9,-0.0953938,-0.0282156
12.214,-0.9,-0.0950916,-0.0280867
12.216,-0.9,-0.0953938,-0.0279586
12.218,-0.9,-0.0957967,-0.0278315
12.22,-0.9,-0.0965018,-0.0277059
12.222,-0.9,-0.0960989,-0.0275816
12.224,-0.9,-0.0963004,-0.0274584
12.226,-0.9,-0.0953938,-0.0273355
12.228,-0.9,-0.0957967,-0.0272145
12.23,-0.9,-0.0961996,-0.0270947
12.232,-0.9,-0.0951923,-0.026975
12.234,-0.9,-0.0965018,-0.0268571
12.236,-0.9,-0.0960989,-0.0267398
12.238,-0.9,-0.0953938,-0.0266242
12.24,-0.9,-0.095696,-0.026509
12.242,-0.9,-0.095293,-0.0263949
12.244,-0.9,-0.0951923,-0.0262818
12.246,-0.9,-0.095293,-0.0261698
12.248,-0.9,-0.095696,-0.0260585
12.25,-0.9,-0.0963004,-0.0259486
12.252,-0.9,-0.095696,-0.0258392
12.254,-0.9,-0.0957967,-0.0257307
12.256,-0.9,-0.095696,-0.0256236
12.258,-0.9,-0.095696,-0.0255169
12.26,-0.9,-0.0957967,-0.025411
12.262,-0.9,-0.0958974,-0.0253063
12.264,-0.9,-0.0959982,-0.0252026
12.266,-0.9,-0.095293,-0.0250994
12.268,-0.9,-0.0959982,-0.0249972
12.27,-0.9,-0.0960989,-0.0248955
12.272,-0.9,-0.0966026,-0.0247951
12.274,-0.9,-0.0955952,-0.0246954
12.276,-0.9,-0.0954945,-0.0245962
12.278,-0.9,-0.0953938,-0.0244981
12.28,-0.9,-0.0964011,-0.0244005
12.282,-0.9,-0.0961996,-0.0243042
12.284,-0.9,-0.0955952,-0.0242084
12.286,-0.9,-0.0964011,-0.0241131
12.288,-0.9,-0.0965018,-0.0240185
12.29,-0.9,-0.095696,-0.023925
12.292,-0.9,-0.0961996,-0.023832
12.294,-0.9,-0.0961996,0.0237402
12.296,-0.9,-0.0960989,0.0236483
12.298,-0.9,-0.0963004,0.0235575
12.3,-0.9,-0.0965018,0.0234676
12.302,-0.9,-0.0966026,0.0233781
12.304,-0.9,-0.095696,0.0232894
12.306,-0.9,-0.0961996,0.0232011
12.308,-0.9,-0.096804,0.0231137
12.31,-0.9,-0.0964011,0.0230272
12.312,-0.9,-0.0964011,0.0229409
12.314,-0.9,-0.0965018,0.0228557
12.316,-0.9,-0.0967033,0.0227708
12.318,-0.9,-0.0965018,0.0225258
12.32,-0.9,-0.0967033,0.0225258
12.322,-0.9,-0.096804,0.0225258
12.324,-0.9,-0.0967033,0.0225258
12.326,-0.9,-0.0973077,0.0225258
12.328,-0.9,-0.0967033,0.0225258
12.33,-0.9,-0.0960989,0.0225258
12.332,-0.9,-0.0966026,0.0225258
12.334,-0.9,-0.0969048,0.0225258
12.336,-0.9,-0.0975092,0.0225258
12.338,-0.9,-0.0970055,0.0225258
12.34,-0.9,-0.0965018,0.0225258
12.342,-0.9,-0.096804,0.0225258
12.344,-0.9,-0.0969048,0.0225258
12.346,-0.9,-0.0967033,0.0225258
12.348,-0.9,-0.0980128,0.0225258
12.35,-0.9,-0.0973077,0.0225258
12.352,-0.9,-0.0969048,0.0225258
12.354,-0.9,-0.096804,0.0225258
12.356,-0.9,-0.0976099,0.0225258
12.358,-0.9,-0.097207,0.0225258
12.36,-0.9,-0.097207,0.0225258
12.362,-0.9,-0.097207,0.0225258
12.364,-0.9,-0.0967033,0.0225258
12.366,-0.9,-0.0978114,0.0225258
12.368,-0.9,-0.0974084,0.0225258
12.37,-0.9,-0.0969048,0.0225258
12.372,-0.9,-0.0974084,0.0225258
12.374,-0.9,-0.0966026,0.0267586
12.376,-0.9,-0.0966026,0.0267586
12.378,-0.9,-0.0973077,0.0267586
12.38,-0.9,-0.0975092,0.0267586
12.382,-0.9,-0.0970055,0.0267586
12.384,-0.9,-0.097207,0.0267586
12.386,-0.9,-0.0967033,0.0267586
12.388,-0.9,-0.0965018,0.0267586
12.39,-0.9,-0.0971062,0.0267586
12.392,-0.9,-0.0966026,0.0267586
12.394,-0.9,-0.0970055,0.0267586
12.396,-0.9,-0.0970055,0.0267586
12.398,-0.9,-0.097207,0.0267586
12.4,-0.9,-0.0967033,0.0267586
12.402,-0.9,-0.0967033,0.0267586
12.404,-0.9,-0.0973077,0.0267586
12.406,-0.9,-0.0967033,0.0267586
12.408,-0.9,-0.0965018,0.0267586
12.41,-0.9,-0.097207,0.0267586
12.412,-0.9,-0.096804,0.0267586
12.414,-0.9,-0.0973077,0.0267586
12.416,-0.9,-0.0967033,0.0267586
12.418,-0.9,-0.096804,0.0267586
12.42,-0.9,-0.0965018,0.0267586
12.422,-0.9,-0.0970055,0.0267586
12.424,-0.9,-0.0966026,0.0267586
12.426,-0.9,-0.0961996,0.0267586
12.428,-0.9,-0.0963004,0.0267586
12.43,-0.9,-0.0963004,0.0267586
12.432,-0.9,-0.0961996,0.0267586
12.434,-0.9,-0.0961996,0.0267586
12.436,-0.9,-0.0953938,0.0267586
12.438,-0.9,-0.0960989,0.0267586
12.44,-0.9,-0.095293,0.0267586
12.442,-0.9,-0.0953938,0.0267586
12.444,-0.9,-0.0949908,0.0267586
12.446,-0.9,-0.0961996,0.0267586
12.448,-0.9,-0.0946886,0.0267586
12.45,-0.9,-0.0951923,0.0267586
12.452,-0.9,-0.0960989,0.0267586
12.454,-0.9,-0.0947894,0.0267586
12.456,-0.9,-0.0946886,0.0267586
12.458,-0.9,-0.0957967,0.0267586
12.46,-0.9,-0.0957967,0.0267586
12.462,-0.9,-0.095293,0.0267586
12.464,-0.9,-0.0946886,0.0267586
12.466,-0.9,-0.0945879,0.0267586
12.468,-0.9,-0.0951923,0.0267586
12.47,-0.9,-0.0945879,0.0267586
12.472,-0.9,-0.094185,0.0267586
12.474,-0.9,-0.0949908,0.0267586
12.476,-0.9,-0.0945879,0.0267586
12.478,-0.9,-0.0947894,-0.232558
12.48,-0.9,-0.0935806,-0.232558
12.482,-0.9,-0.0931777,-0.232558
12.484,-0.9,-0.092674,-0.232558
12.486,-0.9,-0.0940842,-0.232558
12.488,-0.9,-0.0934799,-0.232558
12.49,-0.9,-0.0936813,-0.232558
12.492,-0.9,-0.0933791,-0.232558
12.494,-0.9,-0.0938828,-0.232558
12.496,-0.9,-0.0928755,-0.232558
12.498,-0.9,-0.0939835,-0.232558
12.5,-0.9,-0.0931777,-0.232558
12.502,-0.9,-0.0939835,-0.232558
12.504,-0.9,-0.0936813,-0.232558
12.506,-0.9,-0.0922711,-0.232558
12.508,-0.9,-0.0928755,-0.232558
12.51,-0.9,-0.0928755,-0.12987
12.512,-0.9,-0.0928755,-0.12987
12.514,-0.9,-0.0923718,-0.12987
12.516,-0.9,-0.0921703,-0.12987
12.518,-0.9,-0.0920696,-0.12987
12.52,-0.9,-0.0924725,-0.12987
12.522,-0.9,-0.0918681,-0.12987
12.524,-0.9,-0.0912637,-0.12987
12.526,-0.9,-0.0914652,-0.12987
12.528,-0.9,-0.0913645,-0.12987
12.53,-0.9,-0.0953938,-0.12987
12.532,-0.9,-0.0974084,-0.12987
12.534,-0.9,-0.097207,-0.12987
12.536,-0.9,-0.0963004,-0.12987
12.538,-0.9,-0.0967033,-0.12987
12.54,-0.9,-0.0966026,-0.12987
12.542,-0.9,-0.0954945,-0.12987
12.544,-0.9,-0.0964011,-0.12987
12.546,-0.9,-0.0965018,-0.12987
12.548,-0.9,-0.0958974,-0.12987
12.55,-0.9,-0.0955952,-0.12987
12.552,-0.9,-0.0957967,-0.12987
12.554,-0.9,-0.0957967,-0.12987
12.556,-0.9,-0.0957967,-0.12987
12.558,-0.9,-0.0954945,-0.12987
12.56,-0.9,-0.0954945,-0.12987
12.562,-0.9,-0.0951923,-0.12987
12.564,-0.9,-0.0950916,-0.12987
12.566,-0.9,-0.0942857,-0.12987
12.568,-0.9,-0.0948901,-0.12987
12.57,-0.9,-0.0949908,-0.12987
12.572,-0.9,-0.0945879,-0.12987
12.574,-0.9,-0.0942857,-0.12987
12.576,-0.9,-0.0934799,-0.12987
12.578,-0.9,-0.0940842,-0.12987
12.58,-0.9,-0.0955952,-0.12987
12.582,-0.9,-0.0945879,-0.12987
12.584,-0.9,-0.095293,-0.12987
12.586,-0.9,-0.095293,-0.12987
12.588,-0.9,-0.0957967,-0.12987
12.59,-0.9,-0.0951923,-0.12987
12.592,-0.9,-0.0950916,-0.12987
12.594,-0.9,-0.0950916,-0.12987
12.596,-0.9,-0.0959982,-0.12987
12.598,-0.9,-0.0959982,-0.12987
12.6,-0.9,-0.0961996,-0.12987
12.602,-0.9,-0.0957967,-0.12987
12.604,-0.9,-0.0953938,-0.12987
12.606,-0.9,-0.0958974,-0.127296
12.608,-0.9,-0.0961996,-0.124698
12.61,-0.9,-0.0958974,-0.122223
12.612,-0.9,-0.0959982,-0.119833
12.614,-0.9,-0.0953938,-0.117533
12.616,-0.9,-0.0960989,-0.115331
12.618,-0.9,-0.0959982,-0.113195
12.62,-0.9,-0.0960989,-0.111148
12.622,-0.9,-0.0958974,-0.109176
12.624,-0.9,-0.0963004,-0.107259
12.626,-0.9,-0.0953938,-0.105419
12.628,-0.9,-0.095696,-0.103644
12.63,-0.9,-0.095696,-0.101918
12.632,-0.9,-0.0961996,-0.100254
12.634,-0.9,-0.0958974,-0.0986409
12.636,-0.9,-0.0963004,-0.0970834
12.638,-0.9,-0.0963004,-0.0955676
12.64,-0.9,-0.095696,-0.0941051
12.642,-0.9,-0.0958974,-0.0926802
12.644,-0.9,-0.0964011,-0.0912998
12.646,-0.9,-0.0957967,-0.0899617
12.648,-0.9,-0.0966026,-0.0886631
12.65,-0.9,-0.096804,-0.0874004
12.652,-0.9,-0.0965018,-0.0861745
12.654,-0.9,-0.0959982,-0.0849795
12.656,-0.9,-0.0951923,-0.0838189
12.658,-0.9,-0.0953938,-0.0826876
12.66,-0.9,-0.0959982,-0.081591
12.662,-0.9,-0.0957967,-0.0805188
12.664,-0.9,-0.0961996,-0.0794744
12.666,-0.9,-0.0963004,-0.0784589
12.668,-0.9,-0.0955952,-0.0774711
12.67,-0.9,-0.0959982,-0.0765063
12.672,-0.9,-0.095696,-0.0755604
12.674,-0.9,-0.0960989,-0.0746428
12.676,-0.9,-0.0963004,-0.0737485
12.678,-0.9,-0.0958974,-0.072869
12.68,-0.9,-0.0958974,-0.0720121
12.682,-0.9,-0.0964011,-0.0711797
12.684,-0.9,-0.0955952,-0.0703609
12.686,-0.9,-0.0961996,-0.0695656
12.688,-0.9,-0.0958974,-0.0687846
12.69,-0.9,-0.0948901,-0.0680211
12.692,-0.9,-0.0961996,-0.0672758
12.694,-0.9,-0.0963004,-0.0665483
12.696,-0.9,-0.0957967,-0.0658335
12.698,-0.9,-0.0947894,-0.0651338
12.7,-0.9,-0.0957967,-0.0644485
12.702,-0.9,-0.095696,-0.0637808
12.704,-0.9,-0.0960989,-0.0631251
12.706,-0.9,-0.0963004,-0.0624803
12.708,-0.9,-0.0957967,-0.0618508
12.71,-0.9,-0.0948901,-0.061235
12.712,-0.9,-0.095696,-0.0606292
12.714,-0.9,-0.0953938,-0.0600351
12.716,-0.9,-0.095696,-0.059455
12.718,-0.9,-0.0959982,-0.0588834
12.72,-0.9,-0.0954945,-0.058323
12.722,-0.9,-0.0947894,-0.0577756
12.724,-0.9,-0.0955952,-0.0572347
12.726,-0.9,-0.095696,-0.0567064
12.728,-0.9,-0.0957967,-0.0561885
12.73,-0.9,-0.0963004,-0.0556765
12.732,-0.9,-0.0963004,-0.0551767
12.734,-0.9,-0.0957967,-0.0546861
12.736,-0.9,-0.0958974,-0.054201
12.738,-0.9,-0.0960989,-0.0537281
12.74,-0.9,-0.0959982,-0.0532612
12.742,-0.9,-0.0955952,-0.0528035
12.744,-0.9,-0.0959982,-0.0523522
12.746,-0.9,-0.095293,-0.0519096
12.748,-0.9,-0.0955952,-0.0514733
12.75,-0.9,-0.095696,-0.0510463
12.752,-0.9,-0.0949908,-0.0506247
12.754,-0.9,-0.0960989,-0.0502099
12.756,-0.9,-0.0954945,-0.0498027
12.758,-0.9,-0.0957967,-0.0494022
12.76,-0.9,-0.095293,-0.0490069
12.762,-0.9,-0.0954945,-0.0486183
12.764,-0.9,-0.0959982,-0.0482367
12.766,-0.9,-0.0958974,-0.04786
12.768,-0.9,-0.0947894,-0.0474908
12.77,-0.9,-0.0958974,-0.0471253
12.772,-0.9,-0.0963004,-0.0467664
12.774,-0.9,-0.0958974,-0.0464117
12.776,-0.9,-0.0953938,-0.0460639
12.778,-0.9,-0.095696,-0.0457209
12.78,-0.9,-0.0959982,-0.0453822
12.782,-0.9,-0.0963004,-0.04505
12.784,-0.9,-0.0958974,-0.0447213
12.786,-0.9,-0.0959982,-0.0443973
12.788,-0.9,-0.0951923,-0.0440791
12.79,-0.9,-0.095696,-0.0437643
12.792,-0.9,-0.0951923,-0.0434539
12.794,-0.9,-0.095696,-0.043148
12.796,-0.9,-0.0957967,-0.0428477
12.798,-0.9,-0.0954945,-0.04255
12.8,-0.9,-0.0960989,-0.0422577
12.802,-0.9,-0.0963004,-0.0419681
12.804,-0.9,-0.095293,-0.0416831
12.806,-0.9,-0.0946886,-0.0414014
12.808,-0.9,-0.0958974,-0.0411248
12.81,-0.9,-0.0953938,-0.0408507
12.812,-0.9,-0.0949908,-0.0405799
12.814,-0.9,-0.0959982,-0.0403134
12.816,-0.9,-0.095696,-0.0400505
12.818,-0.9,-0.0958974,-0.0397905
12.82,-0.9,-0.0961996,-0.0395343
12.822,-0.9,-0.0953938,-0.0392808
12.824,-0.9,-0.0951923,-0.0390312
12.826,-0.9,-0.095293,-0.0387852
12.828,-0.9,-0.0963004,-0.0385413
12.83,-0.9,-0.0969048,-0.0383015
12.832,-0.9,-0.095696,-0.0380628
12.834,-0.9,-0.0954945,-0.0378285
12.836,-0.9,-0.0951923,-0.0375967
12.838,-0.9,-0.095293,-0.0373671
12.84,-0.9,-0.095696,-0.0371416
12.842,-0.9,-0.0959982,-0.0369181
12.844,-0.9,-0.0957967,-0.0366971
12.846,-0.9,-0.0953938,-0.0364786
12.848,-0.9,-0.0959982,-0.0362638
12.85,-0.9,-0.0945879,-0.0360507
12.852,-0.9,-0.095696,-0.0358392
12.854,-0.9,-0.0957967,-0.0356313
12.856,-0.9,-0.0955952,-0.0354262
12.858,-0.9,-0.0954945,-0.0352221
12.86,-0.9,-0.0959982,-0.0350217
12.862,-0.9,-0.0957967,-0.0348228
12.864,-0.9,-0.0958974,-0.0346259
12.866,-0.9,-0.0960989,-0.0344315
12.868,-0.9,-0.0960989,-0.03424
12.87,-0.9,-0.0961996,-0.0340497
12.872,-0.9,-0.0961996,-0.0338616
12.874,-0.9,-0.095696,-0.0336763
12.876,-0.9,-0.0954945,-0.0334923
12.878,-0.9,-0.0959982,-0.0333102
12.88,-0.9,-0.0961996,-0.0331302
12.882,-0.9,-0.0947894,-0.0329531
12.884,-0.9,-0.0958974,-0.0327765
12.886,-0.9,-0.095293,-0.0326026
12.888,-0.9,-0.0955952,-0.0324307
12.89,-0.9,-0.0949908,-0.0322595
12.892,-0.9,-0.0959982,-0.0320906
12.894,-0.9,-0.0953938,-0.0319241
12.896,-0.9,-0.0954945,-0.0317587
12.898,-0.9,-0.0961996,-0.0315956
12.9,-0.9,-0.0955952,-0.031433
12.902,-0.9,-0.0964011,-0.0312731
12.904,-0.9,-0.0959982,-0.0311152
12.906,-0.9,-0.0955952,-0.0309575
12.908,-0.9,-0.095696,-0.030802
12.91,-0.9,-0.0954945,-0.0306485
12.912,-0.9,-0.0953938,-0.030496
12.914,-0.9,-0.0955952,-0.0303453
12.916,-0.9,-0.0954945,0.0301955
12.918,-0.9,-0.0960989,0.0300477
12.92,-0.9,-0.0964011,0.0299014
12.922,-0.9,-0.0959982,0.0297564
12.924,-0.9,-0.0958974,0.0296128
12.926,-0.9,-0.0963004,0.0294707
12.928,-0.9,-0.0965018,0.0293299
12.93,-0.9,-0.0966026,0.0291904
12.932,-0.9,-0.0964011,0.0290523
12.934,-0.9,-0.0958974,0.0289154
12.936,-0.9,-0.096804,0.0287798
12.938,-0.9,-0.0963004,0.0286454
12.94,-0.9,-0.0963004,0.028512
12.942,-0.9,-0.097207,0.0283801
12.944,-0.9,-0.0957967,0.0282493
12.946,-0.9,-0.0957967,0.0281203
12.948,-0.9,-0.0959982,0.0279918
12.95,-0.9,-0.0964011,0.48787
12.952,-0.9,-0.0963004,0.48787
12.954,-0.9,-0.0957967,0.48787
12.956,-0.9,-0.0961996,0.48787
12.958,-0.9,-0.0963004,0.48787
12.96,-0.9,-0.0963004,0.48787
12.962,-0.9,-0.0961996,0.48787
12.964,-0.9,-0.0961996,0.48787
12.966,-0.9,-0.0961996,0.48787
12.968,-0.9,-0.0967033,0.48787
12.97,-0.9,-0.097207,0.48787
12.972,-0.9,-0.0961996,0.48787
12.974,-0.9,-0.0964011,0.482039
12.976,-0.9,-0.0964011,0.446903
12.978,-0.9,-0.0960989,0.416656
12.98,-0.9,-0.0954945,0.390022
12.982,-0.9,-0.0961996,0.366788
12.984,-0.9,-0.0955952,0.34603
12.986,-0.9,-0.0961996,0.327573
12.988,-0.9,-0.0955952,0.311022
12.99,-0.9,-0.0960989,0.295964
12.992,-0.9,-0.0961996,0.282368
12.994,-0.9,-0.095696,0.269933
12.996,-0.9,-0.0958974,0.258588
12.998,-0.9,-0.0960989,0.24812
13,-0.8,-0.0961996,0.238503
13.002,-0.8,-0.0837088,0.229565
13.004,-0.8,-0.0844139,0.221277
13.006,-0.8,-0.0839103,0.213581
13.008,-0.8,-0.0842125,0.206386
13.01,-0.8,-0.0835073,0.199682
13.012,-0.8,-0.0841117,0.193391
13.014,-0.8,-0.0838095,0.187474
13.016,-0.8,-0.0836081,0.18191
13.018,-0.8,-0.0844139,0.176684
13.02,-0.8,-0.0842125,0.171733
13.022,-0.8,-0.0833059,0.167052
13.024,-0.8,-0.0839103,0.162618
13.026,-0.8,-0.0839103,0.158433
13.028,-0.8,-0.0837088,0.154446
13.03,-0.8,-0.0842125,0.15064
13.032,-0.8,-0.0838095,0.147031
13.034,-0.8,-0.0841117,0.143589
13.036,-0.8,-0.0837088,0.140322
13.038,-0.8,-0.0837088,0.137176
13.04,-0.8,-0.0832051,0.134177
13.042,-0.8,-0.0839103,0.131308
13.044,-0.8,-0.0835073,0.128558
13.046,-0.8,-0.0838095,0.12591
13.048,-0.8,-0.0827015,0.123389
13.05,-0.8,-0.0830037,0.120958
13.052,-0.8,-0.0828022,0.11862
13.054,-0.8,-0.0834066,0.116366
13.056,-0.8,-0.0832051,0.114197
13.058,-0.8,-0.0835073,0.112122
13.06,-0.8,-0.0835073,0.110102
13.062,-0.8,-0.0831044,0.108161
13.064,-0.8,-0.0836081,0.106282
13.066,-0.8,-0.0836081,0.104473
13.068,-0.8,-0.0828022,0.10273
13.07,-0.8,-0.0831044,0.0242522
13.072,-0.8,-0.0832051,0.0242522
13.074,-0.8,-0.0830037,0.0242522
13.076,-0.8,-0.0830037,0.0242522
13.078,-0.8,-0.0830037,0.0242522
13.08,-0.8,-0.0826007,0.0242522
13.082,-0.8,-0.0823993,0.0242522
13.084,-0.8,-0.0825,0.0242522
13.086,-0.8,-0.0825,0.0242522
13.088,-0.8,-0.0819963,0.0242522
13.09,-0.8,-0.0830037,0.0242522
13.092,-0.8,-0.0823993,0.0242522
13.094,-0.8,-0.0830037,0.0242522
13.096,-0.8,-0.0821978,0.0242522
13.098,-0.8,-0.0817949,0.0242522
13.1,-0.8,-0.0829029,0.0242522
13.102,-0.8,-0.0819963,0.0242522
13.104,-0.8,-0.0816941,0.0242522
13.106,-0.8,-0.0815934,0.0242522
13.108,-0.8,-0.0812912,0.0242522
13.11,-0.8,-0.0831044,0.0242522
13.112,-0.8,-0.0818956,0.0242522
13.114,-0.8,-0.0827015,0.0242522
13.116,-0.8,-0.0819963,0.0242522
13.118,-0.8,-0.0825,0.0242522
13.12,-0.8,-0.0819963,0.0242522
13.122,-0.8,-0.0858242,0.0242522
13.124,-0.8,-0.0847161,0.0242522
13.126,-0.8,-0.0843132,0.0242522
13.128,-0.8,-0.0835073,0.0242522
13.13,-0.8,-0.0833059,0.0242522
13.132,-0.8,-0.0836081,0.0242522
13.134,-0.8,-0.0842125,0.0242522
13.136,-0.8,-0.0837088,0.0242522
13.138,-0.8,-0.0839103,0.0242522
13.14,-0.8,-0.0837088,0.0242522
13.142,-0.8,-0.0832051,0.0242522
13.144,-0.8,-0.0834066,0.0242522
13.146,-0.8,-0.0837088,0.0242522
13.148,-0.8,-0.0833059,0.0242522
13.15,-0.8,-0.0829029,0.0242522
13.152,-0.8,-0.0843132,0.0242522
13.154,-0.8,-0.0829029,0.0242522
13.156,-0.8,-0.0831044,0.0242522
13.158,-0.8,-0.0830037,0.0242522
13.16,-0.8,-0.0819963,0.0242522
13.162,-0.8,-0.0827015,0.0242522
13.164,-0.8,-0.0834066,0.0242522
13.166,-0.8,-0.0833059,0.0242522
13.168,-0.8,-0.0836081,0.0242522
13.17,-0.8,-0.084011,0.0242522
13.172,-0.8,-0.0829029,0.0242522
13.174,-0.8,-0.0834066,0.0242522
13.176,-0.8,-0.084011,0.0242522
13.178,-0.8,-0.0837088,0.0242522
13.18,-0.8,-0.0831044,0.0242522
13.182,-0.8,-0.0831044,0.0242522
13.184,-0.8,-0.0836081,0.0242522
13.186,-0.8,-0.0843132,0.0242522
13.188,-0.8,-0.0834066,0.0242522
13.19,-0.8,-0.0839103,0.0242522
13.192,-0.8,-0.0838095,0.0242522
13.194,-0.8,-0.0838095,0.0242522
13.196,-0.8,-0.0835073,0.0242522
13.198,-0.8,-0.0832051,0.0242522
13.2,-0.8,-0.0836081,0.0242522
13.202,-0.8,-0.084011,0.0242522
13.204,-0.8,-0.0838095,0.0242522
13.206,-0.8,-0.0834066,0.0242522
13.208,-0.8,-0.084011,0.0242522
13.21,-0.8,-0.0845147,0.0242522
13.212,-0.8,-0.0837088,0.0242522
13.214,-0.8,-0.0837088,0.0242522
13.216,-0.8,-0.0836081,0.0242522
13.218,-0.8,-0.0841117,0.0242522
13.22,-0.8,-0.084011,0.0242522
13.222,-0.8,-0.0835073,0.0242522
13.224,-0.8,-0.0836081,0.0242522
13.226,-0.8,-0.0841117,0.0242522
13.228,-0.8,-0.0841117,0.0242522
13.23,-0.8,-0.0834066,0.0242522
13.232,-0.8,-0.0833059,0.0242522
13.234,-0.8,-0.0830037,0.0242522
13.236,-0.8,-0.0838095,0.0242522
13.238,-0.8,-0.0837088,0.0242522
13.24,-0.8,-0.0831044,0.0242522
13.242,-0.8,-0.0828022,0.0242522
13.244,-0.8,-0.0839103,0.0242522
13.246,-0.8,-0.0841117,0.0242522
13.248,-0.8,-0.0838095,0.0242522
13.25,-0.8,-0.0835073,0.0242522
13.252,-0.8,-0.0837088,0.0242522
13.254,-0.8,-0.0835073,0.0242522
13.256,-0.8,-0.0836081,0.0242522
13.258,-0.8,-0.0841117,0.0242522
13.26,-0.8,-0.0841117,0.0242522
13.262,-0.8,-0.0846154,0.0242522
13.264,-0.8,-0.0835073,0.0242522
13.266,-0.8,-0.0834066,0.0242522
13.268,-0.8,-0.0833059,0.0242522
13.27,-0.8,-0.0839103,0.0242522
13.272,-0.8,-0.0831044,0.0242522
13.274,-0.8,-0.0833059,0.0242522
13.276,-0.8,-0.084011,0.0242522
13.278,-0.8,-0.0833059,0.0242522
13.28,-0.8,-0.0836081,0.0242522
13.282,-0.8,-0.0841117,0.0242522
13.284,-0.8,-0.0838095,0.0242522
13.286,-0.8,-0.084011,0.0242522
13.288,-0.8,-0.084011,0.0242522
13.29,-0.8,-0.0838095,0.0242522
13.292,-0.8,-0.0833059,0.0242522
13.294,-0.8,-0.0841117,0.0242522
13.296,-0.8,-0.0841117,0.0242522
13.298,-0.8,-0.0839103,0.0242522
13.3,-0.8,-0.0838095,0.0242522
13.302,-0.8,-0.0833059,0.0242522
13.304,-0.8,-0.0838095,0.0242522
13.306,-0.8,-0.0833059,0.0242522
13.308,-0.8,-0.0836081,0.0242522
13.31,-0.8,-0.0836081,0.0242522
13.312,-0.8,-0.0831044,0.0242522
13.314,-0.8,-0.0839103,0.0242522
13.316,-0.8,-0.0841117,0.0242522
13.318,-0.8,-0.0833059,0.0242522
13.32,-0.8,-0.084011,0.0242522
13.322,-0.8,-0.0839103,0.0242522
13.324,-0.8,-0.0845147,0.0242522
13.326,-0.8,-0.0834066,0.0242522
13.328,-0.8,-0.0841117,0.0242522
13.33,-0.8,-0.0835073,0.0242522
13.332,-0.8,-0.0838095,0.0242522
13.334,-0.8,-0.0834066,0.0242522
13.336,-0.8,-0.0839103,0.0242522
13.338,-0.8,-0.0839103,0.0242522
13.34,-0.8,-0.0842125,0.0242522
13.342,-0.8,-0.084011,0.0242522
13.344,-0.8,-0.0834066,0.0242522
13.346,-0.8,-0.0837088,0.0242522
13.348,-0.8,-0.0837088,0.0242522
13.35,-0.8,-0.0833059,0.0242522
13.352,-0.8,-0.084011,0.0242522
13.354,-0.8,-0.0845147,0.0242522
13.356,-0.8,-0.0835073,0.0242522
13.358,-0.8,-0.0842125,0.0242522
13.36,-0.8,-0.0839103,0.0242522
13.362,-0.8,-0.0828022,0.0242522
13.364,-0.8,-0.0836081,0.0242522
13.366,-0.8,-0.0843132,0.0242522
13.368,-0.8,-0.0839103,0.0242522
13.37,-0.8,-0.084011,0.0242522
13.372,-0.8,-0.0836081,0.0242522
13.374,-0.8,-0.0838095,0.0242522
13.376,-0.8,-0.0837088,0.0242522
13.378,-0.8,-0.0836081,0.0242522
13.38,-0.8,-0.0841117,0.0242522
13.382,-0.8,-0.0836081,0.0242522
13.384,-0.8,-0.0841117,0.0242522
13.386,-0.8,-0.0838095,0.0242522
13.388,-0.8,-0.0827015,0.0242522
13.39,-0.8,-0.0838095,0.0242522
13.392,-0.8,-0.0841117,0.0242522
13.394,-0.8,-0.0831044,0.0242522
13.396,-0.8,-0.0839103,0.0242522
13.398,-0.8,-0.0829029,0.0242522
13.4,-0.8,-0.0836081,0.0242522
13.402,-0.8,-0.0835073,0.0242522
13.404,-0.8,-0.0841117,0.0242522
13.406,-0.8,-0.0839103,0.0242522
13.408,-0.8,-0.0838095,0.0242522
13.41,-0.8,-0.0832051,0.0242522
13.412,-0.8,-0.0837088,0.0242522
13.414,-0.8,-0.0836081,0.0242522
13.416,-0.8,-0.0830037,0.0242522
13.418,-0.8,-0.0831044,0.0242522
13.42,-0.8,-0.0839103,0.0242522
13.422,-0.8,-0.0837088,0.0242522
13.424,-0.8,-0.084011,0.0242522
13.426,-0.8,-0.0835073,0.0242522
13.428,-0.8,-0.0835073,0.0242522
13.43,-0.8,-0.0837088,0.0242522
13.432,-0.8,-0.0845147,0.0242522
13.434,-0.8,-0.0832051,0.0242522
13.436,-0.8,-0.0848168,0.0242522
13.438,-0.8,-0.0831044,0.0242522
13.44,-0.8,-0.0839103,0.0242522
13.442,-0.8,-0.0837088,0.0242522
13.444,-0.8,-0.084011,0.0242522
13.446,-0.8,-0.0841117,0.0242522
13.448,-0.8,-0.0844139,0.0242522
13.45,-0.8,-0.0831044,0.0242522
13.452,-0.8,-0.0832051,0.0242522
13.454,-0.8,-0.0841117,0.0242522
13.456,-0.8,-0.0834066,0.0242522
13.458,-0.8,-0.0830037,0.0242522
13.46,-0.8,-0.0834066,0.0242522
13.462,-0.8,-0.0838095,0.0242522
13.464,-0.8,-0.0848168,0.0242522
13.466,-0.8,-0.0836081,0.0242522
13.468,-0.8,-0.0844139,0.0242522
13.47,-0.8,-0.0839103,0.0242522
13.472,-0.8,-0.0837088,0.0242522
13.474,-0.8,-0.084011,0.0242522
13.476,-0.8,-0.0844139,0.0242522
13.478,-0.8,-0.0842125,0.0242522
13.48,-0.8,-0.0844139,0.0242522
13.482,-0.8,-0.0842125,0.0242522
13.484,-0.8,-0.0843132,0.0242522
13.486,-0.8,-0.084011,0.0242522
13.488,-0.8,-0.0841117,0.0242522
13.49,-0.8,-0.0843132,0.152898
13.492,-0.8,-0.0844139,0.152898
13.494,-0.8,-0.0845147,0.152898
13.496,-0.8,-0.0841117,0.152898
13.498,-0.8,-0.0846154,0.152898
13.5,-0.8,-0.0846154,0.152898
13.502,-0.8,-0.0845147,0.152898
13.504,-0.8,-0.0846154,0.152898
13.506,-0.8,-0.0844139,0.152898
13.508,-0.8,-0.0853205,0.152898
13.51,-0.8,-0.0839103,0.152898
13.512,-0.8,-0.0847161,0.152898
13.514,-0.8,-0.0848168,0.152898
13.516,-0.8,-0.0837088,0.152898
13.518,-0.8,-0.0844139,0.152898
13.52,-0.8,-0.0852198,0.152898
13.522,-0.8,-0.0848168,0.152898
13.524,-0.8,-0.0841117,0.152898
13.526,-0.8,-0.0839103,0.152898
13.528,-0.8,-0.0850183,0.152898
13.53,-0.8,-0.0856227,0.152898
13.532,-0.8,-0.0845147,0.152898
13.534,-0.8,-0.0844139,0.152898
13.536,-0.8,-0.0846154,0.152898
13.538,-0.8,-0.0844139,0.152898
13.54,-0.8,-0.0845147,0.152898
13.542,-0.8,-0.0849176,0.152898
13.544,-0.8,-0.0852198,0.152898
13.546,-0.8,-0.0844139,0.152898
13.548,-0.8,-0.0852198,0.152898
13.55,-0.8,-0.0843132,0.152898
13.552,-0.8,-0.084011,0.152898
13.554,-0.8,-0.0842125,0.152898
13.556,-0.8,-0.0847161,0.152898
13.558,-0.8,-0.085119,0.0293521
13.56,-0.8,-0.0839103,0.0293521
13.562,-0.8,-0.0841117,0.0293521
13.564,-0.8,-0.0835073,0.0293521
13.566,-0.8,-0.0839103,0.0293521
13.568,-0.8,-0.0838095,0.0293521
13.57,-0.8,-0.0843132,0.0293521
13.572,-0.8,-0.0849176,0.0293521
13.574,-0.8,-0.0846154,0.0293521
13.576,-0.8,-0.0844139,0.0293521
13.578,-0.8,-0.084011,0.0293521
13.58,-0.8,-0.0845147,0.0293521
13.582,-0.8,-0.0842125,0.0293521
13.584,-0.8,-0.0845147,0.0293521
13.586,-0.8,-0.0847161,0.0293521
13.588,-0.8,-0.0839103,0.0293521
13.59,-0.8,-0.0837088,0.0293521
13.592,-0.8,-0.0848168,0.0293521
13.594,-0.8,-0.0831044,0.0293521
13.596,-0.8,-0.0843132,0.0293521
13.598,-0.8,-0.0833059,0.0293521
13.6,-0.8,-0.0841117,0.0293521
13.602,-0.8,-0.0836081,0.0293521
13.604,-0.8,-0.0834066,0.0293521
13.606,-0.8,-0.0839103,0.0293521
13.608,-0.8,-0.0838095,0.0293521
13.61,-0.8,-0.0846154,0.0293521
13.612,-0.8,-0.0837088,0.0293521
13.614,-0.8,-0.0833059,0.0293521
13.616,-0.8,-0.0838095,0.0293521
13.618,-0.8,-0.0836081,0.0293521
13.62,-0.8,-0.0831044,0.0293521
13.622,-0.8,-0.0837088,0.0293521
13.624,-0.8,-0.0828022,0.0293521
13.626,-0.8,-0.0831044,0.0293521
13.628,-0.8,-0.0832051,0.0293521
13.63,-0.8,-0.0834066,0.0293521
13.632,-0.8,-0.0832051,0.0293521
13.634,-0.8,-0.0827015,0.0293521
13.636,-0.8,-0.0829029,0.0293521
13.638,-0.8,-0.0829029,0.0293521
13.64,-0.8,-0.0831044,0.0293521
13.642,-0.8,-0.0823993,0.0293521
13.644,-0.8,-0.0825,0.0293521
13.646,-0.8,-0.0826007,0.0293521
13.648,-0.8,-0.0823993,0.0293521
13.65,-0.8,-0.0827015,0.0293521
13.652,-0.8,-0.0819963,0.0293521
13.654,-0.8,-0.0823993,0.0293521
13.656,-0.8,-0.0832051,0.0293521
13.658,-0.8,-0.0821978,0.0293521
13.66,-0.8,-0.0821978,0.0293521
13.662,-0.8,-0.0821978,0.0293521
13.664,-0.8,-0.0822985,0.0293521
13.666,-0.8,-0.0820971,0.0293521
13.668,-0.8,-0.0821978,0.0293521
13.67,-0.8,-0.0820971,0.0293521
13.672,-0.8,-0.0825,0.0293521
13.674,-0.8,-0.0812912,0.0293521
13.676,-0.8,-0.0813919,0.0293521
13.678,-0.8,-0.0826007,0.0293521
13.68,-0.8,-0.0821978,0.0293521
13.682,-0.8,-0.0816941,0.0293521
13.684,-0.8,-0.0818956,0.0293521
13.686,-0.8,-0.0821978,0.0293521
13.688,-0.8,-0.0814927,-0.087366
13.69,-0.8,-0.0817949,-0.087366
13.692,-0.8,-0.0815934,-0.087366
13.694,-0.8,-0.0819963,-0.087366
13.696,-0.8,-0.0815934,-0.087366
13.698,-0.8,-0.0818956,-0.087366
13.7,-0.8,-0.0822985,-0.087366
13.702,-0.8,-0.0818956,-0.087366
13.704,-0.8,-0.0807875,-0.087366
13.706,-0.8,-0.0816941,-0.087366
13.708,-0.8,-0.0812912,-0.087366
13.71,-0.8,-0.0818956,-0.087366
13.712,-0.8,-0.0805861,-0.087366
13.714,-0.8,-0.0814927,-0.087366
13.716,-0.8,-0.0848168,-0.087366
13.718,-0.8,-0.0823993,-0.087366
13.72,-0.8,-0.084011,-0.087366
13.722,-0.8,-0.084011,-0.087366
13.724,-0.8,-0.084011,-0.087366
13.726,-0.8,-0.0837088,-0.087366
13.728,-0.8,-0.0843132,-0.087366
13.73,-0.8,-0.0844139,-0.087366
13.732,-0.8,-0.0842125,-0.087366
13.734,-0.8,-0.0834066,-0.087366
13.736,-0.8,-0.0839103,-0.087366
13.738,-0.8,-0.0845147,-0.087366
13.74,-0.8,-0.084011,-0.087366
13.742,-0.8,-0.0836081,-0.087366
13.744,-0.8,-0.0839103,-0.087366
13.746,-0.8,-0.084011,-0.087366
13.748,-0.8,-0.0842125,-0.087366
13.75,-0.8,-0.0836081,-0.087366
13.752,-0.8,-0.0832051,-0.087366
13.754,-0.8,-0.0833059,-0.087366
13.756,-0.8,-0.0832051,-0.087366
13.758,-0.8,-0.0835073,-0.087366
13.76,-0.8,-0.0831044,-0.087366
13.762,-0.8,-0.0833059,-0.087366
13.764,-0.8,-0.0830037,-0.087366
13.766,-0.8,-0.0827015,-0.087366
13.768,-0.8,-0.0832051,-0.087366
13.77,-0.8,-0.0832051,-0.087366
13.772,-0.8,-0.0822985,-0.087366
13.774,-0.8,-0.0832051,-0.087366
13.776,-0.8,-0.0830037,-0.087366
13.778,-0.8,-0.0823993,-0.087366
13.78,-0.8,-0.0835073,-0.087366
13.782,-0.8,-0.0830037,-0.087366
13.784,-0.8,-0.0835073,-0.087366
13.786,-0.8,-0.0837088,-0.087366
13.788,-0.8,-0.0832051,-0.087366
13.79,-0.8,-0.0835073,-0.087366
13.792,-0.8,-0.0834066,-0.087366
13.794,-0.8,-0.0834066,-0.087366
13.796,-0.8,-0.0833059,-0.087366
13.798,-0.8,-0.0830037,-0.087366
13.8,-0.8,-0.0835073,-0.087366
13.802,-0.8,-0.0836081,-0.087366
13.804,-0.8,-0.0839103,-0.087366
13.806,-0.8,-0.0842125,-0.087366
13.808,-0.8,-0.0835073,-0.087366
13.81,-0.8,-0.084011,-0.087366
13.812,-0.8,-0.0833059,-0.087366
13.814,-0.8,-0.0832051,-0.087366
13.816,-0.8,-0.0837088,-0.087366
13.818,-0.8,-0.0837088,-0.087366
13.82,-0.8,-0.084011,-0.087366
13.822,-0.8,-0.0836081,-0.087366
13.824,-0.8,-0.0839103,-0.087366
13.826,-0.8,-0.0835073,-0.087366
13.828,-0.8,-0.0835073,-0.0870811
13.83,-0.8,-0.0835073,-0.0858599
13.832,-0.8,-0.0833059,-0.0846778
13.834,-0.8,-0.084011,-0.0835244
13.836,-0.8,-0.0833059,-0.0823999
13.838,-0.8,-0.0837088,-0.0813135
13.84,-0.8,-0.0837088,-0.0802446
13.842,-0.8,-0.0830037,-0.0792113
13.844,-0.8,-0.0834066,-0.0782041
13.846,-0.8,-0.0823993,-0.0772169
13.848,-0.8,-0.0834066,-0.0762595
13.85,-0.8,-0.0835073,-0.0753232
13.852,-0.8,-0.0832051,-0.0744075
13.854,-0.8,-0.0841117,-0.0735207
13.856,-0.8,-0.0827015,-0.0726477
13.858,-0.8,-0.0842125,-0.0717957
13.86,-0.8,-0.0838095,-0.0709653
13.862,-0.8,-0.0841117,-0.0701557
13.864,-0.8,-0.0837088,-0.0693627
13.866,-0.8,-0.0839103,-0.0685874
13.868,-0.8,-0.0841117,-0.067829
13.87,-0.8,-0.0828022,-0.0670894
13.872,-0.8,-0.0833059,-0.0663618
13.874,-0.8,-0.0836081,-0.0656518
13.876,-0.8,-0.0846154,-0.0649565
13.878,-0.8,-0.0835073,-0.0642761
13.88,-0.8,-0.084011,-0.0636095
13.882,-0.8,-0.0839103,-0.0629573
13.884,-0.8,-0.0837088,-0.0623155
13.886,-0.8,-0.0839103,-0.0616893
13.888,-0.8,-0.0838095,-0.0610769
13.89,-0.8,-0.084011,-0.0604742
13.892,-0.8,-0.0835073,-0.0598832
13.894,-0.8,-0.0833059,-0.0593059
13.896,-0.8,-0.0835073,-0.0587374
13.898,-0.8,-0.0839103,-0.0581798
13.9,-0.8,-0.0835073,-0.057635
13.902,-0.8,-0.0842125,-0.0571004
13.904,-0.8,-0.0837088,-0.0565715
13.906,-0.8,-0.0833059,-0.0560541
13.908,-0.8,-0.0830037,-0.0555484
13.91,-0.8,-0.0827015,-0.0550493
13.912,-0.8,-0.0843132,-0.0545591
13.914,-0.8,-0.0835073,-0.0540795
13.916,-0.8,-0.0842125,-0.0536062
13.918,-0.8,-0.0830037,-0.0531433
13.92,-0.8,-0.0839103,-0.0526864
13.922,-0.8,-0.0832051,-0.0522373
13.924,-0.8,-0.0839103,-0.0517964
13.926,-0.8,-0.0834066,-0.0513622
13.928,-0.8,-0.0838095,-0.0509353
13.93,-0.8,-0.0837088,-0.0505174
13.932,-0.8,-0.0834066,-0.0501044
13.934,-0.8,-0.0838095,-0.0496997
13.936,-0.8,-0.0844139,-0.0492999
13.938,-0.8,-0.0835073,-0.0489064
13.94,-0.8,-0.0835073,-0.0485199
13.942,-0.8,-0.0832051,-0.0481394
13.944,-0.8,-0.0844139,-0.0477642
13.946,-0.8,-0.0830037,-0.0473953
13.948,-0.8,-0.0841117,-0.0470316
13.95,-0.8,-0.0834066,-0.0466735
13.952,-0.8,-0.084011,-0.0463216
13.954,-0.8,-0.0843132,-0.0459741
13.956,-0.8,-0.084011,-0.0456321
13.958,-0.8,-0.0838095,-0.0452963
13.96,-0.8,-0.0835073,-0.044964
13.962,-0.8,-0.0829029,-0.0446365
13.964,-0.8,-0.0833059,-0.0443149
13.966,-0.8,-0.0833059,-0.0439982
13.968,-0.8,-0.0841117,-0.0436837
13.97,-0.8,-0.0838095,-0.0433745
13.972,-0.8,-0.0835073,-0.0430709
13.974,-0.8,-0.0837088,-0.0427702
13.976,-0.8,-0.0843132,-0.0424746
13.978,-0.8,-0.0836081,-0.0421814
13.98,-0.8,-0.0845147,-0.0418939
13.982,-0.8,-0.084011,-0.0416093
13.984,-0.8,-0.0838095,-0.0413297
13.986,-0.8,-0.084011,-0.0410529
13.988,-0.8,-0.0836081,-0.0407797
13.99,-0.8,-0.0839103,-0.0405113
13.992,-0.8,-0.0834066,-0.0402463
13.994,-0.8,-0.084011,-0.0399825
13.996,-0.8,-0.0839103,-0.0397245
13.998,-0.8,-0.0835073,-0.0394687
14,-0.7,-0.0831044,-0.0392161
14.002,-0.7,-0.0726282,-0.0389677
14.004,-0.7,-0.0720238,-0.0387215
14.006,-0.7,-0.0719231,-0.0384791
14.008,-0.7,-0.072326,-0.0382384
14.01,-0.7,-0.0719231,-0.0380023
14.012,-0.7,-0.0734341,-0.0377677
14.014,-0.7,-0.0717216,-0.0375367
14.016,-0.7,-0.0717216,-0.0373088
14.018,-0.7,-0.0716209,-0.037084
14.02,-0.7,-0.0721245,-0.0368603
14.022,-0.7,-0.0722253,-0.0366399
14.024,-0.7,-0.0724267,-0.036423
14.026,-0.7,-0.0714194,-0.0362085
14.028,-0.7,-0.0721245,-0.0359961
14.03,-0.7,-0.0718223,-0.0357858
14.032,-0.7,-0.0725275,-0.0355781
14.034,-0.7,-0.0728297,0.0353736
14.036,-0.7,-0.0716209,0.03517
14.038,-0.7,-0.0718223,0.0349697
14.04,-0.7,-0.072326,0.0347716
14.042,-0.7,-0.072326,0.0345758
14.044,-0.7,-0.0731319,0.0343821
14.046,-0.7,-0.0719231,0.0341906
14.048,-0.7,-0.072326,0.0340012
14.05,-0.7,-0.0730311,0.033814
14.052,-0.7,-0.0737363,0.0336282
14.054,-0.7,-0.0726282,0.0334447
14.056,-0.7,-0.0732326,0.0332643
14.058,-0.7,-0.0733333,0.0330841
14.06,-0.7,-0.0727289,0.0329071
14.062,-0.7,-0.0721245,0.31457
14.064,-0.7,-0.0727289,0.31457
14.066,-0.7,-0.0728297,0.31457
14.068,-0.7,-0.0727289,0.31457
14.07,-0.7,-0.0730311,0.31457
14.072,-0.7,-0.0731319,0.31457
14.074,-0.7,-0.0736355,0.31457
14.076,-0.7,-0.0732326,0.31457
14.078,-0.7,-0.0735348,0.31457
14.08,-0.7,-0.0734341,0.31457
14.082,-0.7,-0.0731319,0.31457
14.084,-0.7,-0.0728297,0.31457
14.086,-0.7,-0.0728297,0.31457
14.088,-0.7,-0.0730311,0.31457
14.09,-0.7,-0.073837,0.31457
14.092,-0.7,-0.0727289,0.31457
14.094,-0.7,-0.0731319,0.31457
14.096,-0.7,-0.0730311,0.31457
14.098,-0.7,-0.0732326,0.31457
14.1,-0.7,-0.0734341,0.30716
14.102,-0.7,-0.0730311,0.292484
14.104,-0.7,-0.0729304,0.279205
14.106,-0.7,-0.0733333,0.267027
14.108,-0.7,-0.0734341,0.255918
14.11,-0.7,-0.0736355,0.245664
14.112,-0.7,-0.0740385,0.236211
14.114,-0.7,-0.0740385,0.227477
14.116,-0.7,-0.0741392,0.219329
14.118,-0.7,-0.0731319,0.211744
14.12,-0.7,-0.0735348,0.204674
14.122,-0.7,-0.0732326,0.19809
14.124,-0.7,-0.0747436,0.191887
14.126,-0.7,-0.0734341,0.0313545
14.128,-0.7,-0.0729304,0.0313545
14.13,-0.7,-0.0734341,0.0313545
14.132,-0.7,-0.073837,0.0313545
14.134,-0.7,-0.0735348,0.0313545
14.136,-0.7,-0.0724267,0.0313545
14.138,-0.7,-0.0735348,0.0313545
14.14,-0.7,-0.0731319,0.0313545
14.142,-0.7,-0.0733333,0.0313545
14.144,-0.7,-0.0737363,0.0313545
14.146,-0.7,-0.0743407,0.0313545
14.148,-0.7,-0.0740385,0.0313545
14.15,-0.7,-0.0729304,0.0313545
14.152,-0.7,-0.0729304,0.0313545
14.154,-0.7,-0.0731319,0.0313545
14.156,-0.7,-0.0735348,0.0313545
14.158,-0.7,-0.0740385,0.0313545
14.16,-0.7,-0.0725275,0.0313545
14.162,-0.7,-0.0730311,0.0313545
14.164,-0.7,-0.0733333,0.0313545
14.166,-0.7,-0.0737363,0.0313545
14.168,-0.7,-0.0733333,0.0313545
14.17,-0.7,-0.0729304,0.0313545
14.172,-0.7,-0.0730311,0.0313545
14.174,-0.7,-0.0727289,0.0313545
14.176,-0.7,-0.0730311,0.0313545
14.178,-0.7,-0.0732326,0.0313545
14.18,-0.7,-0.072326,0.0313545
14.182,-0.7,-0.0730311,0.0313545
14.184,-0.7,-0.0729304,0.0313545
14.186,-0.7,-0.0729304,0.0313545
14.188,-0.7,-0.0731319,0.0313545
14.19,-0.7,-0.0722253,0.212791
14.192,-0.7,-0.0731319,0.212791
14.194,-0.7,-0.0729304,0.212791
14.196,-0.7,-0.0724267,0.212791
14.198,-0.7,-0.0735348,0.212791
14.2,-0.7,-0.0728297,0.212791
14.202,-0.7,-0.0720238,0.212791
14.204,-0.7,-0.0729304,0.212791
14.206,-0.7,-0.0724267,0.212791
14.208,-0.7,-0.0722253,0.212791
14.21,-0.7,-0.0720238,0.212791
14.212,-0.7,-0.0714194,0.212791
14.214,-0.7,-0.0722253,0.212791
14.216,-0.7,-0.0728297,0.212791
14.218,-0.7,-0.0721245,0.212791
14.22,-0.7,-0.0728297,0.212791
14.222,-0.7,-0.0717216,0.212791
14.224,-0.7,-0.0724267,0.212791
14.226,-0.7,-0.0726282,0.212791
14.228,-0.7,-0.0717216,0.212791
14.23,-0.7,-0.0719231,0.212791
14.232,-0.7,-0.0722253,0.212791
14.234,-0.7,-0.0716209,0.212791
14.236,-0.7,-0.0716209,0.212791
14.238,-0.7,-0.0721245,0.212791
14.24,-0.7,-0.0720238,0.212791
14.242,-0.7,-0.0714194,0.212791
14.244,-0.7,-0.0719231,0.212791
14.246,-0.7,-0.0716209,0.212791
14.248,-0.7,-0.0713187,0.206138
14.25,-0.7,-0.0717216,0.199427
14.252,-0.7,-0.0712179,0.193169
14.254,-0.7,-0.0716209,0.187266
14.256,-0.7,-0.0714194,0.181701
14.258,-0.7,-0.0718223,0.176484
14.26,-0.7,-0.0719231,0.171552
14.262,-0.7,-0.0715201,0.166885
14.264,-0.7,-0.0718223,0.162468
14.266,-0.7,-0.0714194,0.158264
14.268,-0.7,-0.0720238,0.154298
14.27,-0.7,-0.0721245,0.150513
14.272,-0.7,-0.0714194,0.1469
14.274,-0.7,-0.0713187,0.143468
14.276,-0.7,-0.0712179,-0.14019
14.278,-0.7,-0.0711172,-0.137055
14.28,-0.7,-0.0710165,-0.134069
14.282,-0.7,-0.0710165,-0.131199
14.284,-0.7,-0.0714194,-0.128461
14.286,-0.7,-0.0709158,-0.125816
14.288,-0.7,-0.070815,-0.123292
14.29,-0.7,-0.0714194,-0.120864
14.292,-0.7,-0.0718223,-0.118532
14.294,-0.7,-0.0706136,-0.116282
14.296,-0.7,-0.0715201,-0.114117
14.298,-0.7,-0.0709158,-0.11203
14.3,-0.7,-0.0705128,-0.110022
14.302,-0.7,-0.0717216,-0.108089
14.304,-0.7,-0.0710165,-0.106213
14.306,-0.7,-0.0712179,-0.104407
14.308,-0.7,-0.0711172,-0.102662
14.31,-0.7,-0.0715201,-0.101487
14.312,-0.7,-0.0705128,-0.101487
14.314,-0.7,-0.0703114,-0.101487
14.316,-0.7,-0.0715201,-0.101487
14.318,-0.7,-0.0709158,-0.101487
14.32,-0.7,-0.0703114,-0.101487
14.322,-0.7,-0.070815,-0.101487
14.324,-0.7,-0.0709158,-0.101487
14.326,-0.7,-0.0715201,-0.101487
14.328,-0.7,-0.070815,-0.101487
14.33,-0.7,-0.0707143,-0.101487
14.332,-0.7,-0.0704121,-0.101487
14.334,-0.7,-0.0715201,-0.101487
14.336,-0.7,-0.0707143,-0.101487
14.338,-0.7,-0.0714194,-0.101487
14.34,-0.7,-0.0710165,-0.101487
14.342,-0.7,-0.0707143,-0.101487
14.344,-0.7,-0.070815,-0.101487
14.346,-0.7,-0.0709158,-0.101487
14.348,-0.7,-0.0705128,-0.101487
14.35,-0.7,-0.0715201,-0.101487
14.352,-0.7,-0.070815,-0.101487
14.354,-0.7,-0.0709158,-0.101487
14.356,-0.7,-0.0713187,-0.101487
14.358,-0.7,-0.0707143,-0.101487
14.36,-0.7,-0.070815,-0.101487
14.362,-0.7,-0.0704121,-0.101487
14.364,-0.7,-0.0709158,-0.101487
14.366,-0.7,-0.0703114,-0.101487
14.368,-0.7,-0.0706136,-0.190066
14.37,-0.7,-0.0717216,-0.190066
14.372,-0.7,-0.0707143,-0.190066
14.374,-0.7,-0.0703114,-0.190066
14.376,-0.7,-0.0707143,-0.190066
14.378,-0.7,-0.0707143,-0.190066
14.38,-0.7,-0.0703114,-0.190066
14.382,-0.7,-0.0710165,-0.190066
14.384,-0.7,-0.0711172,-0.190066
14.386,-0.7,-0.0714194,-0.190066
14.388,-0.7,-0.070815,-0.190066
14.39,-0.7,-0.0705128,-0.190066
14.392,-0.7,-0.0712179,-0.190066
14.394,-0.7,-0.070815,-0.190066
14.396,-0.7,-0.0715201,-0.190066
14.398,-0.7,-0.0712179,-0.190066
14.4,-0.7,-0.0703114,-0.190066
14.402,-0.7,-0.0707143,-0.190066
14.404,-0.7,-0.0710165,-0.190066
14.406,-0.7,-0.0715201,-0.190066
14.408,-0.7,-0.0711172,-0.190066
14.41,-0.7,-0.0712179,-0.190066
14.412,-0.7,-0.0709158,-0.190066
14.414,-0.7,-0.070815,-0.190066
14.416,-0.7,-0.0711172,-0.190066
14.418,-0.7,-0.0705128,-0.190066
14.42,-0.7,-0.0718223,-0.190066
14.422,-0.7,-0.0716209,-0.190066
14.424,-0.7,-0.0722253,-0.190066
14.426,-0.7,-0.0713187,-0.190066
14.428,-0.7,-0.0725275,-0.190066
14.43,-0.7,-0.0729304,-0.190066
14.432,-0.7,-0.0720238,-0.189182
14.434,-0.7,-0.0719231,-0.183517
14.436,-0.7,-0.0726282,-0.17818
14.438,-0.7,-0.0726282,-0.173155
14.44,-0.7,-0.0727289,0.168413
14.442,-0.7,-0.0726282,0.163916
14.444,-0.7,-0.0713187,0.159653
14.446,-0.7,-0.0719231,0.155588
14.448,-0.7,-0.0719231,0.151759
14.45,-0.7,-0.0724267,0.148087
14.452,-0.7,-0.0718223,0.144593
14.454,-0.7,-0.0715201,0.14128
14.456,-0.7,-0.0724267,0.138093
14.458,-0.7,-0.0727289,0.13505
14.46,-0.7,-0.0724267,0.132134
14.462,-0.7,-0.0725275,0.129349
14.464,-0.7,-0.0719231,0.12668
14.466,-0.7,-0.0727289,0.124119
14.468,-0.7,-0.0719231,0.121659
14.47,-0.7,-0.0722253,0.119306
14.472,-0.7,-0.0718223,0.117021
14.474,-0.7,-0.0716209,0.114832
14.476,-0.7,-0.0718223,0.112723
14.478,-0.7,-0.0715201,0.110689
14.48,-0.7,-0.072326,0.108729
14.482,-0.7,-0.0711172,0.106837
14.484,-0.7,-0.0726282,0.105001
14.486,-0.7,-0.0711172,0.103243
14.488,-0.7,-0.0721245,0.101527
14.49,-0.7,-0.0714194,0.0998754
14.492,-0.7,-0.0716209,0.0982796
14.494,-0.7,-0.0720238,0.0967309
14.496,-0.7,-0.0713187,0.095224
14.498,-0.7,-0.0714194,0.0937688
14.5,-0.7,-0.0715201,0.0923584
14.502,-0.7,-0.0715201,0.0909956
14.504,-0.7,-0.0719231,0.0896607
14.506,-0.7,-0.0712179,0.0883699
14.508,-0.7,-0.0716209,0.0871179
14.51,-0.7,-0.0710165,0.0858934
14.512,-0.7,-0.0717216,0.0847116
14.514,-0.7,-0.0711172,-0.0835586
14.516,-0.7,-0.0712179,-0.0824326
14.518,-0.7,-0.070815,-0.0813401
14.52,-0.7,-0.0719231,-0.0802772
14.522,-0.7,-0.0718223,-0.0792392
14.524,-0.7,-0.0718223,-0.0782295
14.526,-0.7,-0.0719231,-0.0772464
14.528,-0.7,-0.072326,-0.0762885
14.53,-0.7,-0.0714194,-0.0753492
14.532,-0.7,-0.0719231,-0.074433
14.534,-0.7,-0.072326,-0.0735408
14.536,-0.7,-0.0721245,-0.0726717
14.538,-0.7,-0.0719231,-0.0718192
14.54,-0.7,-0.072326,-0.0709901
14.542,-0.7,-0.0712179,-0.0701761
14.544,-0.7,-0.0725275,-0.0693869
14.546,-0.7,-0.0719231,-0.0686071
14.548,-0.7,-0.0726282,-0.067849
14.55,-0.7,-0.0726282,-0.0671065
14.552,-0.7,-0.0717216,-0.0663808
14.554,-0.7,-0.0721245,-0.065672
14.556,-0.7,-0.0718223,-0.064975
14.558,-0.7,-0.0718223,-0.0642957
14.56,-0.7,-0.0721245,-0.0636302
14.562,-0.7,-0.0717216,-0.0629738
14.564,-0.7,-0.0710165,-0.0623356
14.566,-0.7,-0.0726282,-0.0617073
14.568,-0.7,-0.0718223,-0.0610943
14.57,-0.7,-0.0717216,-0.0604931
14.572,-0.7,-0.0724267,-0.0599012
14.574,-0.7,-0.0721245,-0.0593207
14.576,-0.7,-0.0715201,-0.0587531
14.578,-0.7,-0.0720238,-0.0581958
14.58,-0.7,-0.0718223,-0.0576488
14.582,-0.7,-0.0724267,-0.0571123
14.584,-0.7,-0.0722253,-0.0565856
14.586,-0.7,-0.0727289,-0.0560709
14.588,-0.7,-0.072326,-0.0555619
14.59,-0.7,-0.0715201,-0.0550621
14.592,-0.7,-0.0721245,-0.0545746
14.594,-0.7,-0.072326,-0.0540922
14.596,-0.7,-0.0719231,-0.0536187
14.598,-0.7,-0.0712179,-0.0531552
14.6,-0.7,-0.0725275,-0.0526984
14.602,-0.7,-0.0721245,-0.0522496
14.604,-0.7,-0.0720238,-0.0518086
14.606,-0.7,-0.0718223,-0.0513748
14.608,-0.7,-0.0726282,-0.0509471
14.61,-0.7,-0.072326,-0.0505292
14.612,-0.7,-0.0725275,-0.0501159
14.614,-0.7,-0.0724267,-0.0497107
14.616,-0.7,-0.0722253,-0.0493111
14.618,-0.7,-0.0725275,-0.048917
14.62,-0.7,-0.0711172,-0.0485297
14.622,-0.7,-0.0730311,-0.0481501
14.624,-0.7,-0.072326,-0.0477738
14.626,-0.7,-0.072326,-0.0474051
14.628,-0.7,-0.0716209,-0.0470427
14.63,-0.7,-0.0719231,-0.0466849
14.632,-0.7,-0.0725275,-0.0463318
14.634,-0.7,-0.0718223,-0.0459841
14.636,-0.7,-0.072326,-0.0456416
14.638,-0.7,-0.0718223,-0.0453055
14.64,-0.7,-0.0719231,-0.0449745
14.642,-0.7,-0.0722253,-0.044646
14.644,-0.7,-0.0717216,-0.044324
14.646,-0.7,-0.0715201,-0.0440063
14.648,-0.7,-0.0716209,-0.0436923
14.65,-0.7,-0.0727289,-0.043383
14.652,-0.7,-0.072326,-0.0430794
14.654,-0.7,-0.0721245,-0.0427787
14.656,-0.7,-0.0726282,-0.0424835
14.658,-0.7,-0.0716209,-0.0421901
14.66,-0.7,-0.072326,-0.0419023
14.662,-0.7,-0.0712179,-0.0416182
14.664,-0.7,-0.0722253,-0.041337
14.666,-0.7,-0.0718223,-0.0410613
14.668,-0.7,-0.0716209,-0.0407883
14.67,-0.7,-0.0722253,-0.0405186
14.672,-0.7,-0.0722253,-0.0402525
14.674,-0.7,-0.0718223,-0.0399909
14.676,-0.7,-0.0726282,-0.0397315
14.678,-0.7,-0.0722253,-0.039476
14.68,-0.7,-0.0714194,-0.0392233
14.682,-0.7,-0.0719231,-0.0389739
14.684,-0.7,-0.0720238,-0.0387286
14.686,-0.7,-0.0719231,-0.0384854
14.688,-0.7,-0.0720238,-0.038245
14.69,-0.7,-0.0720238,-0.0380089
14.692,-0.7,-0.0717216,-0.0377745
14.694,-0.7,-0.0719231,-0.0375431
14.696,-0.7,-0.0726282,-0.0373156
14.698,-0.7,-0.0730311,-0.0370906
14.7,-0.7,-0.0726282,-0.0368669
14.702,-0.7,-0.0714194,-0.036647
14.704,-0.7,-0.0716209,-0.0364286
14.706,-0.7,-0.0724267,-0.0362139
14.708,-0.7,-0.0724267,-0.036002
14.71,-0.7,-0.0725275,-0.0357917
14.712,-0.7,-0.0714194,-0.0355838
14.714,-0.7,-0.0721245,-0.0353793
14.716,-0.7,-0.0725275,-0.0351757
14.718,-0.7,-0.0720238,-0.0349757
14.72,-0.7,-0.0726282,-0.0347772
14.722,-0.7,-0.0727289,-0.0345809
14.724,-0.7,-0.0719231,-0.0343877
14.726,-0.7,-0.0717216,-0.0341962
14.728,-0.7,-0.0722253,-0.0340063
14.73,-0.7,-0.0722253,-0.0338186
14.732,-0.7,-0.0729304,-0.0336331
14.734,-0.7,-0.0727289,0.0334503
14.736,-0.7,-0.0724267,0.0332689
14.738,-0.7,-0.0728297,0.0330896
14.74,-0.7,-0.0722253,0.0329122
14.742,-0.7,-0.0724267,0.0327359
14.744,-0.7,-0.072326,0.0325622
14.746,-0.7,-0.072326,0.0323912
14.748,-0.7,-0.0728297,0.0322205
14.75,-0.7,-0.0717216,0.0320523
14.752,-0.7,-0.0720238,0.0318861
14.754,-0.7,-0.0717216,0.0317212
14.756,-0.7,-0.0724267,0.0315574
14.758,-0.7,-0.0719231,0.0313961
14.76,-0.7,-0.0728297,0.0312363
14.762,-0.7,-0.0735348,0.0310789
14.764,-0.7,-0.0724267,0.0309218
14.766,-0.7,-0.0715201,0.0307666
14.768,-0.7,-0.072326,0.0306132
14.77,-0.7,-0.0715201,0.0304613
14.772,-0.7,-0.0725275,0.0303109
14.774,-0.7,-0.0725275,0.0301615
14.776,-0.7,-0.0724267,0.0300138
14.778,-0.7,-0.0724267,0.0298684
14.78,-0.7,-0.0722253,0.0297234
14.782,-0.7,-0.0719231,0.209506
14.784,-0.7,-0.0725275,0.209506
14.786,-0.7,-0.0717216,0.209506
14.788,-0.7,-0.0725275,0.209506
14.79,-0.7,-0.0722253,0.209506
14.792,-0.7,-0.0720238,0.209506
14.794,-0.7,-0.0718223,0.209506
14.796,-0.7,-0.0731319,0.209506
14.798,-0.7,-0.0724267,0.209506
14.8,-0.7,-0.0721245,0.209506
14.802,-0.7,-0.072326,0.209506
14.804,-0.7,-0.072326,0.209506
14.806,-0.7,-0.0716209,0.209506
14.808,-0.7,-0.0721245,0.209506
14.81,-0.7,-0.0728297,0.209506
14.812,-0.7,-0.0720238,0.209506
14.814,-0.7,-0.0719231,0.209506
14.816,-0.7,-0.0724267,0.209506
14.818,-0.7,-0.0722253,0.209506
14.82,-0.7,-0.0730311,0.209506
14.822,-0.7,-0.0725275,0.209506
14.824,-0.7,-0.0722253,0.209506
14.826,-0.7,-0.0725275,0.209506
14.828,-0.7,-0.0727289,0.209506
14.83,-0.7,-0.0721245,0.209506
14.832,-0.7,-0.0718223,0.209506
14.834,-0.7,-0.0724267,0.209506
14.836,-0.7,-0.072326,0.209506
14.838,-0.7,-0.0722253,0.209506
14.84,-0.7,-0.072326,0.206575
14.842,-0.7,-0.0720238,0.199838
14.844,-0.7,-0.0724267,0.193528
14.846,-0.7,-0.0714194,0.187619
14.848,-0.7,-0.0721245,0.182046
14.85,-0.7,-0.0728297,0.176797
14.852,-0.7,-0.0720238,0.17184
14.854,-0.7,-0.0718223,0.167161
14.856,-0.7,-0.0719231,0.162726
14.858,-0.7,-0.0724267,0.158536
14.86,-0.7,-0.0720238,0.15454
14.862,-0.7,-0.0729304,0.150749
14.864,-0.7,-0.0722253,0.14713
14.866,-0.7,-0.0721245,0.14368
14.868,-0.7,-0.0719231,0.140389
14.87,-0.7,-0.0724267,0.137252
14.872,-0.7,-0.0717216,0.134253
14.874,-0.7,-0.072326,0.131382
14.876,-0.7,-0.0715201,0.128618
14.878,-0.7,-0.0714194,0.125981
14.88,-0.7,-0.0717216,0.123442
14.882,-0.7,-0.0718223,0.12101
14.884,-0.7,-0.0714194,0.118679
14.886,-0.7,-0.0717216,0.116419
14.888,-0.7,-0.0714194,0.114254
14.89,-0.7,-0.0713187,0.112163
14.892,-0.7,-0.0718223,0.110148
14.894,-0.7,-0.0718223,0.108209
14.896,-0.7,-0.0722253,0.106329
14.898,-0.7,-0.0720238,0.104521
14.9,-0.7,-0.0721245,0.102773
14.902,-0.7,-0.0720238,0.101074
14.904,-0.7,-0.0713187,0.0994383
14.906,-0.7,-0.0714194,0.0978572
14.908,-0.7,-0.0715201,0.0963199
14.91,-0.7,-0.0716209,0.0948331
14.912,-0.7,-0.0714194,0.093388
14.914,-0.7,-0.0716209,0.091987
14.916,-0.7,-0.0710165,0.0906261
14.918,-0.7,-0.0719231,0.0893084
14.92,-0.7,-0.0714194,0.0880288
14.922,-0.7,-0.0718223,0.0867796
14.924,-0.7,-0.0714194,0.0855709
14.926,-0.7,-0.0714194,0.0843949
14.928,-0.7,-0.0715201,0.0832515
14.93,-0.7,-0.0713187,0.0821334
14.932,-0.7,-0.0713187,0.081055
14.934,-0.7,-0.0717216,0.0799919
14.936,-0.7,-0.0714194,-0.0789666
14.938,-0.7,-0.0717216,-0.077961
14.94,-0.7,-0.0715201,-0.0769828
14.942,-0.7,-0.0719231,-0.0760293
14.944,-0.7,-0.0717216,-0.0750991
14.946,-0.7,-0.0712179,-0.0741909
14.948,-0.7,-0.0714194,-0.0733049
14.95,-0.7,-0.0714194,-0.07244
14.952,-0.7,-0.0715201,-0.0715952
14.954,-0.7,-0.0716209,-0.0707678
14.956,-0.7,-0.0722253,-0.0699607
14.958,-0.7,-0.0714194,-0.0691723
14.96,-0.7,-0.0718223,-0.0684016
14.962,-0.7,-0.0713187,-0.0676478
14.964,-0.7,-0.0721245,-0.0669086
14.966,-0.7,-0.0717216,-0.0661867
14.968,-0.7,-0.0721245,-0.0654827
14.97,-0.7,-0.0714194,-0.0647896
14.972,-0.7,-0.0714194,-0.0641127
14.974,-0.7,-0.0717216,-0.0634501
14.976,-0.7,-0.0717216,-0.0628005
14.978,-0.7,-0.0714194,-0.0621645
14.98,-0.7,-0.0715201,-0.0615416
14.982,-0.7,-0.0707143,-0.0609288
14.984,-0.7,-0.0719231,-0.0603316
14.986,-0.7,-0.0707143,-0.0597434
14.988,-0.7,-0.0714194,-0.0591666
14.99,-0.7,-0.072326,-0.0586029
14.992,-0.7,-0.0717216,-0.0580486
14.994,-0.7,-0.0718223,-0.0575039
14.996,-0.7,-0.072326,-0.0569692
14.998,-0.7,-0.0719231,-0.0564446
15,-0.6,-0.070815,-0.0559314
15.002,-0.6,-0.0583242,-0.0554265
15.004,-0.6,-0.0571154,-0.0549295
15.006,-0.6,-0.0579212,-0.0544415
15.008,-0.6,-0.058022,-0.0539643
15.01,-0.6,-0.0581227,-0.0534929
15.012,-0.6,-0.0579212,-0.0530309
15.014,-0.6,-0.0586264,-0.0525757
15.016,-0.6,-0.058022,-0.0521304
15.018,-0.6,-0.0582234,-0.0516906
15.02,-0.6,-0.0582234,-0.051258
15.022,-0.6,-0.0589286,-0.0508347
15.024,-0.6,-0.0584249,-0.0504165
15.026,-0.6,-0.0584249,-0.050005
15.028,-0.6,-0.0590293,-0.0496003
15.03,-0.6,-0.0578205,-0.0492036
15.032,-0.6,-0.0583242,-0.0488118
15.034,-0.6,-0.0590293,-0.0484261
15.036,-0.6,-0.0583242,-0.0480482
15.038,-0.6,-0.0584249,-0.0476744
15.04,-0.6,-0.0582234,-0.0473061
15.042,-0.6,-0.0586264,-0.0469453
15.044,-0.6,-0.0590293,-0.0465891
15.046,-0.6,-0.0590293,-0.0462374
15.048,-0.6,-0.0584249,-0.0458911
15.05,-0.6,-0.0592308,-0.0210387
15.052,-0.6,-0.0589286,-0.0210387
15.054,-0.6,-0.0588278,-0.0210387
15.056,-0.6,-0.0587271,-0.0210387
15.058,-0.6,-0.0589286,-0.0210387
15.06,-0.6,-0.0589286,-0.0210387
15.062,-0.6,-0.0586264,-0.0210387
15.064,-0.6,-0.059533,-0.0210387
15.066,-0.6,-0.05913,-0.0210387
15.068,-0.6,-0.0593315,-0.0210387
15.07,-0.6,-0.059533,-0.0210387
15.072,-0.6,-0.0589286,-0.0210387
15.074,-0.6,-0.0592308,-0.0210387
15.076,-0.6,-0.0582234,-0.0210387
15.078,-0.6,-0.0589286,-0.0210387
15.08,-0.6,-0.0583242,-0.0210387
15.082,-0.6,-0.0587271,-0.0210387
15.084,-0.6,-0.0594322,-0.0210387
15.086,-0.6,-0.0590293,-0.0210387
15.088,-0.6,-0.0587271,-0.0210387
15.09,-0.6,-0.0588278,-0.0210387
15.092,-0.6,-0.0592308,-0.0210387
15.094,-0.6,-0.0585256,-0.0210387
15.096,-0.6,-0.0590293,-0.0210387
15.098,-0.6,-0.0588278,-0.0210387
15.1,-0.6,-0.0586264,-0.0210387
15.102,-0.6,-0.0593315,-0.0210387
15.104,-0.6,-0.0589286,-0.0210387
15.106,-0.6,-0.0581227,-0.0210387
15.108,-0.6,-0.0592308,-0.0210387
15.11,-0.6,-0.0590293,-0.0210387
15.112,-0.6,-0.0588278,-0.0210387
15.114,-0.6,-0.0586264,-0.0210387
15.116,-0.6,-0.0587271,-0.0210387
15.118,-0.6,-0.0587271,-0.0210387
15.12,-0.6,-0.0589286,-0.0210387
15.122,-0.6,-0.0589286,-0.0210387
15.124,-0.6,-0.0586264,-0.0210387
15.126,-0.6,-0.0586264,-0.0210387
15.128,-0.6,-0.0586264,-0.0210387
15.13,-0.6,-0.0583242,-0.0210387
15.132,-0.6,-0.0588278,-0.0210387
15.134,-0.6,-0.0584249,-0.0210387
15.136,-0.6,-0.0582234,-0.0210387
15.138,-0.6,-0.0583242,-0.0210387
15.14,-0.6,-0.0590293,-0.0210387
15.142,-0.6,-0.0588278,-0.0210387
15.144,-0.6,-0.0589286,-0.0210387
15.146,-0.6,-0.058022,0.111457
15.148,-0.6,-0.0579212,0.111457
15.15,-0.6,-0.0584249,0.111457
15.152,-0.6,-0.0577198,0.111457
15.154,-0.6,-0.057619,0.111457
15.156,-0.6,-0.057619,0.111457
15.158,-0.6,-0.0589286,0.111457
15.16,-0.6,-0.0581227,0.111457
15.162,-0.6,-0.0586264,0.111457
15.164,-0.6,-0.058022,0.111457
15.166,-0.6,-0.0584249,0.111457
15.168,-0.6,-0.0588278,0.111457
15.17,-0.6,-0.0582234,0.111457
15.172,-0.6,-0.0587271,0.111457
15.174,-0.6,-0.058022,0.111457
15.176,-0.6,-0.0578205,0.111457
15.178,-0.6,-0.0577198,0.111457
15.18,-0.6,-0.0575183,0.111457
15.182,-0.6,-0.0582234,0.111457
15.184,-0.6,-0.0572161,0.111457
15.186,-0.6,-0.0574176,0.111457
15.188,-0.6,-0.0578205,0.111457
15.19,-0.6,-0.0575183,0.111457
15.192,-0.6,-0.0574176,0.111457
15.194,-0.6,-0.0579212,0.111457
15.196,-0.6,-0.0575183,0.111457
15.198,-0.6,-0.0582234,0.111457
15.2,-0.6,-0.0581227,0.111457
15.202,-0.6,-0.0579212,0.111457
15.204,-0.6,-0.0589286,0.111457
15.206,-0.6,-0.0583242,0.111457
15.208,-0.6,-0.0582234,0.111457
15.21,-0.6,-0.057619,0.111457
15.212,-0.6,-0.057619,0.111457
15.214,-0.6,-0.057619,0.111457
15.216,-0.6,-0.0578205,0.111457
15.218,-0.6,-0.058022,0.111457
15.22,-0.6,-0.058022,0.111457
15.222,-0.6,-0.0578205,0.111457
15.224,-0.6,-0.0578205,0.111457
15.226,-0.6,-0.0578205,0.111457
15.228,-0.6,-0.0567125,0.111457
15.23,-0.6,-0.0587271,0.111457
15.232,-0.6,-0.0583242,0.111457
15.234,-0.6,-0.0586264,0.111457
15.236,-0.6,-0.0579212,0.111457
15.238,-0.6,-0.0581227,0.111457
15.24,-0.6,-0.0578205,0.111457
15.242,-0.6,-0.0581227,0.111457
15.244,-0.6,-0.058022,0.111457
15.246,-0.6,-0.0577198,0.111457
15.248,-0.6,-0.0582234,0.111457
15.25,-0.6,-0.0583242,0.111457
15.252,-0.6,-0.0582234,0.111457
15.254,-0.6,-0.0581227,0.111457
15.256,-0.6,-0.0577198,-0.110701
15.258,-0.6,-0.057619,-0.108746
15.26,-0.6,-0.058022,-0.10685
15.262,-0.6,-0.0581227,-0.105019
15.264,-0.6,-0.0578205,-0.103256
15.266,-0.6,-0.0581227,-0.101545
15.268,-0.6,-0.0593315,-0.0998887
15.27,-0.6,-0.0581227,-0.0982934
15.272,-0.6,-0.0586264,-0.0967415
15.274,-0.6,-0.0587271,-0.095238
15.276,-0.6,-0.0583242,-0.093787
15.278,-0.6,-0.0588278,-0.0923757
15.28,-0.6,-0.0588278,-0.0910005
15.282,-0.6,-0.0582234,-0.0896749
15.284,-0.6,-0.0583242,-0.0883779
15.286,-0.6,-0.05913,-0.0871271
15.288,-0.6,-0.0587271,-0.101847
15.29,-0.6,-0.0588278,-0.101847
15.292,-0.6,-0.0581227,-0.101847
15.294,-0.6,-0.0587271,-0.101847
15.296,-0.6,-0.0583242,-0.101847
15.298,-0.6,-0.0583242,-0.101847
15.3,-0.6,-0.0585256,-0.101847
15.302,-0.6,-0.0583242,-0.101847
15.304,-0.6,-0.0584249,-0.101847
15.306,-0.6,-0.0582234,-0.101847
15.308,-0.6,-0.0581227,-0.101847
15.31,-0.6,-0.0588278,-0.101847
15.312,-0.6,-0.0586264,-0.101847
15.314,-0.6,-0.05913,-0.101847
15.316,-0.6,-0.0588278,-0.101847
15.318,-0.6,-0.0593315,-0.101847
15.32,-0.6,-0.0586264,-0.101847
15.322,-0.6,-0.0582234,-0.101847
15.324,-0.6,-0.0584249,-0.101847
15.326,-0.6,-0.0590293,-0.101847
15.328,-0.6,-0.0590293,-0.101847
15.33,-0.6,-0.0585256,-0.101847
15.332,-0.6,-0.0583242,-0.101847
15.334,-0.6,-0.0594322,-0.101847
15.336,-0.6,-0.0583242,-0.101847
15.338,-0.6,-0.0587271,-0.101847
15.34,-0.6,-0.0588278,-0.101847
15.342,-0.6,-0.0588278,-0.101847
15.344,-0.6,-0.0588278,-0.101847
15.346,-0.6,-0.0590293,-0.101847
15.348,-0.6,-0.05913,-0.101847
15.35,-0.6,-0.0590293,-0.101847
15.352,-0.6,-0.0589286,-0.101847
15.354,-0.6,-0.0588278,-0.101847
15.356,-0.6,-0.0587271,-0.101847
15.358,-0.6,-0.0596337,-0.101847
15.36,-0.6,-0.0589286,-0.101847
15.362,-0.6,-0.0586264,-0.101847
15.364,-0.6,-0.05913,-0.101847
15.366,-0.6,-0.0598352,-0.101847
15.368,-0.6,-0.0587271,-0.101847
15.37,-0.6,-0.0584249,-0.101847
15.372,-0.6,-0.0594322,-0.101847
15.374,-0.6,-0.0598352,-0.101847
15.376,-0.6,-0.0590293,-0.101847
15.378,-0.6,-0.0588278,-0.101847
15.38,-0.6,-0.0590293,0.09162
15.382,-0.6,-0.059533,0.09162
15.384,-0.6,-0.0590293,0.09162
15.386,-0.6,-0.0588278,0.09162
15.388,-0.6,-0.0589286,0.09162
15.39,-0.6,-0.0586264,0.09162
15.392,-0.6,-0.059533,0.09162
15.394,-0.6,-0.0588278,0.09162
15.396,-0.6,-0.0593315,0.09162
15.398,-0.6,-0.0594322,0.09162
15.4,-0.6,-0.0585256,0.09162
15.402,-0.6,-0.0594322,0.09162
15.404,-0.6,-0.0587271,0.09162
15.406,-0.6,-0.0599359,0.09162
15.408,-0.6,-0.05913,0.09162
15.41,-0.6,-0.05913,0.09162
15.412,-0.6,-0.0597344,0.09162
15.414,-0.6,-0.059533,0.09162
15.416,-0.6,-0.0586264,0.09162
15.418,-0.6,-0.0596337,0.09162
15.42,-0.6,-0.0586264,0.09162
15.422,-0.6,-0.05913,0.09162
15.424,-0.6,-0.0597344,0.09162
15.426,-0.6,-0.0588278,0.09162
15.428,-0.6,-0.0598352,0.09162
15.43,-0.6,-0.0588278,0.09162
15.432,-0.6,-0.0590293,0.09162
15.434,-0.6,-0.0593315,0.09162
15.436,-0.6,-0.05913,0.09162
15.438,-0.6,-0.0594322,0.09162
15.44,-0.6,-0.0590293,0.09162
15.442,-0.6,-0.0588278,0.09162
15.444,-0.6,-0.0593315,0.09162
15.446,-0.6,-0.0589286,0.185383
15.448,-0.6,-0.0589286,0.185383
15.45,-0.6,-0.05913,0.185383
15.452,-0.6,-0.05913,0.185383
15.454,-0.6,-0.0587271,0.185383
15.456,-0.6,-0.0592308,0.185383
15.458,-0.6,-0.05913,0.185383
15.46,-0.6,-0.0590293,0.185383
15.462,-0.6,-0.0593315,0.185383
15.464,-0.6,-0.05913,0.185383
15.466,-0.6,-0.0588278,0.185383
15.468,-0.6,-0.0587271,0.185383
15.47,-0.6,-0.0594322,0.185383
15.472,-0.6,-0.0588278,0.185383
15.474,-0.6,-0.0588278,0.185383
15.476,-0.6,-0.0592308,0.185383
15.478,-0.6,-0.0589286,0.185383
15.48,-0.6,-0.0587271,0.185383
15.482,-0.6,-0.0587271,0.185383
15.484,-0.6,-0.0585256,0.185383
15.486,-0.6,-0.0586264,0.185383
15.488,-0.6,-0.0581227,0.185383
15.49,-0.6,-0.0587271,0.185383
15.492,-0.6,-0.0590293,0.185383
15.494,-0.6,-0.0588278,0.185383
15.496,-0.6,-0.0584249,0.185383
15.498,-0.6,-0.0586264,0.185383
15.5,-0.6,-0.0587271,0.185383
15.502,-0.6,-0.0586264,0.185383
15.504,-0.6,-0.0587271,0.185383
15.506,-0.6,-0.0581227,0.185383
15.508,-0.6,-0.0586264,0.185383
15.51,-0.6,-0.0585256,0.185383
15.512,-0.6,-0.0587271,0.181422
15.514,-0.6,-0.0577198,0.176191
15.516,-0.6,-0.058022,0.171284
15.518,-0.6,-0.0583242,0.166634
15.52,-0.6,-0.0579212,0.162231
15.522,-0.6,-0.0582234,0.158054
15.524,-0.6,-0.0586264,0.154087
15.526,-0.6,-0.0585256,0.150313
15.528,-0.6,-0.0584249,0.14671
15.53,-0.6,-0.0586264,0.143286
15.532,-0.6,-0.058022,0.140019
15.534,-0.6,-0.0583242,0.136891
15.536,-0.6,-0.0584249,0.133904
15.538,-0.6,-0.0575183,0.131051
15.54,-0.6,-0.0586264,0.1283
15.542,-0.6,-0.0585256,0.125674
15.544,-0.6,-0.057619,0.12316
15.546,-0.6,-0.05913,0.120726
15.548,-0.6,-0.0579212,0.118402
15.55,-0.6,-0.0578205,0.116161
15.552,-0.6,-0.0583242,0.114005
15.554,-0.6,-0.0587271,0.111926
15.556,-0.6,-0.0579212,0.109922
15.558,-0.6,-0.0585256,0.107988
15.56,-0.6,-0.058022,0.106116
15.562,-0.6,-0.0582234,0.10431
15.564,-0.6,-0.0585256,0.102571
15.566,-0.6,-0.0586264,0.100881
15.568,-0.6,-0.0590293,0.0992506
15.57,-0.6,-0.0581227,0.0976673
15.572,-0.6,-0.0587271,0.0961378
15.574,-0.6,-0.0583242,0.0946559
15.576,-0.6,-0.0586264,0.0932177
15.578,-0.6,-0.0582234,0.0918264
15.58,-0.6,-0.0581227,0.0904723
15.582,-0.6,-0.0581227,0.0891548
15.584,-0.6,-0.0582234,0.087881
15.586,-0.6,-0.0577198,0.0866375
15.588,-0.6,-0.0572161,0.0854334
15.59,-0.6,-0.0579212,0.084263
15.592,-0.6,-0.0575183,0.083116
15.594,-0.6,-0.0579212,0.0820079
15.596,-0.6,-0.0583242,0.0809241
15.598,-0.6,-0.0573168,0.0798728
15.6,-0.6,-0.0583242,0.0788488
15.602,-0.6,-0.0585256,0.0778463
15.604,-0.6,-0.0577198,0.076869
15.606,-0.6,-0.0587271,0.0759178
15.608,-0.6,-0.0573168,0.0749915
15.61,-0.6,-0.0578205,0.0740841
15.612,-0.6,-0.0584249,0.0732024
15.614,-0.6,-0.0581227,0.0723375
15.616,-0.6,-0.0581227,0.0714989
15.618,-0.6,-0.0581227,0.0706708
15.62,-0.6,-0.0573168,0.069868
15.622,-0.6,-0.0578205,0.0690799
15.624,-0.6,-0.0583242,0.0683112
15.626,-0.6,-0.0578205,0.0675609
15.628,-0.6,-0.058022,0.0668231
15.63,-0.6,-0.0585256,0.066105
15.632,-0.6,-0.058022,0.0654021
15.634,-0.6,-0.0579212,0.064709
15.636,-0.6,-0.0583242,0.0640342
15.638,-0.6,-0.0582234,0.0633723
15.64,-0.6,-0.0577198,0.0627248
15.642,-0.6,-0.0579212,0.0620917
15.644,-0.6,-0.0584249,0.0614683
15.646,-0.6,-0.0579212,0.0608573
15.648,-0.6,-0.0574176,0.0602635
15.65,-0.6,-0.0577198,0.0596744
15.652,-0.6,-0.0584249,0.0591001
15.654,-0.6,-0.058022,0.0585362
15.656,-0.6,-0.0585256,0.0579832
15.658,-0.6,-0.0587271,0.0574389
15.66,-0.6,-0.0586264,0.0569075
15.662,-0.6,-0.0579212,0.0563835
15.664,-0.6,-0.0581227,0.0558713
15.666,-0.6,-0.0583242,0.0553659
15.668,-0.6,-0.0577198,0.152503
15.67,-0.6,-0.0579212,0.152503
15.672,-0.6,-0.0585256,0.152503
15.674,-0.6,-0.0583242,0.152503
15.676,-0.6,-0.057619,0.152503
15.678,-0.6,-0.0581227,0.152503
15.68,-0.6,-0.0583242,0.152503
15.682,-0.6,-0.0578205,0.152503
15.684,-0.6,-0.0585256,0.152503
15.686,-0.6,-0.0585256,0.152503
15.688,-0.6,-0.0573168,0.152503
15.69,-0.6,-0.0574176,0.152503
15.692,-0.6,-0.0581227,0.152503
15.694,-0.6,-0.0578205,0.152503
15.696,-0.6,-0.0586264,0.152503
15.698,-0.6,-0.058022,0.152503
15.7,-0.6,-0.0583242,0.152503
15.702,-0.6,-0.058022,0.152503
15.704,-0.6,-0.0583242,0.152503
15.706,-0.6,-0.0584249,0.152503
15.708,-0.6,-0.0574176,0.152503
15.71,-0.6,-0.058022,0.152503
15.712,-0.6,-0.0578205,0.152503
15.714,-0.6,-0.0584249,0.152503
15.716,-0.6,-0.0577198,0.152503
15.718,-0.6,-0.0581227,0.152503
15.72,-0.6,-0.0584249,0.152503
15.722,-0.6,-0.0584249,0.152503
15.724,-0.6,-0.0582234,0.152503
15.726,-0.6,-0.0583242,0.152503
15.728,-0.6,-0.0586264,0.152503
15.73,-0.6,-0.058022,0.152503
15.732,-0.6,-0.0585256,0.152503
15.734,-0.6,-0.058022,0.152503
15.736,-0.6,-0.0578205,0.152503
15.738,-0.6,-0.0578205,0.152503
15.74,-0.6,-0.0579212,0.152503
15.742,-0.6,-0.0579212,0.152503
15.744,-0.6,-0.058022,0.152503
15.746,-0.6,-0.0575183,0.152503
15.748,-0.6,-0.0581227,-0.150173
15.75,-0.6,-0.0581227,-0.146582
15.752,-0.6,-0.0581227,-0.143161
15.754,-0.6,-0.0584249,-0.139914
15.756,-0.6,-0.0575183,-0.136778
15.758,-0.6,-0.0582234,-0.1338
15.76,-0.6,-0.0583242,-0.130937
15.762,-0.6,-0.0578205,-0.128213
15.764,-0.6,-0.058022,-0.12558
15.766,-0.6,-0.058022,-0.12307
15.768,-0.6,-0.0579212,-0.120643
15.77,-0.6,-0.0582234,-0.11832
15.772,-0.6,-0.0578205,-0.116075
15.774,-0.6,-0.0584249,-0.113923
15.776,-0.6,-0.0578205,-0.111844
15.778,-0.6,-0.0585256,-0.109845
15.78,-0.6,-0.0579212,-0.107916
15.782,-0.6,-0.058022,-0.106045
15.784,-0.6,-0.0583242,-0.104246
15.786,-0.6,-0.0578205,-0.102503
15.788,-0.6,-0.0574176,-0.100821
15.79,-0.6,-0.0573168,-0.0991935
15.792,-0.6,-0.0578205,-0.0976109
15.794,-0.6,-0.0585256,-0.0960848
15.796,-0.6,-0.0585256,-0.0946048
15.798,-0.6,-0.0575183,-0.0931642
15.8,-0.6,-0.058022,-0.0917729
15.802,-0.6,-0.0579212,-0.0904191
15.804,-0.6,-0.0581227,-0.0891058
15.806,-0.6,-0.0585256,-0.0878316
15.808,-0.6,-0.0572161,-0.086591
15.81,-0.6,-0.058022,-0.0853858
15.812,-0.6,-0.0582234,-0.0842158
15.814,-0.6,-0.0573168,-0.0830773
15.816,-0.6,-0.0583242,-0.0819637
15.818,-0.6,-0.0579212,-0.0808896
15.82,-0.6,-0.0584249,-0.0798312
15.822,-0.6,-0.057619,-0.0788059
15.824,-0.6,-0.057619,-0.07781
15.826,-0.6,-0.0581227,-0.076832
15.828,-0.6,-0.058022,-0.0758833
15.83,-0.6,-0.0582234,-0.0749578
15.832,-0.6,-0.0574176,-0.0740506
15.834,-0.6,-0.0583242,-0.0731689
15.836,-0.6,-0.0577198,-0.0723076
15.838,-0.6,-0.0581227,-0.071463
15.84,-0.6,-0.0579212,-0.0706431
15.842,-0.6,-0.0579212,-0.0698365
15.844,-0.6,-0.057619,-0.0690541
15.846,-0.6,-0.0588278,-0.068283
15.848,-0.6,-0.0578205,-0.0675327
15.85,-0.6,-0.0582234,-0.0667987
15.852,-0.6,-0.0577198,-0.0660773
15.854,-0.6,-0.0577198,-0.0653744
15.856,-0.6,-0.0579212,-0.0646841
15.858,-0.6,-0.0579212,-0.0640102
15.86,-0.6,-0.057619,-0.0633473
15.862,-0.6,-0.0578205,-0.062701
15.864,-0.6,-0.0575183,-0.0620677
15.866,-0.6,-0.0575183,-0.0614452
15.868,-0.6,-0.0585256,-0.0608367
15.87,-0.6,-0.0575183,-0.0602394
15.872,-0.6,-0.0581227,-0.0596532
15.874,-0.6,-0.0581227,-0.0590787
15.876,-0.6,-0.0583242,-0.0585183
15.878,-0.6,-0.0583242,-0.0579624
15.88,-0.6,-0.0578205,-0.05742
15.882,-0.6,-0.0589286,-0.0568872
15.884,-0.6,-0.0583242,-0.0563652
15.886,-0.6,-0.058022,-0.0558527
15.888,-0.6,-0.058022,-0.0553497
15.89,-0.6,-0.0581227,-0.0548536
15.892,-0.6,-0.0582234,-0.0543683
15.894,-0.6,-0.0588278,-0.0538902
15.896,-0.6,-0.058022,-0.0534215
15.898,-0.6,-0.0581227,-0.0529592
15.9,-0.6,-0.0584249,-0.0525059
15.902,-0.6,-0.0574176,-0.0520609
15.904,-0.6,-0.0584249,-0.0516239
15.906,-0.6,-0.0586264,-0.0511929
15.908,-0.6,-0.0581227,-0.0507695
15.91,-0.6,-0.057619,-0.050353
15.912,-0.6,-0.0577198,-0.0499432
15.914,-0.6,-0.0584249,-0.049539
15.916,-0.6,-0.0577198,-0.0491422
15.918,-0.6,-0.0578205,-0.0487531
15.92,-0.6,-0.0582234,-0.0483679
15.922,-0.6,-0.0577198,-0.047989
15.924,-0.6,-0.0577198,-0.0476168
15.926,-0.6,-0.0579212,-0.0472501
15.928,-0.6,-0.0572161,-0.0468892
15.93,-0.6,-0.0586264,-0.0465354
15.932,-0.6,-0.058022,-0.0461843
15.934,-0.6,-0.0578205,-0.0458388
15.936,-0.6,-0.0587271,-0.0454988
15.938,-0.6,-0.0586264,-0.045164
15.94,-0.6,-0.0574176,-0.0448334
15.942,-0.6,-0.0582234,-0.0445082
15.944,-0.6,-0.0579212,-0.0441878
15.946,-0.6,-0.0581227,-0.0438721
15.948,-0.6,-0.0581227,-0.0435606
15.95,-0.6,-0.0577198,-0.0432537
15.952,-0.6,-0.0582234,-0.0429502
15.954,-0.6,-0.0578205,-0.0426517
15.956,-0.6,-0.058022,-0.0423575
15.958,-0.6,-0.0586264,-0.0420671
15.96,-0.6,-0.0579212,-0.0417808
15.962,-0.6,-0.0579212,-0.0414989
15.964,-0.6,-0.0574176,-0.0412197
15.966,-0.6,-0.0584249,-0.0409446
15.968,-0.6,-0.0578205,-0.0406737
15.97,-0.6,-0.0584249,-0.0404059
15.972,-0.6,-0.05913,-0.0401416
15.974,-0.6,-0.0585256,-0.0398796
15.976,-0.6,-0.0582234,-0.0396222
15.978,-0.6,-0.0578205,-0.039368
15.98,-0.6,-0.0575183,-0.0391171
15.982,-0.6,-0.0577198,-0.0388706
15.984,-0.6,-0.0578205,-0.0386254
15.986,-0.6,-0.0577198,-0.0383838
15.988,-0.6,-0.0585256,-0.0381452
15.99,-0.6,-0.0581227,-0.0379085
15.992,-0.6,-0.0583242,-0.0376759
15.994,-0.6,-0.0584249,-0.0374465
15.996,-0.6,-0.0574176,-0.0372194
15.998,-0.6,-0.0581227,-0.0369949
16,-0.5,-0.0582234,-0.0367733
16.002,-0.5,-0.0460348,-0.0365543
16.004,-0.5,-0.0458333,-0.0363374
16.006,-0.5,-0.0458333,-0.0361231
16.008,-0.5,-0.0461355,-0.0359117
16.01,-0.5,-0.0458333,-0.0357028
16.012,-0.5,-0.0464377,-0.0354964
16.014,-0.5,-0.0456319,-0.0352933
16.016,-0.5,-0.0453297,-0.035091
16.018,-0.5,-0.0460348,-0.0348914
16.02,-0.5,-0.0459341,-0.0346942
16.022,-0.5,-0.0461355,-0.0344984
16.024,-0.5,-0.0461355,-0.0343056
16.026,-0.5,-0.0465385,-0.0341153
16.028,-0.5,-0.0464377,-0.0339266
16.03,-0.5,-0.0467399,-0.0337407
16.032,-0.5,-0.046337,0.0335552
16.034,-0.5,-0.0464377,0.033373
16.036,-0.5,-0.0466392,0.033193
16.038,-0.5,-0.0461355,0.0330136
16.04,-0.5,-0.0467399,0.0328375
16.042,-0.5,-0.0459341,0.0326625
16.044,-0.5,-0.0457326,0.0324893
16.046,-0.5,-0.0466392,0.0323187
16.048,-0.5,-0.046337,0.0321486
16.05,-0.5,-0.0462363,0.0319816
16.052,-0.5,-0.0462363,0.0318155
16.054,-0.5,-0.0466392,0.0316511
16.056,-0.5,-0.0455311,0.0314888
16.058,-0.5,-0.0468407,0.0313283
16.06,-0.5,-0.0466392,0.0311692
16.062,-0.5,-0.0457326,0.0310118
16.064,-0.5,-0.0459341,0.0308559
16.066,-0.5,-0.0466392,0.0228452
16.068,-0.5,-0.0455311,0.0228452
16.07,-0.5,-0.0460348,0.0228452
16.072,-0.5,-0.0461355,0.0228452
16.074,-0.5,-0.0460348,0.0228452
16.076,-0.5,-0.0464377,0.0228452
16.078,-0.5,-0.0458333,0.0228452
16.08,-0.5,-0.0458333,0.0228452
16.082,-0.5,-0.0453297,0.0228452
16.084,-0.5,-0.0470421,0.0228452
16.086,-0.5,-0.0455311,0.0228452
16.088,-0.5,-0.0466392,0.0228452
16.09,-0.5,-0.0461355,0.0228452
16.092,-0.5,-0.0467399,0.0228452
16.094,-0.5,-0.046337,0.0228452
16.096,-0.5,-0.0461355,0.0228452
16.098,-0.5,-0.046337,0.0228452
16.1,-0.5,-0.0455311,0.0228452
16.102,-0.5,-0.0470421,0.0228452
16.104,-0.5,-0.0469414,0.0228452
16.106,-0.5,-0.0472436,0.0228452
16.108,-0.5,-0.046337,0.0228452
16.11,-0.5,-0.0464377,0.0228452
16.112,-0.5,-0.0453297,0.0228452
16.114,-0.5,-0.0469414,0.0228452
16.116,-0.5,-0.0466392,0.0228452
16.118,-0.5,-0.0469414,0.0228452
16.12,-0.5,-0.0469414,0.0228452
16.122,-0.5,-0.0466392,0.0228452
16.124,-0.5,-0.0466392,0.186839
16.126,-0.5,-0.0469414,0.186839
16.128,-0.5,-0.0462363,0.186839
16.13,-0.5,-0.046337,0.186839
16.132,-0.5,-0.0465385,0.186839
16.134,-0.5,-0.046337,0.186839
16.136,-0.5,-0.0456319,0.186839
16.138,-0.5,-0.0464377,0.186839
16.14,-0.5,-0.0462363,0.186839
16.142,-0.5,-0.046337,0.186839
16.144,-0.5,-0.0467399,0.186839
16.146,-0.5,-0.0461355,0.186839
16.148,-0.5,-0.0461355,0.186839
16.15,-0.5,-0.0465385,0.186839
16.152,-0.5,-0.0466392,0.186839
16.154,-0.5,-0.0467399,0.186839
16.156,-0.5,-0.0464377,0.186839
16.158,-0.5,-0.0464377,0.186839
16.16,-0.5,-0.0469414,0.186839
16.162,-0.5,-0.0459341,0.186839
16.164,-0.5,-0.0460348,0.186839
16.166,-0.5,-0.046337,0.186839
16.168,-0.5,-0.0464377,0.186839
16.17,-0.5,-0.0464377,0.186839
16.172,-0.5,-0.0465385,0.186839
16.174,-0.5,-0.0460348,0.186839
16.176,-0.5,-0.0459341,0.186839
16.178,-0.5,-0.0464377,0.186839
16.18,-0.5,-0.046337,0.186839
16.182,-0.5,-0.0455311,0.186839
16.184,-0.5,-0.046337,0.186839
16.186,-0.5,-0.046337,0.186839
16.188,-0.5,-0.0456319,0.186839
16.19,-0.5,-0.0461355,0.185165
16.192,-0.5,-0.0457326,0.179739
16.194,-0.5,-0.0458333,0.201021
16.196,-0.5,-0.0459341,0.201021
16.198,-0.5,-0.0462363,0.201021
16.2,-0.5,-0.0454304,0.201021
16.202,-0.5,-0.0460348,0.201021
16.204,-0.5,-0.0462363,0.201021
16.206,-0.5,-0.0464377,0.201021
16.208,-0.5,-0.0465385,0.201021
16.21,-0.5,-0.0459341,0.201021
16.212,-0.5,-0.044826,0.201021
16.214,-0.5,-0.0459341,0.201021
16.216,-0.5,-0.0465385,0.201021
16.218,-0.5,-0.0454304,0.201021
16.22,-0.5,-0.0459341,0.201021
16.222,-0.5,-0.0456319,0.201021
16.224,-0.5,-0.0460348,0.201021
16.226,-0.5,-0.0465385,0.201021
16.228,-0.5,-0.0455311,0.201021
16.23,-0.5,-0.0458333,0.201021
16.232,-0.5,-0.0454304,0.201021
16.234,-0.5,-0.0455311,0.201021
16.236,-0.5,-0.0457326,0.201021
16.238,-0.5,-0.0455311,0.201021
16.24,-0.5,-0.0461355,0.201021
16.242,-0.5,-0.0456319,0.201021
16.244,-0.5,-0.046337,0.201021
16.246,-0.5,-0.046337,0.201021
16.248,-0.5,-0.0461355,0.201021
16.25,-0.5,-0.0456319,0.201021
16.252,-0.5,-0.0460348,0.201021
16.254,-0.5,-0.0462363,0.195457
16.256,-0.5,-0.0455311,0.189426
16.258,-0.5,-0.0456319,0.183741
16.26,-0.5,-0.0460348,0.178411
16.262,-0.5,-0.0464377,0.173373
16.264,-0.5,-0.0460348,0.168608
16.266,-0.5,-0.0458333,0.164101
16.268,-0.5,-0.0464377,0.159829
16.27,-0.5,-0.0457326,0.155755
16.272,-0.5,-0.0467399,0.151901
16.274,-0.5,-0.0461355,0.148238
16.276,-0.5,-0.0459341,0.144737
16.278,-0.5,-0.0460348,0.141403
16.28,-0.5,-0.0462363,0.138226
16.282,-0.5,-0.0452289,0.150241
16.284,-0.5,-0.0461355,0.150241
16.286,-0.5,-0.0465385,0.150241
16.288,-0.5,-0.0462363,0.150241
16.29,-0.5,-0.0466392,0.150241
16.292,-0.5,-0.0461355,0.150241
16.294,-0.5,-0.0459341,0.150241
16.296,-0.5,-0.0468407,0.150241
16.298,-0.5,-0.0454304,0.150241
16.3,-0.5,-0.0449267,0.150241
16.302,-0.5,-0.0465385,0.150241
16.304,-0.5,-0.0467399,0.150241
16.306,-0.5,-0.046337,0.150241
16.308,-0.5,-0.0457326,0.150241
16.31,-0.5,-0.0457326,0.150241
16.312,-0.5,-0.0459341,0.150241
16.314,-0.5,-0.046337,0.150241
16.316,-0.5,-0.0461355,0.150241
16.318,-0.5,-0.0466392,0.150241
16.32,-0.5,-0.0462363,0.150241
16.322,-0.5,-0.0450275,0.150241
16.324,-0.5,-0.0465385,0.150241
16.326,-0.5,-0.0467399,0.150241
16.328,-0.5,-0.0457326,0.150241
16.33,-0.5,-0.0467399,0.150241
16.332,-0.5,-0.046337,0.150241
16.334,-0.5,-0.0462363,0.150241
16.336,-0.5,-0.0457326,0.150241
16.338,-0.5,-0.0453297,0.150241
16.34,-0.5,-0.0468407,0.150241
16.342,-0.5,-0.0459341,0.150241
16.344,-0.5,-0.0452289,0.150241
16.346,-0.5,-0.0466392,0.150241
16.348,-0.5,-0.0461355,0.150241
16.35,-0.5,-0.0467399,0.150241
16.352,-0.5,-0.0460348,0.150241
16.354,-0.5,-0.0464377,0.145619
16.356,-0.5,-0.046337,0.145619
16.358,-0.5,-0.0459341,0.145619
16.36,-0.5,-0.0462363,0.145619
16.362,-0.5,-0.0462363,0.145619
16.364,-0.5,-0.0465385,0.145619
16.366,-0.5,-0.0458333,0.145619
16.368,-0.5,-0.046337,0.145619
16.37,-0.5,-0.0462363,0.145619
16.372,-0.5,-0.0466392,0.145619
16.374,-0.5,-0.0458333,0.145619
16.376,-0.5,-0.0470421,0.145619
16.378,-0.5,-0.0458333,0.145619
16.38,-0.5,-0.0468407,0.145619
16.382,-0.5,-0.0466392,0.145619
16.384,-0.5,-0.0465385,0.145619
16.386,-0.5,-0.0460348,0.145619
16.388,-0.5,-0.0467399,0.145619
16.39,-0.5,-0.0455311,0.145619
16.392,-0.5,-0.0467399,0.145619
16.394,-0.5,-0.0467399,0.145619
16.396,-0.5,-0.0460348,0.145619
16.398,-0.5,-0.0468407,0.145619
16.4,-0.5,-0.0464377,0.145619
16.402,-0.5,-0.0468407,0.145619
16.404,-0.5,-0.0460348,0.145619
16.406,-0.5,-0.0473443,0.145619
16.408,-0.5,-0.0484524,0.145619
16.41,-0.5,-0.0494597,0.145619
16.412,-0.5,-0.0491575,0.198775
16.414,-0.5,-0.0494597,0.198775
16.416,-0.5,-0.0505678,0.198775
16.418,-0.5,-0.0497619,0.198775
16.42,-0.5,-0.0497619,0.198775
16.422,-0.5,-0.0502656,0.198775
16.424,-0.5,-0.0495604,0.198775
16.426,-0.5,-0.0497619,0.198775
16.428,-0.5,-0.0497619,0.198775
16.43,-0.5,-0.0499634,0.198775
16.432,-0.5,-0.0502656,0.198775
16.434,-0.5,-0.0503663,0.198775
16.436,-0.5,-0.0494597,0.198775
16.438,-0.5,-0.0491575,0.198775
16.44,-0.5,-0.0501648,0.198775
16.442,-0.5,-0.0502656,0.198775
16.444,-0.5,-0.0492582,0.198775
16.446,-0.5,-0.0505678,0.198775
16.448,-0.5,-0.0507692,0.198775
16.45,-0.5,-0.0500641,0.198775
16.452,-0.5,-0.0495604,0.198775
16.454,-0.5,-0.0501648,0.198775
16.456,-0.5,-0.0495604,0.198775
16.458,-0.5,-0.0496612,0.198775
16.46,-0.5,-0.0501648,0.198775
16.462,-0.5,-0.0495604,0.198775
16.464,-0.5,-0.0494597,0.198775
16.466,-0.5,-0.0491575,0.198775
16.468,-0.5,-0.0498626,0.198775
16.47,-0.5,-0.0499634,0.198775
16.472,-0.5,-0.050467,0.198591
16.474,-0.5,-0.0500641,0.192357
16.476,-0.5,-0.0488553,0.186515
16.478,-0.5,-0.0496612,0.181019
16.48,-0.5,-0.0496612,0.175825
16.482,-0.5,-0.0497619,0.170926
16.484,-0.5,-0.0485531,0.166287
16.486,-0.5,-0.0494597,0.161913
16.488,-0.5,-0.0492582,0.206954
16.49,-0.5,-0.0488553,0.206954
16.492,-0.5,-0.0488553,0.206954
16.494,-0.5,-0.0488553,0.206954
16.496,-0.5,-0.0496612,0.206954
16.498,-0.5,-0.048956,0.206954
16.5,-0.5,-0.048956,0.206954
16.502,-0.5,-0.0488553,0.206954
16.504,-0.5,-0.0495604,0.206954
16.506,-0.5,-0.0483516,0.206954
16.508,-0.5,-0.0487546,0.206954
16.51,-0.5,-0.0492582,0.206954
16.512,-0.5,-0.049359,0.206954
16.514,-0.5,-0.0484524,0.206954
16.516,-0.5,-0.0491575,0.206954
16.518,-0.5,-0.0486538,0.206954
16.52,-0.5,-0.0490568,0.206954
16.522,-0.5,-0.0488553,0.206954
16.524,-0.5,-0.0492582,0.206954
16.526,-0.5,-0.0490568,0.206954
16.528,-0.5,-0.0494597,0.206954
16.53,-0.5,-0.0491575,0.206954
16.532,-0.5,-0.049359,0.206954
16.534,-0.5,-0.0499634,0.206954
16.536,-0.5,-0.0486538,0.206954
16.538,-0.5,-0.049359,0.206954
16.54,-0.5,-0.0488553,0.206954
16.542,-0.5,-0.048956,0.206954
16.544,-0.5,-0.0488553,0.206954
16.546,-0.5,-0.049359,0.20619
16.548,-0.5,-0.0499634,0.199483
16.55,-0.5,-0.0492582,0.193195
16.552,-0.5,-0.0488553,0.187291
16.554,-0.5,-0.0494597,0.181752
16.556,-0.5,-0.0484524,0.176515
16.558,-0.5,-0.0487546,0.171577
16.56,-0.5,-0.0490568,0.166937
16.562,-0.5,-0.0491575,0.162508
16.564,-0.5,-0.0477473,0.158301
16.566,-0.5,-0.048956,0.154325
16.568,-0.5,-0.0483516,0.150544
16.57,-0.5,-0.0481502,0.146944
16.572,-0.5,-0.0484524,0.143502
16.574,-0.5,-0.0486538,0.140219
16.576,-0.5,-0.0483516,0.137082
16.578,-0.5,-0.0487546,0.134089
16.58,-0.5,-0.0485531,0.13122
16.582,-0.5,-0.0487546,0.128477
16.584,-0.5,-0.047848,0.125845
16.586,-0.5,-0.0486538,0.123319
16.588,-0.5,-0.0483516,0.120886
16.59,-0.5,-0.0481502,0.118549
16.592,-0.5,-0.048956,0.116305
16.594,-0.5,-0.0484524,0.114134
16.596,-0.5,-0.048956,0.112052
16.598,-0.5,-0.0486538,0.11004
16.6,-0.5,-0.0484524,0.108103
16.602,-0.5,-0.0490568,0.106239
16.604,-0.5,-0.0483516,0.104424
16.606,-0.5,-0.048956,0.102679
16.608,-0.5,-0.0480495,0.100992
16.61,-0.5,-0.0482509,0.099351
16.612,-0.5,-0.048956,0.0977699
16.614,-0.5,-0.0491575,0.0962339
16.616,-0.5,-0.0492582,0.0947494
16.618,-0.5,-0.0484524,0.0933081
16.62,-0.5,-0.0488553,0.0919084
16.622,-0.5,-0.0485531,0.0905516
16.624,-0.5,-0.0488553,0.089236
16.626,-0.5,-0.0484524,0.0879586
16.628,-0.5,-0.0485531,0.0867172
16.63,-0.5,-0.0492582,0.0855072
16.632,-0.5,-0.0487546,0.0843334
16.634,-0.5,-0.048956,0.0831889
16.636,-0.5,-0.0483516,0.0820744
16.638,-0.5,-0.0476465,0.0809906
16.64,-0.5,-0.0476465,0.0799418
16.642,-0.5,-0.048956,0.0789073
16.644,-0.5,-0.0486538,0.0779063
16.646,-0.5,-0.0485531,0.0769309
16.648,-0.5,-0.0484524,0.0759795
16.65,-0.5,-0.0486538,0.0750515
16.652,-0.5,-0.048956,0.0741417
16.654,-0.5,-0.0488553,0.0732573
16.656,-0.5,-0.0487546,0.072392
16.658,-0.5,-0.0483516,0.0715471
16.66,-0.5,-0.0485531,0.0707236
16.662,-0.5,-0.0486538,0.0699168
16.664,-0.5,-0.0477473,0.0691296
16.666,-0.5,-0.047848,0.0683605
16.668,-0.5,-0.0484524,0.0676048
16.67,-0.5,-0.0490568,0.0668689
16.672,-0.5,-0.0486538,0.0661482
16.674,-0.5,-0.0485531,0.0654419
16.676,-0.5,-0.048956,0.0647536
16.678,-0.5,-0.0476465,0.0640778
16.68,-0.5,-0.0483516,0.0634131
16.682,-0.5,-0.0492582,0.0627667
16.684,-0.5,-0.0486538,0.0621286
16.686,-0.5,-0.048956,0.0615079
16.688,-0.5,-0.0487546,0.0608968
16.69,-0.5,-0.0491575,0.0602973
16.692,-0.5,-0.0488553,0.0597125
16.694,-0.5,-0.0483516,0.0591364
16.696,-0.5,-0.0485531,0.0585713
16.698,-0.5,-0.0487546,0.0580194
16.7,-0.5,-0.0492582,0.057475
16.702,-0.5,-0.0483516,0.056941
16.704,-0.5,-0.0480495,0.0564179
16.706,-0.5,-0.0490568,0.0559023
16.708,-0.5,-0.0486538,0.0553993
16.71,-0.5,-0.048956,0.0549037
16.712,-0.5,-0.0492582,0.0544153
16.714,-0.5,-0.0488553,0.0539386
16.716,-0.5,-0.0484524,0.053468
16.718,-0.5,-0.0485531,0.0530056
16.72,-0.5,-0.0485531,0.0525518
16.722,-0.5,-0.0477473,0.0521048
16.724,-0.5,-0.0476465,0.0516669
16.726,-0.5,-0.0482509,0.0512357
16.728,-0.5,-0.0492582,-0.0508112
16.73,-0.5,-0.0486538,-0.050395
16.732,-0.5,-0.0484524,-0.0499828
16.734,-0.5,-0.048956,-0.0495784
16.736,-0.5,-0.0481502,-0.0491824
16.738,-0.5,-0.047848,-0.0487908
16.74,-0.5,-0.0482509,-0.0484069
16.742,-0.5,-0.0488553,-0.0480265
16.744,-0.5,-0.0488553,-0.0476547
16.746,-0.5,-0.049359,-0.047288
16.748,-0.5,-0.0483516,-0.0469248
16.75,-0.5,-0.0487546,-0.0465691
16.752,-0.5,-0.0490568,-0.0462185
16.754,-0.5,-0.0485531,-0.0458725
16.756,-0.5,-0.0484524,-0.0455317
16.758,-0.5,-0.0487546,-0.0451973
16.76,-0.5,-0.0482509,-0.0448665
16.762,-0.5,-0.0484524,-0.0445416
16.764,-0.5,-0.0483516,-0.0442202
16.766,-0.5,-0.048956,-0.0439034
16.768,-0.5,-0.048956,-0.0435917
16.77,-0.5,-0.049359,-0.0432832
16.772,-0.5,-0.0488553,-0.0429808
16.774,-0.5,-0.0487546,-0.042682
16.776,-0.5,-0.0491575,-0.0423875
16.778,-0.5,-0.0484524,-0.0420956
16.78,-0.5,-0.0482509,-0.0418095
16.782,-0.5,-0.0487546,-0.041526
16.784,-0.5,-0.0491575,-0.0412477
16.786,-0.5,-0.0483516,-0.0409719
16.788,-0.5,-0.0485531,-0.0407009
16.79,-0.5,-0.048956,-0.0404316
16.792,-0.5,-0.049359,-0.0401672
16.794,-0.5,-0.0482509,-0.0399069
16.796,-0.5,-0.0492582,-0.0396479
16.798,-0.5,-0.048956,-0.0393931
16.8,-0.5,-0.048956,-0.0391426
16.802,-0.5,-0.0486538,-0.0388941
16.804,-0.5,-0.0487546,-0.0386498
16.806,-0.5,-0.0482509,-0.0384069
16.808,-0.5,-0.0486538,-0.0381683
16.81,-0.5,-0.0484524,-0.0379325
16.812,-0.5,-0.0485531,-0.0376987
16.814,-0.5,-0.0488553,-0.0374693
16.816,-0.5,-0.0491575,-0.037242
16.818,-0.5,-0.0487546,-0.0370169
16.82,-0.5,-0.0485531,-0.0367953
16.822,-0.5,-0.0488553,-0.036576
16.824,-0.5,-0.0482509,-0.0363587
16.826,-0.5,-0.0488553,-0.0361446
16.828,-0.5,-0.0490568,-0.0359332
16.83,-0.5,-0.0486538,-0.0357237
16.832,-0.5,-0.0483516,-0.0355169
16.834,-0.5,-0.0491575,-0.0353129
16.836,-0.5,-0.0481502,-0.0351115
16.838,-0.5,-0.0488553,-0.0349108
16.84,-0.5,-0.0486538,-0.034713
16.842,-0.5,-0.0484524,-0.0345184
16.844,-0.5,-0.0483516,-0.0343251
16.846,-0.5,-0.0485531,-0.0341339
16.848,-0.5,-0.0491575,-0.0339448
16.85,-0.5,-0.0485531,-0.0337585
16.852,-0.5,-0.0488553,-0.0335744
16.854,-0.5,-0.0487546,-0.0333909
16.856,-0.5,-0.0481502,-0.0332099
16.858,-0.5,-0.0479487,-0.0330317
16.86,-0.5,-0.0483516,-0.0328545
16.862,-0.5,-0.049359,-0.0326801
16.864,-0.5,-0.0487546,-0.0325067
16.866,-0.5,-0.0484524,-0.0323352
16.868,-0.5,-0.047848,-0.0321663
16.87,-0.5,-0.0487546,-0.0319978
16.872,-0.5,-0.0479487,-0.031832
16.874,-0.5,-0.0486538,-0.0316678
16.876,-0.5,-0.048956,-0.031505
16.878,-0.5,-0.0492582,-0.0313443
16.88,-0.5,-0.0488553,-0.031185
16.882,-0.5,-0.0490568,-0.0310271
16.884,-0.5,-0.0487546,-0.0308709
16.886,-0.5,-0.0479487,-0.0307165
16.888,-0.5,-0.0482509,-0.0305634
16.89,-0.5,-0.0484524,-0.0304119
16.892,-0.5,-0.0491575,-0.0302623
16.894,-0.5,-0.0488553,-0.0301136
16.896,-0.5,-0.0483516,-0.0299664
16.898,-0.5,-0.0482509,-0.0298205
16.9,-0.5,-0.0485531,-0.0296763
16.902,-0.5,-0.0479487,-0.0295337
16.904,-0.5,-0.0486538,-0.029392
16.906,-0.5,-0.0492582,-0.029252
16.908,-0.5,-0.0484524,-0.0291136
16.91,-0.5,-0.0486538,-0.0289758
16.912,-0.5,-0.0488553,-0.0288394
16.914,-0.5,-0.0490568,-0.0287049
16.916,-0.5,-0.0488553,-0.0285717
16.918,-0.5,-0.0488553,-0.0284387
16.92,-0.5,-0.0492582,-0.0283077
16.922,-0.5,-0.0488553,-0.0281777
16.924,-0.5,-0.0488553,-0.0280485
16.926,-0.5,-0.0490568,-0.0279213
16.928,-0.5,-0.0484524,-0.0277943
16.93,-0.5,-0.048956,-0.0276691
16.932,-0.5,-0.0492582,-0.027545
16.934,-0.5,-0.0491575,-0.027422
16.936,-0.5,-0.0490568,-0.0272999
16.938,-0.5,-0.0496612,-0.0271793
16.94,-0.5,-0.048956,-0.0270593
16.942,-0.5,-0.0488553,-0.0269405
16.944,-0.5,-0.048956,-0.0268224
16.946,-0.5,-0.0498626,-0.026706
16.948,-0.5,-0.0496612,-0.02659
16.95,-0.5,-0.0485531,-0.0264752
16.952,-0.5,-0.0484524,-0.0263615
16.954,-0.5,-0.0486538,-0.0262487
16.956,-0.5,-0.0490568,-0.0261369
16.958,-0.5,-0.0490568,-0.026026
16.96,-0.5,-0.0488553,-0.025916
16.962,-0.5,-0.0487546,-0.025807
16.964,-0.5,-0.0486538,-0.0256992
16.966,-0.5,-0.0487546,-0.0255918
16.968,-0.5,-0.0488553,-0.0254855
16.97,-0.5,-0.0491575,-0.0253803
16.972,-0.5,-0.0494597,-0.0252757
16.974,-0.5,-0.0488553,-0.025172
16.976,-0.5,-0.0485531,-0.0250692
16.978,-0.5,-0.0492582,-0.0249672
16.98,-0.5,-0.0491575,-0.0248665
16.982,-0.5,-0.0491575,-0.0247658
16.984,-0.5,-0.0482509,-0.0246663
16.986,-0.5,-0.0488553,-0.0245671
16.988,-0.5,-0.0486538,0.0244694
16.99,-0.5,-0.0490568,0.0243725
16.992,-0.5,-0.0496612,0.0242759
16.994,-0.5,-0.0491575,0.0241801
16.996,-0.5,-0.0497619,0.0240854
16.998,-0.5,-0.0486538,0.023991
17,-0.4,-0.0491575,0.0238978
17.002,-0.4,-0.0334432,0.0238048
17.004,-0.4,-0.0326374,0.0237126
17.006,-0.4,-0.0336447,0.0236216
17.008,-0.4,-0.0328388,0.0235308
17.01,-0.4,-0.0339469,0.0234411
17.012,-0.4,-0.0339469,0.0233518
17.014,-0.4,-0.0332418,0.0232635
17.016,-0.4,-0.0336447,0.0231754
17.018,-0.4,-0.0336447,0.0230884
17.02,-0.4,-0.0333425,0.0230017
17.022,-0.4,-0.0351557,0.0229159
17.024,-0.4,-0.0340476,0.0228305
17.026,-0.4,-0.0344505,0.0227461
17.028,-0.4,-0.0343498,0.0431775
17.03,-0.4,-0.0342491,0.0431775
17.032,-0.4,-0.0339469,0.0431775
17.034,-0.4,-0.0344505,0.0431775
17.036,-0.4,-0.033544,0.0431775
17.038,-0.4,-0.0341484,0.0431775
17.04,-0.4,-0.0345513,0.0431775
17.042,-0.4,-0.0345513,0.0431775
17.044,-0.4,-0.0343498,0.0431775
17.046,-0.4,-0.0344505,0.0431775
17.048,-0.4,-0.0348535,0.0431775
17.05,-0.4,-0.0339469,0.0431775
17.052,-0.4,-0.0339469,0.0431775
17.054,-0.4,-0.0347527,0.0431775
17.056,-0.4,-0.0347527,0.0431775
17.058,-0.4,-0.0344505,0.0431775
17.06,-0.4,-0.0340476,0.0431775
17.062,-0.4,-0.0338462,0.0431775
17.064,-0.4,-0.0345513,0.0431775
17.066,-0.4,-0.034652,0.0431775
17.068,-0.4,-0.0354579,0.0431775
17.07,-0.4,-0.0339469,0.0431775
17.072,-0.4,-0.0319322,0.0431775
17.074,-0.4,-0.0322344,0.0431775
17.076,-0.4,-0.0317308,0.0431775
17.078,-0.4,-0.0317308,0.0431775
17.08,-0.4,-0.0324359,0.0431775
17.082,-0.4,-0.0318315,0.0370686
17.084,-0.4,-0.0322344,0.0370686
17.086,-0.4,-0.0325366,0.0370686
17.088,-0.4,-0.0326374,0.0370686
17.09,-0.4,-0.0325366,0.0370686
17.092,-0.4,-0.0324359,0.0370686
17.094,-0.4,-0.0328388,0.0370686
17.096,-0.4,-0.0325366,0.0370686
17.098,-0.4,-0.0314286,0.0370686
17.1,-0.4,-0.0326374,0.0370686
17.102,-0.4,-0.0317308,0.0370686
17.104,-0.4,-0.0329396,0.0370686
17.106,-0.4,-0.0329396,0.0370686
17.108,-0.4,-0.032033,0.0370686
17.11,-0.4,-0.0319322,0.0370686
17.112,-0.4,-0.0321337,0.0370686
17.114,-0.4,-0.0328388,0.0370686
17.116,-0.4,-0.033141,0.0370686
17.118,-0.4,-0.0326374,0.0370686
17.12,-0.4,-0.033141,0.0370686
17.122,-0.4,-0.0329396,0.0370686
17.124,-0.4,-0.0321337,0.0370686
17.126,-0.4,-0.0334432,0.267977
17.128,-0.4,-0.0324359,0.267977
17.13,-0.4,-0.033544,0.267977
17.132,-0.4,-0.0327381,0.267977
17.134,-0.4,-0.0318315,0.267977
17.136,-0.4,-0.0328388,0.267977
17.138,-0.4,-0.0322344,0.267977
17.14,-0.4,-0.0325366,0.267977
17.142,-0.4,-0.0318315,0.267977
17.144,-0.4,-0.0327381,0.267977
17.146,-0.4,-0.0326374,0.267977
17.148,-0.4,-0.033544,0.267977
17.15,-0.4,-0.0323352,0.267977
17.152,-0.4,-0.0323352,0.267977
17.154,-0.4,-0.0318315,0.267977
17.156,-0.4,-0.0321337,0.267977
17.158,-0.4,-0.0323352,0.267977
17.16,-0.4,-0.0327381,0.267977
17.162,-0.4,-0.0321337,0.267977
17.164,-0.4,-0.0323352,0.267977
17.166,-0.4,-0.0325366,0.267977
17.168,-0.4,-0.0318315,0.267977
17.17,-0.4,-0.0325366,0.287727
17.172,-0.4,-0.032033,0.287727
17.174,-0.4,-0.0325366,0.287727
17.176,-0.4,-0.032033,0.287727
17.178,-0.4,-0.0328388,0.287727
17.18,-0.4,-0.0322344,0.287727
17.182,-0.4,-0.0323352,0.287727
17.184,-0.4,-0.0319322,0.287727
17.186,-0.4,-0.0319322,0.287727
17.188,-0.4,-0.032033,0.287727
17.19,-0.4,-0.0327381,0.287727
17.192,-0.4,-0.0324359,0.287727
17.194,-0.4,-0.0322344,0.287727
17.196,-0.4,-0.0323352,0.287727
17.198,-0.4,-0.0324359,0.287727
17.2,-0.4,-0.0317308,0.287727
17.202,-0.4,-0.0317308,0.287727
17.204,-0.4,-0.032033,0.287727
17.206,-0.4,-0.0318315,0.287727
17.208,-0.4,-0.033141,0.287727
17.21,-0.4,-0.0315293,0.287727
17.212,-0.4,-0.0322344,0.279019
17.214,-0.4,-0.03163,0.266891
17.216,-0.4,-0.0324359,0.255766
17.218,-0.4,-0.0315293,0.266379
17.22,-0.4,-0.0322344,0.266379
17.222,-0.4,-0.0321337,0.266379
17.224,-0.4,-0.0321337,0.266379
17.226,-0.4,-0.0314286,0.266379
17.228,-0.4,-0.0322344,0.266379
17.23,-0.4,-0.0319322,0.266379
17.232,-0.4,-0.032033,0.266379
17.234,-0.4,-0.0317308,0.266379
17.236,-0.4,-0.0321337,0.266379
17.238,-0.4,-0.0325366,0.266379
17.24,-0.4,-0.0317308,0.266379
17.242,-0.4,-0.0318315,0.266379
17.244,-0.4,-0.0315293,0.266379
17.246,-0.4,-0.0315293,0.266379
17.248,-0.4,-0.0319322,0.266379
17.25,-0.4,-0.0315293,0.266379
17.252,-0.4,-0.0324359,0.266379
17.254,-0.4,-0.0324359,0.266379
17.256,-0.4,-0.0324359,0.266379
17.258,-0.4,-0.0319322,0.266379
17.26,-0.4,-0.0319322,0.266379
17.262,-0.4,-0.0321337,0.266379
17.264,-0.4,-0.0321337,0.260857
17.266,-0.4,-0.0312271,0.250225
17.268,-0.4,-0.0327381,0.240426
17.27,-0.4,-0.0318315,0.23136
17.272,-0.4,-0.0321337,0.235707
17.274,-0.4,-0.0325366,0.235707
17.276,-0.4,-0.0322344,0.235707
17.278,-0.4,-0.0324359,0.235707
17.28,-0.4,-0.0327381,0.235707
17.282,-0.4,-0.0327381,0.235707
17.284,-0.4,-0.0317308,0.235707
17.286,-0.4,-0.03163,0.235707
17.288,-0.4,-0.0327381,0.235707
17.29,-0.4,-0.0319322,0.235707
17.292,-0.4,-0.0323352,0.235707
17.294,-0.4,-0.03163,0.235707
17.296,-0.4,-0.0319322,0.235707
17.298,-0.4,-0.0327381,0.235707
17.3,-0.4,-0.0322344,0.235707
17.302,-0.4,-0.0323352,0.235707
17.304,-0.4,-0.0323352,0.235707
17.306,-0.4,-0.0319322,0.235707
17.308,-0.4,-0.0321337,0.235707
17.31,-0.4,-0.0324359,0.235707
17.312,-0.4,-0.0324359,0.235707
17.314,-0.4,-0.0317308,0.235707
17.316,-0.4,-0.0319322,0.235707
17.318,-0.4,-0.0325366,0.235707
17.32,-0.4,-0.0319322,0.235707
17.322,-0.4,-0.0319322,0.232142
17.324,-0.4,-0.0321337,0.232142
17.326,-0.4,-0.0323352,0.232142
17.328,-0.4,-0.0330403,0.232142
17.33,-0.4,-0.0313278,0.232142
17.332,-0.4,-0.0323352,0.232142
17.334,-0.4,-0.0319322,0.232142
17.336,-0.4,-0.0317308,0.232142
17.338,-0.4,-0.033141,0.232142
17.34,-0.4,-0.0327381,0.232142
17.342,-0.4,-0.0327381,0.232142
17.344,-0.4,-0.0325366,0.232142
17.346,-0.4,-0.0323352,0.232142
17.348,-0.4,-0.0319322,0.232142
17.35,-0.4,-0.0319322,0.232142
17.352,-0.4,-0.0332418,0.232142
17.354,-0.4,-0.033141,0.232142
17.356,-0.4,-0.0334432,0.232142
17.358,-0.4,-0.0323352,0.232142
17.36,-0.4,-0.0324359,0.232142
17.362,-0.4,-0.0325366,0.232142
17.364,-0.4,-0.0318315,0.232142
17.366,-0.4,-0.0318315,0.261871
17.368,-0.4,-0.0328388,0.261871
17.37,-0.4,-0.0328388,0.261871
17.372,-0.4,-0.0328388,0.261871
17.374,-0.4,-0.0327381,0.261871
17.376,-0.4,-0.0323352,0.261871
17.378,-0.4,-0.0322344,0.261871
17.38,-0.4,-0.0327381,0.261871
17.382,-0.4,-0.0319322,0.261871
17.384,-0.4,-0.0328388,0.261871
17.386,-0.4,-0.0324359,0.261871
17.388,-0.4,-0.0332418,0.261871
17.39,-0.4,-0.0325366,0.261871
17.392,-0.4,-0.0332418,0.261871
17.394,-0.4,-0.0323352,0.261871
17.396,-0.4,-0.0332418,0.261871
17.398,-0.4,-0.0321337,0.261871
17.4,-0.4,-0.0326374,0.261871
17.402,-0.4,-0.0329396,0.261871
17.404,-0.4,-0.0319322,0.301411
17.406,-0.4,-0.0329396,0.301411
17.408,-0.4,-0.0324359,0.301411
17.41,-0.4,-0.0325366,0.301411
17.412,-0.4,-0.033141,0.301411
17.414,-0.4,-0.0326374,0.301411
17.416,-0.4,-0.0333425,0.301411
17.418,-0.4,-0.0324359,0.301411
17.42,-0.4,-0.0325366,0.301411
17.422,-0.4,-0.0321337,0.301411
17.424,-0.4,-0.0328388,0.301411
17.426,-0.4,-0.0327381,0.301411
17.428,-0.4,-0.0326374,0.301411
17.43,-0.4,-0.0329396,0.301411
17.432,-0.4,-0.0328388,0.301411
17.434,-0.4,-0.033544,0.301411
17.436,-0.4,-0.032033,0.301411
17.438,-0.4,-0.033141,0.301411
17.44,-0.4,-0.0327381,0.301411
17.442,-0.4,-0.0338462,0.322873
17.444,-0.4,-0.0330403,0.322873
17.446,-0.4,-0.0324359,0.322873
17.448,-0.4,-0.033141,0.322873
17.45,-0.4,-0.0325366,0.322873
17.452,-0.4,-0.0330403,0.322873
17.454,-0.4,-0.0329396,0.322873
17.456,-0.4,-0.0323352,0.322873
17.458,-0.4,-0.0324359,0.322873
17.46,-0.4,-0.0321337,0.322873
17.462,-0.4,-0.0326374,0.322873
17.464,-0.4,-0.0326374,0.322873
17.466,-0.4,-0.0327381,0.322873
17.468,-0.4,-0.0327381,0.322873
17.47,-0.4,-0.0326374,0.322873
17.472,-0.4,-0.0328388,0.322873
17.474,-0.4,-0.0327381,0.322873
17.476,-0.4,-0.0321337,0.322873
17.478,-0.4,-0.0325366,0.322873
17.48,-0.4,-0.0323352,0.316673
17.482,-0.4,-0.0329396,0.32133
17.484,-0.4,-0.0323352,0.32133
17.486,-0.4,-0.0327381,0.32133
17.488,-0.4,-0.0325366,0.32133
17.49,-0.4,-0.0324359,0.32133
17.492,-0.4,-0.0324359,0.32133
17.494,-0.4,-0.0326374,0.32133
17.496,-0.4,-0.0319322,0.32133
17.498,-0.4,-0.0325366,0.32133
17.5,-0.4,-0.0328388,0.32133
17.502,-0.4,-0.0332418,0.32133
17.504,-0.4,-0.032033,0.32133
17.506,-0.4,-0.0328388,0.32133
17.508,-0.4,-0.0323352,0.32133
17.51,-0.4,-0.0324359,0.32133
17.512,-0.4,-0.0323352,0.32133
17.514,-0.4,-0.0321337,0.32133
17.516,-0.4,-0.0323352,0.32133
17.518,-0.4,-0.0324359,0.32133
17.52,-0.4,-0.0322344,0.313369
17.522,-0.4,-0.0322344,0.298143
17.524,-0.4,-0.0322344,0.284276
17.526,-0.4,-0.032033,0.27175
17.528,-0.4,-0.0323352,0.289105
17.53,-0.4,-0.0323352,0.289105
17.532,-0.4,-0.0324359,0.289105
17.534,-0.4,-0.0322344,0.289105
17.536,-0.4,-0.0324359,0.289105
17.538,-0.4,-0.0317308,0.289105
17.54,-0.4,-0.0318315,0.289105
17.542,-0.4,-0.0324359,0.289105
17.544,-0.4,-0.0317308,0.289105
17.546,-0.4,-0.0323352,0.289105
17.548,-0.4,-0.0324359,0.289105
17.55,-0.4,-0.0315293,0.289105
17.552,-0.4,-0.0317308,0.289105
17.554,-0.4,-0.03163,0.289105
17.556,-0.4,-0.0324359,0.289105
17.558,-0.4,-0.0317308,0.289105
17.56,-0.4,-0.0322344,0.289105
17.562,-0.4,-0.0321337,0.289105
17.564,-0.4,-0.0313278,0.289105
17.566,-0.4,-0.03163,0.289105
17.568,-0.4,-0.03163,0.289105
17.57,-0.4,-0.0313278,0.289105
17.572,-0.4,-0.0321337,0.277899
17.574,-0.4,-0.0317308,0.265918
17.576,-0.4,-0.0325366,0.254831
17.578,-0.4,-0.0312271,0.244676
17.58,-0.4,-0.0318315,0.235272
17.582,-0.4,-0.0308242,0.226608
17.584,-0.4,-0.0314286,0.218543
17.586,-0.4,-0.03163,0.211031
17.588,-0.4,-0.0318315,0.203987
17.59,-0.4,-0.0314286,0.197456
17.592,-0.4,-0.0314286,0.191274
17.594,-0.4,-0.0319322,0.185494
17.596,-0.4,-0.03163,0.180064
17.598,-0.4,-0.0309249,0.174921
17.6,-0.4,-0.0312271,0.170066
17.602,-0.4,-0.0318315,0.220936
17.604,-0.4,-0.0314286,0.220936
17.606,-0.4,-0.0310256,0.220936
17.608,-0.4,-0.0319322,0.220936
17.61,-0.4,-0.0315293,0.220936
17.612,-0.4,-0.0312271,0.220936
17.614,-0.4,-0.0312271,0.220936
17.616,-0.4,-0.0317308,0.220936
17.618,-0.4,-0.0319322,0.220936
17.62,-0.4,-0.0308242,0.220936
17.622,-0.4,-0.0319322,0.220936
17.624,-0.4,-0.0312271,0.220936
17.626,-0.4,-0.0322344,0.220936
17.628,-0.4,-0.0310256,0.220936
17.63,-0.4,-0.0313278,0.220936
17.632,-0.4,-0.0321337,0.220936
17.634,-0.4,-0.0315293,0.220936
17.636,-0.4,-0.0312271,0.220936
17.638,-0.4,-0.0310256,0.220936
17.64,-0.4,-0.03163,0.220936
17.642,-0.4,-0.0313278,0.220936
17.644,-0.4,-0.0308242,0.220936
17.646,-0.4,-0.0313278,0.220936
17.648,-0.4,-0.0312271,0.220936
17.65,-0.4,-0.0308242,0.220936
17.652,-0.4,-0.0315293,0.220936
17.654,-0.4,-0.0315293,0.220936
17.656,-0.4,-0.03163,0.220936
17.658,-0.4,-0.0314286,0.214823
17.66,-0.4,-0.0314286,0.207527
17.662,-0.4,-0.0314286,0.20074
17.664,-0.4,-0.0308242,0.19441
17.666,-0.4,-0.0306227,0.188426
17.668,-0.4,-0.030522,0.182815
17.67,-0.4,-0.0314286,0.177505
17.672,-0.4,-0.0310256,0.172517
17.674,-0.4,-0.0311264,0.16782
17.676,-0.4,-0.0307234,0.163334
17.678,-0.4,-0.0314286,0.159101
17.68,-0.4,-0.0310256,0.1551
17.682,-0.4,-0.0314286,0.151261
17.684,-0.4,-0.0308242,0.147621
17.686,-0.4,-0.03163,0.144146
17.688,-0.4,-0.0314286,0.140848
17.69,-0.4,-0.0314286,0.137688
17.692,-0.4,-0.0317308,0.134659
17.694,-0.4,-0.0308242,0.131768
17.696,-0.4,-0.0314286,0.128999
17.698,-0.4,-0.0312271,0.126344
17.7,-0.4,-0.0308242,0.123796
17.702,-0.4,-0.0314286,0.121349
17.704,-0.4,-0.0310256,0.118995
17.706,-0.4,-0.0308242,0.116733
17.708,-0.4,-0.0314286,0.114554
17.71,-0.4,-0.0311264,0.11245
17.712,-0.4,-0.0314286,0.110422
17.714,-0.4,-0.0311264,0.108474
17.716,-0.4,-0.0308242,0.106594
17.718,-0.4,-0.0314286,0.10477
17.72,-0.4,-0.0310256,0.103007
17.722,-0.4,-0.0318315,0.101311
17.724,-0.4,-0.0310256,0.0996608
17.726,-0.4,-0.0313278,0.098072
17.728,-0.4,-0.0309249,0.0965258
17.73,-0.4,-0.0311264,0.0950345
17.732,-0.4,-0.032033,0.0935818
17.734,-0.4,-0.0306227,0.0921813
17.736,-0.4,-0.0314286,0.0908136
17.738,-0.4,-0.0313278,0.0894924
17.74,-0.4,-0.0308242,0.0882031
17.742,-0.4,-0.0308242,0.086956
17.744,-0.4,-0.0306227,0.0857431
17.746,-0.4,-0.0314286,0.0845554
17.748,-0.4,-0.0315293,0.0834088
17.75,-0.4,-0.03163,0.0822876
17.752,-0.4,-0.0304212,0.0812011
17.754,-0.4,-0.0308242,0.0801425
17.756,-0.4,-0.030522,0.0791042
17.758,-0.4,-0.0313278,0.0780998
17.76,-0.4,-0.0312271,0.0771162
17.762,-0.4,-0.0310256,0.0761613
17.764,-0.4,-0.0308242,0.075225
17.766,-0.4,-0.0312271,0.0743136
17.768,-0.4,-0.0306227,0.0734263
17.77,-0.4,-0.0312271,0.0725563
17.772,-0.4,-0.0310256,0.0717103
17.774,-0.4,-0.0306227,0.0708834
17.776,-0.4,-0.0307234,0.0700758
17.778,-0.4,-0.0310256,0.0692807
17.78,-0.4,-0.0307234,0.068509
17.782,-0.4,-0.0313278,0.0677512
17.784,-0.4,-0.032033,0.0670111
17.786,-0.4,-0.0315293,0.0662888
17.788,-0.4,-0.0311264,0.0655788
17.79,-0.4,-0.0309249,0.0648839
17.792,-0.4,-0.0312271,0.0642048
17.794,-0.4,-0.0309249,0.0635408
17.796,-0.4,-0.0311264,0.0628912
17.798,-0.4,-0.0319322,0.0622508
17.8,-0.4,-0.0317308,0.0616259
17.802,-0.4,-0.0308242,0.0610163
17.804,-0.4,-0.03163,0.0604139
17.806,-0.4,-0.0313278,0.0598242
17.808,-0.4,-0.0307234,0.0592454
17.81,-0.4,-0.0311264,0.0586791
17.812,-0.4,-0.0317308,0.0581251
17.814,-0.4,-0.0307234,0.05758
17.816,-0.4,-0.0309249,0.0570424
17.818,-0.4,-0.0309249,0.0565173
17.82,-0.4,-0.0310256,0.0560017
17.822,-0.4,-0.0310256,0.0554955
17.824,-0.4,-0.0311264,0.0549971
17.826,-0.4,-0.0309249,0.0545107
17.828,-0.4,-0.0314286,0.0540288
17.83,-0.4,-0.03163,0.0535574
17.832,-0.4,-0.0313278,0.0530943
17.834,-0.4,-0.0318315,0.0526411
17.836,-0.4,-0.0309249,0.0521913
17.838,-0.4,-0.0306227,0.0517513
17.84,-0.4,-0.0309249,0.0513176
17.842,-0.4,-0.0308242,0.050892
17.844,-0.4,-0.0314286,0.0504736
17.846,-0.4,-0.0306227,0.0500619
17.848,-0.4,-0.0307234,0.0496569
17.85,-0.4,-0.0314286,0.0492603
17.852,-0.4,-0.0311264,0.0488654
17.854,-0.4,-0.0312271,0.0484806
17.856,-0.4,-0.0307234,0.0480996
17.858,-0.4,-0.0307234,0.0477255
17.86,-0.4,-0.0310256,0.0473584
17.862,-0.4,-0.0311264,0.0469943
17.864,-0.4,-0.0315293,0.0466373
17.866,-0.4,-0.0308242,0.0462855
17.868,-0.4,-0.0313278,0.0459391
17.87,-0.4,-0.03163,0.0455979
17.872,-0.4,-0.0308242,0.0452608
17.874,-0.4,-0.0315293,0.0449305
17.876,-0.4,-0.030522,0.0446039
17.878,-0.4,-0.0310256,0.0442822
17.88,-0.4,-0.0311264,0.0439637
17.882,-0.4,-0.0314286,0.0436517
17.884,-0.4,-0.0310256,0.0433429
17.886,-0.4,-0.0312271,0.0430389
17.888,-0.4,-0.0313278,0.0427398
17.89,-0.4,-0.0315293,0.0424442
17.892,-0.4,-0.0306227,0.0421527
17.894,-0.4,-0.0308242,0.041864
17.896,-0.4,-0.0304212,0.0415803
17.898,-0.4,-0.0313278,0.0413011
17.9,-0.4,-0.0307234,0.041025
17.902,-0.4,-0.0310256,0.0407523
17.904,-0.4,-0.0309249,0.0404836
17.906,-0.4,-0.0304212,0.0402182
17.908,-0.4,-0.0309249,0.0399558
17.91,-0.4,-0.0304212,0.0396974
17.912,-0.4,-0.0310256,0.0394423
17.914,-0.4,-0.0307234,0.0391905
17.916,-0.4,-0.03163,0.0389418
17.918,-0.4,-0.032033,0.0386963
17.92,-0.4,-0.0315293,0.0384544
17.922,-0.4,-0.0306227,0.0382146
17.924,-0.4,-0.0310256,0.0379782
17.926,-0.4,-0.0309249,0.0377439
17.928,-0.4,-0.0308242,0.0375139
17.93,-0.4,-0.0311264,0.0372855
17.932,-0.4,-0.0313278,0.0370604
17.934,-0.4,-0.0307234,0.0368381
17.936,-0.4,-0.0306227,0.0366183
17.938,-0.4,-0.0313278,0.0364012
17.94,-0.4,-0.0310256,0.0361856
17.942,-0.4,-0.0306227,-0.0359737
17.944,-0.4,-0.030522,-0.0357638
17.946,-0.4,-0.0304212,-0.0355571
17.948,-0.4,-0.0312271,-0.035352
17.95,-0.4,-0.0310256,-0.0351501
17.952,-0.4,-0.0313278,-0.0349496
17.954,-0.4,-0.0315293,-0.0347514
17.956,-0.4,-0.0307234,-0.0345554
17.958,-0.4,-0.0313278,-0.0343624
17.96,-0.4,-0.0309249,-0.0341709
17.962,-0.4,-0.0311264,-0.0339817
17.964,-0.4,-0.0310256,-0.0337943
17.966,-0.4,-0.030119,-0.0336095
17.968,-0.4,-0.0304212,-0.0334264
17.97,-0.4,-0.0311264,-0.0332448
17.972,-0.4,-0.0312271,-0.0330657
17.974,-0.4,-0.0307234,-0.032889
17.976,-0.4,-0.0307234,-0.0327132
17.978,-0.4,-0.0302198,-0.0325397
17.98,-0.4,-0.0308242,-0.0323683
17.982,-0.4,-0.0308242,-0.032199
17.984,-0.4,-0.0308242,-0.0320306
17.986,-0.4,-0.0304212,-0.0318641
17.988,-0.4,-0.0314286,-0.0316999
17.99,-0.4,-0.0309249,-0.0315363
17.992,-0.4,-0.0306227,-0.0313753
17.994,-0.4,-0.0309249,-0.0312158
17.996,-0.4,-0.0310256,-0.0310576
17.998,-0.4,-0.0309249,-0.0309009
18,-0.3,-0.0307234,-0.0307465
18.002,-0.3,-0.0171245,-0.030593
18.004,-0.3,-0.0166209,-0.030441
18.006,-0.3,-0.0167216,-0.0302912
18.008,-0.3,-0.0174267,-0.0301421
18.01,-0.3,-0.0162179,-0.0299946
18.012,-0.3,-0.0170238,-0.0298492
18.014,-0.3,-0.0169231,-0.0297045
18.016,-0.3,-0.0154121,-0.0295615
18.018,-0.3,-0.0169231,-0.0294195
18.02,-0.3,-0.0163187,-0.0292794
18.022,-0.3,-0.0166209,-0.0291402
18.024,-0.3,-0.0175275,-0.0290023
18.026,-0.3,-0.0163187,-0.0288663
18.028,-0.3,-0.0168223,-0.0287309
18.03,-0.3,-0.0171245,-0.0285974
18.032,-0.3,-0.0172253,-0.0284642
18.034,-0.3,-0.0169231,0.0283328
18.036,-0.3,-0.0162179,0.0282032
18.038,-0.3,-0.0165201,0.0280736
18.04,-0.3,-0.0162179,0.0279458
18.042,-0.3,-0.0172253,0.0278188
18.044,-0.3,-0.0168223,0.0276934
18.046,-0.3,-0.0167216,0.027569
18.048,-0.3,-0.0178297,0.0274457
18.05,-0.3,-0.0169231,0.0273235
18.052,-0.3,-0.0168223,0.0272021
18.054,-0.3,-0.0175275,0.0828881
18.056,-0.3,-0.0174267,0.0828881
18.058,-0.3,-0.0177289,0.0828881
18.06,-0.3,-0.0178297,0.0828881
18.062,-0.3,-0.0172253,0.0828881
18.064,-0.3,-0.0177289,0.0828881
18.066,-0.3,-0.0177289,0.0828881
18.068,-0.3,-0.0185348,0.0828881
18.07,-0.3,-0.0168223,0.0828881
18.072,-0.3,-0.0175275,0.0828881
18.074,-0.3,-0.0180311,0.0828881
18.076,-0.3,-0.0169231,0.0828881
18.078,-0.3,-0.0176282,0.0828881
18.08,-0.3,-0.0177289,0.0828881
18.082,-0.3,-0.0171245,0.0828881
18.084,-0.3,-0.0176282,0.0828881
18.086,-0.3,-0.017326,0.0828881
18.088,-0.3,-0.0165201,0.0828881
18.09,-0.3,-0.0177289,0.0828881
18.092,-0.3,-0.017326,0.0828881
18.094,-0.3,-0.0180311,0.0828881
18.096,-0.3,-0.0179304,0.0828881
18.098,-0.3,-0.0174267,0.0828881
18.1,-0.3,-0.017326,0.0828881
18.102,-0.3,-0.0172253,0.0828881
18.104,-0.3,-0.0176282,0.0828881
18.106,-0.3,-0.0176282,0.0828881
18.108,-0.3,-0.017326,0.0326393
18.11,-0.3,-0.0178297,0.0326393
18.112,-0.3,-0.0178297,0.0326393
18.114,-0.3,-0.0174267,0.0326393
18.116,-0.3,-0.0175275,0.0326393
18.118,-0.3,-0.0177289,0.0326393
18.12,-0.3,-0.0184341,0.0326393
18.122,-0.3,-0.0178297,0.0326393
18.124,-0.3,-0.0180311,0.0326393
18.126,-0.3,-0.017326,0.0326393
18.128,-0.3,-0.0175275,0.0326393
18.13,-0.3,-0.0171245,0.0326393
18.132,-0.3,-0.0172253,0.0326393
18.134,-0.3,-0.0178297,0.0326393
18.136,-0.3,-0.0181319,0.0326393
18.138,-0.3,-0.0184341,0.0326393
18.14,-0.3,-0.0172253,0.0326393
18.142,-0.3,-0.0177289,0.0326393
18.144,-0.3,-0.0175275,0.0326393
18.146,-0.3,-0.0180311,0.0326393
18.148,-0.3,-0.017326,0.0326393
18.15,-0.3,-0.0175275,0.0326393
18.152,-0.3,-0.0177289,0.0326393
18.154,-0.3,-0.0182326,0.258307
18.156,-0.3,-0.017326,0.258307
18.158,-0.3,-0.0166209,0.258307
18.16,-0.3,-0.0176282,0.258307
18.162,-0.3,-0.0179304,0.258307
18.164,-0.3,-0.0181319,0.258307
18.166,-0.3,-0.0172253,0.258307
18.168,-0.3,-0.0167216,0.258307
18.17,-0.3,-0.017326,0.258307
18.172,-0.3,-0.0175275,0.258307
18.174,-0.3,-0.0175275,0.258307
18.176,-0.3,-0.017326,0.258307
18.178,-0.3,-0.0177289,0.258307
18.18,-0.3,-0.017326,0.258307
18.182,-0.3,-0.0180311,0.258307
18.184,-0.3,-0.0174267,0.258307
18.186,-0.3,-0.0170238,0.258307
18.188,-0.3,-0.0175275,0.258307
18.19,-0.3,-0.017326,0.258307
18.192,-0.3,-0.0196429,0.258307
18.194,-0.3,-0.0174267,0.258307
18.196,-0.3,-0.0176282,0.258307
18.198,-0.3,-0.0181319,0.258307
18.2,-0.3,-0.0180311,0.258307
18.202,-0.3,-0.0169231,0.254486
18.204,-0.3,-0.0176282,0.244357
18.206,-0.3,-0.0165201,0.23502
18.208,-0.3,-0.0168223,0.24684
18.21,-0.3,-0.0182326,0.24684
18.212,-0.3,-0.0171245,0.24684
18.214,-0.3,-0.0172253,0.24684
18.216,-0.3,-0.0167216,0.24684
18.218,-0.3,-0.0180311,0.24684
18.22,-0.3,-0.0176282,0.24684
18.222,-0.3,-0.0174267,0.24684
18.224,-0.3,-0.0177289,0.24684
18.226,-0.3,-0.0175275,0.24684
18.228,-0.3,-0.0185348,0.24684
18.23,-0.3,-0.0177289,0.24684
18.232,-0.3,-0.0178297,0.24684
18.234,-0.3,-0.0182326,0.24684
18.236,-0.3,-0.0179304,0.24684
18.238,-0.3,-0.0177289,0.24684
18.24,-0.3,-0.0176282,0.24684
18.242,-0.3,-0.0185348,0.24684
18.244,-0.3,-0.0175275,0.24684
18.246,-0.3,-0.0174267,0.24684
18.248,-0.3,-0.0166209,0.24684
18.25,-0.3,-0.0171245,0.24684
18.252,-0.3,-0.0185348,0.24684
18.254,-0.3,-0.0180311,0.24684
18.256,-0.3,-0.0171245,0.24684
18.258,-0.3,-0.0168223,0.23915
18.26,-0.3,-0.0149084,0.230145
18.262,-0.3,-0.0167216,0.221825
18.264,-0.3,-0.017326,0.220078
18.266,-0.3,-0.0178297,0.220078
18.268,-0.3,-0.0171245,0.220078
18.27,-0.3,-0.0174267,0.220078
18.272,-0.3,-0.0179304,0.220078
18.274,-0.3,-0.0171245,0.220078
18.276,-0.3,-0.0184341,0.220078
18.278,-0.3,-0.0167216,0.220078
18.28,-0.3,-0.0178297,0.220078
18.282,-0.3,-0.017326,0.220078
18.284,-0.3,-0.0174267,0.220078
18.286,-0.3,-0.0174267,0.220078
18.288,-0.3,-0.0184341,0.220078
18.29,-0.3,-0.0180311,0.220078
18.292,-0.3,-0.0178297,0.220078
18.294,-0.3,-0.017326,0.220078
18.296,-0.3,-0.0176282,0.220078
18.298,-0.3,-0.0178297,0.220078
18.3,-0.3,-0.0175275,0.220078
18.302,-0.3,-0.0165201,0.220078
18.304,-0.3,-0.0168223,0.220078
18.306,-0.3,-0.0176282,0.220078
18.308,-0.3,-0.0175275,0.220078
18.31,-0.3,-0.0180311,0.220078
18.312,-0.3,-0.0180311,0.220078
18.314,-0.3,-0.0175275,0.223308
18.316,-0.3,-0.0177289,0.223308
18.318,-0.3,-0.017326,0.223308
18.32,-0.3,-0.0196429,0.223308
18.322,-0.3,-0.0177289,0.223308
18.324,-0.3,-0.0185348,0.223308
18.326,-0.3,-0.0187363,0.223308
18.328,-0.3,-0.0178297,0.223308
18.33,-0.3,-0.0179304,0.223308
18.332,-0.3,-0.0184341,0.223308
18.334,-0.3,-0.0184341,0.223308
18.336,-0.3,-0.0187363,0.223308
18.338,-0.3,-0.017326,0.223308
18.34,-0.3,-0.0177289,0.223308
18.342,-0.3,-0.0179304,0.223308
18.344,-0.3,-0.0187363,0.223308
18.346,-0.3,-0.0175275,0.223308
18.348,-0.3,-0.017326,0.223308
18.35,-0.3,-0.0191392,0.223308
18.352,-0.3,-0.0183333,0.223308
18.354,-0.3,-0.0183333,0.278498
18.356,-0.3,-0.0176282,0.278498
18.358,-0.3,-0.0183333,0.278498
18.36,-0.3,-0.0190385,0.278498
18.362,-0.3,-0.0183333,0.278498
18.364,-0.3,-0.0180311,0.278498
18.366,-0.3,-0.0180311,0.278498
18.368,-0.3,-0.0185348,0.278498
18.37,-0.3,-0.0189377,0.278498
18.372,-0.3,-0.0183333,0.278498
18.374,-0.3,-0.0189377,0.278498
18.376,-0.3,-0.018837,0.278498
18.378,-0.3,-0.0186355,0.278498
18.38,-0.3,-0.0177289,0.278498
18.382,-0.3,-0.0172253,0.278498
18.384,-0.3,-0.0186355,0.278498
18.386,-0.3,-0.0184341,0.278498
18.388,-0.3,-0.0184341,0.337416
18.39,-0.3,-0.0195421,0.337416
18.392,-0.3,-0.0181319,0.337416
18.394,-0.3,-0.0177289,0.337416
18.396,-0.3,-0.0184341,0.337416
18.398,-0.3,-0.0180311,0.337416
18.4,-0.3,-0.0183333,0.337416
18.402,-0.3,-0.0181319,0.337416
18.404,-0.3,-0.0187363,0.337416
18.406,-0.3,-0.0175275,0.337416
18.408,-0.3,-0.0193407,0.337416
18.41,-0.3,-0.0180311,0.337416
18.412,-0.3,-0.0183333,0.337416
18.414,-0.3,-0.0180311,0.337416
18.416,-0.3,-0.0175275,0.337416
18.418,-0.3,-0.0185348,0.391449
18.42,-0.3,-0.0175275,0.391449
18.422,-0.3,-0.0172253,0.391449
18.424,-0.3,-0.0175275,0.391449
18.426,-0.3,-0.0183333,0.391449
18.428,-0.3,-0.0189377,0.391449
18.43,-0.3,-0.0185348,0.391449
18.432,-0.3,-0.0175275,0.391449
18.434,-0.3,-0.0179304,0.391449
18.436,-0.3,-0.0175275,0.391449
18.438,-0.3,-0.0186355,0.391449
18.44,-0.3,-0.0187363,0.391449
18.442,-0.3,-0.0186355,0.391449
18.444,-0.3,-0.0180311,0.391449
18.446,-0.3,-0.0185348,0.425134
18.448,-0.3,-0.0175275,0.425134
18.45,-0.3,-0.0184341,0.425134
18.452,-0.3,-0.0189377,0.425134
18.454,-0.3,-0.0182326,0.425134
18.456,-0.3,-0.0177289,0.425134
18.458,-0.3,-0.0181319,0.425134
18.46,-0.3,-0.0181319,0.425134
18.462,-0.3,-0.0177289,0.425134
18.464,-0.3,-0.0178297,0.425134
18.466,-0.3,-0.0174267,0.425134
18.468,-0.3,-0.0183333,0.425134
18.47,-0.3,-0.0190385,0.425134
18.472,-0.3,-0.0202473,0.425134
18.474,-0.3,-0.0187363,0.438275
18.476,-0.3,-0.0204487,0.438275
18.478,-0.3,-0.0204487,0.438275
18.48,-0.3,-0.0207509,0.438275
18.482,-0.3,-0.0196429,0.438275
18.484,-0.3,-0.0194414,0.438275
18.486,-0.3,-0.0192399,0.438275
18.488,-0.3,-0.0196429,0.438275
18.49,-0.3,-0.018837,0.438275
18.492,-0.3,-0.0184341,0.438275
18.494,-0.3,-0.0181319,0.438275
18.496,-0.3,-0.0190385,0.438275
18.498,-0.3,-0.0178297,0.438275
18.5,-0.3,-0.0190385,0.438275
18.502,-0.3,-0.0180311,0.432349
18.504,-0.3,-0.0184341,0.425918
18.506,-0.3,-0.0184341,0.425918
18.508,-0.3,-0.0181319,0.425918
18.51,-0.3,-0.0185348,0.425918
18.512,-0.3,-0.0186355,0.425918
18.514,-0.3,-0.0187363,0.425918
18.516,-0.3,-0.0172253,0.425918
18.518,-0.3,-0.0176282,0.425918
18.52,-0.3,-0.0180311,0.425918
18.522,-0.3,-0.0178297,0.425918
18.524,-0.3,-0.018837,0.425918
18.526,-0.3,-0.0179304,0.425918
18.528,-0.3,-0.0176282,0.425918
18.53,-0.3,-0.0176282,0.425918
18.532,-0.3,-0.0181319,0.425918
18.534,-0.3,-0.0182326,0.408239
18.536,-0.3,-0.0183333,0.382722
18.538,-0.3,-0.0169231,0.36026
18.54,-0.3,-0.0180311,0.340336
18.542,-0.3,-0.0180311,0.373056
18.544,-0.3,-0.0179304,0.373056
18.546,-0.3,-0.0170238,0.373056
18.548,-0.3,-0.0176282,0.373056
18.55,-0.3,-0.0170238,0.373056
18.552,-0.3,-0.0177289,0.373056
18.554,-0.3,-0.0174267,0.373056
18.556,-0.3,-0.0187363,0.373056
18.558,-0.3,-0.0175275,0.373056
18.56,-0.3,-0.0183333,0.373056
18.562,-0.3,-0.0172253,0.373056
18.564,-0.3,-0.0175275,0.373056
18.566,-0.3,-0.0168223,0.373056
18.568,-0.3,-0.0175275,0.373056
18.57,-0.3,-0.0172253,0.373056
18.572,-0.3,-0.0174267,0.373056
18.574,-0.3,-0.0172253,0.36466
18.576,-0.3,-0.0174267,0.344215
18.578,-0.3,-0.0179304,0.325972
18.58,-0.3,-0.0170238,0.309506
18.582,-0.3,-0.0170238,0.294704
18.584,-0.3,-0.0179304,0.281132
18.586,-0.3,-0.0172253,0.268826
18.588,-0.3,-0.0179304,0.257542
18.59,-0.3,-0.0180311,0.24719
18.592,-0.3,-0.0182326,0.237618
18.594,-0.3,-0.0183333,0.284209
18.596,-0.3,-0.0174267,0.284209
18.598,-0.3,-0.018837,0.284209
18.6,-0.3,-0.0175275,0.284209
18.602,-0.3,-0.0176282,0.284209
18.604,-0.3,-0.017326,0.284209
18.606,-0.3,-0.0168223,0.284209
18.608,-0.3,-0.0177289,0.284209
18.61,-0.3,-0.0178297,0.284209
18.612,-0.3,-0.0170238,0.284209
18.614,-0.3,-0.0171245,0.284209
18.616,-0.3,-0.0172253,0.284209
18.618,-0.3,-0.0181319,0.284209
18.62,-0.3,-0.0165201,0.284209
18.622,-0.3,-0.0185348,0.284209
18.624,-0.3,-0.0178297,0.284209
18.626,-0.3,-0.017326,0.284209
18.628,-0.3,-0.0172253,0.284209
18.63,-0.3,-0.0169231,0.284209
18.632,-0.3,-0.0164194,0.284209
18.634,-0.3,-0.0165201,0.284209
18.636,-0.3,-0.017326,0.284209
18.638,-0.3,-0.0177289,0.273238
18.64,-0.3,-0.0169231,0.261594
18.642,-0.3,-0.0177289,0.250905
18.644,-0.3,-0.0170238,0.241048
18.646,-0.3,-0.0170238,0.231941
18.648,-0.3,-0.0186355,0.223461
18.65,-0.3,-0.0176282,0.215611
18.652,-0.3,-0.0169231,0.208309
18.654,-0.3,-0.017326,0.201467
18.656,-0.3,-0.0166209,0.195065
18.658,-0.3,-0.0176282,0.189058
18.66,-0.3,-0.0181319,0.183385
18.662,-0.3,-0.0176282,0.178089
18.664,-0.3,-0.0170238,0.173048
18.666,-0.3,-0.0167216,0.168302
18.668,-0.3,-0.0169231,0.163819
18.67,-0.3,-0.0169231,0.159554
18.672,-0.3,-0.0178297,0.155512
18.674,-0.3,-0.0167216,0.15166
18.676,-0.3,-0.0176282,0.148013
18.678,-0.3,-0.0170238,0.144519
18.68,-0.3,-0.0169231,0.141194
18.682,-0.3,-0.0167216,0.138015
18.684,-0.3,-0.0174267,0.134986
18.686,-0.3,-0.0165201,0.13208
18.688,-0.3,-0.017326,0.129298
18.69,-0.3,-0.0181319,0.173512
18.692,-0.3,-0.0170238,0.173512
18.694,-0.3,-0.0164194,0.173512
18.696,-0.3,-0.0170238,0.173512
18.698,-0.3,-0.0174267,0.173512
18.7,-0.3,-0.0164194,0.173512
18.702,-0.3,-0.0168223,0.173512
18.704,-0.3,-0.0165201,0.173512
18.706,-0.3,-0.0172253,0.173512
18.708,-0.3,-0.017326,0.173512
18.71,-0.3,-0.0178297,0.173512
18.712,-0.3,-0.0175275,0.173512
18.714,-0.3,-0.0162179,0.173512
18.716,-0.3,-0.0174267,0.173512
18.718,-0.3,-0.0171245,0.173512
18.72,-0.3,-0.017326,0.173512
18.722,-0.3,-0.0177289,0.173512
18.724,-0.3,-0.0163187,0.173512
18.726,-0.3,-0.0175275,0.173512
18.728,-0.3,-0.0169231,0.173512
18.73,-0.3,-0.0165201,0.173512
18.732,-0.3,-0.0167216,0.173512
18.734,-0.3,-0.0167216,0.173512
18.736,-0.3,-0.0160165,0.173512
18.738,-0.3,-0.0177289,0.173512
18.74,-0.3,-0.0170238,0.173512
18.742,-0.3,-0.0177289,0.173512
18.744,-0.3,-0.0171245,0.173512
18.746,-0.3,-0.0167216,0.173512
18.748,-0.3,-0.017326,0.173512
18.75,-0.3,-0.0165201,0.173512
18.752,-0.3,-0.0166209,0.173512
18.754,-0.3,-0.0175275,0.173512
18.756,-0.3,-0.0172253,0.173512
18.758,-0.3,-0.017326,0.173512
18.76,-0.3,-0.0179304,0.173512
18.762,-0.3,-0.0170238,0.170081
18.764,-0.3,-0.0170238,0.165477
18.766,-0.3,-0.0183333,0.161139
18.768,-0.3,-0.0176282,0.157026
18.77,-0.3,-0.0181319,0.153107
18.772,-0.3,-0.0175275,0.149364
18.774,-0.3,-0.0175275,0.145814
18.776,-0.3,-0.0178297,0.142435
18.778,-0.3,-0.0171245,0.139206
18.78,-0.3,-0.0164194,0.136117
18.782,-0.3,-0.0170238,0.133164
18.784,-0.3,-0.0174267,0.130342
18.786,-0.3,-0.0174267,0.127619
18.788,-0.3,-0.0172253,0.125022
18.79,-0.3,-0.0168223,0.122528
18.792,-0.3,-0.0172253,0.120132
18.794,-0.3,-0.0172253,0.117822
18.796,-0.3,-0.017326,0.115603
18.798,-0.3,-0.0170238,0.113467
18.8,-0.3,-0.0181319,0.106765
18.802,-0.3,-0.0176282,0.106765
18.804,-0.3,-0.0167216,0.106765
18.806,-0.3,-0.0165201,0.106765
18.808,-0.3,-0.0167216,0.106765
18.81,-0.3,-0.0175275,0.106765
18.812,-0.3,-0.0172253,0.106765
18.814,-0.3,-0.0177289,0.106765
18.816,-0.3,-0.0171245,0.106765
18.818,-0.3,-0.0162179,0.106765
18.82,-0.3,-0.017326,0.106765
18.822,-0.3,-0.0177289,0.106765
18.824,-0.3,-0.0169231,0.106765
18.826,-0.3,-0.0177289,0.106765
18.828,-0.3,-0.0169231,0.106765
18.83,-0.3,-0.0167216,0.106765
18.832,-0.3,-0.0169231,0.106765
18.834,-0.3,-0.0171245,0.106765
18.836,-0.3,-0.0177289,0.106765
18.838,-0.3,-0.0174267,0.106765
18.84,-0.3,-0.0171245,0.106765
18.842,-0.3,-0.017326,0.106765
18.844,-0.3,-0.0171245,0.106765
18.846,-0.3,-0.0177289,0.106765
18.848,-0.3,-0.0175275,0.106765
18.85,-0.3,-0.0166209,0.106765
18.852,-0.3,-0.0176282,0.106765
18.854,-0.3,-0.0175275,0.106765
18.856,-0.3,-0.0171245,0.106765
18.858,-0.3,-0.0174267,0.106765
18.86,-0.3,-0.0174267,0.106765
18.862,-0.3,-0.017326,0.106765
18.864,-0.3,-0.0164194,0.106765
18.866,-0.3,-0.0160165,0.106765
18.868,-0.3,-0.0171245,0.106765
18.87,-0.3,-0.0170238,0.106765
18.872,-0.3,-0.0172253,0.106765
18.874,-0.3,-0.015815,0.106765
18.876,-0.3,-0.0157143,0.106765
18.878,-0.3,-0.0170238,0.106765
18.88,-0.3,-0.0177289,0.106765
18.882,-0.3,-0.0169231,0.106765
18.884,-0.3,-0.0162179,0.106765
18.886,-0.3,-0.0166209,0.106765
18.888,-0.3,-0.0169231,0.106765
18.89,-0.3,-0.0167216,0.106765
18.892,-0.3,-0.0166209,0.106765
18.894,-0.3,-0.0166209,0.106765
18.896,-0.3,-0.0168223,0.106765
18.898,-0.3,-0.0159158,0.106765
18.9,-0.3,-0.0175275,0.106765
18.902,-0.3,-0.0160165,0.106765
18.904,-0.3,-0.0169231,0.106765
18.906,-0.3,-0.0152106,0.106765
18.908,-0.3,-0.0161172,0.106765
18.91,-0.3,-0.0160165,0.106765
18.912,-0.3,-0.0169231,0.106765
18.914,-0.3,-0.0165201,0.10673
18.916,-0.3,-0.0166209,0.104911
18.918,-0.3,-0.0163187,0.103146
18.92,-0.3,-0.0171245,0.101438
18.922,-0.3,-0.0154121,0.0997937
18.924,-0.3,-0.0164194,0.0981902
18.926,-0.3,-0.0164194,0.0966487
18.928,-0.3,-0.0151099,0.0951482
18.93,-0.3,-0.0171245,0.0936938
18.932,-0.3,-0.0171245,0.0922886
18.934,-0.3,-0.0165201,0.0909197
18.936,-0.3,-0.0166209,0.0895906
18.938,-0.3,-0.0175275,0.0883055
18.94,-0.3,-0.0160165,0.0870512
18.942,-0.3,-0.0171245,0.0858316
18.944,-0.3,-0.0169231,0.0846482
18.946,-0.3,-0.0163187,0.0834979
18.948,-0.3,-0.0160165,0.0823756
18.95,-0.3,-0.0171245,0.0812852
18.952,-0.3,-0.0163187,0.0802187
18.954,-0.3,-0.0172253,0.0791868
18.956,-0.3,-0.0168223,0.0781768
18.958,-0.3,-0.0171245,0.0771921
18.96,-0.3,-0.0168223,0.0762319
18.962,-0.3,-0.0163187,0.0752991
18.964,-0.3,-0.0169231,0.0743892
18.966,-0.3,-0.0174267,0.0734946
18.968,-0.3,-0.0164194,0.0726238
18.97,-0.3,-0.0154121,0.0717733
18.972,-0.3,-0.0166209,0.0709457
18.974,-0.3,-0.0165201,0.0701339
18.976,-0.3,-0.0149084,0.0693419
18.978,-0.3,-0.0171245,0.068566
18.98,-0.3,-0.0171245,0.0678096
18.982,-0.3,-0.0176282,0.0670671
18.984,-0.3,-0.0159158,0.0663444
18.986,-0.3,-0.0159158,0.0656322
18.988,-0.3,-0.0160165,0.0649397
18.99,-0.3,-0.0164194,0.0642577
18.992,-0.3,-0.015815,-0.0635912
18.994,-0.3,-0.0161172,-0.0629399
18.996,-0.3,-0.0172253,-0.0623035
18.998,-0.3,-0.0162179,-0.0616738
19,-0.2,-0.017326,-0.0610611
19.002,-0.2,0.00040293,-0.06046
19.004,-0.2,-0.00040293,-0.0598685
19.006,-0.2,-0.000503663,-0.059291
19.008,-0.2,0,-0.0587244
19.01,-0.2,0.000604396,-0.0581661
19.012,-0.2,-0.000302198,-0.0576227
19.014,-0.2,0,-0.0570851
19.016,-0.2,0,-0.0565574
19.018,-0.2,0.000100733,-0.0560422
19.02,-0.2,-0.000805861,-0.0555356
19.022,-0.2,-0.000705128,-0.0550375
19.024,-0.2,-0.000604396,-0.0545478
19.026,-0.2,-0.00040293,-0.0540675
19.028,-0.2,-0.000805861,0.0535963
19.03,-0.2,-0.000604396,0.0531304
19.032,-0.2,0.000100733,0.0526751
19.034,-0.2,0,0.0522251
19.036,-0.2,0.000100733,0.0517855
19.038,-0.2,-0.000604396,0.0513516
19.04,-0.2,-0.000201465,0.0509249
19.042,-0.2,-0.000302198,0.0505072
19.044,-0.2,-0.000302198,0.0500933
19.046,-0.2,-0.000805861,0.0496886
19.048,-0.2,-0.000604396,0.04929
19.05,-0.2,-0.00040293,0.0488964
19.052,-0.2,-0.000302198,0.0485093
19.054,-0.2,-0.000604396,0.048129
19.056,-0.2,-0.00110806,0.0477552
19.058,-0.2,-0.000805861,0.0473865
19.06,-0.2,0,0.0470246
19.062,-0.2,-0.000503663,0.0466645
19.064,-0.2,-0.000705128,0.0463135
19.066,-0.2,-0.000705128,0.0459666
19.068,-0.2,-0.000705128,0.0456249
19.07,-0.2,-0.000705128,0.0452883
19.072,-0.2,-0.000100733,0.0449557
19.074,-0.2,-0.00110806,0.0413428
19.076,-0.2,-0.000805861,0.0413428
19.078,-0.2,-0.000201465,0.0413428
19.08,-0.2,0,0.0413428
19.082,-0.2,-0.00110806,0.0413428
19.084,-0.2,-0.00130952,0.0413428
19.086,-0.2,-0.000604396,0.0413428
19.088,-0.2,-0.00040293,0.0413428
19.09,-0.2,0,0.0413428
19.092,-0.2,-0.00110806,0.0413428
19.094,-0.2,-0.000100733,0.0413428
19.096,-0.2,-0.000705128,0.0413428
19.098,-0.2,-0.000805861,0.0413428
19.1,-0.2,0.00040293,0.0413428
19.102,-0.2,-0.00110806,0.0413428
19.104,-0.2,-0.00100733,0.0413428
19.106,-0.2,-0.000604396,0.0413428
19.108,-0.2,-0.00110806,0.0413428
19.11,-0.2,-0.000805861,0.0413428
19.112,-0.2,-0.000503663,0.0413428
19.114,-0.2,-0.000201465,0.0413428
19.116,-0.2,-0.000302198,0.251769
19.118,-0.2,-0.000705128,0.251769
19.12,-0.2,-0.000201465,0.251769
19.122,-0.2,-0.000604396,0.251769
19.124,-0.2,-0.00040293,0.251769
19.126,-0.2,-0.000302198,0.251769
19.128,-0.2,-0.000302198,0.251769
19.13,-0.2,-0.00100733,0.251769
19.132,-0.2,-0.000503663,0.251769
19.134,-0.2,-0.000906593,0.251769
19.136,-0.2,-0.00130952,0.251769
19.138,-0.2,-0.000906593,0.251769
19.14,-0.2,-0.000503663,0.251769
19.142,-0.2,-0.00141026,0.251769
19.144,-0.2,-0.000705128,0.251769
19.146,-0.2,-0.000805861,0.251769
19.148,-0.2,-0.000805861,0.251769
19.15,-0.2,-0.000805861,0.251769
19.152,-0.2,-0.000805861,0.251769
19.154,-0.2,-0.000604396,0.315309
19.156,-0.2,-0.00110806,0.315309
19.158,-0.2,-0.00100733,0.315309
19.16,-0.2,-0.00120879,0.315309
19.162,-0.2,-0.000805861,0.315309
19.164,-0.2,-0.000503663,0.315309
19.166,-0.2,-0.000100733,0.315309
19.168,-0.2,-0.00040293,0.315309
19.17,-0.2,-0.000100733,0.315309
19.172,-0.2,-0.000100733,0.315309
19.174,-0.2,-0.000201465,0.315309
19.176,-0.2,-0.000100733,0.315309
19.178,-0.2,0,0.315309
19.18,-0.2,-0.000705128,0.315309
19.182,-0.2,-0.00100733,0.315309
19.184,-0.2,-0.00040293,0.315309
19.186,-0.2,-0.000604396,0.315309
19.188,-0.2,-0.000705128,0.315309
19.19,-0.2,-0.00110806,0.315309
19.192,-0.2,-0.000503663,0.327722
19.194,-0.2,-0.000302198,0.327722
19.196,-0.2,-0.000604396,0.327722
19.198,-0.2,-0.000705128,0.327722
19.2,-0.2,-0.00040293,0.327722
19.202,-0.2,0,0.327722
19.204,-0.2,-0.00040293,0.327722
19.206,-0.2,-0.00040293,0.327722
19.208,-0.2,-0.000705128,0.327722
19.21,-0.2,-0.000302198,0.327722
19.212,-0.2,-0.000503663,0.327722
19.214,-0.2,0,0.327722
19.216,-0.2,-0.00040293,0.327722
19.218,-0.2,-0.000302198,0.327722
19.22,-0.2,-0.000503663,0.327722
19.222,-0.2,-0.000805861,0.327722
19.224,-0.2,-0.000604396,0.327722
19.226,-0.2,-0.000604396,0.327722
19.228,-0.2,-0.000201465,0.327722
19.23,-0.2,-0.000705128,0.322923
19.232,-0.2,-0.00130952,0.306812
19.234,-0.2,-0.000503663,0.292162
19.236,-0.2,-0.000201465,0.278913
19.238,-0.2,-0.000503663,0.287997
19.24,-0.2,-0.000604396,0.287997
19.242,-0.2,-0.000201465,0.287997
19.244,-0.2,-0.000503663,0.287997
19.246,-0.2,-0.000705128,0.287997
19.248,-0.2,-0.000302198,0.287997
19.25,-0.2,-0.000503663,0.287997
19.252,-0.2,-0.000805861,0.287997
19.254,-0.2,-0.00100733,0.287997
19.256,-0.2,-0.00120879,0.287997
19.258,-0.2,-0.00040293,0.287997
19.26,-0.2,-0.000100733,0.287997
19.262,-0.2,-0.000302198,0.287997
19.264,-0.2,-0.000604396,0.287997
19.266,-0.2,-0.000604396,0.287997
19.268,-0.2,-0.00100733,0.287997
19.27,-0.2,0.000100733,0.287997
19.272,-0.2,-0.000201465,0.287997
19.274,-0.2,-0.00040293,0.287997
19.276,-0.2,-0.00100733,0.287997
19.278,-0.2,-0.000302198,0.287997
19.28,-0.2,-0.000805861,0.278182
19.282,-0.2,0.000100733,0.278182
19.284,-0.2,-0.000503663,0.278182
19.286,-0.2,-0.00040293,0.278182
19.288,-0.2,-0.00040293,0.278182
19.29,-0.2,-0.000906593,0.278182
19.292,-0.2,-0.000503663,0.278182
19.294,-0.2,-0.000503663,0.278182
19.296,-0.2,-0.000705128,0.278182
19.298,-0.2,-0.000100733,0.278182
19.3,-0.2,-0.000805861,0.278182
19.302,-0.2,-0.00040293,0.278182
19.304,-0.2,-0.000302198,0.278182
19.306,-0.2,-0.00110806,0.278182
19.308,-0.2,-0.000906593,0.278182
19.31,-0.2,-0.00100733,0.278182
19.312,-0.2,-0.000604396,0.278182
19.314,-0.2,-0.000503663,0.278182
19.316,-0.2,-0.00110806,0.278182
19.318,-0.2,-0.000503663,0.278182
19.32,-0.2,-0.00110806,0.293033
19.322,-0.2,-0.000302198,0.293033
19.324,-0.2,-0.000201465,0.293033
19.326,-0.2,-0.00040293,0.293033
19.328,-0.2,-0.000906593,0.293033
19.33,-0.2,-0.000302198,0.293033
19.332,-0.2,-0.000705128,0.293033
19.334,-0.2,-0.000302198,0.293033
19.336,-0.2,-0.00040293,0.293033
19.338,-0.2,-0.00110806,0.293033
19.34,-0.2,-0.000805861,0.293033
19.342,-0.2,-0.000604396,0.293033
19.344,-0.2,-0.000906593,0.293033
19.346,-0.2,-0.00100733,0.293033
19.348,-0.2,-0.000906593,0.293033
19.35,-0.2,-0.00100733,0.293033
19.352,-0.2,-0.000705128,0.348038
19.354,-0.2,-0.000100733,0.348038
19.356,-0.2,-0.00110806,0.348038
19.358,-0.2,-0.00100733,0.348038
19.36,-0.2,-0.00130952,0.348038
19.362,-0.2,-0.00040293,0.348038
19.364,-0.2,-0.000805861,0.348038
19.366,-0.2,-0.000604396,0.348038
19.368,-0.2,-0.00110806,0.348038
19.37,-0.2,-0.00120879,0.348038
19.372,-0.2,-0.00130952,0.348038
19.374,-0.2,-0.00110806,0.348038
19.376,-0.2,-0.000805861,0.348038
19.378,-0.2,-0.000705128,0.426152
19.38,-0.2,-0.000906593,0.426152
19.382,-0.2,-0.00151099,0.426152
19.384,-0.2,-0.000805861,0.426152
19.386,-0.2,-0.00040293,0.426152
19.388,-0.2,-0.00100733,0.426152
19.39,-0.2,-0.00110806,0.426152
19.392,-0.2,-0.000906593,0.426152
19.394,-0.2,-0.00130952,0.426152
19.396,-0.2,-0.00130952,0.426152
19.398,-0.2,-0.00100733,0.426152
19.4,-0.2,-0.00130952,0.426152
19.402,-0.2,-0.000805861,0.483372
19.404,-0.2,-0.00171245,0.483372
19.406,-0.2,-0.00161172,0.483372
19.408,-0.2,-0.000906593,0.483372
19.41,-0.2,-0.00100733,0.483372
19.412,-0.2,-0.00171245,0.483372
19.414,-0.2,-0.00141026,0.483372
19.416,-0.2,-0.00161172,0.483372
19.418,-0.2,-0.00110806,0.483372
19.42,-0.2,-0.00130952,0.483372
19.422,-0.2,-0.00151099,0.483372
19.424,-0.2,-0.00110806,0.483372
19.426,-0.2,-0.00110806,0.532004
19.428,-0.2,-0.00151099,0.532004
19.43,-0.2,-0.00120879,0.532004
19.432,-0.2,-0.000906593,0.532004
19.434,-0.2,-0.00171245,0.532004
19.436,-0.2,-0.00110806,0.532004
19.438,-0.2,-0.000705128,0.532004
19.44,-0.2,0,0.532004
19.442,-0.2,-0.00171245,0.532004
19.444,-0.2,-0.00201465,0.532004
19.446,-0.2,-0.00130952,0.572455
19.448,-0.2,-0.000906593,0.572455
19.45,-0.2,-0.00141026,0.572455
19.452,-0.2,-0.00151099,0.572455
19.454,-0.2,-0.00130952,0.572455
19.456,-0.2,-0.00141026,0.572455
19.458,-0.2,-0.00141026,0.572455
19.46,-0.2,-0.00141026,0.572455
19.462,-0.2,-0.00161172,0.572455
19.464,-0.2,-0.000604396,0.572455
19.466,-0.2,-0.00110806,0.594095
19.468,-0.2,-0.00181319,0.594095
19.47,-0.2,-0.000906593,0.594095
19.472,-0.2,-0.000604396,0.594095
19.474,-0.2,-0.00130952,0.594095
19.476,-0.2,-0.000906593,0.594095
19.478,-0.2,-0.000805861,0.594095
19.48,-0.2,-0.00151099,0.594095
19.482,-0.2,-0.000705128,0.594095
19.484,-0.2,-0.00171245,0.594095
19.486,-0.2,-0.00161172,0.594095
19.488,-0.2,-0.00161172,0.596094
19.49,-0.2,-0.00110806,0.596094
19.492,-0.2,-0.00120879,0.596094
19.494,-0.2,-0.00141026,0.596094
19.496,-0.2,-0.00141026,0.596094
19.498,-0.2,-0.00141026,0.596094
19.5,-0.2,-0.000805861,0.596094
19.502,-0.2,-0.00120879,0.596094
19.504,-0.2,-0.00151099,0.596094
19.506,-0.2,-0.00110806,0.596094
19.508,-0.2,-0.00120879,0.594095
19.51,-0.2,-0.00130952,0.594095
19.512,-0.2,-0.000906593,0.594095
19.514,-0.2,-0.000805861,0.594095
19.516,-0.2,-0.00141026,0.594095
19.518,-0.2,-0.00110806,0.594095
19.52,-0.2,-0.00181319,0.594095
19.522,-0.2,-0.00151099,0.594095
19.524,-0.2,-0.00110806,0.594095
19.526,-0.2,-0.000805861,0.594095
19.528,-0.2,-0.00130952,0.589239
19.53,-0.2,-0.00151099,0.578751
19.532,-0.2,-0.000805861,0.578751
19.534,-0.2,-0.00120879,0.578751
19.536,-0.2,-0.000805861,0.578751
19.538,-0.2,-0.00141026,0.578751
19.54,-0.2,-0.00130952,0.578751
19.542,-0.2,-0.000705128,0.578751
19.544,-0.2,-0.00130952,0.578751
19.546,-0.2,-0.000604396,0.578751
19.548,-0.2,-0.00181319,0.578751
19.55,-0.2,-0.00110806,0.578751
19.552,-0.2,-0.000805861,0.531834
19.554,-0.2,-0.00120879,0.54595
19.556,-0.2,-0.00040293,0.54595
19.558,-0.2,-0.00130952,0.54595
19.56,-0.2,-0.00151099,0.54595
19.562,-0.2,-0.00181319,0.54595
19.564,-0.2,-0.00100733,0.54595
19.566,-0.2,-0.00130952,0.54595
19.568,-0.2,-0.00141026,0.54595
19.57,-0.2,-0.00110806,0.54595
19.572,-0.2,-0.00100733,0.54595
19.574,-0.2,-0.000705128,0.54595
19.576,-0.2,-0.00110806,0.513494
19.578,-0.2,-0.000705128,0.503576
19.58,-0.2,-0.00110806,0.503576
19.582,-0.2,-0.000201465,0.503576
19.584,-0.2,-0.00110806,0.503576
19.586,-0.2,-0.00151099,0.503576
19.588,-0.2,-0.000906593,0.503576
19.59,-0.2,-0.000906593,0.503576
19.592,-0.2,-0.000201465,0.503576
19.594,-0.2,-0.00100733,0.503576
19.596,-0.2,-0.00120879,0.503576
19.598,-0.2,-0.000906593,0.503576
19.6,-0.2,-0.00100733,0.503576
19.602,-0.2,-0.000906593,0.503576
19.604,-0.2,-0.00171245,0.467241
19.606,-0.2,-0.00110806,0.434139
19.608,-0.2,-0.000604396,0.452458
19.61,-0.2,-0.00181319,0.452458
19.612,-0.2,-0.000604396,0.452458
19.614,-0.2,-0.000705128,0.452458
19.616,-0.2,-0.000503663,0.452458
19.618,-0.2,-0.00100733,0.452458
19.62,-0.2,-0.00100733,0.452458
19.622,-0.2,-0.00120879,0.452458
19.624,-0.2,-0.00110806,0.452458
19.626,-0.2,-0.00100733,0.452458
19.628,-0.2,-0.00171245,0.452458
19.63,-0.2,-0.000604396,0.452458
19.632,-0.2,-0.00130952,0.452458
19.634,-0.2,-0.00130952,0.444918
19.636,-0.2,-0.00110806,0.41485
19.638,-0.2,-0.000604396,0.388639
19.64,-0.2,-0.000604396,0.397931
19.642,-0.2,0,0.397931
19.644,-0.2,-0.000705128,0.397931
19.646,-0.2,-0.000906593,0.397931
19.648,-0.2,0.000100733,0.397931
19.65,-0.2,-0.000805861,0.397931
19.652,-0.2,-0.00040293,0.397931
19.654,-0.2,-0.000906593,0.397931
19.656,-0.2,-0.000604396,0.397931
19.658,-0.2,-0.00100733,0.397931
19.66,-0.2,-0.000805861,0.397931
19.662,-0.2,-0.000503663,0.397931
19.664,-0.2,-0.00040293,0.397931
19.666,-0.2,-0.000705128,0.397931
19.668,-0.2,-0.00110806,0.397931
19.67,-0.2,-0.000705128,0.397931
19.672,-0.2,-0.000302198,0.379048
19.674,-0.2,-0.000302198,0.357008
19.676,-0.2,-0.00100733,0.33747
19.678,-0.2,-0.000805861,0.319804
19.68,-0.2,-0.00040293,0.303972
19.682,-0.2,-0.000503663,0.33517
19.684,-0.2,-0.00100733,0.33517
19.686,-0.2,-0.000805861,0.33517
19.688,-0.2,0,0.33517
19.69,-0.2,0.000201465,0.33517
19.692,-0.2,0.000302198,0.33517
19.694,-0.2,-0.000201465,0.33517
19.696,-0.2,-0.000100733,0.33517
19.698,-0.2,-0.000906593,0.33517
19.7,-0.2,0.00040293,0.33517
19.702,-0.2,-0.000503663,0.33517
19.704,-0.2,0.000100733,0.33517
19.706,-0.2,-0.000906593,0.33517
19.708,-0.2,-0.000302198,0.33517
19.71,-0.2,-0.000705128,0.33517
19.712,-0.2,-0.00100733,0.33517
19.714,-0.2,-0.00040293,0.33517
19.716,-0.2,0.000201465,0.33517
19.718,-0.2,-0.00040293,0.324528
19.72,-0.2,-0.00040293,0.308265
19.722,-0.2,-0.000906593,0.293525
19.724,-0.2,-0.000705128,0.280099
19.726,-0.2,-0.000302198,0.267874
19.728,-0.2,-0.00100733,0.273749
19.73,-0.2,-0.000705128,0.273749
19.732,-0.2,-0.00040293,0.273749
19.734,-0.2,-0.00040293,0.273749
19.736,-0.2,-0.000100733,0.273749
19.738,-0.2,-0.00040293,0.273749
19.74,-0.2,-0.000604396,0.273749
19.742,-0.2,-0.000805861,0.273749
19.744,-0.2,-0.00120879,0.273749
19.746,-0.2,-0.000604396,0.273749
19.748,-0.2,-0.00100733,0.273749
19.75,-0.2,-0.000604396,0.273749
19.752,-0.2,-0.00040293,0.273749
19.754,-0.2,-0.000503663,0.273749
19.756,-0.2,-0.000705128,0.273749
19.758,-0.2,0,0.273749
19.76,-0.2,-0.000503663,0.273749
19.762,-0.2,-0.000705128,0.273749
19.764,-0.2,-0.000906593,0.273749
19.766,-0.2,-0.000805861,0.273749
19.768,-0.2,-0.000503663,0.273749
19.77,-0.2,0.000100733,0.273749
19.772,-0.2,-0.000805861,0.273046
19.774,-0.2,-0.00100733,0.261807
19.776,-0.2,-0.00040293,0.261807
19.778,-0.2,-0.000805861,0.261807
19.78,-0.2,-0.000302198,0.261807
19.782,-0.2,-0.000503663,0.261807
19.784,-0.2,-0.000503663,0.261807
19.786,-0.2,-0.00040293,0.261807
19.788,-0.2,-0.000604396,0.261807
19.79,-0.2,-0.000604396,0.261807
19.792,-0.2,-0.000604396,0.261807
19.794,-0.2,-0.000503663,0.261807
19.796,-0.2,0,0.261807
19.798,-0.2,-0.000503663,0.261807
19.8,-0.2,-0.000302198,0.261807
19.802,-0.2,-0.00040293,0.261807
19.804,-0.2,-0.00100733,0.261807
19.806,-0.2,-0.00120879,0.261807
19.808,-0.2,-0.000604396,0.261807
19.81,-0.2,-0.00100733,0.261807
19.812,-0.2,-0.000503663,0.261807
19.814,-0.2,-0.000503663,0.261807
19.816,-0.2,-0.000805861,0.261807
19.818,-0.2,-0.000201465,0.271488
19.82,-0.2,-0.000302198,0.271488
19.822,-0.2,0,0.271488
19.824,-0.2,-0.000805861,0.271488
19.826,-0.2,0.000100733,0.271488
19.828,-0.2,-0.000302198,0.271488
19.83,-0.2,-0.000201465,0.271488
19.832,-0.2,0.000302198,0.271488
19.834,-0.2,-0.000201465,0.271488
19.836,-0.2,-0.00040293,0.271488
19.838,-0.2,-0.000604396,0.271488
19.84,-0.2,-0.000503663,0.271488
19.842,-0.2,-0.000805861,0.271488
19.844,-0.2,-0.000705128,0.271488
19.846,-0.2,-0.00110806,0.271488
19.848,-0.2,0.000302198,0.271488
19.85,-0.2,-0.000705128,0.271488
19.852,-0.2,-0.000604396,0.271488
19.854,-0.2,-0.000503663,0.271488
19.856,-0.2,-0.000906593,0.271488
19.858,-0.2,-0.000604396,0.271488
19.86,-0.2,-0.000201465,0.271488
19.862,-0.2,-0.000604396,0.283054
19.864,-0.2,-0.000503663,0.283054
19.866,-0.2,-0.00110806,0.283054
19.868,-0.2,-0.00040293,0.283054
19.87,-0.2,-0.000503663,0.283054
19.872,-0.2,-0.000503663,0.283054
19.874,-0.2,-0.000503663,0.283054
19.876,-0.2,0,0.283054
19.878,-0.2,0,0.283054
19.88,-0.2,-0.000503663,0.283054
19.882,-0.2,-0.000705128,0.283054
19.884,-0.2,-0.000503663,0.283054
19.886,-0.2,0.000100733,0.283054
19.888,-0.2,-0.00040293,0.283054
19.89,-0.2,0,0.283054
19.892,-0.2,-0.000604396,0.283054
19.894,-0.2,-0.000503663,0.283054
19.896,-0.2,-0.000503663,0.283054
19.898,-0.2,-0.000604396,0.283054
19.9,-0.2,-0.000705128,0.283054
19.902,-0.2,0,0.283054
19.904,-0.2,0.000100733,0.283054
19.906,-0.2,0.000201465,0.273733
19.908,-0.2,-0.000302198,0.262079
19.91,-0.2,-0.000503663,0.251318
19.912,-0.2,-0.000705128,0.266229
19.914,-0.2,-0.000503663,0.266229
19.916,-0.2,0.000302198,0.266229
19.918,-0.2,-0.000503663,0.266229
19.92,-0.2,-0.000100733,0.266229
19.922,-0.2,-0.000201465,0.266229
19.924,-0.2,-0.000604396,0.266229
19.926,-0.2,-0.000503663,0.266229
19.928,-0.2,-0.000100733,0.266229
19.93,-0.2,-0.00040293,0.266229
19.932,-0.2,-0.000302198,0.266229
19.934,-0.2,0.000201465,0.266229
19.936,-0.2,-0.000100733,0.266229
19.938,-0.2,0.000100733,0.266229
19.94,-0.2,-0.000302198,0.266229
19.942,-0.2,-0.000100733,0.266229
19.944,-0.2,-0.000302198,0.266229
19.946,-0.2,-0.000805861,0.266229
19.948,-0.2,0.000302198,0.266229
19.95,-0.2,0.000302198,0.266229
19.952,-0.2,0.000302198,0.266229
19.954,-0.2,0.000201465,0.266229
19.956,-0.2,0,0.266229
19.958,-0.2,-0.00110806,0.263573
19.96,-0.2,0.000302198,0.252748
19.962,-0.2,-0.000302198,0.242753
19.964,-0.2,0,0.23352
19.966,-0.2,-0.000100733,0.224925
19.968,-0.2,-0.000201465,0.216992
19.97,-0.2,0,0.209567
19.972,-0.2,-0.00040293,0.20265
19.974,-0.2,-0.00040293,0.196186
19.976,-0.2,0.000503663,0.190099
19.978,-0.2,-0.000302198,0.18439
19.98,-0.2,-0.00040293,0.179013
19.982,-0.2,0,0.173938
19.984,-0.2,-0.000201465,0.169133
19.986,-0.2,-0.00040293,0.16459
19.988,-0.2,0.000302198,0.160312
19.99,-0.2,0.000100733,0.156222
19.992,-0.2,0.000100733,0.152342
19.994,-0.2,-0.000302198,0.148664
19.996,-0.2,-0.000100733,0.145134
19.998,-0.2,0.000705128,0.141782
20,-0.1,0.000201465,0.138574
20.002,-0.1,0.000906593,0.135512
20.004,-0.1,0.000100733,0.132585
20.006,-0.1,0.00040293,0.129782
20.008,-0.1,0.000604396,0.127096
20.01,-0.1,0.00100733,0.124518
20.012,-0.1,0.000302198,0.122042
20.014,-0.1,0,0.119663
20.016,-0.1,0.000805861,0.117382
20.018,-0.1,0.00100733,0.115173
20.02,-0.1,0.000705128,0.113049
20.022,-0.1,0.000503663,0.111003
20.024,-0.1,0.000100733,0.109031
20.026,-0.1,0.000705128,0.107129
20.028,-0.1,0.000906593,0.105292
20.03,-0.1,0.00120879,0.103509
20.032,-0.1,0.00141026,0.101792
20.034,-0.1,0.000604396,0.100133
20.036,-0.1,0.000906593,0.0985302
20.038,-0.1,0.00110806,0.0969664
20.04,-0.1,0.000805861,0.095461
20.042,-0.1,0.00040293,0.0940011
20.044,-0.1,0.000805861,0.092576
20.046,-0.1,0.000604396,0.0912033
20.048,-0.1,0.00110806,0.0898647
20.05,-0.1,0.00130952,0.0885706
20.052,-0.1,0.000705128,0.0873072
20.054,-0.1,0.00120879,0.0860853
20.056,-0.1,-0.000100733,0.0848916
20.058,-0.1,0.000604396,0.083733
20.06,-0.1,0.00100733,0.0826083
20.062,-0.1,0.000805861,0.0815111
20.064,-0.1,0.00161172,0.0804425
20.066,-0.1,0.00120879,0.0793992
20.068,-0.1,0.000805861,0.0783874
20.07,-0.1,0.00120879,0.0773964
20.072,-0.1,0.00151099,0.0764342
20.074,-0.1,0.00191392,0.0754963
20.076,-0.1,0.00130952,0.0745767
20.078,-0.1,0.000906593,0.0736793
20.08,-0.1,0.000805861,0.0728049
20.082,-0.1,0.00040293,0.0719511
20.084,-0.1,0.00130952,0.0711192
20.086,-0.1,0.000705128,0.070304
20.088,-0.1,0.00130952,0.0695082
20.09,-0.1,0.00110806,0.0687314
20.092,-0.1,0.000705128,0.0679681
20.094,-0.1,0.000906593,0.0672219
20.096,-0.1,0.00171245,0.0664951
20.098,-0.1,0.00110806,0.0657807
20.1,-0.1,0.00181319,0.0650846
20.102,-0.1,0,0.064401
20.104,-0.1,0.000705128,0.0637326
20.106,-0.1,0.00151099,0.0630791
20.108,-0.1,0.000805861,0.062434
20.11,-0.1,0.00120879,0.0618067
20.112,-0.1,0.000503663,0.0611888
20.114,-0.1,0.00130952,0.0605859
20.116,-0.1,0.000503663,0.059994
20.118,-0.1,0.000604396,0.0594131
20.12,-0.1,0.00100733,0.0588409
20.122,-0.1,0.000906593,0.0582859
20.124,-0.1,0.000201465,0.057736
20.126,-0.1,0.000705128,0.0571966
20.128,-0.1,0.000805861,0.0566684
20.13,-0.1,0.000604396,0.05615
20.132,-0.1,0.000503663,0.0556397
20.134,-0.1,0.000201465,0.0551407
20.136,-0.1,0.00040293,0.0546485
20.138,-0.1,0.000705128,0.0541661
20.14,-0.1,0,0.0536931
20.142,-0.1,0.000302198,0.0532277
20.144,-0.1,0.00141026,0.0527696
20.146,-0.1,0.000604396,0.0523205
20.148,-0.1,0.00110806,0.0518772
20.15,-0.1,0.000503663,0.0514433
20.152,-0.1,0.00130952,0.0510146
20.154,-0.1,0.000604396,0.0505937
20.156,-0.1,0.00040293,0.0501808
20.158,-0.1,0.000705128,0.0497728
20.16,-0.1,0.000302198,0.0493733
20.162,-0.1,0.00141026,0.0489783
20.164,-0.1,0.000906593,0.0485901
20.166,-0.1,0.00130952,0.0482086
20.168,-0.1,0.000100733,0.0478337
20.17,-0.1,0.00040293,0.0474637
20.172,-0.1,0.000705128,0.0470995
20.174,-0.1,0.000100733,0.0467414
20.176,-0.1,0.000503663,0.0463872
20.178,-0.1,0.000805861,0.0460384
20.18,-0.1,0.000100733,0.0456956
20.182,-0.1,0.000705128,0.0453578
20.184,-0.1,0.000906593,0.0450256
20.186,-0.1,0.00040293,0.0446969
20.188,-0.1,0.00100733,0.0443745
20.19,-0.1,-0.000100733,0.0440553
20.192,-0.1,0.000805861,0.0437412
20.194,-0.1,0.00040293,0.0434322
20.196,-0.1,0.00141026,0.0431263
20.198,-0.1,0.00110806,0.0428254
20.2,-0.1,0.000705128,0.199722
20.202,-0.1,0.000100733,0.199722
20.204,-0.1,0.000906593,0.199722
20.206,-0.1,0.000302198,0.199722
20.208,-0.1,0,0.199722
20.21,-0.1,0.000503663,0.199722
20.212,-0.1,0.00040293,0.199722
20.214,-0.1,0.000503663,0.199722
20.216,-0.1,0.000906593,0.199722
20.218,-0.1,0.00100733,0.199722
20.22,-0.1,0.000503663,0.199722
20.222,-0.1,0.000302198,0.199722
20.224,-0.1,0.000906593,0.199722
20.226,-0.1,0.000604396,0.199722
20.228,-0.1,0.00040293,0.199722
20.23,-0.1,0.00110806,0.199722
20.232,-0.1,0.000805861,0.199722
20.234,-0.1,0.000805861,0.199722
20.236,-0.1,0.000705128,0.199722
20.238,-0.1,0.000906593,0.199722
20.24,-0.1,0.000906593,0.199722
20.242,-0.1,0.000201465,0.199722
20.244,-0.1,0.000705128,0.199722
20.246,-0.1,0.000604396,0.199722
20.248,-0.1,0.00110806,0.199722
20.25,-0.1,-0.000302198,0.199722
20.252,-0.1,0.000805861,0.199722
20.254,-0.1,0.00100733,0.199722
20.256,-0.1,0.000805861,0.199722
20.258,-0.1,0.000503663,0.199722
20.26,-0.1,0.00110806,0.199614
20.262,-0.1,0.000906593,0.193326
20.264,-0.1,0.00110806,0.187436
20.266,-0.1,0.000705128,0.181875
20.268,-0.1,0.000805861,0.176633
20.27,-0.1,0.000100733,0.171706
20.272,-0.1,0.00040293,0.167027
20.274,-0.1,0.00040293,0.162593
20.276,-0.1,0.000201465,0.158399
20.278,-0.1,0.000201465,0.154418
20.28,-0.1,0.00120879,0.150623
20.282,-0.1,0.000201465,0.147016
20.284,-0.1,0.000503663,0.143569
20.286,-0.1,0.00141026,0.140283
20.288,-0.1,0.000705128,0.137158
20.29,-0.1,0.00100733,0.134155
20.292,-0.1,0.000805861,0.131287
20.294,-0.1,0.000302198,0.128539
20.296,-0.1,0.000604396,0.125899
20.298,-0.1,0.000906593,0.123364
20.3,-0.1,0.00110806,0.12093
20.302,-0.1,0.00120879,0.118601
20.304,-0.1,0.000302198,0.116352
20.306,-0.1,0.000604396,0.114184
20.308,-0.1,0.00100733,0.112095
20.31,-0.1,0.000100733,0.110082
20.312,-0.1,0.00110806,0.108148
20.314,-0.1,0.000805861,0.106276
20.316,-0.1,0.00100733,0.104461
20.318,-0.1,0.00130952,0.102713
20.32,-0.1,0.00040293,0.10102
20.322,-0.1,0.000503663,0.0993861
20.324,-0.1,0.000805861,0.0978025
20.326,-0.1,0.000604396,0.0962701
20.328,-0.1,0.000302198,0.0947813
20.33,-0.1,0.000705128,0.0933408
20.332,-0.1,0.00040293,0.0919379
20.334,-0.1,0.000604396,0.0905812
20.336,-0.1,0.00120879,0.0892654
20.338,-0.1,0.000805861,0.0879839
20.34,-0.1,0.000201465,0.0867442
20.342,-0.1,0.00100733,0.0855335
20.344,-0.1,0.00130952,0.0843609
20.346,-0.1,0.000906593,0.0832121
20.348,-0.1,0.00110806,0.0820975
20.35,-0.1,0.00100733,0.0810171
20.352,-0.1,0.000705128,0.0799601
20.354,-0.1,0.000503663,0.0789298
20.356,-0.1,0.000906593,0.0779281
20.358,-0.1,0.00151099,0.0769494
20.36,-0.1,0.000705128,0.0759995
20.362,-0.1,0.000604396,0.0750686
20.364,-0.1,0.000705128,0.0741598
20.366,-0.1,0.00130952,0.0732796
20.368,-0.1,0.000503663,0.0724099
20.37,-0.1,0.00110806,0.0715644
20.372,-0.1,0.00141026,0.0707397
20.374,-0.1,0.00100733,0.0699362
20.376,-0.1,0.000503663,0.0691467
20.378,-0.1,0.00100733,0.0683753
20.38,-0.1,0.000805861,0.0676209
20.382,-0.1,0.000705128,0.0668844
20.384,-0.1,0.000503663,0.0661641
20.386,-0.1,0.000705128,0.065457
20.388,-0.1,0.000805861,0.0647664
20.39,-0.1,0.00110806,0.0640911
20.392,-0.1,0.00040293,0.0634308
20.394,-0.1,0.00100733,0.0627792
20.396,-0.1,0.000805861,0.0621441
20.398,-0.1,0.000906593,0.0615204
20.4,-0.1,0.000805861,0.060909
20.402,-0.1,0.000503663,0.0603124
20.404,-0.1,0.00040293,0.0597247
20.406,-0.1,0.00120879,0.059148
20.408,-0.1,0.000805861,0.0585852
20.41,-0.1,0.000906593,0.0580304
20.412,-0.1,0.000705128,0.057486
20.414,-0.1,0.00141026,0.0569529
20.416,-0.1,0.00040293,0.0564296
20.418,-0.1,0.00110806,0.0559148
20.42,-0.1,0.00040293,0.0554102
20.422,-0.1,0.000705128,0.0549128
20.424,-0.1,0.00161172,0.0544273
20.426,-0.1,0.000302198,0.0539487
20.428,-0.1,0.000705128,0.0534772
20.43,-0.1,0.00130952,0.0530167
20.432,-0.1,0.000201465,0.052562
20.434,-0.1,0.000705128,0.052115
20.436,-0.1,0.000906593,0.0516761
20.438,-0.1,0.00110806,0.051244
20.44,-0.1,0.000201465,0.0508222
20.442,-0.1,0.000604396,0.050403
20.444,-0.1,0.00120879,0.0499919
20.446,-0.1,0.00141026,0.0495873
20.448,-0.1,0.00120879,0.049191
20.45,-0.1,0.000201465,0.0487993
20.452,-0.1,0.00110806,0.0484138
20.454,-0.1,0.00120879,0.048036
20.456,-0.1,0.000906593,0.0476639
20.458,-0.1,0.000604396,0.0472951
20.46,-0.1,0.00040293,0.0469323
20.462,-0.1,0.00040293,0.0465763
20.464,-0.1,0.00100733,0.0462259
20.466,-0.1,0.000503663,0.0458812
20.468,-0.1,0.000805861,0.0455394
20.47,-0.1,0.000805861,0.0452045
20.472,-0.1,0.00141026,0.0448749
20.474,-0.1,0.00040293,0.0445473
20.476,-0.1,0.000302198,0.0442272
20.478,-0.1,0.00110806,0.0439109
20.48,-0.1,0.00130952,0.043598
20.482,-0.1,0.000805861,0.0432913
20.484,-0.1,0.000201465,0.0429868
20.486,-0.1,0.00120879,0.0426886
20.488,-0.1,0.000604396,0.0423934
20.49,-0.1,0.000805861,0.0421021
20.492,-0.1,0.000503663,0.0418161
20.494,-0.1,0.000201465,0.0415328
20.496,-0.1,-0.000302198,0.0412531
20.498,-0.1,0.000302198,0.0409785
20.5,-0.1,0.00120879,0.0407055
20.502,-0.1,0.000906593,0.0404382
20.504,-0.1,-0.000302198,0.0401731
20.506,-0.1,0.000604396,0.0399114
20.508,-0.1,0.000604396,0.0396532
20.51,-0.1,0.000906593,0.0393987
20.512,-0.1,0.000302198,0.0391481
20.514,-0.1,0.000503663,0.0388997
20.516,-0.1,0.00040293,0.0386542
20.518,-0.1,0.000705128,0.038412
20.52,-0.1,0.000906593,0.0381738
20.522,-0.1,0.00100733,0.0379375
20.524,-0.1,0.000705128,0.0377041
20.526,-0.1,0.000705128,0.0374736
20.528,-0.1,-0.000100733,0.0372468
20.53,-0.1,0.000906593,0.0370228
20.532,-0.1,0.000201465,0.0367998
20.534,-0.1,0.000805861,0.0365802
20.536,-0.1,0.00110806,0.0363641
20.538,-0.1,0.00120879,0.0361495
20.54,-0.1,0.000302198,0.0359375
20.542,-0.1,0.00100733,0.0357285
20.544,-0.1,0.00100733,0.0355219
20.546,-0.1,0.000503663,0.0353181
20.548,-0.1,0.000906593,0.0351148
20.55,-0.1,0.000302198,0.0349156
20.552,-0.1,0.000604396,0.0347173
20.554,-0.1,0.000805861,0.0345223
20.556,-0.1,0.000705128,0.0343298
20.558,-0.1,0.00100733,0.0341385
20.56,-0.1,0.000503663,0.0339493
20.562,-0.1,0.000201465,0.0337631
20.564,-0.1,0.000705128,0.0335773
20.566,-0.1,0.000805861,0.0333952
20.568,-0.1,-0.000100733,0.0332145
20.57,-0.1,0.00040293,0.0330351
20.572,-0.1,0.00040293,0.0328588
20.574,-0.1,0.000503663,0.0326834
20.576,-0.1,0.000906593,0.0325104
20.578,-0.1,0.000503663,0.0323393
20.58,-0.1,-0.000100733,0.0321691
20.582,-0.1,0.00120879,0.0320013
20.584,-0.1,0.000705128,0.0318358
20.586,-0.1,0.00110806,0.0316713
20.588,-0.1,0.000100733,0.0315088
20.59,-0.1,0.000302198,0.031348
20.592,-0.1,0.00100733,0.0311881
20.594,-0.1,0.000705128,0.0310305
20.596,-0.1,0.00040293,0.0308749
20.598,-0.1,0.000201465,0.0307197
20.6,-0.1,0.000503663,0.0305668
20.602,-0.1,0.000705128,0.0304157
20.604,-0.1,0.000100733,0.0302655
20.606,-0.1,0.00120879,0.0301167
20.608,-0.1,0.00040293,0.0299694
20.61,-0.1,0.000805861,0.0298238
20.612,-0.1,0.00040293,0.0296797
20.614,-0.1,0.000201465,0.0295366
20.616,-0.1,0.000302198,0.0293953
20.618,-0.1,0.000805861,0.0292555
20.62,-0.1,0.000302198,0.0291168
20.622,-0.1,0.000201465,0.0289787
20.624,-0.1,0.000201465,0.028843
20.626,-0.1,0.000503663,0.0287079
20.628,-0.1,0.000503663,0.0285739
20.63,-0.1,0,0.0284417
20.632,-0.1,0.000201465,0.0283103
20.634,-0.1,0.000503663,0.0281801
20.636,-0.1,0.000705128,0.0280517
20.638,-0.1,0.00040293,0.0279241
20.64,-0.1,0.000604396,0.0277974
20.642,-0.1,0.000705128,0.0276719
20.644,-0.1,0.00040293,0.027548
20.646,-0.1,0.000302198,0.0274247
20.648,-0.1,0.00040293,0.0273027
20.65,-0.1,0.000201465,0.0271816
20.652,-0.1,0.000906593,0.0270616
20.654,-0.1,0.000906593,0.0269431
20.656,-0.1,0.000604396,0.0268252
20.658,-0.1,0.000805861,0.0267088
20.66,-0.1,0.00120879,0.0265929
20.662,-0.1,0.00110806,0.0264779
20.664,-0.1,0.000604396,0.0263643
20.666,-0.1,0.000604396,0.0262516
20.668,-0.1,0.00110806,0.0261396
20.67,-0.1,0.000705128,0.0260287
20.672,-0.1,0.000604396,0.0259187
20.674,-0.1,0.00110806,0.0258095
20.676,-0.1,0.00120879,0.0257017
20.678,-0.1,0.000906593,0.0255944
20.68,-0.1,0.000705128,0.0254879
20.682,-0.1,0.000805861,0.0253828
20.684,-0.1,0.00130952,0.0252781
20.686,-0.1,0.000906593,0.0251743
20.688,-0.1,0.000906593,0.0250713
20.69,-0.1,0.00100733,0.0249693
20.692,-0.1,0.000906593,0.0248684
20.694,-0.1,0.000705128,0.0247677
20.696,-0.1,0.000604396,0.0246682
20.698,-0.1,0.000705128,0.0245696
20.7,-0.1,0.000100733,0.0244719
20.702,-0.1,0.000503663,0.0243745
20.704,-0.1,0.000503663,0.0242779
20.706,-0.1,0.000503663,0.0241826
20.708,-0.1,0.000604396,0.0240872
20.71,-0.1,0,0.0239932
20.712,-0.1,0.000906593,0.0238998
20.714,-0.1,0.000705128,0.019288
20.716,-0.1,0.000604396,0.019288
20.718,-0.1,0.000705128,0.019288
20.72,-0.1,0.000503663,0.019288
20.722,-0.1,0.000604396,0.019288
20.724,-0.1,0.00100733,0.019288
20.726,-0.1,0.000503663,0.019288
20.728,-0.1,0.000302198,0.019288
20.73,-0.1,0.00110806,0.019288
20.732,-0.1,0.00130952,0.019288
20.734,-0.1,0.000302198,0.019288
20.736,-0.1,0.00151099,0.019288
20.738,-0.1,0.000805861,0.019288
20.74,-0.1,0.000604396,0.019288
20.742,-0.1,0.000906593,0.019288
20.744,-0.1,0.000906593,0.019288
20.746,-0.1,0.000201465,0.019288
20.748,-0.1,0.00100733,0.019288
20.75,-0.1,0.000705128,0.019288
20.752,-0.1,0.000805861,0.019288
20.754,-0.1,0.00110806,0.019288
20.756,-0.1,0.000201465,0.019288
20.758,-0.1,0.000503663,0.019288
20.76,-0.1,0.000705128,0.019288
20.762,-0.1,0.000604396,0.019288
20.764,-0.1,0.000503663,0.019288
20.766,-0.1,0.000805861,0.019288
20.768,-0.1,0.000100733,0.019288
20.77,-0.1,0,0.019288
20.772,-0.1,0.00141026,0.019288
20.774,-0.1,0.000604396,0.019288
20.776,-0.1,0.00040293,0.019288
20.778,-0.1,0.00040293,0.019288
20.78,-0.1,-0.000302198,0.019288
20.782,-0.1,0.000503663,0.019288
20.784,-0.1,0.00040293,0.019288
20.786,-0.1,0.000805861,0.019288
20.788,-0.1,0.00100733,0.019288
20.79,-0.1,0.000705128,0.019288
20.792,-0.1,0.000805861,0.019288
20.794,-0.1,0.000805861,0.019288
20.796,-0.1,0.000705128,0.019288
20.798,-0.1,0.00110806,0.019288
20.8,-0.1,0.000302198,0.019288
20.802,-0.1,0.000100733,0.019288
20.804,-0.1,-0.000100733,0.019288
20.806,-0.1,0.00100733,0.019288
20.808,-0.1,0.00040293,0.019288
20.81,-0.1,0.00040293,0.019288
20.812,-0.1,0.000805861,0.019288
20.814,-0.1,0.00040293,0.019288
20.816,-0.1,0.000201465,0.019288
20.818,-0.1,0.000705128,0.019288
20.82,-0.1,0,0.019288
20.822,-0.1,0.000503663,0.019288
20.824,-0.1,0.000805861,0.019288
20.826,-0.1,0.000503663,0.019288
20.828,-0.1,0.00110806,0.019288
20.83,-0.1,0.000805861,0.019288
20.832,-0.1,0.000302198,0.019288
20.834,-0.1,0.00040293,0.019288
20.836,-0.1,0.000604396,0.019288
20.838,-0.1,0.000705128,0.019288
20.84,-0.1,-0.000302198,0.019288
20.842,-0.1,0.000705128,0.019288
20.844,-0.1,0.000805861,0.019288
20.846,-0.1,0,0.019288
20.848,-0.1,0.000201465,0.019288
20.85,-0.1,0.000604396,0.019288
20.852,-0.1,0.000604396,0.019288
20.854,-0.1,0.000201465,0.019288
20.856,-0.1,0.000705128,0.019288
20.858,-0.1,0.00110806,0.019288
20.86,-0.1,0.000906593,0.019288
20.862,-0.1,0.00110806,0.019288
20.864,-0.1,0.000302198,0.019288
20.866,-0.1,0.00040293,0.019288
20.868,-0.1,0.000503663,0.019288
20.87,-0.1,0.000201465,0.019288
20.872,-0.1,0.000100733,0.019288
20.874,-0.1,0.000302198,0.019288
20.876,-0.1,0.000604396,0.019288
20.878,-0.1,0.000100733,0.019288
20.88,-0.1,0.000805861,0.019288
20.882,-0.1,0.00110806,0.019288
20.884,-0.1,0.00040293,0.019288
20.886,-0.1,0.00100733,0.019288
20.888,-0.1,0.00040293,0.019288
20.89,-0.1,-0.000201465,0.019288
20.892,-0.1,0.000906593,0.019288
20.894,-0.1,0.000906593,0.019288
20.896,-0.1,0.00120879,0.019288
20.898,-0.1,0.00110806,0.019288
20.9,-0.1,0.00110806,0.019288
20.902,-0.1,0,0.019288
20.904,-0.1,0.00100733,0.019288
20.906,-0.1,0.000201465,0.019288
20.908,-0.1,0.00100733,0.019288
20.91,-0.1,0.000302198,0.019288
20.912,-0.1,0.000906593,0.019288
20.914,-0.1,0.000805861,0.019288
20.916,-0.1,0.000201465,0.019288
20.918,-0.1,0.000100733,0.019288
20.92,-0.1,0.000503663,0.019288
20.922,-0.1,0.00040293,0.019288
20.924,-0.1,0.000503663,0.019288
20.926,-0.1,-0.000302198,0.019288
20.928,-0.1,0.000604396,0.0494332
20.93,-0.1,0.000100733,0.0494332
20.932,-0.1,0.000201465,0.0494332
20.934,-0.1,0.000805861,0.0494332
20.936,-0.1,0.000604396,0.0494332
20.938,-0.1,0.000604396,0.0494332
20.94,-0.1,0.000503663,0.0494332
20.942,-0.1,0.000705128,0.0494332
20.944,-0.1,0.00100733,0.0494332
20.946,-0.1,0.000805861,0.0494332
20.948,-0.1,0.00040293,0.0494332
20.95,-0.1,0.000100733,0.0494332
20.952,-0.1,0.000503663,0.0494332
20.954,-0.1,0.000705128,0.0494332
20.956,-0.1,0.000604396,0.0494332
20.958,-0.1,-0.000302198,0.0494332
20.96,-0.1,0,0.0494332
20.962,-0.1,0.00120879,0.0494332
20.964,-0.1,0.000503663,0.0494332
20.966,-0.1,0.000906593,0.0494332
20.968,-0.1,0.000705128,0.0494332
20.97,-0.1,0.000705128,0.0494332
20.972,-0.1,0.000503663,0.0494332
20.974,-0.1,-0.000100733,0.0494332
20.976,-0.1,0.000705128,0.0494332
20.978,-0.1,0.000705128,0.0494332
20.98,-0.1,0.000705128,0.0494332
20.982,-0.1,0.000805861,0.0494332
20.984,-0.1,0.000906593,0.0494332
20.986,-0.1,0.00100733,0.0494332
20.988,-0.1,0.000302198,0.0494332
20.99,-0.1,0,0.0494332
20.992,-0.1,0.00100733,0.0494332
20.994,-0.1,0.00100733,0.0494332
20.996,-0.1,0.000705128,0.0494332
20.998,-0.1,0.00141026,0.0494332
21,0,0.00100733,0.0494332
21.002,0,0.000201465,0.0494332
21.004,0,0.00100733,0.0494332
21.006,0,0.000100733,0.0494332
21.008,0,0,0.0494332
21.01,0,0.000503663,0.0494332
21.012,0,0.00040293,0.0494332
21.014,0,0.00120879,0.0494332
21.016,0,-0.00040293,0.0494332
21.018,0,0.000604396,0.0494332
21.02,0,0.00100733,0.0494332
21.022,0,0.000302198,0.0494332
21.024,0,0.000805861,0.0494332
21.026,0,0.000201465,0.0494332
21.028,0,0.000100733,0.0494332
21.03,0,0.00040293,0.0494332
21.032,0,-0.000100733,0.0494332
21.034,0,0.000100733,0.0494332
21.036,0,-0.000302198,0.0494332
21.038,0,0.000705128,0.0494332
21.04,0,-0.000302198,0.0494332
21.042,0,0.000805861,0.0494332
21.044,0,0.000100733,0.0494332
21.046,0,-0.000100733,0.0494332
21.048,0,0.00040293,0.0494332
21.05,0,0.00040293,0.0494332
21.052,0,0.000201465,0.0494332
21.054,0,0.000100733,0.0494332
21.056,0,0.000201465,0.0494332
21.058,0,-0.000201465,0.0494332
21.06,0,0.00040293,0.0494332
21.062,0,0.000100733,0.0494332
21.064,0,0.000201465,0.0494332
21.066,0,0.000604396,0.0494332
21.068,0,0.000604396,0.0494332
21.07,0,0.000100733,0.0494332
21.072,0,0.000805861,0.0494332
21.074,0,-0.000201465,0.0494332
21.076,0,0.000302198,0.0494332
21.078,0,0.00040293,0.0494332
21.08,0,0.000805861,0.0494332
21.082,0,0.00040293,0.0494332
21.084,0,0.000201465,0.0494332
21.086,0,0.000705128,0.0494332
21.088,0,0.000302198,0.0494332
21.09,0,0.000604396,0.0494332
21.092,0,0.000906593,0.0494332
21.094,0,0.000201465,0.0494332
21.096,0,0.000805861,0.0494332
21.098,0,0.00110806,0.0494332
21.1,0,0.000302198,0.0494332
21.102,0,0.000503663,0.0494332
21.104,0,0.00110806,0.0494332
21.106,0,0.000201465,0.0494332
21.108,0,0,0.0494332
21.11,0,0.000604396,0.0494332
21.112,0,0.000100733,0.0494332
21.114,0,0.000604396,0.0494332
21.116,0,0.00120879,0.0494332
21.118,0,0.000302198,0.0494332
21.12,0,0.000201465,0.0494332
21.122,0,0.000906593,0.0494332
21.124,0,0,0.0494332
21.126,0,0.000805861,0.0494332
21.128,0,0.00040293,0.0494332
21.13,0,0.00120879,0.0494332
21.132,0,0.000604396,0.0494332
21.134,0,0.000604396,0.0494332
21.136,0,0.00100733,0.0494332
21.138,0,0.00040293,0.0494332
21.14,0,0.000302198,0.0494332
21.142,0,0.00040293,0.0494332
21.144,0,0.000302198,0.0494332
21.146,0,0.00040293,0.0494332
21.148,0,0.000503663,0.0494332
21.15,0,0.000805861,0.0494332
21.152,0,0.000201465,0.0494332
21.154,0,0.000906593,0.0494332
21.156,0,-0.000201465,0.0494332
21.158,0,0.000805861,0.0494332
21.16,0,0.00040293,0.0589614
21.162,0,0.000503663,0.0589614
21.164,0,0.00040293,0.0589614
21.166,0,0.000604396,0.0589614
21.168,0,0.000503663,0.0589614
21.17,0,0.000503663,0.0589614
21.172,0,0.000503663,0.0589614
21.174,0,0.00040293,0.0589614
21.176,0,0.000302198,0.0589614
21.178,0,0.00040293,0.0589614
21.18,0,0.000604396,0.0589614
21.182,0,0.00100733,0.0589614
21.184,0,0,0.0589614
21.186,0,0.00110806,0.0589614
21.188,0,0.000201465,0.0589614
21.19,0,0.000302198,0.0589614
21.192,0,0.000503663,0.0589614
21.194,0,0.000805861,0.0589614
21.196,0,0.000503663,0.0589614
21.198,0,0.000604396,0.0589614
21.2,0,0.00040293,0.0589614
21.202,0,0.00100733,0.0589614
21.204,0,0.00040293,0.0589614
21.206,0,0.00040293,0.0589614
21.208,0,0.000604396,0.0589614
21.21,0,0.000100733,0.0589614
21.212,0,0.00040293,0.0589614
21.214,0,0.000705128,0.0589614
21.216,0,0.000100733,0.0589614
21.218,0,0.000805861,0.0589614
21.22,0,0.000302198,0.0589614
21.222,0,0.000604396,0.0589614
21.224,0,0.000805861,0.0589614
21.226,0,0.000503663,0.0589614
21.228,0,0.000201465,0.0589614
21.23,0,0.000100733,0.0589614
21.232,0,0.000100733,0.0589614
21.234,0,0.000604396,0.0589614
21.236,0,0.000604396,0.0589614
21.238,0,0.000604396,0.0589614
21.24,0,0.00100733,0.0589614
21.242,0,0.000201465,0.0589614
21.244,0,0.000805861,0.0589614
21.246,0,0.00040293,0.0589614
21.248,0,0.000604396,0.0589614
21.25,0,0.000100733,0.0589614
21.252,0,-0.000100733,0.0589614
21.254,0,0.00110806,0.0589614
21.256,0,0.00040293,0.0589614
21.258,0,0.00120879,0.0589614
21.26,0,0.000503663,0.0589614
21.262,0,0.000705128,0.0589614
21.264,0,0.000302198,0.0589614
21.266,0,0.000906593,0.0589614
21.268,0,0.000604396,0.0589614
21.27,0,-0.000302198,0.0589614
21.272,0,0.000503663,0.0589614
21.274,0,0.000302198,0.0589614
21.276,0,0.00040293,0.0589614
21.278,0,0.000604396,0.0589614
21.28,0,0.000503663,0.0589614
21.282,0,0.000805861,0.0589614
21.284,0,0.00040293,0.0589614
21.286,0,0.000302198,0.0589614
21.288,0,0.000201465,0.0589614
21.29,0,0.000503663,0.0589614
21.292,0,0.00040293,0.0589614
21.294,0,0.00120879,0.0589614
21.296,0,0.00120879,0.0589614
21.298,0,0.000604396,0.0589614
21.3,0,0.000705128,0.0589614
21.302,0,0.00040293,0.0589614
21.304,0,0.000604396,0.0589614
21.306,0,0.000604396,0.0589614
21.308,0,0.000100733,0.0589614
21.31,0,0.000705128,0.0589614
21.312,0,0.000705128,0.0589614
21.314,0,0.000604396,0.0589614
21.316,0,0.000705128,0.0589614
21.318,0,0.00100733,0.0589614
21.32,0,0.00120879,0.0589614
21.322,0,0.000805861,0.0589614
21.324,0,0.000604396,0.0589614
21.326,0,0.00100733,0.0589614
21.328,0,0.000503663,0.0589614
21.33,0,0.00110806,0.0589614
21.332,0,0.000805861,0.0589614
21.334,0,-0.000302198,0.0589614
21.336,0,0.00040293,0.0589614
21.338,0,0.000906593,0.0589614
21.34,0,0.000503663,0.0589614
21.342,0,0.000705128,0.0589614
21.344,0,0.000503663,0.0589614
21.346,0,0.000805861,0.0589614
21.348,0,0.00110806,0.0589614
21.35,0,0.000100733,0.0589614
21.352,0,0.000805861,0.0589614
21.354,0,0.00100733,0.0589614
21.356,0,0.000805861,0.0589614
21.358,0,0.000201465,0.0589614
21.36,0,0.00040293,0.0589614
21.362,0,0.000503663,0.0589614
21.364,0,0.000705128,0.0589614
21.366,0,0.000705128,0.0589614
21.368,0,0.000705128,0.0589496
21.37,0,0.00110806,0.05839
21.372,0,0,0.0578396
21.374,0,0.00040293,0.0572973
21.376,0,0.000906593,0.0567686
21.378,0,0.000805861,0.0562481
21.38,0,0.00040293,0.0557361
21.382,0,0.000201465,0.0552345
21.384,0,0.00100733,0.0547433
21.386,0,0.000503663,0.0542581
21.388,0,0,0.0537824
21.39,0,0.000604396,0.0533153
21.392,0,0.000503663,0.0528561
21.394,0,0.000705128,0.0524048
21.396,0,0.00040293,0.0519601
21.398,0,0.000604396,0.0515251
21.4,0,0.000503663,0.0510959
21.402,0,0.000705128,0.0506729
21.404,0,0.000604396,0.0502592
21.406,0,0.000100733,0.0498499
21.408,0,0.000906593,0.0494483
21.41,0,0.000302198,0.0490529
21.412,0,0.000100733,0.0486641
21.414,0,0.000604396,0.0482805
21.416,0,0.000604396,0.0479054
21.418,0,0.000302198,0.0475335
21.42,0,0.000906593,0.047168
21.422,0,0.000604396,0.0468083
21.424,0,0.000302198,0.046454
21.426,0,0.00040293,0.0461051
21.428,0,0.00100733,0.0457605
21.43,0,0.000805861,0.0454216
21.432,0,0.000705128,0.045088
21.434,0,0.000604396,0.0447593
21.436,0,0.000805861,0.0444352
21.438,0,0.000705128,0.0441151
21.44,0,0.00040293,0.0438015
21.442,0,0.000100733,0.0434898
21.444,0,0.000503663,0.0431838
21.446,0,0.000805861,0.0428821
21.448,0,0.00110806,0.0425859
21.45,0,0.000302198,0.0422916
21.452,0,0.00141026,0.0420016
21.454,0,0.000805861,0.0417162
21.456,0,0.000805861,0.0414346
21.458,0,0.000906593,0.0411568
21.46,0,0.000805861,0.0408825
21.462,0,0.000805861,0.040612
21.464,0,0.000906593,0.0403458
21.466,0,0.000100733,0.0400812
21.468,0,0.00100733,0.0398211
21.47,0,0.000906593,0.0395655
21.472,0,0.000705128,0.0393114
21.474,0,0.000705128,0.0390601
21.476,0,0.000302198,0.0388131
21.478,0,0.000604396,0.0385693
21.48,0,0.000705128,0.0383294
21.482,0,0.00040293,0.0380904
21.484,0,0.00130952,0.0378555
21.486,0,0.000604396,0.0376246
21.488,0,0.000805861,0.0373947
21.49,0,0.000705128,0.0371678
21.492,0,0.00100733,0.0369445
21.494,0,0.000302198,0.0439971
21.496,0,0.00100733,0.0439971
21.498,0,0.000503663,0.0439971
21.5,0,0.000604396,0.0439971
21.502,0,0.00040293,0.0439971
21.504,0,0.000503663,0.0439971
21.506,0,0.00141026,0.0439971
21.508,0,0.000302198,0.0439971
21.51,0,0.000100733,0.0439971
21.512,0,0.00120879,0.0439971
21.514,0,0.000705128,0.0439971
21.516,0,0.000906593,0.0439971
21.518,0,0.000805861,0.0439971
21.52,0,0.000100733,0.0439971
21.522,0,0.000302198,0.0439971
21.524,0,0.000906593,0.0439971
21.526,0,0.00100733,0.0439971
21.528,0,0.000201465,0.0439971
21.53,0,0.00130952,0.0439971
21.532,0,0.000503663,0.0439971
21.534,0,0.000302198,0.0439971
21.536,0,0.00130952,0.0439971
21.538,0,0.000503663,0.0439971
21.54,0,0.00100733,0.0439971
21.542,0,-0.00040293,0.0439971
21.544,0,0.000705128,0.0439971
21.546,0,0.000705128,0.0439971
21.548,0,0.000100733,0.0439971
21.55,0,0.000604396,0.0439971
21.552,0,0.000503663,0.0439971
21.554,0,0.000302198,0.0439971
21.556,0,0.00040293,0.0439971
21.558,0,0.00040293,0.0439971
21.56,0,0.000302198,0.0439971
21.562,0,0.000201465,0.0439971
21.564,0,0.000705128,0.0439971
21.566,0,0.000302198,0.0439971
21.568,0,0.00040293,0.0439971
21.57,0,0.000705128,0.0439971
21.572,0,0.000201465,0.0439971
21.574,0,0.00100733,0.0439971
21.576,0,0.000906593,0.0439971
21.578,0,0.000503663,0.0439971
21.58,0,0.000302198,0.0439971
21.582,0,0.000604396,0.0439971
21.584,0,0.000201465,0.0439971
21.586,0,0.000906593,0.0439971
21.588,0,0.00040293,0.0439971
21.59,0,0.000503663,0.0439971
21.592,0,0.000503663,0.0439971
21.594,0,0.000604396,0.0439971
21.596,0,0.000906593,0.0439971
21.598,0,0.000302198,0.0439971
21.6,0,0.000503663,0.0439971
21.602,0,0.000201465,0.0439971
21.604,0,0.00100733,0.0439971
21.606,0,0.000201465,0.0439971
21.608,0,0.000503663,0.0439971
21.61,0,0.000705128,0.0439971
21.612,0,0.00040293,0.0439971
21.614,0,0.000705128,0.0439971
21.616,0,0.00040293,0.0439971
21.618,0,0.000805861,0.0439971
21.62,0,0.000201465,0.0439971
21.622,0,0.000503663,0.0439971
21.624,0,0.000302198,0.0439971
21.626,0,0.000100733,0.0439971
21.628,0,0.000705128,0.0439971
21.63,0,0.000201465,0.0439971
21.632,0,0.000705128,0.0439971
21.634,0,0.00110806,0.0439971
21.636,0,0.00110806,0.0439971
21.638,0,0.00040293,0.0439971
21.64,0,0.000503663,0.0439971
21.642,0,0.00040293,0.0439971
21.644,0,0.00100733,0.0439971
21.646,0,-0.000201465,0.0439971
21.648,0,0.00040293,0.0439971
21.65,0,0.000503663,0.0439971
21.652,0,-0.000100733,0.0439971
21.654,0,0.000302198,0.0439971
21.656,0,0.000705128,0.0439971
21.658,0,0.000805861,0.0439971
21.66,0,0.00040293,0.0439971
21.662,0,0.00040293,0.0439971
21.664,0,0.000503663,0.0439971
21.666,0,0,0.0439971
21.668,0,0.000705128,0.0439971
21.67,0,0.00100733,0.0439971
21.672,0,0.00040293,0.0439971
21.674,0,0.000503663,0.0439971
21.676,0,0.000503663,0.0439971
21.678,0,0.00040293,0.0439971
21.68,0,0.000805861,0.0439971
21.682,0,0.000805861,0.0439971
21.684,0,0.000906593,0.0439971
21.686,0,0.00040293,0.0439971
21.688,0,0.000100733,0.0439971
21.69,0,0.000604396,0.0439971
21.692,0,0.000604396,0.0439971
21.694,0,0.000503663,0.0439971
21.696,0,0.000503663,0.0439971
21.698,0,0.000201465,0.0439971
21.7,0,0.000805861,0.0439971
21.702,0,0.000100733,0.0439971
21.704,0,0,0.0439971
21.706,0,0.000805861,0.0439971
21.708,0,0.000705128,0.0439971
21.71,0,0,0.0439971
21.712,0,0.00100733,0.0439971
21.714,0,0.000302198,0.0439971
21.716,0,0.000302198,0.0439971
21.718,0,0.000604396,0.0439971
21.72,0,0.000805861,0.0439971
21.722,0,0.000705128,0.0439971
21.724,0,0.00040293,0.0439971
21.726,0,0.000503663,0.0439971
21.728,0,0.00100733,0.0439971
21.73,0,0.00100733,0.0439971
21.732,0,0.000906593,0.0439971
21.734,0,0.00110806,0.0439971
21.736,0,0.000503663,0.0439971
21.738,0,0.000604396,0.0439971
21.74,0,0,0.0439971
21.742,0,0.00100733,0.0439971
21.744,0,0,0.0439971
21.746,0,0.000503663,0.0439971
21.748,0,0.000503663,0.0439971
21.75,0,0.000906593,0.0439971
21.752,0,-0.000100733,0.0439971
21.754,0,0.000503663,0.0439971
21.756,0,0.00100733,0.0439971
21.758,0,0.00040293,0.0439971
21.76,0,0,0.0439971
21.762,0,0.000805861,0.0439971
21.764,0,0.000302198,0.0439971
21.766,0,0.000805861,0.0439971
21.768,0,0.00040293,0.0439971
21.77,0,0.000503663,0.0439971
21.772,0,0.000503663,0.0439744
21.774,0,0.000503663,0.0436615
21.776,0,0.000805861,0.0433531
21.778,0,0.000503663,0.0430483
21.78,0,0.000604396,0.0427492
21.782,0,0.000201465,0.0424536
21.784,0,0.000503663,0.0421611
21.786,0,0.000503663,0.0418728
21.788,0,0.00110806,0.0415905
21.79,0,0.00040293,0.0413098
21.792,0,0.000201465,0.0410331
21.794,0,0.000805861,0.0407611
21.796,0,0.000705128,0.0404921
21.798,0,0.00120879,0.0402267
21.8,0,0.000503663,0.0399648
21.802,0,0.000604396,0.0397063
21.804,0,0.000604396,0.039451
21.806,0,0.00040293,0.0391983
21.808,0,0.000503663,0.0389492
21.81,0,0.00040293,0.0387041
21.812,0,0.000503663,0.0384615
21.814,0,0.000100733,0.0382219
21.816,0,0.000503663,0.0379854
21.818,0,0.00120879,0.0377518
21.82,0,-0.000100733,0.037521
21.822,0,0.00040293,0.0372924
21.824,0,0.000302198,0.0370672
21.826,0,0.000906593,0.0368447
21.828,0,0.00040293,0.0366245
21.83,0,0.00040293,0.0364073
21.832,0,0.000503663,0.0361931
21.834,0,0,0.0339852
21.836,0,0.000201465,0.0339852
21.838,0,0.00040293,0.0339852
21.84,0,0.000604396,0.0339852
21.842,0,0,0.0339852
21.844,0,0.000805861,0.0339852
21.846,0,0.00040293,0.0339852
21.848,0,0.000604396,0.0339852
21.85,0,0.000906593,0.0339852
21.852,0,0.000805861,0.0339852
21.854,0,0.00100733,0.0339852
21.856,0,0.000201465,0.0339852
21.858,0,0.000906593,0.0339852
21.86,0,0.000604396,0.0339852
21.862,0,0.000100733,0.0339852
21.864,0,0.00040293,0.0339852
21.866,0,0,0.0339852
21.868,0,0.000805861,0.0339852
21.87,0,0.000906593,0.0339852
21.872,0,0,0.0339852
21.874,0,0.000302198,0.0339852
21.876,0,0.00110806,0.0339852
21.878,0,0.000705128,0.0339852
21.88,0,0.000705128,0.0339852
21.882,0,0.000302198,0.0339852
21.884,0,0.000604396,0.0339852
21.886,0,0.000302198,0.0339852
21.888,0,0.000503663,0.0339852
21.89,0,0.000302198,0.0339852
21.892,0,0.000906593,0.0339852
21.894,0,0.000906593,0.0339852
21.896,0,0.000604396,0.0339852
21.898,0,0.000302198,0.0339852
21.9,0,0.00110806,0.0339852
21.902,0,0.000503663,0.0339852
21.904,0,0.000604396,0.0339852
21.906,0,0.000604396,0.0339852
21.908,0,0.000100733,0.0339852
21.91,0,0.000503663,0.0339852
21.912,0,0.000705128,0.0339852
21.914,0,0.000906593,0.0339852
21.916,0,0.000906593,0.0339852
21.918,0,0.000201465,0.0339852
21.92,0,-0.000302198,0.0339852
21.922,0,0.000705128,0.0339852
21.924,0,0.000503663,0.0339852
21.926,0,0.000503663,0.0339852
21.928,0,0.00040293,0.0339852
21.93,0,0.000705128,0.0339852
21.932,0,-0.000100733,0.0339852
21.934,0,0.000201465,0.0339852
21.936,0,0.00040293,0.0339852
21.938,0,0.000503663,0.0339852
21.94,0,0.00040293,0.0339852
21.942,0,0.000503663,0.0339852
21.944,0,0.000503663,0.0339852
21.946,0,0.00110806,0.0339852
21.948,0,0.000201465,0.0339852
21.95,0,0.000906593,0.0339852
21.952,0,0.00100733,0.0339852
21.954,0,0.000100733,0.0339852
21.956,0,-0.000100733,0.0339852
21.958,0,0.000201465,0.0339852
21.96,0,0.000201465,0.0339852
21.962,0,-0.000503663,0.0339852
21.964,0,0.000201465,0.0339852
21.966,0,0.000805861,0.0339852
21.968,0,-0.000201465,0.0339852
21.97,0,0.00100733,0.0339852
21.972,0,0.000100733,0.0339852
21.974,0,0.000201465,0.0339852
21.976,0,0,0.0339852
21.978,0,0.000604396,0.0339852
21.98,0,0.000705128,0.0339852
21.982,0,0.000100733,0.0339852
21.984,0,0.000201465,0.0339852
21.986,0,-0.00040293,0.0339852
21.988,0,0.000805861,0.0339852
21.99,0,0.000201465,0.0339852
21.992,0,0.000302198,0.0339852
21.994,0,0.000604396,0.0339852
21.996,0,0.000100733,0.0339852
21.998,0,-0.00040293,0.0339852
22,0.1,0.00110806,0.0339852
22.002,0.1,0.000100733,0.0339852
22.004,0.1,0.000503663,0.0339852
22.006,0.1,0.000302198,0.0339852
22.008,0.1,0.000201465,0.0339852
22.01,0.1,0.000503663,0.0339852
22.012,0.1,0,0.0339852
22.014,0.1,0.000100733,0.0339852
22.016,0.1,0.000100733,0.0339852
22.018,0.1,0.000705128,0.0339852
22.02,0.1,0.000302198,0.0339852
22.022,0.1,0,0.0339852
22.024,0.1,0.000100733,0.0339852
22.026,0.1,0.000604396,0.0339852
22.028,0.1,0.000805861,0.0339852
22.03,0.1,0.000705128,0.0339852
22.032,0.1,0.000201465,0.0339852
22.034,0.1,0.000705128,0.0339852
22.036,0.1,-0.000201465,0.0339852
22.038,0.1,0.000503663,0.0339852
22.04,0.1,0.000705128,0.0339852
22.042,0.1,0,0.0339852
22.044,0.1,-0.000201465,0.0339852
22.046,0.1,0.000201465,0.0339852
22.048,0.1,0.000302198,0.0339852
22.05,0.1,0.000705128,0.0339852
22.052,0.1,0.000201465,0.0339852
22.054,0.1,0.000503663,0.0339852
22.056,0.1,0.000201465,0.0339852
22.058,0.1,0.000201465,0.0339852
22.06,0.1,0.00120879,0.0339852
22.062,0.1,0.00040293,0.0339852
22.064,0.1,0.000906593,0.0339852
22.066,0.1,-0.000302198,0.0339852
22.068,0.1,0.000805861,0.0339852
22.07,0.1,0.000604396,0.0339852
22.072,0.1,0.000705128,0.0339852
22.074,0.1,0,0.0339852
22.076,0.1,0.00040293,0.0339852
22.078,0.1,0.000805861,0.0339852
22.08,0.1,0,0.0339852
22.082,0.1,0.000503663,0.0339852
22.084,0.1,0.000302198,0.0339852
22.086,0.1,0.00100733,0.0339852
22.088,0.1,0.000805861,0.0339852
22.09,0.1,0.00110806,0.0339852
22.092,0.1,0.000201465,0.0339852
22.094,0.1,0.00040293,0.0339852
22.096,0.1,0.000503663,0.0339852
22.098,0.1,0.00040293,0.0339852
22.1,0.1,0.000201465,0.0339852
22.102,0.1,0.000906593,0.0339852
22.104,0.1,0.000705128,0.0339852
22.106,0.1,-0.000100733,0.0339852
22.108,0.1,-0.000201465,0.0339852
22.11,0.1,0.000604396,0.0339852
22.112,0.1,0.00040293,0.0339852
22.114,0.1,-0.000100733,0.0339852
22.116,0.1,0,0.0339852
22.118,0.1,0.00040293,0.0339852
22.12,0.1,0.000100733,0.0339852
22.122,0.1,0.000906593,0.0339852
22.124,0.1,0.00040293,0.0339852
22.126,0.1,0.00040293,0.0339852
22.128,0.1,0.000503663,0.0339852
22.13,0.1,0.000302198,0.0339852
22.132,0.1,0.00040293,0.0339852
22.134,0.1,0.000805861,0.0339852
22.136,0.1,0.000302198,0.0339852
22.138,0.1,0.00110806,0.0396644
22.14,0.1,0.00040293,0.0396644
22.142,0.1,0.00040293,0.0396644
22.144,0.1,0,0.0396644
22.146,0.1,0,0.0396644
22.148,0.1,0.000100733,0.0396644
22.15,0.1,0.000201465,0.0396644
22.152,0.1,-0.000100733,0.0396644
22.154,0.1,-0.00040293,0.0396644
22.156,0.1,0.000705128,0.0396644
22.158,0.1,0.000503663,0.0396644
22.16,0.1,0.000201465,0.0396644
22.162,0.1,0.000201465,0.0396644
22.164,0.1,-0.000201465,0.0396644
22.166,0.1,0.000705128,0.0396644
22.168,0.1,0.00040293,0.0396644
22.17,0.1,0,0.0396644
22.172,0.1,0.000100733,0.0396644
22.174,0.1,0,0.0396644
22.176,0.1,0.000100733,0.0396644
22.178,0.1,0.00040293,0.0396644
22.18,0.1,0.00040293,0.0396644
22.182,0.1,0.000302198,0.0396644
22.184,0.1,0,0.0396644
22.186,0.1,0,0.0396644
22.188,0.1,0.000503663,0.0396644
22.19,0.1,0.000906593,0.0396644
22.192,0.1,0.000302198,0.0396644
22.194,0.1,0.00100733,0.0396644
22.196,0.1,0.000302198,0.0396644
22.198,0.1,0.000805861,0.0396644
22.2,0.1,0.000100733,0.0396644
22.202,0.1,0.00040293,0.0396644
22.204,0.1,-0.000201465,0.0396644
22.206,0.1,-0.000201465,0.0396644
22.208,0.1,0.000302198,0.0396644
22.21,0.1,0.000503663,0.0396644
22.212,0.1,0.000302198,0.0396644
22.214,0.1,0,0.0396644
22.216,0.1,0.000503663,0.0396644
22.218,0.1,0.000201465,0.0396644
22.22,0.1,0.000201465,0.0396644
22.222,0.1,0.000201465,0.0396644
22.224,0.1,0.000604396,0.0396644
22.226,0.1,0.000201465,0.0396644
22.228,0.1,-0.000201465,0.0396644
22.23,0.1,0.000906593,0.0396644
22.232,0.1,-0.000302198,0.0396644
22.234,0.1,0.000604396,0.0396644
22.236,0.1,0.000100733,0.0396644
22.238,0.1,0.000906593,0.0396644
22.24,0.1,0.000604396,0.0396644
22.242,0.1,0.000302198,0.0396644
22.244,0.1,0.00040293,0.0396644
22.246,0.1,0.000302198,0.0396644
22.248,0.1,0.000604396,0.0396644
22.25,0.1,0.000201465,0.0396644
22.252,0.1,0.000906593,0.0396644
22.254,0.1,0.000201465,0.0396644
22.256,0.1,0.000201465,0.0396644
22.258,0.1,0.00040293,0.0396644
22.26,0.1,0.000302198,0.0396644
22.262,0.1,0.000805861,0.0396644
22.264,0.1,0.000705128,0.0396644
22.266,0.1,-0.000302198,0.0396644
22.268,0.1,0.000302198,0.0396644
22.27,0.1,0.00040293,0.0396644
22.272,0.1,0.000705128,0.0396644
22.274,0.1,0.000604396,0.0396644
22.276,0.1,-0.000100733,0.0396644
22.278,0.1,0.000805861,0.0396644
22.28,0.1,0.000503663,0.0396644
22.282,0.1,0.00040293,0.0396644
22.284,0.1,0.000201465,0.0396644
22.286,0.1,0.00120879,0.0396644
22.288,0.1,-0.000100733,0.0396644
22.29,0.1,0.000100733,0.0396644
22.292,0.1,-0.000100733,0.0396644
22.294,0.1,0.000604396,0.0396644
22.296,0.1,0.000201465,0.0396644
22.298,0.1,0.000302198,0.0396644
22.3,0.1,0.000705128,0.0396644
22.302,0.1,0.00040293,0.0396644
22.304,0.1,0.00040293,0.0396644
22.306,0.1,0.00110806,0.0396644
22.308,0.1,-0.000302198,0.0396644
22.31,0.1,0.000503663,0.0396644
22.312,0.1,0.000100733,0.0396644
22.314,0.1,0.000201465,0.0396644
22.316,0.1,0.000100733,0.0396644
22.318,0.1,0.000302198,0.0396644
22.32,0.1,0.000201465,0.0396644
22.322,0.1,0.000503663,0.0396644
22.324,0.1,0.00040293,0.0396644
22.326,0.1,0.000805861,0.0396644
22.328,0.1,-0.000100733,0.0396644
22.33,0.1,-0.000302198,0.0396644
22.332,0.1,0.000302198,0.0396644
22.334,0.1,0.000503663,0.0396644
22.336,0.1,0.000604396,0.0396644
22.338,0.1,0.000705128,0.0396644
22.34,0.1,0.000805861,0.0396644
22.342,0.1,0.000201465,0.0396644
22.344,0.1,0.000100733,0.0396644
22.346,0.1,0.000805861,0.0396644
22.348,0.1,0.000302198,0.0396644
22.35,0.1,0.00040293,0.0396644
22.352,0.1,0.000705128,0.0396644
22.354,0.1,0.000503663,0.0396644
22.356,0.1,0,0.0396644
22.358,0.1,0.000604396,0.0396644
22.36,0.1,0.00040293,0.0396644
22.362,0.1,0.000906593,0.0396644
22.364,0.1,0.00100733,0.0396644
22.366,0.1,0.000201465,0.0396644
22.368,0.1,0.000604396,0.0396644
22.37,0.1,0.000604396,0.0396644
22.372,0.1,0,0.0396644
22.374,0.1,0,0.0396644
22.376,0.1,0.000503663,0.0396644
22.378,0.1,-0.000201465,0.0396644
22.38,0.1,0,0.0396644
22.382,0.1,0.000906593,0.0396644
22.384,0.1,0.000302198,0.0396644
22.386,0.1,0.000906593,0.0396644
22.388,0.1,0.000201465,0.0396644
22.39,0.1,0.000201465,0.0396644
22.392,0.1,0.000604396,0.0396644
22.394,0.1,0.000302198,0.0396644
22.396,0.1,0.000302198,0.0396644
22.398,0.1,0.000201465,0.0396644
22.4,0.1,0.000302198,0.0396644
22.402,0.1,0.000201465,0.0396644
22.404,0.1,0.000100733,0.0396644
22.406,0.1,0.000705128,0.0396644
22.408,0.1,0.000302198,0.0396644
22.41,0.1,0.000906593,0.0396644
22.412,0.1,-0.000100733,0.0396644
22.414,0.1,-0.000100733,0.0396644
22.416,0.1,0.000201465,0.0396644
22.418,0.1,0.000503663,0.0396644
22.42,0.1,0.00040293,0.0396644
22.422,0.1,0.000604396,0.0396644
22.424,0.1,0.00100733,0.0396644
22.426,0.1,0.000705128,0.0396644
22.428,0.1,0.000705128,0.0396644
22.43,0.1,-0.000201465,0.0396644
22.432,0.1,0.000100733,0.0396644
22.434,0.1,0.000705128,0.0396644
22.436,0.1,0.000302198,0.0396644
22.438,0.1,0.000705128,0.0396644
22.44,0.1,-0.000201465,0.0396644
22.442,0.1,0.000604396,0.0396644
22.444,0.1,0.00040293,0.0396644
22.446,0.1,0.000906593,0.0396644
22.448,0.1,0.000100733,0.039541
22.45,0.1,0.000201465,0.0392879
22.452,0.1,0.00110806,0.0390374
22.454,0.1,0.000100733,0.0387912
22.456,0.1,0.000302198,0.0385476
22.458,0.1,0.00110806,0.0383065
22.46,0.1,0.000302198,0.0380688
22.462,0.1,0.000604396,0.0378342
22.464,0.1,0.00040293,0.0376024
22.466,0.1,-0.000100733,0.0373734
22.468,0.1,0.00040293,0.0371467
22.47,0.1,-0.000705128,0.0369232
22.472,0.1,-0.000100733,0.036703
22.474,0.1,0.000805861,0.0364842
22.476,0.1,0.000201465,0.0362686
22.478,0.1,0.000705128,0.0360555
22.48,0.1,0.000604396,0.0357403
22.482,0.1,0.00141026,0.0355338
22.484,0.1,0.000302198,0.0353287
22.486,0.1,0.000201465,0.0351262
22.488,0.1,0.000201465,0.0349273
22.49,0.1,0.000604396,0.0347291
22.492,0.1,-0.000201465,0.0345334
22.494,0.1,0.00040293,0.0343405
22.496,0.1,0.00040293,0.0341494
22.498,0.1,0.000302198,0.0339604
22.5,0.1,0.000503663,0.0337736
22.502,0.1,0.000906593,0.0335879
22.504,0.1,0.00040293,0.0334051
22.506,0.1,0.000906593,0.0332243
22.508,0.1,0.000302198,0.0330459
22.51,0.1,0,0.0328685
22.512,0.1,0.000100733,0.0326934
22.514,0.1,0.000201465,0.0325201
22.516,0.1,0,0.0323487
22.518,0.1,-0.000302198,0.0321792
22.52,0.1,-0.000302198,0.032011
22.522,0.1,0.000906593,0.0318448
22.524,0.1,0.000805861,0.0316804
22.526,0.1,0.000805861,0.0364458
22.528,0.1,0.000503663,0.0364458
22.53,0.1,0,0.0364458
22.532,0.1,0.000201465,0.0364458
22.534,0.1,-0.000201465,0.0364458
22.536,0.1,0.000705128,0.0364458
22.538,0.1,0.000201465,0.0364458
22.54,0.1,-0.000201465,0.0364458
22.542,0.1,0,0.0364458
22.544,0.1,0.000705128,0.0364458
22.546,0.1,0.000503663,0.0364458
22.548,0.1,0.000201465,0.0364458
22.55,0.1,0.000302198,0.0364458
22.552,0.1,0.000302198,0.0364458
22.554,0.1,0.000503663,0.0364458
22.556,0.1,0,0.0364458
22.558,0.1,0.000604396,0.0364458
22.56,0.1,0.000201465,0.0364458
22.562,0.1,0.00151099,0.0364458
22.564,0.1,0.000302198,0.0364458
22.566,0.1,0.000604396,0.0364458
22.568,0.1,-0.000100733,0.0364458
22.57,0.1,0.00040293,0.0364458
22.572,0.1,-0.000100733,0.0364458
22.574,0.1,0.000302198,0.0364458
22.576,0.1,0.00040293,0.0364458
22.578,0.1,0.000302198,0.0364458
22.58,0.1,0.000805861,0.0364458
22.582,0.1,0.000906593,0.0364458
22.584,0.1,0.000604396,0.0364458
22.586,0.1,0.000503663,0.0364458
22.588,0.1,-0.000100733,0.0364458
22.59,0.1,-0.000201465,0.0364458
22.592,0.1,-0.000100733,0.0364458
22.594,0.1,0.000302198,0.0364458
22.596,0.1,0.000503663,0.0364458
22.598,0.1,0.000201465,0.0364458
22.6,0.1,0.00040293,0.0364458
22.602,0.1,0.000201465,0.0364458
22.604,0.1,0.00040293,0.0364458
22.606,0.1,0.00040293,0.0364458
22.608,0.1,0.000705128,0.0364458
22.61,0.1,0.000503663,0.0364458
22.612,0.1,0.000503663,0.0364458
22.614,0.1,0.000100733,0.0364458
22.616,0.1,0.000201465,0.0364458
22.618,0.1,-0.000201465,0.0364458
22.62,0.1,0.00040293,0.0364458
22.622,0.1,0.00040293,0.0364458
22.624,0.1,-0.000100733,0.0364458
22.626,0.1,0,0.0364458
22.628,0.1,0.000503663,0.0364458
22.63,0.1,0.00040293,0.0364458
22.632,0.1,0.000302198,0.0364458
22.634,0.1,0.000906593,0.0364458
22.636,0.1,-0.000100733,0.0364458
22.638,0.1,0.000503663,0.0364458
22.64,0.1,0.000201465,0.0364458
22.642,0.1,0.00040293,0.0364458
22.644,0.1,0.000201465,0.0364458
22.646,0.1,0.000302198,0.0364458
22.648,0.1,0.000201465,0.0364458
22.65,0.1,0,0.0364458
22.652,0.1,0.000604396,0.0364458
22.654,0.1,-0.000201465,0.0364458
22.656,0.1,0.000503663,0.0364458
22.658,0.1,-0.000503663,0.0364458
22.66,0.1,0,0.0364458
22.662,0.1,0.000503663,0.0364458
22.664,0.1,0.000604396,0.0364458
22.666,0.1,0.00040293,0.0364458
22.668,0.1,0.00040293,0.0364458
22.67,0.1,0.000705128,0.0364458
22.672,0.1,0,0.0364458
22.674,0.1,0.000201465,0.0364458
22.676,0.1,0.000604396,0.0364458
22.678,0.1,0.00040293,0.0364458
22.68,0.1,0.000604396,0.0364458
22.682,0.1,0.000302198,0.0364458
22.684,0.1,-0.000503663,0.0364458
22.686,0.1,0.00040293,0.0364458
22.688,0.1,0.000302198,0.0364458
22.69,0.1,0.000201465,0.0364458
22.692,0.1,0.000201465,0.0364458
22.694,0.1,-0.000201465,0.0364458
22.696,0.1,0.000503663,0.0364458
22.698,0.1,0.000100733,0.0364458
22.7,0.1,0.000201465,0.0364458
22.702,0.1,0.000201465,0.0364458
22.704,0.1,0.000503663,0.0364458
22.706,0.1,0.000805861,0.0364458
22.708,0.1,0,0.0364458
22.71,0.1,0.000503663,0.0364458
22.712,0.1,0.000201465,0.0364458
22.714,0.1,-0.000100733,0.0364458
22.716,0.1,0.000100733,0.0364458
22.718,0.1,-0.000503663,0.0364458
22.72,0.1,-0.000201465,0.0364458
22.722,0.1,0,0.0364458
22.724,0.1,-0.000100733,0.0364458
22.726,0.1,0.000503663,0.0364458
22.728,0.1,0.00040293,0.0364458
22.73,0.1,0.000503663,0.0364458
22.732,0.1,0.00040293,0.0364458
22.734,0.1,0.000100733,0.0364458
22.736,0.1,0.000100733,0.0364458
22.738,0.1,-0.00040293,0.0364458
22.74,0.1,-0.00040293,0.0364458
22.742,0.1,0.000302198,0.0364458
22.744,0.1,0.000604396,0.0364458
22.746,0.1,0.000302198,0.0364458
22.748,0.1,0.00040293,0.0364458
22.75,0.1,0.000503663,0.0364458
22.752,0.1,0.00040293,0.0364458
22.754,0.1,0.000302198,0.0364458
22.756,0.1,0.000302198,0.0364458
22.758,0.1,0.000201465,0.0364458
22.76,0.1,0.000705128,0.0364458
22.762,0.1,0.000302198,0.0364458
22.764,0.1,0.000604396,0.0364458
22.766,0.1,0.000503663,0.0364458
22.768,0.1,0.000503663,0.0364458
22.77,0.1,0.000100733,0.0364458
22.772,0.1,0.00040293,0.0364458
22.774,0.1,0.00040293,0.0364458
22.776,0.1,0.000705128,0.0364458
22.778,0.1,0.000805861,0.0364458
22.78,0.1,0.000302198,0.0364458
22.782,0.1,0.000805861,0.0364458
22.784,0.1,0,0.0364458
22.786,0.1,0.000100733,0.0364458
22.788,0.1,0.000503663,0.0364458
22.79,0.1,-0.000100733,0.0364458
22.792,0.1,0.000906593,0.0364458
22.794,0.1,0.000604396,0.0364458
22.796,0.1,0.00110806,0.0364458
22.798,0.1,0.000201465,0.0364458
22.8,0.1,0.000604396,0.0364458
22.802,0.1,0.000604396,0.0364458
22.804,0.1,0.00040293,0.0364458
22.806,0.1,0.000705128,0.0364458
22.808,0.1,0.000302198,0.0364458
22.81,0.1,0.000201465,0.0364458
22.812,0.1,0.000503663,0.0364458
22.814,0.1,0.000100733,0.0364458
22.816,0.1,0.000302198,0.0364458
22.818,0.1,0.000503663,0.0364458
22.82,0.1,0.000302198,0.0364458
22.822,0.1,0.000705128,0.0364458
22.824,0.1,0.000604396,0.0364458
22.826,0.1,0.000805861,0.0364458
22.828,0.1,0.00141026,0.0364458
22.83,0.1,0.000100733,0.0364458
22.832,0.1,0.00040293,0.0364458
22.834,0.1,-0.000302198,0.0364458
22.836,0.1,0.000604396,0.0364458
22.838,0.1,0.000805861,0.0364458
22.84,0.1,0.00040293,0.0364458
22.842,0.1,0.000100733,0.0364458
22.844,0.1,0.00040293,0.0364458
22.846,0.1,0.000201465,0.0364458
22.848,0.1,0.000705128,0.0364458
22.85,0.1,0.000604396,0.0364458
22.852,0.1,0,0.0364458
22.854,0.1,0.000302198,0.0364458
22.856,0.1,0.000503663,0.0364458
22.858,0.1,0.000302198,0.0364458
22.86,0.1,0.000805861,0.0364458
22.862,0.1,-0.000201465,0.0364009
22.864,0.1,0.00040293,0.0361869
22.866,0.1,0.000705128,0.0359747
22.868,0.1,0.000503663,0.0357652
22.87,0.1,0.00040293,0.0355572
22.872,0.1,-0.00040293,0.0353525
22.874,0.1,0.000100733,0.0351506
22.876,0.1,-0.000302198,0.0349504
22.878,0.1,0.00040293,0.0347521
22.88,0.1,0.000906593,0.0345566
22.882,0.1,0.000201465,0.0343632
22.884,0.1,0.000604396,0.0341715
22.886,0.1,0.000604396,0.0339819
22.888,0.1,0.000805861,0.0337953
22.89,0.1,0.000604396,0.0336099
22.892,0.1,0,0.0334266
22.894,0.1,0,0.033246
22.896,0.1,0.000100733,0.0330664
22.898,0.1,-0.000201465,0.0328889
22.9,0.1,0.00120879,0.0327141
22.902,0.1,0.000201465,0.0325404
22.904,0.1,0.00040293,0.0323685
22.906,0.1,0.000906593,0.0321991
22.908,0.1,0,0.0320308
22.91,0.1,0.000302198,0.0318642
22.912,0.1,0,0.0317
22.914,0.1,0.000805861,0.0315372
22.916,0.1,0.000201465,0.0313756
22.918,0.1,0.000503663,0.0312157
22.92,0.1,-0.000302198,0.0310582
22.922,0.1,0,0.0309016
22.924,0.1,0.000201465,0.0307465
22.926,0.1,0.000100733,0.0305936
22.928,0.1,0.00040293,0.0304416
22.93,0.1,0.00100733,0.0302917
22.932,0.1,-0.000100733,0.0301427
22.934,0.1,0.00100733,0.0299951
22.936,0.1,0.000705128,0.0298497
22.938,0.1,0.000604396,0.0297049
22.94,0.1,-0.000201465,0.0295615
22.942,0.1,-0.000100733,0.0294202
22.944,0.1,0.000201465,0.0292793
22.946,0.1,0.000906593,0.0291406
22.948,0.1,0.000201465,0.029003
22.95,0.1,0.00120879,0.0288663
22.952,0.1,0.00110806,0.0287309
22.954,0.1,0.000906593,0.0285975
22.956,0.1,0,0.0284646
22.958,0.1,0.000503663,0.0283329
22.96,0.1,0.000604396,0.0282028
22.962,0.1,0.000503663,0.0280741
22.964,0.1,0.000201465,0.0279458
22.966,0.1,0.000100733,0.0278195
22.968,0.1,0.00040293,0.0276937
22.97,0.1,0.000805861,0.0275696
22.972,0.1,0.000906593,0.0274461
22.974,0.1,0.000604396,0.0273237
22.976,0.1,0.00040293,0.0272024
22.978,0.1,0.00040293,0.0270827
22.98,0.1,0.000705128,0.0269635
22.982,0.1,-0.000100733,0.0268459
22.984,0.1,0.000201465,0.0267287
22.986,0.1,0.000503663,0.0266126
22.988,0.1,0.000100733,0.0264977
22.99,0.1,0,0.0263841
22.992,0.1,0.000201465,0.026271
22.994,0.1,0.00040293,0.0261588
22.996,0.1,0.000201465,0.0260481
22.998,0.1,0,0.025938
23,0.2,0.000503663,0.0272682
23.002,0.2,0.00120879,0.0272682
23.004,0.2,0.000906593,0.0272682
23.006,0.2,0.00120879,0.0272682
23.008,0.2,0.00130952,0.0272682
23.01,0.2,0.00130952,0.0272682
23.012,0.2,0.00110806,0.0272682
23.014,0.2,0.00161172,0.0272682
23.016,0.2,0.00141026,0.0272682
23.018,0.2,0.000805861,0.0272682
23.02,0.2,0.00110806,0.0272682
23.022,0.2,0.000906593,0.0272682
23.024,0.2,0.000906593,0.0272682
23.026,0.2,0.00120879,0.0272682
23.028,0.2,0.00171245,0.0272682
23.03,0.2,0.00110806,0.0272682
23.032,0.2,0.00110806,0.0272682
23.034,0.2,0.00151099,0.0272682
23.036,0.2,0.00161172,0.0272682
23.038,0.2,0.00110806,0.0272682
23.04,0.2,0.00040293,0.0272682
23.042,0.2,0.00110806,0.0272682
23.044,0.2,0.00141026,0.0272682
23.046,0.2,0.000906593,0.0272682
23.048,0.2,0.00130952,0.0272682
23.05,0.2,0.00130952,0.0272682
23.052,0.2,0.00100733,0.0272682
23.054,0.2,0.00120879,0.0272682
23.056,0.2,0.00130952,0.0272682
23.058,0.2,0.00100733,0.0272682
23.06,0.2,0.000705128,0.0272682
23.062,0.2,0.00110806,0.0272682
23.064,0.2,0.000906593,0.0272682
23.066,0.2,0.00191392,0.0272682
23.068,0.2,0.00161172,0.0272682
23.07,0.2,0.00120879,0.0272682
23.072,0.2,0.00191392,0.0272682
23.074,0.2,0.00161172,0.0272682
23.076,0.2,0.00120879,0.0272682
23.078,0.2,0.000906593,0.0272682
23.08,0.2,0.00161172,0.0272682
23.082,0.2,0.00130952,0.0272682
23.084,0.2,0.00141026,0.0272682
23.086,0.2,0.00100733,0.0272682
23.088,0.2,0.000302198,0.0272682
23.09,0.2,0.000906593,0.0272682
23.092,0.2,0.000805861,0.0272682
23.094,0.2,0.00161172,0.0272682
23.096,0.2,0.00161172,0.0272682
23.098,0.2,0.00120879,0.0272682
23.1,0.2,0.00100733,0.0272682
23.102,0.2,0.000705128,0.0272682
23.104,0.2,0.00120879,0.0272682
23.106,0.2,0.000705128,0.0272682
23.108,0.2,0.00100733,0.0272682
23.11,0.2,0.00151099,0.0272682
23.112,0.2,0.00191392,0.0272682
23.114,0.2,0.00130952,0.0272682
23.116,0.2,0.000201465,0.0272682
23.118,0.2,0.00100733,0.0272682
23.12,0.2,0.000604396,0.0272682
23.122,0.2,0.000705128,0.0272682
23.124,0.2,0.00110806,0.0272682
23.126,0.2,0.000805861,0.0272682
23.128,0.2,0.00130952,0.0272682
23.13,0.2,0.00130952,0.0272682
23.132,0.2,0.00171245,0.0272682
23.134,0.2,0.000705128,0.0272682
23.136,0.2,0.00040293,0.0272682
23.138,0.2,0.00130952,0.0272682
23.14,0.2,0.000805861,0.0272682
23.142,0.2,0.000604396,0.0272682
23.144,0.2,0.00141026,0.0272682
23.146,0.2,0.00120879,0.0272682
23.148,0.2,0.000906593,0.0272682
23.15,0.2,0.00110806,0.0272682
23.152,0.2,0.00110806,0.0272682
23.154,0.2,0.000705128,0.0272682
23.156,0.2,0.00100733,0.0272682
23.158,0.2,0.00161172,0.0272682
23.16,0.2,0.00100733,0.0272682
23.162,0.2,0.00171245,0.0272682
23.164,0.2,0.00040293,0.0272682
23.166,0.2,0.00100733,0.0272682
23.168,0.2,0.00100733,0.0272682
23.17,0.2,0.000805861,0.0272682
23.172,0.2,0.000805861,0.0272682
23.174,0.2,0.000906593,0.0272682
23.176,0.2,0.000805861,0.0272682
23.178,0.2,0.00151099,0.0272682
23.18,0.2,0.000906593,0.0272682
23.182,0.2,0.00141026,0.0272682
23.184,0.2,0.00171245,0.0272682
23.186,0.2,0.00151099,0.0272682
23.188,0.2,0.000805861,0.0272682
23.19,0.2,0.00141026,0.0272682
23.192,0.2,0.000906593,0.0272682
23.194,0.2,0.00110806,0.0272682
23.196,0.2,0.000503663,0.0272682
23.198,0.2,0.00141026,0.0272682
23.2,0.2,0.00120879,0.0272682
23.202,0.2,0.000906593,0.0272682
23.204,0.2,0.00141026,0.0272682
23.206,0.2,0.00100733,0.0272682
23.208,0.2,0.00100733,0.0272682
23.21,0.2,0.00110806,0.0272682
23.212,0.2,0.00130952,0.0272682
23.214,0.2,0.00130952,0.0272682
23.216,0.2,0.00161172,0.0272682
23.218,0.2,0.00100733,0.0272682
23.22,0.2,0.00130952,0.0272682
23.222,0.2,0.00130952,0.0272682
23.224,0.2,0.00130952,0.0272682
23.226,0.2,0.00120879,0.0272682
23.228,0.2,0.00161172,0.0272682
23.23,0.2,0.00100733,0.0272682
23.232,0.2,0.00130952,0.0272682
23.234,0.2,0.00110806,0.0272682
23.236,0.2,0.000604396,0.0272682
23.238,0.2,0.00100733,0.0272682
23.24,0.2,0.00151099,0.0272682
23.242,0.2,0.00110806,0.0272682
23.244,0.2,0.00040293,0.0272682
23.246,0.2,0.00110806,0.0272682
23.248,0.2,0.00110806,0.0272682
23.25,0.2,0.00141026,0.0272682
23.252,0.2,0.00100733,0.0272682
23.254,0.2,0.00120879,0.0272682
23.256,0.2,0.00141026,0.0272682
23.258,0.2,0.00110806,0.0272682
23.26,0.2,0.00120879,0.0272682
23.262,0.2,0.000906593,0.0272682
23.264,0.2,0.00100733,0.0272682
23.266,0.2,0.00141026,0.0272682
23.268,0.2,0.00130952,0.0272682
23.27,0.2,0.00040293,0.0272682
23.272,0.2,0.000906593,0.0272682
23.274,0.2,0.000604396,0.0272682
23.276,0.2,0.00130952,0.0272682
23.278,0.2,0.00181319,0.0272682
23.28,0.2,0.00130952,0.0272682
23.282,0.2,0.00100733,0.0272682
23.284,0.2,0.00120879,0.0272682
23.286,0.2,0.00110806,0.0272682
23.288,0.2,0.000906593,0.0317117
23.29,0.2,0.00120879,0.0317117
23.292,0.2,0.00181319,0.0317117
23.294,0.2,0.00110806,0.0317117
23.296,0.2,0.00110806,0.0317117
23.298,0.2,0.00171245,0.0317117
23.3,0.2,0.000906593,0.0317117
23.302,0.2,0.00110806,0.0317117
23.304,0.2,0.00141026,0.0317117
23.306,0.2,0.00130952,0.0317117
23.308,0.2,0.00100733,0.0317117
23.31,0.2,0.000503663,0.0317117
23.312,0.2,0.000604396,0.0317117
23.314,0.2,0.00100733,0.0317117
23.316,0.2,0.00110806,0.0317117
23.318,0.2,0.00100733,0.0317117
23.32,0.2,0.000906593,0.0317117
23.322,0.2,0.00100733,0.0317117
23.324,0.2,0.000906593,0.0317117
23.326,0.2,0.00110806,0.0317117
23.328,0.2,0.00100733,0.0317117
23.33,0.2,0.00120879,0.0317117
23.332,0.2,0.000906593,0.0317117
23.334,0.2,0.00100733,0.0317117
23.336,0.2,0.00141026,0.0317117
23.338,0.2,0.000705128,0.0317117
23.34,0.2,0.00130952,0.0317117
23.342,0.2,0.000302198,0.0317117
23.344,0.2,0.00120879,0.0317117
23.346,0.2,0.00100733,0.0317117
23.348,0.2,0.000906593,0.0317117
23.35,0.2,0.000906593,0.0317117
23.352,0.2,0.00110806,0.0317117
23.354,0.2,0.00100733,0.0317117
23.356,0.2,0.00191392,0.0317117
23.358,0.2,0.00130952,0.0317117
23.36,0.2,0.000906593,0.0317117
23.362,0.2,0.000906593,0.0317117
23.364,0.2,0.000805861,0.0317117
23.366,0.2,0.00110806,0.0317117
23.368,0.2,0.000503663,0.0317117
23.37,0.2,0.000604396,0.0317117
23.372,0.2,0.00161172,0.0317117
23.374,0.2,0.000604396,0.0317117
23.376,0.2,0.00110806,0.0317117
23.378,0.2,0.000302198,0.0317117
23.38,0.2,0.000805861,0.0317117
23.382,0.2,0.000805861,0.0317117
23.384,0.2,0.00141026,0.0317117
23.386,0.2,0.000503663,0.0317117
23.388,0.2,0.000805861,0.0317117
23.39,0.2,0.00110806,0.0317117
23.392,0.2,0.00181319,0.0317117
23.394,0.2,0.00130952,0.0317117
23.396,0.2,0.00110806,0.0317117
23.398,0.2,0.000906593,0.0317117
23.4,0.2,0.00120879,0.0317117
23.402,0.2,0.00171245,0.0317117
23.404,0.2,0.00110806,0.0317117
23.406,0.2,0.000705128,0.0317117
23.408,0.2,0.00130952,0.0317117
23.41,0.2,0.000302198,0.0317117
23.412,0.2,0.00040293,0.0317117
23.414,0.2,0.00100733,0.0317117
23.416,0.2,0.00120879,0.0317117
23.418,0.2,0.00110806,0.0317117
23.42,0.2,0.000805861,0.0317117
23.422,0.2,0.00141026,0.0317117
23.424,0.2,0.00100733,0.0317117
23.426,0.2,0.00040293,0.0317117
23.428,0.2,0.00171245,0.0317117
23.43,0.2,0.000906593,0.0317117
23.432,0.2,0.00130952,0.0317117
23.434,0.2,0.00130952,0.0317117
23.436,0.2,0.00181319,0.0317117
23.438,0.2,0.000906593,0.0317117
23.44,0.2,0.00100733,0.0317117
23.442,0.2,0.00120879,0.0317117
23.444,0.2,0.00120879,0.0317117
23.446,0.2,0.00141026,0.0317117
23.448,0.2,0.000705128,0.0317117
23.45,0.2,0.00130952,0.0317117
23.452,0.2,0.00141026,0.0317117
23.454,0.2,0.00040293,0.0317117
23.456,0.2,0.00120879,0.0317117
23.458,0.2,0.00100733,0.0317117
23.46,0.2,0.00100733,0.0317117
23.462,0.2,0.00151099,0.0317117
23.464,0.2,0.000604396,0.0317117
23.466,0.2,0.000503663,0.0317117
23.468,0.2,0.00151099,0.0317117
23.47,0.2,0.00110806,0.0317117
23.472,0.2,0.00100733,0.0317117
23.474,0.2,0.000906593,0.0317117
23.476,0.2,0.000906593,0.0317117
23.478,0.2,0.000906593,0.0317117
23.48,0.2,0.00100733,0.0317117
23.482,0.2,0.00120879,0.0317117
23.484,0.2,0.00120879,0.0317117
23.486,0.2,0.00110806,0.0317117
23.488,0.2,0.00130952,0.0317117
23.49,0.2,0.00130952,0.0317117
23.492,0.2,0.00130952,0.0317117
23.494,0.2,0.00120879,0.0317117
23.496,0.2,0.000805861,0.0317117
23.498,0.2,0.00130952,0.0317117
23.5,0.2,0.00100733,0.0317117
23.502,0.2,0.00161172,0.0317117
23.504,0.2,0.000705128,0.0317117
23.506,0.2,0.00181319,0.0317117
23.508,0.2,0.00181319,0.0317117
23.51,0.2,0.000906593,0.0317117
23.512,0.2,0.000906593,0.0317117
23.514,0.2,0.00100733,0.0317117
23.516,0.2,0.000705128,0.0317117
23.518,0.2,0.000906593,0.0317117
23.52,0.2,0.00130952,0.0317117
23.522,0.2,0.00100733,0.0317117
23.524,0.2,0.00110806,0.0317117
23.526,0.2,0.00141026,0.0317117
23.528,0.2,0.00120879,0.0317117
23.53,0.2,0.00100733,0.0317117
23.532,0.2,0.00110806,0.0317117
23.534,0.2,0.00171245,0.0487822
23.536,0.2,0.000604396,0.0487822
23.538,0.2,0.00130952,0.0487822
23.54,0.2,0.000906593,0.0487822
23.542,0.2,0.000302198,0.0487822
23.544,0.2,0.00130952,0.0487822
23.546,0.2,0.00130952,0.0487822
23.548,0.2,0.00110806,0.0487822
23.55,0.2,0.00110806,0.0487822
23.552,0.2,0.00141026,0.0487822
23.554,0.2,0.000604396,0.0487822
23.556,0.2,0.000705128,0.0487822
23.558,0.2,0.00120879,0.0487822
23.56,0.2,0.000503663,0.0487822
23.562,0.2,0.000705128,0.0487822
23.564,0.2,0.000906593,0.0487822
23.566,0.2,0.000705128,0.0487822
23.568,0.2,0.00130952,0.0487822
23.57,0.2,0.00171245,0.0487822
23.572,0.2,0.00120879,0.0487822
23.574,0.2,0.00110806,0.0487822
23.576,0.2,0.00161172,0.0487822
23.578,0.2,0.000503663,0.0487822
23.58,0.2,0.00120879,0.0487822
23.582,0.2,0.00141026,0.0487822
23.584,0.2,0.00191392,0.0487822
23.586,0.2,0.00100733,0.0487822
23.588,0.2,0.00151099,0.0487822
23.59,0.2,0.00151099,0.0487822
23.592,0.2,0.000705128,0.0487822
23.594,0.2,0.000705128,0.0487822
23.596,0.2,0.00100733,0.0487822
23.598,0.2,0.00040293,0.0487822
23.6,0.2,0.00151099,0.0487822
23.602,0.2,0.000604396,0.0487822
23.604,0.2,0.00141026,0.0487822
23.606,0.2,0.00100733,0.0487822
23.608,0.2,0.000906593,0.0487822
23.61,0.2,0.00120879,0.0487822
23.612,0.2,0.000906593,0.0487822
23.614,0.2,0.00100733,0.0487822
23.616,0.2,0.00120879,0.0487822
23.618,0.2,0.00100733,0.0487822
23.62,0.2,0.000805861,0.0487822
23.622,0.2,0.00120879,0.0487822
23.624,0.2,0.00120879,0.0487822
23.626,0.2,0.00161172,0.0487822
23.628,0.2,0.00130952,0.0487822
23.63,0.2,0.00100733,0.0487822
23.632,0.2,0.00161172,0.0487822
23.634,0.2,0.00130952,0.0487822
23.636,0.2,0.00130952,0.0487822
23.638,0.2,0.00120879,0.0487822
23.64,0.2,0.000705128,0.0487822
23.642,0.2,0.00120879,0.0487822
23.644,0.2,0.000906593,0.0487822
23.646,0.2,0.00040293,0.0487822
23.648,0.2,0.000906593,0.0487822
23.65,0.2,0.00130952,0.0487822
23.652,0.2,0.000805861,0.0487822
23.654,0.2,0.00100733,0.0487822
23.656,0.2,0.00110806,0.0487822
23.658,0.2,0.00130952,0.0487822
23.66,0.2,0.00151099,0.0487822
23.662,0.2,0.00141026,0.0487822
23.664,0.2,0.000604396,0.0487822
23.666,0.2,0.00151099,0.0487822
23.668,0.2,0.000906593,0.0487822
23.67,0.2,0.00100733,0.0487822
23.672,0.2,0.00151099,0.0487822
23.674,0.2,0.000906593,0.0487822
23.676,0.2,0.00120879,0.0487822
23.678,0.2,0.00120879,0.0487822
23.68,0.2,0.00181319,0.0487822
23.682,0.2,0.000906593,0.0487822
23.684,0.2,0.000503663,0.0487822
23.686,0.2,0.00151099,0.0487822
23.688,0.2,0.00151099,0.0487822
23.69,0.2,0.00040293,0.0487822
23.692,0.2,0.00120879,0.0487822
23.694,0.2,0.00110806,0.0487822
23.696,0.2,0.00181319,0.0487822
23.698,0.2,0.00161172,0.0487822
23.7,0.2,0.00191392,0.0487822
23.702,0.2,0.00100733,0.0487822
23.704,0.2,0.00110806,0.0487822
23.706,0.2,0.00141026,0.0487822
23.708,0.2,0.00110806,0.0487822
23.71,0.2,0.00110806,0.0487822
23.712,0.2,0.00151099,0.0487822
23.714,0.2,0.00211538,0.0487822
23.716,0.2,0.000805861,0.0487822
23.718,0.2,0.00161172,0.0487822
23.72,0.2,0.00201465,0.0487822
23.722,0.2,0.00120879,0.0487822
23.724,0.2,0.00120879,0.0487822
23.726,0.2,0.000805861,0.0487822
23.728,0.2,0.00110806,0.0487822
23.73,0.2,0.00100733,0.0487822
23.732,0.2,0.000805861,0.0487822
23.734,0.2,0.00151099,0.0487822
23.736,0.2,0.000805861,0.0487822
23.738,0.2,0.00151099,0.0487822
23.74,0.2,0.00110806,0.0487822
23.742,0.2,0.00110806,0.0487822
23.744,0.2,0.00211538,0.0487822
23.746,0.2,0.00110806,0.0487822
23.748,0.2,0.00040293,0.0487822
23.75,0.2,0.00181319,0.0487822
23.752,0.2,0.00040293,0.0487822
23.754,0.2,0.000805861,0.0487822
23.756,0.2,0.00171245,0.0487822
23.758,0.2,0.000604396,0.0487822
23.76,0.2,0.00100733,0.0487822
23.762,0.2,0.00120879,0.0487822
23.764,0.2,0.000906593,0.0487822
23.766,0.2,0.00120879,0.0487822
23.768,0.2,0.000705128,0.0487822
23.77,0.2,0.000705128,0.0487822
23.772,0.2,0.000503663,0.0487822
23.774,0.2,0.00141026,0.0487822
23.776,0.2,0.00221612,0.0487822
23.778,0.2,0.00130952,0.0487822
23.78,0.2,0.000705128,0.0487822
23.782,0.2,0.00120879,0.0487822
23.784,0.2,0.000906593,0.0487822
23.786,0.2,0.00120879,0.0486718
23.788,0.2,0.00110806,0.0482891
23.79,0.2,0.00130952,0.0479114
23.792,0.2,0.000705128,0.0475397
23.794,0.2,0.000805861,0.0471744
23.796,0.2,0.000705128,0.0468138
23.798,0.2,0.00130952,0.0464596
23.8,0.2,0.000906593,0.04611
23.802,0.2,0.000705128,0.0457671
23.804,0.2,0.000604396,0.0454293
23.806,0.2,0.000705128,0.0450935
23.808,0.2,0.000503663,0.0447653
23.81,0.2,0.00120879,0.0444413
23.812,0.2,0.000705128,0.044122
23.814,0.2,0.000604396,0.0438066
23.816,0.2,0.000805861,0.0434962
23.818,0.2,0.00141026,0.0431904
23.82,0.2,0.00161172,0.0428872
23.822,0.2,0.00141026,0.0425898
23.824,0.2,0.00141026,0.0422971
23.826,0.2,0.000503663,0.0420065
23.828,0.2,0.00191392,0.0417216
23.83,0.2,0.00141026,0.0414392
23.832,0.2,0.00151099,0.0411609
23.834,0.2,0.000604396,0.0408874
23.836,0.2,0.000503663,0.0406176
23.838,0.2,0.00171245,0.0403489
23.84,0.2,0.00120879,0.040086
23.842,0.2,0.000805861,0.0398254
23.844,0.2,0.000805861,0.0395694
23.846,0.2,0.00100733,0.0393154
23.848,0.2,0.000604396,0.0457821
23.85,0.2,0.00110806,0.0457821
23.852,0.2,0.00151099,0.0457821
23.854,0.2,0.00110806,0.0457821
23.856,0.2,0.00100733,0.0457821
23.858,0.2,0.00100733,0.0457821
23.86,0.2,0.00120879,0.0457821
23.862,0.2,0.00100733,0.0457821
23.864,0.2,0.000503663,0.0457821
23.866,0.2,0.00100733,0.0457821
23.868,0.2,0.000705128,0.0457821
23.87,0.2,0.000503663,0.0457821
23.872,0.2,0.00100733,0.0457821
23.874,0.2,0.00141026,0.0457821
23.876,0.2,0.000503663,0.0457821
23.878,0.2,0.00120879,0.0457821
23.88,0.2,0.000604396,0.0457821
23.882,0.2,0.00130952,0.0457821
23.884,0.2,0.000805861,0.0457821
23.886,0.2,0.00100733,0.0457821
23.888,0.2,0.00161172,0.0457821
23.89,0.2,0.000805861,0.0457821
23.892,0.2,0.000604396,0.0457821
23.894,0.2,0.00110806,0.0457821
23.896,0.2,0.000705128,0.0457821
23.898,0.2,0.00171245,0.0457821
23.9,0.2,0.00100733,0.0457821
23.902,0.2,0.00130952,0.0457821
23.904,0.2,0.000805861,0.0457821
23.906,0.2,0.000906593,0.0457821
23.908,0.2,0.00171245,0.0457821
23.91,0.2,0.000705128,0.0457821
23.912,0.2,0.00141026,0.0457821
23.914,0.2,0.000906593,0.0457821
23.916,0.2,0.00120879,0.0457821
23.918,0.2,0.00120879,0.0457821
23.92,0.2,0.000906593,0.0457821
23.922,0.2,0.00151099,0.0457821
23.924,0.2,0.00141026,0.0457821
23.926,0.2,0.00120879,0.0457821
23.928,0.2,0.00130952,0.0457821
23.93,0.2,0.00120879,0.0457821
23.932,0.2,0.00110806,0.0457821
23.934,0.2,0.000705128,0.0457821
23.936,0.2,0.000906593,0.0457821
23.938,0.2,0.00100733,0.0457821
23.94,0.2,0.00161172,0.0457821
23.942,0.2,0.00161172,0.0457821
23.944,0.2,0.00151099,0.0457821
23.946,0.2,0.00151099,0.0457821
23.948,0.2,0.00120879,0.0457821
23.95,0.2,0.00141026,0.0457821
23.952,0.2,0.00100733,0.0457821
23.954,0.2,0.00141026,0.0457821
23.956,0.2,0.00110806,0.0457821
23.958,0.2,0.00130952,0.0457821
23.96,0.2,0.000604396,0.0457821
23.962,0.2,0.00151099,0.0457821
23.964,0.2,0.000906593,0.0457821
23.966,0.2,0.00110806,0.0457821
23.968,0.2,0.00161172,0.0457821
23.97,0.2,0.00151099,0.0457821
23.972,0.2,0.000805861,0.0457821
23.974,0.2,0.00120879,0.0457821
23.976,0.2,0.00120879,0.0457821
23.978,0.2,0.000805861,0.0457821
23.98,0.2,0.00120879,0.0457821
23.982,0.2,0.000906593,0.0457821
23.984,0.2,0.00110806,0.0457821
23.986,0.2,0.00120879,0.0457821
23.988,0.2,0.000906593,0.0457821
23.99,0.2,0.00120879,0.0457821
23.992,0.2,0.00130952,0.0457821
23.994,0.2,0.00100733,0.0457821
23.996,0.2,0.00151099,0.0457821
23.998,0.2,0.00120879,0.0457821
24,0.3,0.000705128,0.0457821
24.002,0.3,0.0199451,0.0457821
24.004,0.3,0.0190385,0.0457821
24.006,0.3,0.0197436,0.0457821
24.008,0.3,0.0189377,0.0457821
24.01,0.3,0.018837,0.0457821
24.012,0.3,0.0207509,0.0457821
24.014,0.3,0.018837,0.0457821
24.016,0.3,0.0193407,0.0457821
24.018,0.3,0.0185348,0.0457821
24.02,0.3,0.0191392,0.0457821
24.022,0.3,0.0194414,0.0457821
24.024,0.3,0.0183333,0.0457821
24.026,0.3,0.0197436,0.0457821
24.028,0.3,0.0194414,0.0457821
24.03,0.3,0.0192399,0.0457821
24.032,0.3,0.0192399,0.0457821
24.034,0.3,0.0180311,0.0457821
24.036,0.3,0.0187363,0.0457821
24.038,0.3,0.0190385,0.0457821
24.04,0.3,0.0182326,0.0457821
24.042,0.3,0.0190385,0.0457821
24.044,0.3,0.0185348,0.0457821
24.046,0.3,0.0184341,0.0457821
24.048,0.3,0.0181319,0.0362574
24.05,0.3,0.0185348,0.0362574
24.052,0.3,0.018837,0.0362574
24.054,0.3,0.0192399,0.0362574
24.056,0.3,0.0187363,0.0362574
24.058,0.3,0.0179304,0.0362574
24.06,0.3,0.0183333,0.0362574
24.062,0.3,0.0175275,0.0362574
24.064,0.3,0.0187363,0.0362574
24.066,0.3,0.0183333,0.0362574
24.068,0.3,0.0184341,0.0362574
24.07,0.3,0.0180311,0.0362574
24.072,0.3,0.0180311,0.0362574
24.074,0.3,0.0176282,0.0362574
24.076,0.3,0.0176282,0.0362574
24.078,0.3,0.0185348,0.0362574
24.08,0.3,0.0182326,0.0362574
24.082,0.3,0.0192399,0.0362574
24.084,0.3,0.0180311,0.259245
24.086,0.3,0.0186355,0.259245
24.088,0.3,0.0180311,0.259245
24.09,0.3,0.0172253,0.259245
24.092,0.3,0.0177289,0.259245
24.094,0.3,0.0172253,0.259245
24.096,0.3,0.0183333,0.259245
24.098,0.3,0.0177289,0.259245
24.1,0.3,0.0171245,0.259245
24.102,0.3,0.0174267,0.259245
24.104,0.3,0.0175275,0.259245
24.106,0.3,0.0181319,0.259245
24.108,0.3,0.0171245,0.259245
24.11,0.3,0.0171245,0.259245
24.112,0.3,0.0177289,0.399167
24.114,0.3,0.017326,0.399167
24.116,0.3,0.0181319,0.399167
24.118,0.3,0.0179304,0.399167
24.12,0.3,0.0174267,0.399167
24.122,0.3,0.0170238,0.399167
24.124,0.3,0.0172253,0.399167
24.126,0.3,0.0177289,0.399167
24.128,0.3,0.0168223,0.399167
24.13,0.3,0.0171245,0.399167
24.132,0.3,0.017326,0.399167
24.134,0.3,0.0179304,0.399167
24.136,0.3,0.017326,0.399167
24.138,0.3,0.0170238,0.454242
24.14,0.3,0.0170238,0.454242
24.142,0.3,0.0181319,0.454242
24.144,0.3,0.0185348,0.454242
24.146,0.3,0.0189377,0.454242
24.148,0.3,0.0181319,0.454242
24.15,0.3,0.0183333,0.454242
24.152,0.3,0.0194414,0.454242
24.154,0.3,0.0184341,0.454242
24.156,0.3,0.0182326,0.454242
24.158,0.3,0.0190385,0.454242
24.16,0.3,0.0184341,0.454242
24.162,0.3,0.0192399,0.454242
24.164,0.3,0.0169231,0.474561
24.166,0.3,0.0180311,0.474561
24.168,0.3,0.0183333,0.474561
24.17,0.3,0.0176282,0.474561
24.172,0.3,0.0168223,0.474561
24.174,0.3,0.0174267,0.474561
24.176,0.3,0.0175275,0.474561
24.178,0.3,0.0175275,0.474561
24.18,0.3,0.0182326,0.474561
24.182,0.3,0.0174267,0.474561
24.184,0.3,0.0181319,0.474561
24.186,0.3,0.017326,0.474561
24.188,0.3,0.0176282,0.474561
24.19,0.3,0.0182326,0.469891
24.192,0.3,0.0171245,0.461083
24.194,0.3,0.0174267,0.461083
24.196,0.3,0.0177289,0.461083
24.198,0.3,0.0185348,0.461083
24.2,0.3,0.0174267,0.461083
24.202,0.3,0.0179304,0.461083
24.204,0.3,0.0182326,0.461083
24.206,0.3,0.0181319,0.461083
24.208,0.3,0.0178297,0.461083
24.21,0.3,0.0182326,0.461083
24.212,0.3,0.017326,0.461083
24.214,0.3,0.0180311,0.461083
24.216,0.3,0.0176282,0.461083
24.218,0.3,0.0185348,0.460319
24.22,0.3,0.0178297,0.428125
24.222,0.3,0.0177289,0.42811
24.224,0.3,0.0171245,0.42811
24.226,0.3,0.017326,0.42811
24.228,0.3,0.0180311,0.42811
24.23,0.3,0.0187363,0.42811
24.232,0.3,0.0180311,0.42811
24.234,0.3,0.0176282,0.42811
24.236,0.3,0.0178297,0.42811
24.238,0.3,0.0180311,0.42811
24.24,0.3,0.0175275,0.42811
24.242,0.3,0.0179304,0.42811
24.244,0.3,0.017326,0.42811
24.246,0.3,0.0180311,0.42811
24.248,0.3,0.0171245,0.42811
24.25,0.3,0.0179304,0.425446
24.252,0.3,0.0180311,0.397938
24.254,0.3,0.0178297,0.395841
24.256,0.3,0.0176282,0.395841
24.258,0.3,0.0178297,0.395841
24.26,0.3,0.0181319,0.395841
24.262,0.3,0.0183333,0.395841
24.264,0.3,0.0180311,0.395841
24.266,0.3,0.0176282,0.395841
24.268,0.3,0.0181319,0.395841
24.27,0.3,0.0180311,0.395841
24.272,0.3,0.0174267,0.395841
24.274,0.3,0.0186355,0.395841
24.276,0.3,0.0176282,0.395841
24.278,0.3,0.0185348,0.395841
24.28,0.3,0.0179304,0.395841
24.282,0.3,0.0175275,0.395841
24.284,0.3,0.0164194,0.394856
24.286,0.3,0.017326,0.382218
24.288,0.3,0.0186355,0.382218
24.29,0.3,0.0183333,0.382218
24.292,0.3,0.0179304,0.382218
24.294,0.3,0.0175275,0.382218
24.296,0.3,0.0177289,0.382218
24.298,0.3,0.0172253,0.382218
24.3,0.3,0.0167216,0.382218
24.302,0.3,0.0171245,0.382218
24.304,0.3,0.0181319,0.382218
24.306,0.3,0.0182326,0.382218
24.308,0.3,0.0181319,0.382218
24.31,0.3,0.0172253,0.382218
24.312,0.3,0.0183333,0.382218
24.314,0.3,0.0178297,0.404064
24.316,0.3,0.017326,0.404064
24.318,0.3,0.0167216,0.404064
24.32,0.3,0.0181319,0.404064
24.322,0.3,0.0180311,0.404064
24.324,0.3,0.0168223,0.404064
24.326,0.3,0.0176282,0.404064
24.328,0.3,0.0171245,0.404064
24.33,0.3,0.017326,0.404064
24.332,0.3,0.0186355,0.404064
24.334,0.3,0.0181319,0.404064
24.336,0.3,0.0169231,0.404064
24.338,0.3,0.0182326,0.404064
24.34,0.3,0.0164194,0.456046
24.342,0.3,0.0167216,0.456046
24.344,0.3,0.0178297,0.456046
24.346,0.3,0.0171245,0.456046
24.348,0.3,0.0169231,0.456046
24.35,0.3,0.0168223,0.456046
24.352,0.3,0.017326,0.456046
24.354,0.3,0.017326,0.456046
24.356,0.3,0.0170238,0.456046
24.358,0.3,0.017326,0.456046
24.36,0.3,0.0176282,0.456046
24.362,0.3,0.0172253,0.518168
24.364,0.3,0.0170238,0.518168
24.366,0.3,0.0168223,0.518168
24.368,0.3,0.0172253,0.518168
24.37,0.3,0.0166209,0.518168
24.372,0.3,0.0176282,0.518168
24.374,0.3,0.0166209,0.518168
24.376,0.3,0.0166209,0.518168
24.378,0.3,0.0166209,0.518168
24.38,0.3,0.0176282,0.518168
24.382,0.3,0.0175275,0.581347
24.384,0.3,0.0168223,0.581347
24.386,0.3,0.0177289,0.581347
24.388,0.3,0.0161172,0.581347
24.39,0.3,0.0172253,0.581347
24.392,0.3,0.0169231,0.581347
24.394,0.3,0.0174267,0.581347
24.396,0.3,0.0165201,0.581347
24.398,0.3,0.0172253,0.581347
24.4,0.3,0.0168223,0.643172
24.402,0.3,0.0166209,0.643172
24.404,0.3,0.015815,0.643172
24.406,0.3,0.0164194,0.643172
24.408,0.3,0.015815,0.643172
24.41,0.3,0.0165201,0.643172
24.412,0.3,0.0159158,0.643172
24.414,0.3,0.0160165,0.643172
24.416,0.3,0.0170238,0.643172
24.418,0.3,0.0161172,0.695803
24.42,0.3,0.0168223,0.695803
24.422,0.3,0.0161172,0.695803
24.424,0.3,0.0165201,0.695803
24.426,0.3,0.0168223,0.695803
24.428,0.3,0.0170238,0.695803
24.43,0.3,0.0163187,0.695803
24.432,0.3,0.0162179,0.695803
24.434,0.3,0.0165201,0.740205
24.436,0.3,0.0167216,0.740205
24.438,0.3,0.0164194,0.740205
24.44,0.3,0.0164194,0.740205
24.442,0.3,0.0165201,0.740205
24.444,0.3,0.0156136,0.740205
24.446,0.3,0.0161172,0.740205
24.448,0.3,0.0153114,0.740205
24.45,0.3,0.0162179,0.775158
24.452,0.3,0.0165201,0.775158
24.454,0.3,0.0163187,0.775158
24.456,0.3,0.015815,0.775158
24.458,0.3,0.0166209,0.775158
24.46,0.3,0.0160165,0.775158
24.462,0.3,0.0162179,0.775158
24.464,0.3,0.0164194,0.798005
24.466,0.3,0.0159158,0.798005
24.468,0.3,0.0166209,0.798005
24.47,0.3,0.0153114,0.798005
24.472,0.3,0.0163187,0.798005
24.474,0.3,0.0160165,0.798005
24.476,0.3,0.0163187,0.798005
24.478,0.3,0.0159158,0.815239
24.48,0.3,0.0164194,0.815239
24.482,0.3,0.0156136,0.815239
24.484,0.3,0.0162179,0.815239
24.486,0.3,0.0160165,0.815239
24.488,0.3,0.0171245,0.815239
24.49,0.3,0.0159158,0.815239
24.492,0.3,0.0160165,0.815239
24.494,0.3,0.0159158,0.822227
24.496,0.3,0.0159158,0.822227
24.498,0.3,0.0160165,0.822227
24.5,0.3,0.0152106,0.822227
24.502,0.3,0.0160165,0.822227
24.504,0.3,0.0162179,0.822227
24.506,0.3,0.0156136,0.822227
24.508,0.3,0.0154121,0.822996
24.51,0.3,0.0159158,0.822996
24.512,0.3,0.0161172,0.822996
24.514,0.3,0.0172253,0.822996
24.516,0.3,0.0170238,0.822996
24.518,0.3,0.0162179,0.822996
24.52,0.3,0.0157143,0.822996
24.522,0.3,0.017326,0.822996
24.524,0.3,0.0166209,0.816112
24.526,0.3,0.0159158,0.816112
24.528,0.3,0.0169231,0.816112
24.53,0.3,0.0159158,0.816112
24.532,0.3,0.0172253,0.816112
24.534,0.3,0.0166209,0.816112
24.536,0.3,0.0166209,0.816112
24.538,0.3,0.0168223,0.797999
24.54,0.3,0.0168223,0.799035
24.542,0.3,0.0163187,0.799035
24.544,0.3,0.0162179,0.799035
24.546,0.3,0.0168223,0.799035
24.548,0.3,0.0170238,0.799035
24.55,0.3,0.0170238,0.799035
24.552,0.3,0.0170238,0.799035
24.554,0.3,0.0167216,0.773217
24.556,0.3,0.0165201,0.776406
24.558,0.3,0.0159158,0.776406
24.56,0.3,0.0171245,0.776406
24.562,0.3,0.0169231,0.776406
24.564,0.3,0.0166209,0.776406
24.566,0.3,0.0168223,0.776406
24.568,0.3,0.0163187,0.776406
24.57,0.3,0.0167216,0.776406
24.572,0.3,0.0177289,0.748045
24.574,0.3,0.0166209,0.748045
24.576,0.3,0.0161172,0.748045
24.578,0.3,0.0171245,0.748045
24.58,0.3,0.0163187,0.748045
24.582,0.3,0.0164194,0.748045
24.584,0.3,0.0160165,0.748045
24.586,0.3,0.0163187,0.748045
24.588,0.3,0.0176282,0.719924
24.59,0.3,0.0179304,0.715728
24.592,0.3,0.0180311,0.715728
24.594,0.3,0.017326,0.715728
24.596,0.3,0.0169231,0.715728
24.598,0.3,0.0175275,0.715728
24.6,0.3,0.0172253,0.715728
24.602,0.3,0.0174267,0.715728
24.604,0.3,0.0181319,0.715728
24.606,0.3,0.0181319,0.702726
24.608,0.3,0.0176282,0.678869
24.61,0.3,0.0171245,0.678869
24.612,0.3,0.0185348,0.678869
24.614,0.3,0.0182326,0.678869
24.616,0.3,0.0185348,0.678869
24.618,0.3,0.0167216,0.678869
24.62,0.3,0.0171245,0.678869
24.622,0.3,0.0172253,0.678869
24.624,0.3,0.0181319,0.678869
24.626,0.3,0.0172253,0.646722
24.628,0.3,0.017326,0.643014
24.63,0.3,0.0175275,0.643014
24.632,0.3,0.0180311,0.643014
24.634,0.3,0.0170238,0.643014
24.636,0.3,0.017326,0.643014
24.638,0.3,0.0165201,0.643014
24.64,0.3,0.0174267,0.643014
24.642,0.3,0.0172253,0.643014
24.644,0.3,0.0184341,0.643014
24.646,0.3,0.0170238,0.635637
24.648,0.3,0.0174267,0.602208
24.65,0.3,0.0174267,0.602208
24.652,0.3,0.0175275,0.602208
24.654,0.3,0.0172253,0.602208
24.656,0.3,0.0174267,0.602208
24.658,0.3,0.0168223,0.602208
24.66,0.3,0.0161172,0.602208
24.662,0.3,0.0166209,0.602208
24.664,0.3,0.0169231,0.602208
24.666,0.3,0.0175275,0.602208
24.668,0.3,0.0171245,0.602208
24.67,0.3,0.017326,0.552492
24.672,0.3,0.017326,0.56182
24.674,0.3,0.0172253,0.56182
24.676,0.3,0.0178297,0.56182
24.678,0.3,0.0165201,0.56182
24.68,0.3,0.0182326,0.56182
24.682,0.3,0.0176282,0.56182
24.684,0.3,0.0178297,0.56182
24.686,0.3,0.0178297,0.56182
24.688,0.3,0.0179304,0.56182
24.69,0.3,0.0168223,0.56182
24.692,0.3,0.0171245,0.56182
24.694,0.3,0.0175275,0.529638
24.696,0.3,0.0175275,0.529638
24.698,0.3,0.0176282,0.529638
24.7,0.3,0.0166209,0.529638
24.702,0.3,0.0174267,0.529638
24.704,0.3,0.0175275,0.529638
24.706,0.3,0.0169231,0.529638
24.708,0.3,0.0176282,0.529638
24.71,0.3,0.0167216,0.529638
24.712,0.3,0.0166209,0.529638
24.714,0.3,0.0170238,0.529638
24.716,0.3,0.0179304,0.529638
24.718,0.3,0.0169231,0.511947
24.72,0.3,0.0181319,0.511947
24.722,0.3,0.0185348,0.511947
24.724,0.3,0.0181319,0.511947
24.726,0.3,0.0175275,0.511947
24.728,0.3,0.0165201,0.511947
24.73,0.3,0.0178297,0.511947
24.732,0.3,0.0167216,0.511947
24.734,0.3,0.017326,0.511947
24.736,0.3,0.0166209,0.511947
24.738,0.3,0.0171245,0.511947
24.74,0.3,0.0179304,0.511947
24.742,0.3,0.0185348,0.511174
24.744,0.3,0.0166209,0.511174
24.746,0.3,0.0166209,0.511174
24.748,0.3,0.0175275,0.511174
24.75,0.3,0.0169231,0.511174
24.752,0.3,0.0174267,0.511174
24.754,0.3,0.0174267,0.511174
24.756,0.3,0.0170238,0.511174
24.758,0.3,0.0170238,0.511174
24.76,0.3,0.0175275,0.511174
24.762,0.3,0.0170238,0.511174
24.764,0.3,0.0176282,0.511174
24.766,0.3,0.0171245,0.527983
24.768,0.3,0.0181319,0.527983
24.77,0.3,0.0174267,0.527983
24.772,0.3,0.0169231,0.527983
24.774,0.3,0.0174267,0.527983
24.776,0.3,0.0181319,0.527983
24.778,0.3,0.0168223,0.527983
24.78,0.3,0.0168223,0.527983
24.782,0.3,0.0164194,0.527983
24.784,0.3,0.0176282,0.527983
24.786,0.3,0.0182326,0.527983
24.788,0.3,0.0174267,0.54863
24.79,0.3,0.0182326,0.54863
24.792,0.3,0.0175275,0.54863
24.794,0.3,0.0182326,0.54863
24.796,0.3,0.0178297,0.54863
24.798,0.3,0.0176282,0.54863
24.8,0.3,0.0160165,0.54863
24.802,0.3,0.0174267,0.54863
24.804,0.3,0.0167216,0.54863
24.806,0.3,0.0166209,0.54863
24.808,0.3,0.0168223,0.574729
24.81,0.3,0.0174267,0.574729
24.812,0.3,0.0166209,0.574729
24.814,0.3,0.0166209,0.574729
24.816,0.3,0.017326,0.574729
24.818,0.3,0.0167216,0.574729
24.82,0.3,0.017326,0.574729
24.822,0.3,0.0168223,0.574729
24.824,0.3,0.0169231,0.574729
24.826,0.3,0.0172253,0.574729
24.828,0.3,0.0165201,0.592078
24.83,0.3,0.0162179,0.592078
24.832,0.3,0.0161172,0.592078
24.834,0.3,0.0176282,0.592078
24.836,0.3,0.0168223,0.592078
24.838,0.3,0.0180311,0.592078
24.84,0.3,0.0167216,0.592078
24.842,0.3,0.0171245,0.592078
24.844,0.3,0.0167216,0.592078
24.846,0.3,0.0168223,0.592078
24.848,0.3,0.0170238,0.592078
24.85,0.3,0.0162179,0.605495
24.852,0.3,0.0171245,0.605495
24.854,0.3,0.0174267,0.605495
24.856,0.3,0.0167216,0.605495
24.858,0.3,0.0180311,0.605495
24.86,0.3,0.0172253,0.605495
24.862,0.3,0.0166209,0.605495
24.864,0.3,0.0166209,0.605495
24.866,0.3,0.0181319,0.605495
24.868,0.3,0.0166209,0.614491
24.87,0.3,0.0167216,0.614491
24.872,0.3,0.0178297,0.614491
24.874,0.3,0.0168223,0.614491
24.876,0.3,0.0165201,0.614491
24.878,0.3,0.0165201,0.614491
24.88,0.3,0.0170238,0.614491
24.882,0.3,0.0168223,0.614491
24.884,0.3,0.0179304,0.614491
24.886,0.3,0.0167216,0.614491
24.888,0.3,0.0174267,0.613158
24.89,0.3,0.0163187,0.614988
24.892,0.3,0.0174267,0.614988
24.894,0.3,0.0166209,0.614988
24.896,0.3,0.0177289,0.614988
24.898,0.3,0.0171245,0.614988
24.9,0.3,0.0169231,0.614988
24.902,0.3,0.0168223,0.614988
24.904,0.3,0.0167216,0.614988
24.906,0.3,0.017326,0.614988
24.908,0.3,0.0180311,0.614988
24.91,0.3,0.0177289,0.602805
24.912,0.3,0.0175275,0.602805
24.914,0.3,0.0168223,0.602805
24.916,0.3,0.017326,0.602805
24.918,0.3,0.0169231,0.602805
24.92,0.3,0.0174267,0.602805
24.922,0.3,0.0172253,0.602805
24.924,0.3,0.0163187,0.602805
24.926,0.3,0.0174267,0.602805
24.928,0.3,0.0169231,0.602805
24.93,0.3,0.0172253,0.576402
24.932,0.3,0.0168223,0.580025
24.934,0.3,0.0166209,0.580025
24.936,0.3,0.017326,0.580025
24.938,0.3,0.0171245,0.580025
24.94,0.3,0.0177289,0.580025
24.942,0.3,0.0170238,0.580025
24.944,0.3,0.0178297,0.580025
24.946,0.3,0.0177289,0.580025
24.948,0.3,0.0182326,0.580025
24.95,0.3,0.0178297,0.580025
24.952,0.3,0.0178297,0.570703
24.954,0.3,0.0174267,0.544671
24.956,0.3,0.0174267,0.544671
24.958,0.3,0.0168223,0.544671
24.96,0.3,0.0182326,0.544671
24.962,0.3,0.017326,0.544671
24.964,0.3,0.0182326,0.544671
24.966,0.3,0.0174267,0.544671
24.968,0.3,0.0177289,0.544671
24.97,0.3,0.0176282,0.544671
24.972,0.3,0.0176282,0.544671
24.974,0.3,0.0169231,0.544671
24.976,0.3,0.017326,0.544671
24.978,0.3,0.0178297,0.509227
24.98,0.3,0.0174267,0.496657
24.982,0.3,0.0176282,0.496657
24.984,0.3,0.0175275,0.496657
24.986,0.3,0.0176282,0.496657
24.988,0.3,0.017326,0.496657
24.99,0.3,0.0168223,0.496657
24.992,0.3,0.0182326,0.496657
24.994,0.3,0.0172253,0.496657
24.996,0.3,0.0180311,0.496657
24.998,0.3,0.0175275,0.496657
25,0.4,0.0178297,0.496657
25.002,0.4,0.030522,0.496657
25.004,0.4,0.0311264,0.496657
25.006,0.4,0.0314286,0.469614
25.008,0.4,0.0304212,0.436355
25.01,0.4,0.0299176,0.439592
25.012,0.4,0.0311264,0.439592
25.014,0.4,0.0308242,0.439592
25.016,0.4,0.0311264,0.439592
25.018,0.4,0.0310256,0.439592
25.02,0.4,0.0309249,0.439592
25.022,0.4,0.0310256,0.439592
25.024,0.4,0.0315293,0.439592
25.026,0.4,0.0309249,0.439592
25.028,0.4,0.0312271,0.439592
25.03,0.4,0.0311264,0.439592
25.032,0.4,0.0304212,0.439592
25.034,0.4,0.0311264,0.439592
25.036,0.4,0.0308242,0.439592
25.038,0.4,0.0308242,0.421355
25.04,0.4,0.0308242,0.421355
25.042,0.4,0.0308242,0.421355
25.044,0.4,0.030119,0.421355
25.046,0.4,0.0310256,0.421355
25.048,0.4,0.0312271,0.421355
25.05,0.4,0.0313278,0.421355
25.052,0.4,0.0308242,0.421355
25.054,0.4,0.030522,0.421355
25.056,0.4,0.0308242,0.421355
25.058,0.4,0.0313278,0.421355
25.06,0.4,0.030522,0.421355
25.062,0.4,0.03163,0.470453
25.064,0.4,0.0307234,0.470453
25.066,0.4,0.0312271,0.470453
25.068,0.4,0.0306227,0.470453
25.07,0.4,0.0309249,0.470453
25.072,0.4,0.030522,0.470453
25.074,0.4,0.0304212,0.470453
25.076,0.4,0.0306227,0.470453
25.078,0.4,0.0307234,0.470453
25.08,0.4,0.0308242,0.470453
25.082,0.4,0.0303205,0.470453
25.084,0.4,0.0302198,0.470453
25.086,0.4,0.0298168,0.517402
25.088,0.4,0.0306227,0.517402
25.09,0.4,0.0299176,0.517402
25.092,0.4,0.0303205,0.517402
25.094,0.4,0.0302198,0.517402
25.096,0.4,0.0313278,0.517402
25.098,0.4,0.0302198,0.517402
25.1,0.4,0.0308242,0.517402
25.102,0.4,0.030522,0.517402
25.104,0.4,0.0303205,0.517402
25.106,0.4,0.0302198,0.517402
25.108,0.4,0.030522,0.547045
25.11,0.4,0.0299176,0.547045
25.112,0.4,0.0300183,0.547045
25.114,0.4,0.0304212,0.547045
25.116,0.4,0.0308242,0.547045
25.118,0.4,0.0308242,0.547045
25.12,0.4,0.0307234,0.547045
25.122,0.4,0.0308242,0.547045
25.124,0.4,0.0306227,0.547045
25.126,0.4,0.0308242,0.547045
25.128,0.4,0.0302198,0.571359
25.13,0.4,0.0307234,0.571359
25.132,0.4,0.0302198,0.571359
25.134,0.4,0.0308242,0.571359
25.136,0.4,0.0299176,0.571359
25.138,0.4,0.0295147,0.571359
25.14,0.4,0.032033,0.571359
25.142,0.4,0.0325366,0.571359
25.144,0.4,0.0323352,0.571359
25.146,0.4,0.0324359,0.571359
25.148,0.4,0.0329396,0.571359
25.15,0.4,0.0319322,0.59697
25.152,0.4,0.0318315,0.59697
25.154,0.4,0.0317308,0.59697
25.156,0.4,0.0302198,0.59697
25.158,0.4,0.0295147,0.59697
25.16,0.4,0.0306227,0.59697
25.162,0.4,0.0307234,0.59697
25.164,0.4,0.0302198,0.59697
25.166,0.4,0.0306227,0.59697
25.168,0.4,0.0307234,0.618196
25.17,0.4,0.0303205,0.618196
25.172,0.4,0.0306227,0.618196
25.174,0.4,0.0304212,0.618196
25.176,0.4,0.0302198,0.618196
25.178,0.4,0.0297161,0.618196
25.18,0.4,0.0295147,0.618196
25.182,0.4,0.029011,0.618196
25.184,0.4,0.0292125,0.618196
25.186,0.4,0.0303205,0.618196
25.188,0.4,0.0296154,0.621272
25.19,0.4,0.0303205,0.621272
25.192,0.4,0.0307234,0.621272
25.194,0.4,0.0298168,0.621272
25.196,0.4,0.0302198,0.621272
25.198,0.4,0.030119,0.621272
25.2,0.4,0.0302198,0.621272
25.202,0.4,0.0293132,0.621272
25.204,0.4,0.0307234,0.621272
25.206,0.4,0.0306227,0.621272
25.208,0.4,0.0309249,0.620926
25.21,0.4,0.0308242,0.620926
25.212,0.4,0.0302198,0.620926
25.214,0.4,0.0304212,0.620926
25.216,0.4,0.0298168,0.620926
25.218,0.4,0.0300183,0.620926
25.22,0.4,0.0307234,0.620926
25.222,0.4,0.030522,0.620926
25.224,0.4,0.030522,0.620926
25.226,0.4,0.030119,0.620926
25.228,0.4,0.0299176,0.622194
25.23,0.4,0.0289103,0.622194
25.232,0.4,0.0298168,0.622194
25.234,0.4,0.0297161,0.622194
25.236,0.4,0.0300183,0.622194
25.238,0.4,0.030522,0.622194
25.24,0.4,0.0303205,0.622194
25.242,0.4,0.0303205,0.622194
25.244,0.4,0.0314286,0.622194
25.246,0.4,0.0307234,0.622194
25.248,0.4,0.0294139,0.624916
25.25,0.4,0.0308242,0.624916
25.252,0.4,0.030119,0.624916
25.254,0.4,0.0298168,0.624916
25.256,0.4,0.0298168,0.624916
25.258,0.4,0.030522,0.624916
25.26,0.4,0.0295147,0.624916
25.262,0.4,0.0303205,0.624916
25.264,0.4,0.0296154,0.624916
25.266,0.4,0.0297161,0.632354
25.268,0.4,0.0300183,0.632354
25.27,0.4,0.030119,0.632354
25.272,0.4,0.0300183,0.632354
25.274,0.4,0.0300183,0.632354
25.276,0.4,0.0304212,0.632354
25.278,0.4,0.0306227,0.632354
25.28,0.4,0.0299176,0.632354
25.282,0.4,0.0303205,0.632354
25.284,0.4,0.0296154,0.632354
25.286,0.4,0.0300183,0.640729
25.288,0.4,0.030119,0.640729
25.29,0.4,0.0292125,0.640729
25.292,0.4,0.0298168,0.640729
25.294,0.4,0.0302198,0.640729
25.296,0.4,0.0302198,0.640729
25.298,0.4,0.030522,0.640729
25.3,0.4,0.0300183,0.640729
25.302,0.4,0.0297161,0.640729
25.304,0.4,0.0295147,0.651307
25.306,0.4,0.0292125,0.651307
25.308,0.4,0.0295147,0.651307
25.31,0.4,0.0298168,0.651307
25.312,0.4,0.0293132,0.651307
25.314,0.4,0.0295147,0.651307
25.316,0.4,0.0302198,0.651307
25.318,0.4,0.0298168,0.651307
25.32,0.4,0.0300183,0.651307
25.322,0.4,0.0302198,0.665291
25.324,0.4,0.0303205,0.665291
25.326,0.4,0.0297161,0.665291
25.328,0.4,0.0302198,0.665291
25.33,0.4,0.030119,0.665291
25.332,0.4,0.0297161,0.665291
25.334,0.4,0.0297161,0.665291
25.336,0.4,0.0293132,0.665291
25.338,0.4,0.029011,0.665291
25.34,0.4,0.0291117,0.68015
25.342,0.4,0.0295147,0.68015
25.344,0.4,0.0300183,0.68015
25.346,0.4,0.0298168,0.68015
25.348,0.4,0.0298168,0.68015
25.35,0.4,0.0293132,0.68015
25.352,0.4,0.0299176,0.68015
25.354,0.4,0.0304212,0.68015
25.356,0.4,0.0299176,0.68015
25.358,0.4,0.0294139,0.696535
25.36,0.4,0.0294139,0.696535
25.362,0.4,0.0297161,0.696535
25.364,0.4,0.0295147,0.696535
25.366,0.4,0.0294139,0.696535
25.368,0.4,0.0294139,0.696535
25.37,0.4,0.0300183,0.696535
25.372,0.4,0.0300183,0.696535
25.374,0.4,0.0295147,0.714977
25.376,0.4,0.0296154,0.714977
25.378,0.4,0.0291117,0.714977
25.38,0.4,0.0294139,0.714977
25.382,0.4,0.0292125,0.714977
25.384,0.4,0.0306227,0.714977
25.386,0.4,0.030119,0.714977
25.388,0.4,0.0300183,0.714977
25.39,0.4,0.0292125,0.714977
25.392,0.4,0.0295147,0.732858
25.394,0.4,0.0288095,0.732858
25.396,0.4,0.0288095,0.732858
25.398,0.4,0.0291117,0.732858
25.4,0.4,0.0294139,0.732858
25.402,0.4,0.0293132,0.732858
25.404,0.4,0.0297161,0.732858
25.406,0.4,0.0291117,0.732858
25.408,0.4,0.0291117,0.752757
25.41,0.4,0.0297161,0.752757
25.412,0.4,0.0288095,0.752757
25.414,0.4,0.0288095,0.752757
25.416,0.4,0.0297161,0.752757
25.418,0.4,0.0294139,0.752757
25.42,0.4,0.0288095,0.752757
25.422,0.4,0.0292125,0.752757
25.424,0.4,0.029011,0.770589
25.426,0.4,0.0294139,0.770589
25.428,0.4,0.029011,0.770589
25.43,0.4,0.0289103,0.770589
25.432,0.4,0.0288095,0.770589
25.434,0.4,0.0286081,0.770589
25.436,0.4,0.0295147,0.770589
25.438,0.4,0.0288095,0.783007
25.44,0.4,0.0287088,0.783007
25.442,0.4,0.029011,0.783007
25.444,0.4,0.0286081,0.783007
25.446,0.4,0.0285073,0.783007
25.448,0.4,0.0294139,0.783007
25.45,0.4,0.0298168,0.783007
25.452,0.4,0.0296154,0.783007
25.454,0.4,0.0291117,0.792203
25.456,0.4,0.0302198,0.792203
25.458,0.4,0.0291117,0.792203
25.46,0.4,0.0293132,0.792203
25.462,0.4,0.0291117,0.792203
25.464,0.4,0.0291117,0.792203
25.466,0.4,0.0292125,0.792203
25.468,0.4,0.0300183,0.792203
25.47,0.4,0.029011,0.801763
25.472,0.4,0.0292125,0.801763
25.474,0.4,0.0287088,0.801763
25.476,0.4,0.0291117,0.801763
25.478,0.4,0.0289103,0.801763
25.48,0.4,0.0291117,0.801763
25.482,0.4,0.0287088,0.801763
25.484,0.4,0.0293132,0.807627
25.486,0.4,0.0291117,0.807627
25.488,0.4,0.0293132,0.807627
25.49,0.4,0.0289103,0.807627
25.492,0.4,0.0294139,0.807627
25.494,0.4,0.0293132,0.807627
25.496,0.4,0.0285073,0.807627
25.498,0.4,0.0288095,0.807627
25.5,0.4,0.0288095,0.8115
25.502,0.4,0.0287088,0.8115
25.504,0.4,0.0289103,0.8115
25.506,0.4,0.0287088,0.8115
25.508,0.4,0.0294139,0.8115
25.51,0.4,0.0293132,0.8115
25.512,0.4,0.0286081,0.8115
25.514,0.4,0.0289103,0.817487
25.516,0.4,0.0293132,0.817487
25.518,0.4,0.0285073,0.817487
25.52,0.4,0.0289103,0.817487
25.522,0.4,0.0314286,0.817487
25.524,0.4,0.030522,0.817487
25.526,0.4,0.0304212,0.817487
25.528,0.4,0.0306227,0.817487
25.53,0.4,0.0312271,0.821187
25.532,0.4,0.0307234,0.821187
25.534,0.4,0.0317308,0.821187
25.536,0.4,0.0317308,0.821187
25.538,0.4,0.0306227,0.821187
25.54,0.4,0.0311264,0.821187
25.542,0.4,0.0303205,0.821187
25.544,0.4,0.0313278,0.826603
25.546,0.4,0.030119,0.826603
25.548,0.4,0.029011,0.826603
25.55,0.4,0.0294139,0.826603
25.552,0.4,0.0292125,0.826603
25.554,0.4,0.0292125,0.826603
25.556,0.4,0.0289103,0.826603
25.558,0.4,0.0300183,0.826603
25.56,0.4,0.0288095,0.832981
25.562,0.4,0.0292125,0.832981
25.564,0.4,0.0292125,0.832981
25.566,0.4,0.0285073,0.832981
25.568,0.4,0.0289103,0.832981
25.57,0.4,0.0295147,0.832981
25.572,0.4,0.0293132,0.832981
25.574,0.4,0.0284066,0.828701
25.576,0.4,0.0293132,0.828701
25.578,0.4,0.0292125,0.828701
25.58,0.4,0.0281044,0.828701
25.582,0.4,0.0291117,0.828701
25.584,0.4,0.0303205,0.828701
25.586,0.4,0.0292125,0.828701
25.588,0.4,0.0293132,0.825109
25.59,0.4,0.0292125,0.822084
25.592,0.4,0.0292125,0.822084
25.594,0.4,0.0280037,0.822084
25.596,0.4,0.0288095,0.822084
25.598,0.4,0.0291117,0.822084
25.6,0.4,0.0289103,0.822084
25.602,0.4,0.0289103,0.822084
25.604,0.4,0.029011,0.815213
25.606,0.4,0.0291117,0.815213
25.608,0.4,0.0295147,0.815213
25.61,0.4,0.0288095,0.815213
25.612,0.4,0.0288095,0.815213
25.614,0.4,0.0292125,0.815213
25.616,0.4,0.0292125,0.815213
25.618,0.4,0.0296154,0.815213
25.62,0.4,0.0292125,0.805579
25.622,0.4,0.0295147,0.805579
25.624,0.4,0.0295147,0.805579
25.626,0.4,0.0288095,0.805579
25.628,0.4,0.0289103,0.805579
25.63,0.4,0.0287088,0.805579
25.632,0.4,0.029011,0.805579
25.634,0.4,0.0288095,0.80042
25.636,0.4,0.0288095,0.80042
25.638,0.4,0.0289103,0.80042
25.64,0.4,0.0292125,0.80042
25.642,0.4,0.0284066,0.80042
25.644,0.4,0.0291117,0.80042
25.646,0.4,0.0292125,0.80042
25.648,0.4,0.0298168,0.80042
25.65,0.4,0.0289103,0.796432
25.652,0.4,0.0283059,0.796432
25.654,0.4,0.0288095,0.796432
25.656,0.4,0.0289103,0.796432
25.658,0.4,0.0292125,0.796432
25.66,0.4,0.0286081,0.796432
25.662,0.4,0.0289103,0.796432
25.664,0.4,0.0294139,0.796432
25.666,0.4,0.0291117,0.791758
25.668,0.4,0.0292125,0.791758
25.67,0.4,0.0284066,0.791758
25.672,0.4,0.0291117,0.791758
25.674,0.4,0.0289103,0.791758
25.676,0.4,0.0291117,0.791758
25.678,0.4,0.0287088,0.791758
25.68,0.4,0.0287088,0.791758
25.682,0.4,0.0293132,0.791998
25.684,0.4,0.0284066,0.791998
25.686,0.4,0.0294139,0.791998
25.688,0.4,0.0295147,0.791998
25.69,0.4,0.0298168,0.791998
25.692,0.4,0.0294139,0.791998
25.694,0.4,0.0289103,0.791998
25.696,0.4,0.0288095,0.792429
25.698,0.4,0.029011,0.792429
25.7,0.4,0.0286081,0.792429
25.702,0.4,0.0292125,0.792429
25.704,0.4,0.0288095,0.792429
25.706,0.4,0.0287088,0.792429
25.708,0.4,0.029011,0.792429
25.71,0.4,0.0292125,0.792429
25.712,0.4,0.029011,0.793437
25.714,0.4,0.0291117,0.793437
25.716,0.4,0.0291117,0.793437
25.718,0.4,0.0294139,0.793437
25.72,0.4,0.0292125,0.793437
25.722,0.4,0.0287088,0.793437
25.724,0.4,0.0291117,0.793437
25.726,0.4,0.0289103,0.793437
25.728,0.4,0.0293132,0.796665
25.73,0.4,0.0296154,0.796665
25.732,0.4,0.0295147,0.796665
25.734,0.4,0.0293132,0.796665
25.736,0.4,0.029011,0.796665
25.738,0.4,0.0289103,0.796665
25.74,0.4,0.0288095,0.796665
25.742,0.4,0.0287088,0.796665
25.744,0.4,0.0293132,0.797285
25.746,0.4,0.0293132,0.797285
25.748,0.4,0.0293132,0.797285
25.75,0.4,0.0292125,0.797285
25.752,0.4,0.0298168,0.797285
25.754,0.4,0.0288095,0.797285
25.756,0.4,0.0291117,0.797285
25.758,0.4,0.0293132,0.802013
25.76,0.4,0.0293132,0.802013
25.762,0.4,0.0288095,0.802013
25.764,0.4,0.0295147,0.802013
25.766,0.4,0.0289103,0.802013
25.768,0.4,0.0291117,0.802013
25.77,0.4,0.0288095,0.802013
25.772,0.4,0.0287088,0.802013
25.774,0.4,0.0292125,0.808677
25.776,0.4,0.0288095,0.808677
25.778,0.4,0.0292125,0.808677
25.78,0.4,0.0289103,0.808677
25.782,0.4,0.0294139,0.808677
25.784,0.4,0.0292125,0.808677
25.786,0.4,0.0295147,0.808677
25.788,0.4,0.0291117,0.812535
25.79,0.4,0.0291117,0.812535
25.792,0.4,0.0292125,0.812535
25.794,0.4,0.0285073,0.812535
25.796,0.4,0.0295147,0.812535
25.798,0.4,0.0292125,0.812535
25.8,0.4,0.0296154,0.812535
25.802,0.4,0.0291117,0.812535
25.804,0.4,0.0295147,0.815411
25.806,0.4,0.0291117,0.815411
25.808,0.4,0.0291117,0.815411
25.81,0.4,0.0292125,0.815411
25.812,0.4,0.0293132,0.815411
25.814,0.4,0.0286081,0.815411
25.816,0.4,0.0294139,0.815411
25.818,0.4,0.0297161,0.820477
25.82,0.4,0.0292125,0.820477
25.822,0.4,0.0294139,0.820477
25.824,0.4,0.0293132,0.820477
25.826,0.4,0.0289103,0.820477
25.828,0.4,0.0294139,0.820477
25.83,0.4,0.0298168,0.820477
25.832,0.4,0.0297161,0.820477
25.834,0.4,0.029011,0.825069
25.836,0.4,0.0295147,0.825069
25.838,0.4,0.0287088,0.825069
25.84,0.4,0.029011,0.825069
25.842,0.4,0.0296154,0.825069
25.844,0.4,0.0292125,0.825069
25.846,0.4,0.0292125,0.825069
25.848,0.4,0.0291117,0.825722
25.85,0.4,0.0287088,0.825722
25.852,0.4,0.0287088,0.825722
25.854,0.4,0.0288095,0.825722
25.856,0.4,0.0296154,0.825722
25.858,0.4,0.0289103,0.825722
25.86,0.4,0.0291117,0.825722
25.862,0.4,0.0289103,0.828054
25.864,0.4,0.0284066,0.828054
25.866,0.4,0.0288095,0.828054
25.868,0.4,0.0287088,0.828054
25.87,0.4,0.0292125,0.828054
25.872,0.4,0.0291117,0.828054
25.874,0.4,0.0289103,0.828054
25.876,0.4,0.0294139,0.828054
25.878,0.4,0.0284066,0.832652
25.88,0.4,0.0293132,0.832652
25.882,0.4,0.0293132,0.832652
25.884,0.4,0.0297161,0.832652
25.886,0.4,0.0303205,0.832652
25.888,0.4,0.03163,0.832652
25.89,0.4,0.0310256,0.832652
25.892,0.4,0.0306227,0.831825
25.894,0.4,0.030522,0.831825
25.896,0.4,0.0295147,0.831825
25.898,0.4,0.0299176,0.831825
25.9,0.4,0.029011,0.831825
25.902,0.4,0.0287088,0.831825
25.904,0.4,0.0291117,0.831825
25.906,0.4,0.0293132,0.831825
25.908,0.4,0.0300183,0.835128
25.91,0.4,0.0287088,0.835128
25.912,0.4,0.0289103,0.835128
25.914,0.4,0.0292125,0.835128
25.916,0.4,0.0291117,0.835128
25.918,0.4,0.0293132,0.835128
25.92,0.4,0.0295147,0.835128
25.922,0.4,0.0286081,0.829583
25.924,0.4,0.0292125,0.829583
25.926,0.4,0.0288095,0.829583
25.928,0.4,0.0292125,0.829583
25.93,0.4,0.0292125,0.829583
25.932,0.4,0.0294139,0.829583
25.934,0.4,0.0287088,0.829583
25.936,0.4,0.0292125,0.817136
25.938,0.4,0.0295147,0.819019
25.94,0.4,0.0296154,0.819019
25.942,0.4,0.029011,0.819019
25.944,0.4,0.029011,0.819019
25.946,0.4,0.0289103,0.819019
25.948,0.4,0.0296154,0.819019
25.95,0.4,0.0299176,0.819019
25.952,0.4,0.029011,0.810203
25.954,0.4,0.0292125,0.810203
25.956,0.4,0.029011,0.810203
25.958,0.4,0.0296154,0.810203
25.96,0.4,0.0295147,0.810203
25.962,0.4,0.0288095,0.810203
25.964,0.4,0.0296154,0.810203
25.966,0.4,0.0293132,0.810203
25.968,0.4,0.0285073,0.802556
25.97,0.4,0.0291117,0.802556
25.972,0.4,0.0291117,0.802556
25.974,0.4,0.0291117,0.802556
25.976,0.4,0.0291117,0.802556
25.978,0.4,0.0295147,0.802556
25.98,0.4,0.0294139,0.802556
25.982,0.4,0.0284066,0.798859
25.984,0.4,0.029011,0.794506
25.986,0.4,0.0296154,0.794506
25.988,0.4,0.0292125,0.794506
25.99,0.4,0.0294139,0.794506
25.992,0.4,0.0300183,0.794506
25.994,0.4,0.0292125,0.794506
25.996,0.4,0.0295147,0.794506
25.998,0.4,0.0289103,0.78994
26,0.5,0.0289103,0.78994
26.002,0.5,0.0431136,0.78994
26.004,0.5,0.0428114,0.78994
26.006,0.5,0.0424084,0.78994
26.008,0.5,0.0428114,0.78994
26.01,0.5,0.0427106,0.78994
26.012,0.5,0.0429121,0.78994
26.014,0.5,0.0421062,0.790841
26.016,0.5,0.0424084,0.790841
26.018,0.5,0.0423077,0.790841
26.02,0.5,0.0430128,0.790841
26.022,0.5,0.0429121,0.790841
26.024,0.5,0.0421062,0.790841
26.026,0.5,0.0420055,0.790841
26.028,0.5,0.0426099,0.838704
26.03,0.5,0.0421062,0.838704
26.032,0.5,0.0419048,0.838704
26.034,0.5,0.0420055,0.838704
26.036,0.5,0.0417033,0.838704
26.038,0.5,0.0416026,0.838704
26.04,0.5,0.0421062,0.838704
26.042,0.5,0.0417033,0.893978
26.044,0.5,0.0416026,0.893978
26.046,0.5,0.0414011,0.893978
26.048,0.5,0.0415018,0.893978
26.05,0.5,0.0419048,0.893978
26.052,0.5,0.0408974,0.893978
26.054,0.5,0.0407967,0.941154
26.056,0.5,0.0416026,0.941154
26.058,0.5,0.0419048,0.941154
26.06,0.5,0.0413004,0.941154
26.062,0.5,0.0414011,0.941154
26.064,0.5,0.0414011,0.941154
26.066,0.5,0.0421062,0.981927
26.068,0.5,0.0421062,0.981927
26.07,0.5,0.0415018,0.981927
26.072,0.5,0.0414011,0.981927
26.074,0.5,0.0410989,0.981927
26.076,0.5,0.0417033,0.981927
26.078,0.5,0.0414011,1.02116
26.08,0.5,0.0413004,1.02116
26.082,0.5,0.0408974,1.02116
26.084,0.5,0.0420055,1.02116
26.086,0.5,0.0413004,1.02116
26.088,0.5,0.0413004,1.02116
26.09,0.5,0.0417033,1.04766
26.092,0.5,0.0417033,1.04766
26.094,0.5,0.0413004,1.04766
26.096,0.5,0.0414011,1.04766
26.098,0.5,0.0409982,1.04766
26.1,0.5,0.0417033,1.04766
26.102,0.5,0.0410989,1.07277
26.104,0.5,0.0410989,1.07277
26.106,0.5,0.0411996,1.07277
26.108,0.5,0.0408974,1.07277
26.11,0.5,0.0415018,1.07277
26.112,0.5,0.040696,1.09735
26.114,0.5,0.0416026,1.09735
26.116,0.5,0.0413004,1.09735
26.118,0.5,0.0416026,1.09735
26.12,0.5,0.041804,1.09735
26.122,0.5,0.0413004,1.09735
26.124,0.5,0.0407967,1.11288
26.126,0.5,0.0408974,1.11288
26.128,0.5,0.0413004,1.11288
26.13,0.5,0.041804,1.11288
26.132,0.5,0.0409982,1.11288
26.134,0.5,0.0414011,1.12247
26.136,0.5,0.0414011,1.12247
26.138,0.5,0.0404945,1.12247
26.14,0.5,0.0409982,1.12247
26.142,0.5,0.0410989,1.12247
26.144,0.5,0.041804,1.13242
26.146,0.5,0.0413004,1.13242
26.148,0.5,0.0409982,1.13242
26.15,0.5,0.0414011,1.13242
26.152,0.5,0.0413004,1.13242
26.154,0.5,0.041804,1.13242
26.156,0.5,0.0416026,1.13725
26.158,0.5,0.0413004,1.13725
26.16,0.5,0.0407967,1.13725
26.162,0.5,0.0414011,1.13725
26.164,0.5,0.0415018,1.13725
26.166,0.5,0.0415018,1.14031
26.168,0.5,0.0408974,1.14031
26.17,0.5,0.0407967,1.14031
26.172,0.5,0.0414011,1.14031
26.174,0.5,0.0440201,1.14031
26.176,0.5,0.0441209,1.14031
26.178,0.5,0.0440201,1.1476
26.18,0.5,0.0443223,1.1476
26.182,0.5,0.0445238,1.1476
26.184,0.5,0.0444231,1.1476
26.186,0.5,0.0440201,1.1476
26.188,0.5,0.0442216,1.14619
26.19,0.5,0.0446245,1.14619
26.192,0.5,0.0408974,1.14619
26.194,0.5,0.0415018,1.14619
26.196,0.5,0.0410989,1.14619
26.198,0.5,0.0410989,1.1528
26.2,0.5,0.0411996,1.1528
26.202,0.5,0.0407967,1.1528
26.204,0.5,0.0411996,1.1528
26.206,0.5,0.0414011,1.1528
26.208,0.5,0.0408974,1.1528
26.21,0.5,0.041804,1.15772
26.212,0.5,0.0409982,1.15772
26.214,0.5,0.0404945,1.15772
26.216,0.5,0.0414011,1.15772
26.218,0.5,0.0409982,1.15772
26.22,0.5,0.0403938,1.14762
26.222,0.5,0.0404945,1.14762
26.224,0.5,0.040696,1.14762
26.226,0.5,0.0417033,1.14762
26.228,0.5,0.0410989,1.14762
26.23,0.5,0.0411996,1.13948
26.232,0.5,0.0405952,1.13948
26.234,0.5,0.040696,1.13948
26.236,0.5,0.0411996,1.13948
26.238,0.5,0.0411996,1.13948
26.24,0.5,0.0415018,1.13948
26.242,0.5,0.0413004,1.14102
26.244,0.5,0.0411996,1.14102
26.246,0.5,0.040696,1.14102
26.248,0.5,0.0417033,1.14102
26.25,0.5,0.0415018,1.14102
26.252,0.5,0.040293,1.14193
26.254,0.5,0.0417033,1.14193
26.256,0.5,0.0411996,1.14193
26.258,0.5,0.0416026,1.14193
26.26,0.5,0.0408974,1.14193
26.262,0.5,0.040696,1.13653
26.264,0.5,0.0416026,1.13653
26.266,0.5,0.0411996,1.13653
26.268,0.5,0.0414011,1.13653
26.27,0.5,0.0413004,1.13653
26.272,0.5,0.0408974,1.13653
26.274,0.5,0.0404945,1.13557
26.276,0.5,0.0403938,1.13557
26.278,0.5,0.0404945,1.13557
26.28,0.5,0.0411996,1.13557
26.282,0.5,0.0409982,1.13557
26.284,0.5,0.0411996,1.14388
26.286,0.5,0.0410989,1.14388
26.288,0.5,0.0410989,1.14388
26.29,0.5,0.040696,1.14388
26.292,0.5,0.0408974,1.14388
26.294,0.5,0.0415018,1.14388
26.296,0.5,0.0408974,1.14948
26.298,0.5,0.0403938,1.14948
26.3,0.5,0.0414011,1.14948
26.302,0.5,0.0415018,1.14948
26.304,0.5,0.040696,1.14948
26.306,0.5,0.0401923,1.15673
26.308,0.5,0.0408974,1.15673
26.31,0.5,0.0409982,1.15673
26.312,0.5,0.0408974,1.15673
26.314,0.5,0.0409982,1.15673
26.316,0.5,0.0405952,1.17298
26.318,0.5,0.0398901,1.17298
26.32,0.5,0.0414011,1.17298
26.322,0.5,0.0407967,1.17298
26.324,0.5,0.0409982,1.17298
26.326,0.5,0.0404945,1.18461
26.328,0.5,0.0408974,1.18461
26.33,0.5,0.0408974,1.18461
26.332,0.5,0.0408974,1.18461
26.334,0.5,0.040696,1.18461
26.336,0.5,0.0400916,1.19667
26.338,0.5,0.0403938,1.19667
26.34,0.5,0.0405952,1.19667
26.342,0.5,0.0405952,1.19667
26.344,0.5,0.0407967,1.19667
26.346,0.5,0.0407967,1.21947
26.348,0.5,0.0407967,1.21947
26.35,0.5,0.0403938,1.21947
26.352,0.5,0.0400916,1.21947
26.354,0.5,0.0405952,1.21947
26.356,0.5,0.0408974,1.23634
26.358,0.5,0.0398901,1.23634
26.36,0.5,0.0398901,1.23634
26.362,0.5,0.0398901,1.23634
26.364,0.5,0.0407967,1.23634
26.366,0.5,0.0397894,1.25197
26.368,0.5,0.0405952,1.25197
26.37,0.5,0.0403938,1.25197
26.372,0.5,0.0409982,1.25197
26.374,0.5,0.0400916,1.25197
26.376,0.5,0.0404945,1.27765
26.378,0.5,0.0397894,1.27765
26.38,0.5,0.0400916,1.27765
26.382,0.5,0.0399908,1.27765
26.384,0.5,0.0404945,1.27765
26.386,0.5,0.0398901,1.29594
26.388,0.5,0.0398901,1.29594
26.39,0.5,0.0400916,1.29594
26.392,0.5,0.0400916,1.29594
26.394,0.5,0.0400916,1.31557
26.396,0.5,0.0393864,1.31557
26.398,0.5,0.040293,1.31557
26.4,0.5,0.0404945,1.31557
26.402,0.5,0.0400916,1.31557
26.404,0.5,0.0392857,1.34729
26.406,0.5,0.0386813,1.34729
26.408,0.5,0.0395879,1.34729
26.41,0.5,0.0400916,1.34729
26.412,0.5,0.040293,1.35557
26.414,0.5,0.0397894,1.35557
26.416,0.5,0.0398901,1.35557
26.418,0.5,0.0400916,1.35557
26.42,0.5,0.0394872,1.35557
26.422,0.5,0.0390842,1.3827
26.424,0.5,0.041804,1.3827
26.426,0.5,0.0426099,1.3827
26.428,0.5,0.0420055,1.3827
26.43,0.5,0.0429121,1.41418
26.432,0.5,0.0393864,1.41418
26.434,0.5,0.0398901,1.41418
26.436,0.5,0.0389835,1.41418
26.438,0.5,0.0385806,1.42493
26.44,0.5,0.0392857,1.42493
26.442,0.5,0.0398901,1.42493
26.444,0.5,0.040293,1.42493
26.446,0.5,0.0388828,1.43687
26.448,0.5,0.0389835,1.43687
26.45,0.5,0.039185,1.43687
26.452,0.5,0.0390842,1.43687
26.454,0.5,0.0399908,1.43687
26.456,0.5,0.0395879,1.45376
26.458,0.5,0.039185,1.45376
26.46,0.5,0.0394872,1.45376
26.462,0.5,0.0388828,1.45376
26.464,0.5,0.0389835,1.45904
26.466,0.5,0.0395879,1.45904
26.468,0.5,0.0394872,1.45904
26.47,0.5,0.0389835,1.45904
26.472,0.5,0.0388828,1.47647
26.474,0.5,0.0384799,1.47647
26.476,0.5,0.0393864,1.47647
26.478,0.5,0.0395879,1.47647
26.48,0.5,0.0393864,1.48052
26.482,0.5,0.0388828,1.48052
26.484,0.5,0.0389835,1.48052
26.486,0.5,0.0395879,1.48052
26.488,0.5,0.0385806,1.47749
26.49,0.5,0.0395879,1.47749
26.492,0.5,0.0392857,1.47749
26.494,0.5,0.0394872,1.47749
26.496,0.5,0.0386813,1.50003
26.498,0.5,0.0379762,1.50003
26.5,0.5,0.0395879,1.50003
26.502,0.5,0.039185,1.50003
26.504,0.5,0.0389835,1.49671
26.506,0.5,0.039185,1.49671
26.508,0.5,0.0388828,1.49671
26.51,0.5,0.0379762,1.49671
26.512,0.5,0.0398901,1.49671
26.514,0.5,0.0386813,1.48863
26.516,0.5,0.0396886,1.48863
26.518,0.5,0.0382784,1.48863
26.52,0.5,0.0392857,1.48863
26.522,0.5,0.0394872,1.49405
26.524,0.5,0.0390842,1.49405
26.526,0.5,0.0387821,1.49405
26.528,0.5,0.0386813,1.49405
26.53,0.5,0.0394872,1.48987
26.532,0.5,0.039185,1.48987
26.534,0.5,0.0399908,1.48987
26.536,0.5,0.0388828,1.48987
26.538,0.5,0.0388828,1.48347
26.54,0.5,0.0397894,1.48347
26.542,0.5,0.0392857,1.48347
26.544,0.5,0.0394872,1.48347
26.546,0.5,0.0386813,1.4765
26.548,0.5,0.0392857,1.4765
26.55,0.5,0.0394872,1.4765
26.552,0.5,0.0398901,1.4765
26.554,0.5,0.0400916,1.4682
26.556,0.5,0.0395879,1.4682
26.558,0.5,0.0392857,1.4682
26.56,0.5,0.0399908,1.4682
26.562,0.5,0.039185,1.45154
26.564,0.5,0.0395879,1.45797
26.566,0.5,0.0386813,1.45797
26.568,0.5,0.0388828,1.45797
26.57,0.5,0.0388828,1.45797
26.572,0.5,0.039185,1.44511
26.574,0.5,0.0396886,1.44511
26.576,0.5,0.0390842,1.44511
26.578,0.5,0.0396886,1.44511
26.58,0.5,0.0386813,1.43094
26.582,0.5,0.0399908,1.43094
26.584,0.5,0.0394872,1.43094
26.586,0.5,0.0395879,1.43094
26.588,0.5,0.0387821,1.41656
26.59,0.5,0.0396886,1.41656
26.592,0.5,0.0394872,1.41656
26.594,0.5,0.0393864,1.41656
26.596,0.5,0.0395879,1.41656
26.598,0.5,0.0393864,1.40231
26.6,0.5,0.0390842,1.40231
26.602,0.5,0.0394872,1.40231
26.604,0.5,0.0392857,1.40231
26.606,0.5,0.0397894,1.38947
26.608,0.5,0.0400916,1.38947
26.61,0.5,0.0398901,1.38947
26.612,0.5,0.0396886,1.38947
26.614,0.5,0.0432143,1.38947
26.616,0.5,0.0432143,1.37275
26.618,0.5,0.042207,1.37275
26.62,0.5,0.0421062,1.37275
26.622,0.5,0.043315,1.37275
26.624,0.5,0.0432143,1.35981
26.626,0.5,0.0425092,1.35981
26.628,0.5,0.0411996,1.35981
26.63,0.5,0.0400916,1.35981
26.632,0.5,0.0400916,1.35981
26.634,0.5,0.0393864,1.34887
26.636,0.5,0.0390842,1.34887
26.638,0.5,0.0395879,1.34887
26.64,0.5,0.0396886,1.34887
26.642,0.5,0.0395879,1.33191
26.644,0.5,0.0399908,1.33191
26.646,0.5,0.0401923,1.33191
26.648,0.5,0.0401923,1.33191
26.65,0.5,0.0401923,1.33191
26.652,0.5,0.0408974,1.31027
26.654,0.5,0.0398901,1.31027
26.656,0.5,0.0404945,1.31027
26.658,0.5,0.0393864,1.31027
26.66,0.5,0.0405952,1.31027
26.662,0.5,0.0407967,1.28963
26.664,0.5,0.0397894,1.28963
26.666,0.5,0.0397894,1.28963
26.668,0.5,0.0403938,1.28963
26.67,0.5,0.040696,1.28963
26.672,0.5,0.0393864,1.27269
26.674,0.5,0.040696,1.27269
26.676,0.5,0.040293,1.27269
26.678,0.5,0.0411996,1.27269
26.68,0.5,0.0410989,1.27269
26.682,0.5,0.0408974,1.25559
26.684,0.5,0.0407967,1.25559
26.686,0.5,0.0407967,1.25559
26.688,0.5,0.040293,1.25559
26.69,0.5,0.0411996,1.25559
26.692,0.5,0.0403938,1.23939
26.694,0.5,0.0403938,1.23939
26.696,0.5,0.0404945,1.23939
26.698,0.5,0.0404945,1.23939
26.7,0.5,0.0409982,1.23939
26.702,0.5,0.0409982,1.22189
26.704,0.5,0.0403938,1.22189
26.706,0.5,0.0411996,1.22189
26.708,0.5,0.0414011,1.22189
26.71,0.5,0.0403938,1.22189
26.712,0.5,0.0407967,1.21073
26.714,0.5,0.0405952,1.21073
26.716,0.5,0.0409982,1.21073
26.718,0.5,0.0410989,1.21073
26.72,0.5,0.0414011,1.21073
26.722,0.5,0.0408974,1.20061
26.724,0.5,0.040696,1.20061
26.726,0.5,0.0409982,1.20061
26.728,0.5,0.0410989,1.20061
26.73,0.5,0.0416026,1.20061
26.732,0.5,0.0415018,1.18767
26.734,0.5,0.040696,1.18767
26.736,0.5,0.0416026,1.18767
26.738,0.5,0.0404945,1.18767
26.74,0.5,0.0411996,1.18767
26.742,0.5,0.0407967,1.17952
26.744,0.5,0.0409982,1.17952
26.746,0.5,0.0411996,1.17952
26.748,0.5,0.0409982,1.17952
26.75,0.5,0.0413004,1.17952
26.752,0.5,0.0416026,1.17952
26.754,0.5,0.0407967,1.17533
26.756,0.5,0.0407967,1.17533
26.758,0.5,0.0410989,1.17533
26.76,0.5,0.0409982,1.17533
26.762,0.5,0.0408974,1.17533
26.764,0.5,0.0415018,1.16574
26.766,0.5,0.040293,1.16574
26.768,0.5,0.0408974,1.16574
26.77,0.5,0.0411996,1.16574
26.772,0.5,0.040696,1.16574
26.774,0.5,0.0417033,1.16124
26.776,0.5,0.0410989,1.16124
26.778,0.5,0.0408974,1.16124
26.78,0.5,0.0410989,1.16124
26.782,0.5,0.0409982,1.16124
26.784,0.5,0.0411996,1.16124
26.786,0.5,0.0413004,1.1573
26.788,0.5,0.0411996,1.1573
26.79,0.5,0.0409982,1.1573
26.792,0.5,0.0411996,1.1573
26.794,0.5,0.0407967,1.1573
26.796,0.5,0.0417033,1.15239
26.798,0.5,0.0409982,1.15239
26.8,0.5,0.0405952,1.15239
26.802,0.5,0.0410989,1.15239
26.804,0.5,0.0410989,1.15239
26.806,0.5,0.0414011,1.14541
26.808,0.5,0.0416026,1.14541
26.81,0.5,0.0404945,1.14541
26.812,0.5,0.0408974,1.14541
26.814,0.5,0.0407967,1.14541
26.816,0.5,0.0416026,1.14541
26.818,0.5,0.0414011,1.14254
26.82,0.5,0.0407967,1.14254
26.822,0.5,0.0407967,1.14254
26.824,0.5,0.0408974,1.14254
26.826,0.5,0.0416026,1.14254
26.828,0.5,0.0410989,1.13767
26.83,0.5,0.0403938,1.13767
26.832,0.5,0.040696,1.13767
26.834,0.5,0.040696,1.13767
26.836,0.5,0.0416026,1.13767
26.838,0.5,0.0410989,1.12859
26.84,0.5,0.0401923,1.12859
26.842,0.5,0.0419048,1.12859
26.844,0.5,0.0413004,1.12859
26.846,0.5,0.0416026,1.12859
26.848,0.5,0.0431136,1.12859
26.85,0.5,0.0442216,1.12219
26.852,0.5,0.0447253,1.12219
26.854,0.5,0.0444231,1.12219
26.856,0.5,0.041804,1.12219
26.858,0.5,0.0415018,1.12219
26.86,0.5,0.0415018,1.11442
26.862,0.5,0.0407967,1.11217
26.864,0.5,0.0419048,1.11217
26.866,0.5,0.0415018,1.11217
26.868,0.5,0.0414011,1.11217
26.87,0.5,0.0416026,1.11217
26.872,0.5,0.0414011,1.09946
26.874,0.5,0.0413004,1.09946
26.876,0.5,0.0410989,1.09946
26.878,0.5,0.042207,1.09946
26.88,0.5,0.0417033,1.09946
26.882,0.5,0.0411996,1.09946
26.884,0.5,0.041804,1.08305
26.886,0.5,0.0414011,1.08305
26.888,0.5,0.0415018,1.08305
26.89,0.5,0.0414011,1.08305
26.892,0.5,0.0415018,1.08305
26.894,0.5,0.0421062,1.08305
26.896,0.5,0.0417033,1.05728
26.898,0.5,0.0417033,1.05728
26.9,0.5,0.0417033,1.05728
26.902,0.5,0.0414011,1.05728
26.904,0.5,0.041804,1.05728
26.906,0.5,0.042207,1.05728
26.908,0.5,0.0426099,1.03716
26.91,0.5,0.0420055,1.03716
26.912,0.5,0.0417033,1.03716
26.914,0.5,0.0414011,1.03716
26.916,0.5,0.0417033,1.03716
26.918,0.5,0.0419048,1.03716
26.92,0.5,0.0425092,1.00874
26.922,0.5,0.0411996,1.00874
26.924,0.5,0.0413004,1.00874
26.926,0.5,0.0415018,1.00874
26.928,0.5,0.0423077,1.00874
26.93,0.5,0.042207,1.00874
26.932,0.5,0.042207,0.977903
26.934,0.5,0.0421062,0.977903
26.936,0.5,0.0426099,0.977903
26.938,0.5,0.042207,0.977903
26.94,0.5,0.0427106,0.977903
26.942,0.5,0.0426099,0.977903
26.944,0.5,0.0426099,0.977903
26.946,0.5,0.0420055,0.944411
26.948,0.5,0.0421062,0.944411
26.95,0.5,0.0424084,0.944411
26.952,0.5,0.0430128,0.944411
26.954,0.5,0.0425092,0.944411
26.956,0.5,0.0428114,0.944411
26.958,0.5,0.043315,0.929098
26.96,0.5,0.0426099,0.903225
26.962,0.5,0.0423077,0.903225
26.964,0.5,0.0419048,0.903225
26.966,0.5,0.0424084,0.903225
26.968,0.5,0.0427106,0.903225
26.97,0.5,0.0427106,0.903225
26.972,0.5,0.0434158,0.903225
26.974,0.5,0.0429121,0.858387
26.976,0.5,0.0429121,0.858387
26.978,0.5,0.0432143,0.858387
26.98,0.5,0.0435165,0.858387
26.982,0.5,0.043315,0.858387
26.984,0.5,0.0435165,0.858387
26.986,0.5,0.0429121,0.858387
26.988,0.5,0.0434158,0.837071
26.99,0.5,0.0440201,0.810629
26.992,0.5,0.043315,0.810629
26.994,0.5,0.0430128,0.810629
26.996,0.5,0.0437179,0.810629
26.998,0.5,0.0432143,0.810629
27,0.6,0.0434158,0.810629
27.002,0.6,0.0561081,0.810629
27.004,0.6,0.0560073,0.810629
27.006,0.6,0.0561081,0.762297
27.008,0.6,0.0566117,0.762297
27.01,0.6,0.0564103,0.762297
27.012,0.6,0.0559066,0.762297
27.014,0.6,0.0560073,0.762297
27.016,0.6,0.0564103,0.762297
27.018,0.6,0.0559066,0.762297
27.02,0.6,0.0568132,0.762297
27.022,0.6,0.0563095,0.744364
27.024,0.6,0.056511,0.733289
27.026,0.6,0.0552015,0.733289
27.028,0.6,0.0555037,0.733289
27.03,0.6,0.0557051,0.733289
27.032,0.6,0.0556044,0.733289
27.034,0.6,0.0560073,0.733289
27.036,0.6,0.0563095,0.733289
27.038,0.6,0.0558059,0.733289
27.04,0.6,0.0564103,0.741741
27.042,0.6,0.0556044,0.741741
27.044,0.6,0.0562088,0.741741
27.046,0.6,0.0561081,0.741741
27.048,0.6,0.0553022,0.741741
27.05,0.6,0.0563095,0.741741
27.052,0.6,0.0558059,0.741741
27.054,0.6,0.0564103,0.741741
27.056,0.6,0.0555037,0.747772
27.058,0.6,0.0560073,0.747772
27.06,0.6,0.0559066,0.747772
27.062,0.6,0.0558059,0.747772
27.064,0.6,0.0557051,0.747772
27.066,0.6,0.0562088,0.747772
27.068,0.6,0.056511,0.747772
27.07,0.6,0.0561081,0.747772
27.072,0.6,0.0566117,0.748519
27.074,0.6,0.0559066,0.748519
27.076,0.6,0.0556044,0.748519
27.078,0.6,0.0566117,0.748519
27.08,0.6,0.0555037,0.748519
27.082,0.6,0.0560073,0.748519
27.084,0.6,0.0559066,0.748519
27.086,0.6,0.0568132,0.748519
27.088,0.6,0.0557051,0.74519
27.09,0.6,0.0563095,0.74519
27.092,0.6,0.056511,0.74519
27.094,0.6,0.0563095,0.74519
27.096,0.6,0.0564103,0.74519
27.098,0.6,0.0568132,0.74519
27.1,0.6,0.0566117,0.74519
27.102,0.6,0.0566117,0.74519
27.104,0.6,0.0557051,0.74519
27.106,0.6,0.0559066,0.734861
27.108,0.6,0.0562088,0.734861
27.11,0.6,0.0561081,0.734861
27.112,0.6,0.0561081,0.734861
27.114,0.6,0.0561081,0.734861
27.116,0.6,0.0563095,0.734861
27.118,0.6,0.0568132,0.734861
27.12,0.6,0.0566117,0.734861
27.122,0.6,0.056511,0.714957
27.124,0.6,0.0561081,0.717443
27.126,0.6,0.0568132,0.717443
27.128,0.6,0.0558059,0.717443
27.13,0.6,0.0573168,0.717443
27.132,0.6,0.0568132,0.717443
27.134,0.6,0.0572161,0.717443
27.136,0.6,0.0567125,0.717443
27.138,0.6,0.0571154,0.717443
27.14,0.6,0.0566117,0.689644
27.142,0.6,0.0571154,0.693618
27.144,0.6,0.056511,0.693618
27.146,0.6,0.0571154,0.693618
27.148,0.6,0.0555037,0.693618
27.15,0.6,0.0570147,0.693618
27.152,0.6,0.0577198,0.693618
27.154,0.6,0.0569139,0.693618
27.156,0.6,0.0569139,0.693618
27.158,0.6,0.0573168,0.69117
27.16,0.6,0.056511,0.662856
27.162,0.6,0.0564103,0.662856
27.164,0.6,0.0568132,0.662856
27.166,0.6,0.0569139,0.662856
27.168,0.6,0.056511,0.662856
27.17,0.6,0.056511,0.662856
27.172,0.6,0.0569139,0.662856
27.174,0.6,0.0571154,0.662856
27.176,0.6,0.0568132,0.662856
27.178,0.6,0.0569139,0.652758
27.18,0.6,0.0571154,0.627798
27.182,0.6,0.0577198,0.627798
27.184,0.6,0.0563095,0.627798
27.186,0.6,0.0570147,0.627798
27.188,0.6,0.0573168,0.627798
27.19,0.6,0.0570147,0.627798
27.192,0.6,0.0573168,0.627798
27.194,0.6,0.056511,0.627798
27.196,0.6,0.0579212,0.627798
27.198,0.6,0.0567125,0.627798
27.2,0.6,0.0570147,0.594036
27.202,0.6,0.0574176,0.588986
27.204,0.6,0.057619,0.588986
27.206,0.6,0.059533,0.588986
27.208,0.6,0.0616484,0.588986
27.21,0.6,0.0623535,0.588986
27.212,0.6,0.0615476,0.588986
27.214,0.6,0.0615476,0.588986
27.216,0.6,0.0619505,0.588986
27.218,0.6,0.0615476,0.588986
27.22,0.6,0.0614469,0.588986
27.222,0.6,0.0616484,0.580548
27.224,0.6,0.0617491,0.550687
27.226,0.6,0.0618498,0.550687
27.228,0.6,0.0612454,0.550687
27.23,0.6,0.0614469,0.550687
27.232,0.6,0.0617491,0.550687
27.234,0.6,0.0620513,0.550687
27.236,0.6,0.062152,0.550687
27.238,0.6,0.0624542,0.550687
27.24,0.6,0.0622527,0.550687
27.242,0.6,0.0614469,0.550687
27.244,0.6,0.0619505,0.550687
27.246,0.6,0.0627564,0.548526
27.248,0.6,0.0624542,0.529637
27.25,0.6,0.0617491,0.529637
27.252,0.6,0.0614469,0.529637
27.254,0.6,0.0582234,0.529637
27.256,0.6,0.0574176,0.529637
27.258,0.6,0.0579212,0.529637
27.26,0.6,0.0583242,0.529637
27.262,0.6,0.0573168,0.529637
27.264,0.6,0.0574176,0.529637
27.266,0.6,0.0577198,0.529637
27.268,0.6,0.057619,0.529637
27.27,0.6,0.058022,0.529637
27.272,0.6,0.058022,0.494279
27.274,0.6,0.0574176,0.5093
27.276,0.6,0.0573168,0.5093
27.278,0.6,0.0579212,0.5093
27.28,0.6,0.0577198,0.5093
27.282,0.6,0.0578205,0.5093
27.284,0.6,0.0577198,0.5093
27.286,0.6,0.0579212,0.5093
27.288,0.6,0.0581227,0.5093
27.29,0.6,0.0578205,0.5093
27.292,0.6,0.057619,0.5093
27.294,0.6,0.0577198,0.5093
27.296,0.6,0.0578205,0.5093
27.298,0.6,0.0584249,0.476617
27.3,0.6,0.0578205,0.442366
27.302,0.6,0.0578205,0.461247
27.304,0.6,0.058022,0.461247
27.306,0.6,0.0577198,0.461247
27.308,0.6,0.058022,0.461247
27.31,0.6,0.0574176,0.461247
27.312,0.6,0.0579212,0.461247
27.314,0.6,0.0589286,0.461247
27.316,0.6,0.0575183,0.461247
27.318,0.6,0.0590293,0.461247
27.32,0.6,0.0577198,0.461247
27.322,0.6,0.057619,0.461247
27.324,0.6,0.0582234,0.461247
27.326,0.6,0.0588278,0.461247
27.328,0.6,0.0579212,0.442783
27.33,0.6,0.0583242,0.413009
27.332,0.6,0.0585256,0.410992
27.334,0.6,0.0588278,0.410992
27.336,0.6,0.0583242,0.410992
27.338,0.6,0.058022,0.410992
27.34,0.6,0.057619,0.410992
27.342,0.6,0.0579212,0.410992
27.344,0.6,0.0582234,0.410992
27.346,0.6,0.0588278,0.410992
27.348,0.6,0.0582234,0.410992
27.35,0.6,0.0588278,0.410992
27.352,0.6,0.0582234,0.410992
27.354,0.6,0.0588278,0.410992
27.356,0.6,0.0575183,0.410992
27.358,0.6,0.0587271,0.410992
27.36,0.6,0.0581227,0.410992
27.362,0.6,0.0578205,0.405504
27.364,0.6,0.0586264,0.380426
27.366,0.6,0.0582234,0.358125
27.368,0.6,0.057619,0.371625
27.37,0.6,0.0585256,0.371625
27.372,0.6,0.058022,0.371625
27.374,0.6,0.0585256,0.371625
27.376,0.6,0.0584249,0.371625
27.378,0.6,0.0586264,0.371625
27.38,0.6,0.0582234,0.371625
27.382,0.6,0.0588278,0.371625
27.384,0.6,0.0586264,0.371625
27.386,0.6,0.0592308,0.371625
27.388,0.6,0.0577198,0.371625
27.39,0.6,0.0584249,0.371625
27.392,0.6,0.0581227,0.371625
27.394,0.6,0.0574176,0.371625
27.396,0.6,0.0582234,0.371625
27.398,0.6,0.0582234,0.371625
27.4,0.6,0.0588278,0.363163
27.402,0.6,0.05913,0.342927
27.404,0.6,0.0586264,0.3454
27.406,0.6,0.0586264,0.3454
27.408,0.6,0.0583242,0.3454
27.41,0.6,0.0582234,0.3454
27.412,0.6,0.0584249,0.3454
27.414,0.6,0.0585256,0.3454
27.416,0.6,0.0583242,0.3454
27.418,0.6,0.0574176,0.3454
27.42,0.6,0.0579212,0.3454
27.422,0.6,0.0586264,0.3454
27.424,0.6,0.05913,0.3454
27.426,0.6,0.0584249,0.3454
27.428,0.6,0.0584249,0.3454
27.43,0.6,0.0586264,0.3454
27.432,0.6,0.0587271,0.3454
27.434,0.6,0.05913,0.3454
27.436,0.6,0.0586264,0.3454
27.438,0.6,0.0586264,0.341388
27.44,0.6,0.0584249,0.339945
27.442,0.6,0.0583242,0.339945
27.444,0.6,0.0582234,0.339945
27.446,0.6,0.0586264,0.339945
27.448,0.6,0.0585256,0.339945
27.45,0.6,0.0584249,0.339945
27.452,0.6,0.0585256,0.339945
27.454,0.6,0.058022,0.339945
27.456,0.6,0.0586264,0.339945
27.458,0.6,0.0582234,0.339945
27.46,0.6,0.0587271,0.339945
27.462,0.6,0.0583242,0.339945
27.464,0.6,0.0584249,0.339945
27.466,0.6,0.0590293,0.339945
27.468,0.6,0.0584249,0.339945
27.47,0.6,0.0585256,0.339945
27.472,0.6,0.0587271,0.339945
27.474,0.6,0.0590293,0.339945
27.476,0.6,0.0583242,0.327551
27.478,0.6,0.05913,0.328545
27.48,0.6,0.0589286,0.328545
27.482,0.6,0.0590293,0.328545
27.484,0.6,0.0585256,0.328545
27.486,0.6,0.0588278,0.328545
27.488,0.6,0.0581227,0.328545
27.49,0.6,0.0588278,0.328545
27.492,0.6,0.0590293,0.328545
27.494,0.6,0.0596337,0.328545
27.496,0.6,0.0590293,0.328545
27.498,0.6,0.05913,0.328545
27.5,0.6,0.0590293,0.328545
27.502,0.6,0.0588278,0.328545
27.504,0.6,0.0590293,0.328545
27.506,0.6,0.0593315,0.328545
27.508,0.6,0.0590293,0.328545
27.51,0.6,0.0589286,0.328545
27.512,0.6,0.0596337,0.328545
27.514,0.6,0.0585256,0.328545
27.516,0.6,0.05913,0.315245
27.518,0.6,0.0588278,0.299819
27.52,0.6,0.0598352,0.305533
27.522,0.6,0.0588278,0.305533
27.524,0.6,0.0590293,0.305533
27.526,0.6,0.0589286,0.305533
27.528,0.6,0.05913,0.305533
27.53,0.6,0.0590293,0.305533
27.532,0.6,0.0586264,0.305533
27.534,0.6,0.0596337,0.305533
27.536,0.6,0.059533,0.305533
27.538,0.6,0.0582234,0.305533
27.54,0.6,0.0593315,0.305533
27.542,0.6,0.058022,0.305533
27.544,0.6,0.0589286,0.305533
27.546,0.6,0.0587271,0.305533
27.548,0.6,0.0592308,0.305533
27.55,0.6,0.0593315,0.305533
27.552,0.6,0.059533,0.305533
27.554,0.6,0.0589286,0.305533
27.556,0.6,0.059533,0.305533
27.558,0.6,0.0592308,0.305533
27.56,0.6,0.05913,0.301115
27.562,0.6,0.0587271,0.28701
27.564,0.6,0.0590293,0.274222
27.566,0.6,0.0590293,0.262519
27.568,0.6,0.0594322,0.251704
27.57,0.6,0.0589286,0.241797
27.572,0.6,0.0589286,0.268369
27.574,0.6,0.0594322,0.268369
27.576,0.6,0.0590293,0.268369
27.578,0.6,0.0590293,0.268369
27.58,0.6,0.05913,0.268369
27.582,0.6,0.0585256,0.268369
27.584,0.6,0.0597344,0.268369
27.586,0.6,0.0596337,0.268369
27.588,0.6,0.0596337,0.268369
27.59,0.6,0.0597344,0.268369
27.592,0.6,0.0588278,0.268369
27.594,0.6,0.0593315,0.268369
27.596,0.6,0.0600366,0.268369
27.598,0.6,0.0596337,0.268369
27.6,0.6,0.0596337,0.268369
27.602,0.6,0.0596337,0.268369
27.604,0.6,0.0596337,0.268369
27.606,0.6,0.0593315,0.268369
27.608,0.6,0.059533,0.268369
27.61,0.6,0.0600366,0.268369
27.612,0.6,0.0602381,0.268369
27.614,0.6,0.059533,0.268369
27.616,0.6,0.0597344,0.268369
27.618,0.6,0.0602381,0.258552
27.62,0.6,0.059533,0.248086
27.622,0.6,0.0602381,0.238455
27.624,0.6,0.0597344,0.229561
27.626,0.6,0.0607418,0.221266
27.628,0.6,0.0600366,0.213554
27.63,0.6,0.0600366,0.206392
27.632,0.6,0.0598352,0.199649
27.634,0.6,0.0602381,0.193365
27.636,0.6,0.0602381,0.187446
27.638,0.6,0.0597344,0.181906
27.64,0.6,0.0603388,0.176661
27.642,0.6,0.0602381,0.17171
27.644,0.6,0.0597344,0.167051
27.646,0.6,0.0599359,0.162635
27.648,0.6,0.0605403,0.158409
27.65,0.6,0.0596337,0.154435
27.652,0.6,0.0592308,0.150638
27.654,0.6,0.0599359,0.147024
27.656,0.6,0.060641,0.143591
27.658,0.6,0.0603388,0.140303
27.66,0.6,0.0605403,0.137176
27.662,0.6,0.0597344,0.134165
27.664,0.6,0.0604396,0.131298
27.666,0.6,0.0597344,0.128554
27.668,0.6,0.0598352,0.125906
27.67,0.6,0.0600366,0.123381
27.672,0.6,0.0596337,0.120952
27.674,0.6,0.0598352,0.118605
27.676,0.6,0.0600366,0.116358
27.678,0.6,0.0598352,0.188472
27.68,0.6,0.0592308,0.188472
27.682,0.6,0.0603388,0.188472
27.684,0.6,0.0604396,0.188472
27.686,0.6,0.0593315,0.188472
27.688,0.6,0.0592308,0.188472
27.69,0.6,0.059533,0.188472
27.692,0.6,0.0607418,0.188472
27.694,0.6,0.059533,0.188472
27.696,0.6,0.0601374,0.188472
27.698,0.6,0.0605403,0.188472
27.7,0.6,0.0597344,0.188472
27.702,0.6,0.0608425,0.188472
27.704,0.6,0.0597344,0.188472
27.706,0.6,0.0599359,0.188472
27.708,0.6,0.0605403,0.188472
27.71,0.6,0.0605403,0.188472
27.712,0.6,0.0590293,0.188472
27.714,0.6,0.0600366,0.188472
27.716,0.6,0.0604396,0.188472
27.718,0.6,0.0596337,0.188472
27.72,0.6,0.0599359,0.188472
27.722,0.6,0.0598352,0.188472
27.724,0.6,0.0601374,0.188472
27.726,0.6,0.059533,0.188472
27.728,0.6,0.0601374,0.188472
27.73,0.6,0.0605403,0.188472
27.732,0.6,0.0597344,0.188472
27.734,0.6,0.0600366,0.188472
27.736,0.6,0.0601374,0.188472
27.738,0.6,0.0601374,0.188472
27.74,0.6,0.0603388,0.188472
27.742,0.6,0.060641,0.187907
27.744,0.6,0.0594322,0.182292
27.746,0.6,0.0609432,0.177048
27.748,0.6,0.0607418,0.172083
27.75,0.6,0.060641,0.16738
27.752,0.6,0.0611447,0.162929
27.754,0.6,0.060641,0.158727
27.756,0.6,0.0598352,0.154719
27.758,0.6,0.0603388,0.150914
27.76,0.6,0.0598352,0.147285
27.762,0.6,0.0600366,0.143843
27.764,0.6,0.059533,0.140543
27.766,0.6,0.0598352,0.137391
27.768,0.6,0.0597344,0.134382
27.77,0.6,0.05913,0.131509
27.772,0.6,0.0600366,0.128753
27.774,0.6,0.0607418,0.126103
27.776,0.6,0.0601374,0.12356
27.778,0.6,0.060641,0.121127
27.78,0.6,0.0600366,0.118778
27.782,0.6,0.0602381,0.11652
27.784,0.6,0.0599359,0.114349
27.786,0.6,0.0599359,0.112263
27.788,0.6,0.0601374,0.110242
27.79,0.6,0.060641,0.108293
27.792,0.6,0.0609432,0.10642
27.794,0.6,0.060641,0.104611
27.796,0.6,0.0597344,0.10285
27.798,0.6,0.0602381,0.101156
27.8,0.6,0.0605403,0.09952
27.802,0.6,0.0604396,0.0979292
27.804,0.6,0.061044,0.0963881
27.806,0.6,0.0604396,0.0948953
27.808,0.6,0.061044,0.0934539
27.81,0.6,0.0600366,0.0920495
27.812,0.6,0.0600366,0.0906871
27.814,0.6,0.0599359,0.0893703
27.816,0.6,0.0603388,0.0880854
27.818,0.6,0.0604396,0.0868419
27.82,0.6,0.0599359,0.0856282
27.822,0.6,0.0601374,0.0844504
27.824,0.6,0.0599359,0.0833018
27.826,0.6,0.059533,0.0821844
27.828,0.6,0.0599359,0.0811009
27.83,0.6,0.0605403,0.0800414
27.832,0.6,0.0603388,0.0790138
27.834,0.6,0.0600366,0.0780079
27.836,0.6,0.0602381,0.0770272
27.838,0.6,0.0604396,0.0760716
27.84,0.6,0.0597344,0.0751416
27.842,0.6,0.0597344,0.0742362
27.844,0.6,0.0604396,0.0733458
27.846,0.6,0.0598352,0.0724787
27.848,0.6,0.0603388,0.0716316
27.85,0.6,0.0596337,0.0708044
27.852,0.6,0.0605403,0.07
27.854,0.6,0.0601374,0.0692099
27.856,0.6,0.0599359,0.0684374
27.858,0.6,0.0600366,0.0676854
27.86,0.6,0.0601374,0.0669426
27.862,0.6,0.0593315,0.0662196
27.864,0.6,0.0598352,0.0655136
27.866,0.6,0.0602381,0.0648208
27.868,0.6,0.0601374,0.0641446
27.87,0.6,0.0597344,0.0634801
27.872,0.6,0.0598352,0.0628296
27.874,0.6,0.0601374,0.0621953
27.876,0.6,0.0597344,0.0615691
27.878,0.6,0.0597344,0.0609586
27.88,0.6,0.0598352,0.060361
27.882,0.6,0.0599359,0.0597705
27.884,0.6,0.0600366,0.0591946
27.886,0.6,0.0603388,0.0586272
27.888,0.6,0.0592308,0.0580733
27.89,0.6,0.0601374,0.057528
27.892,0.6,0.0604396,0.0569952
27.894,0.6,0.0598352,0.0564697
27.896,0.6,0.0599359,0.055954
27.898,0.6,0.0605403,0.05545
27.9,0.6,0.0597344,0.0549526
27.902,0.6,0.060641,0.0544649
27.904,0.6,0.0602381,0.0539848
27.906,0.6,0.0600366,0.0535155
27.908,0.6,0.0598352,0.0530521
27.91,0.6,0.0602381,0.0525968
27.912,0.6,0.061044,0.05215
27.914,0.6,0.0601374,0.0517115
27.916,0.6,0.0602381,0.0512799
27.918,0.6,0.0596337,0.0508531
27.92,0.6,0.0599359,0.0504363
27.922,0.6,0.0603388,0.0500246
27.924,0.6,0.0601374,0.0496191
27.926,0.6,0.0605403,0.0492223
27.928,0.6,0.0604396,0.0488308
27.93,0.6,0.0603388,0.0484439
27.932,0.6,0.0603388,0.0480657
27.934,0.6,0.0601374,0.0476923
27.936,0.6,0.060641,0.0473231
27.938,0.6,0.0600366,0.0469611
27.94,0.6,0.0604396,0.0466048
27.942,0.6,0.0601374,0.046253
27.944,0.6,0.059533,0.045908
27.946,0.6,0.060641,0.0455664
27.948,0.6,0.0597344,0.0452315
27.95,0.6,0.0603388,0.0448992
27.952,0.6,0.0604396,0.0445734
27.954,0.6,0.0607418,0.0442521
27.956,0.6,0.05913,0.0439346
27.958,0.6,0.0598352,0.0436227
27.96,0.6,0.0594322,0.0433148
27.962,0.6,0.0603388,0.0430115
27.964,0.6,0.0604396,0.042713
27.966,0.6,0.0597344,0.0424172
27.968,0.6,0.0602381,0.0421255
27.97,0.6,0.0599359,0.0418384
27.972,0.6,0.061044,0.0415546
27.974,0.6,0.0601374,0.0412759
27.976,0.6,0.0599359,0.0409995
27.978,0.6,0.0604396,0.0407269
27.98,0.6,0.0607418,0.0404592
27.982,0.6,0.0609432,0.0401942
27.984,0.6,0.0604396,0.0399323
27.986,0.6,0.0604396,0.0396737
27.988,0.6,0.0604396,0.039419
27.99,0.6,0.0608425,0.0391681
27.992,0.6,0.060641,0.0389186
27.994,0.6,0.0605403,0.0386737
27.996,0.6,0.0609432,0.0384321
27.998,0.6,0.0603388,0.0381925
28,0.7,0.059533,0.0379559
28.002,0.7,0.0741392,0.0377227
28.004,0.7,0.0735348,0.0374925
28.006,0.7,0.0735348,0.0372643
28.008,0.7,0.0741392,0.0370401
28.01,0.7,0.0731319,0.0368171
28.012,0.7,0.0736355,0.0365982
28.014,0.7,0.0745421,0.0363809
28.016,0.7,0.0739377,0.036166
28.018,0.7,0.0737363,0.0359542
28.02,0.7,0.0739377,0.0357454
28.022,0.7,0.0746429,0.0355381
28.024,0.7,0.0727289,0.0353331
28.026,0.7,0.0739377,0.0351314
28.028,0.7,0.0746429,0.0349311
28.03,0.7,0.0742399,0.034733
28.032,0.7,0.0734341,0.0451434
28.034,0.7,0.0739377,0.0451434
28.036,0.7,0.0731319,0.0451434
28.038,0.7,0.0725275,0.0451434
28.04,0.7,0.0731319,0.0451434
28.042,0.7,0.073837,0.0451434
28.044,0.7,0.072326,0.0451434
28.046,0.7,0.0730311,0.0451434
28.048,0.7,0.0731319,0.0451434
28.05,0.7,0.0734341,0.0451434
28.052,0.7,0.0735348,0.0451434
28.054,0.7,0.0726282,0.0451434
28.056,0.7,0.0726282,0.0451434
28.058,0.7,0.0735348,0.0451434
28.06,0.7,0.0730311,0.0451434
28.062,0.7,0.0736355,0.0451434
28.064,0.7,0.0735348,0.0451434
28.066,0.7,0.0730311,0.0451434
28.068,0.7,0.0733333,0.0451434
28.07,0.7,0.0726282,0.0451434
28.072,0.7,0.0731319,0.0451434
28.074,0.7,0.0729304,0.0451434
28.076,0.7,0.0725275,0.0451434
28.078,0.7,0.0718223,0.0451434
28.08,0.7,0.0734341,0.0451434
28.082,0.7,0.0725275,0.0451434
28.084,0.7,0.0724267,0.0451434
28.086,0.7,0.0733333,0.0451434
28.088,0.7,0.0727289,0.0668931
28.09,0.7,0.0726282,0.0668931
28.092,0.7,0.0731319,0.0668931
28.094,0.7,0.0730311,0.0668931
28.096,0.7,0.0726282,0.0668931
28.098,0.7,0.0725275,0.0668931
28.1,0.7,0.0719231,0.0668931
28.102,0.7,0.0725275,0.0668931
28.104,0.7,0.0728297,0.0668931
28.106,0.7,0.0724267,0.0668931
28.108,0.7,0.072326,0.0668931
28.11,0.7,0.0724267,0.0668931
28.112,0.7,0.0728297,0.0668931
28.114,0.7,0.0734341,0.0668931
28.116,0.7,0.0731319,0.0668931
28.118,0.7,0.0728297,0.0668931
28.12,0.7,0.0724267,0.0668931
28.122,0.7,0.0715201,0.0668931
28.124,0.7,0.0734341,0.0668931
28.126,0.7,0.0728297,0.287169
28.128,0.7,0.0724267,0.287169
28.13,0.7,0.072326,0.287169
28.132,0.7,0.0728297,0.287169
28.134,0.7,0.072326,0.287169
28.136,0.7,0.0726282,0.287169
28.138,0.7,0.0725275,0.287169
28.14,0.7,0.0718223,0.287169
28.142,0.7,0.0718223,0.287169
28.144,0.7,0.0722253,0.287169
28.146,0.7,0.0719231,0.287169
28.148,0.7,0.0715201,0.287169
28.15,0.7,0.0725275,0.287169
28.152,0.7,0.0719231,0.287169
28.154,0.7,0.0719231,0.287169
28.156,0.7,0.0730311,0.287169
28.158,0.7,0.0726282,0.287169
28.16,0.7,0.0721245,0.287169
28.162,0.7,0.0715201,0.287169
28.164,0.7,0.072326,0.326352
28.166,0.7,0.072326,0.326352
28.168,0.7,0.0729304,0.326352
28.17,0.7,0.0725275,0.326352
28.172,0.7,0.0726282,0.326352
28.174,0.7,0.0729304,0.326352
28.176,0.7,0.0728297,0.326352
28.178,0.7,0.0725275,0.326352
28.18,0.7,0.0720238,0.326352
28.182,0.7,0.0724267,0.326352
28.184,0.7,0.0726282,0.326352
28.186,0.7,0.0721245,0.326352
28.188,0.7,0.0722253,0.326352
28.19,0.7,0.0732326,0.326352
28.192,0.7,0.0719231,0.326352
28.194,0.7,0.0729304,0.326352
28.196,0.7,0.0725275,0.326352
28.198,0.7,0.0724267,0.326352
28.2,0.7,0.0733333,0.326352
28.202,0.7,0.0727289,0.327738
28.204,0.7,0.0727289,0.327738
28.206,0.7,0.0726282,0.327738
28.208,0.7,0.0726282,0.327738
28.21,0.7,0.0728297,0.327738
28.212,0.7,0.0726282,0.327738
28.214,0.7,0.0728297,0.327738
28.216,0.7,0.0718223,0.327738
28.218,0.7,0.0733333,0.327738
28.22,0.7,0.0719231,0.327738
28.222,0.7,0.0732326,0.327738
28.224,0.7,0.0720238,0.327738
28.226,0.7,0.0728297,0.327738
28.228,0.7,0.0722253,0.327738
28.23,0.7,0.0726282,0.327738
28.232,0.7,0.0718223,0.327738
28.234,0.7,0.0722253,0.327738
28.236,0.7,0.0722253,0.327738
28.238,0.7,0.0726282,0.327738
28.24,0.7,0.0730311,0.312567
28.242,0.7,0.0727289,0.315248
28.244,0.7,0.0718223,0.315248
28.246,0.7,0.0721245,0.315248
28.248,0.7,0.0726282,0.315248
28.25,0.7,0.0720238,0.315248
28.252,0.7,0.0728297,0.315248
28.254,0.7,0.0722253,0.315248
28.256,0.7,0.0733333,0.315248
28.258,0.7,0.0730311,0.315248
28.26,0.7,0.0726282,0.315248
28.262,0.7,0.0737363,0.315248
28.264,0.7,0.0725275,0.315248
28.266,0.7,0.0715201,0.315248
28.268,0.7,0.0729304,0.315248
28.27,0.7,0.0725275,0.315248
28.272,0.7,0.0731319,0.315248
28.274,0.7,0.0729304,0.315248
28.276,0.7,0.0718223,0.315248
28.278,0.7,0.0725275,0.315248
28.28,0.7,0.0727289,0.312632
28.282,0.7,0.0719231,0.312632
28.284,0.7,0.0728297,0.312632
28.286,0.7,0.0726282,0.312632
28.288,0.7,0.0719231,0.312632
28.29,0.7,0.0728297,0.312632
28.292,0.7,0.0727289,0.312632
28.294,0.7,0.0727289,0.312632
28.296,0.7,0.0731319,0.312632
28.298,0.7,0.0729304,0.312632
28.3,0.7,0.0727289,0.312632
28.302,0.7,0.0728297,0.312632
28.304,0.7,0.0727289,0.312632
28.306,0.7,0.0720238,0.312632
28.308,0.7,0.0720238,0.312632
28.31,0.7,0.0722253,0.312632
28.312,0.7,0.0727289,0.312632
28.314,0.7,0.0718223,0.334933
28.316,0.7,0.0721245,0.334933
28.318,0.7,0.0716209,0.334933
28.32,0.7,0.0713187,0.334933
28.322,0.7,0.0724267,0.334933
28.324,0.7,0.0718223,0.334933
28.326,0.7,0.0725275,0.334933
28.328,0.7,0.0714194,0.334933
28.33,0.7,0.0717216,0.334933
28.332,0.7,0.072326,0.334933
28.334,0.7,0.0722253,0.334933
28.336,0.7,0.0720238,0.334933
28.338,0.7,0.0721245,0.334933
28.34,0.7,0.0715201,0.334933
28.342,0.7,0.0713187,0.334933
28.344,0.7,0.0722253,0.334933
28.346,0.7,0.0716209,0.376173
28.348,0.7,0.0709158,0.376173
28.35,0.7,0.0718223,0.376173
28.352,0.7,0.0714194,0.376173
28.354,0.7,0.0721245,0.376173
28.356,0.7,0.0714194,0.376173
28.358,0.7,0.0722253,0.376173
28.36,0.7,0.0719231,0.376173
28.362,0.7,0.0714194,0.376173
28.364,0.7,0.0711172,0.376173
28.366,0.7,0.0714194,0.376173
28.368,0.7,0.0722253,0.376173
28.37,0.7,0.0718223,0.376173
28.372,0.7,0.0715201,0.425228
28.374,0.7,0.0714194,0.425228
28.376,0.7,0.0711172,0.425228
28.378,0.7,0.0713187,0.425228
28.38,0.7,0.0714194,0.425228
28.382,0.7,0.0718223,0.425228
28.384,0.7,0.0718223,0.425228
28.386,0.7,0.0713187,0.425228
28.388,0.7,0.0718223,0.425228
28.39,0.7,0.0720238,0.425228
28.392,0.7,0.0718223,0.425228
28.394,0.7,0.0713187,0.425228
28.396,0.7,0.0717216,0.425228
28.398,0.7,0.0717216,0.475034
28.4,0.7,0.0713187,0.475034
28.402,0.7,0.0706136,0.475034
28.404,0.7,0.0713187,0.475034
28.406,0.7,0.0705128,0.475034
28.408,0.7,0.0703114,0.475034
28.41,0.7,0.0711172,0.475034
28.412,0.7,0.0710165,0.475034
28.414,0.7,0.0717216,0.475034
28.416,0.7,0.0711172,0.475034
28.418,0.7,0.0707143,0.475034
28.42,0.7,0.0766575,0.519759
28.422,0.7,0.0765568,0.519759
28.424,0.7,0.0767582,0.519759
28.426,0.7,0.0769597,0.519759
28.428,0.7,0.0770604,0.519759
28.43,0.7,0.0761538,0.519759
28.432,0.7,0.0717216,0.519759
28.434,0.7,0.0706136,0.519759
28.436,0.7,0.0719231,0.519759
28.438,0.7,0.0713187,0.519759
28.44,0.7,0.0709158,0.519759
28.442,0.7,0.0717216,0.555969
28.444,0.7,0.070815,0.555969
28.446,0.7,0.0712179,0.555969
28.448,0.7,0.0713187,0.555969
28.45,0.7,0.0710165,0.555969
28.452,0.7,0.0706136,0.555969
28.454,0.7,0.0716209,0.555969
28.456,0.7,0.0707143,0.555969
28.458,0.7,0.070815,0.555969
28.46,0.7,0.0711172,0.555969
28.462,0.7,0.0704121,0.582164
28.464,0.7,0.0713187,0.582164
28.466,0.7,0.0712179,0.582164
28.468,0.7,0.0699084,0.582164
28.47,0.7,0.0712179,0.582164
28.472,0.7,0.070815,0.582164
28.474,0.7,0.0699084,0.582164
28.476,0.7,0.0716209,0.582164
28.478,0.7,0.0705128,0.582164
28.48,0.7,0.0706136,0.582164
28.482,0.7,0.070815,0.582164
28.484,0.7,0.0704121,0.581063
28.486,0.7,0.0715201,0.581063
28.488,0.7,0.070815,0.581063
28.49,0.7,0.0714194,0.581063
28.492,0.7,0.0712179,0.581063
28.494,0.7,0.0707143,0.581063
28.496,0.7,0.0710165,0.581063
28.498,0.7,0.0711172,0.581063
28.5,0.7,0.070815,0.581063
28.502,0.7,0.0702106,0.581063
28.504,0.7,0.0705128,0.577753
28.506,0.7,0.0712179,0.56778
28.508,0.7,0.0707143,0.56778
28.51,0.7,0.0713187,0.56778
28.512,0.7,0.0715201,0.56778
28.514,0.7,0.0714194,0.56778
28.516,0.7,0.0717216,0.56778
28.518,0.7,0.0707143,0.56778
28.52,0.7,0.0720238,0.56778
28.522,0.7,0.0713187,0.56778
28.524,0.7,0.0714194,0.56778
28.526,0.7,0.0721245,0.56778
28.528,0.7,0.0716209,0.546275
28.53,0.7,0.0717216,0.546275
28.532,0.7,0.0716209,0.546275
28.534,0.7,0.0714194,0.546275
28.536,0.7,0.0717216,0.546275
28.538,0.7,0.0704121,0.546275
28.54,0.7,0.0715201,0.546275
28.542,0.7,0.0712179,0.546275
28.544,0.7,0.0711172,0.546275
28.546,0.7,0.0711172,0.546275
28.548,0.7,0.0718223,0.546275
28.55,0.7,0.0711172,0.546275
28.552,0.7,0.0713187,0.50621
28.554,0.7,0.0715201,0.514973
28.556,0.7,0.0711172,0.514973
28.558,0.7,0.0714194,0.514973
28.56,0.7,0.0716209,0.514973
28.562,0.7,0.0701099,0.514973
28.564,0.7,0.070815,0.514973
28.566,0.7,0.0716209,0.514973
28.568,0.7,0.0712179,0.514973
28.57,0.7,0.0710165,0.514973
28.572,0.7,0.0711172,0.514973
28.574,0.7,0.0714194,0.514973
28.576,0.7,0.0720238,0.514973
28.578,0.7,0.0715201,0.47817
28.58,0.7,0.0714194,0.479927
28.582,0.7,0.0717216,0.479927
28.584,0.7,0.0724267,0.479927
28.586,0.7,0.0716209,0.479927
28.588,0.7,0.0724267,0.479927
28.59,0.7,0.0717216,0.479927
28.592,0.7,0.072326,0.479927
28.594,0.7,0.0727289,0.479927
28.596,0.7,0.0716209,0.479927
28.598,0.7,0.0714194,0.479927
28.6,0.7,0.0722253,0.479927
28.602,0.7,0.0725275,0.479927
28.604,0.7,0.0719231,0.479927
28.606,0.7,0.0720238,0.452987
28.608,0.7,0.0716209,0.421935
28.61,0.7,0.072326,0.440867
28.612,0.7,0.0724267,0.440867
28.614,0.7,0.0715201,0.440867
28.616,0.7,0.0713187,0.440867
28.618,0.7,0.0719231,0.440867
28.62,0.7,0.0722253,0.440867
28.622,0.7,0.0717216,0.440867
28.624,0.7,0.0728297,0.440867
28.626,0.7,0.0729304,0.440867
28.628,0.7,0.0727289,0.440867
28.63,0.7,0.0725275,0.440867
28.632,0.7,0.0713187,0.440867
28.634,0.7,0.0718223,0.440867
28.636,0.7,0.0730311,0.440867
28.638,0.7,0.072326,0.411612
28.64,0.7,0.0721245,0.3857
28.642,0.7,0.0720238,0.396354
28.644,0.7,0.0720238,0.396354
28.646,0.7,0.0730311,0.396354
28.648,0.7,0.0724267,0.396354
28.65,0.7,0.0726282,0.396354
28.652,0.7,0.0720238,0.396354
28.654,0.7,0.0731319,0.396354
28.656,0.7,0.0720238,0.396354
28.658,0.7,0.0724267,0.396354
28.66,0.7,0.0725275,0.396354
28.662,0.7,0.072326,0.396354
28.664,0.7,0.0721245,0.396354
28.666,0.7,0.0724267,0.396354
28.668,0.7,0.0720238,0.396354
28.67,0.7,0.0718223,0.396354
28.672,0.7,0.0720238,0.39038
28.674,0.7,0.0722253,0.367095
28.676,0.7,0.072326,0.346293
28.678,0.7,0.0722253,0.359793
28.68,0.7,0.0715201,0.359793
28.682,0.7,0.0718223,0.359793
28.684,0.7,0.0717216,0.359793
28.686,0.7,0.0724267,0.359793
28.688,0.7,0.0718223,0.359793
28.69,0.7,0.0717216,0.359793
28.692,0.7,0.0724267,0.359793
28.694,0.7,0.0721245,0.359793
28.696,0.7,0.0724267,0.359793
28.698,0.7,0.0722253,0.359793
28.7,0.7,0.0716209,0.359793
28.702,0.7,0.0726282,0.359793
28.704,0.7,0.0722253,0.359793
28.706,0.7,0.0726282,0.359793
28.708,0.7,0.0721245,0.359793
28.71,0.7,0.0727289,0.359793
28.712,0.7,0.0728297,0.341182
28.714,0.7,0.0727289,0.333639
28.716,0.7,0.0732326,0.333639
28.718,0.7,0.0724267,0.333639
28.72,0.7,0.0715201,0.333639
28.722,0.7,0.0724267,0.333639
28.724,0.7,0.0726282,0.333639
28.726,0.7,0.0727289,0.333639
28.728,0.7,0.0721245,0.333639
28.73,0.7,0.0728297,0.333639
28.732,0.7,0.0726282,0.333639
28.734,0.7,0.0721245,0.333639
28.736,0.7,0.0725275,0.333639
28.738,0.7,0.0717216,0.333639
28.74,0.7,0.0731319,0.333639
28.742,0.7,0.0730311,0.333639
28.744,0.7,0.0729304,0.333639
28.746,0.7,0.0724267,0.333639
28.748,0.7,0.0725275,0.333639
28.75,0.7,0.0720238,0.333639
28.752,0.7,0.0724267,0.322318
28.754,0.7,0.0725275,0.317644
28.756,0.7,0.0722253,0.317644
28.758,0.7,0.0731319,0.317644
28.76,0.7,0.0721245,0.317644
28.762,0.7,0.0727289,0.317644
28.764,0.7,0.0721245,0.317644
28.766,0.7,0.0726282,0.317644
28.768,0.7,0.0729304,0.317644
28.77,0.7,0.0721245,0.317644
28.772,0.7,0.0733333,0.317644
28.774,0.7,0.0721245,0.317644
28.776,0.7,0.0731319,0.317644
28.778,0.7,0.0728297,0.317644
28.78,0.7,0.0730311,0.317644
28.782,0.7,0.072326,0.317644
28.784,0.7,0.0732326,0.317644
28.786,0.7,0.0732326,0.317644
28.788,0.7,0.0733333,0.317644
28.79,0.7,0.0737363,0.317644
28.792,0.7,0.0729304,0.315141
28.794,0.7,0.0732326,0.308787
28.796,0.7,0.0720238,0.308787
28.798,0.7,0.0729304,0.308787
28.8,0.7,0.0733333,0.308787
28.802,0.7,0.0730311,0.308787
28.804,0.7,0.0728297,0.308787
28.806,0.7,0.0728297,0.308787
28.808,0.7,0.0730311,0.308787
28.81,0.7,0.0724267,0.308787
28.812,0.7,0.0726282,0.308787
28.814,0.7,0.0725275,0.308787
28.816,0.7,0.072326,0.308787
28.818,0.7,0.0727289,0.308787
28.82,0.7,0.0725275,0.308787
28.822,0.7,0.0724267,0.308787
28.824,0.7,0.0721245,0.308787
28.826,0.7,0.0722253,0.308787
28.828,0.7,0.072326,0.308787
28.83,0.7,0.0731319,0.308787
28.832,0.7,0.0726282,0.308787
28.834,0.7,0.0720238,0.301861
28.836,0.7,0.0725275,0.287711
28.838,0.7,0.0725275,0.296799
28.84,0.7,0.0727289,0.296799
28.842,0.7,0.0728297,0.296799
28.844,0.7,0.0733333,0.296799
28.846,0.7,0.0731319,0.296799
28.848,0.7,0.0724267,0.296799
28.85,0.7,0.0726282,0.296799
28.852,0.7,0.072326,0.296799
28.854,0.7,0.0727289,0.296799
28.856,0.7,0.0733333,0.296799
28.858,0.7,0.0728297,0.296799
28.86,0.7,0.0733333,0.296799
28.862,0.7,0.0729304,0.296799
28.864,0.7,0.0732326,0.296799
28.866,0.7,0.0737363,0.296799
28.868,0.7,0.0732326,0.296799
28.87,0.7,0.0734341,0.296799
28.872,0.7,0.0729304,0.296799
28.874,0.7,0.0731319,0.296799
28.876,0.7,0.0736355,0.296799
28.878,0.7,0.0732326,0.292347
28.88,0.7,0.0731319,0.279079
28.882,0.7,0.0727289,0.266922
28.884,0.7,0.0729304,0.255777
28.886,0.7,0.0732326,0.273525
28.888,0.7,0.0732326,0.273525
28.89,0.7,0.0732326,0.273525
28.892,0.7,0.0724267,0.273525
28.894,0.7,0.0731319,0.273525
28.896,0.7,0.0733333,0.273525
28.898,0.7,0.0728297,0.273525
28.9,0.7,0.0734341,0.273525
28.902,0.7,0.0729304,0.273525
28.904,0.7,0.0734341,0.273525
28.906,0.7,0.0735348,0.273525
28.908,0.7,0.0733333,0.273525
28.91,0.7,0.0737363,0.273525
28.912,0.7,0.0733333,0.273525
28.914,0.7,0.0727289,0.273525
28.916,0.7,0.0733333,0.273525
28.918,0.7,0.0735348,0.273525
28.92,0.7,0.0739377,0.273525
28.922,0.7,0.0734341,0.273525
28.924,0.7,0.0749451,0.273525
28.926,0.7,0.0730311,0.273525
28.928,0.7,0.0733333,0.273525
28.93,0.7,0.0735348,0.268814
28.932,0.7,0.073837,0.257511
28.934,0.7,0.0728297,0.247124
28.936,0.7,0.0729304,0.237561
28.938,0.7,0.0739377,0.228715
28.94,0.7,0.0730311,0.220485
28.942,0.7,0.0733333,0.212838
28.944,0.7,0.0731319,0.205692
28.946,0.7,0.073837,0.199041
28.948,0.7,0.073837,0.19278
28.95,0.7,0.073837,0.22412
28.952,0.7,0.0731319,0.22412
28.954,0.7,0.0737363,0.22412
28.956,0.7,0.0732326,0.22412
28.958,0.7,0.0734341,0.22412
28.96,0.7,0.0741392,0.22412
28.962,0.7,0.0737363,0.22412
28.964,0.7,0.0741392,0.22412
28.966,0.7,0.0736355,0.22412
28.968,0.7,0.0742399,0.22412
28.97,0.7,0.0732326,0.22412
28.972,0.7,0.0732326,0.22412
28.974,0.7,0.0739377,0.22412
28.976,0.7,0.0739377,0.22412
28.978,0.7,0.0746429,0.22412
28.98,0.7,0.0733333,0.22412
28.982,0.7,0.0741392,0.22412
28.984,0.7,0.0739377,0.22412
28.986,0.7,0.0733333,0.22412
28.988,0.7,0.0740385,0.22412
28.99,0.7,0.0726282,0.22412
28.992,0.7,0.0734341,0.22412
28.994,0.7,0.0741392,0.22412
28.996,0.7,0.073837,0.22412
28.998,0.7,0.0740385,0.22412
29,0.8,0.0737363,0.22412
29.002,0.8,0.0856227,0.22412
29.004,0.8,0.0849176,0.22412
29.006,0.8,0.0858242,0.21709
29.008,0.8,0.0849176,0.209677
29.01,0.8,0.0858242,0.202769
29.012,0.8,0.0844139,0.196279
29.014,0.8,0.085522,0.190176
29.016,0.8,0.0856227,0.184462
29.018,0.8,0.085119,0.179092
29.02,0.8,0.0847161,0.174006
29.022,0.8,0.0854212,0.169198
29.024,0.8,0.0846154,0.164671
29.026,0.8,0.0844139,0.16038
29.028,0.8,0.0854212,0.156271
29.03,0.8,0.0852198,0.152402
29.032,0.8,0.0854212,0.148709
29.034,0.8,0.085119,0.145176
29.036,0.8,0.0847161,0.141834
29.038,0.8,0.0850183,0.138624
29.04,0.8,0.0857234,0.13556
29.042,0.8,0.0842125,0.132625
29.044,0.8,0.0852198,0.129822
29.046,0.8,0.0844139,0.132763
29.048,0.8,0.0849176,0.132763
29.05,0.8,0.0853205,0.132763
29.052,0.8,0.0849176,0.132763
29.054,0.8,0.0848168,0.132763
29.056,0.8,0.0847161,0.132763
29.058,0.8,0.0849176,0.132763
29.06,0.8,0.0847161,0.132763
29.062,0.8,0.0850183,0.132763
29.064,0.8,0.0845147,0.132763
29.066,0.8,0.0845147,0.132763
29.068,0.8,0.0845147,0.132763
29.07,0.8,0.0848168,0.132763
29.072,0.8,0.0843132,0.132763
29.074,0.8,0.0848168,0.132763
29.076,0.8,0.0846154,0.132763
29.078,0.8,0.0841117,0.132763
29.08,0.8,0.0843132,0.132763
29.082,0.8,0.0843132,0.132763
29.084,0.8,0.0848168,0.132763
29.086,0.8,0.0845147,0.132763
29.088,0.8,0.0839103,0.132763
29.09,0.8,0.0852198,0.132763
29.092,0.8,0.084011,0.132763
29.094,0.8,0.0841117,0.132763
29.096,0.8,0.085119,0.132763
29.098,0.8,0.0845147,0.184291
29.1,0.8,0.0847161,0.184291
29.102,0.8,0.0842125,0.184291
29.104,0.8,0.0839103,0.184291
29.106,0.8,0.0839103,0.184291
29.108,0.8,0.0847161,0.184291
29.11,0.8,0.0846154,0.184291
29.112,0.8,0.0843132,0.184291
29.114,0.8,0.084011,0.184291
29.116,0.8,0.0850183,0.184291
29.118,0.8,0.0838095,0.184291
29.12,0.8,0.0842125,0.184291
29.122,0.8,0.0831044,0.184291
29.124,0.8,0.0836081,0.184291
29.126,0.8,0.0834066,0.184291
29.128,0.8,0.0838095,0.184291
29.13,0.8,0.0843132,0.184291
29.132,0.8,0.0844139,0.184291
29.134,0.8,0.0847161,0.184291
29.136,0.8,0.0845147,0.184291
29.138,0.8,0.0838095,0.184291
29.14,0.8,0.0838095,0.184291
29.142,0.8,0.0843132,0.266011
29.144,0.8,0.0843132,0.266011
29.146,0.8,0.084011,0.266011
29.148,0.8,0.0845147,0.266011
29.15,0.8,0.0847161,0.266011
29.152,0.8,0.0841117,0.266011
29.154,0.8,0.0838095,0.266011
29.156,0.8,0.0846154,0.266011
29.158,0.8,0.0835073,0.266011
29.16,0.8,0.0845147,0.266011
29.162,0.8,0.0845147,0.266011
29.164,0.8,0.0846154,0.266011
29.166,0.8,0.0844139,0.266011
29.168,0.8,0.0847161,0.266011
29.17,0.8,0.0846154,0.266011
29.172,0.8,0.0842125,0.266011
29.174,0.8,0.0846154,0.266011
29.176,0.8,0.0834066,0.266011
29.178,0.8,0.0841117,0.266011
29.18,0.8,0.0841117,0.266011
29.182,0.8,0.0839103,0.266011
29.184,0.8,0.084011,0.266011
29.186,0.8,0.084011,0.266011
29.188,0.8,0.0845147,0.26437
29.19,0.8,0.0850183,0.267067
29.192,0.8,0.0842125,0.267067
29.194,0.8,0.0845147,0.267067
29.196,0.8,0.084011,0.267067
29.198,0.8,0.0836081,0.267067
29.2,0.8,0.0846154,0.267067
29.202,0.8,0.0845147,0.267067
29.204,0.8,0.0849176,0.267067
29.206,0.8,0.0838095,0.267067
29.208,0.8,0.0845147,0.267067
29.21,0.8,0.0838095,0.267067
29.212,0.8,0.0837088,0.267067
29.214,0.8,0.0839103,0.267067
29.216,0.8,0.0842125,0.267067
29.218,0.8,0.0837088,0.267067
29.22,0.8,0.0835073,0.267067
29.222,0.8,0.0842125,0.267067
29.224,0.8,0.0846154,0.267067
29.226,0.8,0.0848168,0.267067
29.228,0.8,0.0849176,0.267067
29.23,0.8,0.0849176,0.267067
29.232,0.8,0.0842125,0.267067
29.234,0.8,0.084011,0.267067
29.236,0.8,0.0848168,0.264273
29.238,0.8,0.0845147,0.253392
29.24,0.8,0.0853205,0.243319
29.242,0.8,0.0846154,0.234036
29.244,0.8,0.0845147,0.225441
29.246,0.8,0.0839103,0.236822
29.248,0.8,0.0849176,0.236822
29.25,0.8,0.0838095,0.236822
29.252,0.8,0.0848168,0.236822
29.254,0.8,0.0848168,0.236822
29.256,0.8,0.0848168,0.236822
29.258,0.8,0.0841117,0.236822
29.26,0.8,0.0849176,0.236822
29.262,0.8,0.0850183,0.236822
29.264,0.8,0.085119,0.236822
29.266,0.8,0.0845147,0.236822
29.268,0.8,0.0843132,0.236822
29.27,0.8,0.0845147,0.236822
29.272,0.8,0.0842125,0.236822
29.274,0.8,0.0844139,0.236822
29.276,0.8,0.0849176,0.236822
29.278,0.8,0.0849176,0.236822
29.28,0.8,0.0845147,0.236822
29.282,0.8,0.0850183,0.236822
29.284,0.8,0.0844139,0.236822
29.286,0.8,0.0846154,0.236822
29.288,0.8,0.0848168,0.236822
29.29,0.8,0.0847161,0.236822
29.292,0.8,0.0847161,0.236822
29.294,0.8,0.085119,0.236822
29.296,0.8,0.0839103,0.236822
29.298,0.8,0.0845147,0.233432
29.3,0.8,0.0846154,0.224864
29.302,0.8,0.0853205,0.216939
29.304,0.8,0.084011,0.209688
29.306,0.8,0.0842125,0.209688
29.308,0.8,0.0843132,0.209688
29.31,0.8,0.0844139,0.209688
29.312,0.8,0.0849176,0.209688
29.314,0.8,0.0842125,0.209688
29.316,0.8,0.0841117,0.209688
29.318,0.8,0.0843132,0.209688
29.32,0.8,0.0841117,0.209688
29.322,0.8,0.0841117,0.209688
29.324,0.8,0.0848168,0.209688
29.326,0.8,0.0842125,0.209688
29.328,0.8,0.0852198,0.209688
29.33,0.8,0.0849176,0.209688
29.332,0.8,0.0852198,0.209688
29.334,0.8,0.0845147,0.209688
29.336,0.8,0.0841117,0.209688
29.338,0.8,0.0849176,0.209688
29.34,0.8,0.084011,0.209688
29.342,0.8,0.0846154,0.209688
29.344,0.8,0.0841117,0.209688
29.346,0.8,0.0843132,0.209688
29.348,0.8,0.0843132,0.209688
29.35,0.8,0.0850183,0.209688
29.352,0.8,0.0848168,0.209688
29.354,0.8,0.0846154,0.209688
29.356,0.8,0.0852198,0.221217
29.358,0.8,0.0847161,0.221217
29.36,0.8,0.0845147,0.221217
29.362,0.8,0.084011,0.221217
29.364,0.8,0.0850183,0.221217
29.366,0.8,0.0845147,0.221217
29.368,0.8,0.084011,0.221217
29.37,0.8,0.0846154,0.221217
29.372,0.8,0.0850183,0.221217
29.374,0.8,0.0846154,0.221217
29.376,0.8,0.0839103,0.221217
29.378,0.8,0.0847161,0.221217
29.38,0.8,0.0842125,0.221217
29.382,0.8,0.0835073,0.221217
29.384,0.8,0.0869322,0.221217
29.386,0.8,0.0901557,0.221217
29.388,0.8,0.0903571,0.221217
29.39,0.8,0.0907601,0.221217
29.392,0.8,0.0901557,0.221217
29.394,0.8,0.0905586,0.221217
29.396,0.8,0.0904579,0.272018
29.398,0.8,0.0903571,0.272018
29.4,0.8,0.0899542,0.272018
29.402,0.8,0.0906593,0.272018
29.404,0.8,0.091163,0.272018
29.406,0.8,0.0905586,0.272018
29.408,0.8,0.0909615,0.272018
29.41,0.8,0.0903571,0.272018
29.412,0.8,0.0897527,0.272018
29.414,0.8,0.0900549,0.272018
29.416,0.8,0.0902564,0.272018
29.418,0.8,0.0899542,0.272018
29.42,0.8,0.0900549,0.272018
29.422,0.8,0.0903571,0.272018
29.424,0.8,0.0901557,0.272018
29.426,0.8,0.0907601,0.272018
29.428,0.8,0.0901557,0.341092
29.43,0.8,0.089652,0.341092
29.432,0.8,0.0901557,0.341092
29.434,0.8,0.0900549,0.341092
29.436,0.8,0.0902564,0.341092
29.438,0.8,0.0899542,0.341092
29.44,0.8,0.0893498,0.341092
29.442,0.8,0.0849176,0.341092
29.444,0.8,0.0846154,0.341092
29.446,0.8,0.0835073,0.341092
29.448,0.8,0.0836081,0.341092
29.45,0.8,0.0832051,0.341092
29.452,0.8,0.0832051,0.341092
29.454,0.8,0.0838095,0.341092
29.456,0.8,0.0838095,0.341092
29.458,0.8,0.0838095,0.414329
29.46,0.8,0.0834066,0.414329
29.462,0.8,0.0832051,0.414329
29.464,0.8,0.0843132,0.414329
29.466,0.8,0.0834066,0.414329
29.468,0.8,0.0835073,0.414329
29.47,0.8,0.0831044,0.414329
29.472,0.8,0.0833059,0.414329
29.474,0.8,0.0836081,0.414329
29.476,0.8,0.0844139,0.414329
29.478,0.8,0.0835073,0.414329
29.48,0.8,0.0833059,0.414329
29.482,0.8,0.0842125,0.414329
29.484,0.8,0.0838095,0.414329
29.486,0.8,0.0836081,0.41371
29.488,0.8,0.0831044,0.416885
29.49,0.8,0.0835073,0.416885
29.492,0.8,0.0832051,0.416885
29.494,0.8,0.0829029,0.416885
29.496,0.8,0.084011,0.416885
29.498,0.8,0.0834066,0.416885
29.5,0.8,0.0838095,0.416885
29.502,0.8,0.0838095,0.416885
29.504,0.8,0.0828022,0.416885
29.506,0.8,0.0834066,0.416885
29.508,0.8,0.0837088,0.416885
29.51,0.8,0.0836081,0.416885
29.512,0.8,0.0846154,0.416885
29.514,0.8,0.0838095,0.416885
29.516,0.8,0.0843132,0.416885
29.518,0.8,0.0849176,0.39843
29.52,0.8,0.0842125,0.37427
29.522,0.8,0.0838095,0.352616
29.524,0.8,0.0838095,0.37012
29.526,0.8,0.0838095,0.37012
29.528,0.8,0.0838095,0.37012
29.53,0.8,0.0844139,0.37012
29.532,0.8,0.0845147,0.37012
29.534,0.8,0.0844139,0.37012
29.536,0.8,0.0850183,0.37012
29.538,0.8,0.0845147,0.37012
29.54,0.8,0.0845147,0.37012
29.542,0.8,0.0844139,0.37012
29.544,0.8,0.0847161,0.37012
29.546,0.8,0.0842125,0.37012
29.548,0.8,0.0846154,0.37012
29.55,0.8,0.0848168,0.37012
29.552,0.8,0.0836081,0.37012
29.554,0.8,0.0847161,0.37012
29.556,0.8,0.0848168,0.37012
29.558,0.8,0.0847161,0.351908
29.56,0.8,0.0842125,0.332761
29.562,0.8,0.0850183,0.315733
29.564,0.8,0.085119,0.300259
29.566,0.8,0.0854212,0.286241
29.568,0.8,0.0841117,0.306313
29.57,0.8,0.0850183,0.306313
29.572,0.8,0.0847161,0.306313
29.574,0.8,0.0847161,0.306313
29.576,0.8,0.0844139,0.306313
29.578,0.8,0.085522,0.306313
29.58,0.8,0.0846154,0.306313
29.582,0.8,0.0853205,0.306313
29.584,0.8,0.084011,0.306313
29.586,0.8,0.0849176,0.306313
29.588,0.8,0.0843132,0.306313
29.59,0.8,0.0847161,0.306313
29.592,0.8,0.0847161,0.306313
29.594,0.8,0.0841117,0.306313
29.596,0.8,0.0845147,0.306313
29.598,0.8,0.0849176,0.306313
29.6,0.8,0.0845147,0.306313
29.602,0.8,0.0848168,0.306313
29.604,0.8,0.0846154,0.306313
29.606,0.8,0.0843132,0.306313
29.608,0.8,0.0846154,0.306313
29.61,0.8,0.0849176,0.292111
29.612,0.8,0.0844139,0.278807
29.614,0.8,0.085119,0.266725
29.616,0.8,0.0847161,0.255617
29.618,0.8,0.0844139,0.245377
29.62,0.8,0.0853205,0.235928
29.622,0.8,0.0847161,0.227217
29.624,0.8,0.0850183,0.219088
29.626,0.8,0.085119,0.211538
29.628,0.8,0.0848168,0.238533
29.63,0.8,0.0847161,0.238533
29.632,0.8,0.0854212,0.238533
29.634,0.8,0.0848168,0.238533
29.636,0.8,0.0842125,0.238533
29.638,0.8,0.0850183,0.238533
29.64,0.8,0.0859249,0.238533
29.642,0.8,0.0844139,0.238533
29.644,0.8,0.0850183,0.238533
29.646,0.8,0.0848168,0.238533
29.648,0.8,0.0850183,0.238533
29.65,0.8,0.0852198,0.238533
29.652,0.8,0.085119,0.238533
29.654,0.8,0.0845147,0.238533
29.656,0.8,0.0847161,0.238533
29.658,0.8,0.0852198,0.238533
29.66,0.8,0.0850183,0.238533
29.662,0.8,0.0845147,0.238533
29.664,0.8,0.0857234,0.238533
29.666,0.8,0.085119,0.238533
29.668,0.8,0.0850183,0.238533
29.67,0.8,0.0853205,0.238533
29.672,0.8,0.085119,0.238533
29.674,0.8,0.0848168,0.238533
29.676,0.8,0.0847161,0.238533
29.678,0.8,0.0849176,0.238218
29.68,0.8,0.0842125,0.229319
29.682,0.8,0.0839103,0.221042
29.684,0.8,0.0844139,0.213344
29.686,0.8,0.0843132,0.206195
29.688,0.8,0.0847161,0.199481
29.69,0.8,0.0849176,0.193191
29.692,0.8,0.0844139,0.187312
29.694,0.8,0.0846154,0.187535
29.696,0.8,0.085522,0.187535
29.698,0.8,0.0849176,0.187535
29.7,0.8,0.0852198,0.187535
29.702,0.8,0.0843132,0.187535
29.704,0.8,0.0846154,0.187535
29.706,0.8,0.0843132,0.187535
29.708,0.8,0.0846154,0.187535
29.71,0.8,0.0843132,0.187535
29.712,0.8,0.0846154,0.187535
29.714,0.8,0.0846154,0.187535
29.716,0.8,0.0848168,0.187535
29.718,0.8,0.084011,0.187535
29.72,0.8,0.085119,0.187535
29.722,0.8,0.0841117,0.187535
29.724,0.8,0.0849176,0.187535
29.726,0.8,0.0845147,0.187535
29.728,0.8,0.0853205,0.187535
29.73,0.8,0.0844139,0.187535
29.732,0.8,0.0841117,0.187535
29.734,0.8,0.0839103,0.187535
29.736,0.8,0.0846154,0.187535
29.738,0.8,0.0845147,0.187535
29.74,0.8,0.0849176,0.187535
29.742,0.8,0.0853205,0.187535
29.744,0.8,0.0849176,0.187535
29.746,0.8,0.085119,0.187535
29.748,0.8,0.0854212,0.187535
29.75,0.8,0.0848168,0.187535
29.752,0.8,0.0844139,0.187535
29.754,0.8,0.0853205,0.187535
29.756,0.8,0.0848168,0.187535
29.758,0.8,0.0850183,0.187535
29.76,0.8,0.0845147,0.185777
29.762,0.8,0.0857234,0.185777
29.764,0.8,0.0854212,0.185777
29.766,0.8,0.0847161,0.185777
29.768,0.8,0.0848168,0.185777
29.77,0.8,0.0842125,0.185777
29.772,0.8,0.0848168,0.185777
29.774,0.8,0.085119,0.185777
29.776,0.8,0.0847161,0.185777
29.778,0.8,0.084011,0.185777
29.78,0.8,0.0853205,0.185777
29.782,0.8,0.0841117,0.185777
29.784,0.8,0.0847161,0.185777
29.786,0.8,0.0843132,0.185777
29.788,0.8,0.0845147,0.185777
29.79,0.8,0.0853205,0.185777
29.792,0.8,0.0848168,0.185777
29.794,0.8,0.0842125,0.185777
29.796,0.8,0.0852198,0.185777
29.798,0.8,0.0848168,0.185777
29.8,0.8,0.085119,0.185777
29.802,0.8,0.085522,0.185777
29.804,0.8,0.0845147,0.185777
29.806,0.8,0.0845147,0.185777
29.808,0.8,0.0839103,0.185777
29.81,0.8,0.0848168,0.185777
29.812,0.8,0.0850183,0.185777
29.814,0.8,0.0844139,0.185777
29.816,0.8,0.0846154,0.185777
29.818,0.8,0.0852198,0.185777
29.82,0.8,0.0847161,0.185777
29.822,0.8,0.0848168,0.185777
29.824,0.8,0.0846154,0.185777
29.826,0.8,0.0857234,0.183348
29.828,0.8,0.0844139,0.178008
29.83,0.8,0.0847161,0.186858
29.832,0.8,0.085119,0.186858
29.834,0.8,0.085119,0.186858
29.836,0.8,0.085522,0.186858
29.838,0.8,0.0857234,0.186858
29.84,0.8,0.0849176,0.186858
29.842,0.8,0.0850183,0.186858
29.844,0.8,0.0852198,0.186858
29.846,0.8,0.0850183,0.186858
29.848,0.8,0.0849176,0.186858
29.85,0.8,0.0849176,0.186858
29.852,0.8,0.0844139,0.186858
29.854,0.8,0.0845147,0.186858
29.856,0.8,0.0854212,0.186858
29.858,0.8,0.0849176,0.186858
29.86,0.8,0.085119,0.186858
29.862,0.8,0.0858242,0.186858
29.864,0.8,0.0844139,0.186858
29.866,0.8,0.0846154,0.186858
29.868,0.8,0.0859249,0.186858
29.87,0.8,0.0853205,0.186858
29.872,0.8,0.0852198,0.186858
29.874,0.8,0.0856227,0.186858
29.876,0.8,0.0856227,0.186858
29.878,0.8,0.0850183,0.186858
29.88,0.8,0.085522,0.186858
29.882,0.8,0.0852198,0.186858
29.884,0.8,0.085522,0.186858
29.886,0.8,0.0859249,0.186858
29.888,0.8,0.085522,0.186858
29.89,0.8,0.0862271,0.186858
29.892,0.8,0.0860256,0.186858
29.894,0.8,0.0858242,0.186827
29.896,0.8,0.0859249,0.181323
29.898,0.8,0.0854212,0.176112
29.9,0.8,0.085522,0.171188
29.902,0.8,0.0864286,0.166544
29.904,0.8,0.0863278,0.162148
29.906,0.8,0.0854212,0.157967
29.908,0.8,0.0856227,0.153997
29.91,0.8,0.0846154,0.150238
29.912,0.8,0.0856227,0.146656
29.914,0.8,0.085119,0.143213
29.916,0.8,0.0853205,0.139957
29.918,0.8,0.0858242,0.136845
29.92,0.8,0.0864286,0.133842
29.922,0.8,0.0852198,0.130992
29.924,0.8,0.0858242,0.128255
29.926,0.8,0.0862271,0.125621
29.928,0.8,0.0856227,0.123108
29.93,0.8,0.0847161,0.120687
29.932,0.8,0.0857234,0.118354
29.934,0.8,0.0856227,0.116112
29.936,0.8,0.0852198,0.113962
29.938,0.8,0.0858242,0.111881
29.94,0.8,0.0854212,0.109874
29.942,0.8,0.0854212,0.107946
29.944,0.8,0.0852198,0.106078
29.946,0.8,0.0861264,0.104272
29.948,0.8,0.0862271,0.102535
29.95,0.8,0.0861264,0.150524
29.952,0.8,0.0849176,0.150524
29.954,0.8,0.085522,0.150524
29.956,0.8,0.0854212,0.150524
29.958,0.8,0.0854212,0.150524
29.96,0.8,0.0856227,0.150524
29.962,0.8,0.0857234,0.150524
29.964,0.8,0.0856227,0.150524
29.966,0.8,0.0859249,0.150524
29.968,0.8,0.0857234,0.150524
29.97,0.8,0.0857234,0.150524
29.972,0.8,0.0864286,0.150524
29.974,0.8,0.0852198,0.150524
29.976,0.8,0.085119,0.150524
29.978,0.8,0.0863278,0.150524
29.98,0.8,0.0859249,0.150524
29.982,0.8,0.085119,0.150524
29.984,0.8,0.0865293,0.150524
29.986,0.8,0.0857234,0.150524
29.988,0.8,0.0857234,0.150524
29.99,0.8,0.0850183,0.150524
29.992,0.8,0.0859249,0.150524
29.994,0.8,0.0862271,0.150524
29.996,0.8,0.085522,0.150524
29.998,0.8,0.0861264,0.150524
30,0.9,0.0854212,0.150524
30.002,0.9,0.0981136,0.150524
30.004,0.9,0.098315,0.150524
30.006,0.9,0.0977106,0.150524
30.008,0.9,0.0976099,0.150524
30.01,0.9,0.0970055,0.150524
30.012,0.9,0.0985165,0.150524
30.014,0.9,0.0979121,0.150524
30.016,0.9,0.0975092,0.150524
30.018,0.9,0.0980128,0.150524
30.02,0.9,0.098315,0.150524
30.022,0.9,0.0976099,0.150524
30.024,0.9,0.0982143,0.150524
30.026,0.9,0.0980128,0.150524
30.028,0.9,0.0974084,0.150524
30.03,0.9,0.0976099,0.150524
30.032,0.9,0.0973077,0.148685
30.034,0.9,0.0978114,0.145165
30.036,0.9,0.0971062,0.141808
30.038,0.9,0.0966026,0.138602
30.04,0.9,0.0971062,0.135545
30.042,0.9,0.0970055,0.132619
30.044,0.9,0.0974084,0.129808
30.046,0.9,0.0973077,0.127123
30.048,0.9,0.0971062,0.124545
30.05,0.9,0.0976099,0.122059
30.052,0.9,0.0971062,0.11968
30.054,0.9,0.0969048,0.117393
30.056,0.9,0.097207,0.115186
30.058,0.9,0.0970055,0.113061
30.06,0.9,0.096804,0.111019
30.062,0.9,0.0976099,0.109043
30.064,0.9,0.097207,0.107143
30.066,0.9,0.0970055,0.10531
30.068,0.9,0.0970055,0.103526
30.07,0.9,0.0973077,0.101806
30.072,0.9,0.0971062,0.0732026
30.074,0.9,0.0971062,0.0732026
30.076,0.9,0.0975092,0.0732026
30.078,0.9,0.0973077,0.0732026
30.08,0.9,0.0970055,0.0732026
30.082,0.9,0.0967033,0.0732026
30.084,0.9,0.096804,0.0732026
30.086,0.9,0.0974084,0.0732026
30.088,0.9,0.097207,0.0732026
30.09,0.9,0.0970055,0.0732026
30.092,0.9,0.0967033,0.0732026
30.094,0.9,0.0969048,0.0732026
30.096,0.9,0.0970055,0.0732026
30.098,0.9,0.097207,0.0732026
30.1,0.9,0.0971062,0.0732026
30.102,0.9,0.0966026,0.0732026
30.104,0.9,0.0970055,0.0732026
30.106,0.9,0.0959982,0.0732026
30.108,0.9,0.0967033,0.0732026
30.11,0.9,0.0958974,0.0732026
30.112,0.9,0.0964011,0.0732026
30.114,0.9,0.096804,0.0732026
30.116,0.9,0.097207,0.234475
30.118,0.9,0.096804,0.234475
30.12,0.9,0.0960989,0.234475
30.122,0.9,0.0966026,0.234475
30.124,0.9,0.0966026,0.234475
30.126,0.9,0.0961996,0.234475
30.128,0.9,0.0965018,0.234475
30.13,0.9,0.0966026,0.234475
30.132,0.9,0.0965018,0.234475
30.134,0.9,0.095696,0.234475
30.136,0.9,0.0965018,0.234475
30.138,0.9,0.096804,0.234475
30.14,0.9,0.0961996,0.234475
30.142,0.9,0.0960989,0.234475
30.144,0.9,0.0966026,0.234475
30.146,0.9,0.0964011,0.234475
30.148,0.9,0.0964011,0.234475
30.15,0.9,0.0957967,0.234475
30.152,0.9,0.0964011,0.234475
30.154,0.9,0.0965018,0.234475
30.156,0.9,0.096804,0.234475
30.158,0.9,0.096804,0.234475
30.16,0.9,0.0963004,0.287905
30.162,0.9,0.0954945,0.287905
30.164,0.9,0.096804,0.287905
30.166,0.9,0.0954945,0.287905
30.168,0.9,0.0963004,0.287905
30.17,0.9,0.0957967,0.287905
30.172,0.9,0.097207,0.287905
30.174,0.9,0.0959982,0.287905
30.176,0.9,0.0969048,0.287905
30.178,0.9,0.0957967,0.287905
30.18,0.9,0.0967033,0.287905
30.182,0.9,0.096804,0.287905
30.184,0.9,0.096804,0.287905
30.186,0.9,0.0966026,0.287905
30.188,0.9,0.0963004,0.287905
30.19,0.9,0.096804,0.287905
30.192,0.9,0.0970055,0.287905
30.194,0.9,0.0963004,0.287905
30.196,0.9,0.0958974,0.287905
30.198,0.9,0.0966026,0.287905
30.2,0.9,0.0966026,0.287905
30.202,0.9,0.0967033,0.280844
30.204,0.9,0.0967033,0.268545
30.206,0.9,0.0964011,0.280386
30.208,0.9,0.0963004,0.280386
30.21,0.9,0.0970055,0.280386
30.212,0.9,0.0961996,0.280386
30.214,0.9,0.0969048,0.280386
30.216,0.9,0.0967033,0.280386
30.218,0.9,0.0967033,0.280386
30.22,0.9,0.0973077,0.280386
30.222,0.9,0.097207,0.280386
30.224,0.9,0.0969048,0.280386
30.226,0.9,0.0969048,0.280386
30.228,0.9,0.0967033,0.280386
30.23,0.9,0.096804,0.280386
30.232,0.9,0.0973077,0.280386
30.234,0.9,0.096804,0.280386
30.236,0.9,0.0974084,0.280386
30.238,0.9,0.097207,0.280386
30.24,0.9,0.0979121,0.280386
30.242,0.9,0.0970055,0.280386
30.244,0.9,0.0976099,0.280386
30.246,0.9,0.0971062,0.280386
30.248,0.9,0.097207,0.280386
30.25,0.9,0.0970055,0.270614
30.252,0.9,0.0965018,0.259237
30.254,0.9,0.096804,0.248704
30.256,0.9,0.0970055,0.239004
30.258,0.9,0.0977106,0.244241
30.26,0.9,0.0973077,0.244241
30.262,0.9,0.0975092,0.244241
30.264,0.9,0.0979121,0.244241
30.266,0.9,0.0966026,0.244241
30.268,0.9,0.096804,0.244241
30.27,0.9,0.096804,0.244241
30.272,0.9,0.0967033,0.244241
30.274,0.9,0.0969048,0.244241
30.276,0.9,0.0966026,0.244241
30.278,0.9,0.0967033,0.244241
30.28,0.9,0.0966026,0.244241
30.282,0.9,0.0959982,0.244241
30.284,0.9,0.0965018,0.244241
30.286,0.9,0.0969048,0.244241
30.288,0.9,0.097207,0.244241
30.29,0.9,0.0959982,0.244241
30.292,0.9,0.0970055,0.244241
30.294,0.9,0.0970055,0.244241
30.296,0.9,0.0969048,0.244241
30.298,0.9,0.0969048,0.244241
30.3,0.9,0.0971062,0.244241
30.302,0.9,0.0965018,0.244241
30.304,0.9,0.0960989,0.244241
30.306,0.9,0.0969048,0.244241
30.308,0.9,0.0978114,0.243777
30.31,0.9,0.0973077,0.22966
30.312,0.9,0.096804,0.22966
30.314,0.9,0.0969048,0.22966
30.316,0.9,0.0961996,0.22966
30.318,0.9,0.0960989,0.22966
30.32,0.9,0.095696,0.22966
30.322,0.9,0.0969048,0.22966
30.324,0.9,0.0973077,0.22966
30.326,0.9,0.0965018,0.22966
30.328,0.9,0.0973077,0.22966
30.33,0.9,0.0965018,0.22966
30.332,0.9,0.0963004,0.22966
30.334,0.9,0.0966026,0.22966
30.336,0.9,0.0965018,0.22966
30.338,0.9,0.0970055,0.22966
30.34,0.9,0.0963004,0.22966
30.342,0.9,0.0963004,0.22966
30.344,0.9,0.0965018,0.22966
30.346,0.9,0.0969048,0.22966
30.348,0.9,0.097207,0.22966
30.35,0.9,0.096804,0.22966
30.352,0.9,0.096804,0.22966
30.354,0.9,0.097207,0.257345
30.356,0.9,0.0974084,0.257345
30.358,0.9,0.0970055,0.257345
30.36,0.9,0.0960989,0.257345
30.362,0.9,0.0973077,0.257345
30.364,0.9,0.0967033,0.257345
30.366,0.9,0.0963004,0.257345
30.368,0.9,0.0964011,0.257345
30.37,0.9,0.0961996,0.257345
30.372,0.9,0.0960989,0.257345
30.374,0.9,0.0954945,0.257345
30.376,0.9,0.0961996,0.257345
30.378,0.9,0.0965018,0.257345
30.38,0.9,0.0959982,0.257345
30.382,0.9,0.0961996,0.257345
30.384,0.9,0.0961996,0.257345
30.386,0.9,0.0964011,0.257345
30.388,0.9,0.0966026,0.257345
30.39,0.9,0.0967033,0.309241
30.392,0.9,0.0964011,0.309241
30.394,0.9,0.0961996,0.309241
30.396,0.9,0.0960989,0.309241
30.398,0.9,0.0963004,0.309241
30.4,0.9,0.0966026,0.309241
30.402,0.9,0.0959982,0.309241
30.404,0.9,0.0964011,0.309241
30.406,0.9,0.095696,0.309241
30.408,0.9,0.0961996,0.309241
30.41,0.9,0.0965018,0.309241
30.412,0.9,0.0963004,0.309241
30.414,0.9,0.0958974,0.309241
30.416,0.9,0.0966026,0.309241
30.418,0.9,0.0964011,0.309241
30.42,0.9,0.0969048,0.309241
30.422,0.9,0.0964011,0.309241
30.424,0.9,0.0959982,0.360108
30.426,0.9,0.0960989,0.360108
30.428,0.9,0.0963004,0.360108
30.43,0.9,0.0958974,0.360108
30.432,0.9,0.0951923,0.360108
30.434,0.9,0.095293,0.360108
30.436,0.9,0.095293,0.360108
30.438,0.9,0.0955952,0.360108
30.44,0.9,0.0957967,0.360108
30.442,0.9,0.0957967,0.360108
30.444,0.9,0.0958974,0.360108
30.446,0.9,0.0953938,0.360108
30.448,0.9,0.0963004,0.360108
30.45,0.9,0.0966026,0.360108
30.452,0.9,0.0957967,0.360108
30.454,0.9,0.0959982,0.390711
30.456,0.9,0.0957967,0.390711
30.458,0.9,0.0959982,0.390711
30.46,0.9,0.0955952,0.390711
30.462,0.9,0.0955952,0.390711
30.464,0.9,0.0957967,0.390711
30.466,0.9,0.0957967,0.390711
30.468,0.9,0.0960989,0.390711
30.47,0.9,0.0953938,0.390711
30.472,0.9,0.0955952,0.390711
30.474,0.9,0.0958974,0.390711
30.476,0.9,0.095696,0.390711
30.478,0.9,0.0959982,0.390711
30.48,0.9,0.0958974,0.390711
30.482,0.9,0.0954945,0.390711
30.484,0.9,0.095696,0.398527
30.486,0.9,0.0961996,0.398527
30.488,0.9,0.0967033,0.398527
30.49,0.9,0.095696,0.398527
30.492,0.9,0.0966026,0.398527
30.494,0.9,0.0961996,0.398527
30.496,0.9,0.0965018,0.398527
30.498,0.9,0.0963004,0.398527
30.5,0.9,0.0960989,0.398527
30.502,0.9,0.0964011,0.398527
30.504,0.9,0.104158,0.398527
30.506,0.9,0.104057,0.398527
30.508,0.9,0.103855,0.398527
30.51,0.9,0.104762,0.398527
30.512,0.9,0.104762,0.398527
30.514,0.9,0.104057,0.398527
30.516,0.9,0.10456,0.383352
30.518,0.9,0.103352,0.387276
30.52,0.9,0.103452,0.387276
30.522,0.9,0.10446,0.387276
30.524,0.9,0.104057,0.387276
30.526,0.9,0.103956,0.387276
30.528,0.9,0.0991209,0.387276
30.53,0.9,0.0960989,0.387276
30.532,0.9,0.0955952,0.387276
30.534,0.9,0.0961996,0.387276
30.536,0.9,0.0951923,0.387276
30.538,0.9,0.095696,0.387276
30.54,0.9,0.095293,0.387276
30.542,0.9,0.0964011,0.387276
30.544,0.9,0.0957967,0.387276
30.546,0.9,0.095696,0.387276
30.548,0.9,0.095696,0.390161
30.55,0.9,0.095696,0.390161
30.552,0.9,0.0971062,0.390161
30.554,0.9,0.0965018,0.390161
30.556,0.9,0.095696,0.390161
30.558,0.9,0.0957967,0.390161
30.56,0.9,0.0961996,0.390161
30.562,0.9,0.0960989,0.390161
30.564,0.9,0.096804,0.390161
30.566,0.9,0.0963004,0.390161
30.568,0.9,0.0958974,0.390161
30.57,0.9,0.0959982,0.390161
30.572,0.9,0.0957967,0.390161
30.574,0.9,0.0965018,0.390161
30.576,0.9,0.0970055,0.390161
30.578,0.9,0.0969048,0.390161
30.58,0.9,0.0966026,0.381153
30.582,0.9,0.0965018,0.358872
30.584,0.9,0.0961996,0.339049
30.586,0.9,0.096804,0.321318
30.588,0.9,0.0970055,0.355705
30.59,0.9,0.0964011,0.355705
30.592,0.9,0.0966026,0.355705
30.594,0.9,0.0965018,0.355705
30.596,0.9,0.0971062,0.355705
30.598,0.9,0.0973077,0.355705
30.6,0.9,0.096804,0.355705
30.602,0.9,0.0974084,0.355705
30.604,0.9,0.0966026,0.355705
30.606,0.9,0.0971062,0.355705
30.608,0.9,0.0969048,0.355705
30.61,0.9,0.0965018,0.355705
30.612,0.9,0.0967033,0.355705
30.614,0.9,0.0969048,0.355705
30.616,0.9,0.0961996,0.355705
30.618,0.9,0.0969048,0.355705
30.62,0.9,0.0963004,0.355705
30.622,0.9,0.0964011,0.344798
30.624,0.9,0.0960989,0.32654
30.626,0.9,0.0967033,0.310004
30.628,0.9,0.0971062,0.295074
30.63,0.9,0.0970055,0.281561
30.632,0.9,0.0971062,0.269168
30.634,0.9,0.096804,0.257842
30.636,0.9,0.0973077,0.247474
30.638,0.9,0.0969048,0.237865
30.64,0.9,0.0970055,0.228989
30.642,0.9,0.096804,0.270476
30.644,0.9,0.0971062,0.270476
30.646,0.9,0.0974084,0.270476
30.648,0.9,0.0978114,0.270476
30.65,0.9,0.0970055,0.270476
30.652,0.9,0.0970055,0.270476
30.654,0.9,0.0977106,0.270476
30.656,0.9,0.0973077,0.270476
30.658,0.9,0.0976099,0.270476
30.66,0.9,0.0969048,0.270476
30.662,0.9,0.0973077,0.270476
30.664,0.9,0.0974084,0.270476
30.666,0.9,0.0965018,0.270476
30.668,0.9,0.097207,0.270476
30.67,0.9,0.0969048,0.270476
30.672,0.9,0.0974084,0.270476
30.674,0.9,0.0977106,0.270476
30.676,0.9,0.0974084,0.270476
30.678,0.9,0.0982143,0.270476
30.68,0.9,0.0973077,0.270476
30.682,0.9,0.0979121,0.270476
30.684,0.9,0.0984158,0.270476
30.686,0.9,0.0979121,0.270476
30.688,0.9,0.097207,0.259138
30.69,0.9,0.0975092,0.248601
30.692,0.9,0.0976099,0.238946
30.694,0.9,0.096804,0.229994
30.696,0.9,0.0979121,0.22167
30.698,0.9,0.0978114,0.213931
30.7,0.9,0.0974084,0.206745
30.702,0.9,0.0974084,0.199993
30.704,0.9,0.097207,0.193672
30.706,0.9,0.0973077,0.187763
30.708,0.9,0.0970055,0.182203
30.71,0.9,0.0978114,0.176927
30.712,0.9,0.0975092,0.171959
30.714,0.9,0.0966026,0.167286
30.716,0.9,0.0978114,0.162839
30.718,0.9,0.0978114,0.158623
30.72,0.9,0.0973077,0.182469
30.722,0.9,0.0973077,0.182469
30.724,0.9,0.0980128,0.182469
30.726,0.9,0.0976099,0.182469
30.728,0.9,0.097207,0.182469
30.73,0.9,0.0973077,0.182469
30.732,0.9,0.0978114,0.182469
30.734,0.9,0.097207,0.182469
30.736,0.9,0.097207,0.182469
30.738,0.9,0.0978114,0.182469
30.74,0.9,0.0966026,0.182469
30.742,0.9,0.0980128,0.182469
30.744,0.9,0.097207,0.182469
30.746,0.9,0.0978114,0.182469
30.748,0.9,0.0981136,0.182469
30.75,0.9,0.0971062,0.182469
30.752,0.9,0.0967033,0.182469
30.754,0.9,0.097207,0.182469
30.756,0.9,0.096804,0.182469
30.758,0.9,0.0973077,0.182469
30.76,0.9,0.097207,0.182469
30.762,0.9,0.0969048,0.182469
30.764,0.9,0.0973077,0.182469
30.766,0.9,0.0967033,0.182469
30.768,0.9,0.0969048,0.182469
30.77,0.9,0.0970055,0.182469
30.772,0.9,0.0974084,0.182469
30.774,0.9,0.0979121,0.182469
30.776,0.9,0.0982143,0.182469
30.778,0.9,0.0976099,0.182469
30.78,0.9,0.0977106,0.182469
30.782,0.9,0.0969048,0.182469
30.784,0.9,0.0975092,0.182469
30.786,0.9,0.0978114,0.182301
30.788,0.9,0.0970055,0.177056
30.79,0.9,0.0970055,0.172083
30.792,0.9,0.0977106,0.167379
30.794,0.9,0.0980128,0.162948
30.796,0.9,0.0971062,0.158726
30.798,0.9,0.0971062,0.154735
30.8,0.9,0.0967033,0.147962
30.802,0.9,0.0973077,0.147962
30.804,0.9,0.0980128,0.147962
30.806,0.9,0.0970055,0.147962
30.808,0.9,0.0974084,0.147962
30.81,0.9,0.0975092,0.147962
30.812,0.9,0.0974084,0.147962
30.814,0.9,0.0970055,0.147962
30.816,0.9,0.0976099,0.147962
30.818,0.9,0.0977106,0.147962
30.82,0.9,0.0976099,0.147962
30.822,0.9,0.0982143,0.147962
30.824,0.9,0.0979121,0.147962
30.826,0.9,0.0973077,0.147962
30.828,0.9,0.0977106,0.147962
30.83,0.9,0.0971062,0.147962
30.832,0.9,0.0976099,0.147962
30.834,0.9,0.0973077,0.147962
30.836,0.9,0.0970055,0.147962
30.838,0.9,0.0969048,0.147962
30.84,0.9,0.097207,0.147962
30.842,0.9,0.0970055,0.147962
30.844,0.9,0.0977106,0.147962
30.846,0.9,0.0966026,0.147962
30.848,0.9,0.097207,0.147962
30.85,0.9,0.0979121,0.147962
30.852,0.9,0.0984158,0.147962
30.854,0.9,0.098315,0.147962
30.856,0.9,0.0976099,0.147962
30.858,0.9,0.0975092,0.147962
30.86,0.9,0.0975092,0.147962
30.862,0.9,0.0973077,0.147962
30.864,0.9,0.0984158,0.147962
30.866,0.9,0.0976099,0.147962
30.868,0.9,0.0980128,0.147962
30.87,0.9,0.0980128,0.147962
30.872,0.9,0.0980128,0.147962
30.874,0.9,0.0970055,0.147962
30.876,0.9,0.0976099,0.147962
30.878,0.9,0.0977106,0.147962
30.88,0.9,0.0976099,0.159481
30.882,0.9,0.0976099,0.159481
30.884,0.9,0.0984158,0.159481
30.886,0.9,0.0979121,0.159481
30.888,0.9,0.0966026,0.159481
30.89,0.9,0.0967033,0.159481
30.892,0.9,0.0974084,0.159481
30.894,0.9,0.097207,0.159481
30.896,0.9,0.0974084,0.159481
30.898,0.9,0.0974084,0.159481
30.9,0.9,0.0971062,0.159481
30.902,0.9,0.0971062,0.159481
30.904,0.9,0.0977106,0.159481
30.906,0.9,0.0975092,0.159481
30.908,0.9,0.0979121,0.159481
30.91,0.9,0.0979121,0.159481
30.912,0.9,0.0975092,0.159481
30.914,0.9,0.0976099,0.159481
30.916,0.9,0.0978114,0.159481
30.918,0.9,0.098315,0.159481
30.92,0.9,0.0979121,0.159481
30.922,0.9,0.0973077,0.159481
30.924,0.9,0.097207,0.159481
30.926,0.9,0.0982143,0.159481
30.928,0.9,0.098315,0.159481
30.93,0.9,0.0973077,0.159481
30.932,0.9,0.0975092,0.159481
30.934,0.9,0.0973077,0.159481
30.936,0.9,0.0974084,0.159481
30.938,0.9,0.0978114,0.159481
30.94,0.9,0.0980128,0.159481
30.942,0.9,0.0975092,0.159481
30.944,0.9,0.0973077,0.159481
30.946,0.9,0.0982143,0.159481
30.948,0.9,0.0979121,0.159481
30.95,0.9,0.0986172,0.159481
30.952,0.9,0.0979121,0.159481
30.954,0.9,0.0974084,0.159481
30.956,0.9,0.098315,0.159481
30.958,0.9,0.0977106,0.156679
30.96,0.9,0.0980128,0.152761
30.962,0.9,0.0982143,0.14906
30.964,0.9,0.0987179,0.14552
30.966,0.9,0.0991209,0.142144
30.968,0.9,0.0986172,0.138936
30.97,0.9,0.0987179,0.135847
30.972,0.9,0.098315,0.132906
30.974,0.9,0.0985165,0.13009
30.976,0.9,0.0994231,0.127396
30.978,0.9,0.0994231,0.124801
30.98,0.9,0.0987179,0.12231
30.982,0.9,0.0982143,0.119925
30.984,0.9,0.098315,0.117623
30.986,0.9,0.0977106,0.115407
30.988,0.9,0.0978114,0.113283
30.99,0.9,0.0979121,0.111226
30.992,0.9,0.0980128,0.109242
30.994,0.9,0.0982143,0.107337
30.996,0.9,0.0975092,0.105492
30.998,0.9,0.0981136,0.103703
31,1,0.0971062,0.101985
31.002,1,0.110806,0.100317
31.004,1,0.11,0.0987052
31.006,1,0.110504,0.0971367
31.008,1,0.110403,0.095627
31.01,1,0.110302,0.0941574
31.012,1,0.111108,0.0927379
31.014,1,0.111007,0.0913552
31.016,1,0.110504,0.0900189
31.018,1,0.11,0.0887157
31.02,1,0.110907,0.0874495
31.022,1,0.110101,0.0862209
31.024,1,0.110504,0.0850241
31.026,1,0.110403,0.0838655
31.028,1,0.110302,0.0827333
31.03,1,0.110504,0.0816311
31.032,1,0.109698,0.0805621
31.034,1,0.110705,0.0795136
31.036,1,0.109295,0.0784995
31.038,1,0.110302,0.0775065
31.04,1,0.110504,0.115996
31.042,1,0.109396,0.115996
31.044,1,0.110201,0.115996
31.046,1,0.110101,0.115996
31.048,1,0.110403,0.115996
31.05,1,0.110101,0.115996
31.052,1,0.109799,0.115996
31.054,1,0.110101,0.115996
31.056,1,0.109698,0.115996
31.058,1,0.110302,0.115996
31.06,1,0.109396,0.115996
31.062,1,0.109295,0.115996
31.064,1,0.109799,0.115996
31.066,1,0.109799,0.115996
31.068,1,0.109899,0.115996
31.07,1,0.11,0.115996
31.072,1,0.110101,0.115996
31.074,1,0.109597,0.115996
31.076,1,0.109396,0.115996
31.078,1,0.109496,0.115996
31.08,1,0.109093,0.115996
31.082,1,0.109093,0.115996
31.084,1,0.11,0.115996
31.086,1,0.11,0.115996
31.088,1,0.11,0.115996
31.09,1,0.109496,0.115996
31.092,1,0.109194,0.115996
31.094,1,0.109496,0.115996
31.096,1,0.110101,0.115996
31.098,1,0.108993,0.115996
31.1,1,0.109496,0.0951296
31.102,1,0.109799,0.0951296
31.104,1,0.110302,0.0951296
31.106,1,0.109093,0.0951296
31.108,1,0.109295,0.0951296
31.11,1,0.108993,0.0951296
31.112,1,0.109496,0.0951296
31.114,1,0.109396,0.0951296
31.116,1,0.109396,0.0951296
31.118,1,0.109899,0.0951296
31.12,1,0.109799,0.0951296
31.122,1,0.109698,0.0951296
31.124,1,0.109194,0.0951296
31.126,1,0.11,0.0951296
31.128,1,0.109496,0.0951296
31.13,1,0.109698,0.0951296
31.132,1,0.109295,0.0951296
31.134,1,0.109899,0.0951296
31.136,1,0.109597,0.0951296
31.138,1,0.109698,0.0951296
31.14,1,0.108993,0.0951296
31.142,1,0.109799,0.0951296
31.144,1,0.10869,0.255013
31.146,1,0.108892,0.255013
31.148,1,0.109496,0.255013
31.15,1,0.109194,0.255013
31.152,1,0.109799,0.255013
31.154,1,0.109597,0.255013
31.156,1,0.109295,0.255013
31.158,1,0.109295,0.255013
31.16,1,0.109295,0.255013
31.162,1,0.11,0.255013
31.164,1,0.109698,0.255013
31.166,1,0.109496,0.255013
31.168,1,0.109597,0.255013
31.17,1,0.109496,0.255013
31.172,1,0.109396,0.255013
31.174,1,0.109496,0.255013
31.176,1,0.109194,0.255013
31.178,1,0.109597,0.255013
31.18,1,0.109698,0.255013
31.182,1,0.109396,0.255013
31.184,1,0.109597,0.255013
31.186,1,0.109597,0.255013
31.188,1,0.109194,0.255013
31.19,1,0.108993,0.27153
31.192,1,0.109496,0.27153
31.194,1,0.108892,0.27153
31.196,1,0.110101,0.27153
31.198,1,0.109799,0.27153
31.2,1,0.108892,0.27153
31.202,1,0.110302,0.27153
31.204,1,0.108993,0.27153
31.206,1,0.109295,0.27153
31.208,1,0.109295,0.27153
31.21,1,0.109597,0.27153
31.212,1,0.110101,0.27153
31.214,1,0.109295,0.27153
31.216,1,0.109295,0.27153
31.218,1,0.109396,0.27153
31.22,1,0.109899,0.27153
31.222,1,0.109799,0.27153
31.224,1,0.109899,0.27153
31.226,1,0.109295,0.27153
31.228,1,0.109496,0.27153
31.23,1,0.109799,0.27153
31.232,1,0.109698,0.27153
31.234,1,0.109597,0.27153
31.236,1,0.108993,0.266644
31.238,1,0.110201,0.255541
31.24,1,0.109597,0.245328
31.242,1,0.110101,0.251646
31.244,1,0.109698,0.251646
31.246,1,0.110201,0.251646
31.248,1,0.109899,0.251646
31.25,1,0.110201,0.251646
31.252,1,0.109899,0.251646
31.254,1,0.109496,0.251646
31.256,1,0.110101,0.251646
31.258,1,0.110101,0.251646
31.26,1,0.110101,0.251646
31.262,1,0.109899,0.251646
31.264,1,0.109698,0.251646
31.266,1,0.108993,0.251646
31.268,1,0.109396,0.251646
31.27,1,0.109799,0.251646
31.272,1,0.109799,0.251646
31.274,1,0.110403,0.251646
31.276,1,0.110201,0.251646
31.278,1,0.109597,0.251646
31.28,1,0.109698,0.251646
31.282,1,0.109799,0.251646
31.284,1,0.11,0.251646
31.286,1,0.109496,0.251646
31.288,1,0.109799,0.251646
31.29,1,0.109899,0.249475
31.292,1,0.109899,0.239757
31.294,1,0.110504,0.234438
31.296,1,0.11,0.234438
31.298,1,0.109698,0.234438
31.3,1,0.109194,0.234438
31.302,1,0.108993,0.234438
31.304,1,0.108791,0.234438
31.306,1,0.108993,0.234438
31.308,1,0.109396,0.234438
31.31,1,0.109396,0.234438
31.312,1,0.109194,0.234438
31.314,1,0.108791,0.234438
31.316,1,0.109698,0.234438
31.318,1,0.108489,0.234438
31.32,1,0.108791,0.234438
31.322,1,0.109799,0.234438
31.324,1,0.109496,0.234438
31.326,1,0.109295,0.234438
31.328,1,0.10859,0.234438
31.33,1,0.109093,0.234438
31.332,1,0.109194,0.234438
31.334,1,0.10859,0.234438
31.336,1,0.108791,0.234438
31.338,1,0.109396,0.251848
31.34,1,0.108993,0.251848
31.342,1,0.10859,0.251848
31.344,1,0.10859,0.251848
31.346,1,0.108892,0.251848
31.348,1,0.109295,0.251848
31.35,1,0.10859,0.251848
31.352,1,0.109396,0.251848
31.354,1,0.109799,0.251848
31.356,1,0.108288,0.251848
31.358,1,0.108993,0.251848
31.36,1,0.108892,0.251848
31.362,1,0.109093,0.251848
31.364,1,0.109698,0.251848
31.366,1,0.108388,0.251848
31.368,1,0.10869,0.251848
31.37,1,0.10859,0.251848
31.372,1,0.108993,0.251848
31.374,1,0.108791,0.251848
31.376,1,0.107985,0.251848
31.378,1,0.108993,0.295845
31.38,1,0.10869,0.295845
31.382,1,0.108791,0.295845
31.384,1,0.10869,0.295845
31.386,1,0.108489,0.295845
31.388,1,0.10869,0.295845
31.39,1,0.109396,0.295845
31.392,1,0.108993,0.295845
31.394,1,0.108993,0.295845
31.396,1,0.108791,0.295845
31.398,1,0.108892,0.295845
31.4,1,0.109194,0.295845
31.402,1,0.109093,0.295845
31.404,1,0.109093,0.295845
31.406,1,0.108489,0.295845
31.408,1,0.108791,0.295845
31.41,1,0.108288,0.295845
31.412,1,0.10859,0.34096
31.414,1,0.108388,0.34096
31.416,1,0.10869,0.34096
31.418,1,0.108086,0.34096
31.42,1,0.10869,0.34096
31.422,1,0.108288,0.34096
31.424,1,0.108892,0.34096
31.426,1,0.109396,0.34096
31.428,1,0.108892,0.34096
31.43,1,0.108993,0.34096
31.432,1,0.108892,0.34096
31.434,1,0.108892,0.34096
31.436,1,0.109093,0.34096
31.438,1,0.10869,0.34096
31.44,1,0.109597,0.34096
31.442,1,0.10859,0.34096
31.444,1,0.108489,0.369607
31.446,1,0.108791,0.369607
31.448,1,0.108388,0.369607
31.45,1,0.108892,0.369607
31.452,1,0.108791,0.369607
31.454,1,0.108791,0.369607
31.456,1,0.108489,0.369607
31.458,1,0.108993,0.369607
31.46,1,0.107784,0.369607
31.462,1,0.109295,0.369607
31.464,1,0.10859,0.369607
31.466,1,0.109093,0.369607
31.468,1,0.109194,0.369607
31.47,1,0.109396,0.369607
31.472,1,0.109093,0.369607
31.474,1,0.109597,0.369607
31.476,1,0.108791,0.380056
31.478,1,0.109496,0.380056
31.48,1,0.10859,0.380056
31.482,1,0.108993,0.380056
31.484,1,0.10859,0.380056
31.486,1,0.108791,0.380056
31.488,1,0.10869,0.380056
31.49,1,0.107985,0.380056
31.492,1,0.108187,0.380056
31.494,1,0.108892,0.380056
31.496,1,0.10859,0.380056
31.498,1,0.10859,0.380056
31.5,1,0.10859,0.380056
31.502,1,0.108791,0.380056
31.504,1,0.109093,0.380056
31.506,1,0.109396,0.380056
31.508,1,0.108892,0.379746
31.51,1,0.109194,0.372754
31.512,1,0.108791,0.372754
31.514,1,0.10869,0.372754
31.516,1,0.10869,0.372754
31.518,1,0.109194,0.372754
31.52,1,0.108892,0.372754
31.522,1,0.108993,0.372754
31.524,1,0.108993,0.372754
31.526,1,0.108892,0.372754
31.528,1,0.10869,0.372754
31.53,1,0.108993,0.372754
31.532,1,0.109194,0.372754
31.534,1,0.108993,0.372754
31.536,1,0.109597,0.372754
31.538,1,0.109295,0.372754
31.54,1,0.110403,0.372754
31.542,1,0.109295,0.372754
31.544,1,0.109295,0.355315
31.546,1,0.109194,0.335912
31.548,1,0.109295,0.345619
31.55,1,0.109093,0.345619
31.552,1,0.110201,0.345619
31.554,1,0.109295,0.345619
31.556,1,0.10869,0.345619
31.558,1,0.10859,0.345619
31.56,1,0.109899,0.345619
31.562,1,0.108993,0.345619
31.564,1,0.10859,0.345619
31.566,1,0.11,0.345619
31.568,1,0.109496,0.345619
31.57,1,0.108388,0.345619
31.572,1,0.108993,0.345619
31.574,1,0.108892,0.345619
31.576,1,0.110201,0.345619
31.578,1,0.109799,0.345619
31.58,1,0.109597,0.345619
31.582,1,0.110201,0.345619
31.584,1,0.109698,0.33608
31.586,1,0.109496,0.318667
31.588,1,0.109698,0.302954
31.59,1,0.109295,0.288648
31.592,1,0.110201,0.275713
31.594,1,0.109597,0.263839
31.596,1,0.109496,0.291741
31.598,1,0.110907,0.291741
31.6,1,0.109597,0.291741
31.602,1,0.11,0.291741
31.604,1,0.109396,0.291741
31.606,1,0.110302,0.291741
31.608,1,0.110302,0.291741
31.61,1,0.109597,0.291741
31.612,1,0.11,0.291741
31.614,1,0.109799,0.291741
31.616,1,0.110504,0.291741
31.618,1,0.109799,0.291741
31.62,1,0.109899,0.291741
31.622,1,0.109799,0.291741
31.624,1,0.109496,0.291741
31.626,1,0.109093,0.291741
31.628,1,0.109799,0.291741
31.63,1,0.109799,0.291741
31.632,1,0.11,0.291741
31.634,1,0.109698,0.291741
31.636,1,0.110504,0.291741
31.638,1,0.109799,0.281687
31.64,1,0.109698,0.269304
31.642,1,0.110504,0.257967
31.644,1,0.110201,0.247543
31.646,1,0.109799,0.237967
31.648,1,0.11,0.229066
31.65,1,0.110201,0.220822
31.652,1,0.110302,0.213174
31.654,1,0.110504,0.206002
31.656,1,0.110403,0.199308
31.658,1,0.109899,0.226654
31.66,1,0.109396,0.226654
31.662,1,0.109295,0.226654
31.664,1,0.109396,0.226654
31.666,1,0.109295,0.226654
31.668,1,0.109194,0.226654
31.67,1,0.109698,0.226654
31.672,1,0.109496,0.226654
31.674,1,0.109496,0.226654
31.676,1,0.109698,0.226654
31.678,1,0.109396,0.226654
31.68,1,0.110504,0.226654
31.682,1,0.109799,0.226654
31.684,1,0.109799,0.226654
31.686,1,0.110403,0.226654
31.688,1,0.110907,0.226654
31.69,1,0.110504,0.226654
31.692,1,0.110302,0.226654
31.694,1,0.110604,0.226654
31.696,1,0.109396,0.226654
31.698,1,0.109698,0.226654
31.7,1,0.109799,0.226654
31.702,1,0.110705,0.226654
31.704,1,0.109899,0.226654
31.706,1,0.11,0.226654
31.708,1,0.110201,0.226654
31.71,1,0.110101,0.226654
31.712,1,0.110201,0.222149
31.714,1,0.110504,0.214356
31.716,1,0.110302,0.207123
31.718,1,0.110504,0.20034
31.72,1,0.110504,0.194025
31.722,1,0.109597,0.18808
31.724,1,0.110705,0.182489
31.726,1,0.110604,0.177219
31.728,1,0.110907,0.172232
31.73,1,0.110604,0.16753
31.732,1,0.11,0.163091
31.734,1,0.110101,0.15886
31.736,1,0.110806,0.154844
31.738,1,0.11,0.151049
31.74,1,0.110101,0.168025
31.742,1,0.110403,0.168025
31.744,1,0.110504,0.168025
31.746,1,0.109396,0.168025
31.748,1,0.11,0.168025
31.75,1,0.110201,0.168025
31.752,1,0.109194,0.168025
31.754,1,0.110101,0.168025
31.756,1,0.109093,0.168025
31.758,1,0.110302,0.168025
31.76,1,0.110201,0.168025
31.762,1,0.11,0.168025
31.764,1,0.110101,0.168025
31.766,1,0.110201,0.168025
31.768,1,0.110101,0.168025
31.77,1,0.110201,0.168025
31.772,1,0.110504,0.168025
31.774,1,0.109899,0.168025
31.776,1,0.110604,0.168025
31.778,1,0.110101,0.168025
31.78,1,0.111209,0.168025
31.782,1,0.110201,0.168025
31.784,1,0.110201,0.168025
31.786,1,0.109799,0.168025
31.788,1,0.110504,0.168025
31.79,1,0.110705,0.168025
31.792,1,0.110302,0.168025
31.794,1,0.109496,0.168025
31.796,1,0.110403,0.168025
31.798,1,0.110201,0.168025
31.8,1,0.110201,0.168025
31.802,1,0.110201,0.168025
31.804,1,0.110101,0.168025
31.806,1,0.111108,0.168025
31.808,1,0.111108,0.168025
31.81,1,0.110907,0.168025
31.812,1,0.110101,0.168025
31.814,1,0.111209,0.164713
31.816,1,0.110604,0.160412
31.818,1,0.110504,0.156318
31.82,1,0.110504,0.152439
31.822,1,0.110302,0.148748
31.824,1,0.109899,0.145216
31.826,1,0.110201,0.141863
31.828,1,0.110907,0.138661
31.83,1,0.109496,0.135599
31.832,1,0.110604,0.132658
31.834,1,0.109799,0.129867
31.836,1,0.110403,0.127159
31.838,1,0.110201,0.124588
31.84,1,0.109698,0.134782
31.842,1,0.109295,0.134782
31.844,1,0.110705,0.134782
31.846,1,0.109799,0.134782
31.848,1,0.110101,0.134782
31.85,1,0.110403,0.134782
31.852,1,0.109799,0.134782
31.854,1,0.110504,0.134782
31.856,1,0.109496,0.134782
31.858,1,0.110302,0.134782
31.86,1,0.108993,0.134782
31.862,1,0.109496,0.134782
31.864,1,0.110504,0.134782
31.866,1,0.109698,0.134782
31.868,1,0.109698,0.134782
31.87,1,0.110705,0.134782
31.872,1,0.110403,0.134782
31.874,1,0.111108,0.134782
31.876,1,0.110302,0.134782
31.878,1,0.109799,0.134782
31.88,1,0.110101,0.134782
31.882,1,0.110302,0.134782
31.884,1,0.110907,0.134782
31.886,1,0.110403,0.134782
31.888,1,0.110101,0.134782
31.89,1,0.110201,0.134782
31.892,1,0.110302,0.134782
31.894,1,0.11,0.134782
31.896,1,0.110302,0.134782
31.898,1,0.109799,0.134782
31.9,1,0.109799,0.134782
31.902,1,0.109295,0.134782
31.904,1,0.109698,0.134782
31.906,1,0.110201,0.134782
31.908,1,0.110604,0.134782
31.91,1,0.110201,0.134782
31.912,1,0.110806,0.134782
31.914,1,0.110705,0.134782
31.916,1,0.111108,0.134782
31.918,1,0.11131,0.134782
31.92,1,0.110806,0.134782
31.922,1,0.110101,0.134782
31.924,1,0.110907,0.134782
31.926,1,0.110201,0.134782
31.928,1,0.110806,0.134782
31.93,1,0.111209,0.133427
31.932,1,0.110705,0.130589
31.934,1,0.110907,0.127876
31.936,1,0.111007,0.12525
31.938,1,0.110403,0.122752
31.94,1,0.110504,0.120352
31.942,1,0.109799,0.118032
31.944,1,0.11131,0.115801
31.946,1,0.111108,0.113658
31.948,1,0.110201,0.111588
31.95,1,0.110907,0.109592
31.952,1,0.110806,0.107673
31.954,1,0.110504,0.105814
31.956,1,0.11141,0.104021
31.958,1,0.110403,0.102284
31.96,1,0.110705,0.100609
31.962,1,0.110604,0.0989859
31.964,1,0.11141,0.097416
31.966,1,0.111209,0.0958982
31.968,1,0.111209,0.0944164
31.97,1,0.110403,0.0929873
31.972,1,0.110604,0.0915989
31.974,1,0.110604,0.0902491
31.976,1,0.111007,0.0889426
31.978,1,0.110403,0.0876724
31.98,1,0.11131,0.0864352
31.982,1,0.110604,0.0852413
31.984,1,0.110705,0.084066
31.986,1,0.110403,0.0829334
31.988,1,0.111007,0.0818309
31.99,1,0.110806,0.0807475
31.992,1,0.110806,0.079702
31.994,1,0.110806,0.078678
31.996,1,0.111209,0.0776805
31.998,1,0.111612,0.0767099
32,1.1,0.111209,0.0757654
32.002,1.1,0.121282,0.0748399
32.004,1.1,0.121383,0.0739366
32.006,1.1,0.121685,0.0730573
32.008,1.1,0.121484,0.0722003
32.01,1.1,0.121484,0.0713571
32.012,1.1,0.121081,0.0705378
32.014,1.1,0.121484,0.0697379
32.016,1.1,0.120879,0.0689545
32.018,1.1,0.121383,0.0681871
32.02,1.1,0.121786,0.0674365
32.022,1.1,0.12098,0.0667057
32.024,1.1,0.121282,0.065987
32.026,1.1,0.122088,0.0652853
32.028,1.1,0.121987,0.100906
32.03,1.1,0.121081,0.100906
32.032,1.1,0.121484,0.100906
32.034,1.1,0.122088,0.100906
32.036,1.1,0.120879,0.100906
32.038,1.1,0.127628,0.100906
32.04,1.1,0.125916,0.100906
32.042,1.1,0.129038,0.100906
32.044,1.1,0.129945,0.100906
32.046,1.1,0.130549,0.100906
32.048,1.1,0.130449,0.100906
32.05,1.1,0.130852,0.100906
32.052,1.1,0.13065,0.100906
32.054,1.1,0.130348,0.100906
32.056,1.1,0.130852,0.100906
32.058,1.1,0.130549,0.100906
32.06,1.1,0.131355,0.100906
32.062,1.1,0.129945,0.100906
32.064,1.1,0.131053,0.100906
32.066,1.1,0.131154,0.100906
32.068,1.1,0.130046,0.100906
32.07,1.1,0.130751,0.100906
32.072,1.1,0.130751,0.100906
32.074,1.1,0.130549,0.100906
32.076,1.1,0.130147,0.100906
32.078,1.1,0.131255,0.100906
32.08,1.1,0.129139,0.100906
32.082,1.1,0.130147,0.080638
32.084,1.1,0.130046,0.080638
32.086,1.1,0.130247,0.080638
32.088,1.1,0.130247,0.080638
32.09,1.1,0.129844,0.080638
32.092,1.1,0.129945,0.080638
32.094,1.1,0.132766,0.080638
32.096,1.1,0.132967,0.080638
32.098,1.1,0.132564,0.080638
32.1,1.1,0.133571,0.080638
32.102,1.1,0.131758,0.080638
32.104,1.1,0.132463,0.080638
32.106,1.1,0.131859,0.080638
32.108,1.1,0.132262,0.080638
32.11,1.1,0.132463,0.080638
32.112,1.1,0.133068,0.080638
32.114,1.1,0.13206,0.080638
32.116,1.1,0.13206,0.080638
32.118,1.1,0.132766,0.080638
32.12,1.1,0.131053,0.080638
32.122,1.1,0.131859,0.080638
32.124,1.1,0.131557,0.080638
32.126,1.1,0.131557,0.080638
32.128,1.1,0.131758,0.080638
32.13,1.1,0.13206,0.080638
32.132,1.1,0.13196,0.080638
32.134,1.1,0.131557,0.080638
32.136,1.1,0.131758,0.080638
32.138,1.1,0.131557,0.080638
32.14,1.1,0.13206,0.080638
32.142,1.1,0.132161,0.080638
32.144,1.1,0.131658,0.080638
32.146,1.1,0.13196,0.080638
32.148,1.1,0.131859,0.080638
32.15,1.1,0.131456,0.080638
32.152,1.1,0.13206,0.080638
32.154,1.1,0.131154,0.080638
32.156,1.1,0.132564,0.080638
32.158,1.1,0.133168,0.080638
32.16,1.1,0.133068,0.080638
32.162,1.1,0.132967,0.080638
32.164,1.1,0.132262,0.080638
32.166,1.1,0.132363,0.080638
32.168,1.1,0.132967,0.080638
32.17,1.1,0.132262,0.080638
32.172,1.1,0.131859,0.080638
32.174,1.1,0.132262,0.080638
32.176,1.1,0.132262,0.080638
32.178,1.1,0.13196,0.080638
32.18,1.1,0.132564,0.080638
32.182,1.1,0.132161,0.080638
32.184,1.1,0.131859,0.080638
32.186,1.1,0.131758,0.080638
32.188,1.1,0.132161,0.080638
32.19,1.1,0.132564,0.080638
32.192,1.1,0.132363,0.080638
32.194,1.1,0.132564,0.080638
32.196,1.1,0.131355,0.080638
32.198,1.1,0.132161,0.080638
32.2,1.1,0.132866,0.080638
32.202,1.1,0.132161,0.080638
32.204,1.1,0.132262,0.080638
32.206,1.1,0.132665,0.080638
32.208,1.1,0.132766,0.080638
32.21,1.1,0.132564,0.080638
32.212,1.1,0.132262,0.080638
32.214,1.1,0.133168,0.080638
32.216,1.1,0.13206,0.080638
32.218,1.1,0.132363,0.080638
32.22,1.1,0.13196,0.080638
32.222,1.1,0.131859,0.080638
32.224,1.1,0.132463,0.080638
32.226,1.1,0.13206,0.080638
32.228,1.1,0.132262,0.080638
32.23,1.1,0.13206,0.080638
32.232,1.1,0.132161,0.080638
32.234,1.1,0.132564,0.0806172
32.236,1.1,0.132463,0.0795732
32.238,1.1,0.132665,0.0785529
32.24,1.1,0.132363,0.0775593
32.242,1.1,0.132564,0.0765925
32.244,1.1,0.132363,0.0756472
32.246,1.1,0.132463,0.0747256
32.248,1.1,0.132262,0.0738275
32.25,1.1,0.132363,0.0729511
32.252,1.1,0.132363,0.0720914
32.254,1.1,0.132564,0.0712533
32.256,1.1,0.132665,0.0704365
32.258,1.1,0.13206,0.0696379
32.26,1.1,0.132463,0.0688575
32.262,1.1,0.133068,0.0680911
32.264,1.1,0.132967,0.0673449
32.266,1.1,0.132463,0.0666149
32.268,1.1,0.132262,0.0659001
32.27,1.1,0.132463,0.065199
32.272,1.1,0.132665,0.0645132
32.274,1.1,0.132363,0.063843
32.276,1.1,0.132665,0.0631842
32.278,1.1,0.133068,0.0625407
32.28,1.1,0.132463,0.0619078
32.282,1.1,0.131758,0.0612904
32.284,1.1,0.132665,0.0606852
32.286,1.1,0.132262,0.060089
32.288,1.1,0.13206,0.0595068
32.29,1.1,0.132866,0.0589346
32.292,1.1,0.132564,0.0583745
32.294,1.1,0.132665,0.0578243
32.296,1.1,0.132363,0.057284
32.298,1.1,0.132564,0.0567561
32.3,1.1,0.132766,0.0562364
32.302,1.1,0.13206,0.0557251
32.304,1.1,0.132463,0.0552233
32.306,1.1,0.132463,0.0547315
32.308,1.1,0.132262,0.0542469
32.31,1.1,0.131859,0.0537712
32.312,1.1,0.132665,0.0533036
32.314,1.1,0.132262,0.0528443
32.316,1.1,0.132161,0.0523937
32.318,1.1,0.13196,0.0519508
32.32,1.1,0.132463,0.0515131
32.322,1.1,0.132866,0.0510868
32.324,1.1,0.132564,0.0506637
32.326,1.1,0.132564,0.0502475
32.328,1.1,0.132161,0.0498409
32.33,1.1,0.133068,0.0494389
32.332,1.1,0.132766,0.0490443
32.334,1.1,0.132766,0.0486542
32.336,1.1,0.132564,0.048272
32.338,1.1,0.131658,0.0478948
32.34,1.1,0.132463,0.0475241
32.342,1.1,0.132564,0.0471588
32.344,1.1,0.132564,0.0467987
32.346,1.1,0.13206,0.0464449
32.348,1.1,0.132262,0.0460965
32.35,1.1,0.132463,0.0457516
32.352,1.1,0.13196,0.0454129
32.354,1.1,0.132463,0.0450812
32.356,1.1,0.132363,0.0447513
32.358,1.1,0.133269,0.0444269
32.36,1.1,0.132463,0.0441079
32.362,1.1,0.132463,0.0437936
32.364,1.1,0.132161,0.0434831
32.366,1.1,0.132161,0.043176
32.368,1.1,0.132564,0.042875
32.37,1.1,0.132463,0.0425784
32.372,1.1,0.131557,0.0422835
32.374,1.1,0.131859,0.0419953
32.376,1.1,0.131859,0.0417096
32.378,1.1,0.131758,0.0414278
32.38,1.1,0.132665,0.0411509
32.382,1.1,0.132463,0.0408758
32.384,1.1,0.132866,0.0406051
32.386,1.1,0.132161,0.0403381
32.388,1.1,0.132463,0.0400744
32.39,1.1,0.132665,0.0398153
32.392,1.1,0.132463,0.0395585
32.394,1.1,0.132363,0.0393049
32.396,1.1,0.131355,0.0390539
32.398,1.1,0.131859,0.0388079
32.4,1.1,0.132665,0.0385632
32.402,1.1,0.132262,0.0383227
32.404,1.1,0.13206,0.0380852
32.406,1.1,0.132161,0.0378501
32.408,1.1,0.132665,0.0376184
32.41,1.1,0.132766,0.0373888
32.412,1.1,0.132363,0.0371628
32.414,1.1,0.133068,0.0369384
32.416,1.1,0.131758,0.0367178
32.418,1.1,0.132262,0.0364987
32.42,1.1,0.132463,0.0362831
32.422,1.1,0.132665,0.0360697
32.424,1.1,0.132665,0.0358587
32.426,1.1,0.132363,0.0356512
32.428,1.1,0.132564,0.0354451
32.43,1.1,0.13206,0.0352413
32.432,1.1,0.132161,0.0350399
32.434,1.1,0.132262,0.0348412
32.436,1.1,0.13196,0.0346439
32.438,1.1,0.132363,0.0344502
32.44,1.1,0.132665,0.0342571
32.442,1.1,0.132564,0.0340673
32.444,1.1,0.13337,0.0338799
32.446,1.1,0.132262,0.0336933
32.448,1.1,0.132866,0.0335089
32.45,1.1,0.132363,0.0333272
32.452,1.1,0.132766,0.0331473
32.454,1.1,0.132766,0.0329695
32.456,1.1,0.13206,0.0327931
32.458,1.1,0.130952,0.0326187
32.46,1.1,0.132463,0.0324464
32.462,1.1,0.13206,0.0322752
32.464,1.1,0.131859,0.0321065
32.466,1.1,0.132161,0.0319389
32.468,1.1,0.131859,0.0317738
32.47,1.1,0.132161,0.0316103
32.472,1.1,0.132363,0.031448
32.474,1.1,0.132564,0.0312879
32.476,1.1,0.132463,0.0311298
32.478,1.1,0.132564,0.0309722
32.48,1.1,0.132463,0.0308162
32.482,1.1,0.13196,0.0306626
32.484,1.1,0.13206,0.0305101
32.486,1.1,0.131758,0.0303594
32.488,1.1,0.132161,0.0302097
32.49,1.1,0.132665,0.0300616
32.492,1.1,0.132665,0.0299152
32.494,1.1,0.13206,0.0297696
32.496,1.1,0.131557,0.0296261
32.498,1.1,0.132564,0.0294836
32.5,1.1,0.132665,0.0293425
32.502,1.1,0.132463,0.0292036
32.504,1.1,0.132967,0.0290649
32.506,1.1,0.132665,0.0289274
32.508,1.1,0.132363,0.0287925
32.51,1.1,0.131758,0.0286572
32.512,1.1,0.132463,0.0285241
32.514,1.1,0.133269,0.0283923
32.516,1.1,0.132665,0.0282617
32.518,1.1,0.132866,0.0281323
32.52,1.1,0.131758,0.0280038
32.522,1.1,0.13196,0.0278761
32.524,1.1,0.132161,0.0277502
32.526,1.1,0.13196,0.0276253
32.528,1.1,0.132463,0.0275017
32.53,1.1,0.131758,0.0273786
32.532,1.1,0.132665,0.0272572
32.534,1.1,0.132766,0.0271364
32.536,1.1,0.13206,0.0270171
32.538,1.1,0.132363,0.0268986
32.54,1.1,0.132463,0.0267811
32.542,1.1,0.132463,0.0266649
32.544,1.1,0.132161,0.0265496
32.546,1.1,0.132161,0.0264354
32.548,1.1,0.132363,0.0263216
32.55,1.1,0.131557,0.0262096
32.552,1.1,0.132161,0.026098
32.554,1.1,0.132463,0.0259871
32.556,1.1,0.132766,0.0258776
32.558,1.1,0.13196,0.0257691
32.56,1.1,0.132262,0.0256615
32.562,1.1,0.132262,0.0255543
32.564,1.1,0.132262,0.0254484
32.566,1.1,0.132564,0.0253435
32.568,1.1,0.132564,0.0252389
32.57,1.1,0.131758,0.0251357
32.572,1.1,0.132564,0.025033
32.574,1.1,0.132665,0.0249314
32.576,1.1,0.132262,0.0248306
32.578,1.1,0.13196,0.0247303
32.58,1.1,0.13196,0.0246311
32.582,1.1,0.13196,0.0245328
32.584,1.1,0.132262,0.0244352
32.586,1.1,0.132363,0.024338
32.588,1.1,0.132967,0.0242417
32.59,1.1,0.132665,0.0241467
32.592,1.1,0.132161,0.0240522
32.594,1.1,0.132363,0.0239579
32.596,1.1,0.132665,0.0238649
32.598,1.1,0.132262,0.0237726
32.6,1.1,0.13206,0.0236807
32.602,1.1,0.132363,0.0235896
32.604,1.1,0.13196,0.0234991
32.606,1.1,0.131557,0.0234095
32.608,1.1,0.131859,0.0233205
32.61,1.1,0.132665,0.0232321
32.612,1.1,0.131658,0.0231448
32.614,1.1,0.132564,0.0230576
32.616,1.1,0.132766,0.0229712
32.618,1.1,0.131557,0.0228858
32.62,1.1,0.132665,0.0228007
32.622,1.1,0.131859,0.0227163
32.624,1.1,0.132463,0.0226324
32.626,1.1,0.132161,0.0225493
32.628,1.1,0.13196,0.0224665
32.63,1.1,0.132564,0.0223847
32.632,1.1,0.131859,0.0223032
32.634,1.1,0.131255,0.0222226
32.636,1.1,0.131557,0.0221423
32.638,1.1,0.131355,0.0220627
32.64,1.1,0.131859,0.0219839
32.642,1.1,0.131859,0.0219052
32.644,1.1,0.132363,0.0218274
32.646,1.1,0.132161,0.0217499
32.648,1.1,0.13206,0.0216731
32.65,1.1,0.131859,0.0215967
32.652,1.1,0.131557,0.0215211
32.654,1.1,0.132463,0.0214458
32.656,1.1,0.132363,0.0213713
32.658,1.1,0.132262,0.0212968
32.66,1.1,0.131758,0.0212233
32.662,1.1,0.132665,0.0211501
32.664,1.1,0.132363,0.0210777
32.666,1.1,0.131658,0.0210053
32.668,1.1,0.131255,0.0209338
32.67,1.1,0.131859,0.0208626
32.672,1.1,0.131355,0.020792
32.674,1.1,0.131557,0.0207216
32.676,1.1,0.13196,0.020652
32.678,1.1,0.132463,0.0205826
32.68,1.1,0.131154,0.0205139
32.682,1.1,0.132262,0.0204455
32.684,1.1,0.13196,0.0203774
32.686,1.1,0.131557,0.02031
32.688,1.1,0.13196,0.0202429
32.69,1.1,0.133168,0.0201766
32.692,1.1,0.132463,0.0201103
32.694,1.1,0.132866,0.0200447
32.696,1.1,0.13206,0.0199795
32.698,1.1,0.131758,0.0199147
32.7,1.1,0.132665,0.0198501
32.702,1.1,0.132262,0.0197862
32.704,1.1,0.132564,0.0197227
32.706,1.1,0.132161,0.0196593
32.708,1.1,0.132363,0.0195966
32.71,1.1,0.131758,0.0195342
32.712,1.1,0.132463,0.0194721
32.714,1.1,0.13206,0.0194106
32.716,1.1,0.132665,0.0193495
32.718,1.1,0.132564,0.0192886
32.72,1.1,0.13206,0.0192282
32.722,1.1,0.132463,0.019168
32.724,1.1,0.132665,0.0191084
32.726,1.1,0.132363,0.019049
32.728,1.1,0.132564,0.01899
32.73,1.1,0.132161,0.0189315
32.732,1.1,0.132262,0.0188733
32.734,1.1,0.131355,0.0188153
32.736,1.1,0.132564,0.0187581
32.738,1.1,0.132564,0.0187008
32.74,1.1,0.132262,0.0186438
32.742,1.1,0.132161,0.0185874
32.744,1.1,0.132766,0.0185314
32.746,1.1,0.132766,0.0184756
32.748,1.1,0.132363,0.0184201
32.75,1.1,0.132161,0.0183649
32.752,1.1,0.132161,0.0183102
32.754,1.1,0.13196,0.0182557
32.756,1.1,0.13196,0.0182013
32.758,1.1,0.132463,0.0181476
32.76,1.1,0.132564,0.0180941
32.762,1.1,0.131758,0.018041
32.764,1.1,0.132463,0.017988
32.766,1.1,0.132564,0.0179354
32.768,1.1,0.133068,0.0178831
32.77,1.1,0.132866,0.0178311
32.772,1.1,0.132463,0.0177795
32.774,1.1,0.132262,0.0177283
32.776,1.1,0.132665,0.017677
32.778,1.1,0.131557,0.0176263
32.78,1.1,0.13196,0.0175757
32.782,1.1,0.132161,0.0175255
32.784,1.1,0.132463,0.0174759
32.786,1.1,0.131859,0.0174261
32.788,1.1,0.13206,0.0173766
32.79,1.1,0.132766,0.0173277
32.792,1.1,0.132564,0.0172789
32.794,1.1,0.132665,0.0172304
32.796,1.1,0.132363,0.017182
32.798,1.1,0.132262,0.0171341
32.8,1.1,0.13206,0.0170864
32.802,1.1,0.132766,0.0170389
32.804,1.1,0.132262,0.0169918
32.806,1.1,0.132866,0.0169448
32.808,1.1,0.131859,0.0168982
32.81,1.1,0.13196,0.0168518
32.812,1.1,0.13196,0.0168055
32.814,1.1,0.132363,0.0167597
32.816,1.1,0.13206,0.016714
32.818,1.1,0.131557,0.0166685
32.82,1.1,0.131658,0.0166235
32.822,1.1,0.131557,0.0165786
32.824,1.1,0.131557,0.0165338
32.826,1.1,0.131658,0.0164896
32.828,1.1,0.13206,0.0164453
32.83,1.1,0.131557,0.0164014
32.832,1.1,0.131557,0.0163576
32.834,1.1,0.132564,0.016314
32.836,1.1,0.131456,0.0162709
32.838,1.1,0.132866,0.0162278
32.84,1.1,0.131758,0.0161851
32.842,1.1,0.132866,0.0161424
32.844,1.1,0.13206,0.0161001
32.846,1.1,0.132766,0.016058
32.848,1.1,0.132463,0.016016
32.85,1.1,0.132262,0.0159744
32.852,1.1,0.132967,0.0159329
32.854,1.1,0.132463,0.0158915
32.856,1.1,0.132363,0.0158505
32.858,1.1,0.13206,0.0158099
32.86,1.1,0.131758,0.015769
32.862,1.1,0.132665,0.0157286
32.864,1.1,0.132262,0.0156885
32.866,1.1,0.131658,0.0156483
32.868,1.1,0.132161,0.0156087
32.87,1.1,0.132463,0.015569
32.872,1.1,0.132463,0.0155295
32.874,1.1,0.131557,0.0154906
32.876,1.1,0.132866,0.0154514
32.878,1.1,0.132463,0.0154125
32.88,1.1,0.131859,0.015374
32.882,1.1,0.132665,0.0153354
32.884,1.1,0.132262,0.0152974
32.886,1.1,0.132866,0.0152592
32.888,1.1,0.132363,0.0152214
32.89,1.1,0.132766,0.0151837
32.892,1.1,0.133168,0.0151463
32.894,1.1,0.132564,0.015109
32.896,1.1,0.132262,0.0150718
32.898,1.1,0.132161,0.0150349
32.9,1.1,0.13206,0.0149982
32.902,1.1,0.132665,0.0149615
32.904,1.1,0.131859,0.0149252
32.906,1.1,0.13196,0.0148889
32.908,1.1,0.132363,0.0148529
32.91,1.1,0.131456,0.0148171
32.912,1.1,0.13196,0.0147813
32.914,1.1,0.13196,0.0147458
32.916,1.1,0.132463,0.0147105
32.918,1.1,0.131557,0.0146752
32.92,1.1,0.131355,0.0146403
32.922,1.1,0.131758,0.0146054
32.924,1.1,0.132161,0.0145708
32.926,1.1,0.133269,0.0145362
32.928,1.1,0.131758,0.014502
32.93,1.1,0.13206,0.0144677
32.932,1.1,0.132161,0.0144337
32.934,1.1,0.132262,0.0143998
32.936,1.1,0.132161,0.014366
32.938,1.1,0.131355,0.0143325
32.94,1.1,0.132262,0.0142991
32.942,1.1,0.131859,0.0142659
32.944,1.1,0.132161,0.0142328
32.946,1.1,0.131758,0.0141998
32.948,1.1,0.133168,0.014167
32.95,1.1,0.132161,0.0141344
32.952,1.1,0.132463,0.014102
32.954,1.1,0.132766,0.0140696
32.956,1.1,0.132766,0.0140374
32.958,1.1,0.13206,0.0140054
32.96,1.1,0.132665,0.0139735
32.962,1.1,0.132262,0.0139417
32.964,1.1,0.132262,0.0139101
32.966,1.1,0.132665,0.0138786
32.968,1.1,0.13196,0.0138473
32.97,1.1,0.13196,0.0138163
32.972,1.1,0.131758,0.0137852
32.974,1.1,0.132161,0.0137543
32.976,1.1,0.131859,0.0137235
32.978,1.1,0.132161,0.0136929
32.98,1.1,0.132463,0.0136624
32.982,1.1,0.132463,0.013632
32.984,1.1,0.132463,0.0136018
32.986,1.1,0.132866,0.0135717
32.988,1.1,0.132161,0.0135417
32.99,1.1,0.132161,0.013512
32.992,1.1,0.131758,0.0134822
32.994,1.1,0.132866,0.0134527
32.996,1.1,0.131658,0.0134234
32.998,1.1,0.132363,0.013394
33,1.2,0.132463,0.0133647
33.002,1.2,0.145055,0.0133357
33.004,1.2,0.145055,0.0133068
33.006,1.2,0.146364,0.013278
33.008,1.2,0.14576,0.0132493
33.01,1.2,0.145659,0.0132207
33.012,1.2,0.145559,0.0131925
33.014,1.2,0.145055,0.013164
33.016,1.2,0.145357,0.0131359
33.018,1.2,0.145659,0.0131078
33.02,1.2,0.145559,0.0130798
33.022,1.2,0.14576,0.0130521
33.024,1.2,0.145559,0.0130243
33.026,1.2,0.144753,0.0129967
33.028,1.2,0.145458,0.0129693
33.03,1.2,0.145156,0.012942
33.032,1.2,0.146163,0.0129147
33.034,1.2,0.146062,0.0128876
33.036,1.2,0.145861,0.0128606
33.038,1.2,0.145559,0.0128337
33.04,1.2,0.14576,0.0128069
33.042,1.2,0.146364,0.0127802
33.044,1.2,0.14576,0.0127537
33.046,1.2,0.145458,0.0127272
33.048,1.2,0.145559,0.0127009
33.05,1.2,0.146062,0.0126746
33.052,1.2,0.145659,0.0126485
33.054,1.2,0.145256,0.0126225
33.056,1.2,0.145458,0.0125965
33.058,1.2,0.145962,0.0125707
33.06,1.2,0.146465,0.012545
33.062,1.2,0.145861,0.0125195
33.064,1.2,0.146062,0.0124939
33.066,1.2,0.145962,0.0124686
33.068,1.2,0.145659,0.0124433
33.07,1.2,0.145659,0.0124181
33.072,1.2,0.146364,0.012393
33.074,1.2,0.146163,0.012368
33.076,1.2,0.146264,0.0123431
33.078,1.2,0.145962,0.0123184
33.08,1.2,0.146566,0.0122937
33.082,1.2,0.145458,0.0122691
33.084,1.2,0.145861,0.0122446
33.086,1.2,0.145659,0.0122202
33.088,1.2,0.145659,0.0121959
33.09,1.2,0.145962,0.0121718
33.092,1.2,0.146062,0.0121476
33.094,1.2,0.146062,0.0121237
33.096,1.2,0.145256,0.0120998
33.098,1.2,0.145559,0.0120759
33.1,1.2,0.145458,0.0120522
33.102,1.2,0.14576,0.0120285
33.104,1.2,0.145659,0.012005
33.106,1.2,0.145659,0.0119816
33.108,1.2,0.144753,0.0119582
33.11,1.2,0.146062,0.011935
33.112,1.2,0.145861,0.0119118
33.114,1.2,0.146163,0.0118887
33.116,1.2,0.145962,0.0118657
33.118,1.2,0.146264,0.0118428
33.12,1.2,0.145659,0.01182
33.122,1.2,0.146163,0.0117973
33.124,1.2,0.145458,0.0117746
33.126,1.2,0.145357,0.0117522
33.128,1.2,0.145458,0.0117297
33.13,1.2,0.146364,0.0117073
33.132,1.2,0.146364,0.0116849
33.134,1.2,0.146364,0.0116628
33.136,1.2,0.14576,0.0116407
33.138,1.2,0.146062,0.0116186
33.14,1.2,0.145559,0.0115967
33.142,1.2,0.146163,0.0115747
33.144,1.2,0.145256,0.011553
33.146,1.2,0.145861,0.0115313
33.148,1.2,0.145659,0.0115097
33.15,1.2,0.145659,0.0114882
33.152,1.2,0.145962,0.0114667
33.154,1.2,0.145659,0.0114452
33.156,1.2,0.145559,0.0114239
33.158,1.2,0.146364,0.0114027
33.16,1.2,0.145861,0.0113816
33.162,1.2,0.145861,0.0113604
33.164,1.2,0.145156,0.0113395
33.166,1.2,0.145962,0.0113186
33.168,1.2,0.145357,0.0112977
33.17,1.2,0.146163,0.011277
33.172,1.2,0.146465,0.0112563
33.174,1.2,0.146264,0.0112356
33.176,1.2,0.145962,0.0112151
33.178,1.2,0.145357,0.0111947
33.18,1.2,0.146062,0.0111742
33.182,1.2,0.145559,0.011154
33.184,1.2,0.145357,0.0111337
33.186,1.2,0.14576,0.0111135
33.188,1.2,0.145357,0.0110934
33.19,1.2,0.145861,0.0110734
33.192,1.2,0.14576,0.0110534
33.194,1.2,0.145357,0.0110336
33.196,1.2,0.146062,0.0110138
33.198,1.2,0.145659,0.0109941
33.2,1.2,0.144652,0.0109744
33.202,1.2,0.145156,0.0109548
33.204,1.2,0.145962,0.0109353
33.206,1.2,0.14576,0.0109158
33.208,1.2,0.14576,0.0108964
33.21,1.2,0.146264,0.0108771
33.212,1.2,0.145861,0.0108579
33.214,1.2,0.146364,0.0108387
33.216,1.2,0.145861,0.0108196
33.218,1.2,0.145861,0.0108006
33.22,1.2,0.14576,0.0107816
33.222,1.2,0.145559,0.0107627
33.224,1.2,0.145659,0.0107439
33.226,1.2,0.145357,0.0107251
33.228,1.2,0.145357,0.0107063
33.23,1.2,0.145256,0.0106876
33.232,1.2,0.145659,0.0106691
33.234,1.2,0.146767,0.0106506
33.236,1.2,0.146163,0.0106321
33.238,1.2,0.146264,0.0106137
33.24,1.2,0.145962,0.0105955
33.242,1.2,0.14576,0.0105771
33.244,1.2,0.145357,0.0105589
33.246,1.2,0.14576,0.0105408
33.248,1.2,0.146667,0.0105227
33.25,1.2,0.145659,0.0105047
33.252,1.2,0.146062,0.0104867
33.254,1.2,0.146163,0.0104689
33.256,1.2,0.146264,0.0104511
33.258,1.2,0.145962,0.0104333
33.26,1.2,0.145659,0.0104156
33.262,1.2,0.14576,0.010398
33.264,1.2,0.146062,0.0103803
33.266,1.2,0.145659,0.0103627
33.268,1.2,0.146062,0.0103453
33.27,1.2,0.146264,0.0103279
33.272,1.2,0.145659,0.0103106
33.274,1.2,0.145458,0.0102933
33.276,1.2,0.145962,0.010276
33.278,1.2,0.145559,0.0102588
33.28,1.2,0.145458,0.0102417
33.282,1.2,0.145055,0.0102246
33.284,1.2,0.14576,0.0102076
33.286,1.2,0.14576,0.0101907
33.288,1.2,0.145861,0.0101738
33.29,1.2,0.146264,0.010157
33.292,1.2,0.145659,0.0101402
33.294,1.2,0.145861,0.0101234
33.296,1.2,0.145659,0.0101067
33.298,1.2,0.145458,0.0100901
33.3,1.2,0.145559,0.0100736
33.302,1.2,0.145156,0.010057
33.304,1.2,0.146163,0.0100406
33.306,1.2,0.145458,0.0100242
33.308,1.2,0.146163,0.0100078
33.31,1.2,0.146062,0.00999153
33.312,1.2,0.145861,0.00997533
33.314,1.2,0.146163,0.00995911
33.316,1.2,0.145357,0.00994294
33.318,1.2,0.146163,0.0099269
33.32,1.2,0.145357,0.00991092
33.322,1.2,0.145458,0.00989487
33.324,1.2,0.146163,0.00987891
33.326,1.2,0.145659,0.00986308
33.328,1.2,0.146364,0.00984722
33.33,1.2,0.145861,0.00983145
33.332,1.2,0.146163,0.00981575
33.334,1.2,0.146163,0.00980002
33.336,1.2,0.145861,0.00978441
33.338,1.2,0.145861,0.00976885
33.34,1.2,0.146163,0.00975328
33.342,1.2,0.14576,0.00973785
33.344,1.2,0.145256,0.00972241
33.346,1.2,0.145559,0.00970705
33.348,1.2,0.145256,0.0096917
33.35,1.2,0.145256,0.00967643
33.352,1.2,0.14576,0.00966115
33.354,1.2,0.145659,0.00964599
33.356,1.2,0.146264,0.00963086
33.358,1.2,0.145659,0.00961572
33.36,1.2,0.146062,0.0096007
33.362,1.2,0.145962,0.00958572
33.364,1.2,0.145659,0.00957073
33.366,1.2,0.145659,0.00955584
33.368,1.2,0.146163,0.009541
33.37,1.2,0.146264,0.00952614
33.372,1.2,0.145861,0.0095114
33.374,1.2,0.14576,0.00949666
33.376,1.2,0.146062,0.009482
33.378,1.2,0.145659,0.00946743
33.38,1.2,0.146868,0.00945283
33.382,1.2,0.145861,0.00943824
33.384,1.2,0.145962,0.00942377
33.386,1.2,0.146364,0.00940933
33.388,1.2,0.146364,0.00939488
33.39,1.2,0.146062,0.00938054
33.392,1.2,0.146163,0.00936624
33.394,1.2,0.145156,0.00935198
33.396,1.2,0.146062,0.00933773
33.398,1.2,0.145055,0.00932349
33.4,1.2,0.145659,0.00930937
33.402,1.2,0.145357,0.00929529
33.404,1.2,0.144954,0.00928125
33.406,1.2,0.145458,0.00926721
33.408,1.2,0.145861,0.00925322
33.41,1.2,0.145962,0.00923928
33.412,1.2,0.145357,0.0092254
33.414,1.2,0.145055,0.00921157
33.416,1.2,0.145962,0
33.418,1.2,0.146062,0
33.42,1.2,0.146163,0
33.422,1.2,0.145659,0
33.424,1.2,0.145861,0
33.426,1.2,0.14576,0
33.428,1.2,0.145458,0
33.43,1.2,0.145861,0
33.432,1.2,0.145861,0
33.434,1.2,0.146163,0
33.436,1.2,0.145559,0
33.438,1.2,0.146264,0
33.44,1.2,0.14576,0
33.442,1.2,0.146465,0
33.444,1.2,0.146163,0
33.446,1.2,0.146364,0
33.448,1.2,0.145256,0
33.45,1.2,0.145861,0
33.452,1.2,0.145055,0
33.454,1.2,0.144853,0
33.456,1.2,0.145559,0
33.458,1.2,0.145559,0
33.46,1.2,0.14576,0
33.462,1.2,0.145559,0
33.464,1.2,0.146163,0
33.466,1.2,0.145559,0
33.468,1.2,0.145256,0
33.47,1.2,0.145861,0
33.472,1.2,0.145962,0
33.474,1.2,0.145156,0
33.476,1.2,0.144753,0
33.478,1.2,0.145055,0
33.48,1.2,0.145458,0
33.482,1.2,0.144954,0
33.484,1.2,0.145861,0
33.486,1.2,0.14576,0
33.488,1.2,0.145861,0
33.49,1.2,0.146163,0
33.492,1.2,0.146062,0
33.494,1.2,0.145659,0
33.496,1.2,0.14576,0
33.498,1.2,0.146163,0
33.5,1.2,0.145659,0
33.502,1.2,0.145559,0
33.504,1.2,0.145659,0
33.506,1.2,0.145559,0
33.508,1.2,0.145962,0
33.51,1.2,0.146163,0
33.512,1.2,0.14576,0
33.514,1.2,0.14576,0
33.516,1.2,0.145559,0
33.518,1.2,0.145458,0
33.52,1.2,0.145458,0
33.522,1.2,0.144652,0
33.524,1.2,0.145458,0
33.526,1.2,0.145559,0
33.528,1.2,0.144954,0
33.53,1.2,0.145256,0
33.532,1.2,0.144954,0
33.534,1.2,0.14576,0
33.536,1.2,0.145861,0
33.538,1.2,0.145962,0
33.54,1.2,0.146163,0
33.542,1.2,0.145357,0
33.544,1.2,0.145861,0
33.546,1.2,0.145357,0
33.548,1.2,0.145357,0
33.55,1.2,0.145962,0
33.552,1.2,0.145861,0
33.554,1.2,0.145861,0
33.556,1.2,0.145659,0
33.558,1.2,0.144954,0
33.56,1.2,0.145357,0
33.562,1.2,0.146163,0
33.564,1.2,0.145962,0
33.566,1.2,0.145861,0
33.568,1.2,0.145861,0
33.57,1.2,0.145559,0
33.572,1.2,0.14576,0
33.574,1.2,0.146062,0
33.576,1.2,0.145458,0
33.578,1.2,0.145357,0
33.58,1.2,0.145559,0
33.582,1.2,0.145659,0
33.584,1.2,0.145357,0
33.586,1.2,0.146767,0
33.588,1.2,0.145559,0
33.59,1.2,0.146767,0
33.592,1.2,0.14717,0
33.594,1.2,0.146062,0
33.596,1.2,0.145659,0
33.598,1.2,0.145055,0
33.6,1.2,0.146062,0
33.602,1.2,0.144753,0
33.604,1.2,0.145659,0
33.606,1.2,0.145458,0
33.608,1.2,0.145357,0
33.61,1.2,0.146566,0
33.612,1.2,0.146566,0
33.614,1.2,0.146767,0
33.616,1.2,0.145962,0
33.618,1.2,0.145559,0
33.62,1.2,0.145861,0
33.622,1.2,0.14576,0
33.624,1.2,0.144954,0
33.626,1.2,0.144753,0
33.628,1.2,0.145962,0
33.63,1.2,0.145156,0
33.632,1.2,0.145156,0
33.634,1.2,0.144652,0
33.636,1.2,0.145357,0
33.638,1.2,0.14576,0
33.64,1.2,0.145962,0
33.642,1.2,0.145659,0
33.644,1.2,0.14576,0
33.646,1.2,0.146465,0
33.648,1.2,0.146062,0
33.65,1.2,0.145458,0
33.652,1.2,0.144954,0
33.654,1.2,0.144753,0
33.656,1.2,0.145861,0
33.658,1.2,0.145256,0
33.66,1.2,0.145861,0
33.662,1.2,0.145861,0
33.664,1.2,0.145559,0
33.666,1.2,0.145156,0
33.668,1.2,0.145962,0
33.67,1.2,0.145659,0
33.672,1.2,0.146163,0
33.674,1.2,0.145559,0
33.676,1.2,0.145256,0
33.678,1.2,0.144652,0
33.68,1.2,0.146264,0
33.682,1.2,0.144954,0
33.684,1.2,0.144753,0
33.686,1.2,0.146062,0
33.688,1.2,0.145861,0
33.69,1.2,0.145156,0
33.692,1.2,0.14576,0
33.694,1.2,0.145055,0
33.696,1.2,0.146062,0
33.698,1.2,0.145458,0
33.7,1.2,0.145559,0
33.702,1.2,0.145156,0
33.704,1.2,0.145055,0
33.706,1.2,0.14576,0
33.708,1.2,0.145659,0
33.71,1.2,0.145458,0
33.712,1.2,0.145861,0
33.714,1.2,0.14576,0
33.716,1.2,0.145659,0
33.718,1.2,0.146062,0
33.72,1.2,0.145659,0
33.722,1.2,0.14576,0
33.724,1.2,0.146062,0
33.726,1.2,0.14576,0
33.728,1.2,0.144551,0
33.73,1.2,0.145861,0
33.732,1.2,0.145357,0
33.734,1.2,0.145357,0
33.736,1.2,0.145861,0
33.738,1.2,0.145659,0
33.74,1.2,0.145458,0
33.742,1.2,0.146062,0
33.744,1.2,0.146062,0
33.746,1.2,0.146062,0
33.748,1.2,0.145962,0
33.75,1.2,0.145861,0
33.752,1.2,0.145357,0
33.754,1.2,0.145659,0
33.756,1.2,0.145659,0
33.758,1.2,0.145962,0
33.76,1.2,0.146364,0
33.762,1.2,0.14576,0
33.764,1.2,0.146163,0
33.766,1.2,0.145357,0
33.768,1.2,0.145256,0
33.77,1.2,0.145055,0
33.772,1.2,0.144954,0
33.774,1.2,0.145458,0
33.776,1.2,0.144853,0
33.778,1.2,0.145156,0
33.78,1.2,0.145559,0
33.782,1.2,0.145256,0
33.784,1.2,0.146062,0
33.786,1.2,0.145559,0
33.788,1.2,0.146767,0
33.79,1.2,0.146264,0
33.792,1.2,0.145962,0
33.794,1.2,0.145458,0
33.796,1.2,0.146364,0
33.798,1.2,0.145861,0
33.8,1.2,0.145256,0
33.802,1.2,0.145458,0
33.804,1.2,0.145357,0
33.806,1.2,0.145357,0
33.808,1.2,0.144954,0
33.81,1.2,0.145659,0
33.812,1.2,0.146163,0
33.814,1.2,0.145357,0
33.816,1.2,0.145559,0
33.818,1.2,0.145962,0
33.82,1.2,0.145256,0
33.822,1.2,0.145458,0
33.824,1.2,0.146264,0
33.826,1.2,0.145256,0
33.828,1.2,0.145458,0
33.83,1.2,0.146062,0
33.832,1.2,0.14576,0
33.834,1.2,0.145659,0
33.836,1.2,0.145256,0
33.838,1.2,0.145256,0
33.84,1.2,0.145256,0
33.842,1.2,0.145458,0
33.844,1.2,0.145962,0
33.846,1.2,0.145861,0
33.848,1.2,0.145458,0
33.85,1.2,0.145458,0
33.852,1.2,0.145861,0
33.854,1.2,0.145659,0
33.856,1.2,0.145962,0
33.858,1.2,0.146062,0
33.86,1.2,0.145861,0
33.862,1.2,0.145559,0
33.864,1.2,0.145861,0
33.866,1.2,0.146667,0
33.868,1.2,0.14576,0
33.87,1.2,0.145559,0
33.872,1.2,0.145458,0
33.874,1.2,0.145962,0
33.876,1.2,0.145357,0
33.878,1.2,0.145861,0
33.88,1.2,0.145256,0
33.882,1.2,0.145458,0
33.884,1.2,0.14576,0
33.886,1.2,0.145156,0
33.888,1.2,0.145559,0
33.89,1.2,0.145861,0
33.892,1.2,0.145559,0
33.894,1.2,0.145659,0
33.896,1.2,0.145861,0
33.898,1.2,0.145357,0
33.9,1.2,0.146465,0
33.902,1.2,0.146062,0
33.904,1.2,0.14576,0
33.906,1.2,0.145559,0
33.908,1.2,0.145962,0
33.91,1.2,0.145458,0
33.912,1.2,0.145458,0
33.914,1.2,0.145256,0
33.916,1.2,0.146667,0
33.918,1.2,0.145055,0
33.92,1.2,0.146163,0
33.922,1.2,0.146667,0
33.924,1.2,0.145156,0
33.926,1.2,0.146062,0
33.928,1.2,0.145962,0
33.93,1.2,0.145357,0
33.932,1.2,0.145256,0
33.934,1.2,0.145357,0
33.936,1.2,0.144954,0
33.938,1.2,0.145559,0
33.94,1.2,0.146062,0
33.942,1.2,0.145156,0
33.944,1.2,0.145659,0
33.946,1.2,0.145357,0
33.948,1.2,0.144954,0
33.95,1.2,0.145659,0
33.952,1.2,0.145256,0
33.954,1.2,0.145962,0
33.956,1.2,0.144853,0
33.958,1.2,0.146465,0
33.96,1.2,0.144853,0
33.962,1.2,0.146566,0
33.964,1.2,0.146062,0
33.966,1.2,0.145861,0
33.968,1.2,0.145861,0
33.97,1.2,0.145659,0
33.972,1.2,0.14576,0
33.974,1.2,0.145659,0
33.976,1.2,0.145861,0
33.978,1.2,0.145156,0
33.98,1.2,0.145156,0
33.982,1.2,0.146364,0
33.984,1.2,0.145458,0
33.986,1.2,0.145659,0
33.988,1.2,0.14576,0
33.99,1.2,0.14576,0
33.992,1.2,0.145458,0
33.994,1.2,0.145256,0
33.996,1.2,0.146163,0
33.998,1.2,0.145458,0
34,1.3,0.144954,0
34.002,1.3,0.159963,0
34.004,1.3,0.159863,0
34.006,1.3,0.15946,0
34.008,1.3,0.159863,0
34.01,1.3,0.160165,0
34.012,1.3,0.160971,0
34.014,1.3,0.159762,0
34.016,1.3,0.160165,0
34.018,1.3,0.159762,0
34.02,1.3,0.159762,0
34.022,1.3,0.159359,0
34.024,1.3,0.15946,0
34.026,1.3,0.159661,0
34.028,1.3,0.159661,0
34.03,1.3,0.160064,0
34.032,1.3,0.159258,0
34.034,1.3,0.159158,0
34.036,1.3,0.15946,0
34.038,1.3,0.159057,0
34.04,1.3,0.159359,0
34.042,1.3,0.158956,0
34.044,1.3,0.160165,0
34.046,1.3,0.159057,0
34.048,1.3,0.159963,0
34.05,1.3,0.159963,0
34.052,1.3,0.160668,0
34.054,1.3,0.160064,0
34.056,1.3,0.159661,0
34.058,1.3,0.159963,0
34.06,1.3,0.160064,0
34.062,1.3,0.15946,0
34.064,1.3,0.15956,0
34.066,1.3,0.158755,0
34.068,1.3,0.159762,0
34.07,1.3,0.159661,0
34.072,1.3,0.15956,0
34.074,1.3,0.159158,0
34.076,1.3,0.15956,0
34.078,1.3,0.15956,0
34.08,1.3,0.159762,0
34.082,1.3,0.159258,0
34.084,1.3,0.159661,0
34.086,1.3,0.159158,0
34.088,1.3,0.160064,0
34.09,1.3,0.159963,0
34.092,1.3,0.160165,0
34.094,1.3,0.159963,0
34.096,1.3,0.159863,0
34.098,1.3,0.159863,0
34.1,1.3,0.15946,0
34.102,1.3,0.159359,0
34.104,1.3,0.158855,0
34.106,1.3,0.159359,0
34.108,1.3,0.158755,0
34.11,1.3,0.160366,0
34.112,1.3,0.159258,0
34.114,1.3,0.160568,0
34.116,1.3,0.159762,0
34.118,1.3,0.15956,0
34.12,1.3,0.159158,0
34.122,1.3,0.160165,0
34.124,1.3,0.159661,0
34.126,1.3,0.159863,0
34.128,1.3,0.160165,0
34.13,1.3,0.159359,0
34.132,1.3,0.159963,0
34.134,1.3,0.159661,0
34.136,1.3,0.159863,0
34.138,1.3,0.15956,0
34.14,1.3,0.160064,0
34.142,1.3,0.159661,0
34.144,1.3,0.15956,0
34.146,1.3,0.160165,0
34.148,1.3,0.159359,0
34.15,1.3,0.159863,0
34.152,1.3,0.159863,0
34.154,1.3,0.159963,0
34.156,1.3,0.15946,0
34.158,1.3,0.159359,0
34.16,1.3,0.159661,0
34.162,1.3,0.160266,0
34.164,1.3,0.15946,0
34.166,1.3,0.159661,0
34.168,1.3,0.160064,0
34.17,1.3,0.159359,0
34.172,1.3,0.159863,0
34.174,1.3,0.159661,0
34.176,1.3,0.15956,0
34.178,1.3,0.15956,0
34.18,1.3,0.159762,0
34.182,1.3,0.159963,0
34.184,1.3,0.15956,0
34.186,1.3,0.160467,0
34.188,1.3,0.160266,0
34.19,1.3,0.160366,0
34.192,1.3,0.160266,0
34.194,1.3,0.160165,0
34.196,1.3,0.159762,0
34.198,1.3,0.15956,0
34.2,1.3,0.15946,0
34.202,1.3,0.159863,0
34.204,1.3,0.160266,0
34.206,1.3,0.159661,0
34.208,1.3,0.158855,0
34.21,1.3,0.159661,0
34.212,1.3,0.158251,0
34.214,1.3,0.158654,0
34.216,1.3,0.15946,0
34.218,1.3,0.15956,0
34.22,1.3,0.158855,0
34.222,1.3,0.159762,0
34.224,1.3,0.159963,0
34.226,1.3,0.160467,0
34.228,1.3,0.160467,0
34.23,1.3,0.159661,0
34.232,1.3,0.160064,0
34.234,1.3,0.160568,0
34.236,1.3,0.159158,0
34.238,1.3,0.159661,0
34.24,1.3,0.159863,0
34.242,1.3,0.15956,0
34.244,1.3,0.160064,0
34.246,1.3,0.159158,0
34.248,1.3,0.159258,0
34.25,1.3,0.158352,0
34.252,1.3,0.15956,0
34.254,1.3,0.159863,0
34.256,1.3,0.15956,0
34.258,1.3,0.158956,0
34.26,1.3,0.159963,0
34.262,1.3,0.159359,0
34.264,1.3,0.159963,0
34.266,1.3,0.160064,0
34.268,1.3,0.159963,0
34.27,1.3,0.159963,0
34.272,1.3,0.15956,0
34.274,1.3,0.159158,0
34.276,1.3,0.160064,0
34.278,1.3,0.159158,0
34.28,1.3,0.159661,0
34.282,1.3,0.159158,0
34.284,1.3,0.160467,0
34.286,1.3,0.159661,0
34.288,1.3,0.15956,0
34.29,1.3,0.159158,0
34.292,1.3,0.159158,0
34.294,1.3,0.160064,0
34.296,1.3,0.159863,0
34.298,1.3,0.160064,0
34.3,1.3,0.159762,0
34.302,1.3,0.159661,0
34.304,1.3,0.160366,0
34.306,1.3,0.160165,0
34.308,1.3,0.160266,0
34.31,1.3,0.159359,0
34.312,1.3,0.159762,0
34.314,1.3,0.160467,0
34.316,1.3,0.160165,0
34.318,1.3,0.15956,0
34.32,1.3,0.159158,0
34.322,1.3,0.160568,0
34.324,1.3,0.159359,0
34.326,1.3,0.159762,0
34.328,1.3,0.160165,0
34.33,1.3,0.160769,0
34.332,1.3,0.160366,0
34.334,1.3,0.159762,0
34.336,1.3,0.159762,0
34.338,1.3,0.159158,0
34.34,1.3,0.160568,0
34.342,1.3,0.159359,0
34.344,1.3,0.159661,0
34.346,1.3,0.159661,0
34.348,1.3,0.159661,0
34.35,1.3,0.158956,0
34.352,1.3,0.158956,0
34.354,1.3,0.158654,0
34.356,1.3,0.15956,0
34.358,1.3,0.15956,0
34.36,1.3,0.159661,0
34.362,1.3,0.159158,0
34.364,1.3,0.159661,0
34.366,1.3,0.15956,0
34.368,1.3,0.159863,0
34.37,1.3,0.160266,0
34.372,1.3,0.159057,0
34.374,1.3,0.159762,0
34.376,1.3,0.159359,0
34.378,1.3,0.159762,0
34.38,1.3,0.160266,0
34.382,1.3,0.158553,0
34.384,1.3,0.159863,0
34.386,1.3,0.15946,0
34.388,1.3,0.159863,0
34.39,1.3,0.159359,0
34.392,1.3,0.15946,0
34.394,1.3,0.159762,0
34.396,1.3,0.159359,0
34.398,1.3,0.160064,0
34.4,1.3,0.159863,0
34.402,1.3,0.160165,0
34.404,1.3,0.159661,0
34.406,1.3,0.160769,0
34.408,1.3,0.160467,0
34.41,1.3,0.15946,0
34.412,1.3,0.15946,0
34.414,1.3,0.159963,0
34.416,1.3,0.159863,0
34.418,1.3,0.15946,0
34.42,1.3,0.159762,0
34.422,1.3,0.15956,0
34.424,1.3,0.159863,0
34.426,1.3,0.159762,0
34.428,1.3,0.158956,0
34.43,1.3,0.15956,0
34.432,1.3,0.160266,0
34.434,1.3,0.159258,0
34.436,1.3,0.160366,0
34.438,1.3,0.160165,0
34.44,1.3,0.159762,0
34.442,1.3,0.159863,0
34.444,1.3,0.159762,0
34.446,1.3,0.159863,0
34.448,1.3,0.159661,0
34.45,1.3,0.160064,0
34.452,1.3,0.159863,0
34.454,1.3,0.159963,0
34.456,1.3,0.159359,0
34.458,1.3,0.159661,0
34.46,1.3,0.15956,0
34.462,1.3,0.159863,0
34.464,1.3,0.160165,0
34.466,1.3,0.160165,0
34.468,1.3,0.159661,0
34.47,1.3,0.15956,0
34.472,1.3,0.15956,0
34.474,1.3,0.160266,0
34.476,1.3,0.15946,0
34.478,1.3,0.159863,0
34.48,1.3,0.160568,0
34.482,1.3,0.159258,0
34.484,1.3,0.159762,0
34.486,1.3,0.15956,0
34.488,1.3,0.159863,0
34.49,1.3,0.159661,0
34.492,1.3,0.15946,0
34.494,1.3,0.160064,0
34.496,1.3,0.159863,0
34.498,1.3,0.160064,0
34.5,1.3,0.160064,0
34.502,1.3,0.159963,0
34.504,1.3,0.159661,0
34.506,1.3,0.159158,0
34.508,1.3,0.160366,0
34.51,1.3,0.159963,0
34.512,1.3,0.159359,0
34.514,1.3,0.159359,0
34.516,1.3,0.159258,0
34.518,1.3,0.159963,0
34.52,1.3,0.159258,0
34.522,1.3,0.159863,0
34.524,1.3,0.159762,0
34.526,1.3,0.159963,0
34.528,1.3,0.15946,0
34.53,1.3,0.159762,0
34.532,1.3,0.159762,0
34.534,1.3,0.159258,0
34.536,1.3,0.159359,0
34.538,1.3,0.159762,0
34.54,1.3,0.158855,0
34.542,1.3,0.159661,0
34.544,1.3,0.159359,0
34.546,1.3,0.159762,0
34.548,1.3,0.160165,0
34.55,1.3,0.15946,0
34.552,1.3,0.15956,0
34.554,1.3,0.159762,0
34.556,1.3,0.160064,0
34.558,1.3,0.160165,0
34.56,1.3,0.160064,0
34.562,1.3,0.159963,0
34.564,1.3,0.160366,0
34.566,1.3,0.159661,0
34.568,1.3,0.160064,0
34.57,1.3,0.160266,0
34.572,1.3,0.159258,0
34.574,1.3,0.15956,0
34.576,1.3,0.158956,0
34.578,1.3,0.159258,0
34.58,1.3,0.159258,0
34.582,1.3,0.159963,0
34.584,1.3,0.159258,0
34.586,1.3,0.159258,0
34.588,1.3,0.159158,0
34.59,1.3,0.159158,0
34.592,1.3,0.160064,0
34.594,1.3,0.159258,0
34.596,1.3,0.160266,0
34.598,1.3,0.159762,0
34.6,1.3,0.159963,0
34.602,1.3,0.159762,0
34.604,1.3,0.160266,0
34.606,1.3,0.159762,0
34.608,1.3,0.159963,0
34.61,1.3,0.159661,0
34.612,1.3,0.159158,0
34.614,1.3,0.159863,0
34.616,1.3,0.159359,0
34.618,1.3,0.15956,0
34.62,1.3,0.159762,0
34.622,1.3,0.159661,0
34.624,1.3,0.159863,0
34.626,1.3,0.159661,0
34.628,1.3,0.159661,0
34.63,1.3,0.159661,0
34.632,1.3,0.160366,0
34.634,1.3,0.159963,0
34.636,1.3,0.15946,0
34.638,1.3,0.15946,0
34.64,1.3,0.159762,0
34.642,1.3,0.159359,0
34.644,1.3,0.160064,0
34.646,1.3,0.159963,0
34.648,1.3,0.160266,0
34.65,1.3,0.158956,0
34.652,1.3,0.159863,0
34.654,1.3,0.160064,0
34.656,1.3,0.15956,0
34.658,1.3,0.159762,0
34.66,1.3,0.159863,0
34.662,1.3,0.159963,0
34.664,1.3,0.159359,0
34.666,1.3,0.160064,0
34.668,1.3,0.159158,0
34.67,1.3,0.159963,0
34.672,1.3,0.160467,0
34.674,1.3,0.15956,0
34.676,1.3,0.160366,0
34.678,1.3,0.15956,0
34.68,1.3,0.159359,0
34.682,1.3,0.159863,0
34.684,1.3,0.160165,0
34.686,1.3,0.158956,0
34.688,1.3,0.158956,0
34.69,1.3,0.15946,0
34.692,1.3,0.160366,0
34.694,1.3,0.159661,0
34.696,1.3,0.159963,0
34.698,1.3,0.159963,0
34.7,1.3,0.160568,0
34.702,1.3,0.159863,0
34.704,1.3,0.159863,0
34.706,1.3,0.160064,0
34.708,1.3,0.159359,0
34.71,1.3,0.160064,0
34.712,1.3,0.15956,0
34.714,1.3,0.15946,0
34.716,1.3,0.160064,0
34.718,1.3,0.159963,0
34.72,1.3,0.15946,0
34.722,1.3,0.159359,0
34.724,1.3,0.158956,0
34.726,1.3,0.159963,0
34.728,1.3,0.159963,0
34.73,1.3,0.159863,0
34.732,1.3,0.159258,0
34.734,1.3,0.159863,0
34.736,1.3,0.159863,0
34.738,1.3,0.160366,0
34.74,1.3,0.158956,0
34.742,1.3,0.15946,0
34.744,1.3,0.160165,0
34.746,1.3,0.159258,0
34.748,1.3,0.159863,0
34.75,1.3,0.159762,0
34.752,1.3,0.159661,0
34.754,1.3,0.159661,0
34.756,1.3,0.15946,0
34.758,1.3,0.159661,0
34.76,1.3,0.160568,0
34.762,1.3,0.159762,0
34.764,1.3,0.160266,0
34.766,1.3,0.160064,0
34.768,1.3,0.159963,0
34.77,1.3,0.160165,0
34.772,1.3,0.160165,0
34.774,1.3,0.160568,0
34.776,1.3,0.159158,0
34.778,1.3,0.159057,0
34.78,1.3,0.160165,0
34.782,1.3,0.15946,0
34.784,1.3,0.159863,0
34.786,1.3,0.159762,0
34.788,1.3,0.159863,0
34.79,1.3,0.159661,0
34.792,1.3,0.160467,0
34.794,1.3,0.160165,0
34.796,1.3,0.158855,0
34.798,1.3,0.15946,0
34.8,1.3,0.159863,0
34.802,1.3,0.160165,0
34.804,1.3,0.159963,0
34.806,1.3,0.159258,0
34.808,1.3,0.159158,0
34.81,1.3,0.160064,0
34.812,1.3,0.159057,0
34.814,1.3,0.159158,0
34.816,1.3,0.160266,0
34.818,1.3,0.159863,0
34.82,1.3,0.159661,0
34.822,1.3,0.159863,0
34.824,1.3,0.159661,0
34.826,1.3,0.159963,0
34.828,1.3,0.160064,0
34.83,1.3,0.159863,0
34.832,1.3,0.158956,0
34.834,1.3,0.160266,0
34.836,1.3,0.159863,0
34.838,1.3,0.15956,0
34.84,1.3,0.159762,0
34.842,1.3,0.15956,0
34.844,1.3,0.15956,0
34.846,1.3,0.159258,0
34.848,1.3,0.159661,0
34.85,1.3,0.15946,0
34.852,1.3,0.15956,0
34.854,1.3,0.160467,0
34.856,1.3,0.160165,0
34.858,1.3,0.160366,0
34.86,1.3,0.159762,0
34.862,1.3,0.159661,0
34.864,1.3,0.160165,0
34.866,1.3,0.159762,0
34.868,1.3,0.159963,0
34.87,1.3,0.15956,0
34.872,1.3,0.159762,0
34.874,1.3,0.159863,0
34.876,1.3,0.160266,0
34.878,1.3,0.159963,0
34.88,1.3,0.160064,0
34.882,1.3,0.160064,0
34.884,1.3,0.159863,0
34.886,1.3,0.159863,0
34.888,1.3,0.160266,0
34.89,1.3,0.15946,0
34.892,1.3,0.159661,0
34.894,1.3,0.159863,0
34.896,1.3,0.159661,0
34.898,1.3,0.159863,0
34.9,1.3,0.159661,0
34.902,1.3,0.159258,0
34.904,1.3,0.159661,0
34.906,1.3,0.159863,0
34.908,1.3,0.159057,0
34.91,1.3,0.159057,0
34.912,1.3,0.159762,0
34.914,1.3,0.15946,0
34.916,1.3,0.159762,0
34.918,1.3,0.159762,0
34.92,1.3,0.159359,0
34.922,1.3,0.15946,0
34.924,1.3,0.159863,0
34.926,1.3,0.160064,0
34.928,1.3,0.159762,0
34.93,1.3,0.159158,0
34.932,1.3,0.159057,0
34.934,1.3,0.159762,0
34.936,1.3,0.159057,0
34.938,1.3,0.160064,0
34.94,1.3,0.159762,0
34.942,1.3,0.160467,0
34.944,1.3,0.15956,0
34.946,1.3,0.160165,0
34.948,1.3,0.159863,0
34.95,1.3,0.160064,0
34.952,1.3,0.159863,0
34.954,1.3,0.160165,0
34.956,1.3,0.159863,0
34.958,1.3,0.160165,0
34.96,1.3,0.159057,0
34.962,1.3,0.159963,0
34.964,1.3,0.15956,0
34.966,1.3,0.159661,0
34.968,1.3,0.160668,0
34.97,1.3,0.159863,0
34.972,1.3,0.160064,0
34.974,1.3,0.159863,0
34.976,1.3,0.159158,0
34.978,1.3,0.159963,0
34.98,1.3,0.159158,0
34.982,1.3,0.159158,0
34.984,1.3,0.159762,0
34.986,1.3,0.160064,0
34.988,1.3,0.158855,0
34.99,1.3,0.159258,0
34.992,1.3,0.159359,0
34.994,1.3,0.159863,0
34.996,1.3,0.15956,0
34.998,1.3,0.159762,0
35,1.4,0.160064,0
35.002,1.4,0.175073,0
35.004,1.4,0.175778,0
35.006,1.4,0.176181,0
35.008,1.4,0.176181,0
35.01,1.4,0.176484,0
35.012,1.4,0.175879,0
35.014,1.4,0.175476,0
35.016,1.4,0.175577,0
35.018,1.4,0.176584,0
35.02,1.4,0.175879,0
35.022,1.4,0.176081,0
35.024,1.4,0.175778,0
35.026,1.4,0.176181,0
35.028,1.4,0.17598,0
35.03,1.4,0.176484,0
35.032,1.4,0.176383,0
35.034,1.4,0.175778,0
35.036,1.4,0.176282,0
35.038,1.4,0.175275,0
35.04,1.4,0.175879,0
35.042,1.4,0.176484,0
35.044,1.4,0.175577,0
35.046,1.4,0.17598,0
35.048,1.4,0.175275,0
35.05,1.4,0.176181,0
35.052,1.4,0.175174,0
35.054,1.4,0.17598,0
35.056,1.4,0.175577,0
35.058,1.4,0.175375,0
35.06,1.4,0.175778,0
35.062,1.4,0.175073,0
35.064,1.4,0.176282,0
35.066,1.4,0.17598,0
35.068,1.4,0.175778,0
35.07,1.4,0.176081,0
35.072,1.4,0.175577,0
35.074,1.4,0.175174,0
35.076,1.4,0.174771,0
35.078,1.4,0.175678,0
35.08,1.4,0.175375,0
35.082,1.4,0.175577,0
35.084,1.4,0.175678,0
35.086,1.4,0.174973,0
35.088,1.4,0.176081,0
35.09,1.4,0.175073,0
35.092,1.4,0.175476,0
35.094,1.4,0.175476,0
35.096,1.4,0.175073,0
35.098,1.4,0.175577,0
35.1,1.4,0.176181,0
35.102,1.4,0.175778,0
35.104,1.4,0.175375,0
35.106,1.4,0.175879,0
35.108,1.4,0.17598,0
35.11,1.4,0.175275,0
35.112,1.4,0.175275,0
35.114,1.4,0.176383,0
35.116,1.4,0.176383,0
35.118,1.4,0.176282,0
35.12,1.4,0.176685,0
35.122,1.4,0.176181,0
35.124,1.4,0.175879,0
35.126,1.4,0.176081,0
35.128,1.4,0.175476,0
35.13,1.4,0.176081,0
35.132,1.4,0.175174,0
35.134,1.4,0.175778,0
35.136,1.4,0.176081,0
35.138,1.4,0.17598,0
35.14,1.4,0.175577,0
35.142,1.4,0.17598,0
35.144,1.4,0.175778,0
35.146,1.4,0.175778,0
35.148,1.4,0.176584,0
35.15,1.4,0.17598,0
35.152,1.4,0.175476,0
35.154,1.4,0.175073,0
35.156,1.4,0.175678,0
35.158,1.4,0.174469,0
35.16,1.4,0.17598,0
35.162,1.4,0.175375,0
35.164,1.4,0.176584,0
35.166,1.4,0.176081,0
35.168,1.4,0.176383,0
35.17,1.4,0.176886,0
35.172,1.4,0.176584,0
35.174,1.4,0.175275,0
35.176,1.4,0.17598,0
35.178,1.4,0.175678,0
35.18,1.4,0.175275,0
35.182,1.4,0.175275,0
35.184,1.4,0.175778,0
35.186,1.4,0.175577,0
35.188,1.4,0.176383,0
35.19,1.4,0.174872,0
35.192,1.4,0.17598,0
35.194,1.4,0.175678,0
35.196,1.4,0.176786,0
35.198,1.4,0.175073,0
35.2,1.4,0.175879,0
35.202,1.4,0.175174,0
35.204,1.4,0.174872,0
35.206,1.4,0.176081,0
35.208,1.4,0.174872,0
35.21,1.4,0.176181,0
35.212,1.4,0.174973,0
35.214,1.4,0.174771,0
35.216,1.4,0.175577,0
35.218,1.4,0.175879,0
35.22,1.4,0.175275,0
35.222,1.4,0.176484,0
35.224,1.4,0.176282,0
35.226,1.4,0.176181,0
35.228,1.4,0.176685,0
35.23,1.4,0.176181,0
35.232,1.4,0.175879,0
35.234,1.4,0.175476,0
35.236,1.4,0.175476,0
35.238,1.4,0.175577,0
35.24,1.4,0.175375,0
35.242,1.4,0.176383,0
35.244,1.4,0.176584,0
35.246,1.4,0.175678,0
35.248,1.4,0.17598,0
35.25,1.4,0.176181,0
35.252,1.4,0.176383,0
35.254,1.4,0.176282,0
35.256,1.4,0.175778,0
35.258,1.4,0.175275,0
35.26,1.4,0.176181,0
35.262,1.4,0.175476,0
35.264,1.4,0.174973,0
35.266,1.4,0.175375,0
35.268,1.4,0.174973,0
35.27,1.4,0.175476,0
35.272,1.4,0.176181,0
35.274,1.4,0.17598,0
35.276,1.4,0.175476,0
35.278,1.4,0.175678,0
35.28,1.4,0.175879,0
35.282,1.4,0.176181,0
35.284,1.4,0.175375,0
35.286,1.4,0.176081,0
35.288,1.4,0.176181,0
35.29,1.4,0.175678,0
35.292,1.4,0.175375,0
35.294,1.4,0.175577,0
35.296,1.4,0.176081,0
35.298,1.4,0.175476,0
35.3,1.4,0.175879,0
35.302,1.4,0.175476,0
35.304,1.4,0.17598,0
35.306,1.4,0.176081,0
35.308,1.4,0.17598,0
35.31,1.4,0.175678,0
35.312,1.4,0.175476,0
35.314,1.4,0.175577,0
35.316,1.4,0.175375,0
35.318,1.4,0.175375,0
35.32,1.4,0.175879,0
35.322,1.4,0.175778,0
35.324,1.4,0.175678,0
35.326,1.4,0.175577,0
35.328,1.4,0.176081,0
35.33,1.4,0.175476,0
35.332,1.4,0.175577,0
35.334,1.4,0.176181,0
35.336,1.4,0.175476,0
35.338,1.4,0.176987,0
35.34,1.4,0.176181,0
35.342,1.4,0.175577,0
35.344,1.4,0.175678,0
35.346,1.4,0.175073,0
35.348,1.4,0.175577,0
35.35,1.4,0.174872,0
35.352,1.4,0.175678,0
35.354,1.4,0.175678,0
35.356,1.4,0.175174,0
35.358,1.4,0.175778,0
35.36,1.4,0.175476,0
35.362,1.4,0.175879,0
35.364,1.4,0.176383,0
35.366,1.4,0.176786,0
35.368,1.4,0.175778,0
35.37,1.4,0.176383,0
35.372,1.4,0.175879,0
35.374,1.4,0.176181,0
35.376,1.4,0.175879,0
35.378,1.4,0.175577,0
35.38,1.4,0.175476,0
35.382,1.4,0.17598,0
35.384,1.4,0.175577,0
35.386,1.4,0.176484,0
35.388,1.4,0.175778,0
35.39,1.4,0.175678,0
35.392,1.4,0.17598,0
35.394,1.4,0.176081,0
35.396,1.4,0.17598,0
35.398,1.4,0.175678,0
35.4,1.4,0.175778,0
35.402,1.4,0.175577,0
35.404,1.4,0.175375,0
35.406,1.4,0.17467,0
35.408,1.4,0.17467,0
35.41,1.4,0.174973,0
35.412,1.4,0.175577,0
35.414,1.4,0.175174,0
35.416,1.4,0.175577,0
35.418,1.4,0.175879,0
35.42,1.4,0.176484,0
35.422,1.4,0.17598,0
35.424,1.4,0.17598,0
35.426,1.4,0.17598,0
35.428,1.4,0.176584,0
35.43,1.4,0.176282,0
35.432,1.4,0.174973,0
35.434,1.4,0.175678,0
35.436,1.4,0.175174,0
35.438,1.4,0.175577,0
35.44,1.4,0.175678,0
35.442,1.4,0.17598,0
35.444,1.4,0.176181,0
35.446,1.4,0.175879,0
35.448,1.4,0.175879,0
35.45,1.4,0.175678,0
35.452,1.4,0.175375,0
35.454,1.4,0.176081,0
35.456,1.4,0.17598,0
35.458,1.4,0.174973,0
35.46,1.4,0.175879,0
35.462,1.4,0.174973,0
35.464,1.4,0.174872,0
35.466,1.4,0.175375,0
35.468,1.4,0.174872,0
35.47,1.4,0.175678,0
35.472,1.4,0.175073,0
35.474,1.4,0.17598,0
35.476,1.4,0.17598,0
35.478,1.4,0.175375,0
35.48,1.4,0.175275,0
35.482,1.4,0.176081,0
35.484,1.4,0.175476,0
35.486,1.4,0.175174,0
35.488,1.4,0.17598,0
35.49,1.4,0.175778,0
35.492,1.4,0.175174,0
35.494,1.4,0.175375,0
35.496,1.4,0.174973,0
35.498,1.4,0.175476,0
35.5,1.4,0.175174,0
35.502,1.4,0.175174,0
35.504,1.4,0.175577,0
35.506,1.4,0.176181,0
35.508,1.4,0.176484,0
35.51,1.4,0.17598,0
35.512,1.4,0.175375,0
35.514,1.4,0.175073,0
35.516,1.4,0.17598,0
35.518,1.4,0.175778,0
35.52,1.4,0.176282,0
35.522,1.4,0.175879,0
35.524,1.4,0.175375,0
35.526,1.4,0.175577,0
35.528,1.4,0.176081,0
35.53,1.4,0.175778,0
35.532,1.4,0.175778,0
35.534,1.4,0.175174,0
35.536,1.4,0.175174,0
35.538,1.4,0.176181,0
35.54,1.4,0.175375,0
35.542,1.4,0.175577,0
35.544,1.4,0.175577,0
35.546,1.4,0.175174,0
35.548,1.4,0.174973,0
35.55,1.4,0.175275,0
35.552,1.4,0.175778,0
35.554,1.4,0.175577,0
35.556,1.4,0.176181,0
35.558,1.4,0.175678,0
35.56,1.4,0.175778,0
35.562,1.4,0.176081,0
35.564,1.4,0.175275,0
35.566,1.4,0.176484,0
35.568,1.4,0.176484,0
35.57,1.4,0.175073,0
35.572,1.4,0.175577,0
35.574,1.4,0.17598,0
35.576,1.4,0.175275,0
35.578,1.4,0.176081,0
35.58,1.4,0.175275,0
35.582,1.4,0.175678,0
35.584,1.4,0.175073,0
35.586,1.4,0.175678,0
35.588,1.4,0.176786,0
35.59,1.4,0.176181,0
35.592,1.4,0.176081,0
35.594,1.4,0.17598,0
35.596,1.4,0.175678,0
35.598,1.4,0.175879,0
35.6,1.4,0.176584,0
35.602,1.4,0.176383,0
35.604,1.4,0.175577,0
35.606,1.4,0.175778,0
35.608,1.4,0.175577,0
35.61,1.4,0.175476,0
35.612,1.4,0.176484,0
35.614,1.4,0.176584,0
35.616,1.4,0.176484,0
35.618,1.4,0.176181,0
35.62,1.4,0.17598,0
35.622,1.4,0.175678,0
35.624,1.4,0.175778,0
35.626,1.4,0.17598,0
35.628,1.4,0.175778,0
35.63,1.4,0.17598,0
35.632,1.4,0.176181,0
35.634,1.4,0.175375,0
35.636,1.4,0.174973,0
35.638,1.4,0.175375,0
35.64,1.4,0.175577,0
35.642,1.4,0.175476,0
35.644,1.4,0.174973,0
35.646,1.4,0.176282,0
35.648,1.4,0.176081,0
35.65,1.4,0.175275,0
35.652,1.4,0.175375,0
35.654,1.4,0.175778,0
35.656,1.4,0.17598,0
35.658,1.4,0.174771,0
35.66,1.4,0.175174,0
35.662,1.4,0.176886,0
35.664,1.4,0.175678,0
35.666,1.4,0.175476,0
35.668,1.4,0.176282,0
35.67,1.4,0.175879,0
35.672,1.4,0.175375,0
35.674,1.4,0.175375,0
35.676,1.4,0.175476,0
35.678,1.4,0.17598,0
35.68,1.4,0.175275,0
35.682,1.4,0.175778,0
35.684,1.4,0.175375,0
35.686,1.4,0.175678,0
35.688,1.4,0.174872,0
35.69,1.4,0.175678,0
35.692,1.4,0.175577,0
35.694,1.4,0.175073,0
35.696,1.4,0.175476,0
35.698,1.4,0.175375,0
35.7,1.4,0.175577,0
35.702,1.4,0.17598,0
35.704,1.4,0.175678,0
35.706,1.4,0.175174,0
35.708,1.4,0.175678,0
35.71,1.4,0.17598,0
35.712,1.4,0.175678,0
35.714,1.4,0.175577,0
35.716,1.4,0.175879,0
35.718,1.4,0.175678,0
35.72,1.4,0.175678,0
35.722,1.4,0.175678,0
35.724,1.4,0.175678,0
35.726,1.4,0.175375,0
35.728,1.4,0.175476,0
35.73,1.4,0.176484,0
35.732,1.4,0.175879,0
35.734,1.4,0.175476,0
35.736,1.4,0.175678,0
35.738,1.4,0.175678,0
35.74,1.4,0.174771,0
35.742,1.4,0.175275,0
35.744,1.4,0.175476,0
35.746,1.4,0.174973,0
35.748,1.4,0.175778,0
35.75,1.4,0.17457,0
35.752,1.4,0.175375,0
35.754,1.4,0.176282,0
35.756,1.4,0.175073,0
35.758,1.4,0.176786,0
35.76,1.4,0.176484,0
35.762,1.4,0.175879,0
35.764,1.4,0.176383,0
35.766,1.4,0.176081,0
35.768,1.4,0.176282,0
35.77,1.4,0.176181,0
35.772,1.4,0.175174,0
35.774,1.4,0.17598,0
35.776,1.4,0.175476,0
35.778,1.4,0.174872,0
35.78,1.4,0.174973,0
35.782,1.4,0.17598,0
35.784,1.4,0.176383,0
35.786,1.4,0.175678,0
35.788,1.4,0.175879,0
35.79,1.4,0.17598,0
35.792,1.4,0.175879,0
35.794,1.4,0.175375,0
35.796,1.4,0.175678,0
35.798,1.4,0.174973,0
35.8,1.4,0.175476,0
35.802,1.4,0.176484,0
35.804,1.4,0.175275,0
35.806,1.4,0.175577,0
35.808,1.4,0.175476,0
35.81,1.4,0.175678,0
35.812,1.4,0.175174,0
35.814,1.4,0.176282,0
35.816,1.4,0.176786,0
35.818,1.4,0.176282,0
35.82,1.4,0.176181,0
35.822,1.4,0.175476,0
35.824,1.4,0.176081,0
35.826,1.4,0.175577,0
35.828,1.4,0.175073,0
35.83,1.4,0.175577,0
35.832,1.4,0.175275,0
35.834,1.4,0.175778,0
35.836,1.4,0.175375,0
35.838,1.4,0.175879,0
35.84,1.4,0.176383,0
35.842,1.4,0.176383,0
35.844,1.4,0.176685,0
35.846,1.4,0.176383,0
35.848,1.4,0.175778,0
35.85,1.4,0.175375,0
35.852,1.4,0.175375,0
35.854,1.4,0.174973,0
35.856,1.4,0.175174,0
35.858,1.4,0.175577,0
35.86,1.4,0.175577,0
35.862,1.4,0.176584,0
35.864,1.4,0.175577,0
35.866,1.4,0.17598,0
35.868,1.4,0.176484,0
35.87,1.4,0.176081,0
35.872,1.4,0.176282,0
35.874,1.4,0.175476,0
35.876,1.4,0.176181,0
35.878,1.4,0.176383,0
35.88,1.4,0.175476,0
35.882,1.4,0.175476,0
35.884,1.4,0.17598,0
35.886,1.4,0.175778,0
35.888,1.4,0.175678,0
35.89,1.4,0.175275,0
35.892,1.4,0.175073,0
35.894,1.4,0.175678,0
35.896,1.4,0.175778,0
35.898,1.4,0.176081,0
35.9,1.4,0.175879,0
35.902,1.4,0.175275,0
35.904,1.4,0.176081,0
35.906,1.4,0.175778,0
35.908,1.4,0.175879,0
35.91,1.4,0.175778,0
35.912,1.4,0.175778,0
35.914,1.4,0.176383,0
35.916,1.4,0.175778,0
35.918,1.4,0.175678,0
35.92,1.4,0.175174,0
35.922,1.4,0.174872,0
35.924,1.4,0.176282,0
35.926,1.4,0.17598,0
35.928,1.4,0.17598,0
35.93,1.4,0.175577,0
35.932,1.4,0.174973,0
35.934,1.4,0.175577,0
35.936,1.4,0.176282,0
35.938,1.4,0.175476,0
35.94,1.4,0.175275,0
35.942,1.4,0.175476,0
35.944,1.4,0.175476,0
35.946,1.4,0.175476,0
35.948,1.4,0.175476,0
35.95,1.4,0.175879,0
35.952,1.4,0.176383,0
35.954,1.4,0.176484,0
35.956,1.4,0.177088,0
35.958,1.4,0.175678,0
35.96,1.4,0.17598,0
35.962,1.4,0.175678,0
35.964,1.4,0.175577,0
35.966,1.4,0.175275,0
35.968,1.4,0.175275,0
35.97,1.4,0.175174,0
35.972,1.4,0.17467,0
35.974,1.4,0.174469,0
35.976,1.4,0.175375,0
35.978,1.4,0.175577,0
35.98,1.4,0.175678,0
35.982,1.4,0.175778,0
35.984,1.4,0.175678,0
35.986,1.4,0.175275,0
35.988,1.4,0.175375,0
35.99,1.4,0.175577,0
35.992,1.4,0.175476,0
35.994,1.4,0.175678,0
35.996,1.4,0.175879,0
35.998,1.4,0.175375,0
36,1.5,0.175577,0
36.002,1.5,0.190284,0
36.004,1.5,0.190586,0
36.006,1.5,0.190284,0
36.008,1.5,0.190586,0
36.01,1.5,0.190586,0
36.012,1.5,0.190284,0
36.014,1.5,0.191392,0
36.016,1.5,0.190788,0
36.018,1.5,0.190385,0
36.02,1.5,0.190989,0
36.022,1.5,0.190385,0
36.024,1.5,0.190586,0
36.026,1.5,0.191392,0
36.028,1.5,0.190485,0
36.03,1.5,0.190788,0
36.032,1.5,0.190687,0
36.034,1.5,0.190989,0
36.036,1.5,0.190586,0
36.038,1.5,0.190687,0
36.04,1.5,0.189881,0
36.042,1.5,0.189982,0
36.044,1.5,0.190183,0
36.046,1.5,0.190183,0
36.048,1.5,0.19109,0
36.05,1.5,0.190586,0
36.052,1.5,0.190687,0
36.054,1.5,0.190082,0
36.056,1.5,0.189982,0
36.058,1.5,0.190989,0
36.06,1.5,0.190284,0
36.062,1.5,0.190485,0
36.064,1.5,0.190082,0
36.066,1.5,0.189679,0
36.068,1.5,0.189377,0
36.07,1.5,0.190082,0
36.072,1.5,0.189881,0
36.074,1.5,0.190284,0
36.076,1.5,0.190385,0
36.078,1.5,0.190687,0
36.08,1.5,0.19119,0
36.082,1.5,0.190284,0
36.084,1.5,0.190485,0
36.086,1.5,0.189982,0
36.088,1.5,0.190687,0
36.09,1.5,0.190788,0
36.092,1.5,0.190485,0
36.094,1.5,0.19109,0
36.096,1.5,0.190284,0
36.098,1.5,0.190284,0
36.1,1.5,0.190385,0
36.102,1.5,0.189881,0
36.104,1.5,0.190485,0
36.106,1.5,0.189881,0
36.108,1.5,0.189579,0
36.11,1.5,0.190385,0
36.112,1.5,0.190687,0
36.114,1.5,0.190385,0
36.116,1.5,0.190385,0
36.118,1.5,0.189982,0
36.12,1.5,0.191593,0
36.122,1.5,0.19119,0
36.124,1.5,0.190989,0
36.126,1.5,0.190284,0
36.128,1.5,0.189982,0
36.13,1.5,0.190788,0
36.132,1.5,0.190284,0
36.134,1.5,0.189982,0
36.136,1.5,0.189277,0
36.138,1.5,0.190687,0
36.14,1.5,0.190082,0
36.142,1.5,0.19109,0
36.144,1.5,0.190485,0
36.146,1.5,0.190687,0
36.148,1.5,0.190788,0
36.15,1.5,0.190284,0
36.152,1.5,0.190485,0
36.154,1.5,0.190385,0
36.156,1.5,0.190788,0
36.158,1.5,0.190788,0
36.16,1.5,0.190888,0
36.162,1.5,0.190385,0
36.164,1.5,0.19109,0
36.166,1.5,0.190183,0
36.168,1.5,0.19119,0
36.17,1.5,0.190989,0
36.172,1.5,0.19119,0
36.174,1.5,0.190485,0
36.176,1.5,0.190888,0
36.178,1.5,0.190485,0
36.18,1.5,0.190183,0
36.182,1.5,0.190183,0
36.184,1.5,0.19109,0
36.186,1.5,0.191392,0
36.188,1.5,0.190989,0
36.19,1.5,0.190284,0
36.192,1.5,0.189982,0
36.194,1.5,0.190385,0
36.196,1.5,0.190586,0
36.198,1.5,0.190485,0
36.2,1.5,0.18978,0
36.202,1.5,0.190183,0
36.204,1.5,0.190284,0
36.206,1.5,0.190586,0
36.208,1.5,0.190687,0
36.21,1.5,0.190183,0
36.212,1.5,0.190586,0
36.214,1.5,0.190888,0
36.216,1.5,0.190082,0
36.218,1.5,0.190284,0
36.22,1.5,0.189881,0
36.222,1.5,0.190284,0
36.224,1.5,0.190586,0
36.226,1.5,0.189982,0
36.228,1.5,0.190788,0
36.23,1.5,0.189982,0
36.232,1.5,0.190183,0
36.234,1.5,0.19109,0
36.236,1.5,0.189679,0
36.238,1.5,0.189982,0
36.24,1.5,0.190284,0
36.242,1.5,0.190687,0
36.244,1.5,0.190082,0
36.246,1.5,0.189881,0
36.248,1.5,0.190687,0
36.25,1.5,0.18978,0
36.252,1.5,0.189579,0
36.254,1.5,0.189982,0
36.256,1.5,0.189881,0
36.258,1.5,0.190284,0
36.26,1.5,0.190284,0
36.262,1.5,0.189478,0
36.264,1.5,0.190586,0
36.266,1.5,0.189679,0
36.268,1.5,0.190284,0
36.27,1.5,0.189881,0
36.272,1.5,0.190485,0
36.274,1.5,0.190888,0
36.276,1.5,0.189579,0
36.278,1.5,0.190284,0
36.28,1.5,0.190183,0
36.282,1.5,0.190788,0
36.284,1.5,0.190586,0
36.286,1.5,0.190284,0
36.288,1.5,0.190183,0
36.29,1.5,0.190385,0
36.292,1.5,0.18978,0
36.294,1.5,0.189679,0
36.296,1.5,0.189881,0
36.298,1.5,0.18978,0
36.3,1.5,0.190385,0
36.302,1.5,0.189579,0
36.304,1.5,0.189982,0
36.306,1.5,0.190284,0
36.308,1.5,0.190082,0
36.31,1.5,0.190284,0
36.312,1.5,0.190284,0
36.314,1.5,0.190888,0
36.316,1.5,0.190183,0
36.318,1.5,0.189579,0
36.32,1.5,0.190284,0
36.322,1.5,0.189377,0
36.324,1.5,0.190485,0
36.326,1.5,0.190586,0
36.328,1.5,0.190284,0
36.33,1.5,0.19109,0
36.332,1.5,0.190385,0
36.334,1.5,0.18978,0
36.336,1.5,0.189982,0
36.338,1.5,0.190385,0
36.34,1.5,0.190183,0
36.342,1.5,0.190284,0
36.344,1.5,0.189679,0
36.346,1.5,0.190284,0
36.348,1.5,0.190284,0
36.35,1.5,0.190082,0
36.352,1.5,0.190183,0
36.354,1.5,0.190888,0
36.356,1.5,0.190284,0
36.358,1.5,0.189982,0
36.36,1.5,0.190385,0
36.362,1.5,0.189982,0
36.364,1.5,0.189679,0
36.366,1.5,0.190788,0
36.368,1.5,0.190485,0
36.37,1.5,0.190586,0
36.372,1.5,0.190485,0
36.374,1.5,0.190485,0
36.376,1.5,0.189176,0
36.378,1.5,0.190788,0
36.38,1.5,0.190788,0
36.382,1.5,0.190284,0
36.384,1.5,0.189982,0
36.386,1.5,0.189982,0
36.388,1.5,0.189579,0
36.39,1.5,0.190385,0
36.392,1.5,0.190485,0
36.394,1.5,0.190586,0
36.396,1.5,0.190788,0
36.398,1.5,0.190788,0
36.4,1.5,0.19109,0
36.402,1.5,0.190586,0
36.404,1.5,0.190788,0
36.406,1.5,0.190485,0
36.408,1.5,0.190385,0
36.41,1.5,0.190183,0
36.412,1.5,0.189478,0
36.414,1.5,0.189982,0
36.416,1.5,0.190485,0
36.418,1.5,0.189982,0
36.42,1.5,0.190485,0
36.422,1.5,0.190788,0
36.424,1.5,0.190485,0
36.426,1.5,0.190485,0
36.428,1.5,0.190788,0
36.43,1.5,0.189277,0
36.432,1.5,0.190284,0
36.434,1.5,0.189982,0
36.436,1.5,0.189881,0
36.438,1.5,0.190788,0
36.44,1.5,0.190788,0
36.442,1.5,0.190284,0
36.444,1.5,0.190385,0
36.446,1.5,0.189982,0
36.448,1.5,0.189377,0
36.45,1.5,0.190687,0
36.452,1.5,0.189982,0
36.454,1.5,0.190284,0
36.456,1.5,0.190385,0
36.458,1.5,0.190385,0
36.46,1.5,0.190888,0
36.462,1.5,0.190385,0
36.464,1.5,0.190687,0
36.466,1.5,0.190284,0
36.468,1.5,0.190989,0
36.47,1.5,0.19109,0
36.472,1.5,0.190082,0
36.474,1.5,0.190989,0
36.476,1.5,0.190586,0
36.478,1.5,0.190082,0
36.48,1.5,0.191493,0
36.482,1.5,0.190989,0
36.484,1.5,0.190888,0
36.486,1.5,0.190687,0
36.488,1.5,0.190183,0
36.49,1.5,0.190989,0
36.492,1.5,0.189881,0
36.494,1.5,0.190888,0
36.496,1.5,0.190788,0
36.498,1.5,0.189982,0
36.5,1.5,0.189881,0
36.502,1.5,0.190888,0
36.504,1.5,0.190989,0
36.506,1.5,0.190586,0
36.508,1.5,0.190687,0
36.51,1.5,0.190989,0
36.512,1.5,0.190888,0
36.514,1.5,0.189982,0
36.516,1.5,0.190183,0
36.518,1.5,0.190385,0
36.52,1.5,0.190082,0
36.522,1.5,0.18978,0
36.524,1.5,0.190082,0
36.526,1.5,0.189982,0
36.528,1.5,0.18978,0
36.53,1.5,0.190888,0
36.532,1.5,0.190586,0
36.534,1.5,0.190284,0
36.536,1.5,0.190888,0
36.538,1.5,0.190586,0
36.54,1.5,0.189881,0
36.542,1.5,0.190485,0
36.544,1.5,0.18978,0
36.546,1.5,0.190485,0
36.548,1.5,0.18978,0
36.55,1.5,0.189277,0
36.552,1.5,0.191392,0
36.554,1.5,0.190284,0
36.556,1.5,0.190082,0
36.558,1.5,0.190284,0
36.56,1.5,0.190788,0
36.562,1.5,0.189881,0
36.564,1.5,0.189679,0
36.566,1.5,0.18978,0
36.568,1.5,0.189982,0
36.57,1.5,0.189277,0
36.572,1.5,0.190586,0
36.574,1.5,0.190284,0
36.576,1.5,0.190385,0
36.578,1.5,0.189982,0
36.58,1.5,0.190485,0
36.582,1.5,0.190385,0
36.584,1.5,0.189679,0
36.586,1.5,0.190687,0
36.588,1.5,0.190485,0
36.59,1.5,0.190183,0
36.592,1.5,0.190788,0
36.594,1.5,0.190586,0
36.596,1.5,0.190687,0
36.598,1.5,0.190989,0
36.6,1.5,0.190284,0
36.602,1.5,0.19109,0
36.604,1.5,0.190485,0
36.606,1.5,0.190687,0
36.608,1.5,0.190586,0
36.61,1.5,0.190586,0
36.612,1.5,0.190586,0
36.614,1.5,0.190586,0
36.616,1.5,0.190385,0
36.618,1.5,0.190586,0
36.62,1.5,0.190385,0
36.622,1.5,0.190788,0
36.624,1.5,0.19109,0
36.626,1.5,0.189982,0
36.628,1.5,0.190183,0
36.63,1.5,0.190687,0
36.632,1.5,0.189679,0
36.634,1.5,0.190082,0
36.636,1.5,0.190183,0
36.638,1.5,0.190385,0
36.64,1.5,0.190082,0
36.642,1.5,0.190284,0
36.644,1.5,0.190989,0
36.646,1.5,0.190385,0
36.648,1.5,0.189982,0
36.65,1.5,0.189176,0
36.652,1.5,0.189881,0
36.654,1.5,0.189982,0
36.656,1.5,0.189982,0
36.658,1.5,0.190788,0
36.66,1.5,0.190385,0
36.662,1.5,0.189277,0
36.664,1.5,0.190586,0
36.666,1.5,0.190586,0
36.668,1.5,0.190284,0
36.67,1.5,0.190485,0
36.672,1.5,0.190082,0
36.674,1.5,0.189982,0
36.676,1.5,0.190082,0
36.678,1.5,0.190082,0
36.68,1.5,0.190586,0
36.682,1.5,0.189679,0
36.684,1.5,0.189881,0
36.686,1.5,0.19109,0
36.688,1.5,0.191694,0
36.69,1.5,0.190788,0
36.692,1.5,0.190082,0
36.694,1.5,0.190687,0
36.696,1.5,0.190485,0
36.698,1.5,0.190284,0
36.7,1.5,0.190082,0
36.702,1.5,0.190687,0
36.704,1.5,0.190888,0
36.706,1.5,0.191291,0
36.708,1.5,0.190485,0
36.71,1.5,0.190385,0
36.712,1.5,0.190989,0
36.714,1.5,0.189679,0
36.716,1.5,0.190183,0
36.718,1.5,0.190888,0
36.72,1.5,0.190989,0
36.722,1.5,0.190183,0
36.724,1.5,0.18978,0
36.726,1.5,0.190183,0
36.728,1.5,0.190284,0
36.73,1.5,0.190485,0
36.732,1.5,0.190586,0
36.734,1.5,0.19109,0
36.736,1.5,0.190385,0
36.738,1.5,0.190385,0
36.74,1.5,0.190788,0
36.742,1.5,0.190082,0
36.744,1.5,0.18978,0
36.746,1.5,0.190082,0
36.748,1.5,0.189881,0
36.75,1.5,0.189982,0
36.752,1.5,0.189679,0
36.754,1.5,0.190385,0
36.756,1.5,0.190385,0
36.758,1.5,0.189881,0
36.76,1.5,0.18978,0
36.762,1.5,0.190284,0
36.764,1.5,0.190183,0
36.766,1.5,0.189679,0
36.768,1.5,0.190687,0
36.77,1.5,0.189881,0
36.772,1.5,0.190788,0
36.774,1.5,0.190183,0
36.776,1.5,0.19109,0
36.778,1.5,0.190586,0
36.78,1.5,0.19109,0
36.782,1.5,0.19109,0
36.784,1.5,0.190183,0
36.786,1.5,0.190284,0
36.788,1.5,0.190385,0
36.79,1.5,0.190082,0
36.792,1.5,0.190082,0
36.794,1.5,0.189982,0
36.796,1.5,0.190888,0
36.798,1.5,0.190586,0
36.8,1.5,0.190284,0
36.802,1.5,0.190284,0
36.804,1.5,0.190687,0
36.806,1.5,0.190385,0
36.808,1.5,0.189579,0
36.81,1.5,0.18978,0
36.812,1.5,0.190888,0
36.814,1.5,0.189679,0
36.816,1.5,0.18978,0
36.818,1.5,0.190385,0
36.82,1.5,0.190082,0
36.822,1.5,0.190485,0
36.824,1.5,0.191291,0
36.826,1.5,0.18978,0
36.828,1.5,0.190385,0
36.83,1.5,0.190989,0
36.832,1.5,0.190888,0
36.834,1.5,0.190284,0
36.836,1.5,0.190586,0
36.838,1.5,0.189478,0
36.84,1.5,0.189982,0
36.842,1.5,0.190888,0
36.844,1.5,0.190183,0
36.846,1.5,0.190485,0
36.848,1.5,0.190788,0
36.85,1.5,0.190183,0
36.852,1.5,0.190385,0
36.854,1.5,0.190284,0
36.856,1.5,0.190284,0
36.858,1.5,0.189377,0
36.86,1.5,0.190082,0
36.862,1.5,0.190183,0
36.864,1.5,0.189679,0
36.866,1.5,0.19119,0
36.868,1.5,0.190385,0
36.87,1.5,0.190687,0
36.872,1.5,0.190385,0
36.874,1.5,0.190586,0
36.876,1.5,0.189579,0
36.878,1.5,0.190485,0
36.88,1.5,0.189881,0
36.882,1.5,0.190687,0
36.884,1.5,0.189377,0
36.886,1.5,0.19119,0
36.888,1.5,0.190586,0
36.89,1.5,0.190284,0
36.892,1.5,0.190385,0
36.894,1.5,0.190183,0
36.896,1.5,0.190485,0
36.898,1.5,0.189982,0
36.9,1.5,0.190485,0
36.902,1.5,0.191493,0
36.904,1.5,0.190385,0
36.906,1.5,0.189881,0
36.908,1.5,0.189881,0
36.91,1.5,0.190385,0
36.912,1.5,0.190183,0
36.914,1.5,0.190888,0
36.916,1.5,0.189881,0
36.918,1.5,0.190082,0
36.92,1.5,0.190485,0
36.922,1.5,0.189478,0
36.924,1.5,0.189579,0
36.926,1.5,0.189881,0
36.928,1.5,0.189881,0
36.93,1.5,0.190082,0
36.932,1.5,0.190586,0
36.934,1.5,0.189579,0
36.936,1.5,0.190989,0
36.938,1.5,0.190082,0
36.94,1.5,0.189478,0
36.942,1.5,0.189679,0
36.944,1.5,0.190082,0
36.946,1.5,0.190385,0
36.948,1.5,0.190082,0
36.95,1.5,0.190586,0
36.952,1.5,0.189881,0
36.954,1.5,0.190183,0
36.956,1.5,0.189679,0
36.958,1.5,0.190082,0
36.96,1.5,0.191291,0
36.962,1.5,0.190183,0
36.964,1.5,0.190989,0
36.966,1.5,0.190082,0
36.968,1.5,0.189881,0
36.97,1.5,0.189982,0
36.972,1.5,0.18978,0
36.974,1.5,0.190385,0
36.976,1.5,0.189277,0
36.978,1.5,0.190888,0
36.98,1.5,0.190183,0
36.982,1.5,0.190284,0
36.984,1.5,0.190888,0
36.986,1.5,0.189982,0
36.988,1.5,0.190788,0
36.99,1.5,0.190586,0
36.992,1.5,0.190385,0
36.994,1.5,0.189075,0
36.996,1.5,0.189679,0
36.998,1.5,0.18978,0
37,1.6,0.190586,0
37.002,1.6,0.205998,0
37.004,1.6,0.2062,0
37.006,1.6,0.2062,0
37.008,1.6,0.205897,0
37.01,1.6,0.206603,0
37.012,1.6,0.206502,0
37.014,1.6,0.206804,0
37.016,1.6,0.205797,0
37.018,1.6,0.206502,0
37.02,1.6,0.206603,0
37.022,1.6,0.2063,0
37.024,1.6,0.206401,0
37.026,1.6,0.206502,0
37.028,1.6,0.207106,0
37.03,1.6,0.2063,0
37.032,1.6,0.205394,0
37.034,1.6,0.205897,0
37.036,1.6,0.206804,0
37.038,1.6,0.206502,0
37.04,1.6,0.2063,0
37.042,1.6,0.205797,0
37.044,1.6,0.2062,0
37.046,1.6,0.2062,0
37.048,1.6,0.206099,0
37.05,1.6,0.205998,0
37.052,1.6,0.205495,0
37.054,1.6,0.2062,0
37.056,1.6,0.206502,0
37.058,1.6,0.2063,0
37.06,1.6,0.205595,0
37.062,1.6,0.206099,0
37.064,1.6,0.205797,0
37.066,1.6,0.2063,0
37.068,1.6,0.206703,0
37.07,1.6,0.205797,0
37.072,1.6,0.206603,0
37.074,1.6,0.205595,0
37.076,1.6,0.206703,0
37.078,1.6,0.2062,0
37.08,1.6,0.206804,0
37.082,1.6,0.207106,0
37.084,1.6,0.206703,0
37.086,1.6,0.206099,0
37.088,1.6,0.205595,0
37.09,1.6,0.2062,0
37.092,1.6,0.205495,0
37.094,1.6,0.206401,0
37.096,1.6,0.206099,0
37.098,1.6,0.205495,0
37.1,1.6,0.2062,0
37.102,1.6,0.205696,0
37.104,1.6,0.205998,0
37.106,1.6,0.205696,0
37.108,1.6,0.205293,0
37.11,1.6,0.205595,0
37.112,1.6,0.205595,0
37.114,1.6,0.204991,0
37.116,1.6,0.2063,0
37.118,1.6,0.2062,0
37.12,1.6,0.206502,0
37.122,1.6,0.205797,0
37.124,1.6,0.205696,0
37.126,1.6,0.205696,0
37.128,1.6,0.20489,0
37.13,1.6,0.205797,0
37.132,1.6,0.205797,0
37.134,1.6,0.206502,0
37.136,1.6,0.206099,0
37.138,1.6,0.207106,0
37.14,1.6,0.206099,0
37.142,1.6,0.206401,0
37.144,1.6,0.205998,0
37.146,1.6,0.205897,0
37.148,1.6,0.206401,0
37.15,1.6,0.205897,0
37.152,1.6,0.206099,0
37.154,1.6,0.207106,0
37.156,1.6,0.206502,0
37.158,1.6,0.205595,0
37.16,1.6,0.2063,0
37.162,1.6,0.205897,0
37.164,1.6,0.205394,0
37.166,1.6,0.205495,0
37.168,1.6,0.205998,0
37.17,1.6,0.205998,0
37.172,1.6,0.2062,0
37.174,1.6,0.206099,0
37.176,1.6,0.205797,0
37.178,1.6,0.205495,0
37.18,1.6,0.2063,0
37.182,1.6,0.207005,0
37.184,1.6,0.205293,0
37.186,1.6,0.206099,0
37.188,1.6,0.206603,0
37.19,1.6,0.206804,0
37.192,1.6,0.206502,0
37.194,1.6,0.206703,0
37.196,1.6,0.2062,0
37.198,1.6,0.206703,0
37.2,1.6,0.205897,0
37.202,1.6,0.2062,0
37.204,1.6,0.2062,0
37.206,1.6,0.205495,0
37.208,1.6,0.207106,0
37.21,1.6,0.2063,0
37.212,1.6,0.206099,0
37.214,1.6,0.206502,0
37.216,1.6,0.205394,0
37.218,1.6,0.2063,0
37.22,1.6,0.206502,0
37.222,1.6,0.205998,0
37.224,1.6,0.206502,0
37.226,1.6,0.2063,0
37.228,1.6,0.206703,0
37.23,1.6,0.206905,0
37.232,1.6,0.206804,0
37.234,1.6,0.206099,0
37.236,1.6,0.205696,0
37.238,1.6,0.205897,0
37.24,1.6,0.205192,0
37.242,1.6,0.2062,0
37.244,1.6,0.2062,0
37.246,1.6,0.207005,0
37.248,1.6,0.206502,0
37.25,1.6,0.205192,0
37.252,1.6,0.205897,0
37.254,1.6,0.206099,0
37.256,1.6,0.205192,0
37.258,1.6,0.205394,0
37.26,1.6,0.205394,0
37.262,1.6,0.206703,0
37.264,1.6,0.205897,0
37.266,1.6,0.206804,0
37.268,1.6,0.2063,0
37.27,1.6,0.206603,0
37.272,1.6,0.205998,0
37.274,1.6,0.205897,0
37.276,1.6,0.205595,0
37.278,1.6,0.205897,0
37.28,1.6,0.205495,0
37.282,1.6,0.206703,0
37.284,1.6,0.206099,0
37.286,1.6,0.2062,0
37.288,1.6,0.2063,0
37.29,1.6,0.206401,0
37.292,1.6,0.205495,0
37.294,1.6,0.205897,0
37.296,1.6,0.2062,0
37.298,1.6,0.205495,0
37.3,1.6,0.206099,0
37.302,1.6,0.205998,0
37.304,1.6,0.206099,0
37.306,1.6,0.205897,0
37.308,1.6,0.2063,0
37.31,1.6,0.206703,0
37.312,1.6,0.205696,0
37.314,1.6,0.205797,0
37.316,1.6,0.2062,0
37.318,1.6,0.205595,0
37.32,1.6,0.206804,0
37.322,1.6,0.206905,0
37.324,1.6,0.206502,0
37.326,1.6,0.205595,0
37.328,1.6,0.206502,0
37.33,1.6,0.205897,0
37.332,1.6,0.206401,0
37.334,1.6,0.206603,0
37.336,1.6,0.206099,0
37.338,1.6,0.206804,0
37.34,1.6,0.206905,0
37.342,1.6,0.206703,0
37.344,1.6,0.2063,0
37.346,1.6,0.207005,0
37.348,1.6,0.206502,0
37.35,1.6,0.205797,0
37.352,1.6,0.206603,0
37.354,1.6,0.2062,0
37.356,1.6,0.205293,0
37.358,1.6,0.206099,0
37.36,1.6,0.205998,0
37.362,1.6,0.206099,0
37.364,1.6,0.2063,0
37.366,1.6,0.205394,0
37.368,1.6,0.205797,0
37.37,1.6,0.206099,0
37.372,1.6,0.206099,0
37.374,1.6,0.206099,0
37.376,1.6,0.205897,0
37.378,1.6,0.206502,0
37.38,1.6,0.2063,0
37.382,1.6,0.207005,0
37.384,1.6,0.205797,0
37.386,1.6,0.206603,0
37.388,1.6,0.205293,0
37.39,1.6,0.206603,0
37.392,1.6,0.206502,0
37.394,1.6,0.207005,0
37.396,1.6,0.208013,0
37.398,1.6,0.207408,0
37.4,1.6,0.207408,0
37.402,1.6,0.206703,0
37.404,1.6,0.206905,0
37.406,1.6,0.206603,0
37.408,1.6,0.206502,0
37.41,1.6,0.207711,0
37.412,1.6,0.207207,0
37.414,1.6,0.207005,0
37.416,1.6,0.207207,0
37.418,1.6,0.20761,0
37.42,1.6,0.207408,0
37.422,1.6,0.207207,0
37.424,1.6,0.206401,0
37.426,1.6,0.206401,0
37.428,1.6,0.207207,0
37.43,1.6,0.207106,0
37.432,1.6,0.207408,0
37.434,1.6,0.207005,0
37.436,1.6,0.206401,0
37.438,1.6,0.207005,0
37.44,1.6,0.207106,0
37.442,1.6,0.206703,0
37.444,1.6,0.205998,0
37.446,1.6,0.206603,0
37.448,1.6,0.206603,0
37.45,1.6,0.206703,0
37.452,1.6,0.207711,0
37.454,1.6,0.207207,0
37.456,1.6,0.206502,0
37.458,1.6,0.2062,0
37.46,1.6,0.205897,0
37.462,1.6,0.206905,0
37.464,1.6,0.205595,0
37.466,1.6,0.206502,0
37.468,1.6,0.207308,0
37.47,1.6,0.207509,0
37.472,1.6,0.206905,0
37.474,1.6,0.207509,0
37.476,1.6,0.206905,0
37.478,1.6,0.2063,0
37.48,1.6,0.205797,0
37.482,1.6,0.2062,0
37.484,1.6,0.207106,0
37.486,1.6,0.207005,0
37.488,1.6,0.206905,0
37.49,1.6,0.206603,0
37.492,1.6,0.206502,0
37.494,1.6,0.2062,0
37.496,1.6,0.206804,0
37.498,1.6,0.206603,0
37.5,1.6,0.206401,0
37.502,1.6,0.206603,0
37.504,1.6,0.206603,0
37.506,1.6,0.207207,0
37.508,1.6,0.207005,0
37.51,1.6,0.207408,0
37.512,1.6,0.207106,0
37.514,1.6,0.2062,0
37.516,1.6,0.207711,0
37.518,1.6,0.207106,0
37.52,1.6,0.207308,0
37.522,1.6,0.207106,0
37.524,1.6,0.207207,0
37.526,1.6,0.206603,0
37.528,1.6,0.2062,0
37.53,1.6,0.206703,0
37.532,1.6,0.206703,0
37.534,1.6,0.205897,0
37.536,1.6,0.206905,0
37.538,1.6,0.207308,0
37.54,1.6,0.206603,0
37.542,1.6,0.206099,0
37.544,1.6,0.207106,0
37.546,1.6,0.207509,0
37.548,1.6,0.207106,0
37.55,1.6,0.206099,0
37.552,1.6,0.2063,0
37.554,1.6,0.206603,0
37.556,1.6,0.206603,0
37.558,1.6,0.206603,0
37.56,1.6,0.207005,0
37.562,1.6,0.206804,0
37.564,1.6,0.207408,0
37.566,1.6,0.206703,0
37.568,1.6,0.2063,0
37.57,1.6,0.206804,0
37.572,1.6,0.207106,0
37.574,1.6,0.206401,0
37.576,1.6,0.207207,0
37.578,1.6,0.206804,0
37.58,1.6,0.207106,0
37.582,1.6,0.206703,0
37.584,1.6,0.207308,0
37.586,1.6,0.205998,0
37.588,1.6,0.206502,0
37.59,1.6,0.205998,0
37.592,1.6,0.205998,0
37.594,1.6,0.206502,0
37.596,1.6,0.206905,0
37.598,1.6,0.206905,0
37.6,1.6,0.206502,0
37.602,1.6,0.206099,0
37.604,1.6,0.205797,0
37.606,1.6,0.205897,0
37.608,1.6,0.206099,0
37.61,1.6,0.206502,0
37.612,1.6,0.206905,0
37.614,1.6,0.207308,0
37.616,1.6,0.207509,0
37.618,1.6,0.207207,0
37.62,1.6,0.206703,0
37.622,1.6,0.207408,0
37.624,1.6,0.206401,0
37.626,1.6,0.2062,0
37.628,1.6,0.206905,0
37.63,1.6,0.206804,0
37.632,1.6,0.207106,0
37.634,1.6,0.207005,0
37.636,1.6,0.207005,0
37.638,1.6,0.206905,0
37.64,1.6,0.205998,0
37.642,1.6,0.206804,0
37.644,1.6,0.205998,0
37.646,1.6,0.207005,0
37.648,1.6,0.2063,0
37.65,1.6,0.207005,0
37.652,1.6,0.206703,0
37.654,1.6,0.207408,0
37.656,1.6,0.207005,0
37.658,1.6,0.206401,0
37.66,1.6,0.207005,0
37.662,1.6,0.207408,0
37.664,1.6,0.207207,0
37.666,1.6,0.208114,0
37.668,1.6,0.206905,0
37.67,1.6,0.207005,0
37.672,1.6,0.207408,0
37.674,1.6,0.206603,0
37.676,1.6,0.207509,0
37.678,1.6,0.206603,0
37.68,1.6,0.205897,0
37.682,1.6,0.2063,0
37.684,1.6,0.207207,0
37.686,1.6,0.2063,0
37.688,1.6,0.207308,0
37.69,1.6,0.20761,0
37.692,1.6,0.20761,0
37.694,1.6,0.2063,0
37.696,1.6,0.206502,0
37.698,1.6,0.206603,0
37.7,1.6,0.206905,0
37.702,1.6,0.207509,0
37.704,1.6,0.207207,0
37.706,1.6,0.206905,0
37.708,1.6,0.207106,0
37.71,1.6,0.206804,0
37.712,1.6,0.207308,0
37.714,1.6,0.207005,0
37.716,1.6,0.206905,0
37.718,1.6,0.206905,0
37.72,1.6,0.207207,0
37.722,1.6,0.207207,0
37.724,1.6,0.207308,0
37.726,1.6,0.206804,0
37.728,1.6,0.207912,0
37.73,1.6,0.206502,0
37.732,1.6,0.206703,0
37.734,1.6,0.206703,0
37.736,1.6,0.206502,0
37.738,1.6,0.2063,0
37.74,1.6,0.205897,0
37.742,1.6,0.206804,0
37.744,1.6,0.207106,0
37.746,1.6,0.206804,0
37.748,1.6,0.207005,0
37.75,1.6,0.207509,0
37.752,1.6,0.2062,0
37.754,1.6,0.206703,0
37.756,1.6,0.207207,0
37.758,1.6,0.207005,0
37.76,1.6,0.207308,0
37.762,1.6,0.207106,0
37.764,1.6,0.206099,0
37.766,1.6,0.207005,0
37.768,1.6,0.205797,0
37.77,1.6,0.206603,0
37.772,1.6,0.206603,0
37.774,1.6,0.206401,0
37.776,1.6,0.206401,0
37.778,1.6,0.206502,0
37.78,1.6,0.206603,0
37.782,1.6,0.206804,0
37.784,1.6,0.206804,0
37.786,1.6,0.208114,0
37.788,1.6,0.207308,0
37.79,1.6,0.2063,0
37.792,1.6,0.206905,0
37.794,1.6,0.206804,0
37.796,1.6,0.207912,0
37.798,1.6,0.20761,0
37.8,1.6,0.206804,0
37.802,1.6,0.206804,0
37.804,1.6,0.206603,0
37.806,1.6,0.207912,0
37.808,1.6,0.206703,0
37.81,1.6,0.2063,0
37.812,1.6,0.206603,0
37.814,1.6,0.2063,0
37.816,1.6,0.207207,0
37.818,1.6,0.208013,0
37.82,1.6,0.206804,0
37.822,1.6,0.2062,0
37.824,1.6,0.205696,0
37.826,1.6,0.206905,0
37.828,1.6,0.207308,0
37.83,1.6,0.207207,0
37.832,1.6,0.207509,0
37.834,1.6,0.207308,0
37.836,1.6,0.207106,0
37.838,1.6,0.207408,0
37.84,1.6,0.207005,0
37.842,1.6,0.206502,0
37.844,1.6,0.207106,0
37.846,1.6,0.206603,0
37.848,1.6,0.205998,0
37.85,1.6,0.206703,0
37.852,1.6,0.20761,0
37.854,1.6,0.207308,0
37.856,1.6,0.207711,0
37.858,1.6,0.206703,0
37.86,1.6,0.206603,0
37.862,1.6,0.205595,0
37.864,1.6,0.205696,0
37.866,1.6,0.207308,0
37.868,1.6,0.206603,0
37.87,1.6,0.207005,0
37.872,1.6,0.206401,0
37.874,1.6,0.206502,0
37.876,1.6,0.207207,0
37.878,1.6,0.207308,0
37.88,1.6,0.20761,0
37.882,1.6,0.207106,0
37.884,1.6,0.206703,0
37.886,1.6,0.206804,0
37.888,1.6,0.206703,0
37.89,1.6,0.207005,0
37.892,1.6,0.206804,0
37.894,1.6,0.206401,0
37.896,1.6,0.207509,0
37.898,1.6,0.207711,0
37.9,1.6,0.206905,0
37.902,1.6,0.2063,0
37.904,1.6,0.206502,0
37.906,1.6,0.20761,0
37.908,1.6,0.207005,0
37.91,1.6,0.207005,0
37.912,1.6,0.206804,0
37.914,1.6,0.207106,0
37.916,1.6,0.206502,0
37.918,1.6,0.206905,0
37.92,1.6,0.2062,0
37.922,1.6,0.206603,0
37.924,1.6,0.2063,0
37.926,1.6,0.206703,0
37.928,1.6,0.207408,0
37.93,1.6,0.206603,0
37.932,1.6,0.206703,0
37.934,1.6,0.206703,0
37.936,1.6,0.2062,0
37.938,1.6,0.206804,0
37.94,1.6,0.206603,0
37.942,1.6,0.207106,0
37.944,1.6,0.207207,0
37.946,1.6,0.207308,0
37.948,1.6,0.20761,0
37.95,1.6,0.206703,0
37.952,1.6,0.206603,0
37.954,1.6,0.206401,0
37.956,1.6,0.206603,0
37.958,1.6,0.206804,0
37.96,1.6,0.206502,0
37.962,1.6,0.207106,0
37.964,1.6,0.206804,0
37.966,1.6,0.206905,0
37.968,1.6,0.206905,0
37.97,1.6,0.206804,0
37.972,1.6,0.206703,0
37.974,1.6,0.2063,0
37.976,1.6,0.206603,0
37.978,1.6,0.207106,0
37.98,1.6,0.206401,0
37.982,1.6,0.206703,0
37.984,1.6,0.206502,0
37.986,1.6,0.206401,0
37.988,1.6,0.206703,0
37.99,1.6,0.207408,0
37.992,1.6,0.207005,0
37.994,1.6,0.206401,0
37.996,1.6,0.206603,0
37.998,1.6,0.2062,0
38,1.7,0.2063,0
38.002,1.7,0.221511,0
38.004,1.7,0.221511,0
38.006,1.7,0.222216,0
38.008,1.7,0.221511,0
38.01,1.7,0.222216,0
38.012,1.7,0.221612,0
38.014,1.7,0.22141,0
38.016,1.7,0.221209,0
38.018,1.7,0.221511,0
38.02,1.7,0.222115,0
38.022,1.7,0.221007,0
38.024,1.7,0.221914,0
38.026,1.7,0.221209,0
38.028,1.7,0.221511,0
38.03,1.7,0.221712,0
38.032,1.7,0.222015,0
38.034,1.7,0.222115,0
38.036,1.7,0.221813,0
38.038,1.7,0.221209,0
38.04,1.7,0.222216,0
38.042,1.7,0.222216,0
38.044,1.7,0.22131,0
38.046,1.7,0.221813,0
38.048,1.7,0.221813,0
38.05,1.7,0.222015,0
38.052,1.7,0.221712,0
38.054,1.7,0.22131,0
38.056,1.7,0.222015,0
38.058,1.7,0.22131,0
38.06,1.7,0.222015,0
38.062,1.7,0.222216,0
38.064,1.7,0.222216,0
38.066,1.7,0.222821,0
38.068,1.7,0.222518,0
38.07,1.7,0.221813,0
38.072,1.7,0.222821,0
38.074,1.7,0.222115,0
38.076,1.7,0.222317,0
38.078,1.7,0.221511,0
38.08,1.7,0.22141,0
38.082,1.7,0.221914,0
38.084,1.7,0.221612,0
38.086,1.7,0.22272,0
38.088,1.7,0.222619,0
38.09,1.7,0.222619,0
38.092,1.7,0.221511,0
38.094,1.7,0.222015,0
38.096,1.7,0.221511,0
38.098,1.7,0.222015,0
38.1,1.7,0.221108,0
38.102,1.7,0.222015,0
38.104,1.7,0.221612,0
38.106,1.7,0.221813,0
38.108,1.7,0.221813,0
38.11,1.7,0.222216,0
38.112,1.7,0.22141,0
38.114,1.7,0.222216,0
38.116,1.7,0.222015,0
38.118,1.7,0.221612,0
38.12,1.7,0.22141,0
38.122,1.7,0.222317,0
38.124,1.7,0.222015,0
38.126,1.7,0.221813,0
38.128,1.7,0.222317,0
38.13,1.7,0.222216,0
38.132,1.7,0.222418,0
38.134,1.7,0.222015,0
38.136,1.7,0.22141,0
38.138,1.7,0.221914,0
38.14,1.7,0.221612,0
38.142,1.7,0.221712,0
38.144,1.7,0.221108,0
38.146,1.7,0.222216,0
38.148,1.7,0.221712,0
38.15,1.7,0.22141,0
38.152,1.7,0.222015,0
38.154,1.7,0.222115,0
38.156,1.7,0.222216,0
38.158,1.7,0.221914,0
38.16,1.7,0.221813,0
38.162,1.7,0.221712,0
38.164,1.7,0.221914,0
38.166,1.7,0.221612,0
38.168,1.7,0.22131,0
38.17,1.7,0.222015,0
38.172,1.7,0.221612,0
38.174,1.7,0.221712,0
38.176,1.7,0.221612,0
38.178,1.7,0.222015,0
38.18,1.7,0.222216,0
38.182,1.7,0.221813,0
38.184,1.7,0.221914,0
38.186,1.7,0.222115,0
38.188,1.7,0.221914,0
38.19,1.7,0.22131,0
38.192,1.7,0.222015,0
38.194,1.7,0.222015,0
38.196,1.7,0.22141,0
38.198,1.7,0.221612,0
38.2,1.7,0.222015,0
38.202,1.7,0.222518,0
38.204,1.7,0.222015,0
38.206,1.7,0.221612,0
38.208,1.7,0.221914,0
38.21,1.7,0.221813,0
38.212,1.7,0.221914,0
38.214,1.7,0.22141,0
38.216,1.7,0.221712,0
38.218,1.7,0.221612,0
38.22,1.7,0.221712,0
38.222,1.7,0.222317,0
38.224,1.7,0.22272,0
38.226,1.7,0.222518,0
38.228,1.7,0.221108,0
38.23,1.7,0.222317,0
38.232,1.7,0.221209,0
38.234,1.7,0.221914,0
38.236,1.7,0.221712,0
38.238,1.7,0.222115,0
38.24,1.7,0.222418,0
38.242,1.7,0.222216,0
38.244,1.7,0.222216,0
38.246,1.7,0.222216,0
38.248,1.7,0.222418,0
38.25,1.7,0.222518,0
38.252,1.7,0.222216,0
38.254,1.7,0.222015,0
38.256,1.7,0.221108,0
38.258,1.7,0.221914,0
38.26,1.7,0.221712,0
38.262,1.7,0.22141,0
38.264,1.7,0.222317,0
38.266,1.7,0.22131,0
38.268,1.7,0.222216,0
38.27,1.7,0.222518,0
38.272,1.7,0.222619,0
38.274,1.7,0.221813,0
38.276,1.7,0.222015,0
38.278,1.7,0.221108,0
38.28,1.7,0.221612,0
38.282,1.7,0.222015,0
38.284,1.7,0.222216,0
38.286,1.7,0.222418,0
38.288,1.7,0.221813,0
38.29,1.7,0.222317,0
38.292,1.7,0.222015,0
38.294,1.7,0.221813,0
38.296,1.7,0.222317,0
38.298,1.7,0.221813,0
38.3,1.7,0.221914,0
38.302,1.7,0.221209,0
38.304,1.7,0.222115,0
38.306,1.7,0.221108,0
38.308,1.7,0.221612,0
38.31,1.7,0.22141,0
38.312,1.7,0.222115,0
38.314,1.7,0.221108,0
38.316,1.7,0.222015,0
38.318,1.7,0.221511,0
38.32,1.7,0.222115,0
38.322,1.7,0.221712,0
38.324,1.7,0.22141,0
38.326,1.7,0.222216,0
38.328,1.7,0.221914,0
38.33,1.7,0.221612,0
38.332,1.7,0.221813,0
38.334,1.7,0.222317,0
38.336,1.7,0.222115,0
38.338,1.7,0.222518,0
38.34,1.7,0.222418,0
38.342,1.7,0.221712,0
38.344,1.7,0.222015,0
38.346,1.7,0.221813,0
38.348,1.7,0.221007,0
38.35,1.7,0.220907,0
38.352,1.7,0.221712,0
38.354,1.7,0.221914,0
38.356,1.7,0.221712,0
38.358,1.7,0.222317,0
38.36,1.7,0.222619,0
38.362,1.7,0.222115,0
38.364,1.7,0.222317,0
38.366,1.7,0.221813,0
38.368,1.7,0.222619,0
38.37,1.7,0.222115,0
38.372,1.7,0.22141,0
38.374,1.7,0.221511,0
38.376,1.7,0.222115,0
38.378,1.7,0.222418,0
38.38,1.7,0.221712,0
38.382,1.7,0.222317,0
38.384,1.7,0.221712,0
38.386,1.7,0.222216,0
38.388,1.7,0.222418,0
38.39,1.7,0.221914,0
38.392,1.7,0.221914,0
38.394,1.7,0.22141,0
38.396,1.7,0.221813,0
38.398,1.7,0.221612,0
38.4,1.7,0.221209,0
38.402,1.7,0.222518,0
38.404,1.7,0.222015,0
38.406,1.7,0.222418,0
38.408,1.7,0.222216,0
38.41,1.7,0.222418,0
38.412,1.7,0.221712,0
38.414,1.7,0.221914,0
38.416,1.7,0.221511,0
38.418,1.7,0.222216,0
38.42,1.7,0.222115,0
38.422,1.7,0.222418,0
38.424,1.7,0.222317,0
38.426,1.7,0.222317,0
38.428,1.7,0.222317,0
38.43,1.7,0.222619,0
38.432,1.7,0.222115,0
38.434,1.7,0.222418,0
38.436,1.7,0.222317,0
38.438,1.7,0.221612,0
38.44,1.7,0.222216,0
38.442,1.7,0.222317,0
38.444,1.7,0.22272,0
38.446,1.7,0.222921,0
38.448,1.7,0.222518,0
38.45,1.7,0.221914,0
38.452,1.7,0.222619,0
38.454,1.7,0.221612,0
38.456,1.7,0.221511,0
38.458,1.7,0.221511,0
38.46,1.7,0.222115,0
38.462,1.7,0.221914,0
38.464,1.7,0.221612,0
38.466,1.7,0.222115,0
38.468,1.7,0.222317,0
38.47,1.7,0.22272,0
38.472,1.7,0.222821,0
38.474,1.7,0.222821,0
38.476,1.7,0.221914,0
38.478,1.7,0.222518,0
38.48,1.7,0.221813,0
38.482,1.7,0.222015,0
38.484,1.7,0.221612,0
38.486,1.7,0.222216,0
38.488,1.7,0.222518,0
38.49,1.7,0.222216,0
38.492,1.7,0.222921,0
38.494,1.7,0.222518,0
38.496,1.7,0.222015,0
38.498,1.7,0.221209,0
38.5,1.7,0.221712,0
38.502,1.7,0.221209,0
38.504,1.7,0.220504,0
38.506,1.7,0.22131,0
38.508,1.7,0.222015,0
38.51,1.7,0.223022,0
38.512,1.7,0.222317,0
38.514,1.7,0.221813,0
38.516,1.7,0.222115,0
38.518,1.7,0.222619,0
38.52,1.7,0.222216,0
38.522,1.7,0.22131,0
38.524,1.7,0.222115,0
38.526,1.7,0.22141,0
38.528,1.7,0.222518,0
38.53,1.7,0.222418,0
38.532,1.7,0.222619,0
38.534,1.7,0.222317,0
38.536,1.7,0.222317,0
38.538,1.7,0.221914,0
38.54,1.7,0.222115,0
38.542,1.7,0.222216,0
38.544,1.7,0.221914,0
38.546,1.7,0.221813,0
38.548,1.7,0.221813,0
38.55,1.7,0.221914,0
38.552,1.7,0.221813,0
38.554,1.7,0.222518,0
38.556,1.7,0.222921,0
38.558,1.7,0.22272,0
38.56,1.7,0.222821,0
38.562,1.7,0.222216,0
38.564,1.7,0.222418,0
38.566,1.7,0.222619,0
38.568,1.7,0.221914,0
38.57,1.7,0.221813,0
38.572,1.7,0.221209,0
38.574,1.7,0.220907,0
38.576,1.7,0.222418,0
38.578,1.7,0.222418,0
38.58,1.7,0.222418,0
38.582,1.7,0.222317,0
38.584,1.7,0.222216,0
38.586,1.7,0.222317,0
38.588,1.7,0.221813,0
38.59,1.7,0.221511,0
38.592,1.7,0.221511,0
38.594,1.7,0.22131,0
38.596,1.7,0.222418,0
38.598,1.7,0.223022,0
38.6,1.7,0.222619,0
38.602,1.7,0.222418,0
38.604,1.7,0.223022,0
38.606,1.7,0.222015,0
38.608,1.7,0.222518,0
38.61,1.7,0.221612,0
38.612,1.7,0.221712,0
38.614,1.7,0.221511,0
38.616,1.7,0.222216,0
38.618,1.7,0.221612,0
38.62,1.7,0.221813,0
38.622,1.7,0.221813,0
38.624,1.7,0.221712,0
38.626,1.7,0.222418,0
38.628,1.7,0.222619,0
38.63,1.7,0.222317,0
38.632,1.7,0.222619,0
38.634,1.7,0.221007,0
38.636,1.7,0.221712,0
38.638,1.7,0.221813,0
38.64,1.7,0.22141,0
38.642,1.7,0.221007,0
38.644,1.7,0.221813,0
38.646,1.7,0.22131,0
38.648,1.7,0.222115,0
38.65,1.7,0.222216,0
38.652,1.7,0.222216,0
38.654,1.7,0.221813,0
38.656,1.7,0.221813,0
38.658,1.7,0.222216,0
38.66,1.7,0.221712,0
38.662,1.7,0.222015,0
38.664,1.7,0.222015,0
38.666,1.7,0.222216,0
38.668,1.7,0.222216,0
38.67,1.7,0.223022,0
38.672,1.7,0.222216,0
38.674,1.7,0.222115,0
38.676,1.7,0.22141,0
38.678,1.7,0.221612,0
38.68,1.7,0.222216,0
38.682,1.7,0.22131,0
38.684,1.7,0.221813,0
38.686,1.7,0.221712,0
38.688,1.7,0.222317,0
38.69,1.7,0.221813,0
38.692,1.7,0.222317,0
38.694,1.7,0.222518,0
38.696,1.7,0.222317,0
38.698,1.7,0.222619,0
38.7,1.7,0.221813,0
38.702,1.7,0.22141,0
38.704,1.7,0.220806,0
38.706,1.7,0.221914,0
38.708,1.7,0.221914,0
38.71,1.7,0.221612,0
38.712,1.7,0.221612,0
38.714,1.7,0.221914,0
38.716,1.7,0.222418,0
38.718,1.7,0.221712,0
38.72,1.7,0.221511,0
38.722,1.7,0.222216,0
38.724,1.7,0.22131,0
38.726,1.7,0.22131,0
38.728,1.7,0.22141,0
38.73,1.7,0.221612,0
38.732,1.7,0.222115,0
38.734,1.7,0.221914,0
38.736,1.7,0.221612,0
38.738,1.7,0.222115,0
38.74,1.7,0.221612,0
38.742,1.7,0.222216,0
38.744,1.7,0.222216,0
38.746,1.7,0.222216,0
38.748,1.7,0.221914,0
38.75,1.7,0.221209,0
38.752,1.7,0.221712,0
38.754,1.7,0.221511,0
38.756,1.7,0.222015,0
38.758,1.7,0.222216,0
38.76,1.7,0.221612,0
38.762,1.7,0.221813,0
38.764,1.7,0.222518,0
38.766,1.7,0.222317,0
38.768,1.7,0.22131,0
38.77,1.7,0.222015,0
38.772,1.7,0.222418,0
38.774,1.7,0.221914,0
38.776,1.7,0.221108,0
38.778,1.7,0.221108,0
38.78,1.7,0.221813,0
38.782,1.7,0.222115,0
38.784,1.7,0.221813,0
38.786,1.7,0.22131,0
38.788,1.7,0.222317,0
38.79,1.7,0.22141,0
38.792,1.7,0.221612,0
38.794,1.7,0.221612,0
38.796,1.7,0.221007,0
38.798,1.7,0.222418,0
38.8,1.7,0.221914,0
38.802,1.7,0.222015,0
38.804,1.7,0.222418,0
38.806,1.7,0.222619,0
38.808,1.7,0.222619,0
38.81,1.7,0.221813,0
38.812,1.7,0.221813,0
38.814,1.7,0.22131,0
38.816,1.7,0.221612,0
38.818,1.7,0.22131,0
38.82,1.7,0.222317,0
38.822,1.7,0.221813,0
38.824,1.7,0.222216,0
38.826,1.7,0.221712,0
38.828,1.7,0.221712,0
38.83,1.7,0.222015,0
38.832,1.7,0.222115,0
38.834,1.7,0.222115,0
38.836,1.7,0.221209,0
38.838,1.7,0.221712,0
38.84,1.7,0.221914,0
38.842,1.7,0.221511,0
38.844,1.7,0.221712,0
38.846,1.7,0.222015,0
38.848,1.7,0.222115,0
38.85,1.7,0.222115,0
38.852,1.7,0.221914,0
38.854,1.7,0.222015,0
38.856,1.7,0.221511,0
38.858,1.7,0.221612,0
38.86,1.7,0.221007,0
38.862,1.7,0.221007,0
38.864,1.7,0.22131,0
38.866,1.7,0.22131,0
38.868,1.7,0.22141,0
38.87,1.7,0.222418,0
38.872,1.7,0.222317,0
38.874,1.7,0.222115,0
38.876,1.7,0.222418,0
38.878,1.7,0.222418,0
38.88,1.7,0.222216,0
38.882,1.7,0.221511,0
38.884,1.7,0.222216,0
38.886,1.7,0.222015,0
38.888,1.7,0.221511,0
38.89,1.7,0.222115,0
38.892,1.7,0.22131,0
38.894,1.7,0.220705,0
38.896,1.7,0.221007,0
38.898,1.7,0.221612,0
38.9,1.7,0.22131,0
38.902,1.7,0.222317,0
38.904,1.7,0.222115,0
38.906,1.7,0.222015,0
38.908,1.7,0.222015,0
38.91,1.7,0.221511,0
38.912,1.7,0.221612,0
38.914,1.7,0.220403,0
38.916,1.7,0.22131,0
38.918,1.7,0.222518,0
38.92,1.7,0.221813,0
38.922,1.7,0.222418,0
38.924,1.7,0.22131,0
38.926,1.7,0.222216,0
38.928,1.7,0.222216,0
38.93,1.7,0.221813,0
38.932,1.7,0.22141,0
38.934,1.7,0.22141,0
38.936,1.7,0.221914,0
38.938,1.7,0.22141,0
38.94,1.7,0.221914,0
38.942,1.7,0.22141,0
38.944,1.7,0.22131,0
38.946,1.7,0.222518,0
38.948,1.7,0.222418,0
38.95,1.7,0.222115,0
38.952,1.7,0.222418,0
38.954,1.7,0.222115,0
38.956,1.7,0.222115,0
38.958,1.7,0.221813,0
38.96,1.7,0.222216,0
38.962,1.7,0.220806,0
38.964,1.7,0.22141,0
38.966,1.7,0.221813,0
38.968,1.7,0.221612,0
38.97,1.7,0.222317,0
38.972,1.7,0.221813,0
38.974,1.7,0.222619,0
38.976,1.7,0.222015,0
38.978,1.7,0.221612,0
38.98,1.7,0.221612,0
38.982,1.7,0.221612,0
38.984,1.7,0.221712,0
38.986,1.7,0.222216,0
38.988,1.7,0.222216,0
38.99,1.7,0.221914,0
38.992,1.7,0.222115,0
38.994,1.7,0.222216,0
38.996,1.7,0.22141,0
38.998,1.7,0.221914,0
39,1.8,0.221007,0
39.002,1.8,0.237326,0
39.004,1.8,0.237527,0
39.006,1.8,0.237527,0
39.008,1.8,0.237527,0
39.01,1.8,0.237628,0
39.012,1.8,0.237729,0
39.014,1.8,0.238233,0
39.016,1.8,0.237427,0
39.018,1.8,0.238132,0
39.02,1.8,0.236822,0
39.022,1.8,0.236722,0
39.024,1.8,0.236822,0
39.026,1.8,0.237427,0
39.028,1.8,0.236319,0
39.03,1.8,0.237427,0
39.032,1.8,0.23783,0
39.034,1.8,0.235916,0
39.036,1.8,0.237024,0
39.038,1.8,0.237729,0
39.04,1.8,0.236419,0
39.042,1.8,0.237225,0
39.044,1.8,0.236722,0
39.046,1.8,0.23793,0
39.048,1.8,0.237628,0
39.05,1.8,0.237125,0
39.052,1.8,0.238132,0
39.054,1.8,0.238333,0
39.056,1.8,0.237024,0
39.058,1.8,0.235916,0
39.06,1.8,0.23652,0
39.062,1.8,0.23652,0
39.064,1.8,0.237427,0
39.066,1.8,0.237125,0
39.068,1.8,0.237628,0
39.07,1.8,0.237729,0
39.072,1.8,0.237527,0
39.074,1.8,0.237225,0
39.076,1.8,0.236117,0
39.078,1.8,0.236621,0
39.08,1.8,0.237628,0
39.082,1.8,0.23652,0
39.084,1.8,0.237326,0
39.086,1.8,0.237628,0
39.088,1.8,0.237527,0
39.09,1.8,0.237326,0
39.092,1.8,0.237427,0
39.094,1.8,0.236419,0
39.096,1.8,0.237326,0
39.098,1.8,0.236923,0
39.1,1.8,0.237427,0
39.102,1.8,0.236319,0
39.104,1.8,0.237628,0
39.106,1.8,0.237225,0
39.108,1.8,0.237326,0
39.11,1.8,0.237527,0
39.112,1.8,0.236822,0
39.114,1.8,0.23783,0
39.116,1.8,0.237326,0
39.118,1.8,0.237125,0
39.12,1.8,0.237427,0
39.122,1.8,0.237225,0
39.124,1.8,0.23793,0
39.126,1.8,0.237628,0
39.128,1.8,0.237225,0
39.13,1.8,0.236621,0
39.132,1.8,0.236117,0
39.134,1.8,0.23652,0
39.136,1.8,0.237225,0
39.138,1.8,0.237225,0
39.14,1.8,0.236923,0
39.142,1.8,0.237225,0
39.144,1.8,0.238031,0
39.146,1.8,0.238031,0
39.148,1.8,0.236923,0
39.15,1.8,0.235916,0
39.152,1.8,0.237225,0
39.154,1.8,0.237024,0
39.156,1.8,0.238132,0
39.158,1.8,0.237628,0
39.16,1.8,0.238233,0
39.162,1.8,0.237628,0
39.164,1.8,0.238132,0
39.166,1.8,0.238333,0
39.168,1.8,0.236319,0
39.17,1.8,0.237225,0
39.172,1.8,0.237628,0
39.174,1.8,0.237225,0
39.176,1.8,0.236621,0
39.178,1.8,0.236923,0
39.18,1.8,0.236621,0
39.182,1.8,0.237024,0
39.184,1.8,0.237628,0
39.186,1.8,0.236621,0
39.188,1.8,0.237326,0
39.19,1.8,0.236822,0
39.192,1.8,0.237225,0
39.194,1.8,0.237225,0
39.196,1.8,0.237024,0
39.198,1.8,0.23793,0
39.2,1.8,0.236923,0
39.202,1.8,0.236319,0
39.204,1.8,0.236923,0
39.206,1.8,0.23783,0
39.208,1.8,0.237225,0
39.21,1.8,0.236419,0
39.212,1.8,0.237326,0
39.214,1.8,0.237427,0
39.216,1.8,0.236621,0
39.218,1.8,0.237628,0
39.22,1.8,0.237225,0
39.222,1.8,0.237527,0
39.224,1.8,0.23793,0
39.226,1.8,0.236621,0
39.228,1.8,0.236218,0
39.23,1.8,0.237427,0
39.232,1.8,0.237225,0
39.234,1.8,0.23783,0
39.236,1.8,0.23793,0
39.238,1.8,0.23793,0
39.24,1.8,0.237729,0
39.242,1.8,0.237125,0
39.244,1.8,0.23652,0
39.246,1.8,0.237125,0
39.248,1.8,0.237225,0
39.25,1.8,0.237326,0
39.252,1.8,0.237427,0
39.254,1.8,0.237326,0
39.256,1.8,0.238132,0
39.258,1.8,0.23652,0
39.26,1.8,0.236722,0
39.262,1.8,0.237427,0
39.264,1.8,0.23652,0
39.266,1.8,0.237527,0
39.268,1.8,0.237628,0
39.27,1.8,0.236722,0
39.272,1.8,0.237024,0
39.274,1.8,0.237427,0
39.276,1.8,0.236923,0
39.278,1.8,0.236722,0
39.28,1.8,0.236218,0
39.282,1.8,0.23652,0
39.284,1.8,0.236923,0
39.286,1.8,0.236923,0
39.288,1.8,0.237024,0
39.29,1.8,0.237427,0
39.292,1.8,0.237527,0
39.294,1.8,0.237729,0
39.296,1.8,0.237628,0
39.298,1.8,0.236923,0
39.3,1.8,0.236722,0
39.302,1.8,0.236621,0
39.304,1.8,0.236923,0
39.306,1.8,0.237527,0
39.308,1.8,0.237125,0
39.31,1.8,0.236218,0
39.312,1.8,0.238333,0
39.314,1.8,0.237225,0
39.316,1.8,0.236822,0
39.318,1.8,0.237427,0
39.32,1.8,0.236319,0
39.322,1.8,0.236319,0
39.324,1.8,0.237024,0
39.326,1.8,0.237427,0
39.328,1.8,0.23793,0
39.33,1.8,0.237326,0
39.332,1.8,0.236722,0
39.334,1.8,0.237427,0
39.336,1.8,0.236822,0
39.338,1.8,0.236419,0
39.34,1.8,0.236722,0
39.342,1.8,0.236117,0
39.344,1.8,0.236923,0
39.346,1.8,0.23783,0
39.348,1.8,0.237527,0
39.35,1.8,0.237024,0
39.352,1.8,0.236117,0
39.354,1.8,0.237024,0
39.356,1.8,0.23652,0
39.358,1.8,0.236722,0
39.36,1.8,0.23652,0
39.362,1.8,0.23652,0
39.364,1.8,0.237628,0
39.366,1.8,0.237024,0
39.368,1.8,0.236822,0
39.37,1.8,0.236923,0
39.372,1.8,0.238031,0
39.374,1.8,0.23783,0
39.376,1.8,0.237427,0
39.378,1.8,0.237225,0
39.38,1.8,0.237527,0
39.382,1.8,0.23793,0
39.384,1.8,0.237024,0
39.386,1.8,0.236822,0
39.388,1.8,0.236722,0
39.39,1.8,0.237527,0
39.392,1.8,0.236722,0
39.394,1.8,0.237024,0
39.396,1.8,0.236923,0
39.398,1.8,0.237326,0
39.4,1.8,0.236822,0
39.402,1.8,0.236016,0
39.404,1.8,0.237427,0
39.406,1.8,0.237225,0
39.408,1.8,0.236218,0
39.41,1.8,0.236621,0
39.412,1.8,0.236621,0
39.414,1.8,0.236722,0
39.416,1.8,0.237729,0
39.418,1.8,0.238233,0
39.42,1.8,0.236923,0
39.422,1.8,0.237024,0
39.424,1.8,0.23783,0
39.426,1.8,0.236722,0
39.428,1.8,0.236923,0
39.43,1.8,0.236621,0
39.432,1.8,0.236722,0
39.434,1.8,0.23652,0
39.436,1.8,0.23652,0
39.438,1.8,0.237024,0
39.44,1.8,0.238031,0
39.442,1.8,0.237527,0
39.444,1.8,0.237326,0
39.446,1.8,0.235614,0
39.448,1.8,0.236117,0
39.45,1.8,0.236923,0
39.452,1.8,0.236117,0
39.454,1.8,0.237628,0
39.456,1.8,0.237125,0
39.458,1.8,0.237729,0
39.46,1.8,0.238031,0
39.462,1.8,0.237225,0
39.464,1.8,0.236319,0
39.466,1.8,0.237024,0
39.468,1.8,0.237427,0
39.47,1.8,0.237326,0
39.472,1.8,0.237125,0
39.474,1.8,0.237125,0
39.476,1.8,0.237024,0
39.478,1.8,0.236722,0
39.48,1.8,0.23652,0
39.482,1.8,0.236621,0
39.484,1.8,0.237527,0
39.486,1.8,0.236419,0
39.488,1.8,0.23652,0
39.49,1.8,0.237225,0
39.492,1.8,0.237225,0
39.494,1.8,0.237729,0
39.496,1.8,0.237326,0
39.498,1.8,0.236722,0
39.5,1.8,0.236722,0
39.502,1.8,0.236822,0
39.504,1.8,0.236722,0
39.506,1.8,0.236016,0
39.508,1.8,0.237024,0
39.51,1.8,0.237125,0
39.512,1.8,0.237729,0
39.514,1.8,0.237326,0
39.516,1.8,0.236621,0
39.518,1.8,0.236319,0
39.52,1.8,0.236923,0
39.522,1.8,0.236319,0
39.524,1.8,0.236419,0
39.526,1.8,0.236419,0
39.528,1.8,0.23793,0
39.53,1.8,0.237326,0
39.532,1.8,0.237427,0
39.534,1.8,0.237125,0
39.536,1.8,0.237024,0
39.538,1.8,0.23783,0
39.54,1.8,0.236722,0
39.542,1.8,0.236923,0
39.544,1.8,0.236923,0
39.546,1.8,0.237527,0
39.548,1.8,0.238233,0
39.55,1.8,0.237225,0
39.552,1.8,0.23793,0
39.554,1.8,0.237125,0
39.556,1.8,0.236621,0
39.558,1.8,0.23652,0
39.56,1.8,0.236319,0
39.562,1.8,0.237326,0
39.564,1.8,0.236923,0
39.566,1.8,0.237527,0
39.568,1.8,0.237326,0
39.57,1.8,0.236722,0
39.572,1.8,0.236218,0
39.574,1.8,0.236117,0
39.576,1.8,0.237225,0
39.578,1.8,0.236923,0
39.58,1.8,0.236419,0
39.582,1.8,0.236923,0
39.584,1.8,0.236621,0
39.586,1.8,0.237628,0
39.588,1.8,0.23793,0
39.59,1.8,0.236419,0
39.592,1.8,0.237729,0
39.594,1.8,0.236621,0
39.596,1.8,0.237326,0
39.598,1.8,0.237225,0
39.6,1.8,0.236621,0
39.602,1.8,0.23793,0
39.604,1.8,0.238333,0
39.606,1.8,0.237326,0
39.608,1.8,0.237125,0
39.61,1.8,0.237024,0
39.612,1.8,0.237125,0
39.614,1.8,0.236722,0
39.616,1.8,0.236419,0
39.618,1.8,0.236722,0
39.62,1.8,0.237628,0
39.622,1.8,0.238132,0
39.624,1.8,0.236822,0
39.626,1.8,0.236923,0
39.628,1.8,0.237427,0
39.63,1.8,0.236923,0
39.632,1.8,0.236722,0
39.634,1.8,0.237125,0
39.636,1.8,0.237326,0
39.638,1.8,0.23652,0
39.64,1.8,0.237527,0
39.642,1.8,0.237225,0
39.644,1.8,0.236923,0
39.646,1.8,0.237125,0
39.648,1.8,0.236419,0
39.65,1.8,0.236117,0
39.652,1.8,0.23652,0
39.654,1.8,0.236319,0
39.656,1.8,0.236722,0
39.658,1.8,0.237125,0
39.66,1.8,0.237628,0
39.662,1.8,0.236923,0
39.664,1.8,0.237527,0
39.666,1.8,0.236419,0
39.668,1.8,0.237125,0
39.67,1.8,0.236822,0
39.672,1.8,0.236419,0
39.674,1.8,0.236621,0
39.676,1.8,0.237729,0
39.678,1.8,0.237628,0
39.68,1.8,0.236923,0
39.682,1.8,0.237125,0
39.684,1.8,0.236722,0
39.686,1.8,0.23652,0
39.688,1.8,0.238031,0
39.69,1.8,0.236117,0
39.692,1.8,0.236822,0
39.694,1.8,0.237729,0
39.696,1.8,0.237125,0
39.698,1.8,0.23783,0
39.7,1.8,0.237628,0
39.702,1.8,0.237225,0
39.704,1.8,0.23652,0
39.706,1.8,0.23652,0
39.708,1.8,0.236419,0
39.71,1.8,0.237527,0
39.712,1.8,0.237427,0
39.714,1.8,0.238132,0
39.716,1.8,0.236822,0
39.718,1.8,0.237326,0
39.72,1.8,0.237729,0
39.722,1.8,0.23793,0
39.724,1.8,0.236722,0
39.726,1.8,0.23783,0
39.728,1.8,0.237125,0
39.73,1.8,0.236722,0
39.732,1.8,0.23793,0
39.734,1.8,0.237225,0
39.736,1.8,0.237326,0
39.738,1.8,0.236923,0
39.74,1.8,0.237225,0
39.742,1.8,0.237125,0
39.744,1.8,0.236822,0
39.746,1.8,0.236621,0
39.748,1.8,0.237527,0
39.75,1.8,0.237125,0
39.752,1.8,0.238031,0
39.754,1.8,0.236722,0
39.756,1.8,0.237125,0
39.758,1.8,0.237729,0
39.76,1.8,0.237125,0
39.762,1.8,0.237125,0
39.764,1.8,0.237326,0
39.766,1.8,0.237326,0
39.768,1.8,0.235916,0
39.77,1.8,0.237024,0
39.772,1.8,0.236923,0
39.774,1.8,0.237326,0
39.776,1.8,0.236722,0
39.778,1.8,0.236016,0
39.78,1.8,0.236218,0
39.782,1.8,0.236419,0
39.784,1.8,0.237125,0
39.786,1.8,0.237225,0
39.788,1.8,0.237427,0
39.79,1.8,0.237125,0
39.792,1.8,0.236319,0
39.794,1.8,0.236822,0
39.796,1.8,0.237024,0
39.798,1.8,0.236722,0
39.8,1.8,0.23783,0
39.802,1.8,0.237527,0
39.804,1.8,0.237024,0
39.806,1.8,0.236923,0
39.808,1.8,0.237326,0
39.81,1.8,0.237326,0
39.812,1.8,0.237527,0
39.814,1.8,0.236319,0
39.816,1.8,0.236419,0
39.818,1.8,0.23652,0
39.82,1.8,0.237427,0
39.822,1.8,0.23793,0
39.824,1.8,0.236319,0
39.826,1.8,0.236923,0
39.828,1.8,0.237326,0
39.83,1.8,0.236923,0
39.832,1.8,0.236419,0
39.834,1.8,0.235916,0
39.836,1.8,0.23652,0
39.838,1.8,0.237125,0
39.84,1.8,0.237527,0
39.842,1.8,0.237729,0
39.844,1.8,0.237427,0
39.846,1.8,0.237527,0
39.848,1.8,0.237628,0
39.85,1.8,0.237326,0
39.852,1.8,0.237125,0
39.854,1.8,0.237125,0
39.856,1.8,0.237527,0
39.858,1.8,0.237024,0
39.86,1.8,0.237326,0
39.862,1.8,0.236923,0
39.864,1.8,0.237326,0
39.866,1.8,0.237225,0
39.868,1.8,0.23652,0
39.87,1.8,0.237225,0
39.872,1.8,0.236319,0
39.874,1.8,0.236621,0
39.876,1.8,0.237024,0
39.878,1.8,0.237427,0
39.88,1.8,0.237729,0
39.882,1.8,0.23652,0
39.884,1.8,0.236923,0
39.886,1.8,0.237024,0
39.888,1.8,0.237427,0
39.89,1.8,0.236822,0
39.892,1.8,0.236822,0
39.894,1.8,0.236722,0
39.896,1.8,0.237225,0
39.898,1.8,0.237729,0
39.9,1.8,0.237225,0
39.902,1.8,0.237527,0
39.904,1.8,0.237729,0
39.906,1.8,0.237125,0
39.908,1.8,0.236822,0
39.91,1.8,0.237628,0
39.912,1.8,0.238132,0
39.914,1.8,0.237125,0
39.916,1.8,0.237729,0
39.918,1.8,0.237729,0
39.92,1.8,0.237225,0
39.922,1.8,0.236923,0
39.924,1.8,0.237628,0
39.926,1.8,0.236722,0
39.928,1.8,0.237225,0
39.93,1.8,0.237326,0
39.932,1.8,0.237225,0
39.934,1.8,0.237024,0
39.936,1.8,0.237225,0
39.938,1.8,0.237527,0
39.94,1.8,0.237427,0
39.942,1.8,0.236822,0
39.944,1.8,0.237225,0
39.946,1.8,0.237225,0
39.948,1.8,0.236822,0
39.95,1.8,0.237225,0
39.952,1.8,0.23783,0
39.954,1.8,0.23793,0
39.956,1.8,0.236419,0
39.958,1.8,0.236923,0
39.96,1.8,0.236319,0
39.962,1.8,0.23652,0
39.964,1.8,0.237125,0
39.966,1.8,0.238031,0
39.968,1.8,0.237024,0
39.97,1.8,0.23783,0
39.972,1.8,0.238132,0
39.974,1.8,0.23783,0
39.976,1.8,0.237326,0
39.978,1.8,0.237527,0
39.98,1.8,0.237225,0
39.982,1.8,0.236218,0
39.984,1.8,0.236218,0
39.986,1.8,0.237225,0
39.988,1.8,0.236923,0
39.99,1.8,0.236923,0
39.992,1.8,0.238535,0
39.994,1.8,0.236822,0
39.996,1.8,0.236722,0
39.998,1.8,0.236319,0
40,1.9,0.236218,0
40.002,1.9,0.252436,0
40.004,1.9,0.252436,0
40.006,1.9,0.252839,0
40.008,1.9,0.252033,0
40.01,1.9,0.252335,0
40.012,1.9,0.253242,0
40.014,1.9,0.251932,0
40.016,1.9,0.252335,0
40.018,1.9,0.252537,0
40.02,1.9,0.252839,0
40.022,1.9,0.251529,0
40.024,1.9,0.252839,0
40.026,1.9,0.252234,0
40.028,1.9,0.251429,0
40.03,1.9,0.251529,0
40.032,1.9,0.252134,0
40.034,1.9,0.252134,0
40.036,1.9,0.252839,0
40.038,1.9,0.253141,0
40.04,1.9,0.251932,0
40.042,1.9,0.251932,0
40.044,1.9,0.252839,0
40.046,1.9,0.252033,0
40.048,1.9,0.251026,0
40.05,1.9,0.251832,0
40.052,1.9,0.253141,0
40.054,1.9,0.252839,0
40.056,1.9,0.253242,0
40.058,1.9,0.252738,0
40.06,1.9,0.252033,0
40.062,1.9,0.252033,0
40.064,1.9,0.252436,0
40.066,1.9,0.253342,0
40.068,1.9,0.252033,0
40.07,1.9,0.252738,0
40.072,1.9,0.252738,0
40.074,1.9,0.252436,0
40.076,1.9,0.253141,0
40.078,1.9,0.25163,0
40.08,1.9,0.252134,0
40.082,1.9,0.251429,0
40.084,1.9,0.252033,0
40.086,1.9,0.252134,0
40.088,1.9,0.252234,0
40.09,1.9,0.251932,0
40.092,1.9,0.251932,0
40.094,1.9,0.251731,0
40.096,1.9,0.252537,0
40.098,1.9,0.25304,0
40.1,1.9,0.251529,0
40.102,1.9,0.251832,0
40.104,1.9,0.252436,0
40.106,1.9,0.252637,0
40.108,1.9,0.251832,0
40.11,1.9,0.252335,0
40.112,1.9,0.252637,0
40.114,1.9,0.253242,0
40.116,1.9,0.251832,0
40.118,1.9,0.252134,0
40.12,1.9,0.252234,0
40.122,1.9,0.252134,0
40.124,1.9,0.251328,0
40.126,1.9,0.251731,0
40.128,1.9,0.252234,0
40.13,1.9,0.253242,0
40.132,1.9,0.252234,0
40.134,1.9,0.252234,0
40.136,1.9,0.25163,0
40.138,1.9,0.253242,0
40.14,1.9,0.252033,0
40.142,1.9,0.25163,0
40.144,1.9,0.252637,0
40.146,1.9,0.252134,0
40.148,1.9,0.25304,0
40.15,1.9,0.253443,0
40.152,1.9,0.252738,0
40.154,1.9,0.251126,0
40.156,1.9,0.252234,0
40.158,1.9,0.252738,0
40.16,1.9,0.252234,0
40.162,1.9,0.252537,0
40.164,1.9,0.252234,0
40.166,1.9,0.252436,0
40.168,1.9,0.25163,0
40.17,1.9,0.251932,0
40.172,1.9,0.252134,0
40.174,1.9,0.252134,0
40.176,1.9,0.252436,0
40.178,1.9,0.25163,0
40.18,1.9,0.251832,0
40.182,1.9,0.251529,0
40.184,1.9,0.25163,0
40.186,1.9,0.252738,0
40.188,1.9,0.251529,0
40.19,1.9,0.252738,0
40.192,1.9,0.252335,0
40.194,1.9,0.252738,0
40.196,1.9,0.253242,0
40.198,1.9,0.252637,0
40.2,1.9,0.251932,0
40.202,1.9,0.251932,0
40.204,1.9,0.25163,0
40.206,1.9,0.251932,0
40.208,1.9,0.252134,0
40.21,1.9,0.252436,0
40.212,1.9,0.252033,0
40.214,1.9,0.251932,0
40.216,1.9,0.252637,0
40.218,1.9,0.252637,0
40.22,1.9,0.252134,0
40.222,1.9,0.252436,0
40.224,1.9,0.252436,0
40.226,1.9,0.253745,0
40.228,1.9,0.252839,0
40.23,1.9,0.25304,0
40.232,1.9,0.252335,0
40.234,1.9,0.252537,0
40.236,1.9,0.25304,0
40.238,1.9,0.25163,0
40.24,1.9,0.252637,0
40.242,1.9,0.252637,0
40.244,1.9,0.253342,0
40.246,1.9,0.252335,0
40.248,1.9,0.252335,0
40.25,1.9,0.250824,0
40.252,1.9,0.251429,0
40.254,1.9,0.252839,0
40.256,1.9,0.252738,0
40.258,1.9,0.252738,0
40.26,1.9,0.252637,0
40.262,1.9,0.251328,0
40.264,1.9,0.252033,0
40.266,1.9,0.252335,0
40.268,1.9,0.251932,0
40.27,1.9,0.252436,0
40.272,1.9,0.252033,0
40.274,1.9,0.252537,0
40.276,1.9,0.253141,0
40.278,1.9,0.25304,0
40.28,1.9,0.252436,0
40.282,1.9,0.251026,0
40.284,1.9,0.251529,0
40.286,1.9,0.253645,0
40.288,1.9,0.252637,0
40.29,1.9,0.252637,0
40.292,1.9,0.253645,0
40.294,1.9,0.252537,0
40.296,1.9,0.252335,0
40.298,1.9,0.252033,0
40.3,1.9,0.252839,0
40.302,1.9,0.252335,0
40.304,1.9,0.253342,0
40.306,1.9,0.252637,0
40.308,1.9,0.252234,0
40.31,1.9,0.251731,0
40.312,1.9,0.251429,0
40.314,1.9,0.251832,0
40.316,1.9,0.252134,0
40.318,1.9,0.252436,0
40.32,1.9,0.252436,0
40.322,1.9,0.252537,0
40.324,1.9,0.251832,0
40.326,1.9,0.251832,0
40.328,1.9,0.25163,0
40.33,1.9,0.252436,0
40.332,1.9,0.253443,0
40.334,1.9,0.25294,0
40.336,1.9,0.252537,0
40.338,1.9,0.252033,0
40.34,1.9,0.252033,0
40.342,1.9,0.252234,0
40.344,1.9,0.252436,0
40.346,1.9,0.252436,0
40.348,1.9,0.25163,0
40.35,1.9,0.252234,0
40.352,1.9,0.252033,0
40.354,1.9,0.252537,0
40.356,1.9,0.252033,0
40.358,1.9,0.251731,0
40.36,1.9,0.25163,0
40.362,1.9,0.252839,0
40.364,1.9,0.251529,0
40.366,1.9,0.252234,0
40.368,1.9,0.252134,0
40.37,1.9,0.252537,0
40.372,1.9,0.251832,0
40.374,1.9,0.251731,0
40.376,1.9,0.252637,0
40.378,1.9,0.252537,0
40.38,1.9,0.25304,0
40.382,1.9,0.25304,0
40.384,1.9,0.252436,0
40.386,1.9,0.253141,0
40.388,1.9,0.252537,0
40.39,1.9,0.252234,0
40.392,1.9,0.252134,0
40.394,1.9,0.251731,0
40.396,1.9,0.25294,0
40.398,1.9,0.252033,0
40.4,1.9,0.252234,0
40.402,1.9,0.252436,0
40.404,1.9,0.252637,0
40.406,1.9,0.251832,0
40.408,1.9,0.251731,0
40.41,1.9,0.251126,0
40.412,1.9,0.252335,0
40.414,1.9,0.253544,0
40.416,1.9,0.253242,0
40.418,1.9,0.253544,0
40.42,1.9,0.252335,0
40.422,1.9,0.252335,0
40.424,1.9,0.252637,0
40.426,1.9,0.25294,0
40.428,1.9,0.252839,0
40.43,1.9,0.252637,0
40.432,1.9,0.251932,0
40.434,1.9,0.252134,0
40.436,1.9,0.252134,0
40.438,1.9,0.252436,0
40.44,1.9,0.251429,0
40.442,1.9,0.252839,0
40.444,1.9,0.252637,0
40.446,1.9,0.252537,0
40.448,1.9,0.252335,0
40.45,1.9,0.252335,0
40.452,1.9,0.251932,0
40.454,1.9,0.251932,0
40.456,1.9,0.252436,0
40.458,1.9,0.252637,0
40.46,1.9,0.252436,0
40.462,1.9,0.25304,0
40.464,1.9,0.252637,0
40.466,1.9,0.25294,0
40.468,1.9,0.253443,0
40.47,1.9,0.252033,0
40.472,1.9,0.251529,0
40.474,1.9,0.252335,0
40.476,1.9,0.251932,0
40.478,1.9,0.252234,0
40.48,1.9,0.252335,0
40.482,1.9,0.251832,0
40.484,1.9,0.252839,0
40.486,1.9,0.252134,0
40.488,1.9,0.251932,0
40.49,1.9,0.252335,0
40.492,1.9,0.252335,0
40.494,1.9,0.252637,0
40.496,1.9,0.251932,0
40.498,1.9,0.252637,0
40.5,1.9,0.251832,0
40.502,1.9,0.25163,0
40.504,1.9,0.252134,0
40.506,1.9,0.253242,0
40.508,1.9,0.254148,0
40.51,1.9,0.25294,0
40.512,1.9,0.252033,0
40.514,1.9,0.252537,0
40.516,1.9,0.251932,0
40.518,1.9,0.252839,0
40.52,1.9,0.252134,0
40.522,1.9,0.251328,0
40.524,1.9,0.25304,0
40.526,1.9,0.252436,0
40.528,1.9,0.252134,0
40.53,1.9,0.251429,0
40.532,1.9,0.251932,0
40.534,1.9,0.252738,0
40.536,1.9,0.252637,0
40.538,1.9,0.253443,0
40.54,1.9,0.252436,0
40.542,1.9,0.252134,0
40.544,1.9,0.251832,0
40.546,1.9,0.252738,0
40.548,1.9,0.25163,0
40.55,1.9,0.252033,0
40.552,1.9,0.252738,0
40.554,1.9,0.252436,0
40.556,1.9,0.252234,0
40.558,1.9,0.251832,0
40.56,1.9,0.252033,0
40.562,1.9,0.252134,0
40.564,1.9,0.252033,0
40.566,1.9,0.252637,0
40.568,1.9,0.25163,0
40.57,1.9,0.252436,0
40.572,1.9,0.252738,0
40.574,1.9,0.25163,0
40.576,1.9,0.25304,0
40.578,1.9,0.252335,0
40.58,1.9,0.252134,0
40.582,1.9,0.252738,0
40.584,1.9,0.253242,0
40.586,1.9,0.253141,0
40.588,1.9,0.253141,0
40.59,1.9,0.252033,0
40.592,1.9,0.252234,0
40.594,1.9,0.252033,0
40.596,1.9,0.252436,0
40.598,1.9,0.252436,0
40.6,1.9,0.252234,0
40.602,1.9,0.252234,0
40.604,1.9,0.252537,0
40.606,1.9,0.252033,0
40.608,1.9,0.251731,0
40.61,1.9,0.251832,0
40.612,1.9,0.251529,0
40.614,1.9,0.252738,0
40.616,1.9,0.252839,0
40.618,1.9,0.253141,0
40.62,1.9,0.252839,0
40.622,1.9,0.25304,0
40.624,1.9,0.251832,0
40.626,1.9,0.251932,0
40.628,1.9,0.252134,0
40.63,1.9,0.251429,0
40.632,1.9,0.252436,0
40.634,1.9,0.252738,0
40.636,1.9,0.252637,0
40.638,1.9,0.25163,0
40.64,1.9,0.252033,0
40.642,1.9,0.251026,0
40.644,1.9,0.252637,0
40.646,1.9,0.251731,0
40.648,1.9,0.251731,0
40.65,1.9,0.252637,0
40.652,1.9,0.252738,0
40.654,1.9,0.25163,0
40.656,1.9,0.251429,0
40.658,1.9,0.251026,0
40.66,1.9,0.252637,0
40.662,1.9,0.252335,0
40.664,1.9,0.252839,0
40.666,1.9,0.252637,0
40.668,1.9,0.252738,0
40.67,1.9,0.252637,0
40.672,1.9,0.252436,0
40.674,1.9,0.251731,0
40.676,1.9,0.252637,0
40.678,1.9,0.25304,0
40.68,1.9,0.252033,0
40.682,1.9,0.252738,0
40.684,1.9,0.252436,0
40.686,1.9,0.252738,0
40.688,1.9,0.252335,0
40.69,1.9,0.25163,0
40.692,1.9,0.252436,0
40.694,1.9,0.251429,0
40.696,1.9,0.252134,0
40.698,1.9,0.252234,0
40.7,1.9,0.251429,0
40.702,1.9,0.251429,0
40.704,1.9,0.251832,0
40.706,1.9,0.251832,0
40.708,1.9,0.252637,0
40.71,1.9,0.253342,0
40.712,1.9,0.253141,0
40.714,1.9,0.252839,0
40.716,1.9,0.25304,0
40.718,1.9,0.252134,0
40.72,1.9,0.250824,0
40.722,1.9,0.251126,0
40.724,1.9,0.252738,0
40.726,1.9,0.25304,0
40.728,1.9,0.25294,0
40.73,1.9,0.253342,0
40.732,1.9,0.252537,0
40.734,1.9,0.252033,0
40.736,1.9,0.251731,0
40.738,1.9,0.252033,0
40.74,1.9,0.251731,0
40.742,1.9,0.252436,0
40.744,1.9,0.252436,0
40.746,1.9,0.252335,0
40.748,1.9,0.252033,0
40.75,1.9,0.252738,0
40.752,1.9,0.252436,0
40.754,1.9,0.251731,0
40.756,1.9,0.252537,0
40.758,1.9,0.25163,0
40.76,1.9,0.25304,0
40.762,1.9,0.253443,0
40.764,1.9,0.253141,0
40.766,1.9,0.252234,0
40.768,1.9,0.251429,0
40.77,1.9,0.251832,0
40.772,1.9,0.25163,0
40.774,1.9,0.251932,0
40.776,1.9,0.252436,0
40.778,1.9,0.252537,0
40.78,1.9,0.252738,0
40.782,1.9,0.251529,0
40.784,1.9,0.251227,0
40.786,1.9,0.252637,0
40.788,1.9,0.253141,0
40.79,1.9,0.251932,0
40.792,1.9,0.251832,0
40.794,1.9,0.252234,0
40.796,1.9,0.252134,0
40.798,1.9,0.252234,0
40.8,1.9,0.251529,0
40.802,1.9,0.251932,0
40.804,1.9,0.251529,0
40.806,1.9,0.252537,0
40.808,1.9,0.251932,0
40.81,1.9,0.252738,0
40.812,1.9,0.252335,0
40.814,1.9,0.251932,0
40.816,1.9,0.25163,0
40.818,1.9,0.252436,0
40.82,1.9,0.251731,0
40.822,1.9,0.252537,0
40.824,1.9,0.252335,0
40.826,1.9,0.252335,0
40.828,1.9,0.252033,0
40.83,1.9,0.251731,0
40.832,1.9,0.251328,0
40.834,1.9,0.252134,0
40.836,1.9,0.252335,0
40.838,1.9,0.252234,0
40.84,1.9,0.252234,0
40.842,1.9,0.251731,0
40.844,1.9,0.252738,0
40.846,1.9,0.25163,0
40.848,1.9,0.252234,0
40.85,1.9,0.25163,0
40.852,1.9,0.251832,0
40.854,1.9,0.252134,0
40.856,1.9,0.251529,0
40.858,1.9,0.252134,0
40.86,1.9,0.252335,0
40.862,1.9,0.253141,0
40.864,1.9,0.251731,0
40.866,1.9,0.251731,0
40.868,1.9,0.252637,0
40.87,1.9,0.252537,0
40.872,1.9,0.252335,0
40.874,1.9,0.252637,0
40.876,1.9,0.251227,0
40.878,1.9,0.251932,0
40.88,1.9,0.252134,0
40.882,1.9,0.251328,0
40.884,1.9,0.25294,0
40.886,1.9,0.252033,0
40.888,1.9,0.252335,0
40.89,1.9,0.252033,0
40.892,1.9,0.252839,0
40.894,1.9,0.25163,0
40.896,1.9,0.25163,0
40.898,1.9,0.251932,0
40.9,1.9,0.252839,0
40.902,1.9,0.252537,0
40.904,1.9,0.252637,0
40.906,1.9,0.252134,0
40.908,1.9,0.252335,0
40.91,1.9,0.252839,0
40.912,1.9,0.251932,0
40.914,1.9,0.252839,0
40.916,1.9,0.251529,0
40.918,1.9,0.251731,0
40.92,1.9,0.252436,0
40.922,1.9,0.252234,0
40.924,1.9,0.250925,0
40.926,1.9,0.251832,0
40.928,1.9,0.251932,0
40.93,1.9,0.252335,0
40.932,1.9,0.251731,0
40.934,1.9,0.252637,0
40.936,1.9,0.252335,0
40.938,1.9,0.252134,0
40.94,1.9,0.25163,0
40.942,1.9,0.250824,0
40.944,1.9,0.251932,0
40.946,1.9,0.251731,0
40.948,1.9,0.25304,0
40.95,1.9,0.252033,0
40.952,1.9,0.251731,0
40.954,1.9,0.251932,0
40.956,1.9,0.251731,0
40.958,1.9,0.252637,0
40.96,1.9,0.251932,0
40.962,1.9,0.252033,0
40.964,1.9,0.253141,0
40.966,1.9,0.25304,0
40.968,1.9,0.25294,0
40.97,1.9,0.252234,0
40.972,1.9,0.25163,0
40.974,1.9,0.251529,0
40.976,1.9,0.251932,0
40.978,1.9,0.252637,0
40.98,1.9,0.252839,0
40.982,1.9,0.251932,0
40.984,1.9,0.252134,0
40.986,1.9,0.252234,0
40.988,1.9,0.252335,0
40.99,1.9,0.252335,0
40.992,1.9,0.252033,0
40.994,1.9,0.252637,0
40.996,1.9,0.25294,0
40.998,1.9,0.25163,0
41,2,0.252335,0
41.002,2,0.267042,0
41.004,2,0.266639,0
41.006,2,0.267344,0
41.008,2,0.267344,0
41.01,2,0.267546,0
41.012,2,0.268049,0
41.014,2,0.267647,0
41.016,2,0.266941,0
41.018,2,0.267244,0
41.02,2,0.26674,0
41.022,2,0.267042,0
41.024,2,0.267747,0
41.026,2,0.267445,0
41.028,2,0.26815,0
41.03,2,0.268956,0
41.032,2,0.26815,0
41.034,2,0.267647,0
41.036,2,0.267042,0
41.038,2,0.267848,0
41.04,2,0.267344,0
41.042,2,0.267344,0
41.044,2,0.267546,0
41.046,2,0.267445,0
41.048,2,0.267949,0
41.05,2,0.268251,0
41.052,2,0.267848,0
41.054,2,0.267546,0
41.056,2,0.267647,0
41.058,2,0.266941,0
41.06,2,0.267747,0
41.062,2,0.266841,0
41.064,2,0.267344,0
41.066,2,0.267143,0
41.068,2,0.267445,0
41.07,2,0.267445,0
41.072,2,0.266438,0
41.074,2,0.267344,0
41.076,2,0.266337,0
41.078,2,0.267244,0
41.08,2,0.267244,0
41.082,2,0.267647,0
41.084,2,0.267143,0
41.086,2,0.267848,0
41.088,2,0.267949,0
41.09,2,0.26815,0
41.092,2,0.26674,0
41.094,2,0.26674,0
41.096,2,0.267445,0
41.098,2,0.267747,0
41.1,2,0.267747,0
41.102,2,0.268352,0
41.104,2,0.266841,0
41.106,2,0.267647,0
41.108,2,0.267949,0
41.11,2,0.266841,0
41.112,2,0.267445,0
41.114,2,0.267244,0
41.116,2,0.267344,0
41.118,2,0.268352,0
41.12,2,0.267949,0
41.122,2,0.267848,0
41.124,2,0.267546,0
41.126,2,0.267848,0
41.128,2,0.266841,0
41.13,2,0.267344,0
41.132,2,0.266941,0
41.134,2,0.267647,0
41.136,2,0.267949,0
41.138,2,0.268049,0
41.14,2,0.268049,0
41.142,2,0.267445,0
41.144,2,0.267143,0
41.146,2,0.267445,0
41.148,2,0.266841,0
41.15,2,0.267244,0
41.152,2,0.267949,0
41.154,2,0.267949,0
41.156,2,0.26815,0
41.158,2,0.267244,0
41.16,2,0.267042,0
41.162,2,0.267445,0
41.164,2,0.267344,0
41.166,2,0.267546,0
41.168,2,0.267546,0
41.17,2,0.267244,0
41.172,2,0.266941,0
41.174,2,0.267949,0
41.176,2,0.267344,0
41.178,2,0.267949,0
41.18,2,0.266941,0
41.182,2,0.267042,0
41.184,2,0.267647,0
41.186,2,0.267848,0
41.188,2,0.268553,0
41.19,2,0.267647,0
41.192,2,0.267445,0
41.194,2,0.267042,0
41.196,2,0.267344,0
41.198,2,0.267344,0
41.2,2,0.267445,0
41.202,2,0.267848,0
41.204,2,0.266941,0
41.206,2,0.267949,0
41.208,2,0.267747,0
41.21,2,0.267949,0
41.212,2,0.268251,0
41.214,2,0.267949,0
41.216,2,0.267647,0
41.218,2,0.267848,0
41.22,2,0.267546,0
41.222,2,0.268251,0
41.224,2,0.267747,0
41.226,2,0.267647,0
41.228,2,0.267949,0
41.23,2,0.267949,0
41.232,2,0.267647,0
41.234,2,0.267747,0
41.236,2,0.266941,0
41.238,2,0.266941,0
41.24,2,0.267949,0
41.242,2,0.267546,0
41.244,2,0.267445,0
41.246,2,0.267546,0
41.248,2,0.267445,0
41.25,2,0.267042,0
41.252,2,0.266841,0
41.254,2,0.266639,0
41.256,2,0.266841,0
41.258,2,0.267445,0
41.26,2,0.26815,0
41.262,2,0.267143,0
41.264,2,0.267445,0
41.266,2,0.267747,0
41.268,2,0.267647,0
41.27,2,0.267344,0
41.272,2,0.267143,0
41.274,2,0.266841,0
41.276,2,0.267445,0
41.278,2,0.267747,0
41.28,2,0.267445,0
41.282,2,0.267848,0
41.284,2,0.267344,0
41.286,2,0.266941,0
41.288,2,0.266337,0
41.29,2,0.267344,0
41.292,2,0.267244,0
41.294,2,0.266841,0
41.296,2,0.267244,0
41.298,2,0.26815,0
41.3,2,0.267546,0
41.302,2,0.267848,0
41.304,2,0.267042,0
41.306,2,0.267244,0
41.308,2,0.267042,0
41.31,2,0.267647,0
41.312,2,0.267949,0
41.314,2,0.267445,0
41.316,2,0.267647,0
41.318,2,0.267848,0
41.32,2,0.267647,0
41.322,2,0.267647,0
41.324,2,0.267848,0
41.326,2,0.266639,0
41.328,2,0.267244,0
41.33,2,0.268251,0
41.332,2,0.267747,0
41.334,2,0.267244,0
41.336,2,0.268049,0
41.338,2,0.267344,0
41.34,2,0.267143,0
41.342,2,0.267143,0
41.344,2,0.267244,0
41.346,2,0.267143,0
41.348,2,0.267949,0
41.35,2,0.267949,0
41.352,2,0.268452,0
41.354,2,0.267949,0
41.356,2,0.267143,0
41.358,2,0.267344,0
41.36,2,0.267546,0
41.362,2,0.267244,0
41.364,2,0.266841,0
41.366,2,0.267244,0
41.368,2,0.267747,0
41.37,2,0.267647,0
41.372,2,0.26815,0
41.374,2,0.268049,0
41.376,2,0.266337,0
41.378,2,0.26674,0
41.38,2,0.267042,0
41.382,2,0.266841,0
41.384,2,0.267143,0
41.386,2,0.267747,0
41.388,2,0.267747,0
41.39,2,0.267949,0
41.392,2,0.267546,0
41.394,2,0.267042,0
41.396,2,0.266639,0
41.398,2,0.266941,0
41.4,2,0.267747,0
41.402,2,0.267747,0
41.404,2,0.268049,0
41.406,2,0.267546,0
41.408,2,0.266941,0
41.41,2,0.267647,0
41.412,2,0.267042,0
41.414,2,0.267244,0
41.416,2,0.266841,0
41.418,2,0.26674,0
41.42,2,0.267848,0
41.422,2,0.267747,0
41.424,2,0.267747,0
41.426,2,0.268352,0
41.428,2,0.267747,0
41.43,2,0.266438,0
41.432,2,0.267445,0
41.434,2,0.267747,0
41.436,2,0.267344,0
41.438,2,0.26674,0
41.44,2,0.266941,0
41.442,2,0.267848,0
41.444,2,0.267949,0
41.446,2,0.267546,0
41.448,2,0.267244,0
41.45,2,0.266941,0
41.452,2,0.266438,0
41.454,2,0.267747,0
41.456,2,0.266841,0
41.458,2,0.267445,0
41.46,2,0.267244,0
41.462,2,0.267848,0
41.464,2,0.268251,0
41.466,2,0.267546,0
41.468,2,0.266639,0
41.47,2,0.26674,0
41.472,2,0.267747,0
41.474,2,0.268251,0
41.476,2,0.267445,0
41.478,2,0.267647,0
41.48,2,0.26815,0
41.482,2,0.267747,0
41.484,2,0.267244,0
41.486,2,0.267747,0
41.488,2,0.266639,0
41.49,2,0.267344,0
41.492,2,0.267848,0
41.494,2,0.267848,0
41.496,2,0.267445,0
41.498,2,0.267445,0
41.5,2,0.267042,0
41.502,2,0.267344,0
41.504,2,0.266941,0
41.506,2,0.26674,0
41.508,2,0.266841,0
41.51,2,0.267042,0
41.512,2,0.267344,0
41.514,2,0.267445,0
41.516,2,0.267445,0
41.518,2,0.267546,0
41.52,2,0.266941,0
41.522,2,0.266538,0
41.524,2,0.267647,0
41.526,2,0.267244,0
41.528,2,0.268251,0
41.53,2,0.267747,0
41.532,2,0.267445,0
41.534,2,0.268352,0
41.536,2,0.267848,0
41.538,2,0.267647,0
41.54,2,0.267747,0
41.542,2,0.267244,0
41.544,2,0.267042,0
41.546,2,0.267546,0
41.548,2,0.267344,0
41.55,2,0.267848,0
41.552,2,0.267848,0
41.554,2,0.268049,0
41.556,2,0.26674,0
41.558,2,0.266236,0
41.56,2,0.267445,0
41.562,2,0.267143,0
41.564,2,0.267848,0
41.566,2,0.267848,0
41.568,2,0.267949,0
41.57,2,0.267949,0
41.572,2,0.267546,0
41.574,2,0.266941,0
41.576,2,0.266841,0
41.578,2,0.266538,0
41.58,2,0.268251,0
41.582,2,0.267546,0
41.584,2,0.267445,0
41.586,2,0.267244,0
41.588,2,0.267546,0
41.59,2,0.267143,0
41.592,2,0.266841,0
41.594,2,0.267244,0
41.596,2,0.267042,0
41.598,2,0.267445,0
41.6,2,0.267445,0
41.602,2,0.268049,0
41.604,2,0.267747,0
41.606,2,0.26674,0
41.608,2,0.267546,0
41.61,2,0.267344,0
41.612,2,0.266841,0
41.614,2,0.266941,0
41.616,2,0.267042,0
41.618,2,0.267244,0
41.62,2,0.268251,0
41.622,2,0.267344,0
41.624,2,0.266841,0
41.626,2,0.267848,0
41.628,2,0.266538,0
41.63,2,0.267143,0
41.632,2,0.267244,0
41.634,2,0.267647,0
41.636,2,0.267848,0
41.638,2,0.267143,0
41.64,2,0.267848,0
41.642,2,0.267848,0
41.644,2,0.267244,0
41.646,2,0.267344,0
41.648,2,0.266438,0
41.65,2,0.267344,0
41.652,2,0.267445,0
41.654,2,0.267848,0
41.656,2,0.26815,0
41.658,2,0.267848,0
41.66,2,0.267244,0
41.662,2,0.267445,0
41.664,2,0.26674,0
41.666,2,0.266841,0
41.668,2,0.267042,0
41.67,2,0.267546,0
41.672,2,0.267949,0
41.674,2,0.267344,0
41.676,2,0.267747,0
41.678,2,0.267344,0
41.68,2,0.267546,0
41.682,2,0.267244,0
41.684,2,0.267143,0
41.686,2,0.267143,0
41.688,2,0.267546,0
41.69,2,0.267949,0
41.692,2,0.267647,0
41.694,2,0.267848,0
41.696,2,0.267042,0
41.698,2,0.267445,0
41.7,2,0.267244,0
41.702,2,0.267244,0
41.704,2,0.266438,0
41.706,2,0.267546,0
41.708,2,0.267848,0
41.71,2,0.267445,0
41.712,2,0.267647,0
41.714,2,0.267042,0
41.716,2,0.267244,0
41.718,2,0.266941,0
41.72,2,0.266841,0
41.722,2,0.267647,0
41.724,2,0.267647,0
41.726,2,0.268452,0
41.728,2,0.267143,0
41.73,2,0.267848,0
41.732,2,0.267445,0
41.734,2,0.267143,0
41.736,2,0.267344,0
41.738,2,0.267747,0
41.74,2,0.266841,0
41.742,2,0.267848,0
41.744,2,0.267949,0
41.746,2,0.268553,0
41.748,2,0.267747,0
41.75,2,0.267344,0
41.752,2,0.267546,0
41.754,2,0.267949,0
41.756,2,0.267244,0
41.758,2,0.267244,0
41.76,2,0.267546,0
41.762,2,0.268049,0
41.764,2,0.267647,0
41.766,2,0.267445,0
41.768,2,0.267647,0
41.77,2,0.267042,0
41.772,2,0.267546,0
41.774,2,0.267042,0
41.776,2,0.267546,0
41.778,2,0.267244,0
41.78,2,0.267848,0
41.782,2,0.268352,0
41.784,2,0.267546,0
41.786,2,0.267949,0
41.788,2,0.267143,0
41.79,2,0.266941,0
41.792,2,0.267244,0
41.794,2,0.267747,0
41.796,2,0.266639,0
41.798,2,0.267344,0
41.8,2,0.267344,0
41.802,2,0.268049,0
41.804,2,0.267344,0
41.806,2,0.267546,0
41.808,2,0.267244,0
41.81,2,0.265833,0
41.812,2,0.266438,0
41.814,2,0.267647,0
41.816,2,0.268452,0
41.818,2,0.267344,0
41.82,2,0.267445,0
41.822,2,0.267747,0
41.824,2,0.267647,0
41.826,2,0.267042,0
41.828,2,0.267042,0
41.83,2,0.266841,0
41.832,2,0.267445,0
41.834,2,0.26815,0
41.836,2,0.268553,0
41.838,2,0.267747,0
41.84,2,0.267848,0
41.842,2,0.266941,0
41.844,2,0.267042,0
41.846,2,0.266841,0
41.848,2,0.267042,0
41.85,2,0.267949,0
41.852,2,0.268049,0
41.854,2,0.267949,0
41.856,2,0.267848,0
41.858,2,0.267344,0
41.86,2,0.266941,0
41.862,2,0.268251,0
41.864,2,0.267344,0
41.866,2,0.267848,0
41.868,2,0.268251,0
41.87,2,0.267747,0
41.872,2,0.267546,0
41.874,2,0.267848,0
41.876,2,0.267344,0
41.878,2,0.266941,0
41.88,2,0.26674,0
41.882,2,0.266337,0
41.884,2,0.267344,0
41.886,2,0.267647,0
41.888,2,0.268352,0
41.89,2,0.267445,0
41.892,2,0.267445,0
41.894,2,0.267848,0
41.896,2,0.267445,0
41.898,2,0.267042,0
41.9,2,0.266438,0
41.902,2,0.267647,0
41.904,2,0.267546,0
41.906,2,0.268452,0
41.908,2,0.268553,0
41.91,2,0.267949,0
41.912,2,0.267647,0
41.914,2,0.267244,0
41.916,2,0.267445,0
41.918,2,0.267344,0
41.92,2,0.267143,0
41.922,2,0.267546,0
41.924,2,0.267747,0
41.926,2,0.26815,0
41.928,2,0.267747,0
41.93,2,0.267244,0
41.932,2,0.267244,0
41.934,2,0.267042,0
41.936,2,0.267042,0
41.938,2,0.267143,0
41.94,2,0.267143,0
41.942,2,0.267445,0
41.944,2,0.267244,0
41.946,2,0.267546,0
41.948,2,0.266841,0
41.95,2,0.267344,0
41.952,2,0.267143,0
41.954,2,0.267344,0
41.956,2,0.267445,0
41.958,2,0.267647,0
41.96,2,0.26815,0
41.962,2,0.267848,0
41.964,2,0.267344,0
41.966,2,0.267445,0
41.968,2,0.267445,0
41.97,2,0.267445,0
41.972,2,0.267445,0
41.974,2,0.267344,0
41.976,2,0.266941,0
41.978,2,0.267848,0
41.98,2,0.267244,0
41.982,2,0.267344,0
41.984,2,0.26674,0
41.986,2,0.266438,0
41.988,2,0.267344,0
41.99,2,0.267143,0
41.992,2,0.266538,0
41.994,2,0.267445,0
41.996,2,0.268049,0
41.998,2,0.267949,0
42,-2,0.267848,0
42.002,-2,-0.25989,0
42.004,-2,-0.25707,0
42.006,-2,-0.256163,0
42.008,-2,-0.255156,0
42.01,-2,-0.254853,0
42.012,-2,-0.254551,0
42.014,-2,-0.233498,0
42.016,-2,-0.231886,0
42.018,-2,-0.230275,0
42.02,-2,-0.229771,0
42.022,-2,-0.228965,-1.34299
42.024,-2,-0.22826,-1.34299
42.026,-2,-0.226749,-2.05332
42.028,-2,-0.226245,-2.05332
42.03,-2,-0.226145,-2.05332
42.032,-2,-0.224332,-2.49804
42.034,-2,-0.224029,-2.49804
42.036,-2,-0.22272,-2.86175
42.038,-2,-0.220907,-2.86175
42.04,-2,-0.220604,-3.17881
42.042,-2,-0.220504,-3.47442
42.044,-2,-0.219799,-3.47442
42.046,-2,-0.219698,-3.7272
42.048,-2,-0.217985,-3.95604
42.05,-2,-0.216877,-3.95604
42.052,-2,-0.215366,-4.17057
42.054,-2,-0.214863,-4.34752
42.056,-2,-0.213956,-4.52083
42.058,-2,-0.213855,-4.52083
42.06,-2,-0.213956,-4.66968
42.062,-2,-0.213553,-4.81606
42.064,-2,-0.212747,-4.93437
42.066,-2,-0.211941,-5.03501
42.068,-2,-0.211035,-5.03501
42.07,-2,-0.209927,-5.15395
42.072,-2,-0.209927,-5.21882
42.074,-2,-0.210833,-5.29914
42.076,-2,-0.209524,-5.384
42.078,-2,-0.209423,-5.44089
42.08,-2,-0.210229,-5.50057
42.082,-2,-0.208214,-5.57305
42.084,-2,-0.208819,-5.57305
42.086,-2,-0.213049,-5.61241
42.088,-2,-0.224332,-5.65646
42.09,-2,-0.20761,-5.72125
42.092,-2,-0.206905,-5.74883
42.094,-2,-0.208013,-5.8029
42.096,-2,-0.206905,-5.83147
42.098,-2,-0.208516,-5.85691
42.1,-2,-0.206905,-5.90347
42.102,-2,-0.206401,-5.92346
42.104,-2,-0.207106,-5.93955
42.106,-2,-0.207005,-5.95813
42.108,-2,-0.206401,-5.98639
42.11,-2,-0.206703,-5.987
42.112,-2,-0.207207,-6.01664
42.114,-2,-0.2063,-6.01971
42.116,-2,-0.2062,-6.01291
42.118,-2,-0.206804,-6.03987
42.12,-2,-0.206703,-6.03101
42.122,-2,-0.205998,-6.0262
42.124,-2,-0.206603,-6.03987
42.126,-2,-0.206603,-6.03056
42.128,-2,-0.207308,-6.03768
42.13,-2,-0.224231,-6.04529
42.132,-2,-0.224734,-6.04574
42.134,-2,-0.20761,-6.04252
42.136,-2,-0.207106,-6.04359
42.138,-2,-0.2062,-6.04785
42.14,-2,-0.207509,-6.04533
42.142,-2,-0.206099,-6.04185
42.144,-2,-0.206502,-6.05017
42.146,-2,-0.206703,-6.04897
42.148,-2,-0.206603,-6.04926
42.15,-2,-0.205495,-6.05598
42.152,-2,-0.205998,-6.05282
42.154,-2,-0.205998,-6.05369
42.156,-2,-0.205998,-6.05154
42.158,-2,-0.205696,-6.064
42.16,-2,-0.2062,-6.06304
42.162,-2,-0.205595,-6.05901
42.164,-2,-0.206099,-6.05681
42.166,-2,-0.206502,-6.08236
42.168,-2,-0.206502,-6.06167
42.17,-2,-0.206804,-6.06167
42.172,-2,-0.206905,-6.06687
42.174,-2,-0.206502,-6.07509
42.176,-2,-0.205696,-6.07271
42.178,-2,-0.205897,-6.08412
42.18,-2,-0.22272,-6.08295
42.182,-2,-0.206401,-6.07425
42.184,-2,-0.207207,-6.09933
42.186,-2,-0.206401,-6.09445
42.188,-2,-0.206401,-6.09861
42.19,-2,-0.206703,-6.11609
42.192,-2,-0.206603,-6.1152
42.194,-2,-0.205797,-6.12576
42.196,-2,-0.204689,-6.13976
42.198,-2,-0.205595,-6.14189
42.2,-2,-0.205696,-6.154
42.202,-2,-0.206099,-6.16491
42.204,-2,-0.206401,-6.17728
42.206,-2,-0.2063,-6.18736
42.208,-2,-0.205495,-6.20325
42.21,-2,-0.205696,-6.20678
42.212,-2,-0.206099,-6.24072
42.214,-2,-0.204991,-6.25105
42.216,-2,-0.204689,-6.26363
42.218,-2,-0.204487,-6.2894
42.22,-2,-0.205192,-6.286
42.222,-2,-0.204386,-6.29927
42.224,-2,-0.221108,-6.3354
42.226,-2,-0.221007,-6.35038
42.228,-2,-0.204789,-6.36199
42.23,-2,-0.205092,-6.38627
42.232,-2,-0.203984,-6.39983
42.234,-2,-0.203883,-6.41749
42.236,-2,-0.204487,-6.43717
42.238,-2,-0.203883,-6.45443
42.24,-2,-0.203581,-6.47596
42.242,-2,-0.203984,-6.49653
42.244,-2,-0.203178,-6.51161
42.246,-2,-0.203581,-6.53874
42.248,-2,-0.202573,-6.55586
42.25,-2,-0.202674,-6.58023
42.252,-2,-0.20217,-6.60714
42.254,-2,-0.201566,-6.63936
42.256,-2,-0.20217,-6.67891
42.258,-2,-0.202271,-6.68907
42.26,-2,-0.20217,-6.71607
42.262,-2,-0.201868,-6.73892
42.264,-2,-0.20217,-6.78247
42.266,-2,-0.201465,-6.79071
42.268,-2,-0.20076,-6.82301
42.27,-2,-0.214863,-6.84967
42.272,-2,-0.201163,-6.91794
42.274,-2,-0.200357,-6.91723
42.276,-2,-0.199954,-6.96445
42.278,-2,-0.200357,-6.98836
42.28,-2,-0.201062,-7.01688
42.282,-2,-0.200962,-7.05318
42.284,-2,-0.199451,-7.08565
42.286,-2,-0.198342,-7.14726
42.288,-2,-0.198947,-7.18656
42.29,-2,-0.198947,-7.20749
42.292,-2,-0.199249,-7.23457
42.294,-2,-0.198846,-7.29207
42.296,-2,-0.199551,-7.30824
42.298,-2,-0.198443,-7.39478
42.3,-2,-0.198242,-7.41806
42.302,-2,-0.197537,-7.45323
42.304,-2,-0.197839,-7.49197
42.306,-2,-0.196932,-7.56782
42.308,-2,-0.212445,-7.60259
42.31,-2,-0.198141,-7.65237
42.312,-2,-0.196832,-7.69154
42.314,-2,-0.195824,-7.76918
42.316,-2,-0.196026,-7.81674
42.318,-2,-0.195321,-7.86188
42.32,-2,-0.194414,-7.90259
42.322,-2,-0.194414,-7.97989
42.324,-2,-0.19391,-8.03884
42.326,-2,-0.193104,-8.08171
42.328,-2,-0.193104,-8.16951
42.33,-2,-0.193407,-8.21065
42.332,-2,-0.192701,-8.25545
42.334,-2,-0.192903,-8.29163
42.336,-2,-0.191795,-8.38949
42.338,-2,-0.191996,-8.40098
42.34,-2,-0.190788,-8.49271
42.342,-2,-0.190888,-8.53883
42.344,-2,-0.193608,-8.6462
42.346,-2,-0.190485,-8.62687
42.348,-2,-0.189679,-8.805
42.35,-2,-0.189579,-8.7703
42.352,-2,-0.18978,-8.88218
42.354,-2,-0.189679,-8.88013
42.356,-2,-0.188874,-8.963
42.358,-2,-0.187463,-9.02978
42.36,-2,-0.18706,-9.1106
42.362,-2,-0.186255,-9.18513
42.364,-2,-0.186758,-9.26342
42.366,-2,-0.185549,-9.34444
42.368,-2,-0.185549,-9.46283
42.37,-2,-0.185751,-9.50395
42.372,-2,-0.184643,-9.64168
42.374,-2,-0.190788,-9.69308
42.376,-2,-0.199753,-9.78226
42.378,-2,-0.182527,-9.87873
42.38,-2,-0.182427,-9.9327
42.382,-2,-0.181923,-10.0489
42.384,-2,-0.181419,-10.1065
42.386,-2,-0.181218,-10.1948
42.388,-2,-0.179505,-10.3225
42.39,-2,-0.179808,-10.3439
42.392,-2,-0.179103,-10.4736
42.394,-2,-0.178397,-10.5456
42.396,-2,-0.177995,-10.637
42.398,-2,-0.177692,-10.6736
42.4,-2,-0.177592,-10.751
42.402,-2,-0.186557,-10.8354
42.404,-2,-0.176282,-10.9041
42.406,-2,-0.176181,-10.9554
42.408,-2,-0.175476,-11.0483
42.41,-2,-0.176081,-11.0985
42.412,-2,-0.175678,-11.1609
42.414,-2,-0.175375,-11.246
42.416,-2,-0.17467,-11.3138
42.418,-2,-0.173864,-11.3447
42.42,-2,-0.173764,-11.4204
42.422,-2,-0.172756,-11.493
42.424,-2,-0.172051,-11.5971
42.426,-2,-0.172353,-11.6665
42.428,-2,-0.186355,-11.7565
42.43,-2,-0.171548,-11.8161
42.432,-2,-0.17185,-11.9016
42.434,-2,-0.171245,-11.952
42.436,-2,-0.170842,-12.0338
42.438,-2,-0.170339,-12.1003
42.44,-2,-0.169533,-12.1825
42.442,-2,-0.168626,-12.2567
42.444,-2,-0.168022,-12.3156
42.446,-2,-0.167518,-12.367
42.448,-2,-0.167418,-12.4309
42.45,-2,-0.177995,-12.4878
42.452,-2,-0.167921,-12.4783
42.454,-2,-0.168324,-12.6264
42.456,-2,-0.167821,-12.7098
42.458,-2,-0.166813,-12.6795
42.46,-2,-0.166108,-12.8102
42.462,-2,-0.165907,-12.8786
42.464,-2,-0.164899,-12.941
42.466,-2,-0.164093,-13.0322
42.468,-2,-0.164093,-13.1843
42.47,-2,-0.162784,-13.2559
42.472,-2,-0.163489,-13.3175
42.474,-2,-0.166209,-13.3899
42.476,-2,-0.161877,-13.4427
42.478,-2,-0.162784,-13.5037
42.48,-2,-0.161676,-13.5519
42.482,-2,-0.161777,-13.5811
42.484,-2,-0.160769,-13.6324
42.486,-2,-0.161172,-13.6681
42.488,-2,-0.161374,-13.6897
42.49,-2,-0.159963,-13.6863
42.492,-2,-0.160366,-13.7109
42.494,-2,-0.16228,-13.7318
42.496,-2,-0.162179,-13.7205
42.498,-2,-0.161071,-13.7418
42.5,-2,-0.160769,-13.7354
42.502,-2,-0.162381,-13.766
42.504,-2,-0.161273,-13.7583
42.506,-2,-0.160971,-13.7879
42.508,-2,-0.160668,-13.8309
42.51,-2,-0.159963,-13.8548
42.512,-2,-0.15956,-13.8561
42.514,-2,-0.173361,-13.8946
42.516,-2,-0.161071,-13.9036
42.518,-2,-0.160165,-13.9552
42.52,-2,-0.160467,-13.97
42.522,-2,-0.159158,-13.892
42.524,-2,-0.159963,-14.0065
42.526,-2,-0.15956,-13.9415
42.528,-2,-0.160266,-13.9429
42.53,-2,-0.15956,-13.9231
42.532,-2,-0.160366,-13.8988
42.534,-2,-0.160467,-13.8913
42.536,-2,-0.161676,-13.8426
42.538,-2,-0.160769,-13.8363
42.54,-2,-0.161374,-13.7832
42.542,-2,-0.161575,-13.774
42.544,-2,-0.162179,-13.7312
42.546,-2,-0.161575,-13.6793
42.548,-2,-0.16228,-13.6312
42.55,-2,-0.162381,-13.6409
42.552,-2,-0.162582,-13.5594
42.554,-2,-0.163086,-13.501
42.556,-2,-0.177491,-13.4597
42.558,-2,-0.163791,-13.4192
42.56,-2,-0.164597,-13.3798
42.562,-2,-0.164496,-13.3474
42.564,-2,-0.163288,-13.2886
42.566,-2,-0.179103,-13.2149
42.568,-2,-0.247601,-5.45877
42.57,-2,-0.248004,6.9683
42.572,-2,-0.240852,3.26874
42.574,-2,-0.248205,2.19246
42.576,-2,-0.257674,7.08934
42.578,-2,-0.259588,4.84343
42.58,-2,-0.245586,4.24862
42.582,-2,-0.251731,2.5067
42.584,-2,-0.215064,1.78115
42.586,-2,-0.266941,7.55882
42.588,-2,-0.274698,4.5452
42.59,-2,-0.264322,1.3898
42.592,-2,-0.265733,5.39152
42.594,-2,-0.263516,4.18404
42.596,-2,-0.264625,4.18404
42.598,-2,-0.263718,4.15631
42.6,-2,-0.265128,3.91844
42.602,-2,-0.26261,3.91844
42.604,-2,-0.263315,3.84304
42.606,-2,-0.262811,3.84304
42.608,-2,-0.282051,3.78699
42.61,-2,-0.280742,3.53714
42.612,-2,-0.280238,3.32341
42.614,-2,-0.260595,3.32341
42.616,-2,-0.259487,2.78089
42.618,-2,-0.255458,2.78089
42.62,-2,-0.255055,2.71664
42.622,-2,-0.255559,2.71664
42.624,-2,-0.254853,2.71664
42.626,-2,-0.252436,2.34673
42.628,-2,-0.249212,2.34673
42.63,-2,-0.245485,2.34673
42.632,-2,-0.245989,1.79606
42.634,-2,-0.245485,1.39063
42.636,-2,-0.245385,1.13254
42.638,-2,-0.24619,0.956669
42.64,-2,-0.245788,0.827408
42.642,-2,-0.245888,1.55625
42.644,-2,-0.244176,1.55625
42.646,-2,-0.240952,1.55625
42.648,-2,-0.239038,1.55625
42.65,-2,-0.237729,-1.36107
42.652,-2,-0.237225,-1.11289
42.654,-2,-0.236923,-0.942414
42.656,-2,-0.236923,-0.670422
42.658,-2,-0.235513,-0.670422
42.66,-2,-0.235513,-0.670422
42.662,-2,-0.234103,-0.670422
42.664,-2,-0.233297,-0.670422
42.666,-2,-0.231886,-0.993945
42.668,-2,-0.231282,-0.993945
42.67,-2,-0.231685,-0.993945
42.672,-2,-0.230879,-1.63626
42.674,-2,-0.229872,-1.63626
42.676,-2,-0.248306,-1.63626
42.678,-2,-0.247903,-1.96185
42.68,-2,-0.246392,-1.96185
42.682,-2,-0.245586,-1.96185
42.684,-2,-0.226951,-2.35875
42.686,-2,-0.227051,-2.35875
42.688,-2,-0.226044,-2.57211
42.69,-2,-0.224332,-2.57211
42.692,-2,-0.223828,-2.76168
42.694,-2,-0.223828,-2.76168
42.696,-2,-0.223223,-2.9636
42.698,-2,-0.223929,-2.9636
42.7,-2,-0.222821,-3.10161
42.702,-2,-0.222518,-3.10161
42.704,-2,-0.222518,-3.24111
42.706,-2,-0.221209,-3.24111
42.708,-2,-0.220907,-3.37222
42.71,-2,-0.22,-3.53
42.712,-2,-0.219597,-3.53
42.714,-2,-0.219899,-3.67329
42.716,-2,-0.220302,-3.67329
42.718,-2,-0.22141,-3.76862
42.72,-2,-0.224936,-3.48235
42.722,-2,-0.243874,-2.22281
42.724,-2,-0.239844,-1.63266
42.726,-2,-0.238938,-1.28841
42.728,-2,-0.245989,-1.06545
42.73,-2,-0.244579,-0.907523
42.732,-2,-0.24206,-0.790469
42.734,-2,-0.244982,-3.37704
42.736,-2,-0.248104,-3.37704
42.738,-2,-0.24609,2.5793
42.74,-2,-0.244075,1.81694
42.742,-2,-0.243974,1.40057
42.744,-2,-0.242967,1.14063
42.746,-2,-0.243168,0.961631
42.748,-2,-0.243269,0.831173
42.75,-2,-0.241758,0.732448
42.752,-2,-0.241154,0.654063
42.754,-2,-0.241658,0.591059
42.756,-2,-0.240046,0.539097
42.758,-2,-0.240952,0.538203
42.76,-2,-0.239542,0.538203
42.762,-2,-0.238132,0.538203
42.764,-2,-0.238132,0.538203
42.766,-2,-0.237024,0.538203
42.768,-2,-0.236621,0.538203
42.77,-2,-0.237225,0.538203
42.772,-2,-0.242665,0.538203
42.774,-2,-0.24196,0.538203
42.776,-2,-0.241758,0.538203
42.778,-2,-0.242463,0.538203
42.78,-2,-0.242766,0.538203
42.782,-2,-0.243068,-0.496189
42.784,-2,-0.242463,-0.458925
42.786,-2,-0.242564,-0.42702
42.788,-2,-0.242262,-0.399209
42.79,-2,-0.24196,-0.374867
42.792,-2,-0.24337,-0.353317
42.794,-2,-0.242463,-0.334076
42.796,-2,-0.243068,-0.316833
42.798,-2,-0.242463,-0.301219
42.8,-2,-0.242866,-0.28715
42.802,-2,-0.241355,-0.27434
42.804,-2,-0.242363,-0.262617
42.806,-2,-0.242766,-0.251793
42.808,-2,-0.242463,-0.241891
42.81,-2,-0.242665,-0.232702
42.812,-2,-0.243773,-0.224189
42.814,-2,-0.243672,-0.216282
42.816,-2,-0.245183,-0.20894
42.818,-2,-0.24619,-0.202052
42.82,-2,-0.246896,-0.468659
42.822,-2,-0.248407,-0.468659
42.824,-2,-0.249918,-0.468659
42.826,-2,-0.249918,-0.468659
42.828,-2,-0.250018,-0.468659
42.83,-2,-0.250321,0.216356
42.832,-2,-0.249414,0.216356
42.834,-2,-0.249817,0.216356
42.836,-2,-0.249313,0.216356
42.838,-2,-0.248306,0.216356
42.84,-2,-0.248004,1.3749
42.842,-2,-0.246291,1.3749
42.844,-2,-0.245687,1.3749
42.846,-2,-0.245687,1.3749
42.848,-2,-0.244277,1.25742
42.85,-2,-0.243672,1.04338
42.852,-2,-0.243773,0.892289
42.854,-2,-0.243168,0.778767
42.856,-2,-0.243974,0.691099
42.858,-2,-0.243672,0.621106
42.86,-2,-0.244176,0.563803
42.862,-2,-0.245183,0.51658
42.864,-2,-0.245989,0.476429
42.866,-2,-0.246392,0.893061
42.868,-2,-0.24609,0.893061
42.87,-2,-0.245586,0.893061
42.872,-2,-0.245183,0.893061
42.874,-2,-0.244478,0.893061
42.876,-2,-0.243672,0.893061
42.878,-2,-0.242766,0.893061
42.88,-2,-0.242866,0.837008
42.882,-2,-0.243773,0.736371
42.884,-2,-0.243571,0.657536
42.886,-2,-0.243571,0.593848
42.888,-2,-0.243974,0.54147
42.89,-2,-0.243571,0.497579
42.892,-2,-0.243068,0.460274
42.894,-2,-0.243471,0.428097
42.896,-2,-0.243571,0.400187
42.898,-2,-0.243168,0.375717
42.9,-2,-0.243874,0.354002
42.902,-2,-0.242967,0.334766
42.904,-2,-0.242161,0.317383
42.906,-2,-0.242665,0.30178
42.908,-2,-0.242766,0.287634
42.91,-2,-0.243471,0.274818
42.912,-2,-0.243672,0.263012
42.914,-2,-0.243168,0.252161
42.916,-2,-0.24337,0.356144
42.918,-2,-0.243068,0.356144
42.92,-2,-0.242766,0.356144
42.922,-2,-0.24206,0.356144
42.924,-2,-0.243269,0.356144
42.926,-2,-0.242463,0.356144
42.928,-2,-0.242665,0.356144
42.93,-2,-0.243471,0.356144
42.932,-2,-0.243672,0.356144
42.934,-2,-0.243269,0.356144
42.936,-2,-0.243168,0.356144
42.938,-2,-0.24206,0.356144
42.94,-2,-0.242363,0.356144
42.942,-2,-0.242665,0.356144
42.944,-2,-0.242564,0.356144
42.946,-2,-0.242665,0.356144
42.948,-2,-0.242766,0.356144
42.95,-2,-0.243068,0.351339
42.952,-2,-0.242766,0.332396
42.954,-2,-0.242665,0.315248
42.956,-2,-0.243068,0.299826
42.958,-2,-0.242564,0.285849
42.96,-2,-0.243269,0.273161
42.962,-2,-0.243068,0.261532
42.964,-2,-0.241758,0.2508
42.966,-2,-0.242564,0.240983
42.968,-2,-0.241658,0.231858
42.97,-2,-0.24196,0.223405
42.972,-2,-0.241758,0.215582
42.974,-2,-0.242463,0.208238
42.976,-2,-0.241456,0.201423
42.978,-2,-0.241658,0.195009
42.98,-2,-0.241859,0.18902
42.982,-2,-0.241255,0.183362
42.984,-2,-0.241154,-0.178052
42.986,-2,-0.239643,-0.17302
42.988,-2,-0.238938,-0.168275
42.99,-2,-0.238434,-0.163789
42.992,-2,-0.238333,-0.159525
42.994,-2,-0.237125,-0.155478
42.996,-2,-0.235614,-0.151637
42.998,-2,-0.235513,-0.112345
43,-1.9,-0.23511,-0.112345
43.002,-1.9,-0.219698,-0.112345
43.004,-1.9,-0.219899,-0.112345
43.006,-1.9,-0.218892,-0.112345
43.008,-1.9,-0.217482,-1.04923
43.01,-1.9,-0.216978,-1.04923
43.012,-1.9,-0.216575,-1.04923
43.014,-1.9,-0.215064,-1.65907
43.016,-1.9,-0.213956,-1.65907
43.018,-1.9,-0.214158,-1.65907
43.02,-1.9,-0.212848,-2.09189
43.022,-1.9,-0.218993,-2.09189
43.024,-1.9,-0.22826,-2.07236
43.026,-1.9,-0.239844,1.54921
43.028,-1.9,-0.230375,1.23707
43.03,-1.9,-0.227555,1.02951
43.032,-1.9,-0.225641,0.882018
43.034,-1.9,-0.225742,0.770872
43.036,-1.9,-0.228159,0.684672
43.038,-1.9,-0.228159,0.616001
43.04,-1.9,-0.228462,0.559766
43.042,-1.9,-0.229167,2.4473
43.044,-1.9,-0.226749,2.4473
43.046,-1.9,-0.224734,2.4473
43.048,-1.9,-0.223626,-1.89847
43.05,-1.9,-0.22826,-1.45087
43.052,-1.9,-0.225641,-1.17343
43.054,-1.9,-0.227353,0.985026
43.056,-1.9,-0.226548,0.848732
43.058,-1.9,-0.227353,0.745656
43.06,-1.9,-0.227555,0.664673
43.062,-1.9,-0.227857,0.599798
43.064,-1.9,-0.228159,0.546396
43.066,-1.9,-0.227555,0.501736
43.068,-1.9,-0.228864,0.463805
43.07,-1.9,-0.227857,0.431276
43.072,-1.9,-0.227958,0.402947
43.074,-1.9,-0.227857,0.378015
43.076,-1.9,-0.22826,0.356083
43.078,-1.9,-0.228764,0.336626
43.08,-1.9,-0.228462,0.319121
43.082,-1.9,-0.228159,0.303338
43.084,-1.9,-0.228059,0.289051
43.086,-1.9,-0.227353,0.276008
43.088,-1.9,-0.227253,0.26412
43.09,-1.9,-0.227958,0.253226
43.092,-1.9,-0.227353,0.24319
43.094,-1.9,-0.227555,0.233917
43.096,-1.9,-0.228462,0.225324
43.098,-1.9,-0.227454,0.217344
43.1,-1.9,-0.227555,0.209907
43.102,-1.9,-0.227454,0.202962
43.104,-1.9,-0.227353,0.196466
43.106,-1.9,-0.227454,0.190369
43.108,-1.9,-0.228159,0.184641
43.11,-1.9,-0.228562,0.179246
43.112,-1.9,-0.228764,0.174165
43.114,-1.9,-0.227555,0.169358
43.116,-1.9,-0.228059,0.16482
43.118,-1.9,-0.227756,0.160494
43.12,-1.9,-0.227857,0.156405
43.122,-1.9,-0.22826,0.152516
43.124,-1.9,-0.227353,0.148818
43.126,-1.9,-0.228159,0.145293
43.128,-1.9,-0.228059,0.141938
43.13,-1.9,-0.228159,0.138722
43.132,-1.9,-0.228159,0.135667
43.134,-1.9,-0.228764,0.132727
43.136,-1.9,-0.22826,0.129916
43.138,-1.9,-0.227152,0.127221
43.14,-1.9,-0.227958,0.124637
43.142,-1.9,-0.228059,0.122155
43.144,-1.9,-0.227555,0.119776
43.146,-1.9,-0.228462,0.117481
43.148,-1.9,-0.227857,0.11528
43.15,-1.9,-0.228764,0.113149
43.152,-1.9,-0.229267,0.111098
43.154,-1.9,-0.227555,0.109124
43.156,-1.9,-0.228562,0.107217
43.158,-1.9,-0.228159,0.105375
43.16,-1.9,-0.228562,0.103599
43.162,-1.9,-0.22826,0.101876
43.164,-1.9,-0.228663,0.100211
43.166,-1.9,-0.227656,0.0986026
43.168,-1.9,-0.228562,0.0970434
43.17,-1.9,-0.228562,0.0955312
43.172,-1.9,-0.227756,0.0940653
43.174,-1.9,-0.22826,0.0926458
43.176,-1.9,-0.22826,0.0912694
43.178,-1.9,-0.228663,0.0899296
43.18,-1.9,-0.228159,0.0886314
43.182,-1.9,-0.228361,0.0873679
43.184,-1.9,-0.228764,0.0861422
43.186,-1.9,-0.228663,0.0849485
43.188,-1.9,-0.228562,0.0837918
43.19,-1.9,-0.228562,0.0826637
43.192,-1.9,-0.227958,0.0815649
43.194,-1.9,-0.228965,0.0804934
43.196,-1.9,-0.228663,0.0794536
43.198,-1.9,-0.22826,0.0784339
43.2,-1.9,-0.229368,0.077447
43.202,-1.9,-0.229368,0.0764784
43.204,-1.9,-0.229066,0.0755397
43.206,-1.9,-0.228965,0.0746178
43.208,-1.9,-0.228864,0.0737235
43.21,-1.9,-0.228864,0.0728494
43.212,-1.9,-0.228159,0.0719961
43.214,-1.9,-0.228663,0.0711595
43.216,-1.9,-0.228663,0.0703437
43.218,-1.9,-0.229267,0.0695453
43.22,-1.9,-0.22967,0.489801
43.222,-1.9,-0.228663,0.489801
43.224,-1.9,-0.228965,0.489801
43.226,-1.9,-0.22957,0.489801
43.228,-1.9,-0.229368,0.489801
43.23,-1.9,-0.229267,0.489801
43.232,-1.9,-0.229267,0.489801
43.234,-1.9,-0.229066,0.489801
43.236,-1.9,-0.229368,0.489801
43.238,-1.9,-0.229872,0.489801
43.24,-1.9,-0.229469,0.489801
43.242,-1.9,-0.229469,0.489801
43.244,-1.9,-0.229368,0.481821
43.246,-1.9,-0.229066,0.446611
43.248,-1.9,-0.229469,0.416388
43.25,-1.9,-0.229267,0.389935
43.252,-1.9,-0.229872,0.366614
43.254,-1.9,-0.229872,0.34598
43.256,-1.9,-0.229872,0.327445
43.258,-1.9,-0.22826,0.310905
43.26,-1.9,-0.230879,0.29589
43.262,-1.9,-0.230375,0.282262
43.264,-1.9,-0.229368,0.269883
43.266,-1.9,-0.22967,0.258468
43.268,-1.9,-0.229267,0.248058
43.27,-1.9,-0.230375,0.238423
43.272,-1.9,-0.230073,0.229472
43.274,-1.9,-0.230678,0.0597903
43.276,-1.9,-0.230073,0.0597903
43.278,-1.9,-0.22967,0.0597903
43.28,-1.9,-0.229973,0.0597903
43.282,-1.9,-0.229267,0.0597903
43.284,-1.9,-0.229368,0.0597903
43.286,-1.9,-0.229771,0.0597903
43.288,-1.9,-0.229872,0.0597903
43.29,-1.9,-0.230275,0.0597903
43.292,-1.9,-0.230778,0.0597903
43.294,-1.9,-0.229267,0.0597903
43.296,-1.9,-0.230476,0.0597903
43.298,-1.9,-0.230476,0.0597903
43.3,-1.9,-0.230375,0.0597903
43.302,-1.9,-0.229066,0.0597903
43.304,-1.9,-0.22957,0.0597903
43.306,-1.9,-0.22957,0.0597903
43.308,-1.9,-0.230174,0.0597903
43.31,-1.9,-0.230275,0.0597903
43.312,-1.9,-0.22967,0.0597903
43.314,-1.9,-0.22957,0.288257
43.316,-1.9,-0.229469,0.288257
43.318,-1.9,-0.229469,0.288257
43.32,-1.9,-0.229368,0.288257
43.322,-1.9,-0.230174,0.288257
43.324,-1.9,-0.22967,0.288257
43.326,-1.9,-0.229771,0.288257
43.328,-1.9,-0.229771,0.288257
43.33,-1.9,-0.229267,0.288257
43.332,-1.9,-0.229368,0.288257
43.334,-1.9,-0.228462,0.288257
43.336,-1.9,-0.228764,0.288257
43.338,-1.9,-0.229267,0.288257
43.34,-1.9,-0.229469,0.288257
43.342,-1.9,-0.228764,0.288257
43.344,-1.9,-0.228361,0.288257
43.346,-1.9,-0.227958,0.288257
43.348,-1.9,-0.22826,0.288257
43.35,-1.9,-0.227454,0.288257
43.352,-1.9,-0.22685,0.288257
43.354,-1.9,-0.226548,0.288257
43.356,-1.9,-0.227454,0.247959
43.358,-1.9,-0.227353,0.247959
43.36,-1.9,-0.226749,0.247959
43.362,-1.9,-0.226951,0.247959
43.364,-1.9,-0.226548,0.247959
43.366,-1.9,-0.226346,0.247959
43.368,-1.9,-0.225137,0.247959
43.37,-1.9,-0.225137,0.247959
43.372,-1.9,-0.22413,0.247959
43.374,-1.9,-0.223828,0.247959
43.376,-1.9,-0.224332,0.247959
43.378,-1.9,-0.224332,0.247959
43.38,-1.9,-0.22413,0.247959
43.382,-1.9,-0.224029,0.247959
43.384,-1.9,-0.223022,-0.380516
43.386,-1.9,-0.222518,-0.380516
43.388,-1.9,-0.221813,-0.380516
43.39,-1.9,-0.221813,-0.380516
43.392,-1.9,-0.221511,-0.380516
43.394,-1.9,-0.22131,-0.380516
43.396,-1.9,-0.221914,-0.793918
43.398,-1.9,-0.220201,-0.793918
43.4,-1.9,-0.220302,-0.793918
43.402,-1.9,-0.219899,-0.793918
43.404,-1.9,-0.22554,-0.793918
43.406,-1.9,-0.230375,-0.793918
43.408,-1.9,-0.229267,-0.793918
43.41,-1.9,-0.228462,-0.793918
43.412,-1.9,-0.228663,0.76147
43.414,-1.9,-0.229267,0.677709
43.416,-1.9,-0.228764,0.609974
43.418,-1.9,-0.227555,0.554899
43.42,-1.9,-0.22685,0.508802
43.422,-1.9,-0.227051,0.469942
43.424,-1.9,-0.228059,0.436588
43.426,-1.9,-0.22826,0.407468
43.428,-1.9,-0.227857,0.382076
43.43,-1.9,-0.227656,0.359697
43.432,-1.9,-0.228059,0.339787
43.434,-1.9,-0.228663,0.321985
43.436,-1.9,-0.227656,0.30589
43.438,-1.9,-0.228159,0.291368
43.44,-1.9,-0.228159,0.278191
43.442,-1.9,-0.228159,0.266092
43.444,-1.9,-0.227756,0.255035
43.446,-1.9,-0.228159,0.244865
43.448,-1.9,-0.228159,0.235466
43.45,-1.9,-0.22826,0.226756
43.452,-1.9,-0.228864,0.218683
43.454,-1.9,-0.228361,0.21116
43.456,-1.9,-0.228462,0.204146
43.458,-1.9,-0.228159,0.197578
43.46,-1.9,-0.227958,0.191407
43.462,-1.9,-0.228361,0.185611
43.464,-1.9,-0.227353,0.180154
43.466,-1.9,-0.227555,0.175018
43.468,-1.9,-0.228059,0.170167
43.47,-1.9,-0.227958,0.16557
43.472,-1.9,-0.227756,0.161235
43.474,-1.9,-0.228059,0.157109
43.476,-1.9,-0.227656,0.153171
43.478,-1.9,-0.229066,0.149449
43.48,-1.9,-0.229066,0.145897
43.482,-1.9,-0.227756,0.1425
43.484,-1.9,-0.228159,0.139268
43.486,-1.9,-0.229167,0.136182
43.488,-1.9,-0.22957,0.133227
43.49,-1.9,-0.228361,0.130391
43.492,-1.9,-0.229368,0.127679
43.494,-1.9,-0.227454,0.125078
43.496,-1.9,-0.228059,0.122581
43.498,-1.9,-0.227454,0.120179
43.5,-1.9,-0.228361,0.117866
43.502,-1.9,-0.228059,0.115649
43.504,-1.9,-0.229066,0.113504
43.506,-1.9,-0.228361,0.111442
43.508,-1.9,-0.228462,0.109456
43.51,-1.9,-0.228159,0.107536
43.512,-1.9,-0.228562,0.105685
43.514,-1.9,-0.227958,0.103896
43.516,-1.9,-0.228864,0.102167
43.518,-1.9,-0.228462,0.100496
43.52,-1.9,-0.228462,0.0988808
43.522,-1.9,-0.229167,0.0973061
43.524,-1.9,-0.228562,0.0957849
43.526,-1.9,-0.226749,0.0943128
43.528,-1.9,-0.227857,0.0928885
43.53,-1.9,-0.226951,0.091506
43.532,-1.9,-0.226951,0.0901585
43.534,-1.9,-0.227857,0.0888501
43.536,-1.9,-0.226548,0.0875885
43.538,-1.9,-0.22826,0.086353
43.54,-1.9,-0.228059,0.0851546
43.542,-1.9,-0.227353,0.083993
43.544,-1.9,-0.22826,0.0828561
43.546,-1.9,-0.228361,0.081752
43.548,-1.9,-0.228562,0.0806728
43.55,-1.9,-0.228462,0.0796264
43.552,-1.9,-0.228361,0.078611
43.554,-1.9,-0.227958,0.0776136
43.556,-1.9,-0.228965,0.076643
43.558,-1.9,-0.229066,0.0756995
43.56,-1.9,-0.228462,0.0747753
43.562,-1.9,-0.228059,0.0738755
43.564,-1.9,-0.227656,0.0729986
43.566,-1.9,-0.228059,0.0721392
43.568,-1.9,-0.227756,0.0712985
43.57,-1.9,-0.228361,0.0704798
43.572,-1.9,-0.227656,0.0696816
43.574,-1.9,-0.227958,0.0688973
43.576,-1.9,-0.228462,0.0681324
43.578,-1.9,-0.227555,0.0673845
43.58,-1.9,-0.228159,0.0666526
43.582,-1.9,-0.227857,0.0659366
43.584,-1.9,-0.228059,0.0652387
43.586,-1.9,-0.227454,0.0645493
43.588,-1.9,-0.226951,0.063877
43.59,-1.9,-0.227454,0.0632205
43.592,-1.9,-0.228059,0.0625758
43.594,-1.9,-0.228059,0.0619434
43.596,-1.9,-0.228159,0.0613253
43.598,-1.9,-0.228159,0.0607159
43.6,-1.9,-0.227152,0.0601234
43.602,-1.9,-0.227958,0.0595402
43.604,-1.9,-0.227353,0.0589657
43.606,-1.9,-0.228462,0.0584054
43.608,-1.9,-0.228462,0.0578535
43.61,-1.9,-0.228562,0.0573158
43.612,-1.9,-0.228864,0.0567837
43.614,-1.9,-0.228361,0.0562628
43.616,-1.9,-0.227756,0.0557521
43.618,-1.9,-0.228663,0.0552498
43.62,-1.9,-0.227555,0.0547565
43.622,-1.9,-0.227756,0.0542724
43.624,-1.9,-0.227555,0.0537964
43.626,-1.9,-0.228462,0.0533308
43.628,-1.9,-0.227656,0.0528696
43.63,-1.9,-0.228764,0.0524182
43.632,-1.9,-0.227656,0.0519741
43.634,-1.9,-0.228059,0.0515368
43.636,-1.9,-0.228864,0.0511077
43.638,-1.9,-0.228361,0.0506862
43.64,-1.9,-0.227555,0.0502709
43.642,-1.9,-0.228059,0.0498636
43.644,-1.9,-0.228462,0.04946
43.646,-1.9,-0.227756,0.0490644
43.648,-1.9,-0.228361,0.0486753
43.65,-1.9,-0.228462,0.0482922
43.652,-1.9,-0.227857,0.0479154
43.654,-1.9,-0.227958,0.0475447
43.656,-1.9,-0.227152,0.0471791
43.658,-1.9,-0.227555,0.0468192
43.66,-1.9,-0.228562,0.0464645
43.662,-1.9,-0.227756,0.0461155
43.664,-1.9,-0.228764,0.0457706
43.666,-1.9,-0.227958,0.0454317
43.668,-1.9,-0.227958,0.0450986
43.67,-1.9,-0.228361,0.0447687
43.672,-1.9,-0.226951,0.0444454
43.674,-1.9,-0.227756,0.0441259
43.676,-1.9,-0.228663,0.0438098
43.678,-1.9,-0.227756,0.0434989
43.68,-1.9,-0.228764,0.0431933
43.682,-1.9,-0.22826,0.0428914
43.684,-1.9,-0.228663,0.0425933
43.686,-1.9,-0.22826,0.0422999
43.688,-1.9,-0.228361,0.0420101
43.69,-1.9,-0.228059,0.0417255
43.692,-1.9,-0.227958,0.041443
43.694,-1.9,-0.228462,0.0411649
43.696,-1.9,-0.22826,0.0408904
43.698,-1.9,-0.228562,0.0406197
43.7,-1.9,-0.228159,0.0403536
43.702,-1.9,-0.227353,0.0400886
43.704,-1.9,-0.227857,0.0398282
43.706,-1.9,-0.227555,0.0395726
43.708,-1.9,-0.227454,0.0393182
43.71,-1.9,-0.227656,0.039068
43.712,-1.9,-0.229066,0.0388207
43.714,-1.9,-0.228159,0.0385766
43.716,-1.9,-0.228059,0.0383364
43.718,-1.9,-0.228764,0.0380974
43.72,-1.9,-0.228663,0.0378632
43.722,-1.9,-0.228059,0.03763
43.724,-1.9,-0.228159,0.0374016
43.726,-1.9,-0.227454,0.0371741
43.728,-1.9,-0.227152,0.0369509
43.73,-1.9,-0.228462,0.0367299
43.732,-1.9,-0.228159,0.036511
43.734,-1.9,-0.227857,0.0362952
43.736,-1.9,-0.228361,0.0360814
43.738,-1.9,-0.22826,0.0358715
43.74,-1.9,-0.228059,0.0356621
43.742,-1.9,-0.22826,0.0354558
43.744,-1.9,-0.228663,0.0352526
43.746,-1.9,-0.227656,0.0350513
43.748,-1.9,-0.227857,0.0348526
43.75,-1.9,-0.228361,0.0346554
43.752,-1.9,-0.227656,0.0344608
43.754,-1.9,-0.229066,0.0342677
43.756,-1.9,-0.22826,0.0340775
43.758,-1.9,-0.227958,0.0338893
43.76,-1.9,-0.228159,0.0337031
43.762,-1.9,-0.22826,0.0335191
43.764,-1.9,-0.228059,0.0333372
43.766,-1.9,-0.228462,0.033157
43.768,-1.9,-0.22826,0.0329785
43.77,-1.9,-0.228159,0.0328031
43.772,-1.9,-0.228965,0.032628
43.774,-1.9,-0.227454,0.0324555
43.776,-1.9,-0.228159,0.0322848
43.778,-1.9,-0.227756,0.032116
43.78,-1.9,-0.228965,0.031949
43.782,-1.9,-0.227958,0.0317831
43.784,-1.9,-0.227656,0.0316187
43.786,-1.9,-0.22826,0.0314568
43.788,-1.9,-0.22826,0.0312963
43.79,-1.9,-0.228562,0.0311376
43.792,-1.9,-0.228663,0.0309806
43.794,-1.9,-0.228059,0.0308246
43.796,-1.9,-0.227454,0.0306705
43.798,-1.9,-0.227958,0.030518
43.8,-1.9,-0.227656,0.0303673
43.802,-1.9,-0.229066,0.0302177
43.804,-1.9,-0.228764,0.0300697
43.806,-1.9,-0.228159,0.0299234
43.808,-1.9,-0.228462,0.0297777
43.81,-1.9,-0.228059,0.0296336
43.812,-1.9,-0.227656,0.0294913
43.814,-1.9,-0.228159,0.0293507
43.816,-1.9,-0.228059,0.0292108
43.818,-1.9,-0.227656,0.0290725
43.82,-1.9,-0.228059,0.0289354
43.822,-1.9,-0.227656,0.0287991
43.824,-1.9,-0.228764,0.0286646
43.826,-1.9,-0.228159,0.0285313
43.828,-1.9,-0.22826,0.0283998
43.83,-1.9,-0.227857,0.0282686
43.832,-1.9,-0.227555,0.0281389
43.834,-1.9,-0.226648,0.0280108
43.836,-1.9,-0.22826,0.0278832
43.838,-1.9,-0.227656,0.0277571
43.84,-1.9,-0.228764,0.0276324
43.842,-1.9,-0.228562,0.0275083
43.844,-1.9,-0.228663,0.0273852
43.846,-1.9,-0.228462,0.0272639
43.848,-1.9,-0.227857,0.0271433
43.85,-1.9,-0.227555,0.0270235
43.852,-1.9,-0.227756,0.026905
43.854,-1.9,-0.227958,0.0267876
43.856,-1.9,-0.228059,0.0266712
43.858,-1.9,-0.229469,0.0265558
43.86,-1.9,-0.228159,0.0264418
43.862,-1.9,-0.22826,0.0263281
43.864,-1.9,-0.228864,0.0262157
43.866,-1.9,-0.228059,0.0261037
43.868,-1.9,-0.227857,0.0259936
43.87,-1.9,-0.228462,0.0258835
43.872,-1.9,-0.22826,0.0257752
43.874,-1.9,-0.228462,0.025667
43.876,-1.9,-0.228864,0.0255602
43.878,-1.9,-0.227656,0.0254542
43.88,-1.9,-0.227958,0.025349
43.882,-1.9,-0.228159,0.0252448
43.884,-1.9,-0.228361,0.0251413
43.886,-1.9,-0.228462,0.0250391
43.888,-1.9,-0.228159,0.0249368
43.89,-1.9,-0.227857,0.0248359
43.892,-1.9,-0.227857,0.0247358
43.894,-1.9,-0.227353,0.0246365
43.896,-1.9,-0.22826,0.024538
43.898,-1.9,-0.228663,0.0244405
43.9,-1.9,-0.228059,0.0243435
43.902,-1.9,-0.227353,0.0242473
43.904,-1.9,-0.228159,0.0241519
43.906,-1.9,-0.227152,0.0240572
43.908,-1.9,-0.227555,0.0239629
43.91,-1.9,-0.22826,0.0238697
43.912,-1.9,-0.228059,0.0237775
43.914,-1.9,-0.227454,0.0236854
43.916,-1.9,-0.228361,0.0235947
43.918,-1.9,-0.22826,0.0235042
43.92,-1.9,-0.228059,0.0234142
43.922,-1.9,-0.227454,0.0233252
43.924,-1.9,-0.228159,0.0232375
43.926,-1.9,-0.228562,0.0231496
43.928,-1.9,-0.228764,0.0230626
43.93,-1.9,-0.227253,0.0229759
43.932,-1.9,-0.228562,0.0228905
43.934,-1.9,-0.227857,0.0228054
43.936,-1.9,-0.227353,0.0227209
43.938,-1.9,-0.227857,0.0226371
43.94,-1.9,-0.227253,0.0225537
43.942,-1.9,-0.227756,0.0224711
43.944,-1.9,-0.228764,0.0223891
43.946,-1.9,-0.227555,0.0223078
43.948,-1.9,-0.227958,0.0222272
43.95,-1.9,-0.22826,0.022147
43.952,-1.9,-0.228159,0.022067
43.954,-1.9,-0.228462,0.0219879
43.956,-1.9,-0.227756,0.0219095
43.958,-1.9,-0.227656,0.0218316
43.96,-1.9,-0.227756,0.0217541
43.962,-1.9,-0.227958,0.0216774
43.964,-1.9,-0.228059,0.021601
43.966,-1.9,-0.227958,0.0215255
43.968,-1.9,-0.228159,0.0214501
43.97,-1.9,-0.227756,0.0213752
43.972,-1.9,-0.228159,0.0213014
43.974,-1.9,-0.227756,0.0212274
43.976,-1.9,-0.227253,0.0211542
43.978,-1.9,-0.227958,0.0210815
43.98,-1.9,-0.228764,0.0210094
43.982,-1.9,-0.228059,0.0209379
43.984,-1.9,-0.227756,0.0208665
43.986,-1.9,-0.228663,0.0207958
43.988,-1.9,-0.228462,0.0207255
43.99,-1.9,-0.228764,0.0206557
43.992,-1.9,-0.227353,0.0205866
43.994,-1.9,-0.227152,0.0205174
43.996,-1.9,-0.227555,0.0204493
43.998,-1.9,-0.227958,0.0203812
44,-1.8,-0.227555,0.0203137
44.002,-1.8,-0.215165,0.0202468
44.004,-1.8,-0.215165,0.0201801
44.006,-1.8,-0.214661,0.0201141
44.008,-1.8,-0.215064,0.0200484
44.01,-1.8,-0.214661,0.0199831
44.012,-1.8,-0.214762,0.0199181
44.014,-1.8,-0.214863,0.0198537
44.016,-1.8,-0.214963,0.0197896
44.018,-1.8,-0.21446,0.019726
44.02,-1.8,-0.215064,0.0196628
44.022,-1.8,-0.215668,0.0196
44.024,-1.8,-0.215266,0.0195379
44.026,-1.8,-0.215165,0.0194754
44.028,-1.8,-0.215266,0.0194138
44.03,-1.8,-0.21456,0.0193527
44.032,-1.8,-0.21446,0.0192919
44.034,-1.8,-0.214057,0.0192314
44.036,-1.8,-0.214963,0.0191714
44.038,-1.8,-0.21446,0.0191115
44.04,-1.8,-0.213755,0.0190522
44.042,-1.8,-0.214258,0.0189932
44.044,-1.8,-0.21456,0.0189346
44.046,-1.8,-0.213956,0.0188765
44.048,-1.8,-0.214258,0.0188186
44.05,-1.8,-0.214661,0.018761
44.052,-1.8,-0.215366,0.0187039
44.054,-1.8,-0.214057,0.018647
44.056,-1.8,-0.21446,0.0185905
44.058,-1.8,-0.213855,0.0185344
44.06,-1.8,-0.21446,0.0184785
44.062,-1.8,-0.21446,0.0184229
44.064,-1.8,-0.215668,0.0183678
44.066,-1.8,-0.214963,0.018313
44.068,-1.8,-0.21456,0.0182584
44.07,-1.8,-0.215366,0.0182044
44.072,-1.8,-0.214359,0.0181506
44.074,-1.8,-0.214359,0.018097
44.076,-1.8,-0.214359,0.0180438
44.078,-1.8,-0.213654,0.0179909
44.08,-1.8,-0.214963,0.0179382
44.082,-1.8,-0.21587,0.017886
44.084,-1.8,-0.214963,0.017834
44.086,-1.8,-0.215366,0.0177823
44.088,-1.8,-0.214661,0.0177311
44.09,-1.8,-0.214359,0.0176799
44.092,-1.8,-0.21456,0.017629
44.094,-1.8,-0.213855,0.0175787
44.096,-1.8,-0.214863,0.0175284
44.098,-1.8,-0.213956,0.0174784
44.1,-1.8,-0.214661,0.0174287
44.102,-1.8,-0.21456,0.0173795
44.104,-1.8,-0.215064,0.0173304
44.106,-1.8,-0.214359,0.0172816
44.108,-1.8,-0.214863,0.0172331
44.11,-1.8,-0.214359,0.0171846
44.112,-1.8,-0.214863,0.0171366
44.114,-1.8,-0.214359,0.0170891
44.116,-1.8,-0.213956,0.0170415
44.118,-1.8,-0.214258,0.0169943
44.12,-1.8,-0.21446,0.0169475
44.122,-1.8,-0.214863,0.0169008
44.124,-1.8,-0.215064,0.0168544
44.126,-1.8,-0.214762,0.016808
44.128,-1.8,-0.215064,0.0167623
44.13,-1.8,-0.215064,0.0167166
44.132,-1.8,-0.213956,0.016671
44.134,-1.8,-0.214661,0.0166259
44.136,-1.8,-0.215769,0.0165809
44.138,-1.8,-0.213956,0.0165363
44.14,-1.8,-0.213956,0.0164918
44.142,-1.8,-0.214762,0.0164476
44.144,-1.8,-0.215165,0.0164037
44.146,-1.8,-0.214661,0.0163601
44.148,-1.8,-0.21456,0.0163165
44.15,-1.8,-0.215668,0.0162732
44.152,-1.8,-0.214057,0.0162302
44.154,-1.8,-0.214963,0.0161874
44.156,-1.8,-0.214963,0.0161448
44.158,-1.8,-0.214057,0.0161024
44.16,-1.8,-0.214158,0.0160601
44.162,-1.8,-0.214158,0.0160184
44.164,-1.8,-0.214963,0.0159765
44.166,-1.8,-0.214762,0.0159352
44.168,-1.8,-0.214661,0.0158937
44.17,-1.8,-0.214762,0.0158528
44.172,-1.8,-0.215064,0.015812
44.174,-1.8,-0.214057,0.0157713
44.176,-1.8,-0.214863,0.0157307
44.178,-1.8,-0.21456,0.0156907
44.18,-1.8,-0.215366,0.0156505
44.182,-1.8,-0.21456,0.0156108
44.184,-1.8,-0.214359,0.0155711
44.186,-1.8,-0.215064,0.0155318
44.188,-1.8,-0.214863,0.0154926
44.19,-1.8,-0.214158,0.0154535
44.192,-1.8,-0.214863,0.0154146
44.194,-1.8,-0.213553,0.015376
44.196,-1.8,-0.214963,0.0153376
44.198,-1.8,-0.215064,0.0152993
44.2,-1.8,-0.214359,0.0152612
44.202,-1.8,-0.215266,0.0152234
44.204,-1.8,-0.214359,0.0151857
44.206,-1.8,-0.214762,0.0151483
44.208,-1.8,-0.214359,0.015111
44.21,-1.8,-0.214661,0.015074
44.212,-1.8,-0.214863,0.0150369
44.214,-1.8,-0.214963,0.0150002
44.216,-1.8,-0.214762,0.0149636
44.218,-1.8,-0.21446,0.0149272
44.22,-1.8,-0.214863,0.0148909
44.222,-1.8,-0.215064,0.0148549
44.224,-1.8,-0.214057,0.014819
44.226,-1.8,-0.21456,0.0147832
44.228,-1.8,-0.214359,0.0147477
44.23,-1.8,-0.214963,0.0147124
44.232,-1.8,-0.21456,0.0146772
44.234,-1.8,-0.21456,0.0146421
44.236,-1.8,-0.215165,0.0146074
44.238,-1.8,-0.214863,0.0145726
44.24,-1.8,-0.21456,0.0145381
44.242,-1.8,-0.21446,0.0145037
44.244,-1.8,-0.21446,0.0144695
44.246,-1.8,-0.213755,0.0144355
44.248,-1.8,-0.214057,0.0144016
44.25,-1.8,-0.215266,0.0143679
44.252,-1.8,-0.214863,0.0143344
44.254,-1.8,-0.214762,0.0143009
44.256,-1.8,-0.21456,0.0142676
44.258,-1.8,-0.21587,0.0142345
44.26,-1.8,-0.214258,0.0142017
44.262,-1.8,-0.21446,0.0141688
44.264,-1.8,-0.215366,0.0141363
44.266,-1.8,-0.21456,0.0141038
44.268,-1.8,-0.215366,0.0140714
44.27,-1.8,-0.213956,0.0140391
44.272,-1.8,-0.215366,0.0140071
44.274,-1.8,-0.214863,0.0139753
44.276,-1.8,-0.21446,0.0139435
44.278,-1.8,-0.215165,0.0139119
44.28,-1.8,-0.21456,0.0138803
44.282,-1.8,-0.215064,0.013849
44.284,-1.8,-0.215064,0.0138179
44.286,-1.8,-0.214258,0.0137869
44.288,-1.8,-0.214359,0.0137558
44.29,-1.8,-0.214963,0.0137252
44.292,-1.8,-0.21446,0.0136944
44.294,-1.8,-0.215971,0.0136641
44.296,-1.8,-0.214863,0.0136336
44.298,-1.8,-0.215064,0.0136034
44.3,-1.8,-0.214863,0.0135733
44.302,-1.8,-0.215467,0.0135433
44.304,-1.8,-0.21446,0.0135136
44.306,-1.8,-0.214762,0.0134838
44.308,-1.8,-0.214258,0.0134543
44.31,-1.8,-0.21446,0.0134249
44.312,-1.8,-0.215064,0.0133956
44.314,-1.8,-0.214057,0.0133663
44.316,-1.8,-0.215467,0.0133374
44.318,-1.8,-0.21456,0.0133084
44.32,-1.8,-0.215165,0.0132796
44.322,-1.8,-0.214963,0.0132509
44.324,-1.8,-0.215266,0.0132223
44.326,-1.8,-0.215266,0.0131939
44.328,-1.8,-0.214762,0.0131656
44.33,-1.8,-0.21456,0.0131375
44.332,-1.8,-0.21456,0.0131093
44.334,-1.8,-0.214258,0.0130814
44.336,-1.8,-0.214258,0.0130536
44.338,-1.8,-0.21446,0.0130258
44.34,-1.8,-0.214863,0.0129982
44.342,-1.8,-0.215568,0.0129708
44.344,-1.8,-0.214863,0.0129434
44.346,-1.8,-0.214158,0.0129162
44.348,-1.8,-0.215366,0.0128892
44.35,-1.8,-0.214359,0.012862
44.352,-1.8,-0.214963,0.0128351
44.354,-1.8,-0.214661,0.0128083
44.356,-1.8,-0.214762,0.0127816
44.358,-1.8,-0.214158,0.012755
44.36,-1.8,-0.214158,0.0127286
44.362,-1.8,-0.214963,0.0127023
44.364,-1.8,-0.215266,0.0126761
44.366,-1.8,-0.215266,0.0126499
44.368,-1.8,-0.215366,0.0126239
44.37,-1.8,-0.214258,0.012598
44.372,-1.8,-0.215165,0.0125721
44.374,-1.8,-0.214258,0.0125465
44.376,-1.8,-0.214762,0.0125209
44.378,-1.8,-0.213956,0.0124954
44.38,-1.8,-0.214863,0.01247
44.382,-1.8,-0.215266,0.0124446
44.384,-1.8,-0.21446,0.0124195
44.386,-1.8,-0.214963,0.0123944
44.388,-1.8,-0.214057,0.0123694
44.39,-1.8,-0.214359,0.0123445
44.392,-1.8,-0.214863,0.0123197
44.394,-1.8,-0.21456,0.0122951
44.396,-1.8,-0.213956,0.0122705
44.398,-1.8,-0.214057,0.0122459
44.4,-1.8,-0.214863,0.0122216
44.402,-1.8,-0.213755,0.0121973
44.404,-1.8,-0.214963,0.012173
44.406,-1.8,-0.21446,0.012149
44.408,-1.8,-0.214863,0.012125
44.41,-1.8,-0.214762,0.012101
44.412,-1.8,-0.214661,0.0120773
44.414,-1.8,-0.214258,0.0120535
44.416,-1.8,-0.21446,0.0120299
44.418,-1.8,-0.213654,0.0120064
44.42,-1.8,-0.214359,0.0119829
44.422,-1.8,-0.214057,0.0119596
44.424,-1.8,-0.21456,0.0119362
44.426,-1.8,-0.215467,0.0119131
44.428,-1.8,-0.214863,0.0118901
44.43,-1.8,-0.214661,0.011867
44.432,-1.8,-0.214762,0.0118441
44.434,-1.8,-0.214258,0.0118213
44.436,-1.8,-0.214258,0.0117985
44.438,-1.8,-0.21456,0.011776
44.44,-1.8,-0.214359,0.0117534
44.442,-1.8,-0.215064,0.0117309
44.444,-1.8,-0.214258,0.0117086
44.446,-1.8,-0.215064,0.0116862
44.448,-1.8,-0.213956,0.011664
44.45,-1.8,-0.213956,0.0116418
44.452,-1.8,-0.215064,0.0116198
44.454,-1.8,-0.214762,0.0115978
44.456,-1.8,-0.21456,0.0115759
44.458,-1.8,-0.21446,0.0115541
44.46,-1.8,-0.214762,0.0115325
44.462,-1.8,-0.214863,0.0115108
44.464,-1.8,-0.214963,0.0114892
44.466,-1.8,-0.215366,0.0114678
44.468,-1.8,-0.214863,0.0114464
44.47,-1.8,-0.21456,0.0114252
44.472,-1.8,-0.215366,0.0114038
44.474,-1.8,-0.214762,0.0113826
44.476,-1.8,-0.21446,0.0113616
44.478,-1.8,-0.214258,0.0113406
44.48,-1.8,-0.214963,0.0113197
44.482,-1.8,-0.215165,0.0112989
44.484,-1.8,-0.21446,0.0112781
44.486,-1.8,-0.214963,0.0112574
44.488,-1.8,-0.214057,0.0112367
44.49,-1.8,-0.215165,0.0112162
44.492,-1.8,-0.21456,0.0111957
44.494,-1.8,-0.215165,0.0111753
44.496,-1.8,-0.214258,0.0111551
44.498,-1.8,-0.213855,0.0111348
44.5,-1.8,-0.214158,0.0111146
44.502,-1.8,-0.214762,0.0110946
44.504,-1.8,-0.214762,0.0110745
44.506,-1.8,-0.214158,0.0110545
44.508,-1.8,-0.215064,0.0110347
44.51,-1.8,-0.215266,0.0110149
44.512,-1.8,-0.215366,0.0109952
44.514,-1.8,-0.213755,0.0109755
44.516,-1.8,-0.214057,0.0109559
44.518,-1.8,-0.215165,0.0109363
44.52,-1.8,-0.214661,0.0109169
44.522,-1.8,-0.214963,0.0108975
44.524,-1.8,-0.214863,0.0108782
44.526,-1.8,-0.214963,0.0108589
44.528,-1.8,-0.214661,0.0108397
44.53,-1.8,-0.21446,0.0108207
44.532,-1.8,-0.215165,0.0108016
44.534,-1.8,-0.215064,0.0107826
44.536,-1.8,-0.215064,0.0107637
44.538,-1.8,-0.215064,0.0107449
44.54,-1.8,-0.21456,0.0107261
44.542,-1.8,-0.214258,0.0107073
44.544,-1.8,-0.214258,0.0106887
44.546,-1.8,-0.21446,0.0106701
44.548,-1.8,-0.214762,0.0106516
44.55,-1.8,-0.21456,0.0106332
44.552,-1.8,-0.215266,0.0106147
44.554,-1.8,-0.215165,0.0105964
44.556,-1.8,-0.214661,0.0105781
44.558,-1.8,-0.214863,0.0105599
44.56,-1.8,-0.213755,0.0105418
44.562,-1.8,-0.214863,0.0105237
44.564,-1.8,-0.214359,0.0105057
44.566,-1.8,-0.215165,0.0104877
44.568,-1.8,-0.214158,0.0104699
44.57,-1.8,-0.215467,0.010452
44.572,-1.8,-0.214762,0.0104343
44.574,-1.8,-0.21446,0.0104165
44.576,-1.8,-0.215769,0.0103989
44.578,-1.8,-0.215064,0.0103812
44.58,-1.8,-0.214158,0.0103637
44.582,-1.8,-0.213956,0.0103463
44.584,-1.8,-0.213956,0.0103288
44.586,-1.8,-0.214359,0.0103115
44.588,-1.8,-0.21456,0.0102942
44.59,-1.8,-0.214963,0.0102769
44.592,-1.8,-0.214258,0.0102598
44.594,-1.8,-0.21456,0.0102426
44.596,-1.8,-0.215366,0.0102256
44.598,-1.8,-0.214158,0.0102085
44.6,-1.8,-0.215366,0.0101916
44.602,-1.8,-0.214057,0.0101747
44.604,-1.8,-0.214258,0.0101578
44.606,-1.8,-0.213855,0.0101411
44.608,-1.8,-0.214158,0.0101244
44.61,-1.8,-0.21456,0.0101077
44.612,-1.8,-0.215165,0.010091
44.614,-1.8,-0.214359,0.0100745
44.616,-1.8,-0.214158,0.010058
44.618,-1.8,-0.21446,0.0100415
44.62,-1.8,-0.215064,0.010025
44.622,-1.8,-0.215064,0.0100087
44.624,-1.8,-0.214057,0.00999249
44.626,-1.8,-0.214158,0.0099762
44.628,-1.8,-0.214661,0.00995995
44.63,-1.8,-0.214762,0.00994382
44.632,-1.8,-0.214359,0.00992779
44.634,-1.8,-0.214661,0.00991177
44.636,-1.8,-0.215064,0.00989574
44.638,-1.8,-0.214762,0.00987981
44.64,-1.8,-0.214158,0.0098639
44.642,-1.8,-0.214863,0.00984806
44.644,-1.8,-0.214057,0.00983228
44.646,-1.8,-0.215064,0.00981657
44.648,-1.8,-0.214158,0.0098009
44.65,-1.8,-0.213352,0.00978527
44.652,-1.8,-0.214057,0.00976967
44.654,-1.8,-0.214963,0.00975413
44.656,-1.8,-0.214863,0.00973873
44.658,-1.8,-0.214863,0.00972326
44.66,-1.8,-0.214661,0.00970789
44.662,-1.8,-0.215366,0.0096925
44.664,-1.8,-0.214762,0.00967721
44.666,-1.8,-0.215467,0.00966201
44.668,-1.8,-0.214258,0.0096468
44.67,-1.8,-0.21446,0.00963164
44.672,-1.8,-0.214762,0.00961664
44.674,-1.8,-0.21446,0.00960152
44.676,-1.8,-0.213654,0.0095865
44.678,-1.8,-0.21446,0.0095716
44.68,-1.8,-0.214661,0.00955667
44.682,-1.8,-0.21587,0.00954182
44.684,-1.8,-0.215266,0.009527
44.686,-1.8,-0.214661,0.0095122
44.688,-1.8,-0.214863,0.00949755
44.69,-1.8,-0.213755,0.0094828
44.692,-1.8,-0.213855,0.0094682
44.694,-1.8,-0.21456,0.00945361
44.696,-1.8,-0.215165,0.00943908
44.698,-1.8,-0.214661,0.00942459
44.7,-1.8,-0.215366,0.00941007
44.702,-1.8,-0.215467,0.00939566
44.704,-1.8,-0.214661,0.00938136
44.706,-1.8,-0.214661,0.009367
44.708,-1.8,-0.214661,0.00935273
44.71,-1.8,-0.214963,0.0093385
44.712,-1.8,-0.214359,0.00932432
44.714,-1.8,-0.215165,0.00931017
44.716,-1.8,-0.214762,0.00929603
44.718,-1.8,-0.214359,0.00928197
44.72,-1.8,-0.21456,0.00926796
44.722,-1.8,-0.215064,0.00925399
44.724,-1.8,-0.215064,0.00924005
44.726,-1.8,-0.215266,0.00922616
44.728,-1.8,-0.21446,0.00921231
44.73,-1.8,-0.215467,0
44.732,-1.8,-0.214158,0
44.734,-1.8,-0.214057,0
44.736,-1.8,-0.215064,0
44.738,-1.8,-0.215165,0
44.74,-1.8,-0.21456,0
44.742,-1.8,-0.214863,0
44.744,-1.8,-0.215165,0
44.746,-1.8,-0.214661,0
44.748,-1.8,-0.215165,0
44.75,-1.8,-0.21456,0
44.752,-1.8,-0.214762,0
44.754,-1.8,-0.215467,0
44.756,-1.8,-0.213654,0
44.758,-1.8,-0.214057,0
44.76,-1.8,-0.215769,0
44.762,-1.8,-0.215266,0
44.764,-1.8,-0.215971,0
44.766,-1.8,-0.214863,0
44.768,-1.8,-0.214762,0
44.77,-1.8,-0.214863,0
44.772,-1.8,-0.214158,0
44.774,-1.8,-0.214258,0
44.776,-1.8,-0.214863,0
44.778,-1.8,-0.214057,0
44.78,-1.8,-0.213855,0
44.782,-1.8,-0.21456,0
44.784,-1.8,-0.215266,0
44.786,-1.8,-0.214963,0
44.788,-1.8,-0.214057,0
44.79,-1.8,-0.214661,0
44.792,-1.8,-0.21446,0
44.794,-1.8,-0.214963,0
44.796,-1.8,-0.21456,0
44.798,-1.8,-0.21456,0
44.8,-1.8,-0.21456,0
44.802,-1.8,-0.214359,0
44.804,-1.8,-0.214661,0
44.806,-1.8,-0.21446,0
44.808,-1.8,-0.21446,0
44.81,-1.8,-0.214661,0
44.812,-1.8,-0.214158,0
44.814,-1.8,-0.214661,0
44.816,-1.8,-0.214963,0
44.818,-1.8,-0.214762,0
44.82,-1.8,-0.214158,0
44.822,-1.8,-0.21446,0
44.824,-1.8,-0.21456,0
44.826,-1.8,-0.214963,0
44.828,-1.8,-0.214963,0
44.83,-1.8,-0.215064,0
44.832,-1.8,-0.214762,0
44.834,-1.8,-0.214661,0
44.836,-1.8,-0.214863,0
44.838,-1.8,-0.214258,0
44.84,-1.8,-0.214359,0
44.842,-1.8,-0.214158,0
44.844,-1.8,-0.214057,0
44.846,-1.8,-0.21456,0
44.848,-1.8,-0.214661,0
44.85,-1.8,-0.21446,0
44.852,-1.8,-0.214057,0
44.854,-1.8,-0.21456,0
44.856,-1.8,-0.215266,0
44.858,-1.8,-0.214863,0
44.86,-1.8,-0.214057,0
44.862,-1.8,-0.21456,0
44.864,-1.8,-0.215064,0
44.866,-1.8,-0.21456,0
44.868,-1.8,-0.214661,0
44.87,-1.8,-0.214258,0
44.872,-1.8,-0.215366,0
44.874,-1.8,-0.21456,0
44.876,-1.8,-0.214359,0
44.878,-1.8,-0.21456,0
44.88,-1.8,-0.213553,0
44.882,-1.8,-0.21456,0
44.884,-1.8,-0.214158,0
44.886,-1.8,-0.21446,0
44.888,-1.8,-0.215971,0
44.89,-1.8,-0.214963,0
44.892,-1.8,-0.214863,0
44.894,-1.8,-0.214661,0
44.896,-1.8,-0.214258,0
44.898,-1.8,-0.214661,0
44.9,-1.8,-0.21446,0
44.902,-1.8,-0.213654,0
44.904,-1.8,-0.21446,0
44.906,-1.8,-0.214661,0
44.908,-1.8,-0.214762,0
44.91,-1.8,-0.214863,0
44.912,-1.8,-0.214963,0
44.914,-1.8,-0.214661,0
44.916,-1.8,-0.214057,0
44.918,-1.8,-0.214359,0
44.92,-1.8,-0.214359,0
44.922,-1.8,-0.21456,0
44.924,-1.8,-0.21456,0
44.926,-1.8,-0.214863,0
44.928,-1.8,-0.214258,0
44.93,-1.8,-0.213956,0
44.932,-1.8,-0.214762,0
44.934,-1.8,-0.214661,0
44.936,-1.8,-0.215064,0
44.938,-1.8,-0.214963,0
44.94,-1.8,-0.215165,0
44.942,-1.8,-0.214863,0
44.944,-1.8,-0.21446,0
44.946,-1.8,-0.21446,0
44.948,-1.8,-0.215064,0
44.95,-1.8,-0.214762,0
44.952,-1.8,-0.215064,0
44.954,-1.8,-0.214661,0
44.956,-1.8,-0.214158,0
44.958,-1.8,-0.214762,0
44.96,-1.8,-0.214158,0
44.962,-1.8,-0.21456,0
44.964,-1.8,-0.214863,0
44.966,-1.8,-0.21446,0
44.968,-1.8,-0.214158,0
44.97,-1.8,-0.214158,0
44.972,-1.8,-0.214863,0
44.974,-1.8,-0.214963,0
44.976,-1.8,-0.215266,0
44.978,-1.8,-0.214158,0
44.98,-1.8,-0.214762,0
44.982,-1.8,-0.215064,0
44.984,-1.8,-0.214963,0
44.986,-1.8,-0.214359,0
44.988,-1.8,-0.214057,0
44.99,-1.8,-0.214661,0
44.992,-1.8,-0.21456,0
44.994,-1.8,-0.214359,0
44.996,-1.8,-0.214359,0
44.998,-1.8,-0.214762,0
45,-1.7,-0.214661,0
45.002,-1.7,-0.200559,0
45.004,-1.7,-0.200357,0
45.006,-1.7,-0.200357,0
45.008,-1.7,-0.200458,0
45.01,-1.7,-0.200357,0
45.012,-1.7,-0.201062,0
45.014,-1.7,-0.200458,0
45.016,-1.7,-0.200659,0
45.018,-1.7,-0.200458,0
45.02,-1.7,-0.199853,0
45.022,-1.7,-0.200659,0
45.024,-1.7,-0.199853,0
45.026,-1.7,-0.200256,0
45.028,-1.7,-0.200256,0
45.03,-1.7,-0.200962,0
45.032,-1.7,-0.200659,0
45.034,-1.7,-0.200559,0
45.036,-1.7,-0.200055,0
45.038,-1.7,-0.199954,0
45.04,-1.7,-0.199148,0
45.042,-1.7,-0.200458,0
45.044,-1.7,-0.201264,0
45.046,-1.7,-0.200962,0
45.048,-1.7,-0.199652,0
45.05,-1.7,-0.200559,0
45.052,-1.7,-0.201062,0
45.054,-1.7,-0.199249,0
45.056,-1.7,-0.200156,0
45.058,-1.7,-0.200357,0
45.06,-1.7,-0.199753,0
45.062,-1.7,-0.200659,0
45.064,-1.7,-0.201062,0
45.066,-1.7,-0.20076,0
45.068,-1.7,-0.20076,0
45.07,-1.7,-0.200962,0
45.072,-1.7,-0.200055,0
45.074,-1.7,-0.199853,0
45.076,-1.7,-0.199451,0
45.078,-1.7,-0.200357,0
45.08,-1.7,-0.200659,0
45.082,-1.7,-0.200156,0
45.084,-1.7,-0.200156,0
45.086,-1.7,-0.200458,0
45.088,-1.7,-0.201364,0
45.09,-1.7,-0.199451,0
45.092,-1.7,-0.20076,0
45.094,-1.7,-0.199954,0
45.096,-1.7,-0.200156,0
45.098,-1.7,-0.200659,0
45.1,-1.7,-0.200055,0
45.102,-1.7,-0.200861,0
45.104,-1.7,-0.199954,0
45.106,-1.7,-0.200256,0
45.108,-1.7,-0.199652,0
45.11,-1.7,-0.200256,0
45.112,-1.7,-0.200055,0
45.114,-1.7,-0.200962,0
45.116,-1.7,-0.199853,0
45.118,-1.7,-0.200458,0
45.12,-1.7,-0.200055,0
45.122,-1.7,-0.200659,0
45.124,-1.7,-0.200156,0
45.126,-1.7,-0.200559,0
45.128,-1.7,-0.200659,0
45.13,-1.7,-0.200156,0
45.132,-1.7,-0.200156,0
45.134,-1.7,-0.20076,0
45.136,-1.7,-0.200357,0
45.138,-1.7,-0.200962,0
45.14,-1.7,-0.200156,0
45.142,-1.7,-0.200156,0
45.144,-1.7,-0.200156,0
45.146,-1.7,-0.20076,0
45.148,-1.7,-0.20076,0
45.15,-1.7,-0.199753,0
45.152,-1.7,-0.200861,0
45.154,-1.7,-0.200659,0
45.156,-1.7,-0.200559,0
45.158,-1.7,-0.200055,0
45.16,-1.7,-0.199853,0
45.162,-1.7,-0.200156,0
45.164,-1.7,-0.200559,0
45.166,-1.7,-0.200357,0
45.168,-1.7,-0.200962,0
45.17,-1.7,-0.200559,0
45.172,-1.7,-0.200962,0
45.174,-1.7,-0.199954,0
45.176,-1.7,-0.199853,0
45.178,-1.7,-0.200055,0
45.18,-1.7,-0.200156,0
45.182,-1.7,-0.20076,0
45.184,-1.7,-0.200256,0
45.186,-1.7,-0.200357,0
45.188,-1.7,-0.199652,0
45.19,-1.7,-0.200861,0
45.192,-1.7,-0.200559,0
45.194,-1.7,-0.201163,0
45.196,-1.7,-0.200357,0
45.198,-1.7,-0.199753,0
45.2,-1.7,-0.200357,0
45.202,-1.7,-0.199954,0
45.204,-1.7,-0.20076,0
45.206,-1.7,-0.199652,0
45.208,-1.7,-0.200357,0
45.21,-1.7,-0.201163,0
45.212,-1.7,-0.200256,0
45.214,-1.7,-0.200357,0
45.216,-1.7,-0.200156,0
45.218,-1.7,-0.199954,0
45.22,-1.7,-0.199551,0
45.222,-1.7,-0.200156,0
45.224,-1.7,-0.201062,0
45.226,-1.7,-0.200357,0
45.228,-1.7,-0.201163,0
45.23,-1.7,-0.199853,0
45.232,-1.7,-0.20076,0
45.234,-1.7,-0.200357,0
45.236,-1.7,-0.200458,0
45.238,-1.7,-0.201062,0
45.24,-1.7,-0.20076,0
45.242,-1.7,-0.200659,0
45.244,-1.7,-0.200458,0
45.246,-1.7,-0.200659,0
45.248,-1.7,-0.200357,0
45.25,-1.7,-0.199551,0
45.252,-1.7,-0.199753,0
45.254,-1.7,-0.200357,0
45.256,-1.7,-0.200055,0
45.258,-1.7,-0.200357,0
45.26,-1.7,-0.200559,0
45.262,-1.7,-0.200458,0
45.264,-1.7,-0.200055,0
45.266,-1.7,-0.200055,0
45.268,-1.7,-0.200357,0
45.27,-1.7,-0.199551,0
45.272,-1.7,-0.199451,0
45.274,-1.7,-0.200256,0
45.276,-1.7,-0.200357,0
45.278,-1.7,-0.199853,0
45.28,-1.7,-0.200559,0
45.282,-1.7,-0.200559,0
45.284,-1.7,-0.200458,0
45.286,-1.7,-0.200357,0
45.288,-1.7,-0.199853,0
45.29,-1.7,-0.199551,0
45.292,-1.7,-0.200156,0
45.294,-1.7,-0.200256,0
45.296,-1.7,-0.201163,0
45.298,-1.7,-0.200357,0
45.3,-1.7,-0.200357,0
45.302,-1.7,-0.199853,0
45.304,-1.7,-0.200357,0
45.306,-1.7,-0.200357,0
45.308,-1.7,-0.199954,0
45.31,-1.7,-0.20076,0
45.312,-1.7,-0.200156,0
45.314,-1.7,-0.199753,0
45.316,-1.7,-0.200156,0
45.318,-1.7,-0.200861,0
45.32,-1.7,-0.200357,0
45.322,-1.7,-0.200559,0
45.324,-1.7,-0.199551,0
45.326,-1.7,-0.199954,0
45.328,-1.7,-0.200357,0
45.33,-1.7,-0.200458,0
45.332,-1.7,-0.201062,0
45.334,-1.7,-0.200156,0
45.336,-1.7,-0.200559,0
45.338,-1.7,-0.200458,0
45.34,-1.7,-0.19935,0
45.342,-1.7,-0.200357,0
45.344,-1.7,-0.199853,0
45.346,-1.7,-0.201062,0
45.348,-1.7,-0.200256,0
45.35,-1.7,-0.200659,0
45.352,-1.7,-0.200458,0
45.354,-1.7,-0.200458,0
45.356,-1.7,-0.200156,0
45.358,-1.7,-0.199853,0
45.36,-1.7,-0.200055,0
45.362,-1.7,-0.199853,0
45.364,-1.7,-0.200256,0
45.366,-1.7,-0.200458,0
45.368,-1.7,-0.200458,0
45.37,-1.7,-0.200458,0
45.372,-1.7,-0.200156,0
45.374,-1.7,-0.200559,0
45.376,-1.7,-0.200055,0
45.378,-1.7,-0.199451,0
45.38,-1.7,-0.199853,0
45.382,-1.7,-0.200357,0
45.384,-1.7,-0.199853,0
45.386,-1.7,-0.199551,0
45.388,-1.7,-0.199753,0
45.39,-1.7,-0.20076,0
45.392,-1.7,-0.200055,0
45.394,-1.7,-0.200861,0
45.396,-1.7,-0.199853,0
45.398,-1.7,-0.200055,0
45.4,-1.7,-0.199551,0
45.402,-1.7,-0.199652,0
45.404,-1.7,-0.200659,0
45.406,-1.7,-0.200357,0
45.408,-1.7,-0.201364,0
45.41,-1.7,-0.199954,0
45.412,-1.7,-0.200055,0
45.414,-1.7,-0.199954,0
45.416,-1.7,-0.200256,0
45.418,-1.7,-0.199954,0
45.42,-1.7,-0.199853,0
45.422,-1.7,-0.200156,0
45.424,-1.7,-0.200962,0
45.426,-1.7,-0.200659,0
45.428,-1.7,-0.200559,0
45.43,-1.7,-0.199451,0
45.432,-1.7,-0.19935,0
45.434,-1.7,-0.19935,0
45.436,-1.7,-0.200458,0
45.438,-1.7,-0.199853,0
45.44,-1.7,-0.201163,0
45.442,-1.7,-0.201163,0
45.444,-1.7,-0.201264,0
45.446,-1.7,-0.200357,0
45.448,-1.7,-0.200357,0
45.45,-1.7,-0.199853,0
45.452,-1.7,-0.200357,0
45.454,-1.7,-0.199753,0
45.456,-1.7,-0.199753,0
45.458,-1.7,-0.200156,0
45.46,-1.7,-0.199954,0
45.462,-1.7,-0.20076,0
45.464,-1.7,-0.200357,0
45.466,-1.7,-0.199753,0
45.468,-1.7,-0.200156,0
45.47,-1.7,-0.199451,0
45.472,-1.7,-0.200659,0
45.474,-1.7,-0.200156,0
45.476,-1.7,-0.200962,0
45.478,-1.7,-0.200357,0
45.48,-1.7,-0.200458,0
45.482,-1.7,-0.200156,0
45.484,-1.7,-0.199652,0
45.486,-1.7,-0.199753,0
45.488,-1.7,-0.199451,0
45.49,-1.7,-0.200055,0
45.492,-1.7,-0.199853,0
45.494,-1.7,-0.200055,0
45.496,-1.7,-0.200055,0
45.498,-1.7,-0.200659,0
45.5,-1.7,-0.200962,0
45.502,-1.7,-0.200357,0
45.504,-1.7,-0.200559,0
45.506,-1.7,-0.200055,0
45.508,-1.7,-0.200458,0
45.51,-1.7,-0.201264,0
45.512,-1.7,-0.200156,0
45.514,-1.7,-0.20076,0
45.516,-1.7,-0.201667,0
45.518,-1.7,-0.199954,0
45.52,-1.7,-0.200256,0
45.522,-1.7,-0.199652,0
45.524,-1.7,-0.200055,0
45.526,-1.7,-0.200256,0
45.528,-1.7,-0.199753,0
45.53,-1.7,-0.201163,0
45.532,-1.7,-0.200156,0
45.534,-1.7,-0.201465,0
45.536,-1.7,-0.201364,0
45.538,-1.7,-0.200256,0
45.54,-1.7,-0.200458,0
45.542,-1.7,-0.201062,0
45.544,-1.7,-0.200861,0
45.546,-1.7,-0.199853,0
45.548,-1.7,-0.200659,0
45.55,-1.7,-0.201163,0
45.552,-1.7,-0.20076,0
45.554,-1.7,-0.20076,0
45.556,-1.7,-0.200256,0
45.558,-1.7,-0.200156,0
45.56,-1.7,-0.200055,0
45.562,-1.7,-0.200357,0
45.564,-1.7,-0.200458,0
45.566,-1.7,-0.200659,0
45.568,-1.7,-0.201364,0
45.57,-1.7,-0.201364,0
45.572,-1.7,-0.20076,0
45.574,-1.7,-0.199753,0
45.576,-1.7,-0.199551,0
45.578,-1.7,-0.199652,0
45.58,-1.7,-0.200559,0
45.582,-1.7,-0.199853,0
45.584,-1.7,-0.20076,0
45.586,-1.7,-0.199753,0
45.588,-1.7,-0.200256,0
45.59,-1.7,-0.200559,0
45.592,-1.7,-0.200156,0
45.594,-1.7,-0.198947,0
45.596,-1.7,-0.199954,0
45.598,-1.7,-0.199753,0
45.6,-1.7,-0.200659,0
45.602,-1.7,-0.200256,0
45.604,-1.7,-0.200256,0
45.606,-1.7,-0.199551,0
45.608,-1.7,-0.200357,0
45.61,-1.7,-0.199753,0
45.612,-1.7,-0.200357,0
45.614,-1.7,-0.199148,0
45.616,-1.7,-0.199451,0
45.618,-1.7,-0.20076,0
45.62,-1.7,-0.199451,0
45.622,-1.7,-0.19935,0
45.624,-1.7,-0.200256,0
45.626,-1.7,-0.201969,0
45.628,-1.7,-0.200055,0
45.63,-1.7,-0.199853,0
45.632,-1.7,-0.200357,0
45.634,-1.7,-0.200256,0
45.636,-1.7,-0.201364,0
45.638,-1.7,-0.200659,0
45.64,-1.7,-0.20076,0
45.642,-1.7,-0.199853,0
45.644,-1.7,-0.199954,0
45.646,-1.7,-0.200357,0
45.648,-1.7,-0.199954,0
45.65,-1.7,-0.200256,0
45.652,-1.7,-0.201062,0
45.654,-1.7,-0.200861,0
45.656,-1.7,-0.200156,0
45.658,-1.7,-0.199853,0
45.66,-1.7,-0.200357,0
45.662,-1.7,-0.199853,0
45.664,-1.7,-0.199753,0
45.666,-1.7,-0.200055,0
45.668,-1.7,-0.199753,0
45.67,-1.7,-0.200055,0
45.672,-1.7,-0.20076,0
45.674,-1.7,-0.200861,0
45.676,-1.7,-0.200559,0
45.678,-1.7,-0.200357,0
45.68,-1.7,-0.200458,0
45.682,-1.7,-0.199954,0
45.684,-1.7,-0.200156,0
45.686,-1.7,-0.199853,0
45.688,-1.7,-0.200256,0
45.69,-1.7,-0.200256,0
45.692,-1.7,-0.200256,0
45.694,-1.7,-0.200156,0
45.696,-1.7,-0.199551,0
45.698,-1.7,-0.200256,0
45.7,-1.7,-0.200256,0
45.702,-1.7,-0.200055,0
45.704,-1.7,-0.199652,0
45.706,-1.7,-0.200861,0
45.708,-1.7,-0.200861,0
45.71,-1.7,-0.200055,0
45.712,-1.7,-0.199753,0
45.714,-1.7,-0.200256,0
45.716,-1.7,-0.199853,0
45.718,-1.7,-0.199451,0
45.72,-1.7,-0.199451,0
45.722,-1.7,-0.199249,0
45.724,-1.7,-0.200055,0
45.726,-1.7,-0.200256,0
45.728,-1.7,-0.200659,0
45.73,-1.7,-0.200156,0
45.732,-1.7,-0.200458,0
45.734,-1.7,-0.200256,0
45.736,-1.7,-0.200458,0
45.738,-1.7,-0.200055,0
45.74,-1.7,-0.200559,0
45.742,-1.7,-0.200559,0
45.744,-1.7,-0.200156,0
45.746,-1.7,-0.200256,0
45.748,-1.7,-0.200357,0
45.75,-1.7,-0.200458,0
45.752,-1.7,-0.200559,0
45.754,-1.7,-0.200055,0
45.756,-1.7,-0.200156,0
45.758,-1.7,-0.199853,0
45.76,-1.7,-0.200559,0
45.762,-1.7,-0.200559,0
45.764,-1.7,-0.200055,0
45.766,-1.7,-0.200559,0
45.768,-1.7,-0.199954,0
45.77,-1.7,-0.200055,0
45.772,-1.7,-0.200256,0
45.774,-1.7,-0.200458,0
45.776,-1.7,-0.200156,0
45.778,-1.7,-0.200357,0
45.78,-1.7,-0.200357,0
45.782,-1.7,-0.199954,0
45.784,-1.7,-0.199954,0
45.786,-1.7,-0.200156,0
45.788,-1.7,-0.199853,0
45.79,-1.7,-0.200659,0
45.792,-1.7,-0.200156,0
45.794,-1.7,-0.201062,0
45.796,-1.7,-0.200357,0
45.798,-1.7,-0.201062,0
45.8,-1.7,-0.200256,0
45.802,-1.7,-0.199753,0
45.804,-1.7,-0.200357,0
45.806,-1.7,-0.200559,0
45.808,-1.7,-0.200156,0
45.81,-1.7,-0.200458,0
45.812,-1.7,-0.199753,0
45.814,-1.7,-0.200559,0
45.816,-1.7,-0.201062,0
45.818,-1.7,-0.200256,0
45.82,-1.7,-0.199853,0
45.822,-1.7,-0.199954,0
45.824,-1.7,-0.199853,0
45.826,-1.7,-0.199652,0
45.828,-1.7,-0.200659,0
45.83,-1.7,-0.200256,0
45.832,-1.7,-0.200256,0
45.834,-1.7,-0.200458,0
45.836,-1.7,-0.199753,0
45.838,-1.7,-0.200559,0
45.84,-1.7,-0.199753,0
45.842,-1.7,-0.199853,0
45.844,-1.7,-0.199853,0
45.846,-1.7,-0.200559,0
45.848,-1.7,-0.200861,0
45.85,-1.7,-0.200256,0
45.852,-1.7,-0.199753,0
45.854,-1.7,-0.200861,0
45.856,-1.7,-0.200156,0
45.858,-1.7,-0.199954,0
45.86,-1.7,-0.200357,0
45.862,-1.7,-0.199652,0
45.864,-1.7,-0.200458,0
45.866,-1.7,-0.200055,0
45.868,-1.7,-0.200055,0
45.87,-1.7,-0.200559,0
45.872,-1.7,-0.200156,0
45.874,-1.7,-0.200559,0
45.876,-1.7,-0.200156,0
45.878,-1.7,-0.19935,0
45.88,-1.7,-0.200559,0
45.882,-1.7,-0.200256,0
45.884,-1.7,-0.200559,0
45.886,-1.7,-0.200256,0
45.888,-1.7,-0.200156,0
45.89,-1.7,-0.199652,0
45.892,-1.7,-0.200962,0
45.894,-1.7,-0.200055,0
45.896,-1.7,-0.200156,0
45.898,-1.7,-0.201163,0
45.9,-1.7,-0.200861,0
45.902,-1.7,-0.201364,0
45.904,-1.7,-0.200357,0
45.906,-1.7,-0.200357,0
45.908,-1.7,-0.200659,0
45.91,-1.7,-0.200055,0
45.912,-1.7,-0.200357,0
45.914,-1.7,-0.199551,0
45.916,-1.7,-0.200559,0
45.918,-1.7,-0.200357,0
45.92,-1.7,-0.199954,0
45.922,-1.7,-0.20076,0
45.924,-1.7,-0.200357,0
45.926,-1.7,-0.200559,0
45.928,-1.7,-0.200055,0
45.93,-1.7,-0.20076,0
45.932,-1.7,-0.20076,0
45.934,-1.7,-0.200659,0
45.936,-1.7,-0.200458,0
45.938,-1.7,-0.199853,0
45.94,-1.7,-0.200659,0
45.942,-1.7,-0.200962,0
45.944,-1.7,-0.199853,0
45.946,-1.7,-0.19935,0
45.948,-1.7,-0.199853,0
45.95,-1.7,-0.199954,0
45.952,-1.7,-0.200357,0
45.954,-1.7,-0.199853,0
45.956,-1.7,-0.200458,0
45.958,-1.7,-0.200861,0
45.96,-1.7,-0.200559,0
45.962,-1.7,-0.200559,0
45.964,-1.7,-0.199753,0
45.966,-1.7,-0.199853,0
45.968,-1.7,-0.201062,0
45.97,-1.7,-0.200357,0
45.972,-1.7,-0.200962,0
45.974,-1.7,-0.200962,0
45.976,-1.7,-0.201465,0
45.978,-1.7,-0.201062,0
45.98,-1.7,-0.200156,0
45.982,-1.7,-0.200659,0
45.984,-1.7,-0.200458,0
45.986,-1.7,-0.20076,0
45.988,-1.7,-0.200559,0
45.99,-1.7,-0.200055,0
45.992,-1.7,-0.200559,0
45.994,-1.7,-0.200357,0
45.996,-1.7,-0.200055,0
45.998,-1.7,-0.200458,0
46,-1.6,-0.199954,0
46.002,-1.6,-0.186758,0
46.004,-1.6,-0.186557,0
46.006,-1.6,-0.18696,0
46.008,-1.6,-0.186859,0
46.01,-1.6,-0.186456,0
46.012,-1.6,-0.186557,0
46.014,-1.6,-0.187262,0
46.016,-1.6,-0.185852,0
46.018,-1.6,-0.18565,0
46.02,-1.6,-0.186658,0
46.022,-1.6,-0.187161,0
46.024,-1.6,-0.18696,0
46.026,-1.6,-0.186154,0
46.028,-1.6,-0.18696,0
46.03,-1.6,-0.187161,0
46.032,-1.6,-0.186859,0
46.034,-1.6,-0.186658,0
46.036,-1.6,-0.186557,0
46.038,-1.6,-0.186557,0
46.04,-1.6,-0.186658,0
46.042,-1.6,-0.186456,0
46.044,-1.6,-0.186658,0
46.046,-1.6,-0.187262,0
46.048,-1.6,-0.187161,0
46.05,-1.6,-0.18696,0
46.052,-1.6,-0.18696,0
46.054,-1.6,-0.187363,0
46.056,-1.6,-0.186456,0
46.058,-1.6,-0.186859,0
46.06,-1.6,-0.186456,0
46.062,-1.6,-0.18565,0
46.064,-1.6,-0.186859,0
46.066,-1.6,-0.18706,0
46.068,-1.6,-0.18696,0
46.07,-1.6,-0.187866,0
46.072,-1.6,-0.186456,0
46.074,-1.6,-0.187463,0
46.076,-1.6,-0.18706,0
46.078,-1.6,-0.186658,0
46.08,-1.6,-0.18696,0
46.082,-1.6,-0.186456,0
46.084,-1.6,-0.18696,0
46.086,-1.6,-0.187161,0
46.088,-1.6,-0.187161,0
46.09,-1.6,-0.187967,0
46.092,-1.6,-0.187866,0
46.094,-1.6,-0.187363,0
46.096,-1.6,-0.18696,0
46.098,-1.6,-0.186154,0
46.1,-1.6,-0.186557,0
46.102,-1.6,-0.187161,0
46.104,-1.6,-0.186355,0
46.106,-1.6,-0.187564,0
46.108,-1.6,-0.186758,0
46.11,-1.6,-0.187665,1.2036
46.112,-1.6,-0.186859,1.2036
46.114,-1.6,-0.187161,1.2036
46.116,-1.6,-0.187262,1.2036
46.118,-1.6,-0.187564,1.2036
46.12,-1.6,-0.187363,1.16598
46.122,-1.6,-0.186758,0.979859
46.124,-1.6,-0.186658,0.84532
46.126,-1.6,-0.187161,0.742863
46.128,-1.6,-0.187161,0.662555
46.13,-1.6,-0.18706,0.597887
46.132,-1.6,-0.187665,0.545097
46.134,-1.6,-0.187564,0.50046
46.136,-1.6,-0.188168,0.462649
46.138,-1.6,-0.187866,0.430314
46.14,-1.6,-0.187161,0.40208
46.142,-1.6,-0.186859,0.377419
46.144,-1.6,-0.18696,0.355516
46.146,-1.6,-0.187866,0.336029
46.148,-1.6,-0.18837,0.318642
46.15,-1.6,-0.187463,0.302852
46.152,-1.6,-0.187665,0.288613
46.154,-1.6,-0.187665,0.27562
46.156,-1.6,-0.187363,0.263779
46.158,-1.6,-0.187161,0.252902
46.16,-1.6,-0.187766,0.242897
46.162,-1.6,-0.187262,0.233652
46.164,-1.6,-0.187161,0.225095
46.166,-1.6,-0.187363,0.217133
46.168,-1.6,-0.187161,0.209709
46.17,-1.6,-0.18696,0.202785
46.172,-1.6,-0.187363,0.196297
46.174,-1.6,-0.187363,0.19021
46.176,-1.6,-0.187866,0.18447
46.178,-1.6,-0.187161,0.179087
46.18,-1.6,-0.18696,0.174021
46.182,-1.6,-0.187463,0.169219
46.184,-1.6,-0.18706,0.164693
46.186,-1.6,-0.186859,0.160375
46.188,-1.6,-0.185952,0.156292
46.19,-1.6,-0.187262,0.152409
46.192,-1.6,-0.186859,0.148717
46.194,-1.6,-0.186658,0.145197
46.196,-1.6,-0.186758,0.141834
46.198,-1.6,-0.186859,0.138627
46.2,-1.6,-0.187161,0.135564
46.202,-1.6,-0.186557,0.132635
46.204,-1.6,-0.185751,0.12983
46.206,-1.6,-0.185751,0.127141
46.208,-1.6,-0.185147,0.12456
46.21,-1.6,-0.184643,0.122083
46.212,-1.6,-0.185952,0.119696
46.214,-1.6,-0.185549,0.117413
46.216,-1.6,-0.185852,-0.115209
46.218,-1.6,-0.185549,-0.113087
46.22,-1.6,-0.184542,-0.111037
46.222,-1.6,-0.184643,-0.109059
46.224,-1.6,-0.184038,-0.10716
46.226,-1.6,-0.18424,0
46.228,-1.6,-0.184038,0
46.23,-1.6,-0.182628,0
46.232,-1.6,-0.183132,0
46.234,-1.6,-0.183132,0
46.236,-1.6,-0.182729,0
46.238,-1.6,-0.183233,0
46.24,-1.6,-0.182628,0
46.242,-1.6,-0.18293,0
46.244,-1.6,-0.18696,0
46.246,-1.6,-0.186658,0
46.248,-1.6,-0.185449,0
46.25,-1.6,-0.186154,0
46.252,-1.6,-0.186355,0
46.254,-1.6,-0.185549,0
46.256,-1.6,-0.186557,0
46.258,-1.6,-0.187262,0
46.26,-1.6,-0.186557,0
46.262,-1.6,-0.186859,0
46.264,-1.6,-0.186557,0
46.266,-1.6,-0.18706,0
46.268,-1.6,-0.186758,0
46.27,-1.6,-0.186859,0
46.272,-1.6,-0.186758,0
46.274,-1.6,-0.185952,0
46.276,-1.6,-0.187363,0
46.278,-1.6,-0.187161,0
46.28,-1.6,-0.186758,0
46.282,-1.6,-0.187262,0
46.284,-1.6,-0.186758,0
46.286,-1.6,-0.186557,0
46.288,-1.6,-0.186658,0
46.29,-1.6,-0.185952,0
46.292,-1.6,-0.186859,0
46.294,-1.6,-0.187262,0
46.296,-1.6,-0.187161,0
46.298,-1.6,-0.187463,0
46.3,-1.6,-0.18696,0
46.302,-1.6,-0.186355,0
46.304,-1.6,-0.18696,0
46.306,-1.6,-0.186859,0
46.308,-1.6,-0.186255,0
46.31,-1.6,-0.18696,0
46.312,-1.6,-0.186557,0
46.314,-1.6,-0.186255,0
46.316,-1.6,-0.186255,0
46.318,-1.6,-0.18696,0
46.32,-1.6,-0.18696,0
46.322,-1.6,-0.186255,0
46.324,-1.6,-0.18696,0
46.326,-1.6,-0.186053,0
46.328,-1.6,-0.186456,0
46.33,-1.6,-0.18706,0
46.332,-1.6,-0.186355,0
46.334,-1.6,-0.18706,0
46.336,-1.6,-0.187363,0
46.338,-1.6,-0.18696,0
46.34,-1.6,-0.186355,0
46.342,-1.6,-0.187665,0
46.344,-1.6,-0.187161,0
46.346,-1.6,-0.186658,0
46.348,-1.6,-0.186557,0
46.35,-1.6,-0.186557,0
46.352,-1.6,-0.185852,0
46.354,-1.6,-0.185952,0
46.356,-1.6,-0.186255,0
46.358,-1.6,-0.187463,0
46.36,-1.6,-0.186456,0
46.362,-1.6,-0.18696,0
46.364,-1.6,-0.186456,0
46.366,-1.6,-0.187665,0
46.368,-1.6,-0.186758,0
46.37,-1.6,-0.185952,0
46.372,-1.6,-0.186255,0
46.374,-1.6,-0.186456,0
46.376,-1.6,-0.186456,0
46.378,-1.6,-0.187161,0
46.38,-1.6,-0.187363,0
46.382,-1.6,-0.186758,0
46.384,-1.6,-0.187161,0
46.386,-1.6,-0.186758,0
46.388,-1.6,-0.187161,0
46.39,-1.6,-0.186355,0
46.392,-1.6,-0.186154,0
46.394,-1.6,-0.186456,0
46.396,-1.6,-0.186758,0
46.398,-1.6,-0.187665,0
46.4,-1.6,-0.186154,0
46.402,-1.6,-0.18706,0
46.404,-1.6,-0.187564,0
46.406,-1.6,-0.18696,0
46.408,-1.6,-0.186355,0
46.41,-1.6,-0.187363,0
46.412,-1.6,-0.18706,0
46.414,-1.6,-0.186859,0
46.416,-1.6,-0.186557,0
46.418,-1.6,-0.18696,0
46.42,-1.6,-0.18706,0
46.422,-1.6,-0.18696,0
46.424,-1.6,-0.186658,0
46.426,-1.6,-0.186758,0
46.428,-1.6,-0.186053,0
46.43,-1.6,-0.186255,0
46.432,-1.6,-0.185852,0
46.434,-1.6,-0.186255,0
46.436,-1.6,-0.187262,0
46.438,-1.6,-0.186859,0
46.44,-1.6,-0.187363,0
46.442,-1.6,-0.186859,0
46.444,-1.6,-0.18706,0
46.446,-1.6,-0.186859,0
46.448,-1.6,-0.186658,0
46.45,-1.6,-0.186255,0
46.452,-1.6,-0.186557,0
46.454,-1.6,-0.186255,0
46.456,-1.6,-0.186658,0
46.458,-1.6,-0.18706,0
46.46,-1.6,-0.187463,0
46.462,-1.6,-0.18706,0
46.464,-1.6,-0.186557,0
46.466,-1.6,-0.187161,0
46.468,-1.6,-0.187967,0
46.47,-1.6,-0.185952,0
46.472,-1.6,-0.187161,0
46.474,-1.6,-0.187161,0
46.476,-1.6,-0.186658,0
46.478,-1.6,-0.18706,0
46.48,-1.6,-0.186758,0
46.482,-1.6,-0.187262,0
46.484,-1.6,-0.185852,0
46.486,-1.6,-0.187463,0
46.488,-1.6,-0.186859,0
46.49,-1.6,-0.18696,0
46.492,-1.6,-0.187262,0
46.494,-1.6,-0.18706,0
46.496,-1.6,-0.187161,0
46.498,-1.6,-0.186859,0
46.5,-1.6,-0.187161,0
46.502,-1.6,-0.187161,0
46.504,-1.6,-0.18696,0
46.506,-1.6,-0.187161,0
46.508,-1.6,-0.187161,0
46.51,-1.6,-0.187363,0
46.512,-1.6,-0.186859,0
46.514,-1.6,-0.186456,0
46.516,-1.6,-0.186859,0
46.518,-1.6,-0.186658,0
46.52,-1.6,-0.187262,0
46.522,-1.6,-0.187564,0
46.524,-1.6,-0.18696,0
46.526,-1.6,-0.187463,0
46.528,-1.6,-0.187262,0
46.53,-1.6,-0.186355,0
46.532,-1.6,-0.186859,0
46.534,-1.6,-0.18706,0
46.536,-1.6,-0.186557,0
46.538,-1.6,-0.186255,0
46.54,-1.6,-0.186658,0
46.542,-1.6,-0.186758,0
46.544,-1.6,-0.18565,0
46.546,-1.6,-0.18696,0
46.548,-1.6,-0.186658,0
46.55,-1.6,-0.18696,0
46.552,-1.6,-0.187161,0
46.554,-1.6,-0.186557,0
46.556,-1.6,-0.186255,0
46.558,-1.6,-0.18696,0
46.56,-1.6,-0.187463,0
46.562,-1.6,-0.18696,0
46.564,-1.6,-0.186758,0
46.566,-1.6,-0.186758,0
46.568,-1.6,-0.187463,0
46.57,-1.6,-0.186456,0
46.572,-1.6,-0.18696,0
46.574,-1.6,-0.186758,0
46.576,-1.6,-0.18696,0
46.578,-1.6,-0.187463,0
46.58,-1.6,-0.186758,0
46.582,-1.6,-0.18696,0
46.584,-1.6,-0.187665,0
46.586,-1.6,-0.187564,0
46.588,-1.6,-0.186456,0
46.59,-1.6,-0.186355,0
46.592,-1.6,-0.186557,0
46.594,-1.6,-0.186758,0
46.596,-1.6,-0.18706,0
46.598,-1.6,-0.186154,0
46.6,-1.6,-0.18706,0
46.602,-1.6,-0.186255,0
46.604,-1.6,-0.187665,0
46.606,-1.6,-0.186758,0
46.608,-1.6,-0.18706,0
46.61,-1.6,-0.186859,0
46.612,-1.6,-0.18696,0
46.614,-1.6,-0.18696,0
46.616,-1.6,-0.186053,0
46.618,-1.6,-0.186053,0
46.62,-1.6,-0.187463,0
46.622,-1.6,-0.186255,0
46.624,-1.6,-0.187161,0
46.626,-1.6,-0.187262,0
46.628,-1.6,-0.18706,0
46.63,-1.6,-0.187161,0
46.632,-1.6,-0.187463,0
46.634,-1.6,-0.186859,0
46.636,-1.6,-0.187363,0
46.638,-1.6,-0.18706,0
46.64,-1.6,-0.186154,0
46.642,-1.6,-0.186154,0
46.644,-1.6,-0.186255,0
46.646,-1.6,-0.18706,0
46.648,-1.6,-0.187262,0
46.65,-1.6,-0.187463,0
46.652,-1.6,-0.186859,0
46.654,-1.6,-0.18706,0
46.656,-1.6,-0.186355,0
46.658,-1.6,-0.186557,0
46.66,-1.6,-0.186154,0
46.662,-1.6,-0.186557,0
46.664,-1.6,-0.186154,0
46.666,-1.6,-0.187262,0
46.668,-1.6,-0.187967,0
46.67,-1.6,-0.18706,0
46.672,-1.6,-0.18706,0
46.674,-1.6,-0.18696,0
46.676,-1.6,-0.186658,0
46.678,-1.6,-0.186658,0
46.68,-1.6,-0.186456,0
46.682,-1.6,-0.186154,0
46.684,-1.6,-0.187766,0
46.686,-1.6,-0.187363,0
46.688,-1.6,-0.18696,0
46.69,-1.6,-0.18706,0
46.692,-1.6,-0.187161,0
46.694,-1.6,-0.187463,0
46.696,-1.6,-0.18706,0
46.698,-1.6,-0.186255,0
46.7,-1.6,-0.18696,0
46.702,-1.6,-0.187262,0
46.704,-1.6,-0.186658,0
46.706,-1.6,-0.18696,0.144561
46.708,-1.6,-0.187161,0.144561
46.71,-1.6,-0.187161,0.144561
46.712,-1.6,-0.187463,0.144561
46.714,-1.6,-0.187665,0.144561
46.716,-1.6,-0.18706,0.144561
46.718,-1.6,-0.187161,0.144561
46.72,-1.6,-0.185852,0.144561
46.722,-1.6,-0.187363,0.144561
46.724,-1.6,-0.186255,0.144561
46.726,-1.6,-0.186859,0.144561
46.728,-1.6,-0.187766,0.144561
46.73,-1.6,-0.187967,0.144561
46.732,-1.6,-0.18696,0.144561
46.734,-1.6,-0.187161,0.144561
46.736,-1.6,-0.187363,0.144561
46.738,-1.6,-0.186658,0.144561
46.74,-1.6,-0.186456,0.144561
46.742,-1.6,-0.186456,0.144561
46.744,-1.6,-0.187463,0.144561
46.746,-1.6,-0.186355,0.144561
46.748,-1.6,-0.186758,0.144561
46.75,-1.6,-0.186658,0.144561
46.752,-1.6,-0.186557,0.144561
46.754,-1.6,-0.186154,0.144561
46.756,-1.6,-0.186859,0.144561
46.758,-1.6,-0.18696,0.144561
46.76,-1.6,-0.186758,0.144561
46.762,-1.6,-0.186456,0.144561
46.764,-1.6,-0.186557,0.144561
46.766,-1.6,-0.186557,0.144561
46.768,-1.6,-0.186355,0.144561
46.77,-1.6,-0.18696,0.144561
46.772,-1.6,-0.18706,0.144561
46.774,-1.6,-0.185549,0.144561
46.776,-1.6,-0.185549,0.144561
46.778,-1.6,-0.186154,0.144561
46.78,-1.6,-0.185751,0.144561
46.782,-1.6,-0.185549,0.144561
46.784,-1.6,-0.185549,0.144561
46.786,-1.6,-0.18565,0.144561
46.788,-1.6,-0.184945,0.144561
46.79,-1.6,-0.184945,-0.144315
46.792,-1.6,-0.185247,-0.140995
46.794,-1.6,-0.185247,-0.137818
46.796,-1.6,-0.184744,-0.134795
46.798,-1.6,-0.184643,-0.1319
46.8,-1.6,-0.184341,-0.129133
46.802,-1.6,-0.183837,-0.12646
46.804,-1.6,-0.183132,-0.123911
46.806,-1.6,-0.185348,-0.121464
46.808,-1.6,-0.187161,-0.119096
46.81,-1.6,-0.186557,-0.116825
46.812,-1.6,-0.187363,-0.114648
46.814,-1.6,-0.185952,-0.112541
46.816,-1.6,-0.186557,-0.11052
46.818,-1.6,-0.186557,-0.108564
46.82,-1.6,-0.186255,-0.106672
46.822,-1.6,-0.185751,-0.104848
46.824,-1.6,-0.186456,-0.10309
46.826,-1.6,-0.187161,-0.101383
46.828,-1.6,-0.186758,-0.09974
46.83,-1.6,-0.187363,-0.0981413
46.832,-1.6,-0.186758,-0.0965999
46.834,-1.6,-0.186859,-0.0951024
46.836,-1.6,-0.186557,-0.0936455
46.838,-1.6,-0.186456,-0.0922472
46.84,-1.6,-0.186053,-0.0908741
46.842,-1.6,-0.186154,-0.0895465
46.844,-1.6,-0.186355,-0.0882614
46.846,-1.6,-0.18696,-0.0870072
46.848,-1.6,-0.187463,-0.0857947
46.85,-1.6,-0.187262,-0.084611
46.852,-1.6,-0.186053,-0.0834578
46.854,-1.6,-0.186658,-0.0823367
46.856,-1.6,-0.185751,-0.0812485
46.858,-1.6,-0.186758,-0.080189
46.86,-1.6,-0.186859,-0.0791503
46.862,-1.6,-0.186053,-0.0781447
46.864,-1.6,-0.186355,-0.0771596
46.866,-1.6,-0.186456,-0.0762041
46.868,-1.6,-0.187161,-0.075267
46.87,-1.6,-0.185952,-0.0743567
46.872,-1.6,-0.186658,-0.0734654
46.874,-1.6,-0.186557,-0.0725978
46.876,-1.6,-0.186859,-0.0717478
46.878,-1.6,-0.186154,-0.07092
46.88,-1.6,-0.186557,-0.0701116
46.882,-1.6,-0.186255,-0.0693159
46.884,-1.6,-0.186859,-0.0685418
46.886,-1.6,-0.186355,-0.0677858
46.888,-1.6,-0.186557,-0.0670443
46.89,-1.6,-0.186758,-0.0663211
46.892,-1.6,-0.18706,-0.0656108
46.894,-1.6,-0.18696,-0.0649147
46.896,-1.6,-0.186859,-0.0642356
46.898,-1.6,-0.186557,-0.0635712
46.9,-1.6,-0.186053,-0.0629196
46.902,-1.6,-0.186053,-0.0622804
46.904,-1.6,-0.186658,-0.0616549
46.906,-1.6,-0.186154,-0.0610407
46.908,-1.6,-0.18706,-0.0604396
46.91,-1.6,-0.186658,-0.0598494
46.912,-1.6,-0.186456,-0.0592724
46.914,-1.6,-0.187262,-0.0587059
46.916,-1.6,-0.185952,-0.0581484
46.918,-1.6,-0.187161,-0.0576038
46.92,-1.6,-0.187161,-0.0570672
46.922,-1.6,-0.186255,-0.0565407
46.924,-1.6,-0.186456,-0.0560261
46.926,-1.6,-0.186557,-0.0555182
46.928,-1.6,-0.186557,-0.0550206
46.93,-1.6,-0.186355,-0.0545309
46.932,-1.6,-0.186557,-0.0540511
46.934,-1.6,-0.186859,-0.0535785
46.936,-1.6,-0.18706,-0.0531161
46.938,-1.6,-0.187262,-0.0526598
46.94,-1.6,-0.186758,-0.0522119
46.942,-1.6,-0.187665,-0.0517701
46.944,-1.6,-0.186758,-0.051338
46.946,-1.6,-0.186658,-0.0509126
46.948,-1.6,-0.186758,-0.0504929
46.95,-1.6,-0.187363,-0.0500802
46.952,-1.6,-0.187161,-0.0496744
46.954,-1.6,-0.186658,-0.0492766
46.956,-1.6,-0.187363,-0.0488834
46.958,-1.6,-0.186859,-0.0484966
46.96,-1.6,-0.186355,-0.0481171
46.962,-1.6,-0.18706,-0.0477429
46.964,-1.6,-0.186758,-0.0473738
46.966,-1.6,-0.186658,-0.0470111
46.968,-1.6,-0.185852,-0.0466531
46.97,-1.6,-0.186658,-0.0463022
46.972,-1.6,-0.186758,-0.0459548
46.974,-1.6,-0.186658,-0.0456137
46.976,-1.6,-0.18706,-0.045277
46.978,-1.6,-0.18696,-0.0449445
46.98,-1.6,-0.186557,-0.0446185
46.982,-1.6,-0.18706,-0.0442955
46.984,-1.6,-0.186456,-0.0439787
46.986,-1.6,-0.186859,-0.0436665
46.988,-1.6,-0.186255,-0.0433577
46.99,-1.6,-0.186758,-0.0430535
46.992,-1.6,-0.186557,-0.0427534
46.994,-1.6,-0.187363,-0.0424576
46.996,-1.6,-0.187463,-0.0421656
46.998,-1.6,-0.18696,-0.041878
47,-1.5,-0.187161,-0.0415936
47.002,-1.5,-0.172152,-0.0413132
47.004,-1.5,-0.172152,-0.0410377
47.006,-1.5,-0.172152,-0.0407647
47.008,-1.5,-0.171749,-0.0404954
47.01,-1.5,-0.171648,-0.04023
47.012,-1.5,-0.172857,-0.0399688
47.014,-1.5,-0.172454,-0.0397091
47.016,-1.5,-0.172253,-0.0394544
47.018,-1.5,-0.172756,-0.0392026
47.02,-1.5,-0.172857,-0.0389534
47.022,-1.5,-0.172656,-0.0387073
47.024,-1.5,-0.172353,-0.0384648
47.026,-1.5,-0.172756,-0.0382246
47.028,-1.5,-0.172051,-0.0379894
47.03,-1.5,-0.172857,-0.0377542
47.032,-1.5,-0.172353,-0.0375238
47.034,-1.5,-0.172353,-0.0372964
47.036,-1.5,-0.171951,-0.0370702
47.038,-1.5,-0.172353,-0.036848
47.04,-1.5,-0.172454,-0.0366279
47.042,-1.5,-0.172656,-0.03641
47.044,-1.5,-0.172756,-0.0361959
47.046,-1.5,-0.173059,-0.0359834
47.048,-1.5,-0.172152,-0.0357732
47.05,-1.5,-0.172152,-0.0355659
47.052,-1.5,-0.172656,-0.0353611
47.054,-1.5,-0.172958,-0.0351591
47.056,-1.5,-0.172152,-0.0349587
47.058,-1.5,-0.172051,-0.0347604
47.06,-1.5,-0.172555,-0.0345642
47.062,-1.5,-0.171749,-0.0343711
47.064,-1.5,-0.172253,-0.0341792
47.066,-1.5,-0.172958,-0.03399
47.068,-1.5,-0.172756,-0.0338031
47.07,-1.5,-0.172857,-0.0336173
47.072,-1.5,-0.172152,-0.0334349
47.074,-1.5,-0.172857,-0.033253
47.076,-1.5,-0.172152,-0.0330743
47.078,-1.5,-0.172555,-0.0328967
47.08,-1.5,-0.172555,-0.032721
47.082,-1.5,-0.171648,-0.0325474
47.084,-1.5,-0.171648,-0.0323759
47.086,-1.5,-0.172152,-0.0322064
47.088,-1.5,-0.171951,-0.0320382
47.09,-1.5,-0.172857,-0.0318715
47.092,-1.5,-0.173059,-0.0317064
47.094,-1.5,-0.172555,-0.0315438
47.096,-1.5,-0.172454,-0.0313822
47.098,-1.5,-0.172756,-0.0312225
47.1,-1.5,-0.172353,-0.0310647
47.102,-1.5,-0.172253,-0.0309085
47.104,-1.5,-0.172152,-0.0307535
47.106,-1.5,-0.172555,-0.0305998
47.108,-1.5,-0.171951,-0.0304478
47.11,-1.5,-0.172152,-0.0302978
47.112,-1.5,-0.172756,-0.030149
47.114,-1.5,-0.172353,-0.0300021
47.116,-1.5,-0.172051,-0.0298558
47.118,-1.5,-0.172756,-0.0297109
47.12,-1.5,-0.17326,-0.0295678
47.122,-1.5,-0.172555,-0.0294257
47.124,-1.5,-0.172958,-0.0292856
47.126,-1.5,-0.171951,-0.0291463
47.128,-1.5,-0.172857,-0.0290088
47.13,-1.5,-0.171749,-0.028872
47.132,-1.5,-0.172051,-0.0287366
47.134,-1.5,-0.17185,-0.028603
47.136,-1.5,-0.17185,-0.02847
47.138,-1.5,-0.172353,-0.0283389
47.14,-1.5,-0.172454,-0.0282089
47.142,-1.5,-0.172454,-0.0280792
47.144,-1.5,-0.171648,-0.0279517
47.146,-1.5,-0.172353,-0.0278246
47.148,-1.5,-0.172857,-0.0276993
47.15,-1.5,-0.171548,-0.0275746
47.152,-1.5,-0.172253,-0.027451
47.154,-1.5,-0.171951,-0.027329
47.156,-1.5,-0.17185,-0.0272082
47.158,-1.5,-0.17185,-0.0270878
47.16,-1.5,-0.171951,-0.0269684
47.162,-1.5,-0.172756,-0.0268508
47.164,-1.5,-0.17185,-0.0267335
47.166,-1.5,-0.172454,-0.0266179
47.168,-1.5,-0.172152,-0.0265027
47.17,-1.5,-0.173059,-0.0263885
47.172,-1.5,-0.172454,-0.0262755
47.174,-1.5,-0.172656,-0.0261635
47.176,-1.5,-0.172152,-0.0260528
47.178,-1.5,-0.172756,-0.0259425
47.18,-1.5,-0.172353,-0.0258333
47.182,-1.5,-0.172857,-0.0257254
47.184,-1.5,-0.172152,-0.0256174
47.186,-1.5,-0.172756,-0.0255112
47.188,-1.5,-0.173462,-0.0254052
47.19,-1.5,-0.172454,-0.0253008
47.192,-1.5,-0.172555,-0.0251966
47.194,-1.5,-0.171749,-0.0250939
47.196,-1.5,-0.173059,-0.0249914
47.198,-1.5,-0.172051,-0.0248903
47.2,-1.5,-0.171951,-0.0247894
47.202,-1.5,-0.172656,-0.02469
47.204,-1.5,-0.172253,-0.0245907
47.206,-1.5,-0.171951,-0.0244928
47.208,-1.5,-0.172353,-0.0243951
47.21,-1.5,-0.172454,-0.0242985
47.212,-1.5,-0.17185,-0.0242029
47.214,-1.5,-0.172152,-0.0241082
47.216,-1.5,-0.172454,-0.0240134
47.218,-1.5,-0.173361,-0.0239196
47.22,-1.5,-0.172857,-0.0238268
47.222,-1.5,-0.172958,-0.0237347
47.224,-1.5,-0.172253,-0.0236431
47.226,-1.5,-0.17326,-0.0235524
47.228,-1.5,-0.172555,-0.0234626
47.23,-1.5,-0.172857,-0.0233735
47.232,-1.5,-0.172152,-0.0232845
47.234,-1.5,-0.17326,-0.0231963
47.236,-1.5,-0.17185,-0.0231089
47.238,-1.5,-0.172857,-0.0230222
47.24,-1.5,-0.172656,-0.0229364
47.242,-1.5,-0.173562,-0.0228509
47.244,-1.5,-0.173965,-0.0227659
47.246,-1.5,-0.17326,-0.022682
47.248,-1.5,-0.172857,-0.0225982
47.25,-1.5,-0.172958,-0.0225156
47.252,-1.5,-0.172555,-0.0224335
47.254,-1.5,-0.172756,-0.0218563
47.256,-1.5,-0.173361,-0.0218563
47.258,-1.5,-0.173663,-0.0218563
47.26,-1.5,-0.173562,-0.0218563
47.262,-1.5,-0.172756,-0.0218563
47.264,-1.5,-0.173562,-0.0218563
47.266,-1.5,-0.173663,-0.0218563
47.268,-1.5,-0.174267,-0.0218563
47.27,-1.5,-0.173562,-0.0218563
47.272,-1.5,-0.172555,-0.0218563
47.274,-1.5,-0.173864,-0.0218563
47.276,-1.5,-0.17326,-0.0218563
47.278,-1.5,-0.172958,-0.0218563
47.28,-1.5,-0.173663,-0.0218563
47.282,-1.5,-0.173663,-0.0218563
47.284,-1.5,-0.173562,-0.0218563
47.286,-1.5,-0.173965,-0.0218563
47.288,-1.5,-0.173663,-0.0218563
47.29,-1.5,-0.174771,-0.0218563
47.292,-1.5,-0.174267,-0.0218563
47.294,-1.5,-0.173965,-0.0218563
47.296,-1.5,-0.172857,-0.0218563
47.298,-1.5,-0.173663,-0.0218563
47.3,-1.5,-0.173562,-0.0218563
47.302,-1.5,-0.174066,-0.0218563
47.304,-1.5,-0.173462,-0.0218563
47.306,-1.5,-0.173764,-0.0218563
47.308,-1.5,-0.173159,-0.0218563
47.31,-1.5,-0.174066,0.0251732
47.312,-1.5,-0.173059,0.0251732
47.314,-1.5,-0.174469,0.0251732
47.316,-1.5,-0.173764,0.0251732
47.318,-1.5,-0.174066,0.0251732
47.32,-1.5,-0.174368,0.0251732
47.322,-1.5,-0.174066,0.0251732
47.324,-1.5,-0.174066,0.0251732
47.326,-1.5,-0.17326,0.0251732
47.328,-1.5,-0.173764,0.0251732
47.33,-1.5,-0.174267,0.0251732
47.332,-1.5,-0.173159,0.0251732
47.334,-1.5,-0.173361,0.0251732
47.336,-1.5,-0.173864,0.0251732
47.338,-1.5,-0.173764,0.0251732
47.34,-1.5,-0.172958,0.0251732
47.342,-1.5,-0.173864,0.0251732
47.344,-1.5,-0.174167,0.0251732
47.346,-1.5,-0.172656,0.0251732
47.348,-1.5,-0.173059,0.0251732
47.35,-1.5,-0.172656,0.0251732
47.352,-1.5,-0.172454,0.0251732
47.354,-1.5,-0.172152,0.0251732
47.356,-1.5,-0.172656,0.0251732
47.358,-1.5,-0.172454,0.0251732
47.36,-1.5,-0.171447,0.0251732
47.362,-1.5,-0.172152,0.0251732
47.364,-1.5,-0.172253,0.0251732
47.366,-1.5,-0.171749,0.0251732
47.368,-1.5,-0.171548,0.0251732
47.37,-1.5,-0.171245,0.0251732
47.372,-1.5,-0.171447,0.0251732
47.374,-1.5,-0.171648,0.0251732
47.376,-1.5,-0.170742,0.0251732
47.378,-1.5,-0.170842,0.0251732
47.38,-1.5,-0.169936,0.0251732
47.382,-1.5,-0.17044,0.0251732
47.384,-1.5,-0.169936,-0.251516
47.386,-1.5,-0.169634,-0.251516
47.388,-1.5,-0.169432,-0.251516
47.39,-1.5,-0.169332,-0.251516
47.392,-1.5,-0.169634,-0.251516
47.394,-1.5,-0.168727,-0.251516
47.396,-1.5,-0.168425,-0.251516
47.398,-1.5,-0.167518,-0.251516
47.4,-1.5,-0.168727,-0.251516
47.402,-1.5,-0.167821,-0.251516
47.404,-1.5,-0.167619,-0.251516
47.406,-1.5,-0.167821,-0.197892
47.408,-1.5,-0.167115,-0.197892
47.41,-1.5,-0.166813,-0.197892
47.412,-1.5,-0.166612,-0.197892
47.414,-1.5,-0.166108,-0.197892
47.416,-1.5,-0.168123,-0.197892
47.418,-1.5,-0.171749,-0.197892
47.42,-1.5,-0.173159,-0.197892
47.422,-1.5,-0.173462,-0.197892
47.424,-1.5,-0.171749,-0.197892
47.426,-1.5,-0.171648,-0.197892
47.428,-1.5,-0.170842,-0.197892
47.43,-1.5,-0.171648,-0.197892
47.432,-1.5,-0.173361,-0.197892
47.434,-1.5,-0.172353,-0.197892
47.436,-1.5,-0.17185,-0.197892
47.438,-1.5,-0.172555,-0.197892
47.44,-1.5,-0.172857,-0.197892
47.442,-1.5,-0.172152,-0.197892
47.444,-1.5,-0.172857,-0.197892
47.446,-1.5,-0.172454,-0.197892
47.448,-1.5,-0.172454,-0.197892
47.45,-1.5,-0.172051,-0.197892
47.452,-1.5,-0.171951,-0.197892
47.454,-1.5,-0.172051,-0.197892
47.456,-1.5,-0.172958,-0.197892
47.458,-1.5,-0.172353,-0.197892
47.46,-1.5,-0.172253,-0.197892
47.462,-1.5,-0.172857,-0.197892
47.464,-1.5,-0.172454,-0.197892
47.466,-1.5,-0.172656,-0.197892
47.468,-1.5,-0.172152,0.193906
47.47,-1.5,-0.172152,0.18797
47.472,-1.5,-0.172253,0.182378
47.474,-1.5,-0.172051,0.177117
47.476,-1.5,-0.172152,0.17215
47.478,-1.5,-0.172152,0.167452
47.48,-1.5,-0.171951,0.162997
47.482,-1.5,-0.171548,0.158771
47.484,-1.5,-0.172454,0.154781
47.486,-1.5,-0.172253,0.150974
47.488,-1.5,-0.171245,0.147344
47.49,-1.5,-0.172555,0.14389
47.492,-1.5,-0.172958,0.140593
47.494,-1.5,-0.172656,0.137444
47.496,-1.5,-0.171346,0.134426
47.498,-1.5,-0.172253,0.131545
47.5,-1.5,-0.172353,0.128785
47.502,-1.5,-0.172051,0.126139
47.504,-1.5,-0.171749,0.123598
47.506,-1.5,-0.171648,0.121159
47.508,-1.5,-0.171548,0.118808
47.51,-1.5,-0.172152,0.116558
47.512,-1.5,-0.172253,0.114376
47.514,-1.5,-0.173059,0.112285
47.516,-1.5,-0.172253,0.110269
47.518,-1.5,-0.172454,0.108323
47.52,-1.5,-0.172454,0.106445
47.522,-1.5,-0.172656,0.104635
47.524,-1.5,-0.172656,0.102874
47.526,-1.5,-0.172353,0.101178
47.528,-1.5,-0.17185,0.0995449
47.53,-1.5,-0.171951,0.0979518
47.532,-1.5,-0.172958,0.0964111
47.534,-1.5,-0.171648,0.0949206
47.536,-1.5,-0.172152,0.093469
47.538,-1.5,-0.172152,0.092071
47.54,-1.5,-0.172555,0.0907081
47.542,-1.5,-0.171548,0.0893891
47.544,-1.5,-0.172555,0.0881023
47.546,-1.5,-0.17185,0.0868535
47.548,-1.5,-0.172353,0.0856473
47.55,-1.5,-0.171648,0.0844636
47.552,-1.5,-0.171749,0.0833202
47.554,-1.5,-0.17185,0.0822069
47.556,-1.5,-0.172152,0.0811155
47.558,-1.5,-0.172051,0.0800557
47.56,-1.5,-0.172253,0.079028
47.562,-1.5,-0.172353,0.0780216
47.564,-1.5,-0.171447,0.0770447
47.566,-1.5,-0.172051,0.0760853
47.568,-1.5,-0.171749,0.0751549
47.57,-1.5,-0.172051,0.0742484
47.572,-1.5,-0.172555,0.0733569
47.574,-1.5,-0.172656,0.0724888
47.576,-1.5,-0.172857,0.0716444
47.578,-1.5,-0.171548,0.0708158
47.58,-1.5,-0.171951,0.0700097
47.582,-1.5,-0.171951,0.0692209
47.584,-1.5,-0.172555,0.0684457
47.586,-1.5,-0.172656,0.0676941
47.588,-1.5,-0.172253,0.0669537
47.59,-1.5,-0.172152,0.0662314
47.592,-1.5,-0.172353,0.0655244
47.594,-1.5,-0.171951,0.0648319
47.596,-1.5,-0.172051,0.0641545
47.598,-1.5,-0.172051,0.0634891
47.6,-1.5,-0.171749,0.0628383
47.602,-1.5,-0.172656,0.0622023
47.604,-1.5,-0.172756,0.0615782
47.606,-1.5,-0.171548,0.0609667
47.608,-1.5,-0.172555,0.0603672
47.61,-1.5,-0.172253,0.0597789
47.612,-1.5,-0.172857,0.0592025
47.614,-1.5,-0.172454,0.0586355
47.616,-1.5,-0.172454,0.0580806
47.618,-1.5,-0.173462,0.0575362
47.62,-1.5,-0.172857,0.057001
47.622,-1.5,-0.172555,0.0564762
47.624,-1.5,-0.172454,0.0559623
47.626,-1.5,-0.171548,0.0554554
47.628,-1.5,-0.172454,0.0549612
47.63,-1.5,-0.172051,0.0544714
47.632,-1.5,-0.172454,0.0539919
47.634,-1.5,-0.172958,0.0535233
47.636,-1.5,-0.172555,0.053059
47.638,-1.5,-0.172253,0.0526044
47.64,-1.5,-0.172756,0.0521571
47.642,-1.5,-0.172051,0.0517177
47.644,-1.5,-0.173361,0.0512853
47.646,-1.5,-0.172253,0.0508593
47.648,-1.5,-0.172051,0.0504422
47.65,-1.5,-0.172857,0.049625
47.652,-1.5,-0.173159,0.0492283
47.654,-1.5,-0.172353,0.0488352
47.656,-1.5,-0.17185,0.0484497
47.658,-1.5,-0.172253,0.0480712
47.66,-1.5,-0.173059,0.0476964
47.662,-1.5,-0.172253,0.0473286
47.664,-1.5,-0.173159,0.0469665
47.666,-1.5,-0.172051,0.0466096
47.668,-1.5,-0.17185,0.0462583
47.67,-1.5,-0.171749,0.0459124
47.672,-1.5,-0.171447,0.0455713
47.674,-1.5,-0.172253,0.0452347
47.676,-1.5,-0.172353,0.0449045
47.678,-1.5,-0.171648,0.0445781
47.68,-1.5,-0.172152,0.0442559
47.682,-1.5,-0.172152,0.0439402
47.684,-1.5,-0.171749,0.0436266
47.686,-1.5,-0.172353,0.0433198
47.688,-1.5,-0.172454,0.0430149
47.69,-1.5,-0.172152,0.0427168
47.692,-1.5,-0.171749,0.0424207
47.694,-1.5,-0.172051,0.0421293
47.696,-1.5,-0.172454,0.0418422
47.698,-1.5,-0.172353,0.0415587
47.7,-1.5,-0.172152,0.041279
47.702,-1.5,-0.172353,0.0410039
47.704,-1.5,-0.171648,0.0407311
47.706,-1.5,-0.172051,0.040462
47.708,-1.5,-0.172656,0.040198
47.71,-1.5,-0.172958,0.0399364
47.712,-1.5,-0.172152,0.0396782
47.714,-1.5,-0.172454,0.0394232
47.716,-1.5,-0.171749,0.0391714
47.718,-1.5,-0.172958,0.0389231
47.72,-1.5,-0.172454,0.0386776
47.722,-1.5,-0.172454,0.0384346
47.724,-1.5,-0.172353,0.0381954
47.726,-1.5,-0.172555,0.037959
47.728,-1.5,-0.17185,0.0377258
47.73,-1.5,-0.172454,0.0374952
47.732,-1.5,-0.172958,0.0372685
47.734,-1.5,-0.172958,0.0370429
47.736,-1.5,-0.172756,0.0368202
47.738,-1.5,-0.172454,0.0366014
47.74,-1.5,-0.172857,0.0363839
47.742,-1.5,-0.172454,0.0361694
47.744,-1.5,-0.172857,0.0359575
47.746,-1.5,-0.171648,0.035748
47.748,-1.5,-0.171951,0.0355419
47.75,-1.5,-0.172253,0.0353366
47.752,-1.5,-0.171951,0.0351341
47.754,-1.5,-0.171447,0.0349334
47.756,-1.5,-0.171951,0.0347364
47.758,-1.5,-0.172656,0.0345406
47.76,-1.5,-0.172958,0.034347
47.762,-1.5,-0.172454,0.0341559
47.764,-1.5,-0.172857,0.0339675
47.766,-1.5,-0.171951,0.0337797
47.768,-1.5,-0.17185,0.0335946
47.77,-1.5,-0.172656,0.033412
47.772,-1.5,-0.172253,0.0332313
47.774,-1.5,-0.172051,0.0330524
47.776,-1.5,-0.172454,0.032875
47.778,-1.5,-0.17185,0.0326999
47.78,-1.5,-0.17185,0.0325271
47.782,-1.5,-0.172756,0.0323552
47.784,-1.5,-0.172353,0.0321848
47.786,-1.5,-0.172555,0.0320173
47.788,-1.5,-0.172051,0.0318509
47.79,-1.5,-0.172857,0.0316867
47.792,-1.5,-0.172253,0.0315235
47.794,-1.5,-0.172756,0.0313623
47.796,-1.5,-0.172051,0.0312036
47.798,-1.5,-0.171548,0.0310454
47.8,-1.5,-0.171548,0.0308891
47.802,-1.5,-0.171951,0.0307345
47.804,-1.5,-0.172353,0.0305814
47.806,-1.5,-0.172656,0.0304294
47.808,-1.5,-0.172253,0.0302793
47.81,-1.5,-0.172454,0.0301307
47.812,-1.5,-0.172958,0.0299836
47.814,-1.5,-0.172756,0.0298373
47.816,-1.5,-0.172555,0.0296934
47.818,-1.5,-0.172253,0.0295501
47.82,-1.5,-0.172353,0.0294084
47.822,-1.5,-0.172353,0.0292682
47.824,-1.5,-0.173159,0.0291294
47.826,-1.5,-0.171951,0.0289919
47.828,-1.5,-0.172253,0.0288556
47.83,-1.5,-0.172857,0.0287203
47.832,-1.5,-0.172656,0.0285863
47.834,-1.5,-0.173159,0.0284541
47.836,-1.5,-0.172756,0.0283224
47.838,-1.5,-0.173562,0.0281926
47.84,-1.5,-0.173059,0.0280634
47.842,-1.5,-0.17326,0.0279358
47.844,-1.5,-0.172857,0.0278089
47.846,-1.5,-0.172454,0.0276834
47.848,-1.5,-0.172152,0.0275592
47.85,-1.5,-0.173361,0.790923
47.852,-1.5,-0.172454,0.790923
47.854,-1.5,-0.172857,0.790923
47.856,-1.5,-0.17326,0.790923
47.858,-1.5,-0.172857,0.790923
47.86,-1.5,-0.172857,0.790923
47.862,-1.5,-0.173059,0.790923
47.864,-1.5,-0.173562,0.790923
47.866,-1.5,-0.173361,0.701075
47.868,-1.5,-0.173764,0.629374
47.87,-1.5,-0.173562,0.570764
47.872,-1.5,-0.173159,0.522143
47.874,-1.5,-0.172756,0.481307
47.876,-1.5,-0.172353,0.446268
47.878,-1.5,-0.173361,0.415965
47.88,-1.5,-0.172253,0.389529
47.882,-1.5,-0.172857,0.366275
47.884,-1.5,-0.173562,0.345708
47.886,-1.5,-0.17326,0.327233
47.888,-1.5,-0.173965,0.310646
47.89,-1.5,-0.173059,0.295701
47.892,-1.5,-0.173361,0.282111
47.894,-1.5,-0.173361,0.269702
47.896,-1.5,-0.172958,0.258355
47.898,-1.5,-0.172958,0.247925
47.9,-1.5,-0.173159,0.23829
47.902,-1.5,-0.173159,0.229412
47.904,-1.5,-0.173059,0.221128
47.906,-1.5,-0.173059,0.213431
47.908,-1.5,-0.173059,0.206262
47.91,-1.5,-0.173562,0.199551
47.912,-1.5,-0.172958,0.193243
47.914,-1.5,-0.172051,0.187346
47.916,-1.5,-0.17326,0.181795
47.918,-1.5,-0.173159,0.17659
47.92,-1.5,-0.172253,0.171634
47.922,-1.5,-0.173663,0.166966
47.924,-1.5,-0.172051,0.162546
47.926,-1.5,-0.172756,0.158351
47.928,-1.5,-0.172152,0.15437
47.93,-1.5,-0.172051,0.150566
47.932,-1.5,-0.172454,0.146962
47.934,-1.5,-0.172152,0.143523
47.936,-1.5,-0.171548,0.140245
47.938,-1.5,-0.172051,0.13711
47.94,-1.5,-0.171548,0.134116
47.942,-1.5,-0.170742,-0.131249
47.944,-1.5,-0.170742,-0.128498
47.946,-1.5,-0.171749,-0.125868
47.948,-1.5,-0.171044,-0.123335
47.95,-1.5,-0.170742,-0.1209
47.952,-1.5,-0.170641,-0.118571
47.954,-1.5,-0.17044,-0.0254837
47.956,-1.5,-0.170037,-0.0254837
47.958,-1.5,-0.169936,-0.0254837
47.96,-1.5,-0.17044,-0.0254837
47.962,-1.5,-0.169533,-0.0254837
47.964,-1.5,-0.16913,-0.0254837
47.966,-1.5,-0.169835,-0.0254837
47.968,-1.5,-0.169533,-0.0254837
47.97,-1.5,-0.168626,-0.0254837
47.972,-1.5,-0.168022,-0.0254837
47.974,-1.5,-0.171447,-0.0254837
47.976,-1.5,-0.169231,-0.0254837
47.978,-1.5,-0.171648,-0.0254837
47.98,-1.5,-0.171548,-0.0254837
47.982,-1.5,-0.171648,-0.0254837
47.984,-1.5,-0.171346,-0.0254837
47.986,-1.5,-0.171951,-0.0254837
47.988,-1.5,-0.17185,-0.0254837
47.99,-1.5,-0.172051,-0.0254837
47.992,-1.5,-0.173059,-0.0254837
47.994,-1.5,-0.173159,-0.0254837
47.996,-1.5,-0.172152,-0.0254837
47.998,-1.5,-0.171749,-0.0254837
48,-1.4,-0.171648,-0.0254837
48.002,-1.4,-0.158452,-0.0254837
48.004,-1.4,-0.157848,-0.0254837
48.006,-1.4,-0.157949,-0.0254837
48.008,-1.4,-0.159158,-0.0254837
48.01,-1.4,-0.158855,-0.0254837
48.012,-1.4,-0.158251,-0.0254837
48.014,-1.4,-0.158956,-0.0254837
48.016,-1.4,-0.158956,-0.0254837
48.018,-1.4,-0.158352,-0.0254837
48.02,-1.4,-0.15946,-0.0254837
48.022,-1.4,-0.15946,-0.0254837
48.024,-1.4,-0.15956,-0.0254837
48.026,-1.4,-0.158049,-0.0254837
48.028,-1.4,-0.158855,-0.0254837
48.03,-1.4,-0.158755,-0.0254837
48.032,-1.4,-0.158755,-0.0254837
48.034,-1.4,-0.159359,-0.0254837
48.036,-1.4,-0.159158,-0.0254837
48.038,-1.4,-0.159057,-0.0254837
48.04,-1.4,-0.158251,-0.0254837
48.042,-1.4,-0.159359,-0.0254837
48.044,-1.4,-0.159057,-0.0254837
48.046,-1.4,-0.158956,-0.0254837
48.048,-1.4,-0.159359,-0.0254837
48.05,-1.4,-0.159258,-0.0254837
48.052,-1.4,-0.159661,-0.0254837
48.054,-1.4,-0.158855,-0.0254837
48.056,-1.4,-0.158855,-0.0254837
48.058,-1.4,-0.159158,-0.0254837
48.06,-1.4,-0.158654,-0.0254837
48.062,-1.4,-0.158049,-0.0254837
48.064,-1.4,-0.159359,-0.0254837
48.066,-1.4,-0.159158,-0.0254837
48.068,-1.4,-0.158553,-0.0254837
48.07,-1.4,-0.15946,-0.0254837
48.072,-1.4,-0.158855,-0.0254837
48.074,-1.4,-0.158956,-0.0254837
48.076,-1.4,-0.159661,-0.0254837
48.078,-1.4,-0.15946,-0.0254837
48.08,-1.4,-0.159158,-0.0254837
48.082,-1.4,-0.158855,-0.0254837
48.084,-1.4,-0.158654,-0.0254837
48.086,-1.4,-0.158553,-0.0254837
48.088,-1.4,-0.158654,-0.0254837
48.09,-1.4,-0.159359,-0.0254837
48.092,-1.4,-0.159158,-0.0254837
48.094,-1.4,-0.158956,-0.0254837
48.096,-1.4,-0.158251,-0.0254837
48.098,-1.4,-0.159158,-0.0254837
48.1,-1.4,-0.159359,-0.0254837
48.102,-1.4,-0.158855,-0.0254837
48.104,-1.4,-0.159057,-0.0254837
48.106,-1.4,-0.15956,-0.0254837
48.108,-1.4,-0.158352,-0.0254837
48.11,-1.4,-0.160064,-0.0254837
48.112,-1.4,-0.15956,-0.0254837
48.114,-1.4,-0.159158,-0.0254837
48.116,-1.4,-0.159762,-0.0254837
48.118,-1.4,-0.159258,-0.0254837
48.12,-1.4,-0.159863,-0.0254837
48.122,-1.4,-0.158755,-0.0254837
48.124,-1.4,-0.158352,-0.0254837
48.126,-1.4,-0.159158,-0.0254837
48.128,-1.4,-0.157949,-0.0254837
48.13,-1.4,-0.159359,-0.0254837
48.132,-1.4,-0.159762,-0.0254837
48.134,-1.4,-0.158654,-0.0254837
48.136,-1.4,-0.158755,-0.0254837
48.138,-1.4,-0.159057,-0.0254837
48.14,-1.4,-0.159258,-0.0254837
48.142,-1.4,-0.158755,-0.0254837
48.144,-1.4,-0.159057,-0.0254837
48.146,-1.4,-0.15946,-0.0254837
48.148,-1.4,-0.158755,-0.0254837
48.15,-1.4,-0.158352,-0.0254837
48.152,-1.4,-0.158049,-0.0254837
48.154,-1.4,-0.159057,-0.0254837
48.156,-1.4,-0.159258,-0.0254837
48.158,-1.4,-0.159158,-0.0254837
48.16,-1.4,-0.158956,-0.0254837
48.162,-1.4,-0.158553,-0.0254837
48.164,-1.4,-0.158855,-0.0254837
48.166,-1.4,-0.158251,-0.0254837
48.168,-1.4,-0.159762,-0.0254837
48.17,-1.4,-0.158956,-0.0254837
48.172,-1.4,-0.159057,-0.0254837
48.174,-1.4,-0.15946,-0.0254837
48.176,-1.4,-0.159359,-0.0254837
48.178,-1.4,-0.15956,-0.0254837
48.18,-1.4,-0.159258,-0.0254837
48.182,-1.4,-0.158755,-0.0254837
48.184,-1.4,-0.158452,-0.0254837
48.186,-1.4,-0.159158,-0.0254837
48.188,-1.4,-0.158855,-0.0254837
48.19,-1.4,-0.158654,-0.0254837
48.192,-1.4,-0.159158,-0.0254837
48.194,-1.4,-0.158654,-0.0254837
48.196,-1.4,-0.159057,-0.0254837
48.198,-1.4,-0.159057,-0.0254837
48.2,-1.4,-0.159158,-0.0254837
48.202,-1.4,-0.159359,-0.0254837
48.204,-1.4,-0.158855,-0.0254837
48.206,-1.4,-0.158855,-0.0254837
48.208,-1.4,-0.159057,-0.0254837
48.21,-1.4,-0.159258,-0.0254837
48.212,-1.4,-0.159661,-0.0254837
48.214,-1.4,-0.15946,-0.0254837
48.216,-1.4,-0.159158,-0.0254837
48.218,-1.4,-0.159158,-0.0254837
48.22,-1.4,-0.158654,-0.0254837
48.222,-1.4,-0.157848,-0.0254837
48.224,-1.4,-0.158855,-0.0254837
48.226,-1.4,-0.158855,-0.0254837
48.228,-1.4,-0.158755,-0.0254837
48.23,-1.4,-0.160064,-0.0254837
48.232,-1.4,-0.159258,-0.0254837
48.234,-1.4,-0.159258,-0.0254837
48.236,-1.4,-0.158251,-0.0254837
48.238,-1.4,-0.159258,-0.0254837
48.24,-1.4,-0.157949,-0.0254837
48.242,-1.4,-0.158553,-0.0254837
48.244,-1.4,-0.159057,-0.0254837
48.246,-1.4,-0.158855,-0.0254837
48.248,-1.4,-0.158352,-0.0254837
48.25,-1.4,-0.158956,-0.0254837
48.252,-1.4,-0.159158,-0.0254837
48.254,-1.4,-0.159359,-0.0254837
48.256,-1.4,-0.159258,-0.0254837
48.258,-1.4,-0.158956,-0.0254837
48.26,-1.4,-0.159158,-0.0254837
48.262,-1.4,-0.159661,-0.0254837
48.264,-1.4,-0.158855,-0.0254837
48.266,-1.4,-0.159661,-0.0254837
48.268,-1.4,-0.158855,-0.0254837
48.27,-1.4,-0.158553,-0.0254837
48.272,-1.4,-0.158855,-0.0254837
48.274,-1.4,-0.160165,-0.0254837
48.276,-1.4,-0.159359,-0.0254837
48.278,-1.4,-0.158855,-0.0254837
48.28,-1.4,-0.159057,-0.0254837
48.282,-1.4,-0.158755,-0.0254837
48.284,-1.4,-0.159057,-0.0254837
48.286,-1.4,-0.158755,-0.0254837
48.288,-1.4,-0.158352,-0.0254837
48.29,-1.4,-0.159158,-0.0254837
48.292,-1.4,-0.159359,-0.0254837
48.294,-1.4,-0.159359,-0.0254837
48.296,-1.4,-0.159863,-0.0254837
48.298,-1.4,-0.159762,-0.0254837
48.3,-1.4,-0.158956,-0.0254837
48.302,-1.4,-0.157848,-0.0254837
48.304,-1.4,-0.159359,-0.0254837
48.306,-1.4,-0.159158,-0.0254837
48.308,-1.4,-0.159258,-0.0254837
48.31,-1.4,-0.158755,-0.0254837
48.312,-1.4,-0.159359,-0.0254837
48.314,-1.4,-0.158452,-0.0254837
48.316,-1.4,-0.158755,-0.0254837
48.318,-1.4,-0.158956,-0.0254837
48.32,-1.4,-0.158956,-0.0254837
48.322,-1.4,-0.160165,-0.0254837
48.324,-1.4,-0.159158,-0.0254837
48.326,-1.4,-0.159359,-0.0254837
48.328,-1.4,-0.158654,-0.0254837
48.33,-1.4,-0.15946,-0.0254837
48.332,-1.4,-0.158956,-0.0254837
48.334,-1.4,-0.158553,-0.0254837
48.336,-1.4,-0.158956,-0.0254837
48.338,-1.4,-0.158352,-0.0254837
48.34,-1.4,-0.15815,-0.0254837
48.342,-1.4,-0.159057,-0.0254837
48.344,-1.4,-0.159057,-0.0254837
48.346,-1.4,-0.159258,-0.0254837
48.348,-1.4,-0.159158,-0.0254837
48.35,-1.4,-0.159258,-0.0254837
48.352,-1.4,-0.159359,-0.0254837
48.354,-1.4,-0.159057,-0.0254837
48.356,-1.4,-0.158855,-0.0254837
48.358,-1.4,-0.159057,-0.0254837
48.36,-1.4,-0.158855,-0.0254837
48.362,-1.4,-0.159057,-0.0254837
48.364,-1.4,-0.158654,-0.0254837
48.366,-1.4,-0.158049,-0.0254837
48.368,-1.4,-0.159158,-0.0254837
48.37,-1.4,-0.158755,-0.0254837
48.372,-1.4,-0.159258,-0.0254837
48.374,-1.4,-0.15946,-0.0254837
48.376,-1.4,-0.159359,-0.0254837
48.378,-1.4,-0.159661,-0.0254837
48.38,-1.4,-0.158956,-0.0254837
48.382,-1.4,-0.160064,-0.0254837
48.384,-1.4,-0.159359,-0.0254837
48.386,-1.4,-0.160266,-0.0254837
48.388,-1.4,-0.15946,-0.0254837
48.39,-1.4,-0.159359,-0.0254837
48.392,-1.4,-0.159258,-0.0254837
48.394,-1.4,-0.160064,-0.0254837
48.396,-1.4,-0.159661,-0.0254837
48.398,-1.4,-0.159258,-0.0254837
48.4,-1.4,-0.15956,-0.0254837
48.402,-1.4,-0.159258,-0.0254837
48.404,-1.4,-0.159661,-0.0254837
48.406,-1.4,-0.159359,0.15834
48.408,-1.4,-0.160165,0.15834
48.41,-1.4,-0.159863,0.15834
48.412,-1.4,-0.160064,0.15834
48.414,-1.4,-0.160165,0.15834
48.416,-1.4,-0.160366,0.15834
48.418,-1.4,-0.159158,0.15834
48.42,-1.4,-0.159762,0.15834
48.422,-1.4,-0.160568,0.15834
48.424,-1.4,-0.161071,0.15834
48.426,-1.4,-0.160266,0.15834
48.428,-1.4,-0.160165,0.15834
48.43,-1.4,-0.159762,0.15834
48.432,-1.4,-0.160266,0.15834
48.434,-1.4,-0.160266,0.15834
48.436,-1.4,-0.159863,0.15834
48.438,-1.4,-0.160165,0.15834
48.44,-1.4,-0.160971,0.15834
48.442,-1.4,-0.160769,0.15834
48.444,-1.4,-0.160467,0.15834
48.446,-1.4,-0.160668,0.15834
48.448,-1.4,-0.160668,0.15834
48.45,-1.4,-0.160668,0.15834
48.452,-1.4,-0.160467,0.15834
48.454,-1.4,-0.160266,0.15834
48.456,-1.4,-0.160165,0.15834
48.458,-1.4,-0.160366,0.0262593
48.46,-1.4,-0.160971,0.0262593
48.462,-1.4,-0.16087,0.0262593
48.464,-1.4,-0.160366,0.0262593
48.466,-1.4,-0.160668,0.0262593
48.468,-1.4,-0.160568,0.0262593
48.47,-1.4,-0.160266,0.0262593
48.472,-1.4,-0.161474,0.0262593
48.474,-1.4,-0.161172,0.0262593
48.476,-1.4,-0.160769,0.0262593
48.478,-1.4,-0.160366,0.0262593
48.48,-1.4,-0.161273,0.0262593
48.482,-1.4,-0.161071,0.0262593
48.484,-1.4,-0.160467,0.0262593
48.486,-1.4,-0.161172,0.0262593
48.488,-1.4,-0.160165,0.0262593
48.49,-1.4,-0.160366,0.0262593
48.492,-1.4,-0.160467,0.0262593
48.494,-1.4,-0.160467,0.0262593
48.496,-1.4,-0.159863,0.0262593
48.498,-1.4,-0.160266,0.0262593
48.5,-1.4,-0.160266,0.0262593
48.502,-1.4,-0.160366,0.291602
48.504,-1.4,-0.159963,0.291602
48.506,-1.4,-0.159963,0.291602
48.508,-1.4,-0.160165,0.291602
48.51,-1.4,-0.15946,0.291602
48.512,-1.4,-0.15956,0.291602
48.514,-1.4,-0.15946,0.291602
48.516,-1.4,-0.15946,0.291602
48.518,-1.4,-0.159359,0.291602
48.52,-1.4,-0.159057,0.291602
48.522,-1.4,-0.15956,0.291602
48.524,-1.4,-0.15815,0.291602
48.526,-1.4,-0.158755,0.291602
48.528,-1.4,-0.158049,0.291602
48.53,-1.4,-0.15815,0.291602
48.532,-1.4,-0.15815,0.291602
48.534,-1.4,-0.158654,0.291602
48.536,-1.4,-0.157747,0.291602
48.538,-1.4,-0.158452,0.291602
48.54,-1.4,-0.156941,0.291602
48.542,-1.4,-0.157344,0.291602
48.544,-1.4,-0.156639,0.291602
48.546,-1.4,-0.156337,-0.278561
48.548,-1.4,-0.155833,-0.266447
48.55,-1.4,-0.155934,-0.255406
48.552,-1.4,-0.155531,-0.245146
48.554,-1.4,-0.15543,-0.206909
48.556,-1.4,-0.155229,-0.206909
48.558,-1.4,-0.154826,-0.206909
48.56,-1.4,-0.154625,-0.206909
48.562,-1.4,-0.154121,-0.206909
48.564,-1.4,-0.155027,-0.206909
48.566,-1.4,-0.154927,-0.206909
48.568,-1.4,-0.154121,-0.206909
48.57,-1.4,-0.153919,-0.492713
48.572,-1.4,-0.153718,-0.492713
48.574,-1.4,-0.15261,-0.492713
48.576,-1.4,-0.152912,-0.492713
48.578,-1.4,-0.152106,-0.492713
48.58,-1.4,-0.153819,-0.492713
48.582,-1.4,-0.15946,-0.492713
48.584,-1.4,-0.160165,-0.492713
48.586,-1.4,-0.158956,-0.492713
48.588,-1.4,-0.159158,-0.492713
48.59,-1.4,-0.158654,-0.492713
48.592,-1.4,-0.158553,-0.492713
48.594,-1.4,-0.158755,-0.492713
48.596,-1.4,-0.158855,0.466902
48.598,-1.4,-0.158452,0.433767
48.6,-1.4,-0.158855,0.405199
48.602,-1.4,-0.159359,0.380102
48.604,-1.4,-0.159057,0.357884
48.606,-1.4,-0.158755,0.338153
48.608,-1.4,-0.159258,0.320501
48.61,-1.4,-0.159963,0.304587
48.612,-1.4,-0.158755,0.290191
48.614,-1.4,-0.157848,0.277069
48.616,-1.4,-0.158956,0.265106
48.618,-1.4,-0.158452,0.254163
48.62,-1.4,-0.158654,0.244062
48.622,-1.4,-0.159158,0.234713
48.624,-1.4,-0.158553,0.226069
48.626,-1.4,-0.15815,0.218008
48.628,-1.4,-0.15956,0.21055
48.63,-1.4,-0.159057,0.203588
48.632,-1.4,-0.158755,0.197031
48.634,-1.4,-0.159359,0.190894
48.636,-1.4,-0.159258,0.185138
48.638,-1.4,-0.159258,0.179708
48.64,-1.4,-0.158553,0.174617
48.642,-1.4,-0.159661,0.169765
48.644,-1.4,-0.158251,0.165198
48.646,-1.4,-0.159158,0.160859
48.648,-1.4,-0.158855,0.15675
48.65,-1.4,-0.159158,0.15285
48.652,-1.4,-0.158855,0.149126
48.654,-1.4,-0.158553,0.1456
48.656,-1.4,-0.158956,0.142218
48.658,-1.4,-0.158755,0.138997
48.66,-1.4,-0.158956,0.135928
48.662,-1.4,-0.159258,0.132975
48.664,-1.4,-0.159057,0.130155
48.666,-1.4,-0.158352,0.127459
48.668,-1.4,-0.158956,0.12486
48.67,-1.4,-0.158553,0.12237
48.672,-1.4,-0.159963,0.119984
48.674,-1.4,-0.159258,0.117678
48.676,-1.4,-0.158755,0.115464
48.678,-1.4,-0.158956,0.113323
48.68,-1.4,-0.158352,0.111273
48.682,-1.4,-0.158755,0.109292
48.684,-1.4,-0.158956,0.107374
48.686,-1.4,-0.158049,0.105529
48.688,-1.4,-0.159359,0.10375
48.69,-1.4,-0.159158,0.102018
48.692,-1.4,-0.159359,0.10035
48.694,-1.4,-0.15946,0.0987364
48.696,-1.4,-0.158956,0.097173
48.698,-1.4,-0.159661,0.0956644
48.7,-1.4,-0.159258,0.0941895
48.702,-1.4,-0.158755,0.0927662
48.704,-1.4,-0.159359,0.0913893
48.706,-1.4,-0.158654,0.090045
48.708,-1.4,-0.158452,0.0887426
48.71,-1.4,-0.158352,0.0874794
48.712,-1.4,-0.158452,0.086248
48.714,-1.4,-0.158755,0.0850565
48.716,-1.4,-0.158956,0.0838887
48.718,-1.4,-0.158956,0.0827551
48.72,-1.4,-0.159863,0.0816574
48.722,-1.4,-0.158755,0.0805837
48.724,-1.4,-0.158855,0.0795378
48.726,-1.4,-0.158452,0.0785233
48.728,-1.4,-0.159158,0.0775292
48.73,-1.4,-0.158855,0.0765651
48.732,-1.4,-0.158452,0.0756175
48.734,-1.4,-0.15956,0.0746993
48.736,-1.4,-0.158553,0.073803
48.738,-1.4,-0.159057,0.0729236
48.74,-1.4,-0.158553,0.0720642
48.742,-1.4,-0.158654,0.0712298
48.744,-1.4,-0.159057,0.0704122
48.746,-1.4,-0.158553,0.0696161
48.748,-1.4,-0.159258,0.0688336
48.75,-1.4,-0.158251,0.0680668
48.752,-1.4,-0.159258,0.0673205
48.754,-1.4,-0.158956,0.0665896
48.756,-1.4,-0.15815,0.0658751
48.758,-1.4,-0.159258,0.0651767
48.76,-1.4,-0.158251,0.0644917
48.762,-1.4,-0.158855,0.0638227
48.764,-1.4,-0.159258,0.0631642
48.766,-1.4,-0.159359,0.0625209
48.768,-1.4,-0.158049,0.0618906
48.77,-1.4,-0.158553,0.0612723
48.772,-1.4,-0.158251,0.0606668
48.774,-1.4,-0.158553,0.0600717
48.776,-1.4,-0.158452,0.0594882
48.778,-1.4,-0.159359,0.0589197
48.78,-1.4,-0.158956,0.0583578
48.782,-1.4,-0.158855,0.0578082
48.784,-1.4,-0.158452,0.0572688
48.786,-1.4,-0.159258,0.0567393
48.788,-1.4,-0.158654,0.0562192
48.79,-1.4,-0.158654,0.0557076
48.792,-1.4,-0.158654,0.0552067
48.794,-1.4,-0.159158,0.0547143
48.796,-1.4,-0.158956,0.0542309
48.798,-1.4,-0.158352,0.0537557
48.8,-1.4,-0.158352,0.05329
48.802,-1.4,-0.157848,0.0528313
48.804,-1.4,-0.158956,0.0523802
48.806,-1.4,-0.159258,0.051937
48.808,-1.4,-0.159258,0.0515009
48.81,-1.4,-0.158855,0.0510725
48.812,-1.4,-0.15956,0.0506491
48.814,-1.4,-0.159359,0.0502362
48.816,-1.4,-0.159158,0.0498265
48.818,-1.4,-0.159057,0.0494253
48.82,-1.4,-0.158956,0.049032
48.822,-1.4,-0.159158,0.0486424
48.824,-1.4,-0.158654,0.048259
48.826,-1.4,-0.159359,0.0478843
48.828,-1.4,-0.158755,0.0475124
48.83,-1.4,-0.159057,0.0471473
48.832,-1.4,-0.159359,0.0467877
48.834,-1.4,-0.160064,0.0464338
48.836,-1.4,-0.15815,0.0460865
48.838,-1.4,-0.159158,0.0457422
48.84,-1.4,-0.159258,0.0454029
48.842,-1.4,-0.159158,0.0450708
48.844,-1.4,-0.159158,0.0447414
48.846,-1.4,-0.158654,0.0444176
48.848,-1.4,-0.158956,0.0440971
48.85,-1.4,-0.159158,0.0437826
48.852,-1.4,-0.158553,0.0434738
48.854,-1.4,-0.159963,0.0431671
48.856,-1.4,-0.158654,0.0428657
48.858,-1.4,-0.159158,0.042569
48.86,-1.4,-0.158553,0.0422749
48.862,-1.4,-0.158352,0.0419858
48.864,-1.4,-0.159057,0.0417005
48.866,-1.4,-0.158956,0.041419
48.868,-1.4,-0.159158,0.0411413
48.87,-1.4,-0.15956,0.0408666
48.872,-1.4,-0.158755,0.0405961
48.874,-1.4,-0.159057,0.0403295
48.876,-1.4,-0.158553,0.0400662
48.878,-1.4,-0.15946,0.0398062
48.88,-1.4,-0.159057,0.0395497
48.882,-1.4,-0.15946,0.0392965
48.884,-1.4,-0.158553,0.0390477
48.886,-1.4,-0.159258,0.0388
48.888,-1.4,-0.158654,0.0385562
48.89,-1.4,-0.158452,0.0383163
48.892,-1.4,-0.158956,0.0380778
48.894,-1.4,-0.158755,0.037843
48.896,-1.4,-0.158251,0.0376111
48.898,-1.4,-0.158956,0.037381
48.9,-1.4,-0.159158,0.0371561
48.902,-1.4,-0.158452,0.036932
48.904,-1.4,-0.159158,0.0367108
48.906,-1.4,-0.158251,0.0364924
48.908,-1.4,-0.159258,0.0362765
48.91,-1.4,-0.159158,0.0360631
48.912,-1.4,-0.158654,0.0358525
48.914,-1.4,-0.159158,0.035644
48.916,-1.4,-0.159057,0.0354392
48.918,-1.4,-0.159057,0.0352349
48.92,-1.4,-0.159359,0.0350335
48.922,-1.4,-0.158855,0.0348351
48.924,-1.4,-0.158855,0.0346382
48.926,-1.4,-0.15946,0.0344436
48.928,-1.4,-0.159057,0.0342515
48.93,-1.4,-0.158654,0.0340614
48.932,-1.4,-0.159258,0.0338731
48.934,-1.4,-0.159359,0.0336872
48.936,-1.4,-0.159258,0.0335029
48.938,-1.4,-0.158956,0.0333211
48.94,-1.4,-0.159661,0.0331412
48.942,-1.4,-0.159057,0.0329636
48.944,-1.4,-0.158654,0.032787
48.946,-1.4,-0.158855,0.032613
48.948,-1.4,-0.159158,0.0324407
48.95,-1.4,-0.159258,0.0322702
48.952,-1.4,-0.158352,0.0321008
48.954,-1.4,-0.158654,0.0319339
48.956,-1.4,-0.158855,0.0317685
48.958,-1.4,-0.159863,0.0316057
48.96,-1.4,-0.158755,0.0314434
48.962,-1.4,-0.159057,0.0312831
48.964,-1.4,-0.15956,0.0311239
48.966,-1.4,-0.158855,0.0309673
48.968,-1.4,-0.159661,0.0308118
48.97,-1.4,-0.15956,0.030658
48.972,-1.4,-0.159057,0.0305051
48.974,-1.4,-0.158956,0.0303544
48.976,-1.4,-0.158251,0.0302045
48.978,-1.4,-0.158956,0.0300571
48.98,-1.4,-0.158956,0.0299103
48.982,-1.4,-0.158654,0.0297652
48.984,-1.4,-0.158755,0.0296218
48.986,-1.4,-0.159158,0.0294792
48.988,-1.4,-0.158956,0.0293383
48.99,-1.4,-0.158956,0.0291987
48.992,-1.4,-0.15946,0.0290604
48.994,-1.4,-0.158956,0.0289237
48.996,-1.4,-0.159359,0.0287883
48.998,-1.4,-0.159762,0.0286532
49,-1.3,-0.160266,0.0285202
49.002,-1.3,-0.144853,0.028388
49.004,-1.3,-0.145559,0.0282575
49.006,-1.3,-0.145357,0.90242
49.008,-1.3,-0.145055,0.90242
49.01,-1.3,-0.145156,0.90242
49.012,-1.3,-0.145357,0.90242
49.014,-1.3,-0.144954,0.90242
49.016,-1.3,-0.145962,0.90242
49.018,-1.3,-0.145156,0.90242
49.02,-1.3,-0.145256,0.789469
49.022,-1.3,-0.145357,0.699595
49.024,-1.3,-0.144753,0.628019
49.026,-1.3,-0.145962,0.569645
49.028,-1.3,-0.145962,0.521218
49.03,-1.3,-0.146264,0.480522
49.032,-1.3,-0.145559,0.445568
49.034,-1.3,-0.146364,0.415346
49.036,-1.3,-0.146264,0.389091
49.038,-1.3,-0.146062,0.365902
49.04,-1.3,-0.146465,0.345254
49.042,-1.3,-0.146667,0.326874
49.044,-1.3,-0.145458,0.310356
49.046,-1.3,-0.146767,0.295408
49.048,-1.3,-0.146868,0.281848
49.05,-1.3,-0.14576,0.269478
49.052,-1.3,-0.146566,0.0268543
49.054,-1.3,-0.145861,0.0268543
49.056,-1.3,-0.146465,0.0268543
49.058,-1.3,-0.146667,0.0268543
49.06,-1.3,-0.146767,0.0268543
49.062,-1.3,-0.146264,0.0268543
49.064,-1.3,-0.14707,0.0268543
49.066,-1.3,-0.146566,0.0268543
49.068,-1.3,-0.146163,0.0268543
49.07,-1.3,-0.145962,0.0268543
49.072,-1.3,-0.146969,0.0268543
49.074,-1.3,-0.146062,0.0268543
49.076,-1.3,-0.146868,0.0268543
49.078,-1.3,-0.146465,0.0268543
49.08,-1.3,-0.146163,0.0268543
49.082,-1.3,-0.145458,0.0268543
49.084,-1.3,-0.146163,0.0268543
49.086,-1.3,-0.145659,0.0268543
49.088,-1.3,-0.146465,0.345262
49.09,-1.3,-0.145256,0.345262
49.092,-1.3,-0.145357,0.345262
49.094,-1.3,-0.145659,0.345262
49.096,-1.3,-0.145357,0.345262
49.098,-1.3,-0.144954,0.345262
49.1,-1.3,-0.145458,0.345262
49.102,-1.3,-0.145458,0.345262
49.104,-1.3,-0.145055,0.345262
49.106,-1.3,-0.144048,0.345262
49.108,-1.3,-0.145458,0.345262
49.11,-1.3,-0.144148,0.345262
49.112,-1.3,-0.144853,0.345262
49.114,-1.3,-0.144753,0.345262
49.116,-1.3,-0.144148,0.345262
49.118,-1.3,-0.143342,0.345262
49.12,-1.3,-0.144148,0.345262
49.122,-1.3,-0.143342,0.345262
49.124,-1.3,-0.143544,0.327109
49.126,-1.3,-0.143242,0.310584
49.128,-1.3,-0.143242,-0.295613
49.13,-1.3,-0.142839,-0.282007
49.132,-1.3,-0.142134,-0.2696
49.134,-1.3,-0.142537,-0.258272
49.136,-1.3,-0.142134,-0.247841
49.138,-1.3,-0.141328,-0.238229
49.14,-1.3,-0.141126,-0.229312
49.142,-1.3,-0.140925,-0.221062
49.144,-1.3,-0.141126,-0.213381
49.146,-1.3,-0.139817,-0.206181
49.148,-1.3,-0.140421,-0.199499
49.15,-1.3,-0.140421,-0.178318
49.152,-1.3,-0.139515,-0.178318
49.154,-1.3,-0.139615,-0.178318
49.156,-1.3,-0.139515,-0.178318
49.158,-1.3,-0.13891,-0.178318
49.16,-1.3,-0.138709,-0.178318
49.162,-1.3,-0.138407,-0.178318
49.164,-1.3,-0.138004,-0.626373
49.166,-1.3,-0.137903,-0.626373
49.168,-1.3,-0.138004,-0.626373
49.17,-1.3,-0.1375,-0.626373
49.172,-1.3,-0.137097,-0.626373
49.174,-1.3,-0.14848,-0.626373
49.176,-1.3,-0.145357,-0.626373
49.178,-1.3,-0.145659,-0.626373
49.18,-1.3,-0.145256,-0.626373
49.182,-1.3,-0.144249,-0.626373
49.184,-1.3,-0.143745,0.601546
49.186,-1.3,-0.143947,0.547677
49.188,-1.3,-0.143544,0.502827
49.19,-1.3,-0.14294,0.464791
49.192,-1.3,-0.142537,0.432
49.194,-1.3,-0.143947,0.403598
49.196,-1.3,-0.145659,0.378704
49.198,-1.3,-0.144853,0.356793
49.2,-1.3,-0.14435,0.337097
49.202,-1.3,-0.144148,0.319552
49.204,-1.3,-0.144451,0.30372
49.206,-1.3,-0.144853,0.289376
49.208,-1.3,-0.144048,0.276354
49.21,-1.3,-0.14304,0.264447
49.212,-1.3,-0.143745,0.253544
49.214,-1.3,-0.144148,0.243489
49.216,-1.3,-0.144249,0.234181
49.218,-1.3,-0.144148,0.225577
49.22,-1.3,-0.144753,0.217559
49.222,-1.3,-0.144048,0.210116
49.224,-1.3,-0.143544,0.203191
49.226,-1.3,-0.144148,0.196641
49.228,-1.3,-0.143745,0.190553
49.23,-1.3,-0.144148,0.184803
49.232,-1.3,-0.144048,0.179399
49.234,-1.3,-0.144148,0.174306
49.236,-1.3,-0.144249,0.169498
49.238,-1.3,-0.144048,0.164943
49.24,-1.3,-0.144048,0.16061
49.242,-1.3,-0.144249,0.156525
49.244,-1.3,-0.144048,0.152634
49.246,-1.3,-0.14435,0.148916
49.248,-1.3,-0.144551,0.145392
49.25,-1.3,-0.143947,0.142039
49.252,-1.3,-0.143947,0.138819
49.254,-1.3,-0.144954,0.135749
49.256,-1.3,-0.143745,0.132807
49.258,-1.3,-0.143443,0.129994
49.26,-1.3,-0.144148,0.127299
49.262,-1.3,-0.143745,0.124706
49.264,-1.3,-0.14435,0.122229
49.266,-1.3,-0.144249,0.119838
49.268,-1.3,-0.144451,0.117537
49.27,-1.3,-0.145357,0.115335
49.272,-1.3,-0.144148,0.113204
49.274,-1.3,-0.143846,0.11115
49.276,-1.3,-0.14435,0.109179
49.278,-1.3,-0.143443,0.107265
49.28,-1.3,-0.144451,0.105423
49.282,-1.3,-0.14435,0.103643
49.284,-1.3,-0.143645,0.101923
49.286,-1.3,-0.144551,0.100256
49.288,-1.3,-0.143745,0.0986447
49.29,-1.3,-0.143645,0.0970868
49.292,-1.3,-0.144753,0.095573
49.294,-1.3,-0.143947,0.0941038
49.296,-1.3,-0.144249,0.0926832
49.298,-1.3,-0.144451,0.0913041
49.3,-1.3,-0.144853,0.0899661
49.302,-1.3,-0.144249,0.0886668
49.304,-1.3,-0.144249,0.0874011
49.306,-1.3,-0.145156,0.0861762
49.308,-1.3,-0.145156,0.0849839
49.31,-1.3,-0.143745,0.0838239
49.312,-1.3,-0.144853,0.0826924
49.314,-1.3,-0.145055,0.0815925
49.316,-1.3,-0.143947,0.0805246
49.318,-1.3,-0.14435,0.0794782
49.32,-1.3,-0.144753,0.0784672
49.322,-1.3,-0.144753,0.0774741
49.324,-1.3,-0.143342,0.0765061
49.326,-1.3,-0.144249,0.0755636
49.328,-1.3,-0.144148,0.0746443
49.33,-1.3,-0.143947,0.0737489
49.332,-1.3,-0.14435,0.0728711
49.334,-1.3,-0.143745,0.0720157
49.336,-1.3,-0.144148,0.071181
49.338,-1.3,-0.143846,0.070365
49.34,-1.3,-0.14435,0.0695677
49.342,-1.3,-0.144652,0.0687875
49.344,-1.3,-0.143947,0.0680248
49.346,-1.3,-0.145055,0.0672774
49.348,-1.3,-0.144652,0.0665478
49.35,-1.3,-0.14435,0.065834
49.352,-1.3,-0.143745,0.0651352
49.354,-1.3,-0.144048,0.0644515
49.356,-1.3,-0.144451,0.0637837
49.358,-1.3,-0.144652,0.0631243
49.36,-1.3,-0.143846,0.0624818
49.362,-1.3,-0.144551,0.0618552
49.364,-1.3,-0.145256,0.0612358
49.366,-1.3,-0.143342,0.0606311
49.368,-1.3,-0.144954,0.0600381
49.37,-1.3,-0.144048,0.0594563
49.372,-1.3,-0.145559,0.058886
49.374,-1.3,-0.143342,0.058324
49.376,-1.3,-0.143645,0.0577771
49.378,-1.3,-0.144551,0.0572367
49.38,-1.3,-0.144652,0.056708
49.382,-1.3,-0.144451,0.056188
49.384,-1.3,-0.145659,0.0556794
49.386,-1.3,-0.143745,0.0551774
49.388,-1.3,-0.144451,0.0546882
49.39,-1.3,-0.14435,0.0542031
49.392,-1.3,-0.143544,0.0537283
49.394,-1.3,-0.144148,0.0532644
49.396,-1.3,-0.144048,0.0528043
49.398,-1.3,-0.144048,0.052354
49.4,-1.3,-0.144551,0.0519112
49.402,-1.3,-0.14435,0.051476
49.404,-1.3,-0.144451,0.0510476
49.406,-1.3,-0.144853,0.0506255
49.408,-1.3,-0.143947,0.0502114
49.41,-1.3,-0.143947,0.049804
49.412,-1.3,-0.144652,0.0494029
49.414,-1.3,-0.144148,0.0490078
49.416,-1.3,-0.144249,0.0486203
49.418,-1.3,-0.144652,0.0482379
49.42,-1.3,-0.143745,0.0478618
49.422,-1.3,-0.144551,0.0474912
49.424,-1.3,-0.143645,0.0471267
49.426,-1.3,-0.143846,0.0467683
49.428,-1.3,-0.144048,0.0464137
49.43,-1.3,-0.143947,0.0460646
49.432,-1.3,-0.144249,0.0457222
49.434,-1.3,-0.144753,0.0453833
49.436,-1.3,-0.143846,0.0450494
49.438,-1.3,-0.143645,0.0447225
49.44,-1.3,-0.144652,0.0443988
49.442,-1.3,-0.144048,0.0440797
49.444,-1.3,-0.143947,0.0437654
49.446,-1.3,-0.144451,0.0434554
49.448,-1.3,-0.144451,0.0431489
49.45,-1.3,-0.144551,0.0428478
49.452,-1.3,-0.14435,0.0425513
49.454,-1.3,-0.145357,0.0422575
49.456,-1.3,-0.144853,0.0419684
49.458,-1.3,-0.144652,0.0416835
49.46,-1.3,-0.144451,0.041402
49.462,-1.3,-0.144753,0.0411254
49.464,-1.3,-0.144551,0.0408508
49.466,-1.3,-0.143544,0.0405815
49.468,-1.3,-0.144148,0.0403148
49.47,-1.3,-0.143645,0.0400516
49.472,-1.3,-0.144048,0.0397918
49.474,-1.3,-0.144853,0.0395348
49.476,-1.3,-0.145156,0.0392816
49.478,-1.3,-0.144249,0.0390317
49.48,-1.3,-0.144753,0.038785
49.482,-1.3,-0.143745,0.0385414
49.484,-1.3,-0.144753,0.0383007
49.486,-1.3,-0.144551,0.0380633
49.488,-1.3,-0.145055,0.0378284
49.49,-1.3,-0.145256,0.0375972
49.492,-1.3,-0.144048,0.037368
49.494,-1.3,-0.143846,0.0371419
49.496,-1.3,-0.143242,0.0369186
49.498,-1.3,-0.144148,0.0366976
49.5,-1.3,-0.143846,0.0364794
49.502,-1.3,-0.144148,0.0362637
49.504,-1.3,-0.144451,0.0360507
49.506,-1.3,-0.143342,0.0358402
49.508,-1.3,-0.144249,0.0356321
49.51,-1.3,-0.144551,0.0354271
49.512,-1.3,-0.144954,0.0352228
49.514,-1.3,-0.144451,0.0350218
49.516,-1.3,-0.144753,0.0348228
49.518,-1.3,-0.144451,0.0346263
49.52,-1.3,-0.143947,0.0344321
49.522,-1.3,-0.143947,0.0342403
49.524,-1.3,-0.143242,0.0340504
49.526,-1.3,-0.14435,0.0338626
49.528,-1.3,-0.144148,0.0336761
49.53,-1.3,-0.143645,0.0334924
49.532,-1.3,-0.144249,0.0333115
49.534,-1.3,-0.144652,0.0331312
49.536,-1.3,-0.144551,0.0329533
49.538,-1.3,-0.144249,0.0327766
49.54,-1.3,-0.144551,0.032603
49.542,-1.3,-0.144249,0.0324313
49.544,-1.3,-0.145256,0.0322602
49.546,-1.3,-0.144249,0.0320915
49.548,-1.3,-0.144753,0.0319241
49.55,-1.3,-0.144451,0.0317589
49.552,-1.3,-0.14435,0.0315955
49.554,-1.3,-0.145256,0.0314337
49.556,-1.3,-0.144954,0.0312736
49.558,-1.3,-0.144753,0.0311146
49.56,-1.3,-0.144853,0.0309577
49.562,-1.3,-0.144652,0.0308024
49.564,-1.3,-0.144451,0.0306492
49.566,-1.3,-0.144853,0.0304966
49.568,-1.3,-0.145256,0.0303458
49.57,-1.3,-0.145559,0.0301961
49.572,-1.3,-0.145055,0.0300486
49.574,-1.3,-0.145256,0.98243
49.576,-1.3,-0.144753,0.98243
49.578,-1.3,-0.14576,0.98243
49.58,-1.3,-0.145055,0.98243
49.582,-1.3,-0.145559,0.98243
49.584,-1.3,-0.144753,0.98243
49.586,-1.3,-0.145156,0.900059
49.588,-1.3,-0.145256,0.784712
49.59,-1.3,-0.144551,0.696048
49.592,-1.3,-0.144753,0.624879
49.594,-1.3,-0.145256,0.567147
49.596,-1.3,-0.145659,0.519376
49.598,-1.3,-0.145256,0.478728
49.6,-1.3,-0.14576,0.443965
49.602,-1.3,-0.145962,0.414058
49.604,-1.3,-0.145458,0.387864
49.606,-1.3,-0.145458,0.364927
49.608,-1.3,-0.14576,0.344352
49.61,-1.3,-0.146264,0.326042
49.612,-1.3,-0.145357,0.309606
49.614,-1.3,-0.145458,0.294739
49.616,-1.3,-0.145256,0.281211
49.618,-1.3,-0.145256,0.268919
49.62,-1.3,-0.145055,0.257632
49.622,-1.3,-0.145559,0.247246
49.624,-1.3,-0.145962,0.237633
49.626,-1.3,-0.146264,0.228778
49.628,-1.3,-0.14576,0.220575
49.63,-1.3,-0.146264,0.0281524
49.632,-1.3,-0.145458,0.0281524
49.634,-1.3,-0.145861,0.0281524
49.636,-1.3,-0.14576,0.0281524
49.638,-1.3,-0.145962,0.0281524
49.64,-1.3,-0.145861,0.0281524
49.642,-1.3,-0.145055,0.0281524
49.644,-1.3,-0.144753,0.0281524
49.646,-1.3,-0.145458,0.0281524
49.648,-1.3,-0.145458,0.0281524
49.65,-1.3,-0.145962,0.0281524
49.652,-1.3,-0.145962,0.0281524
49.654,-1.3,-0.14576,0.0281524
49.656,-1.3,-0.145357,0.0281524
49.658,-1.3,-0.144954,0.0281524
49.66,-1.3,-0.145458,0.0281524
49.662,-1.3,-0.145659,0.0281524
49.664,-1.3,-0.144551,0.0281524
49.666,-1.3,-0.145458,0.0281524
49.668,-1.3,-0.144148,0.0281524
49.67,-1.3,-0.143846,0.0281524
49.672,-1.3,-0.144148,0.0281524
49.674,-1.3,-0.145156,0.0281524
49.676,-1.3,-0.144551,0.0281524
49.678,-1.3,-0.144853,0.0281524
49.68,-1.3,-0.144048,0.0281524
49.682,-1.3,-0.143544,0.0281524
49.684,-1.3,-0.143846,0.0281524
49.686,-1.3,-0.144451,0.0281524
49.688,-1.3,-0.143745,0.0281524
49.69,-1.3,-0.143645,0.0281524
49.692,-1.3,-0.143544,0.0281524
49.694,-1.3,-0.142738,0.0281524
49.696,-1.3,-0.14294,0.0281524
49.698,-1.3,-0.143242,0.0281524
49.7,-1.3,-0.14294,0.242239
49.702,-1.3,-0.142738,0.242239
49.704,-1.3,-0.141832,0.242239
49.706,-1.3,-0.142234,0.242239
49.708,-1.3,-0.141832,0.242239
49.71,-1.3,-0.142335,0.242239
49.712,-1.3,-0.142134,0.242239
49.714,-1.3,-0.141227,0.242239
49.716,-1.3,-0.141026,0.242239
49.718,-1.3,-0.141126,0.242239
49.72,-1.3,-0.140421,0.242239
49.722,-1.3,-0.14022,0.242239
49.724,-1.3,-0.139716,0.242239
49.726,-1.3,-0.141126,-0.204706
49.728,-1.3,-0.140018,-0.204706
49.73,-1.3,-0.139918,-0.204706
49.732,-1.3,-0.139212,-0.204706
49.734,-1.3,-0.139716,-0.204706
49.736,-1.3,-0.138507,-0.204706
49.738,-1.3,-0.146667,-0.204706
49.74,-1.3,-0.145458,-0.204706
49.742,-1.3,-0.145156,-0.204706
49.744,-1.3,-0.14435,-0.204706
49.746,-1.3,-0.144853,-0.204706
49.748,-1.3,-0.143141,-0.204706
49.75,-1.3,-0.143544,-0.204706
49.752,-1.3,-0.143645,-0.204706
49.754,-1.3,-0.143645,-0.204706
49.756,-1.3,-0.14304,-0.204706
49.758,-1.3,-0.144249,-0.204706
49.76,-1.3,-0.145156,-0.204706
49.762,-1.3,-0.144954,-0.204706
49.764,-1.3,-0.143947,-0.204706
49.766,-1.3,-0.144148,-0.204706
49.768,-1.3,-0.144753,-0.204706
49.77,-1.3,-0.143745,-0.204706
49.772,-1.3,-0.144148,-0.204706
49.774,-1.3,-0.143745,-0.204706
49.776,-1.3,-0.144753,-0.204706
49.778,-1.3,-0.144048,-0.204706
49.78,-1.3,-0.143745,-0.204706
49.782,-1.3,-0.144853,-0.204706
49.784,-1.3,-0.143846,-0.204706
49.786,-1.3,-0.144652,-0.203864
49.788,-1.3,-0.144048,-0.197299
49.79,-1.3,-0.144048,-0.191143
49.792,-1.3,-0.145458,-0.185371
49.794,-1.3,-0.14435,-0.179929
49.796,-1.3,-0.144451,-0.174795
49.798,-1.3,-0.144249,-0.169967
49.8,-1.3,-0.144551,-0.165376
49.802,-1.3,-0.143846,-0.161038
49.804,-1.3,-0.145256,-0.156915
49.806,-1.3,-0.143745,-0.153013
49.808,-1.3,-0.144652,-0.149299
49.81,-1.3,-0.144048,-0.145748
49.812,-1.3,-0.144048,-0.142362
49.814,-1.3,-0.144048,-0.139136
49.816,-1.3,-0.144853,-0.136045
49.818,-1.3,-0.144048,-0.133109
49.82,-1.3,-0.144753,-0.130273
49.822,-1.3,-0.143846,-0.12756
49.824,-1.3,-0.144853,-0.12496
49.826,-1.3,-0.143947,-0.122466
49.828,-1.3,-0.144652,-0.120077
49.83,-1.3,-0.145156,-0.117774
49.832,-1.3,-0.144249,-0.115549
49.834,-1.3,-0.14435,-0.113411
49.836,-1.3,-0.144148,-0.111359
49.838,-1.3,-0.144753,-0.109372
49.84,-1.3,-0.144451,-0.10746
49.842,-1.3,-0.143846,-0.105608
49.844,-1.3,-0.144451,-0.103819
49.846,-1.3,-0.144451,-0.102093
49.848,-1.3,-0.143947,-0.10042
49.85,-1.3,-0.144853,-0.0988091
49.852,-1.3,-0.144753,-0.0972369
49.854,-1.3,-0.144249,-0.0957251
49.856,-1.3,-0.14435,-0.094253
49.858,-1.3,-0.144753,-0.0928246
49.86,-1.3,-0.143745,-0.0914436
49.862,-1.3,-0.144048,-0.0901005
49.864,-1.3,-0.143846,-0.0887971
49.866,-1.3,-0.144551,-0.0875323
49.868,-1.3,-0.143242,-0.0863012
49.87,-1.3,-0.143745,-0.0851023
49.872,-1.3,-0.143846,-0.0839366
49.874,-1.3,-0.144551,-0.0828024
49.876,-1.3,-0.144551,-0.0817032
49.878,-1.3,-0.143846,-0.0806303
49.88,-1.3,-0.144551,-0.079582
49.882,-1.3,-0.144753,-0.0785685
49.884,-1.3,-0.144853,-0.0775703
49.886,-1.3,-0.144249,-0.0766042
49.888,-1.3,-0.144652,-0.0756577
49.89,-1.3,-0.144048,-0.0747378
49.892,-1.3,-0.143947,-0.0738365
49.894,-1.3,-0.144249,-0.072957
49.896,-1.3,-0.143846,-0.0721025
49.898,-1.3,-0.144148,-0.0712665
49.9,-1.3,-0.144753,-0.0704474
49.902,-1.3,-0.144148,-0.0696465
49.904,-1.3,-0.144048,-0.0688654
49.906,-1.3,-0.14435,-0.0680987
49.908,-1.3,-0.144451,-0.0673535
49.91,-1.3,-0.144652,-0.0666214
49.912,-1.3,-0.144753,-0.0659044
49.914,-1.3,-0.144048,-0.0652077
49.916,-1.3,-0.143846,-0.0645192
49.918,-1.3,-0.143342,-0.063847
49.92,-1.3,-0.143544,-0.0631917
49.922,-1.3,-0.144652,-0.0625464
49.924,-1.3,-0.144954,-0.0619173
49.926,-1.3,-0.144753,-0.0612985
49.928,-1.3,-0.144249,-0.0606913
49.93,-1.3,-0.143846,-0.0600963
49.932,-1.3,-0.144853,-0.0595124
49.934,-1.3,-0.144652,-0.058942
49.936,-1.3,-0.144753,-0.0583808
49.938,-1.3,-0.144753,-0.0578297
49.94,-1.3,-0.144148,-0.0572915
49.942,-1.3,-0.144148,-0.0567604
49.944,-1.3,-0.144148,-0.0562409
49.946,-1.3,-0.143947,-0.0557316
49.948,-1.3,-0.144249,-0.0552279
49.95,-1.3,-0.144148,-0.0547364
49.952,-1.3,-0.144652,-0.0542518
49.954,-1.3,-0.144148,-0.0537758
49.956,-1.3,-0.144954,-0.0533099
49.958,-1.3,-0.144451,-0.0528489
49.96,-1.3,-0.144249,-0.0523981
49.962,-1.3,-0.144249,-0.0519545
49.964,-1.3,-0.143745,-0.0515193
49.966,-1.3,-0.144853,-0.0510893
49.968,-1.3,-0.144753,-0.0506669
49.97,-1.3,-0.143645,-0.0502533
49.972,-1.3,-0.144451,-0.0498459
49.974,-1.3,-0.14435,-0.0494426
49.976,-1.3,-0.144753,-0.0490482
49.978,-1.3,-0.144551,-0.0486588
49.98,-1.3,-0.143846,-0.0482755
49.982,-1.3,-0.144853,-0.0478996
49.984,-1.3,-0.143443,-0.0475281
49.986,-1.3,-0.144048,-0.047162
49.988,-1.3,-0.144551,-0.0468034
49.99,-1.3,-0.144048,-0.0464493
49.992,-1.3,-0.144551,-0.0461004
49.994,-1.3,-0.144249,-0.0457552
49.996,-1.3,-0.143846,-0.0454174
49.998,-1.3,-0.144148,-0.0450832
50,-1.2,-0.144652,-0.0447551
50.002,-1.2,-0.131557,-0.0444306
50.004,-1.2,-0.131456,-0.044112
50.006,-1.2,-0.131658,-0.0437957
50.008,-1.2,-0.130952,-0.0434862
50.01,-1.2,-0.131154,-0.0431797
50.012,-1.2,-0.131859,-0.0428787
50.014,-1.2,-0.131658,-0.0425807
50.016,-1.2,-0.131355,-0.0422871
50.018,-1.2,-0.132161,-0.0419972
50.02,-1.2,-0.13065,-0.0417126
50.022,-1.2,-0.130952,-0.0414304
50.024,-1.2,-0.131758,-0.0411529
50.026,-1.2,-0.131557,-0.0408788
50.028,-1.2,-0.131758,-0.0406076
50.03,-1.2,-0.131557,-0.0403414
50.032,-1.2,-0.132161,-0.0400777
50.034,-1.2,-0.131658,-0.039817
50.036,-1.2,-0.131255,-0.0395611
50.038,-1.2,-0.131255,-0.0393072
50.04,-1.2,-0.131859,-0.0390566
50.042,-1.2,-0.131859,-0.0388101
50.044,-1.2,-0.13206,-0.0385659
50.046,-1.2,-0.131456,-0.0383255
50.048,-1.2,-0.131557,-0.0380877
50.05,-1.2,-0.131053,-0.0378519
50.052,-1.2,-0.131456,-0.03762
50.054,-1.2,-0.132262,-0.0373911
50.056,-1.2,-0.132967,-0.037165
50.058,-1.2,-0.13206,-0.036941
50.06,-1.2,-0.131154,-0.0367196
50.062,-1.2,-0.130852,-0.0365009
50.064,-1.2,-0.13206,-0.0362855
50.066,-1.2,-0.131557,-0.0360718
50.068,-1.2,-0.131355,-0.0358609
50.07,-1.2,-0.131658,-0.0356531
50.072,-1.2,-0.13206,-0.0354471
50.074,-1.2,-0.131255,-0.0352436
50.076,-1.2,-0.131456,-0.0350421
50.078,-1.2,-0.13206,-0.034844
50.08,-1.2,-0.131355,-0.0346463
50.082,-1.2,-0.131859,-0.034452
50.084,-1.2,-0.131355,-0.0342595
50.086,-1.2,-0.132161,-0.0340689
50.088,-1.2,-0.131154,-0.0338808
50.09,-1.2,-0.13196,-0.0336949
50.092,-1.2,-0.131758,-0.033511
50.094,-1.2,-0.13196,-0.0333293
50.096,-1.2,-0.13065,-0.0331492
50.098,-1.2,-0.131255,-0.0329708
50.1,-1.2,-0.131658,-0.0327947
50.102,-1.2,-0.131557,-0.0326201
50.104,-1.2,-0.131053,-0.0324475
50.106,-1.2,-0.131355,-0.0322773
50.108,-1.2,-0.131859,-0.0321082
50.11,-1.2,-0.132262,-0.0319416
50.112,-1.2,-0.131355,-0.0317754
50.114,-1.2,-0.131355,-0.0316119
50.116,-1.2,-0.131255,-0.0314506
50.118,-1.2,-0.131859,-0.0312892
50.12,-1.2,-0.131859,-0.0311309
50.122,-1.2,-0.131557,-0.0309736
50.124,-1.2,-0.132363,-0.0308182
50.126,-1.2,-0.131859,-0.0306643
50.128,-1.2,-0.131758,-0.0305118
50.13,-1.2,-0.132363,-0.0303606
50.132,-1.2,-0.13206,-0.030211
50.134,-1.2,-0.131658,-0.0300633
50.136,-1.2,-0.132665,-0.0299165
50.138,-1.2,-0.132866,-0.0297712
50.14,-1.2,-0.132665,-0.681797
50.142,-1.2,-0.132866,-0.681797
50.144,-1.2,-0.132665,-0.681797
50.146,-1.2,-0.132564,-0.681797
50.148,-1.2,-0.133269,-0.681797
50.15,-1.2,-0.132564,-0.681797
50.152,-1.2,-0.132363,-0.681797
50.154,-1.2,-0.132262,-0.681797
50.156,-1.2,-0.132564,-0.681797
50.158,-1.2,-0.133068,0.656895
50.16,-1.2,-0.132161,0.59314
50.162,-1.2,-0.133773,0.540801
50.164,-1.2,-0.133471,0.49696
50.166,-1.2,-0.133269,0.459814
50.168,-1.2,-0.132665,0.427726
50.17,-1.2,-0.133168,0.399859
50.172,-1.2,-0.133269,0.37536
50.174,-1.2,-0.133471,0.353791
50.176,-1.2,-0.133672,0.334482
50.178,-1.2,-0.133571,0.317159
50.18,-1.2,-0.134277,0.301623
50.182,-1.2,-0.133773,0.287473
50.184,-1.2,-0.133571,0.274591
50.186,-1.2,-0.13337,0.262839
50.188,-1.2,-0.133168,0.0282238
50.19,-1.2,-0.133471,0.0282238
50.192,-1.2,-0.133773,0.0282238
50.194,-1.2,-0.133471,0.0282238
50.196,-1.2,-0.132866,0.0282238
50.198,-1.2,-0.132766,0.0282238
50.2,-1.2,-0.133068,0.0282238
50.202,-1.2,-0.133874,0.0282238
50.204,-1.2,-0.133974,0.0282238
50.206,-1.2,-0.132967,0.0282238
50.208,-1.2,-0.134075,0.0282238
50.21,-1.2,-0.133269,0.0282238
50.212,-1.2,-0.133269,0.0282238
50.214,-1.2,-0.133773,0.0282238
50.216,-1.2,-0.134277,0.0282238
50.218,-1.2,-0.133874,0.0282238
50.22,-1.2,-0.132866,0.0282238
50.222,-1.2,-0.133269,0.0282238
50.224,-1.2,-0.133672,0.329484
50.226,-1.2,-0.133269,0.329484
50.228,-1.2,-0.13337,0.329484
50.23,-1.2,-0.132665,0.329484
50.232,-1.2,-0.133471,0.329484
50.234,-1.2,-0.132665,0.329484
50.236,-1.2,-0.133068,0.329484
50.238,-1.2,-0.133471,0.329484
50.24,-1.2,-0.132463,0.329484
50.242,-1.2,-0.133168,0.329484
50.244,-1.2,-0.133471,0.329484
50.246,-1.2,-0.133269,0.329484
50.248,-1.2,-0.133168,0.329484
50.25,-1.2,-0.133068,0.329484
50.252,-1.2,-0.132161,0.329484
50.254,-1.2,-0.132766,0.329484
50.256,-1.2,-0.132463,0.329484
50.258,-1.2,-0.132564,0.329484
50.26,-1.2,-0.130751,0.329484
50.262,-1.2,-0.132363,0.314129
50.264,-1.2,-0.131557,0.298838
50.266,-1.2,-0.131456,0.284963
50.268,-1.2,-0.130852,0.272324
50.27,-1.2,-0.13196,0.260724
50.272,-1.2,-0.131355,0.250096
50.274,-1.2,-0.131355,0.240334
50.276,-1.2,-0.130852,0.231259
50.278,-1.2,-0.130751,0.222851
50.28,-1.2,-0.130247,0.215046
50.282,-1.2,-0.130247,0.207764
50.284,-1.2,-0.129744,0.200963
50.286,-1.2,-0.130147,0.194592
50.288,-1.2,-0.129945,0.188601
50.29,-1.2,-0.129744,0.314827
50.292,-1.2,-0.128333,0.314827
50.294,-1.2,-0.130046,0.314827
50.296,-1.2,-0.129643,0.314827
50.298,-1.2,-0.128636,0.314827
50.3,-1.2,-0.128736,0.314827
50.302,-1.2,-0.12783,0.314827
50.304,-1.2,-0.128132,0.314827
50.306,-1.2,-0.128434,0.314827
50.308,-1.2,-0.128031,0.314827
50.31,-1.2,-0.127527,0.314827
50.312,-1.2,-0.127024,0.314827
50.314,-1.2,-0.127628,-0.209979
50.316,-1.2,-0.127024,-0.209979
50.318,-1.2,-0.125916,-0.209979
50.32,-1.2,-0.126319,-0.209979
50.322,-1.2,-0.126218,-0.209979
50.324,-1.2,-0.126117,-0.209979
50.326,-1.2,-0.126016,-0.209979
50.328,-1.2,-0.126016,-0.705199
50.33,-1.2,-0.125815,-0.705199
50.332,-1.2,-0.125815,-0.705199
50.334,-1.2,-0.125614,-0.705199
50.336,-1.2,-0.125714,-0.705199
50.338,-1.2,-0.135284,-0.705199
50.34,-1.2,-0.13196,-0.705199
50.342,-1.2,-0.132866,-0.705199
50.344,-1.2,-0.13196,-0.705199
50.346,-1.2,-0.131255,-0.660606
50.348,-1.2,-0.131859,-0.596492
50.35,-1.2,-0.132161,-0.543614
50.352,-1.2,-0.13196,-0.499315
50.354,-1.2,-0.131456,-0.461827
50.356,-1.2,-0.131557,-0.429469
50.358,-1.2,-0.13065,-0.401353
50.36,-1.2,-0.129945,-0.376856
50.362,-1.2,-0.132463,-0.354936
50.364,-1.2,-0.131758,-0.33558
50.366,-1.2,-0.131859,-0.318181
50.368,-1.2,-0.131658,-0.302473
50.37,-1.2,-0.130348,-0.288239
50.372,-1.2,-0.131154,-0.275345
50.374,-1.2,-0.131758,-0.263519
50.376,-1.2,-0.131658,-0.252628
50.378,-1.2,-0.130549,-0.242666
50.38,-1.2,-0.131658,-0.233419
50.382,-1.2,-0.13196,-0.224869
50.384,-1.2,-0.131255,-0.216905
50.386,-1.2,-0.131658,-0.209523
50.388,-1.2,-0.131859,-0.202604
50.39,-1.2,-0.131758,-0.196111
50.392,-1.2,-0.131557,-0.190057
50.394,-1.2,-0.131456,-0.184337
50.396,-1.2,-0.131255,-0.178954
50.398,-1.2,-0.130952,-0.173896
50.4,-1.2,-0.130852,-0.169089
50.402,-1.2,-0.13065,-0.164569
50.404,-1.2,-0.131154,-0.160254
50.406,-1.2,-0.130952,-0.15619
50.408,-1.2,-0.131859,-0.152298
50.41,-1.2,-0.131053,-0.14862
50.412,-1.2,-0.132161,-0.145104
50.414,-1.2,-0.13206,-0.141755
50.416,-1.2,-0.131154,-0.138544
50.418,-1.2,-0.131859,-0.135495
50.42,-1.2,-0.130751,-0.132558
50.422,-1.2,-0.13206,-0.129759
50.424,-1.2,-0.131456,-0.127068
50.426,-1.2,-0.13196,-0.124498
50.428,-1.2,-0.130751,-0.12202
50.43,-1.2,-0.131255,-0.119638
50.432,-1.2,-0.131355,-0.117356
50.434,-1.2,-0.132161,-0.115151
50.436,-1.2,-0.13206,-0.113027
50.438,-1.2,-0.132161,-0.11098
50.44,-1.2,-0.131859,-0.10901
50.442,-1.2,-0.131154,-0.107106
50.444,-1.2,-0.131557,-0.10527
50.446,-1.2,-0.131859,-0.1035
50.448,-1.2,-0.131053,-0.101781
50.45,-1.2,-0.131255,-0.100118
50.452,-1.2,-0.131355,-0.0985086
50.454,-1.2,-0.131154,-0.0969563
50.456,-1.2,-0.131557,-0.0954491
50.458,-1.2,-0.13196,-0.0939849
50.46,-1.2,-0.132262,-0.0925674
50.462,-1.2,-0.133068,-0.0911887
50.464,-1.2,-0.132161,-0.0898558
50.466,-1.2,-0.131758,-0.0885561
50.468,-1.2,-0.131859,-0.0872991
50.47,-1.2,-0.131658,-0.0860716
50.472,-1.2,-0.131859,-0.0848891
50.474,-1.2,-0.131859,-0.0837242
50.476,-1.2,-0.131355,-0.0825998
50.478,-1.2,-0.131557,-0.0815003
50.48,-1.2,-0.131355,-0.0804346
50.482,-1.2,-0.130952,-0.0793947
50.484,-1.2,-0.13196,-0.0783796
50.486,-1.2,-0.131758,-0.07739
50.488,-1.2,-0.131557,-0.0764268
50.49,-1.2,-0.131859,-0.075485
50.492,-1.2,-0.131255,-0.0745692
50.494,-1.2,-0.131456,-0.0736745
50.496,-1.2,-0.131053,-0.0727985
50.498,-1.2,-0.131859,-0.0719442
50.5,-1.2,-0.131758,-0.0711114
50.502,-1.2,-0.131658,-0.0702957
50.504,-1.2,-0.131859,-0.0694992
50.506,-1.2,-0.131758,-0.0687229
50.508,-1.2,-0.131355,-0.0679606
50.51,-1.2,-0.131355,-0.0672152
50.512,-1.2,-0.131355,-0.0664888
50.514,-1.2,-0.132363,-0.0657772
50.516,-1.2,-0.132363,-0.0650764
50.518,-1.2,-0.131658,-0.0643942
50.52,-1.2,-0.131456,-0.0637259
50.522,-1.2,-0.131355,-0.0630698
50.524,-1.2,-0.132262,-0.0624296
50.526,-1.2,-0.131154,-0.0618
50.528,-1.2,-0.132363,-0.061183
50.53,-1.2,-0.130549,-0.0605808
50.532,-1.2,-0.130549,-0.0599872
50.534,-1.2,-0.131658,-0.0594081
50.536,-1.2,-0.132363,-0.0588361
50.538,-1.2,-0.131658,-0.0582791
50.54,-1.2,-0.131557,-0.0577312
50.542,-1.2,-0.132463,-0.057191
50.544,-1.2,-0.132564,-0.0566645
50.546,-1.2,-0.13206,-0.0561449
50.548,-1.2,-0.131758,-0.0556352
50.55,-1.2,-0.131557,-0.0551368
50.552,-1.2,-0.131758,-0.0546448
50.554,-1.2,-0.13206,-0.0541618
50.556,-1.2,-0.131859,-0.0536881
50.558,-1.2,-0.131154,-0.0532233
50.56,-1.2,-0.131355,-0.0527649
50.562,-1.2,-0.131859,-0.0523164
50.564,-1.2,-0.131355,-0.0518732
50.566,-1.2,-0.131557,-0.0514397
50.568,-1.2,-0.131557,-0.05101
50.57,-1.2,-0.131658,-0.0505906
50.572,-1.2,-0.131355,-0.0501776
50.574,-1.2,-0.132262,-0.0497701
50.576,-1.2,-0.131859,-0.0493687
50.578,-1.2,-0.13196,-0.0489749
50.58,-1.2,-0.131355,-0.048588
50.582,-1.2,-0.131557,-0.0482052
50.584,-1.2,-0.131053,-0.0478294
50.586,-1.2,-0.13196,-0.0474605
50.588,-1.2,-0.131355,-0.0470968
50.59,-1.2,-0.131859,-0.0467363
50.592,-1.2,-0.13206,-0.0463842
50.594,-1.2,-0.131456,-0.0460355
50.596,-1.2,-0.131859,-0.0456921
50.598,-1.2,-0.131355,-0.0453553
50.6,-1.2,-0.130852,-0.0450224
50.602,-1.2,-0.131355,-0.0446939
50.604,-1.2,-0.132161,-0.0443714
50.606,-1.2,-0.131758,-0.0440524
50.608,-1.2,-0.132262,-0.043738
50.61,-1.2,-0.13196,-0.0434283
50.612,-1.2,-0.131355,-0.0431235
50.614,-1.2,-0.131758,-0.0428233
50.616,-1.2,-0.131557,-0.0425253
50.618,-1.2,-0.131355,-0.0422334
50.62,-1.2,-0.131456,-0.0419441
50.622,-1.2,-0.13206,-0.0416602
50.624,-1.2,-0.131456,-0.0413787
50.626,-1.2,-0.131456,-0.0411017
50.628,-1.2,-0.131859,-0.0408275
50.63,-1.2,-0.131557,-0.0405593
50.632,-1.2,-0.130952,-0.0402918
50.634,-1.2,-0.131859,-0.0400295
50.636,-1.2,-0.131154,-0.0397697
50.638,-1.2,-0.131053,-0.039514
50.64,-1.2,-0.131557,-0.0392608
50.642,-1.2,-0.130549,-0.0390108
50.644,-1.2,-0.131859,-0.0387649
50.646,-1.2,-0.131355,-0.0385223
50.648,-1.2,-0.131255,-0.0382806
50.65,-1.2,-0.131658,-0.038044
50.652,-1.2,-0.131557,-0.0378092
50.654,-1.2,-0.131456,-0.0375781
50.656,-1.2,-0.132161,-0.0373491
50.658,-1.2,-0.131557,-0.0371228
50.66,-1.2,-0.131355,-0.0368998
50.662,-1.2,-0.131053,-0.0366799
50.664,-1.2,-0.131355,-0.0364612
50.666,-1.2,-0.131859,-0.0362455
50.668,-1.2,-0.131859,-0.0360327
50.67,-1.2,-0.131557,-0.0358226
50.672,-1.2,-0.13196,-0.0356143
50.674,-1.2,-0.131456,-0.0354095
50.676,-1.2,-0.132262,-0.0352064
50.678,-1.2,-0.131053,-0.0350048
50.68,-1.2,-0.132363,-0.0348068
50.682,-1.2,-0.131859,-0.0346104
50.684,-1.2,-0.131859,-0.0344161
50.686,-1.2,-0.131557,-0.0342238
50.688,-1.2,-0.131859,-0.0340341
50.69,-1.2,-0.131154,-0.0338466
50.692,-1.2,-0.131255,-0.0336607
50.694,-1.2,-0.130751,-0.0334776
50.696,-1.2,-0.131255,-0.0332958
50.698,-1.2,-0.131859,-0.0331159
50.7,-1.2,-0.131053,-0.0329378
50.702,-1.2,-0.131658,-0.0327624
50.704,-1.2,-0.131355,-0.0325885
50.706,-1.2,-0.130952,-0.0324164
50.708,-1.2,-0.132161,-0.0322458
50.71,-1.2,-0.131758,-0.0320769
50.712,-1.2,-0.132161,-0.0319103
50.714,-1.2,-0.13206,-0.0317456
50.716,-1.2,-0.131456,-0.0315819
50.718,-1.2,-0.13196,-0.03142
50.72,-1.2,-0.13196,-0.0312604
50.722,-1.2,-0.131456,-0.0311013
50.724,-1.2,-0.131355,-0.0309448
50.726,-1.2,-0.13065,-0.0307896
50.728,-1.2,-0.131557,-0.0306357
50.73,-1.2,-0.131255,-0.0304838
50.732,-1.2,-0.132463,-0.0303325
50.734,-1.2,-0.132161,-0.0301837
50.736,-1.2,-0.131859,-0.0300357
50.738,-1.2,-0.132262,-0.0298892
50.74,-1.2,-0.132967,-0.0297448
50.742,-1.2,-0.132463,-0.029601
50.744,-1.2,-0.131557,-0.0294588
50.746,-1.2,-0.131557,-0.0293184
50.748,-1.2,-0.131859,-0.976492
50.75,-1.2,-0.131758,-0.976492
50.752,-1.2,-0.13206,-0.976492
50.754,-1.2,-0.132665,-0.976492
50.756,-1.2,-0.132463,-0.976492
50.758,-1.2,-0.13196,-0.976492
50.76,-1.2,-0.132866,0.960962
50.762,-1.2,-0.132866,0.831109
50.764,-1.2,-0.133068,0.731859
50.766,-1.2,-0.132564,0.6541
50.768,-1.2,-0.132967,0.591168
50.77,-1.2,-0.131758,0.539146
50.772,-1.2,-0.132262,0.495538
50.774,-1.2,-0.132564,0.458463
50.776,-1.2,-0.132463,0.426554
50.778,-1.2,-0.132866,0.398918
50.78,-1.2,-0.132665,0.374571
50.782,-1.2,-0.132262,0.352991
50.784,-1.2,-0.132363,0.333822
50.786,-1.2,-0.132363,0.316593
50.788,-1.2,-0.131758,0.301024
50.79,-1.2,-0.13206,0.286957
50.792,-1.2,-0.13206,0.274138
50.794,-1.2,-0.132665,0.262395
50.796,-1.2,-0.132463,0.251659
50.798,-1.2,-0.132161,0.241739
50.8,-1.2,-0.132866,0.232605
50.802,-1.2,-0.132564,0.224093
50.804,-1.2,-0.132161,0.216199
50.806,-1.2,-0.132363,0.208813
50.808,-1.2,-0.132363,0.201966
50.81,-1.2,-0.132967,0.195506
50.812,-1.2,-0.132161,0.189484
50.814,-1.2,-0.13206,0.18381
50.816,-1.2,-0.13196,0.178479
50.818,-1.2,-0.13206,0.173421
50.82,-1.2,-0.131859,0.168658
50.822,-1.2,-0.131859,0.164144
50.824,-1.2,-0.131355,0.159851
50.826,-1.2,-0.13196,0.155795
50.828,-1.2,-0.131456,0.151947
50.83,-1.2,-0.131859,0.148267
50.832,-1.2,-0.13206,0.144786
50.834,-1.2,-0.13206,0.0270544
50.836,-1.2,-0.132161,0.0270544
50.838,-1.2,-0.130952,0.0270544
50.84,-1.2,-0.13065,0.0270544
50.842,-1.2,-0.131053,0.0270544
50.844,-1.2,-0.130952,0.0270544
50.846,-1.2,-0.131255,0.0270544
50.848,-1.2,-0.130852,0.0270544
50.85,-1.2,-0.130751,0.0270544
50.852,-1.2,-0.130348,0.0270544
50.854,-1.2,-0.130147,0.0270544
50.856,-1.2,-0.130348,0.0270544
50.858,-1.2,-0.130852,0.0270544
50.86,-1.2,-0.129945,0.0270544
50.862,-1.2,-0.129744,0.0270544
50.864,-1.2,-0.130449,0.0270544
50.866,-1.2,-0.129744,0.0270544
50.868,-1.2,-0.130046,0.0270544
50.87,-1.2,-0.129341,0.0270544
50.872,-1.2,-0.128938,-0.218384
50.874,-1.2,-0.129341,-0.218384
50.876,-1.2,-0.129341,-0.218384
50.878,-1.2,-0.128636,-0.218384
50.88,-1.2,-0.128736,-0.218384
50.882,-1.2,-0.128837,-0.218384
50.884,-1.2,-0.128636,-0.218384
50.886,-1.2,-0.12783,-0.218384
50.888,-1.2,-0.128736,-0.218384
50.89,-1.2,-0.128434,-0.218384
50.892,-1.2,-0.129945,-0.218384
50.894,-1.2,-0.131456,-0.218384
50.896,-1.2,-0.13206,-0.218384
50.898,-1.2,-0.131758,-0.218384
50.9,-1.2,-0.130952,-0.218384
50.902,-1.2,-0.131456,-0.218384
50.904,-1.2,-0.131456,-0.218384
50.906,-1.2,-0.130751,-0.218384
50.908,-1.2,-0.130852,-0.218384
50.91,-1.2,-0.130549,-0.218384
50.912,-1.2,-0.13065,-0.218384
50.914,-1.2,-0.131859,-0.218384
50.916,-1.2,-0.131355,-0.218384
50.918,-1.2,-0.132463,-0.218384
50.92,-1.2,-0.131355,-0.218384
50.922,-1.2,-0.130952,-0.218384
50.924,-1.2,-0.130852,-0.218384
50.926,-1.2,-0.131355,-0.218384
50.928,-1.2,-0.131658,-0.218384
50.93,-1.2,-0.13196,-0.211122
50.932,-1.2,-0.131154,-0.204091
50.934,-1.2,-0.131255,-0.197531
50.936,-1.2,-0.131859,-0.191362
50.938,-1.2,-0.131053,-0.185592
50.94,-1.2,-0.131859,-0.180139
50.942,-1.2,-0.132363,-0.174992
50.944,-1.2,-0.131557,-0.170146
50.946,-1.2,-0.131154,-0.165548
50.948,-1.2,-0.13065,-0.161213
50.95,-1.2,-0.130952,-0.157088
50.952,-1.2,-0.131255,-0.153155
50.954,-1.2,-0.131456,-0.149436
50.956,-1.2,-0.130952,-0.145873
50.958,-1.2,-0.131859,-0.142491
50.96,-1.2,-0.131658,-0.139267
50.962,-1.2,-0.130751,-0.136166
50.964,-1.2,-0.131255,-0.133206
50.966,-1.2,-0.130952,-0.130384
50.968,-1.2,-0.130952,-0.127667
50.97,-1.2,-0.131456,-0.125073
50.972,-1.2,-0.130952,-0.122563
50.974,-1.2,-0.132262,-0.12017
50.976,-1.2,-0.13065,-0.117856
50.978,-1.2,-0.131557,-0.115632
50.98,-1.2,-0.131859,-0.1135
50.982,-1.2,-0.13196,-0.111433
50.984,-1.2,-0.130549,-0.109451
50.986,-1.2,-0.131053,-0.107536
50.988,-1.2,-0.131658,-0.105676
50.99,-1.2,-0.131859,-0.103891
50.992,-1.2,-0.131255,-0.102158
50.994,-1.2,-0.131758,-0.100483
50.996,-1.2,-0.131658,-0.0988687
50.998,-1.2,-0.132967,-0.0972981
51,-1.1,-0.132161,-0.0957797
51.002,-1.1,-0.118965,-0.0943061
51.004,-1.1,-0.118562,-0.0928831
51.006,-1.1,-0.119066,-0.0914965
51.008,-1.1,-0.118965,-0.0901517
51.01,-1.1,-0.11967,-0.0888479
51.012,-1.1,-0.119771,-0.0875784
51.014,-1.1,-0.118562,-0.0863445
51.016,-1.1,-0.119771,-0.0851501
51.018,-1.1,-0.119469,-0.0839796
51.02,-1.1,-0.119872,-0.08285
51.022,-1.1,-0.118965,-0.0817467
51.024,-1.1,-0.119267,-0.0806707
51.026,-1.1,-0.118965,-0.0796221
51.028,-1.1,-0.120275,-0.0786047
51.03,-1.1,-0.119368,-0.0776092
51.032,-1.1,-0.119771,-0.0766388
51.034,-1.1,-0.119066,-0.0756963
51.036,-1.1,-0.119066,-0.0747701
51.038,-1.1,-0.119167,-0.0738724
51.04,-1.1,-0.118663,-0.0729924
51.042,-1.1,-0.119267,-0.0721361
51.044,-1.1,-0.119066,-0.0712961
51.046,-1.1,-0.119267,-0.0704791
51.048,-1.1,-0.118864,-0.0696766
51.05,-1.1,-0.118864,-0.068896
51.052,-1.1,-0.120073,-0.0681294
51.054,-1.1,-0.118864,-0.0673831
51.056,-1.1,-0.119267,-0.0666499
51.058,-1.1,-0.118663,-0.0659336
51.06,-1.1,-0.118562,-0.0652343
51.062,-1.1,-0.119771,-0.0645465
51.064,-1.1,-0.119267,-0.0638737
51.066,-1.1,-0.11957,-0.063215
51.068,-1.1,-0.119872,-0.0625721
51.07,-1.1,-0.119771,-0.0619387
51.072,-1.1,-0.119771,-0.0613196
51.074,-1.1,-0.119267,-0.0607148
51.076,-1.1,-0.118562,-0.0601209
51.078,-1.1,-0.119066,-0.059535
51.08,-1.1,-0.119267,-0.0589647
51.082,-1.1,-0.11957,-0.0584025
51.084,-1.1,-0.118965,-0.057851
51.086,-1.1,-0.119368,-0.0573124
51.088,-1.1,-0.120073,-0.0567813
51.09,-1.1,-0.120275,-0.0562598
51.092,-1.1,-0.11957,-0.0557504
51.094,-1.1,-0.119368,-0.0552482
51.096,-1.1,-0.119267,-0.0547546
51.098,-1.1,-0.119267,-0.0542697
51.1,-1.1,-0.118965,-0.0537934
51.102,-1.1,-0.119368,-0.0533274
51.104,-1.1,-0.119368,-0.0528669
51.106,-1.1,-0.119872,-0.0524167
51.108,-1.1,-0.119368,-0.051971
51.11,-1.1,-0.119066,-0.0515355
51.112,-1.1,-0.119066,-0.0511065
51.114,-1.1,-0.119066,-0.0506857
51.116,-1.1,-0.11957,-0.0502688
51.118,-1.1,-0.119066,-0.0498598
51.12,-1.1,-0.119973,-0.0494589
51.122,-1.1,-0.11957,-0.049063
51.124,-1.1,-0.119872,-0.0486748
51.126,-1.1,-0.119066,-0.0482901
51.128,-1.1,-0.119469,-0.0479136
51.13,-1.1,-0.119368,-0.0475423
51.132,-1.1,-0.119973,-0.0471775
51.134,-1.1,-0.119267,-0.0468165
51.136,-1.1,-0.11967,-0.0464616
51.138,-1.1,-0.11957,-0.0461134
51.14,-1.1,-0.119167,-0.0457703
51.142,-1.1,-0.11967,-0.045431
51.144,-1.1,-0.118159,-0.0450964
51.146,-1.1,-0.119167,-0.0447676
51.148,-1.1,-0.119267,-0.0444428
51.15,-1.1,-0.11957,-0.044124
51.152,-1.1,-0.118864,-0.0438086
51.154,-1.1,-0.119167,-0.0434977
51.156,-1.1,-0.11957,-0.0431915
51.158,-1.1,-0.11967,-0.0428903
51.16,-1.1,-0.119167,-0.0425917
51.162,-1.1,-0.119167,-0.0422982
51.164,-1.1,-0.119368,-0.0420094
51.166,-1.1,-0.118965,-0.0417232
51.168,-1.1,-0.118864,-0.041441
51.17,-1.1,-0.118663,-0.0411639
51.172,-1.1,-0.118764,-0.0408902
51.174,-1.1,-0.118764,-0.0406184
51.176,-1.1,-0.11967,-0.0403509
51.178,-1.1,-0.119267,-0.040088
51.18,-1.1,-0.119469,-0.0398274
51.182,-1.1,-0.119167,-0.0395701
51.184,-1.1,-0.11967,-0.0393172
51.186,-1.1,-0.119267,-0.0390666
51.188,-1.1,-0.119973,-0.0388201
51.19,-1.1,-0.119469,-0.0385756
51.192,-1.1,-0.119368,-0.0383342
51.194,-1.1,-0.11957,-0.038097
51.196,-1.1,-0.119066,-0.0378615
51.198,-1.1,-0.118663,-0.03763
51.2,-1.1,-0.118562,-0.0374002
51.202,-1.1,-0.119167,-0.0371733
51.204,-1.1,-0.119066,-0.0369495
51.206,-1.1,-0.119469,-0.0367279
51.208,-1.1,-0.118965,-0.0365096
51.21,-1.1,-0.119167,-0.0362938
51.212,-1.1,-0.119771,-0.0360808
51.214,-1.1,-0.11826,-0.0358696
51.216,-1.1,-0.119267,-0.0356608
51.218,-1.1,-0.118864,-0.0354552
51.22,-1.1,-0.119066,-0.0352522
51.222,-1.1,-0.119469,-0.03505
51.224,-1.1,-0.119973,-0.0348512
51.226,-1.1,-0.118462,-0.0346542
51.228,-1.1,-0.118965,-0.0344591
51.23,-1.1,-0.118965,-0.0342672
51.232,-1.1,-0.118764,-0.0340766
51.234,-1.1,-0.119066,-0.0338886
51.236,-1.1,-0.119368,-0.033703
51.238,-1.1,-0.119469,-0.0335181
51.24,-1.1,-0.118965,-0.0333362
51.242,-1.1,-0.11957,-0.0331558
51.244,-1.1,-0.119066,-0.0329774
51.246,-1.1,-0.119167,-0.032802
51.248,-1.1,-0.119469,-0.0326269
51.25,-1.1,-0.119368,-0.0324548
51.252,-1.1,-0.11957,-0.0322834
51.254,-1.1,-0.118663,-0.0321149
51.256,-1.1,-0.119469,-0.0319475
51.258,-1.1,-0.118965,-0.0317819
51.26,-1.1,-0.118864,-0.031618
51.262,-1.1,-0.119167,-0.0314563
51.264,-1.1,-0.119066,-0.0312956
51.266,-1.1,-0.11957,-0.0311367
51.268,-1.1,-0.120275,-0.0309801
51.27,-1.1,-0.119066,-0.0308242
51.272,-1.1,-0.120577,-0.0306705
51.274,-1.1,-0.118764,-0.0305172
51.276,-1.1,-0.11967,-0.0303664
51.278,-1.1,-0.119167,-0.0302173
51.28,-1.1,-0.119973,-0.0300687
51.282,-1.1,-0.119066,-0.0299222
51.284,-1.1,-0.11967,-0.0297771
51.286,-1.1,-0.119771,-0.0296331
51.288,-1.1,-0.118764,-0.0294909
51.29,-1.1,-0.120375,-0.0293498
51.292,-1.1,-0.11967,-0.02921
51.294,-1.1,-0.119469,-0.0290721
51.296,-1.1,-0.120073,-0.0289344
51.298,-1.1,-0.120375,-0.028799
51.3,-1.1,-0.119368,-0.0286643
51.302,-1.1,-0.120577,-0.0285307
51.304,-1.1,-0.120577,-0.0283992
51.306,-1.1,-0.120275,-0.287732
51.308,-1.1,-0.120073,-0.287732
51.31,-1.1,-0.120174,-0.287732
51.312,-1.1,-0.119872,-0.287732
51.314,-1.1,-0.121181,-0.287732
51.316,-1.1,-0.120275,-0.287732
51.318,-1.1,-0.119872,-0.287732
51.32,-1.1,-0.120778,-0.287732
51.322,-1.1,-0.120275,-0.287732
51.324,-1.1,-0.120275,-0.287732
51.326,-1.1,-0.120476,-0.287732
51.328,-1.1,-0.120879,-0.287732
51.33,-1.1,-0.120073,-0.287732
51.332,-1.1,-0.120375,-0.287732
51.334,-1.1,-0.12098,-0.287732
51.336,-1.1,-0.121181,-0.287732
51.338,-1.1,-0.120375,-0.287732
51.34,-1.1,-0.120778,-0.287732
51.342,-1.1,-0.120778,-0.287732
51.344,-1.1,-0.120879,-0.287732
51.346,-1.1,-0.120778,-0.287732
51.348,-1.1,-0.121181,0.286069
51.35,-1.1,-0.121181,0.273309
51.352,-1.1,-0.120879,0.261692
51.354,-1.1,-0.121584,0.250968
51.356,-1.1,-0.120778,0.241119
51.358,-1.1,-0.120577,0.0272293
51.36,-1.1,-0.120174,0.0272293
51.362,-1.1,-0.120073,0.0272293
51.364,-1.1,-0.120476,0.0272293
51.366,-1.1,-0.120577,0.0272293
51.368,-1.1,-0.121181,0.0272293
51.37,-1.1,-0.120879,0.0272293
51.372,-1.1,-0.121081,0.0272293
51.374,-1.1,-0.120778,0.0272293
51.376,-1.1,-0.120879,0.0272293
51.378,-1.1,-0.120778,0.0272293
51.38,-1.1,-0.12098,0.0272293
51.382,-1.1,-0.121584,0.0272293
51.384,-1.1,-0.119771,0.0272293
51.386,-1.1,-0.120275,0.0272293
51.388,-1.1,-0.120577,0.0272293
51.39,-1.1,-0.120073,0.0272293
51.392,-1.1,-0.121181,0.0272293
51.394,-1.1,-0.120577,0.0272293
51.396,-1.1,-0.120275,0.0272293
51.398,-1.1,-0.120577,0.0272293
51.4,-1.1,-0.120476,0.0272293
51.402,-1.1,-0.120879,0.0272293
51.404,-1.1,-0.120678,0.290345
51.406,-1.1,-0.120275,0.290345
51.408,-1.1,-0.120275,0.290345
51.41,-1.1,-0.119973,0.290345
51.412,-1.1,-0.119973,0.290345
51.414,-1.1,-0.120678,0.290345
51.416,-1.1,-0.119368,0.290345
51.418,-1.1,-0.11957,0.290345
51.42,-1.1,-0.120174,0.290345
51.422,-1.1,-0.11967,0.290345
51.424,-1.1,-0.119469,0.290345
51.426,-1.1,-0.118562,0.290345
51.428,-1.1,-0.119167,0.290345
51.43,-1.1,-0.119469,0.290345
51.432,-1.1,-0.118965,0.290345
51.434,-1.1,-0.118965,0.290345
51.436,-1.1,-0.118864,0.290345
51.438,-1.1,-0.117756,0.290345
51.44,-1.1,-0.118159,0.290345
51.442,-1.1,-0.117555,0.290345
51.444,-1.1,-0.118462,0.290345
51.446,-1.1,-0.118059,0.2795
51.448,-1.1,-0.117253,0.26731
51.45,-1.1,-0.117454,-0.256185
51.452,-1.1,-0.117555,-0.245883
51.454,-1.1,-0.116548,-0.236416
51.456,-1.1,-0.117152,-0.227667
51.458,-1.1,-0.116951,-0.219523
51.46,-1.1,-0.116145,-0.211931
51.462,-1.1,-0.11685,-0.204847
51.464,-1.1,-0.115641,-0.19823
51.466,-1.1,-0.117051,-0.173346
51.468,-1.1,-0.116548,-0.173346
51.47,-1.1,-0.116145,-0.173346
51.472,-1.1,-0.116245,-0.173346
51.474,-1.1,-0.11544,-0.173346
51.476,-1.1,-0.115339,-0.173346
51.478,-1.1,-0.11554,-0.173346
51.48,-1.1,-0.114835,-0.173346
51.482,-1.1,-0.115238,-0.173346
51.484,-1.1,-0.114231,-0.173346
51.486,-1.1,-0.114231,-0.452733
51.488,-1.1,-0.114432,-0.452733
51.49,-1.1,-0.113223,-0.452733
51.492,-1.1,-0.113727,-0.452733
51.494,-1.1,-0.113626,-0.452733
51.496,-1.1,-0.114332,-0.452733
51.498,-1.1,-0.123297,-0.452733
51.5,-1.1,-0.120073,-0.452733
51.502,-1.1,-0.121282,-0.452733
51.504,-1.1,-0.119973,-0.452733
51.506,-1.1,-0.120073,-0.452733
51.508,-1.1,-0.119771,-0.452733
51.51,-1.1,-0.118864,-0.452733
51.512,-1.1,-0.119368,-0.452733
51.514,-1.1,-0.118965,-0.426732
51.516,-1.1,-0.118159,-0.399004
51.518,-1.1,-0.117857,-0.374724
51.52,-1.1,-0.117555,-0.353117
51.522,-1.1,-0.120174,-0.33386
51.524,-1.1,-0.11967,-0.316653
51.526,-1.1,-0.120275,-0.301095
51.528,-1.1,-0.11967,-0.287009
51.53,-1.1,-0.11957,-0.274221
51.532,-1.1,-0.119973,-0.262507
51.534,-1.1,-0.118965,-0.251693
51.536,-1.1,-0.118462,-0.24178
51.538,-1.1,-0.118059,-0.232664
51.54,-1.1,-0.119267,-0.224131
51.542,-1.1,-0.120073,-0.216217
51.544,-1.1,-0.119066,-0.208882
51.546,-1.1,-0.118864,-0.201998
51.548,-1.1,-0.118562,-0.195558
51.55,-1.1,-0.11957,-0.189522
51.552,-1.1,-0.119267,-0.183836
51.554,-1.1,-0.119167,-0.178482
51.556,-1.1,-0.11967,-0.173434
51.558,-1.1,-0.120174,-0.168682
51.56,-1.1,-0.118864,-0.16417
51.562,-1.1,-0.119368,-0.159886
51.564,-1.1,-0.119267,-0.155826
51.566,-1.1,-0.119267,-0.151962
51.568,-1.1,-0.119469,-0.148299
51.57,-1.1,-0.11957,-0.144805
51.572,-1.1,-0.11957,-0.14145
51.574,-1.1,-0.120174,-0.138262
51.576,-1.1,-0.119066,-0.135216
51.578,-1.1,-0.119469,-0.132308
51.58,-1.1,-0.118965,-0.129512
51.582,-1.1,-0.119469,-0.126833
51.584,-1.1,-0.118965,-0.124268
51.586,-1.1,-0.119267,-0.121809
51.588,-1.1,-0.119368,-0.119424
51.59,-1.1,-0.119066,-0.117152
51.592,-1.1,-0.119872,-0.114958
51.594,-1.1,-0.118562,-0.112845
51.596,-1.1,-0.119267,-0.110811
51.598,-1.1,-0.118764,-0.108837
51.6,-1.1,-0.119469,-0.106938
51.602,-1.1,-0.119267,-0.105105
51.604,-1.1,-0.11967,-0.103336
51.606,-1.1,-0.119469,-0.101629
51.608,-1.1,-0.119469,-0.0999751
51.61,-1.1,-0.119368,-0.0983681
51.612,-1.1,-0.118764,-0.0968169
51.614,-1.1,-0.118864,-0.0953114
51.616,-1.1,-0.118462,-0.0938547
51.618,-1.1,-0.119872,-0.092439
51.62,-1.1,-0.119368,-0.0910653
51.622,-1.1,-0.119469,-0.0897378
51.624,-1.1,-0.119872,-0.0884451
51.626,-1.1,-0.11967,-0.0871859
51.628,-1.1,-0.119973,-0.0859663
51.63,-1.1,-0.118764,-0.0847792
51.632,-1.1,-0.120275,-0.083622
51.634,-1.1,-0.119267,-0.082496
51.636,-1.1,-0.119267,-0.0814036
51.638,-1.1,-0.118663,-0.0803352
51.64,-1.1,-0.119267,-0.0793017
51.642,-1.1,-0.119368,-0.0782893
51.644,-1.1,-0.118965,-0.0773031
51.646,-1.1,-0.119066,-0.0763409
51.648,-1.1,-0.119469,-0.0754029
51.65,-1.1,-0.118361,-0.0744854
51.652,-1.1,-0.119066,-0.0735942
51.654,-1.1,-0.118864,-0.072722
51.656,-1.1,-0.119066,-0.0718677
51.658,-1.1,-0.118562,-0.0710378
51.66,-1.1,-0.119469,-0.0702248
51.662,-1.1,-0.118361,-0.0694274
51.664,-1.1,-0.118764,-0.0686531
51.666,-1.1,-0.119267,-0.0678959
51.668,-1.1,-0.119267,-0.0671499
51.67,-1.1,-0.118159,-0.0664241
51.672,-1.1,-0.118965,-0.0657127
51.674,-1.1,-0.119267,-0.0650143
51.676,-1.1,-0.11826,-0.0643348
51.678,-1.1,-0.119368,-0.063667
51.68,-1.1,-0.119167,-0.0630124
51.682,-1.1,-0.119167,-0.0623709
51.684,-1.1,-0.119368,-0.0617451
51.686,-1.1,-0.118864,-0.0611291
51.688,-1.1,-0.118764,-0.0605249
51.69,-1.1,-0.119469,-0.0599347
51.692,-1.1,-0.11957,-0.0593567
51.694,-1.1,-0.118562,-0.0587854
51.696,-1.1,-0.120073,-0.0582292
51.698,-1.1,-0.119167,-0.0576806
51.7,-1.1,-0.11967,-0.0571427
51.702,-1.1,-0.119167,-0.0566171
51.704,-1.1,-0.118562,-0.0560997
51.706,-1.1,-0.118663,-0.0555902
51.708,-1.1,-0.117857,-0.0550906
51.71,-1.1,-0.118159,-0.0546015
51.712,-1.1,-0.119469,-0.0541194
51.714,-1.1,-0.119771,-0.0536455
51.716,-1.1,-0.118361,-0.0531818
51.718,-1.1,-0.120174,-0.0527242
51.72,-1.1,-0.119872,-0.0522743
51.722,-1.1,-0.11957,-0.051834
51.724,-1.1,-0.118965,-0.0514011
51.726,-1.1,-0.118864,-0.0509722
51.728,-1.1,-0.118663,-0.0505533
51.73,-1.1,-0.119066,-0.0501397
51.732,-1.1,-0.119469,-0.0497327
51.734,-1.1,-0.119267,-0.0493349
51.736,-1.1,-0.118965,-0.0489397
51.738,-1.1,-0.118159,-0.048552
51.74,-1.1,-0.118462,-0.0481705
51.742,-1.1,-0.118965,-0.0477961
51.744,-1.1,-0.119167,-0.0474272
51.746,-1.1,-0.11957,-0.0470636
51.748,-1.1,-0.119267,-0.0467041
51.75,-1.1,-0.119469,-0.0463523
51.752,-1.1,-0.118663,-0.046005
51.754,-1.1,-0.119368,-0.045662
51.756,-1.1,-0.119368,-0.0453241
51.758,-1.1,-0.119368,-0.0449929
51.76,-1.1,-0.119368,-0.0446647
51.762,-1.1,-0.119066,-0.0443421
51.764,-1.1,-0.118663,-0.0440232
51.766,-1.1,-0.119368,-0.0437115
51.768,-1.1,-0.118965,-0.043401
51.77,-1.1,-0.119066,-0.0430964
51.772,-1.1,-0.119066,-0.0427968
51.774,-1.1,-0.118965,-0.0424992
51.776,-1.1,-0.119167,-0.0422075
51.778,-1.1,-0.119267,-0.0419188
51.78,-1.1,-0.118764,-0.041634
51.782,-1.1,-0.119368,-0.0413541
51.784,-1.1,-0.118361,-0.0410774
51.786,-1.1,-0.118764,-0.0408037
51.788,-1.1,-0.11967,-0.0405337
51.79,-1.1,-0.119066,-0.0402684
51.792,-1.1,-0.119872,-0.0400056
51.794,-1.1,-0.119469,-0.0397463
51.796,-1.1,-0.119066,-0.0394901
51.798,-1.1,-0.11967,-0.0392391
51.8,-1.1,-0.119066,-0.0389891
51.802,-1.1,-0.119368,-0.0387426
51.804,-1.1,-0.118965,-0.0384992
51.806,-1.1,-0.118663,-0.0382596
51.808,-1.1,-0.118462,-0.0380222
51.81,-1.1,-0.118562,-0.0377877
51.812,-1.1,-0.119368,-0.0375569
51.814,-1.1,-0.119368,-0.037329
51.816,-1.1,-0.119469,-0.0371024
51.818,-1.1,-0.119066,-0.0368797
51.82,-1.1,-0.119469,-0.0366591
51.822,-1.1,-0.119368,-0.0364411
51.824,-1.1,-0.119771,-0.0362268
51.826,-1.1,-0.119066,-0.0360141
51.828,-1.1,-0.119267,-0.0358033
51.83,-1.1,-0.119167,-0.0355957
51.832,-1.1,-0.118562,-0.0353903
51.834,-1.1,-0.11967,-0.0351877
51.836,-1.1,-0.119066,-0.0349872
51.838,-1.1,-0.119167,-0.0347891
51.84,-1.1,-0.119872,-0.0345929
51.842,-1.1,-0.11957,-0.0343991
51.844,-1.1,-0.119167,-0.0342067
51.846,-1.1,-0.11967,-0.0340171
51.848,-1.1,-0.119872,-0.0338292
51.85,-1.1,-0.119267,-0.0336443
51.852,-1.1,-0.11957,-0.0334606
51.854,-1.1,-0.11957,-0.0332793
51.856,-1.1,-0.119267,-0.0330996
51.858,-1.1,-0.119267,-0.0329221
51.86,-1.1,-0.120073,-0.0327466
51.862,-1.1,-0.119469,-0.0325733
51.864,-1.1,-0.118361,-0.0324004
51.866,-1.1,-0.118965,-0.03223
51.868,-1.1,-0.118462,-0.0320621
51.87,-1.1,-0.119066,-0.0318952
51.872,-1.1,-0.118864,-0.0317308
51.874,-1.1,-0.118864,-0.0315669
51.876,-1.1,-0.119167,-0.0314053
51.878,-1.1,-0.11957,-0.0312459
51.88,-1.1,-0.119469,-0.0310873
51.882,-1.1,-0.119167,-0.0309304
51.884,-1.1,-0.119368,-0.0307753
51.886,-1.1,-0.119066,-0.0306222
51.888,-1.1,-0.11967,-0.0304703
51.89,-1.1,-0.11967,-0.0303193
51.892,-1.1,-0.119872,-0.0301705
51.894,-1.1,-0.119167,-0.0300231
51.896,-1.1,-0.119872,-0.0298763
51.898,-1.1,-0.118663,-0.0297314
51.9,-1.1,-0.119771,-0.0295884
51.902,-1.1,-0.119771,-0.0294462
51.904,-1.1,-0.120375,-0.029306
51.906,-1.1,-0.119872,-0.0291665
51.908,-1.1,-0.120778,-0.0290283
51.91,-1.1,-0.120174,-0.0288922
51.912,-1.1,-0.120476,-0.0287564
51.914,-1.1,-0.11957,-0.757912
51.916,-1.1,-0.119872,-0.757912
51.918,-1.1,-0.119771,-0.757912
51.92,-1.1,-0.120678,-0.757912
51.922,-1.1,-0.118864,-0.757912
51.924,-1.1,-0.120678,-0.757912
51.926,-1.1,-0.120073,-0.757912
51.928,-1.1,-0.119771,-0.757912
51.93,-1.1,-0.11967,0.691404
51.932,-1.1,-0.11967,0.621472
51.934,-1.1,-0.119771,0.564391
51.936,-1.1,-0.119167,0.516909
51.938,-1.1,-0.120174,0.476704
51.94,-1.1,-0.120476,0.442299
51.942,-1.1,-0.120678,0.412522
51.944,-1.1,-0.120375,0.386518
51.946,-1.1,-0.120375,0.3637
51.948,-1.1,-0.119973,0.343272
51.95,-1.1,-0.120275,0.325067
51.952,-1.1,-0.119973,0.308756
51.954,-1.1,-0.119872,0.293947
51.956,-1.1,-0.120375,0.280493
51.958,-1.1,-0.120174,0.268248
51.96,-1.1,-0.11957,0.257005
51.962,-1.1,-0.120375,0.246702
51.964,-1.1,-0.119267,0.23715
51.966,-1.1,-0.119872,0.228327
51.968,-1.1,-0.120073,0.220164
51.97,-1.1,-0.11957,0.21251
51.972,-1.1,-0.119973,0.205394
51.974,-1.1,-0.120174,0.198754
51.976,-1.1,-0.11957,0.19252
51.978,-1.1,-0.119872,0.186657
51.98,-1.1,-0.11967,0.181154
51.982,-1.1,-0.120174,0.175938
51.984,-1.1,-0.119267,0.171035
51.986,-1.1,-0.118864,0.1664
51.988,-1.1,-0.119771,0.162009
51.99,-1.1,-0.119267,0.157848
51.992,-1.1,-0.118864,0.153891
51.994,-1.1,-0.11957,0.150111
51.996,-1.1,-0.11967,0.146527
51.998,-1.1,-0.118864,0.143123
52,-1,-0.118965,0.139863
52.002,-1,-0.108388,0.136739
52.004,-1,-0.10728,0.13376
52.006,-1,-0.107985,0.130906
52.008,-1,-0.10869,0.128168
52.01,-1,-0.107885,0.125548
52.012,-1,-0.107381,0.123025
52.014,-1,-0.107179,0.120606
52.016,-1,-0.107482,-0.118293
52.018,-1,-0.107885,-0.116047
52.02,-1,-0.107582,-0.11389
52.022,-1,-0.107179,-0.11182
52.024,-1,-0.108187,-0.109815
52.026,-1,-0.108187,-0.10789
52.028,-1,-0.107885,-0.106026
52.03,-1,-0.107381,-0.104219
52.032,-1,-0.106676,-0.102479
52.034,-1,-0.10728,-0.0265004
52.036,-1,-0.107179,-0.0265004
52.038,-1,-0.106172,-0.0265004
52.04,-1,-0.107179,-0.0265004
52.042,-1,-0.106474,-0.0265004
52.044,-1,-0.106676,-0.0265004
52.046,-1,-0.106273,-0.0265004
52.048,-1,-0.106978,-0.0265004
52.05,-1,-0.105568,-0.0265004
52.052,-1,-0.105769,-0.0265004
52.054,-1,-0.10587,-0.0265004
52.056,-1,-0.105769,-0.0265004
52.058,-1,-0.105366,-0.0265004
52.06,-1,-0.105165,-0.0265004
52.062,-1,-0.111612,-0.0265004
52.064,-1,-0.110504,-0.0265004
52.066,-1,-0.109396,-0.0265004
52.068,-1,-0.108791,-0.0265004
52.07,-1,-0.11,-0.0265004
52.072,-1,-0.107885,-0.0265004
52.074,-1,-0.109396,-0.0265004
52.076,-1,-0.108791,-0.0265004
52.078,-1,-0.108187,-0.0265004
52.08,-1,-0.108388,-0.0265004
52.082,-1,-0.108288,-0.0265004
52.084,-1,-0.107482,-0.0265004
52.086,-1,-0.10728,-0.0265004
52.088,-1,-0.107179,-0.0265004
52.09,-1,-0.107582,-0.0265004
52.092,-1,-0.107683,-0.0265004
52.094,-1,-0.108892,-0.0265004
52.096,-1,-0.107885,-0.0265004
52.098,-1,-0.107381,-0.0265004
52.1,-1,-0.108086,-0.0265004
52.102,-1,-0.108288,-0.0265004
52.104,-1,-0.107985,-0.0265004
52.106,-1,-0.108187,-0.0265004
52.108,-1,-0.108388,-0.0265004
52.11,-1,-0.108791,-0.0265004
52.112,-1,-0.108187,-0.0265004
52.114,-1,-0.108288,-0.0265004
52.116,-1,-0.108288,-0.0265004
52.118,-1,-0.108086,-0.0265004
52.12,-1,-0.109093,-0.0265004
52.122,-1,-0.10859,-0.0265004
52.124,-1,-0.107985,-0.0265004
52.126,-1,-0.108288,-0.0265004
52.128,-1,-0.108791,-0.0265004
52.13,-1,-0.108187,-0.0265004
52.132,-1,-0.108791,-0.0265004
52.134,-1,-0.107582,-0.0265004
52.136,-1,-0.108791,-0.0265004
52.138,-1,-0.109093,-0.0265004
52.14,-1,-0.10869,-0.0265004
52.142,-1,-0.108489,-0.0265004
52.144,-1,-0.109093,-0.0265004
52.146,-1,-0.108086,-0.0265004
52.148,-1,-0.107885,-0.0265004
52.15,-1,-0.10869,-0.0265004
52.152,-1,-0.107683,-0.0265004
52.154,-1,-0.107784,-0.0265004
52.156,-1,-0.107885,-0.0265004
52.158,-1,-0.108892,-0.0265004
52.16,-1,-0.109295,-0.0265004
52.162,-1,-0.109396,-0.0265004
52.164,-1,-0.107784,-0.0265004
52.166,-1,-0.10869,-0.0265004
52.168,-1,-0.10869,-0.0265004
52.17,-1,-0.108388,-0.0265004
52.172,-1,-0.109194,-0.0265004
52.174,-1,-0.10869,-0.0265004
52.176,-1,-0.108892,-0.0265004
52.178,-1,-0.10869,-0.0265004
52.18,-1,-0.10869,-0.0265004
52.182,-1,-0.109194,-0.0265004
52.184,-1,-0.109194,-0.0265004
52.186,-1,-0.109396,-0.0265004
52.188,-1,-0.108791,-0.0265004
52.19,-1,-0.109093,-0.0265004
52.192,-1,-0.109093,-0.0265004
52.194,-1,-0.108489,-0.0265004
52.196,-1,-0.107784,-0.0265004
52.198,-1,-0.108388,-0.0265004
52.2,-1,-0.108187,-0.0265004
52.202,-1,-0.107885,-0.0265004
52.204,-1,-0.108288,-0.0265004
52.206,-1,-0.108993,-0.0265004
52.208,-1,-0.107885,-0.0265004
52.21,-1,-0.107784,-0.0265004
52.212,-1,-0.108086,-0.0265004
52.214,-1,-0.10859,-0.0265004
52.216,-1,-0.107179,-0.0265004
52.218,-1,-0.108388,-0.0265004
52.22,-1,-0.108086,-0.0265004
52.222,-1,-0.108187,-0.0265004
52.224,-1,-0.107985,-0.0265004
52.226,-1,-0.109396,-0.0265004
52.228,-1,-0.107885,-0.0265004
52.23,-1,-0.108388,-0.0265004
52.232,-1,-0.108288,-0.0265004
52.234,-1,-0.108791,-0.0265004
52.236,-1,-0.10869,-0.0265004
52.238,-1,-0.107784,-0.0265004
52.24,-1,-0.108288,-0.0265004
52.242,-1,-0.10859,-0.0265004
52.244,-1,-0.108993,-0.0265004
52.246,-1,-0.108086,-0.0265004
52.248,-1,-0.108288,-0.0265004
52.25,-1,-0.108187,-0.0265004
52.252,-1,-0.108288,-0.0265004
52.254,-1,-0.108288,-0.0265004
52.256,-1,-0.108489,-0.0265004
52.258,-1,-0.108892,-0.0265004
52.26,-1,-0.10869,-0.0265004
52.262,-1,-0.108489,-0.0265004
52.264,-1,-0.108086,-0.0265004
52.266,-1,-0.10869,-0.0265004
52.268,-1,-0.10869,-0.0265004
52.27,-1,-0.108892,-0.0265004
52.272,-1,-0.108288,-0.0265004
52.274,-1,-0.108993,-0.0265004
52.276,-1,-0.108288,-0.0265004
52.278,-1,-0.108892,-0.0265004
52.28,-1,-0.108791,-0.0265004
52.282,-1,-0.109093,-0.0265004
52.284,-1,-0.10869,-0.0265004
52.286,-1,-0.108086,-0.0265004
52.288,-1,-0.108489,-0.0265004
52.29,-1,-0.108791,-0.0265004
52.292,-1,-0.10859,-0.0265004
52.294,-1,-0.107985,-0.0265004
52.296,-1,-0.108993,-0.0265004
52.298,-1,-0.10859,-0.0265004
52.3,-1,-0.108288,-0.0265004
52.302,-1,-0.109093,-0.0265004
52.304,-1,-0.10869,-0.0265004
52.306,-1,-0.10869,-0.0265004
52.308,-1,-0.108892,-0.0265004
52.31,-1,-0.109093,-0.0265004
52.312,-1,-0.109194,-0.0265004
52.314,-1,-0.10859,-0.0265004
52.316,-1,-0.109194,-0.0265004
52.318,-1,-0.10869,-0.0265004
52.32,-1,-0.10859,-0.0265004
52.322,-1,-0.108993,-0.0265004
52.324,-1,-0.107784,-0.0265004
52.326,-1,-0.108892,-0.0265004
52.328,-1,-0.107784,-0.0265004
52.33,-1,-0.10859,-0.0265004
52.332,-1,-0.108187,-0.0265004
52.334,-1,-0.107582,-0.0265004
52.336,-1,-0.10869,-0.0265004
52.338,-1,-0.109093,-0.0265004
52.34,-1,-0.109093,-0.0265004
52.342,-1,-0.108187,-0.0265004
52.344,-1,-0.109194,-0.0265004
52.346,-1,-0.10859,-0.0265004
52.348,-1,-0.108892,-0.0265004
52.35,-1,-0.109799,-0.0265004
52.352,-1,-0.10869,-0.0265004
52.354,-1,-0.10859,-0.0265004
52.356,-1,-0.108489,-0.0265004
52.358,-1,-0.10859,-0.0265004
52.36,-1,-0.109194,-0.0265004
52.362,-1,-0.108187,-0.0265004
52.364,-1,-0.108489,-0.0265004
52.366,-1,-0.10869,-0.0265004
52.368,-1,-0.108892,-0.0265004
52.37,-1,-0.107885,-0.0265004
52.372,-1,-0.108892,-0.0265004
52.374,-1,-0.108388,-0.0265004
52.376,-1,-0.109396,-0.0265004
52.378,-1,-0.108993,-0.0265004
52.38,-1,-0.109597,-0.0265004
52.382,-1,-0.107985,-0.0265004
52.384,-1,-0.108489,-0.0265004
52.386,-1,-0.109295,-0.0265004
52.388,-1,-0.108086,-0.0265004
52.39,-1,-0.10869,-0.0265004
52.392,-1,-0.108892,-0.0265004
52.394,-1,-0.10869,-0.0265004
52.396,-1,-0.108388,-0.0265004
52.398,-1,-0.108288,-0.0265004
52.4,-1,-0.108993,-0.0265004
52.402,-1,-0.108187,-0.0265004
52.404,-1,-0.107683,-0.0265004
52.406,-1,-0.109093,-0.0265004
52.408,-1,-0.108086,-0.0265004
52.41,-1,-0.109396,-0.0265004
52.412,-1,-0.109194,-0.0265004
52.414,-1,-0.108993,-0.0265004
52.416,-1,-0.108187,-0.0265004
52.418,-1,-0.109194,-0.0265004
52.42,-1,-0.109799,-0.0265004
52.422,-1,-0.108993,-0.0265004
52.424,-1,-0.109194,-0.0265004
52.426,-1,-0.109093,-0.0265004
52.428,-1,-0.109194,-0.0265004
52.43,-1,-0.109396,-0.0265004
52.432,-1,-0.107985,-0.0265004
52.434,-1,-0.10859,-0.0265004
52.436,-1,-0.108489,-0.0265004
52.438,-1,-0.109093,-0.0265004
52.44,-1,-0.108993,-0.0265004
52.442,-1,-0.107683,-0.0265004
52.444,-1,-0.109093,-0.0265004
52.446,-1,-0.10859,-0.0265004
52.448,-1,-0.108791,-0.0265004
52.45,-1,-0.108388,-0.0265004
52.452,-1,-0.11,-0.0265004
52.454,-1,-0.109698,-0.0265004
52.456,-1,-0.107885,-0.0265004
52.458,-1,-0.10859,-0.0265004
52.46,-1,-0.109093,-0.0265004
52.462,-1,-0.108288,-0.0265004
52.464,-1,-0.109597,-0.0265004
52.466,-1,-0.109799,-0.0265004
52.468,-1,-0.108993,-0.0265004
52.47,-1,-0.108993,-0.0265004
52.472,-1,-0.108489,-0.125102
52.474,-1,-0.11,-0.125102
52.476,-1,-0.109093,-0.125102
52.478,-1,-0.108892,-0.125102
52.48,-1,-0.109496,-0.125102
52.482,-1,-0.109093,-0.125102
52.484,-1,-0.109698,-0.125102
52.486,-1,-0.109597,-0.125102
52.488,-1,-0.109799,-0.125102
52.49,-1,-0.109799,-0.125102
52.492,-1,-0.108489,-0.125102
52.494,-1,-0.109396,-0.125102
52.496,-1,-0.109799,-0.125102
52.498,-1,-0.108086,-0.125102
52.5,-1,-0.109698,-0.125102
52.502,-1,-0.109799,-0.125102
52.504,-1,-0.108892,-0.125102
52.506,-1,-0.10869,-0.125102
52.508,-1,-0.109597,-0.125102
52.51,-1,-0.109799,-0.125102
52.512,-1,-0.110201,-0.125102
52.514,-1,-0.110302,-0.125102
52.516,-1,-0.109295,-0.125102
52.518,-1,-0.109899,-0.125102
52.52,-1,-0.109396,-0.125102
52.522,-1,-0.109194,-0.125102
52.524,-1,-0.110705,-0.125102
52.526,-1,-0.110101,-0.125102
52.528,-1,-0.109899,0.0272884
52.53,-1,-0.110201,0.0272884
52.532,-1,-0.108993,0.0272884
52.534,-1,-0.11,0.0272884
52.536,-1,-0.109698,0.0272884
52.538,-1,-0.108993,0.0272884
52.54,-1,-0.109899,0.0272884
52.542,-1,-0.110201,0.0272884
52.544,-1,-0.11,0.0272884
52.546,-1,-0.109799,0.0272884
52.548,-1,-0.10869,0.0272884
52.55,-1,-0.109597,0.0272884
52.552,-1,-0.108993,0.0272884
52.554,-1,-0.109698,0.0272884
52.556,-1,-0.10859,0.0272884
52.558,-1,-0.108892,0.0272884
52.56,-1,-0.108791,0.0272884
52.562,-1,-0.109496,0.0272884
52.564,-1,-0.10859,0.0272884
52.566,-1,-0.109295,0.0272884
52.568,-1,-0.109093,0.0272884
52.57,-1,-0.108892,0.0272884
52.572,-1,-0.108993,0.0272884
52.574,-1,-0.109295,0.0272884
52.576,-1,-0.10859,0.0272884
52.578,-1,-0.108791,0.0272884
52.58,-1,-0.108993,0.0272884
52.582,-1,-0.108791,0.0272884
52.584,-1,-0.109597,0.0272884
52.586,-1,-0.10869,0.0272884
52.588,-1,-0.107985,0.0272884
52.59,-1,-0.108187,0.0272884
52.592,-1,-0.107683,0.0272884
52.594,-1,-0.10728,0.0272884
52.596,-1,-0.107985,0.0272884
52.598,-1,-0.107985,0.0272884
52.6,-1,-0.108489,0.0272884
52.602,-1,-0.10859,0.0272884
52.604,-1,-0.107885,0.0272884
52.606,-1,-0.106777,0.0272884
52.608,-1,-0.107482,0.0272884
52.61,-1,-0.106978,0.0272884
52.612,-1,-0.106676,0.0272884
52.614,-1,-0.106374,-0.237708
52.616,-1,-0.106575,-0.237708
52.618,-1,-0.106777,-0.237708
52.62,-1,-0.106474,-0.237708
52.622,-1,-0.105568,-0.237708
52.624,-1,-0.106071,-0.237708
52.626,-1,-0.105568,-0.237708
52.628,-1,-0.105668,-0.237708
52.63,-1,-0.105568,-0.237708
52.632,-1,-0.104863,-0.237708
52.634,-1,-0.105266,-0.237708
52.636,-1,-0.105366,-0.237708
52.638,-1,-0.104762,-0.237708
52.64,-1,-0.105266,-0.237708
52.642,-1,-0.104863,-0.237708
52.644,-1,-0.104359,-0.16304
52.646,-1,-0.104863,-0.16304
52.648,-1,-0.103755,-0.16304
52.65,-1,-0.103855,-0.16304
52.652,-1,-0.103452,-0.16304
52.654,-1,-0.104057,-0.16304
52.656,-1,-0.103956,-0.16304
52.658,-1,-0.106071,-0.16304
52.66,-1,-0.108489,-0.16304
52.662,-1,-0.109496,-0.16304
52.664,-1,-0.109093,-0.16304
52.666,-1,-0.10869,-0.16304
52.668,-1,-0.108288,-0.16304
52.67,-1,-0.107985,-0.16304
52.672,-1,-0.108187,-0.16304
52.674,-1,-0.108892,-0.16304
52.676,-1,-0.107885,-0.16304
52.678,-1,-0.107885,-0.16304
52.68,-1,-0.107985,-0.16304
52.682,-1,-0.107079,-0.16304
52.684,-1,-0.107683,-0.16304
52.686,-1,-0.109799,-0.16304
52.688,-1,-0.109396,-0.16304
52.69,-1,-0.108489,-0.16304
52.692,-1,-0.10859,-0.16304
52.694,-1,-0.107885,-0.16304
52.696,-1,-0.107885,-0.16304
52.698,-1,-0.108892,-0.16304
52.7,-1,-0.107985,-0.16304
52.702,-1,-0.107381,-0.16304
52.704,-1,-0.107885,-0.16304
52.706,-1,-0.108388,-0.16304
52.708,-1,-0.107784,-0.16304
52.71,-1,-0.109194,-0.16304
52.712,-1,-0.10859,-0.16304
52.714,-1,-0.10869,-0.16304
52.716,-1,-0.109698,-0.16304
52.718,-1,-0.107985,-0.161834
52.72,-1,-0.107784,-0.15767
52.722,-1,-0.108288,-0.153744
52.724,-1,-0.107985,-0.149968
52.726,-1,-0.108187,-0.146401
52.728,-1,-0.108187,-0.142975
52.73,-1,-0.107985,-0.139731
52.732,-1,-0.108288,-0.136628
52.734,-1,-0.109194,-0.133639
52.736,-1,-0.108892,-0.130787
52.738,-1,-0.108187,-0.128061
52.74,-1,-0.108187,-0.125439
52.742,-1,-0.109295,-0.122934
52.744,-1,-0.107683,-0.120517
52.746,-1,-0.107885,-0.118191
52.748,-1,-0.107985,-0.115965
52.75,-1,-0.108187,-0.113808
52.752,-1,-0.108791,-0.111738
52.754,-1,-0.108288,-0.109746
52.756,-1,-0.10869,-0.107809
52.758,-1,-0.107985,-0.10595
52.76,-1,-0.108086,-0.10415
52.762,-1,-0.10859,-0.102409
52.764,-1,-0.108388,-0.100733
52.766,-1,-0.107885,-0.0991035
52.768,-1,-0.108489,-0.097532
52.77,-1,-0.108489,-0.0960027
52.772,-1,-0.108288,-0.0945227
52.774,-1,-0.108187,-0.0930931
52.776,-1,-0.108489,-0.0916961
52.778,-1,-0.108388,-0.0903496
52.78,-1,-0.107582,-0.0890368
52.782,-1,-0.107582,-0.0877616
52.784,-1,-0.108187,-0.0865279
52.786,-1,-0.108086,-0.0853286
52.788,-1,-0.109396,-0.084151
52.79,-1,-0.108288,-0.0830163
52.792,-1,-0.108791,-0.0819058
52.794,-1,-0.107985,-0.0808293
52.796,-1,-0.109194,-0.0797808
52.798,-1,-0.108187,-0.078751
52.8,-1,-0.107985,-0.0772658
52.802,-1,-0.10859,-0.0763027
52.804,-1,-0.108489,-0.0753677
52.806,-1,-0.108791,-0.0744512
52.808,-1,-0.10869,-0.0735618
52.81,-1,-0.108086,-0.0726904
52.812,-1,-0.108086,-0.0718394
52.814,-1,-0.108791,-0.071008
52.816,-1,-0.108086,-0.0701957
52.818,-1,-0.108489,-0.0693989
52.82,-1,-0.108388,-0.0686251
52.822,-1,-0.108489,-0.0678643
52.824,-1,-0.108086,-0.0671217
52.826,-1,-0.107381,-0.0663974
52.828,-1,-0.109295,-0.0656852
52.83,-1,-0.108489,-0.0649904
52.832,-1,-0.108086,-0.0643109
52.834,-1,-0.10869,-0.0636411
52.836,-1,-0.10869,-0.0629869
52.838,-1,-0.108288,-0.0623489
52.84,-1,-0.107985,-0.0617208
52.842,-1,-0.107985,-0.0611078
52.844,-1,-0.10869,-0.0605025
52.846,-1,-0.10869,-0.0599125
52.848,-1,-0.10859,-0.059335
52.85,-1,-0.107885,-0.0587645
52.852,-1,-0.108791,-0.0582089
52.854,-1,-0.108791,-0.0576612
52.856,-1,-0.108288,-0.0571233
52.858,-1,-0.108086,-0.0565982
52.86,-1,-0.107885,-0.0560798
52.862,-1,-0.107885,-0.0555714
52.864,-1,-0.107582,-0.0550721
52.866,-1,-0.108288,-0.0545824
52.868,-1,-0.108086,-0.0541027
52.87,-1,-0.108187,-0.0536281
52.872,-1,-0.108993,-0.0531648
52.874,-1,-0.108489,-0.0527087
52.876,-1,-0.108892,-0.0522597
52.878,-1,-0.108892,-0.0518174
52.88,-1,-0.10869,-0.0513829
52.882,-1,-0.107683,-0.0509575
52.884,-1,-0.109496,-0.0505368
52.886,-1,-0.109295,-0.0501242
52.888,-1,-0.108892,-0.0497174
52.89,-1,-0.107784,-0.049319
52.892,-1,-0.108993,-0.0489253
52.894,-1,-0.108993,-0.0485391
52.896,-1,-0.10869,-0.0481566
52.898,-1,-0.108489,-0.0477827
52.9,-1,-0.108288,-0.0474127
52.902,-1,-0.109194,-0.0470502
52.904,-1,-0.108086,-0.0466918
52.906,-1,-0.108288,-0.0463402
52.908,-1,-0.108288,-0.0459911
52.91,-1,-0.108288,-0.04565
52.912,-1,-0.108288,-0.0453123
52.914,-1,-0.108288,-0.0449797
52.916,-1,-0.107885,-0.0446531
52.918,-1,-0.107885,-0.0443306
52.92,-1,-0.10859,-0.0440116
52.922,-1,-0.108288,-0.0436989
52.924,-1,-0.107885,-0.04339
52.926,-1,-0.108489,-0.0430845
52.928,-1,-0.108086,-0.0427842
52.93,-1,-0.10869,-0.0424883
52.932,-1,-0.108086,-0.0421969
52.934,-1,-0.108791,-0.0419075
52.936,-1,-0.109698,-0.0416242
52.938,-1,-0.107784,-0.0413433
52.94,-1,-0.108489,-0.0410661
52.942,-1,-0.108187,-0.0407939
52.944,-1,-0.10859,-0.0405241
52.946,-1,-0.107885,-0.0402579
52.948,-1,-0.10869,-0.0399961
52.95,-1,-0.108288,-0.0397368
52.952,-1,-0.108288,-0.0394807
52.954,-1,-0.108288,-0.0392291
52.956,-1,-0.108791,-0.0389798
52.958,-1,-0.109194,-0.0387332
52.96,-1,-0.108892,-0.038491
52.962,-1,-0.108489,-0.0382507
52.964,-1,-0.108489,-0.0380134
52.966,-1,-0.107985,-0.0377796
52.968,-1,-0.109295,-0.0375481
52.97,-1,-0.107985,-0.0373195
52.972,-1,-0.108892,-0.0370946
52.974,-1,-0.107683,-0.036871
52.976,-1,-0.108288,-0.0366514
52.978,-1,-0.10859,-0.0364335
52.98,-1,-0.107683,-0.036219
52.982,-1,-0.107784,-0.0360061
52.984,-1,-0.107985,-0.0357963
52.986,-1,-0.108791,-0.0355883
52.988,-1,-0.108086,-0.0353828
52.99,-1,-0.108187,-0.0351799
52.992,-1,-0.108388,-0.03498
52.994,-1,-0.108288,-0.0347815
52.996,-1,-0.107482,-0.034586
52.998,-1,-0.106978,-0.0343919
53,-0.9,-0.10869,-0.0341998
53.002,-0.9,-0.095293,-0.0340101
53.004,-0.9,-0.0951923,-0.0338223
53.006,-0.9,-0.0954945,-0.0336375
53.008,-0.9,-0.0950916,-0.0334542
53.01,-0.9,-0.0954945,-0.0332725
53.012,-0.9,-0.0955952,-0.0330936
53.014,-0.9,-0.0954945,-0.0329154
53.016,-0.9,-0.0953938,-0.0327399
53.018,-0.9,-0.0960989,-0.032567
53.02,-0.9,-0.0954945,-0.0323943
53.022,-0.9,-0.0958974,-0.0322237
53.024,-0.9,-0.0955952,-0.0320554
53.026,-0.9,-0.0964011,-0.031889
53.028,-0.9,-0.0957967,-0.0317247
53.03,-0.9,-0.0964011,-0.031561
53.032,-0.9,-0.0961996,-0.0313995
53.034,-0.9,-0.097207,-0.0312401
53.036,-0.9,-0.0969048,-0.0310816
53.038,-0.9,-0.0966026,-0.0309248
53.04,-0.9,-0.0967033,-0.0307695
53.042,-0.9,-0.0966026,-0.57403
53.044,-0.9,-0.0958974,-0.57403
53.046,-0.9,-0.0958974,-0.57403
53.048,-0.9,-0.097207,-0.57403
53.05,-0.9,-0.0967033,-0.57403
53.052,-0.9,-0.0965018,-0.57403
53.054,-0.9,-0.0965018,-0.57403
53.056,-0.9,-0.0966026,-0.57403
53.058,-0.9,-0.0961996,-0.57403
53.06,-0.9,-0.0969048,-0.57403
53.062,-0.9,-0.0960989,-0.57403
53.064,-0.9,-0.0967033,0.530564
53.066,-0.9,-0.0967033,0.488286
53.068,-0.9,-0.0969048,0.452389
53.07,-0.9,-0.0973077,0.421296
53.072,-0.9,-0.097207,0.394239
53.074,-0.9,-0.0969048,0.370443
53.076,-0.9,-0.096804,0.349361
53.078,-0.9,-0.0970055,0.330544
53.08,-0.9,-0.097207,0.313584
53.082,-0.9,-0.097207,0.298368
53.084,-0.9,-0.0969048,0.284515
53.086,-0.9,-0.0973077,0.271946
53.088,-0.9,-0.0980128,0.260407
53.09,-0.9,-0.0976099,0.249771
53.092,-0.9,-0.0976099,0.0291977
53.094,-0.9,-0.0970055,0.0291977
53.096,-0.9,-0.0973077,0.0291977
53.098,-0.9,-0.0979121,0.0291977
53.1,-0.9,-0.0973077,0.0291977
53.102,-0.9,-0.0971062,0.0291977
53.104,-0.9,-0.0966026,0.0291977
53.106,-0.9,-0.0985165,0.0291977
53.108,-0.9,-0.097207,0.0291977
53.11,-0.9,-0.096804,0.0291977
53.112,-0.9,-0.0970055,0.0291977
53.114,-0.9,-0.0974084,0.0291977
53.116,-0.9,-0.0978114,0.0291977
53.118,-0.9,-0.0973077,0.0291977
53.12,-0.9,-0.0967033,0.0291977
53.122,-0.9,-0.0977106,0.0291977
53.124,-0.9,-0.0967033,0.0291977
53.126,-0.9,-0.0979121,0.0291977
53.128,-0.9,-0.0981136,0.0291977
53.13,-0.9,-0.0975092,0.310949
53.132,-0.9,-0.0975092,0.310949
53.134,-0.9,-0.0969048,0.310949
53.136,-0.9,-0.0974084,0.310949
53.138,-0.9,-0.097207,0.310949
53.14,-0.9,-0.0964011,0.310949
53.142,-0.9,-0.0970055,0.310949
53.144,-0.9,-0.0958974,0.310949
53.146,-0.9,-0.097207,0.310949
53.148,-0.9,-0.0969048,0.310949
53.15,-0.9,-0.097207,0.310949
53.152,-0.9,-0.0957967,0.310949
53.154,-0.9,-0.0966026,0.310949
53.156,-0.9,-0.095293,0.310949
53.158,-0.9,-0.0970055,0.310949
53.16,-0.9,-0.0959982,0.310949
53.162,-0.9,-0.0961996,0.310949
53.164,-0.9,-0.0966026,0.310949
53.166,-0.9,-0.0964011,0.310949
53.168,-0.9,-0.0966026,0.310949
53.17,-0.9,-0.0954945,0.303498
53.172,-0.9,-0.095293,0.289203
53.174,-0.9,-0.0957967,0.276194
53.176,-0.9,-0.0953938,0.264294
53.178,-0.9,-0.0957967,0.253388
53.18,-0.9,-0.0950916,0.243345
53.182,-0.9,-0.0950916,0.234066
53.184,-0.9,-0.095293,0.225448
53.186,-0.9,-0.0955952,0.217465
53.188,-0.9,-0.0942857,0.210026
53.19,-0.9,-0.0955952,0.203049
53.192,-0.9,-0.0948901,0.196549
53.194,-0.9,-0.0943864,0.190462
53.196,-0.9,-0.0932784,0.184717
53.198,-0.9,-0.0944872,0.179324
53.2,-0.9,-0.094185,0.272717
53.202,-0.9,-0.0942857,0.272717
53.204,-0.9,-0.0938828,0.272717
53.206,-0.9,-0.0943864,0.272717
53.208,-0.9,-0.0944872,0.272717
53.21,-0.9,-0.0936813,0.272717
53.212,-0.9,-0.0940842,0.272717
53.214,-0.9,-0.094185,0.272717
53.216,-0.9,-0.0936813,0.272717
53.218,-0.9,-0.0932784,0.272717
53.22,-0.9,-0.0927747,0.272717
53.222,-0.9,-0.0931777,0.272717
53.224,-0.9,-0.0928755,0.272717
53.226,-0.9,-0.0927747,0.272717
53.228,-0.9,-0.0923718,0.272717
53.23,-0.9,-0.0923718,0.272717
53.232,-0.9,-0.0923718,0.272717
53.234,-0.9,-0.092674,-0.19158
53.236,-0.9,-0.0921703,-0.19158
53.238,-0.9,-0.0918681,-0.19158
53.24,-0.9,-0.0916667,-0.19158
53.242,-0.9,-0.0922711,-0.19158
53.244,-0.9,-0.0919689,-0.19158
53.246,-0.9,-0.091163,-0.19158
53.248,-0.9,-0.0915659,-0.19158
53.25,-0.9,-0.0912637,-0.19158
53.252,-0.9,-0.0907601,-0.532231
53.254,-0.9,-0.0915659,-0.532231
53.256,-0.9,-0.0907601,-0.532231
53.258,-0.9,-0.091163,-0.532231
53.26,-0.9,-0.0913645,-0.532231
53.262,-0.9,-0.0908608,-0.532231
53.264,-0.9,-0.0984158,-0.532231
53.266,-0.9,-0.0978114,-0.532231
53.268,-0.9,-0.0970055,-0.532231
53.27,-0.9,-0.096804,-0.532231
53.272,-0.9,-0.0971062,-0.532231
53.274,-0.9,-0.096804,-0.532231
53.276,-0.9,-0.0969048,-0.504117
53.278,-0.9,-0.0961996,-0.465941
53.28,-0.9,-0.0961996,-0.433019
53.282,-0.9,-0.0951923,-0.40443
53.284,-0.9,-0.0961996,-0.379439
53.286,-0.9,-0.0954945,-0.357355
53.288,-0.9,-0.0950916,-0.337709
53.29,-0.9,-0.0946886,-0.320064
53.292,-0.9,-0.0940842,-0.304181
53.294,-0.9,-0.0947894,-0.289825
53.296,-0.9,-0.0940842,-0.276792
53.298,-0.9,-0.0964011,-0.264807
53.3,-0.9,-0.0950916,-0.253861
53.302,-0.9,-0.0948901,-0.243765
53.304,-0.9,-0.095293,-0.234481
53.306,-0.9,-0.0951923,-0.225816
53.308,-0.9,-0.0954945,-0.217814
53.31,-0.9,-0.0965018,-0.210343
53.312,-0.9,-0.095696,-0.203391
53.314,-0.9,-0.0964011,-0.196857
53.316,-0.9,-0.0954945,-0.190732
53.318,-0.9,-0.0963004,-0.184974
53.32,-0.9,-0.095696,-0.17959
53.322,-0.9,-0.0954945,-0.174456
53.324,-0.9,-0.0954945,-0.169638
53.326,-0.9,-0.0953938,-0.165069
53.328,-0.9,-0.0951923,-0.160758
53.33,-0.9,-0.0960989,-0.156648
53.332,-0.9,-0.0955952,-0.152744
53.334,-0.9,-0.0955952,-0.149046
53.336,-0.9,-0.095293,-0.145506
53.338,-0.9,-0.0948901,-0.142133
53.34,-0.9,-0.0954945,-0.13892
53.342,-0.9,-0.0949908,-0.135841
53.344,-0.9,-0.0951923,-0.132903
53.346,-0.9,-0.0953938,-0.130082
53.348,-0.9,-0.095696,-0.127378
53.35,-0.9,-0.0955952,-0.124794
53.352,-0.9,-0.0958974,-0.122297
53.354,-0.9,-0.095696,-0.119914
53.356,-0.9,-0.095696,-0.117613
53.358,-0.9,-0.0961996,-0.115406
53.36,-0.9,-0.0960989,-0.11327
53.362,-0.9,-0.0960989,-0.111222
53.364,-0.9,-0.0955952,-0.109239
53.366,-0.9,-0.0961996,-0.107326
53.368,-0.9,-0.095696,-0.105486
53.37,-0.9,-0.0957967,-0.103696
53.372,-0.9,-0.0954945,-0.101979
53.374,-0.9,-0.0960989,-0.10031
53.376,-0.9,-0.0960989,-0.0986943
53.378,-0.9,-0.0959982,-0.0971362
53.38,-0.9,-0.0955952,-0.0956204
53.382,-0.9,-0.0945879,-0.094151
53.384,-0.9,-0.0961996,-0.0927327
53.386,-0.9,-0.0957967,-0.0913463
53.388,-0.9,-0.0946886,-0.0900065
53.39,-0.9,-0.0957967,-0.0887083
53.392,-0.9,-0.0963004,-0.0874414
53.394,-0.9,-0.095696,-0.0862156
53.396,-0.9,-0.0955952,-0.0850185
53.398,-0.9,-0.0959982,-0.0838587
53.4,-0.9,-0.0954945,-0.0827304
53.402,-0.9,-0.0954945,-0.081625
53.404,-0.9,-0.095293,-0.0805534
53.406,-0.9,-0.095293,-0.0795117
53.408,-0.9,-0.0957967,-0.0784938
53.41,-0.9,-0.0957967,-0.0775052
53.412,-0.9,-0.0955952,-0.0765384
53.414,-0.9,-0.095293,-0.0755955
53.416,-0.9,-0.0954945,-0.0746754
53.418,-0.9,-0.0958974,-0.0737747
53.42,-0.9,-0.0959982,-0.0729007
53.422,-0.9,-0.0951923,-0.0720425
53.424,-0.9,-0.0957967,-0.0712062
53.426,-0.9,-0.0955952,-0.0703907
53.428,-0.9,-0.0950916,-0.0695927
53.43,-0.9,-0.0958974,-0.0688105
53.432,-0.9,-0.0945879,-0.0680497
53.434,-0.9,-0.095696,-0.0673023
53.436,-0.9,-0.0964011,-0.0665712
53.438,-0.9,-0.0958974,-0.0658559
53.44,-0.9,-0.0951923,-0.0651584
53.442,-0.9,-0.0961996,-0.0644729
53.444,-0.9,-0.0958974,-0.0638014
53.446,-0.9,-0.0955952,-0.0631465
53.448,-0.9,-0.0963004,-0.0625053
53.45,-0.9,-0.0951923,-0.0618724
53.452,-0.9,-0.0953938,-0.0612558
53.454,-0.9,-0.0955952,-0.0606508
53.456,-0.9,-0.0953938,-0.0600549
53.458,-0.9,-0.0958974,-0.0594744
53.46,-0.9,-0.0955952,-0.0589037
53.462,-0.9,-0.095293,-0.0583418
53.464,-0.9,-0.0953938,-0.0577927
53.466,-0.9,-0.095293,-0.0572537
53.468,-0.9,-0.0960989,-0.0567238
53.47,-0.9,-0.0957967,-0.0562059
53.472,-0.9,-0.0953938,-0.0556947
53.474,-0.9,-0.0946886,-0.055193
53.476,-0.9,-0.0954945,-0.0547026
53.478,-0.9,-0.0949908,-0.0542186
53.48,-0.9,-0.0959982,-0.0537433
53.482,-0.9,-0.0970055,-0.0532769
53.484,-0.9,-0.095696,-0.0528175
53.486,-0.9,-0.0963004,-0.0523681
53.488,-0.9,-0.0961996,-0.0519244
53.49,-0.9,-0.0958974,-0.05149
53.492,-0.9,-0.0954945,-0.0510606
53.494,-0.9,-0.0948901,-0.0506387
53.496,-0.9,-0.0953938,-0.0502244
53.498,-0.9,-0.095696,-0.0498161
53.5,-0.9,-0.0957967,-0.0494152
53.502,-0.9,-0.0959982,-0.0490199
53.504,-0.9,-0.0963004,-0.0486326
53.506,-0.9,-0.095696,-0.0482514
53.508,-0.9,-0.0950916,-0.0478731
53.51,-0.9,-0.095293,-0.0475031
53.512,-0.9,-0.0950916,-0.0471392
53.514,-0.9,-0.0957967,-0.0467776
53.516,-0.9,-0.0955952,-0.0464248
53.518,-0.9,-0.0950916,-0.0460756
53.52,-0.9,-0.0951923,-0.0457318
53.522,-0.9,-0.0955952,-0.0453933
53.524,-0.9,-0.0960989,-0.0450609
53.526,-0.9,-0.0955952,-0.0447315
53.528,-0.9,-0.0957967,-0.0444078
53.53,-0.9,-0.0954945,-0.0440894
53.532,-0.9,-0.0957967,-0.0437745
53.534,-0.9,-0.0957967,-0.0434641
53.536,-0.9,-0.0954945,-0.0431594
53.538,-0.9,-0.0957967,-0.0428589
53.54,-0.9,-0.0957967,-0.0425601
53.542,-0.9,-0.0955952,-0.0422673
53.544,-0.9,-0.0959982,-0.0419783
53.546,-0.9,-0.0954945,-0.0416926
53.548,-0.9,-0.0954945,-0.0414108
53.55,-0.9,-0.0953938,-0.0411337
53.552,-0.9,-0.095293,-0.0408594
53.554,-0.9,-0.0966026,-0.0405893
53.556,-0.9,-0.0958974,-0.0403231
53.558,-0.9,-0.0953938,-0.0400594
53.56,-0.9,-0.0961996,-0.0397998
53.562,-0.9,-0.0954945,-0.039543
53.564,-0.9,-0.0949908,-0.0392906
53.566,-0.9,-0.0949908,-0.0390395
53.568,-0.9,-0.0964011,-0.038793
53.57,-0.9,-0.095293,-0.0385497
53.572,-0.9,-0.095696,-0.0383087
53.574,-0.9,-0.095696,-0.0380707
53.576,-0.9,-0.0967033,-0.0378361
53.578,-0.9,-0.0953938,-0.0376049
53.58,-0.9,-0.0950916,-0.0373754
53.582,-0.9,-0.0969048,-0.0371488
53.584,-0.9,-0.0946886,-0.0369259
53.586,-0.9,-0.0955952,-0.0367056
53.588,-0.9,-0.095293,-0.0364864
53.59,-0.9,-0.0961996,-0.0362708
53.592,-0.9,-0.0955952,-0.0360574
53.594,-0.9,-0.095696,-0.0358465
53.596,-0.9,-0.0947894,-0.0356395
53.598,-0.9,-0.0948901,-0.0354327
53.6,-0.9,-0.095696,-0.0352299
53.602,-0.9,-0.0958974,-0.0350287
53.604,-0.9,-0.0957967,-0.0348292
53.606,-0.9,-0.0951923,-0.0346331
53.608,-0.9,-0.0955952,-0.0344385
53.61,-0.9,-0.0958974,-0.034246
53.612,-0.9,-0.0953938,-0.0340571
53.614,-0.9,-0.0961996,-0.0338684
53.616,-0.9,-0.0964011,-0.0336827
53.618,-0.9,-0.0954945,-0.0334992
53.62,-0.9,-0.0960989,-0.0333165
53.622,-0.9,-0.0963004,-0.0331364
53.624,-0.9,-0.0959982,-0.032959
53.626,-0.9,-0.0955952,-0.0327826
53.628,-0.9,-0.0957967,-0.0326081
53.63,-0.9,-0.0951923,-0.0324363
53.632,-0.9,-0.0960989,-0.0322653
53.634,-0.9,-0.0954945,-0.0320973
53.636,-0.9,-0.0958974,-0.0319298
53.638,-0.9,-0.095696,-0.031764
53.64,-0.9,-0.0955952,-0.0316008
53.642,-0.9,-0.0953938,-0.0314387
53.644,-0.9,-0.0960989,-0.031279
53.646,-0.9,-0.0955952,-0.0311197
53.648,-0.9,-0.096804,-0.0309632
53.65,-0.9,-0.0958974,-0.0308074
53.652,-0.9,-0.0958974,-0.0306533
53.654,-0.9,-0.0958974,-0.0305014
53.656,-0.9,-0.0959982,-0.0303503
53.658,-0.9,-0.0951923,-0.0302009
53.66,-0.9,-0.095696,-0.0300536
53.662,-0.9,-0.0964011,-0.0299067
53.664,-0.9,-0.0966026,-0.724805
53.666,-0.9,-0.0961996,-0.724805
53.668,-0.9,-0.0963004,-0.724805
53.67,-0.9,-0.0965018,-0.724805
53.672,-0.9,-0.0963004,-0.724805
53.674,-0.9,-0.0965018,-0.724805
53.676,-0.9,-0.0963004,-0.724805
53.678,-0.9,-0.0953938,-0.724805
53.68,-0.9,-0.0963004,0.705922
53.682,-0.9,-0.0965018,0.633008
53.684,-0.9,-0.0959982,0.573717
53.686,-0.9,-0.0965018,0.52481
53.688,-0.9,-0.0955952,0.483416
53.69,-0.9,-0.0959982,0.448069
53.692,-0.9,-0.0963004,0.417667
53.694,-0.9,-0.0966026,0.390934
53.696,-0.9,-0.0959982,0.367591
53.698,-0.9,-0.0957967,0.346789
53.7,-0.9,-0.0957967,0.328218
53.702,-0.9,-0.0964011,0.311607
53.704,-0.9,-0.0957967,0.296481
53.706,-0.9,-0.0960989,0.282872
53.708,-0.9,-0.0964011,0.270414
53.71,-0.9,-0.0961996,0.258947
53.712,-0.9,-0.097207,0.248495
53.714,-0.9,-0.0960989,0.238794
53.716,-0.9,-0.095293,0.22985
53.718,-0.9,-0.0961996,0.221557
53.72,-0.9,-0.0961996,0.213836
53.722,-0.9,-0.0961996,0.206638
53.724,-0.9,-0.0963004,0.199939
53.726,-0.9,-0.0966026,0.19361
53.728,-0.9,-0.0965018,0.187691
53.73,-0.9,-0.0966026,0.182122
53.732,-0.9,-0.0965018,0.17685
53.734,-0.9,-0.0960989,0.171899
53.736,-0.9,-0.0958974,0.167217
53.738,-0.9,-0.0954945,0.162783
53.74,-0.9,-0.0950916,0.158594
53.742,-0.9,-0.0957967,0.154582
53.744,-0.9,-0.0953938,0.150785
53.746,-0.9,-0.0954945,0.147175
53.748,-0.9,-0.0955952,0.143713
53.75,-0.9,-0.0957967,0.140425
53.752,-0.9,-0.0951923,0.137286
53.754,-0.9,-0.0953938,0.134281
53.756,-0.9,-0.0954945,0.131419
53.758,-0.9,-0.0948901,0.128655
53.76,-0.9,-0.0959982,0.126014
53.762,-0.9,-0.095696,0.12348
53.764,-0.9,-0.0946886,0.121034
53.766,-0.9,-0.0950916,0.118701
53.768,-0.9,-0.0950916,0.116441
53.77,-0.9,-0.0949908,0.114273
53.772,-0.9,-0.0948901,0.112186
53.774,-0.9,-0.095293,0.110171
53.776,-0.9,-0.0944872,0.108229
53.778,-0.9,-0.094185,0.106355
53.78,-0.9,-0.094185,0.104542
53.782,-0.9,-0.0940842,0.102791
53.784,-0.9,-0.0950916,0.0271379
53.786,-0.9,-0.0944872,0.0271379
53.788,-0.9,-0.0944872,0.0271379
53.79,-0.9,-0.0933791,0.0271379
53.792,-0.9,-0.0935806,0.0271379
53.794,-0.9,-0.0934799,0.0271379
53.796,-0.9,-0.0933791,0.0271379
53.798,-0.9,-0.0934799,0.0271379
53.8,-0.9,-0.0933791,0.0271379
53.802,-0.9,-0.0935806,0.0271379
53.804,-0.9,-0.0937821,0.0271379
53.806,-0.9,-0.094185,0.0271379
53.808,-0.9,-0.0943864,0.0271379
53.81,-0.9,-0.0937821,0.0271379
53.812,-0.9,-0.0929762,0.0271379
53.814,-0.9,-0.0958974,0.0271379
53.816,-0.9,-0.0940842,0.0271379
53.818,-0.9,-0.0948901,0.0271379
53.82,-0.9,-0.0954945,0.0271379
53.822,-0.9,-0.0950916,0.0271379
53.824,-0.9,-0.0953938,0.0271379
53.826,-0.9,-0.0954945,0.0271379
53.828,-0.9,-0.0950916,0.0271379
53.83,-0.9,-0.0955952,0.0271379
53.832,-0.9,-0.095293,0.0271379
53.834,-0.9,-0.0955952,0.0271379
53.836,-0.9,-0.0950916,0.0271379
53.838,-0.9,-0.0961996,0.0271379
53.84,-0.9,-0.0949908,0.0271379
53.842,-0.9,-0.0954945,0.0271379
53.844,-0.9,-0.0947894,0.0271379
53.846,-0.9,-0.0949908,0.0271379
53.848,-0.9,-0.0953938,0.0271379
53.85,-0.9,-0.0954945,0.0271379
53.852,-0.9,-0.0953938,0.0271379
53.854,-0.9,-0.0961996,0.0271379
53.856,-0.9,-0.0964011,0.0271379
53.858,-0.9,-0.0948901,0.0271379
53.86,-0.9,-0.0949908,0.0271379
53.862,-0.9,-0.0958974,0.0271379
53.864,-0.9,-0.0958974,0.0271379
53.866,-0.9,-0.0959982,0.0271379
53.868,-0.9,-0.0963004,0.0271379
53.87,-0.9,-0.095696,0.0271379
53.872,-0.9,-0.0957967,0.0271379
53.874,-0.9,-0.0958974,0.0271379
53.876,-0.9,-0.095696,0.0271379
53.878,-0.9,-0.0944872,0.0271379
53.88,-0.9,-0.0942857,0.0271379
53.882,-0.9,-0.0945879,0.0271379
53.884,-0.9,-0.0955952,0.0271379
53.886,-0.9,-0.095293,0.0271379
53.888,-0.9,-0.0959982,0.0271379
53.89,-0.9,-0.0951923,0.0271379
53.892,-0.9,-0.0953938,0.0271379
53.894,-0.9,-0.0960989,0.0271379
53.896,-0.9,-0.095293,0.0271379
53.898,-0.9,-0.0960989,0.0271379
53.9,-0.9,-0.0953938,0.0271379
53.902,-0.9,-0.0954945,0.0271379
53.904,-0.9,-0.0955952,0.0271379
53.906,-0.9,-0.0957967,0.0271379
53.908,-0.9,-0.0954945,0.0271379
53.91,-0.9,-0.095293,0.0271379
53.912,-0.9,-0.0954945,0.0271379
53.914,-0.9,-0.095293,0.0271379
53.916,-0.9,-0.0949908,0.0271379
53.918,-0.9,-0.0957967,0.0271379
53.92,-0.9,-0.0955952,0.0271379
53.922,-0.9,-0.0950916,0.0271379
53.924,-0.9,-0.095293,0.0271379
53.926,-0.9,-0.0959982,0.0271379
53.928,-0.9,-0.0960989,0.0271379
53.93,-0.9,-0.095696,0.0271379
53.932,-0.9,-0.095696,0.0271379
53.934,-0.9,-0.0957967,0.0271379
53.936,-0.9,-0.0963004,0.0271379
53.938,-0.9,-0.0954945,0.0271379
53.94,-0.9,-0.095293,0.0271379
53.942,-0.9,-0.095293,0.0271379
53.944,-0.9,-0.0965018,0.0271379
53.946,-0.9,-0.0963004,0.0271379
53.948,-0.9,-0.0958974,0.0271379
53.95,-0.9,-0.0953938,0.0271379
53.952,-0.9,-0.095293,0.0271379
53.954,-0.9,-0.0965018,0.0271379
53.956,-0.9,-0.0954945,0.0271379
53.958,-0.9,-0.0950916,0.0271379
53.96,-0.9,-0.0957967,0.0271379
53.962,-0.9,-0.0959982,0.0271379
53.964,-0.9,-0.095293,0.0271379
53.966,-0.9,-0.0949908,0.0271379
53.968,-0.9,-0.0963004,0.0271379
53.97,-0.9,-0.0955952,0.0271379
53.972,-0.9,-0.095696,0.0271379
53.974,-0.9,-0.0960989,0.0271379
53.976,-0.9,-0.095696,0.0271379
53.978,-0.9,-0.0955952,0.0271379
53.98,-0.9,-0.0949908,0.0271379
53.982,-0.9,-0.0953938,0.0271379
53.984,-0.9,-0.0963004,0.0271379
53.986,-0.9,-0.095293,0.0271379
53.988,-0.9,-0.0957967,0.0271379
53.99,-0.9,-0.0951923,0.0271379
53.992,-0.9,-0.0963004,0.0271379
53.994,-0.9,-0.0959982,0.0271379
53.996,-0.9,-0.0945879,0.0271379
53.998,-0.9,-0.0961996,0.0271379
54,-0.8,-0.0958974,0.0271379
54.002,-0.8,-0.0836081,0.0271379
54.004,-0.8,-0.0832051,0.0271379
54.006,-0.8,-0.0831044,0.0271379
54.008,-0.8,-0.084011,0.0271379
54.01,-0.8,-0.0832051,0.0271379
54.012,-0.8,-0.0836081,0.0271379
54.014,-0.8,-0.0835073,0.0271379
54.016,-0.8,-0.0836081,0.0271379
54.018,-0.8,-0.0841117,0.0271379
54.02,-0.8,-0.0834066,0.0271379
54.022,-0.8,-0.0830037,0.0271379
54.024,-0.8,-0.0827015,0.0271379
54.026,-0.8,-0.0842125,0.0271379
54.028,-0.8,-0.0835073,0.0271379
54.03,-0.8,-0.0833059,0.0271379
54.032,-0.8,-0.0826007,0.0271379
54.034,-0.8,-0.0828022,0.0271379
54.036,-0.8,-0.0836081,0.0271379
54.038,-0.8,-0.0837088,0.0271379
54.04,-0.8,-0.0838095,0.0271379
54.042,-0.8,-0.0834066,0.0271379
54.044,-0.8,-0.0834066,0.0271379
54.046,-0.8,-0.0835073,0.0271379
54.048,-0.8,-0.0838095,0.0271379
54.05,-0.8,-0.084011,0.0271379
54.052,-0.8,-0.0836081,0.0271379
54.054,-0.8,-0.0838095,0.0271379
54.056,-0.8,-0.0838095,0.0271379
54.058,-0.8,-0.0841117,0.0271379
54.06,-0.8,-0.0837088,0.0271379
54.062,-0.8,-0.0836081,0.0271379
54.064,-0.8,-0.0837088,0.0271379
54.066,-0.8,-0.0833059,0.0271379
54.068,-0.8,-0.0836081,0.0271379
54.07,-0.8,-0.0838095,0.0271379
54.072,-0.8,-0.0830037,0.0271379
54.074,-0.8,-0.0830037,0.0271379
54.076,-0.8,-0.0834066,0.0271379
54.078,-0.8,-0.0835073,0.0271379
54.08,-0.8,-0.0838095,0.0271379
54.082,-0.8,-0.0832051,0.0271379
54.084,-0.8,-0.0838095,0.0271379
54.086,-0.8,-0.0836081,0.0271379
54.088,-0.8,-0.0831044,0.0271379
54.09,-0.8,-0.0837088,0.0271379
54.092,-0.8,-0.0842125,0.0271379
54.094,-0.8,-0.0832051,0.0271379
54.096,-0.8,-0.0839103,0.0271379
54.098,-0.8,-0.0831044,0.0271379
54.1,-0.8,-0.0838095,0.0271379
54.102,-0.8,-0.0834066,0.0271379
54.104,-0.8,-0.0838095,0.0271379
54.106,-0.8,-0.0835073,0.0271379
54.108,-0.8,-0.0833059,0.0271379
54.11,-0.8,-0.0837088,0.0271379
54.112,-0.8,-0.0832051,0.0271379
54.114,-0.8,-0.0835073,0.0271379
54.116,-0.8,-0.0836081,0.0271379
54.118,-0.8,-0.0834066,0.0271379
54.12,-0.8,-0.0831044,0.0271379
54.122,-0.8,-0.0836081,0.0271379
54.124,-0.8,-0.0838095,0.0271379
54.126,-0.8,-0.0841117,0.0271379
54.128,-0.8,-0.0834066,0.0271379
54.13,-0.8,-0.0838095,0.0271379
54.132,-0.8,-0.0832051,0.0271379
54.134,-0.8,-0.0830037,0.0271379
54.136,-0.8,-0.0837088,0.0271379
54.138,-0.8,-0.0831044,0.0271379
54.14,-0.8,-0.0832051,0.0271379
54.142,-0.8,-0.0839103,0.0271379
54.144,-0.8,-0.0837088,0.0271379
54.146,-0.8,-0.0834066,0.0271379
54.148,-0.8,-0.0835073,0.0271379
54.15,-0.8,-0.0842125,0.0271379
54.152,-0.8,-0.0832051,0.0271379
54.154,-0.8,-0.0834066,0.0271379
54.156,-0.8,-0.0837088,0.0271379
54.158,-0.8,-0.0839103,0.0271379
54.16,-0.8,-0.0837088,0.0271379
54.162,-0.8,-0.0843132,0.0271379
54.164,-0.8,-0.0836081,0.0271379
54.166,-0.8,-0.0843132,0.0271379
54.168,-0.8,-0.0841117,0.0271379
54.17,-0.8,-0.0835073,0.0271379
54.172,-0.8,-0.0829029,0.0271379
54.174,-0.8,-0.0830037,0.0271379
54.176,-0.8,-0.0833059,0.0271379
54.178,-0.8,-0.0831044,0.0271379
54.18,-0.8,-0.084011,0.0271379
54.182,-0.8,-0.0841117,0.0271379
54.184,-0.8,-0.0834066,0.0271379
54.186,-0.8,-0.0839103,0.0271379
54.188,-0.8,-0.0839103,0.0271379
54.19,-0.8,-0.0841117,0.0271379
54.192,-0.8,-0.0834066,0.0271379
54.194,-0.8,-0.0836081,0.0271379
54.196,-0.8,-0.0835073,0.0271379
54.198,-0.8,-0.0836081,0.0271379
54.2,-0.8,-0.0850183,0.0271379
54.202,-0.8,-0.0844139,0.0271379
54.204,-0.8,-0.0842125,0.0271379
54.206,-0.8,-0.0842125,0.0271379
54.208,-0.8,-0.0843132,0.0271379
54.21,-0.8,-0.0841117,-0.129699
54.212,-0.8,-0.0841117,-0.129699
54.214,-0.8,-0.0844139,-0.129699
54.216,-0.8,-0.0842125,-0.129699
54.218,-0.8,-0.0838095,-0.129699
54.22,-0.8,-0.0843132,-0.129699
54.222,-0.8,-0.0842125,-0.129699
54.224,-0.8,-0.0846154,-0.129699
54.226,-0.8,-0.0848168,-0.129699
54.228,-0.8,-0.0846154,-0.129699
54.23,-0.8,-0.0844139,-0.129699
54.232,-0.8,-0.084011,-0.129699
54.234,-0.8,-0.0843132,-0.129699
54.236,-0.8,-0.084011,-0.129699
54.238,-0.8,-0.0849176,-0.129699
54.24,-0.8,-0.0846154,-0.129699
54.242,-0.8,-0.0845147,-0.129699
54.244,-0.8,-0.0844139,-0.129699
54.246,-0.8,-0.084011,-0.129699
54.248,-0.8,-0.0844139,-0.129699
54.25,-0.8,-0.0852198,-0.129699
54.252,-0.8,-0.084011,-0.129699
54.254,-0.8,-0.0847161,-0.129699
54.256,-0.8,-0.0844139,-0.129699
54.258,-0.8,-0.0850183,-0.129699
54.26,-0.8,-0.0846154,-0.129699
54.262,-0.8,-0.0841117,-0.129699
54.264,-0.8,-0.0845147,-0.129699
54.266,-0.8,-0.0846154,-0.129699
54.268,-0.8,-0.0846154,-0.129699
54.27,-0.8,-0.0864286,-0.129699
54.272,-0.8,-0.0842125,0.0279931
54.274,-0.8,-0.0846154,0.0279931
54.276,-0.8,-0.0844139,0.0279931
54.278,-0.8,-0.0842125,0.0279931
54.28,-0.8,-0.0843132,0.0279931
54.282,-0.8,-0.0843132,0.0279931
54.284,-0.8,-0.0842125,0.0279931
54.286,-0.8,-0.0846154,0.0279931
54.288,-0.8,-0.0848168,0.0279931
54.29,-0.8,-0.0844139,0.0279931
54.292,-0.8,-0.0844139,0.0279931
54.294,-0.8,-0.0846154,0.0279931
54.296,-0.8,-0.0841117,0.0279931
54.298,-0.8,-0.0846154,0.0279931
54.3,-0.8,-0.0843132,0.0279931
54.302,-0.8,-0.0846154,0.0279931
54.304,-0.8,-0.084011,0.0279931
54.306,-0.8,-0.0846154,0.0279931
54.308,-0.8,-0.0848168,0.0279931
54.31,-0.8,-0.0839103,0.0279931
54.312,-0.8,-0.0846154,0.0279931
54.314,-0.8,-0.084011,0.0279931
54.316,-0.8,-0.0848168,0.0279931
54.318,-0.8,-0.0841117,0.0279931
54.32,-0.8,-0.0846154,0.0279931
54.322,-0.8,-0.0849176,0.0279931
54.324,-0.8,-0.0843132,0.0279931
54.326,-0.8,-0.0841117,0.0279931
54.328,-0.8,-0.0837088,0.0279931
54.33,-0.8,-0.0839103,0.0279931
54.332,-0.8,-0.0836081,0.0279931
54.334,-0.8,-0.084011,0.0279931
54.336,-0.8,-0.0836081,0.233523
54.338,-0.8,-0.0839103,0.233523
54.34,-0.8,-0.0835073,0.233523
54.342,-0.8,-0.0846154,0.233523
54.344,-0.8,-0.0841117,0.233523
54.346,-0.8,-0.0835073,0.233523
54.348,-0.8,-0.0835073,0.233523
54.35,-0.8,-0.0835073,0.233523
54.352,-0.8,-0.0832051,0.233523
54.354,-0.8,-0.0835073,0.233523
54.356,-0.8,-0.0837088,0.233523
54.358,-0.8,-0.0825,0.233523
54.36,-0.8,-0.0831044,0.233523
54.362,-0.8,-0.0826007,0.233523
54.364,-0.8,-0.0827015,0.233523
54.366,-0.8,-0.0819963,0.233523
54.368,-0.8,-0.0829029,0.233523
54.37,-0.8,-0.0829029,0.233523
54.372,-0.8,-0.0822985,0.233523
54.374,-0.8,-0.0822985,0.233523
54.376,-0.8,-0.0822985,0.233523
54.378,-0.8,-0.0819963,0.233523
54.38,-0.8,-0.0826007,0.233523
54.382,-0.8,-0.0817949,0.233523
54.384,-0.8,-0.0820971,0.233523
54.386,-0.8,-0.0816941,0.233523
54.388,-0.8,-0.0817949,-0.23338
54.39,-0.8,-0.0819963,-0.224839
54.392,-0.8,-0.0816941,-0.189769
54.394,-0.8,-0.0811905,-0.189769
54.396,-0.8,-0.0814927,-0.189769
54.398,-0.8,-0.080989,-0.189769
54.4,-0.8,-0.0823993,-0.189769
54.402,-0.8,-0.0812912,-0.189769
54.404,-0.8,-0.0811905,-0.189769
54.406,-0.8,-0.0807875,-0.189769
54.408,-0.8,-0.0812912,-0.189769
54.41,-0.8,-0.080989,-0.189769
54.412,-0.8,-0.0807875,-0.189769
54.414,-0.8,-0.0802839,-0.189769
54.416,-0.8,-0.0804853,-0.189769
54.418,-0.8,-0.0815934,-0.189769
54.42,-0.8,-0.0807875,-0.189769
54.422,-0.8,-0.0805861,-0.189769
54.424,-0.8,-0.0805861,-0.25743
54.426,-0.8,-0.0800824,-0.25743
54.428,-0.8,-0.0795788,-0.25743
54.43,-0.8,-0.0802839,-0.25743
54.432,-0.8,-0.0805861,-0.25743
54.434,-0.8,-0.080989,-0.25743
54.436,-0.8,-0.0804853,-0.25743
54.438,-0.8,-0.079881,-0.25743
54.44,-0.8,-0.0805861,-0.25743
54.442,-0.8,-0.0878388,-0.25743
54.444,-0.8,-0.0861264,-0.25743
54.446,-0.8,-0.0848168,-0.25743
54.448,-0.8,-0.085522,-0.25743
54.45,-0.8,-0.0854212,-0.25743
54.452,-0.8,-0.0849176,-0.25743
54.454,-0.8,-0.0841117,-0.25743
54.456,-0.8,-0.084011,-0.25743
54.458,-0.8,-0.084011,-0.25743
54.46,-0.8,-0.0841117,-0.25743
54.462,-0.8,-0.0838095,-0.25743
54.464,-0.8,-0.084011,-0.25743
54.466,-0.8,-0.0839103,-0.25743
54.468,-0.8,-0.0832051,-0.25743
54.47,-0.8,-0.0831044,-0.25743
54.472,-0.8,-0.0831044,-0.251346
54.474,-0.8,-0.0836081,-0.241467
54.476,-0.8,-0.0833059,-0.232314
54.478,-0.8,-0.0826007,-0.223866
54.48,-0.8,-0.0826007,-0.215976
54.482,-0.8,-0.0820971,-0.208621
54.484,-0.8,-0.0825,-0.201764
54.486,-0.8,-0.0820971,-0.195338
54.488,-0.8,-0.0823993,-0.189325
54.49,-0.8,-0.0852198,-0.183645
54.492,-0.8,-0.0838095,-0.178307
54.494,-0.8,-0.0842125,-0.173287
54.496,-0.8,-0.0845147,-0.168522
54.498,-0.8,-0.0842125,-0.164012
54.5,-0.8,-0.0837088,-0.159754
54.502,-0.8,-0.0835073,-0.155696
54.504,-0.8,-0.0834066,-0.151855
54.506,-0.8,-0.0828022,-0.148173
54.508,-0.8,-0.0835073,-0.144685
54.51,-0.8,-0.0836081,-0.141352
54.512,-0.8,-0.084011,-0.138159
54.514,-0.8,-0.0842125,-0.135119
54.516,-0.8,-0.0831044,-0.132204
54.518,-0.8,-0.0837088,-0.129424
54.52,-0.8,-0.0837088,-0.126758
54.522,-0.8,-0.0832051,-0.124181
54.524,-0.8,-0.0835073,-0.121715
54.526,-0.8,-0.0832051,-0.119355
54.528,-0.8,-0.0841117,-0.117075
54.53,-0.8,-0.0841117,-0.114881
54.532,-0.8,-0.0832051,-0.112775
54.534,-0.8,-0.0839103,-0.110737
54.536,-0.8,-0.0830037,-0.108781
54.538,-0.8,-0.0833059,-0.106877
54.54,-0.8,-0.0836081,-0.105052
54.542,-0.8,-0.0837088,-0.103279
54.544,-0.8,-0.0836081,-0.101573
54.546,-0.8,-0.0830037,-0.0999223
54.548,-0.8,-0.0839103,-0.0983132
54.55,-0.8,-0.0837088,-0.0967638
54.552,-0.8,-0.0837088,-0.0952604
54.554,-0.8,-0.0836081,-0.0938071
54.556,-0.8,-0.0839103,-0.0923912
54.558,-0.8,-0.0837088,-0.0910238
54.56,-0.8,-0.0834066,-0.089692
54.562,-0.8,-0.0832051,-0.0884039
54.564,-0.8,-0.0832051,-0.0871428
54.566,-0.8,-0.0837088,-0.0859258
54.568,-0.8,-0.0843132,-0.0847376
54.57,-0.8,-0.0833059,-0.0835817
54.572,-0.8,-0.0832051,-0.0824619
54.574,-0.8,-0.0829029,-0.0813689
54.576,-0.8,-0.0831044,-0.0803017
54.578,-0.8,-0.0836081,-0.0792661
54.58,-0.8,-0.0830037,-0.078256
54.582,-0.8,-0.0832051,-0.0772689
54.584,-0.8,-0.0831044,-0.0763069
54.586,-0.8,-0.0847161,-0.075372
54.588,-0.8,-0.0834066,-0.0744563
54.59,-0.8,-0.0833059,-0.0735623
54.592,-0.8,-0.0835073,-0.0726898
54.594,-0.8,-0.0836081,-0.0718413
54.596,-0.8,-0.0838095,-0.0710097
54.598,-0.8,-0.0834066,-0.0701962
54.6,-0.8,-0.0837088,-0.0694016
54.602,-0.8,-0.0834066,-0.0686269
54.604,-0.8,-0.0835073,-0.0678669
54.606,-0.8,-0.0831044,-0.0671235
54.608,-0.8,-0.0825,-0.0663995
54.61,-0.8,-0.0836081,-0.0656909
54.612,-0.8,-0.0838095,-0.0649907
54.614,-0.8,-0.0836081,-0.0643117
54.616,-0.8,-0.0836081,-0.0636467
54.618,-0.8,-0.0832051,-0.0629905
54.62,-0.8,-0.0838095,-0.0623515
54.622,-0.8,-0.084011,-0.0617234
54.624,-0.8,-0.0835073,-0.0611076
54.626,-0.8,-0.0830037,-0.060507
54.628,-0.8,-0.0832051,-0.0599164
54.63,-0.8,-0.0827015,-0.0593354
54.632,-0.8,-0.0838095,-0.0587666
54.634,-0.8,-0.0834066,-0.0582107
54.636,-0.8,-0.0825,-0.0576627
54.638,-0.8,-0.0842125,-0.0571252
54.64,-0.8,-0.0832051,-0.0566
54.642,-0.8,-0.0831044,-0.0560807
54.644,-0.8,-0.0844139,-0.0555743
54.646,-0.8,-0.0839103,-0.0550738
54.648,-0.8,-0.0837088,-0.0545871
54.65,-0.8,-0.0837088,-0.0541038
54.652,-0.8,-0.0827015,-0.0536316
54.654,-0.8,-0.0828022,-0.0531663
54.656,-0.8,-0.0835073,-0.0527091
54.658,-0.8,-0.0837088,-0.0522613
54.66,-0.8,-0.0834066,-0.05182
54.662,-0.8,-0.0841117,-0.0513855
54.664,-0.8,-0.0833059,-0.0509581
54.666,-0.8,-0.0829029,-0.0505393
54.668,-0.8,-0.0833059,-0.0501259
54.67,-0.8,-0.0838095,-0.0497197
54.672,-0.8,-0.0836081,-0.0493195
54.674,-0.8,-0.0836081,-0.0489274
54.676,-0.8,-0.0834066,-0.0485399
54.678,-0.8,-0.0839103,-0.0481584
54.68,-0.8,-0.0836081,-0.0477832
54.682,-0.8,-0.0829029,-0.0474144
54.684,-0.8,-0.0841117,-0.047052
54.686,-0.8,-0.0831044,-0.0466925
54.688,-0.8,-0.0831044,-0.0463402
54.69,-0.8,-0.0835073,-0.045994
54.692,-0.8,-0.0837088,-0.0456504
54.694,-0.8,-0.0835073,-0.0453138
54.696,-0.8,-0.0832051,-0.0449815
54.698,-0.8,-0.084011,-0.0446537
54.7,-0.8,-0.0832051,-0.0443315
54.702,-0.8,-0.0836081,-0.0440138
54.704,-0.8,-0.0838095,-0.0436993
54.706,-0.8,-0.0836081,-0.0433904
54.708,-0.8,-0.0836081,-0.0430866
54.71,-0.8,-0.0837088,-0.0427857
54.712,-0.8,-0.0834066,-0.0424889
54.714,-0.8,-0.0839103,-0.0421976
54.716,-0.8,-0.0833059,-0.041909
54.718,-0.8,-0.0835073,-0.0416243
54.72,-0.8,-0.0835073,-0.0413448
54.722,-0.8,-0.0831044,-0.0410688
54.724,-0.8,-0.0832051,-0.0407942
54.726,-0.8,-0.0836081,-0.0405256
54.728,-0.8,-0.0829029,-0.0402595
54.73,-0.8,-0.0841117,-0.0399965
54.732,-0.8,-0.0831044,-0.0397372
54.734,-0.8,-0.0836081,-0.0394823
54.736,-0.8,-0.0836081,-0.0392295
54.738,-0.8,-0.0832051,-0.0389813
54.74,-0.8,-0.0836081,-0.0387342
54.742,-0.8,-0.0833059,-0.0384908
54.744,-0.8,-0.0835073,-0.0382517
54.746,-0.8,-0.0839103,-0.0380143
54.748,-0.8,-0.0836081,-0.03778
54.75,-0.8,-0.0835073,-0.0375495
54.752,-0.8,-0.0830037,-0.0373206
54.754,-0.8,-0.0829029,-0.037096
54.756,-0.8,-0.0832051,-0.0368721
54.758,-0.8,-0.0836081,-0.0366516
54.76,-0.8,-0.0834066,-0.0364347
54.762,-0.8,-0.0830037,-0.0362192
54.764,-0.8,-0.0828022,-0.0360064
54.766,-0.8,-0.0837088,-0.035797
54.768,-0.8,-0.0835073,-0.0355892
54.77,-0.8,-0.0835073,-0.0353841
54.772,-0.8,-0.0839103,-0.0351809
54.774,-0.8,-0.0829029,-0.0349801
54.776,-0.8,-0.0836081,-0.0347825
54.778,-0.8,-0.0835073,-0.0345861
54.78,-0.8,-0.0844139,-0.0343929
54.782,-0.8,-0.0830037,-0.0342004
54.784,-0.8,-0.0837088,-0.0340111
54.786,-0.8,-0.0831044,-0.0338237
54.788,-0.8,-0.0838095,-0.0336384
54.79,-0.8,-0.0831044,-0.0334548
54.792,-0.8,-0.0834066,-0.0332735
54.794,-0.8,-0.0832051,-0.0330938
54.796,-0.8,-0.0837088,-0.032916
54.798,-0.8,-0.0842125,-0.0327402
54.8,-0.8,-0.0828022,-0.0325669
54.802,-0.8,-0.0838095,-0.0323951
54.804,-0.8,-0.0826007,-0.0322247
54.806,-0.8,-0.0835073,-0.0320561
54.808,-0.8,-0.0833059,-0.0318901
54.81,-0.8,-0.084011,-0.0317249
54.812,-0.8,-0.0837088,-0.0315614
54.814,-0.8,-0.0828022,-0.0313998
54.816,-0.8,-0.0837088,-0.03124
54.818,-0.8,-0.0838095,-0.0310818
54.82,-0.8,-0.0834066,-0.0309258
54.822,-0.8,-0.0835073,-0.0307707
54.824,-0.8,-0.0841117,-0.0306168
54.826,-0.8,-0.084011,-0.0304646
54.828,-0.8,-0.0844139,-0.0303146
54.83,-0.8,-0.0837088,-0.0301653
54.832,-0.8,-0.0838095,-0.0300176
54.834,-0.8,-0.0847161,-0.0298715
54.836,-0.8,-0.0837088,-0.0297266
54.838,-0.8,-0.0838095,-0.481895
54.84,-0.8,-0.0836081,-0.481895
54.842,-0.8,-0.084011,-0.481895
54.844,-0.8,-0.084011,-0.481895
54.846,-0.8,-0.0835073,-0.481895
54.848,-0.8,-0.0833059,-0.481895
54.85,-0.8,-0.0838095,-0.481895
54.852,-0.8,-0.0838095,-0.481895
54.854,-0.8,-0.0842125,-0.481895
54.856,-0.8,-0.0841117,-0.481895
54.858,-0.8,-0.0833059,-0.481895
54.86,-0.8,-0.0839103,-0.481895
54.862,-0.8,-0.0836081,-0.481895
54.864,-0.8,-0.0836081,0.460281
54.866,-0.8,-0.084011,0.42813
54.868,-0.8,-0.0836081,0.400229
54.87,-0.8,-0.0836081,0.375715
54.872,-0.8,-0.084011,0.354006
54.874,-0.8,-0.0836081,0.334711
54.876,-0.8,-0.0835073,0.317421
54.878,-0.8,-0.0845147,0.301762
54.88,-0.8,-0.0834066,0.287635
54.882,-0.8,-0.0834066,0.27474
54.884,-0.8,-0.0836081,0.262973
54.886,-0.8,-0.0841117,0.252149
54.888,-0.8,-0.0835073,0.242228
54.89,-0.8,-0.0834066,0.233019
54.892,-0.8,-0.084011,0.224486
54.894,-0.8,-0.0842125,0.216554
54.896,-0.8,-0.0843132,0.209193
54.898,-0.8,-0.0833059,0.202301
54.9,-0.8,-0.0837088,0.195834
54.902,-0.8,-0.0841117,0.189771
54.904,-0.8,-0.0832051,0.184072
54.906,-0.8,-0.0845147,0.178725
54.908,-0.8,-0.0829029,0.173661
54.91,-0.8,-0.0835073,0.16889
54.912,-0.8,-0.0832051,0.164368
54.914,-0.8,-0.0831044,0.160066
54.916,-0.8,-0.0832051,0.155998
54.918,-0.8,-0.0838095,0.152143
54.92,-0.8,-0.0835073,0.148454
54.922,-0.8,-0.0841117,0.144949
54.924,-0.8,-0.0831044,0.141604
54.926,-0.8,-0.084011,0.138412
54.928,-0.8,-0.0837088,0.135361
54.93,-0.8,-0.084011,0.132433
54.932,-0.8,-0.0837088,0.129636
54.934,-0.8,-0.0834066,0.126954
54.936,-0.8,-0.0826007,0.124381
54.938,-0.8,-0.0834066,0.121907
54.94,-0.8,-0.0833059,0.119544
54.942,-0.8,-0.0831044,0.025937
54.944,-0.8,-0.0820971,0.025937
54.946,-0.8,-0.0832051,0.025937
54.948,-0.8,-0.0829029,0.025937
54.95,-0.8,-0.0832051,0.025937
54.952,-0.8,-0.0828022,0.025937
54.954,-0.8,-0.0825,0.025937
54.956,-0.8,-0.0828022,0.025937
54.958,-0.8,-0.0825,0.025937
54.96,-0.8,-0.0825,0.025937
54.962,-0.8,-0.0828022,0.025937
54.964,-0.8,-0.0831044,0.025937
54.966,-0.8,-0.0820971,0.025937
54.968,-0.8,-0.0830037,0.025937
54.97,-0.8,-0.0814927,0.025937
54.972,-0.8,-0.0823993,0.025937
54.974,-0.8,-0.0820971,0.025937
54.976,-0.8,-0.0819963,0.025937
54.978,-0.8,-0.0817949,0.025937
54.98,-0.8,-0.0817949,0.025937
54.982,-0.8,-0.0820971,0.025937
54.984,-0.8,-0.0818956,0.025937
54.986,-0.8,-0.0820971,0.025937
54.988,-0.8,-0.0816941,0.025937
54.99,-0.8,-0.0827015,0.025937
54.992,-0.8,-0.0816941,0.025937
54.994,-0.8,-0.0813919,0.025937
54.996,-0.8,-0.084011,0.025937
54.998,-0.8,-0.085119,0.025937
55,-0.7,-0.0841117,0.025937
55.002,-0.7,-0.0730311,0.025937
55.004,-0.7,-0.072326,0.025937
55.006,-0.7,-0.0721245,0.025937
55.008,-0.7,-0.0716209,0.025937
55.01,-0.7,-0.0732326,0.025937
55.012,-0.7,-0.0729304,0.025937
55.014,-0.7,-0.0722253,0.025937
55.016,-0.7,-0.0721245,0.025937
55.018,-0.7,-0.0721245,0.025937
55.02,-0.7,-0.0722253,0.025937
55.022,-0.7,-0.0720238,0.025937
55.024,-0.7,-0.0722253,0.025937
55.026,-0.7,-0.0720238,0.025937
55.028,-0.7,-0.0715201,0.025937
55.03,-0.7,-0.0728297,0.025937
55.032,-0.7,-0.0716209,0.025937
55.034,-0.7,-0.0715201,0.025937
55.036,-0.7,-0.0713187,0.025937
55.038,-0.7,-0.0717216,0.025937
55.04,-0.7,-0.0713187,0.025937
55.042,-0.7,-0.0715201,0.025937
55.044,-0.7,-0.0714194,0.025937
55.046,-0.7,-0.0712179,0.025937
55.048,-0.7,-0.0709158,0.025937
55.05,-0.7,-0.0717216,0.025937
55.052,-0.7,-0.0716209,0.025937
55.054,-0.7,-0.0705128,0.025937
55.056,-0.7,-0.072326,0.025937
55.058,-0.7,-0.0718223,0.025937
55.06,-0.7,-0.0720238,0.025937
55.062,-0.7,-0.0713187,0.025937
55.064,-0.7,-0.0727289,0.025937
55.066,-0.7,-0.0721245,0.025937
55.068,-0.7,-0.0717216,0.025937
55.07,-0.7,-0.0722253,0.025937
55.072,-0.7,-0.0722253,0.025937
55.074,-0.7,-0.0712179,0.025937
55.076,-0.7,-0.0712179,0.025937
55.078,-0.7,-0.0712179,0.025937
55.08,-0.7,-0.0718223,0.025937
55.082,-0.7,-0.0719231,0.025937
55.084,-0.7,-0.0716209,0.025937
55.086,-0.7,-0.0716209,0.025937
55.088,-0.7,-0.0716209,0.025937
55.09,-0.7,-0.0715201,0.025937
55.092,-0.7,-0.0715201,0.025937
55.094,-0.7,-0.0715201,0.025937
55.096,-0.7,-0.0721245,0.025937
55.098,-0.7,-0.0713187,0.025937
55.1,-0.7,-0.0714194,0.025937
55.102,-0.7,-0.0716209,0.025937
55.104,-0.7,-0.0718223,0.025937
55.106,-0.7,-0.0718223,0.025937
55.108,-0.7,-0.0716209,0.025937
55.11,-0.7,-0.0712179,0.025937
55.112,-0.7,-0.0716209,0.025937
55.114,-0.7,-0.0718223,0.025937
55.116,-0.7,-0.0716209,0.025937
55.118,-0.7,-0.0720238,0.025937
55.12,-0.7,-0.0717216,0.025937
55.122,-0.7,-0.0717216,0.025937
55.124,-0.7,-0.0713187,0.025937
55.126,-0.7,-0.0721245,0.025937
55.128,-0.7,-0.0716209,0.025937
55.13,-0.7,-0.0715201,0.025937
55.132,-0.7,-0.0717216,0.025937
55.134,-0.7,-0.0721245,0.025937
55.136,-0.7,-0.0725275,0.025937
55.138,-0.7,-0.0718223,0.025937
55.14,-0.7,-0.0718223,0.025937
55.142,-0.7,-0.0715201,0.025937
55.144,-0.7,-0.0718223,0.025937
55.146,-0.7,-0.0731319,0.025937
55.148,-0.7,-0.072326,0.025937
55.15,-0.7,-0.0725275,0.025937
55.152,-0.7,-0.0712179,0.025937
55.154,-0.7,-0.0716209,0.025937
55.156,-0.7,-0.0717216,0.025937
55.158,-0.7,-0.0719231,0.025937
55.16,-0.7,-0.0714194,0.025937
55.162,-0.7,-0.0712179,0.025937
55.164,-0.7,-0.0717216,0.025937
55.166,-0.7,-0.0715201,0.025937
55.168,-0.7,-0.0722253,0.025937
55.17,-0.7,-0.0715201,0.025937
55.172,-0.7,-0.0717216,0.025937
55.174,-0.7,-0.0718223,0.025937
55.176,-0.7,-0.0721245,0.025937
55.178,-0.7,-0.072326,0.025937
55.18,-0.7,-0.0728297,0.025937
55.182,-0.7,-0.0713187,0.025937
55.184,-0.7,-0.072326,0.025937
55.186,-0.7,-0.0711172,0.025937
55.188,-0.7,-0.0715201,0.025937
55.19,-0.7,-0.0719231,0.025937
55.192,-0.7,-0.0720238,0.025937
55.194,-0.7,-0.0724267,0.025937
55.196,-0.7,-0.0716209,0.025937
55.198,-0.7,-0.0714194,0.025937
55.2,-0.7,-0.0721245,0.025937
55.202,-0.7,-0.0720238,0.025937
55.204,-0.7,-0.0728297,0.025937
55.206,-0.7,-0.0718223,0.025937
55.208,-0.7,-0.0718223,0.025937
55.21,-0.7,-0.0718223,0.025937
55.212,-0.7,-0.0718223,0.025937
55.214,-0.7,-0.0724267,0.025937
55.216,-0.7,-0.0724267,0.025937
55.218,-0.7,-0.0715201,0.025937
55.22,-0.7,-0.0719231,0.025937
55.222,-0.7,-0.0718223,0.025937
55.224,-0.7,-0.0718223,0.025937
55.226,-0.7,-0.0721245,0.025937
55.228,-0.7,-0.0719231,0.025937
55.23,-0.7,-0.0711172,0.025937
55.232,-0.7,-0.0722253,0.025937
55.234,-0.7,-0.0717216,0.025937
55.236,-0.7,-0.0715201,0.025937
55.238,-0.7,-0.0717216,0.025937
55.24,-0.7,-0.0715201,0.025937
55.242,-0.7,-0.0720238,0.025937
55.244,-0.7,-0.0722253,0.025937
55.246,-0.7,-0.0713187,0.025937
55.248,-0.7,-0.0720238,0.025937
55.25,-0.7,-0.0721245,0.025937
55.252,-0.7,-0.0718223,0.025937
55.254,-0.7,-0.0717216,0.025937
55.256,-0.7,-0.0713187,0.025937
55.258,-0.7,-0.0726282,0.025937
55.26,-0.7,-0.0713187,0.025937
55.262,-0.7,-0.0721245,0.025937
55.264,-0.7,-0.0713187,0.025937
55.266,-0.7,-0.0719231,0.025937
55.268,-0.7,-0.0718223,0.025937
55.27,-0.7,-0.0718223,0.025937
55.272,-0.7,-0.0712179,0.025937
55.274,-0.7,-0.0716209,0.025937
55.276,-0.7,-0.0722253,0.025937
55.278,-0.7,-0.0716209,0.025937
55.28,-0.7,-0.0715201,0.025937
55.282,-0.7,-0.072326,0.025937
55.284,-0.7,-0.070815,0.025937
55.286,-0.7,-0.0720238,0.025937
55.288,-0.7,-0.0718223,0.025937
55.29,-0.7,-0.0721245,0.025937
55.292,-0.7,-0.0714194,0.025937
55.294,-0.7,-0.072326,0.025937
55.296,-0.7,-0.0712179,0.025937
55.298,-0.7,-0.0717216,0.025937
55.3,-0.7,-0.0719231,0.025937
55.302,-0.7,-0.0718223,0.025937
55.304,-0.7,-0.0711172,0.025937
55.306,-0.7,-0.0721245,0.025937
55.308,-0.7,-0.0717216,0.025937
55.31,-0.7,-0.0717216,0.025937
55.312,-0.7,-0.0721245,0.025937
55.314,-0.7,-0.0724267,0.025937
55.316,-0.7,-0.0709158,0.025937
55.318,-0.7,-0.0715201,0.025937
55.32,-0.7,-0.0722253,0.025937
55.322,-0.7,-0.072326,0.025937
55.324,-0.7,-0.072326,0.025937
55.326,-0.7,-0.0718223,0.025937
55.328,-0.7,-0.0721245,0.025937
55.33,-0.7,-0.0731319,0.025937
55.332,-0.7,-0.0727289,0.025937
55.334,-0.7,-0.0717216,0.025937
55.336,-0.7,-0.0710165,0.025937
55.338,-0.7,-0.0725275,0.025937
55.34,-0.7,-0.0729304,0.025937
55.342,-0.7,-0.072326,0.025937
55.344,-0.7,-0.0727289,0.025937
55.346,-0.7,-0.0717216,0.025937
55.348,-0.7,-0.0721245,0.025937
55.35,-0.7,-0.0711172,0.025937
55.352,-0.7,-0.0726282,0.025937
55.354,-0.7,-0.0716209,0.025937
55.356,-0.7,-0.0728297,0.025937
55.358,-0.7,-0.0721245,0.025937
55.36,-0.7,-0.0727289,0.025937
55.362,-0.7,-0.0720238,0.025937
55.364,-0.7,-0.072326,0.025937
55.366,-0.7,-0.0726282,0.025937
55.368,-0.7,-0.0724267,0.025937
55.37,-0.7,-0.0716209,0.025937
55.372,-0.7,-0.0720238,0.025937
55.374,-0.7,-0.0719231,0.025937
55.376,-0.7,-0.072326,0.025937
55.378,-0.7,-0.072326,0.025937
55.38,-0.7,-0.072326,0.025937
55.382,-0.7,-0.0716209,-0.164926
55.384,-0.7,-0.0731319,-0.164926
55.386,-0.7,-0.0728297,-0.164926
55.388,-0.7,-0.0730311,-0.164926
55.39,-0.7,-0.072326,-0.164926
55.392,-0.7,-0.0728297,-0.164926
55.394,-0.7,-0.0728297,-0.164926
55.396,-0.7,-0.0719231,-0.164926
55.398,-0.7,-0.0726282,-0.164926
55.4,-0.7,-0.0725275,-0.164926
55.402,-0.7,-0.0730311,-0.164926
55.404,-0.7,-0.0732326,-0.164926
55.406,-0.7,-0.0734341,-0.164926
55.408,-0.7,-0.0729304,-0.164926
55.41,-0.7,-0.0728297,-0.164926
55.412,-0.7,-0.0727289,-0.164926
55.414,-0.7,-0.0724267,-0.164926
55.416,-0.7,-0.0727289,-0.164926
55.418,-0.7,-0.0726282,-0.164926
55.42,-0.7,-0.0731319,-0.164926
55.422,-0.7,-0.0725275,-0.164926
55.424,-0.7,-0.0728297,-0.164926
55.426,-0.7,-0.0731319,-0.164926
55.428,-0.7,-0.0733333,-0.164926
55.43,-0.7,-0.0725275,-0.164926
55.432,-0.7,-0.0726282,-0.164926
55.434,-0.7,-0.072326,-0.164926
55.436,-0.7,-0.0733333,-0.164926
55.438,-0.7,-0.0736355,-0.164926
55.44,-0.7,-0.0730311,-0.164926
55.442,-0.7,-0.0733333,-0.164926
55.444,-0.7,-0.0728297,-0.164926
55.446,-0.7,-0.0726282,-0.164926
55.448,-0.7,-0.0726282,-0.164926
55.45,-0.7,-0.072326,-0.164926
55.452,-0.7,-0.0734341,-0.164926
55.454,-0.7,-0.0728297,0.0279236
55.456,-0.7,-0.0722253,0.0279236
55.458,-0.7,-0.0727289,0.0279236
55.46,-0.7,-0.0733333,0.0279236
55.462,-0.7,-0.0726282,0.0279236
55.464,-0.7,-0.0724267,0.0279236
55.466,-0.7,-0.0720238,0.0279236
55.468,-0.7,-0.0735348,0.0279236
55.47,-0.7,-0.0725275,0.0279236
55.472,-0.7,-0.0724267,0.0279236
55.474,-0.7,-0.0726282,0.0279236
55.476,-0.7,-0.0729304,0.0279236
55.478,-0.7,-0.0732326,0.0279236
55.48,-0.7,-0.0720238,0.0279236
55.482,-0.7,-0.0725275,0.0279236
55.484,-0.7,-0.0727289,0.0279236
55.486,-0.7,-0.0726282,0.0279236
55.488,-0.7,-0.072326,0.0279236
55.49,-0.7,-0.0726282,0.0279236
55.492,-0.7,-0.0728297,0.0279236
55.494,-0.7,-0.0725275,0.0279236
55.496,-0.7,-0.0725275,0.0279236
55.498,-0.7,-0.0716209,0.0279236
55.5,-0.7,-0.072326,0.0279236
55.502,-0.7,-0.0724267,0.0279236
55.504,-0.7,-0.0724267,0.0279236
55.506,-0.7,-0.0719231,0.0279236
55.508,-0.7,-0.0722253,0.0279236
55.51,-0.7,-0.0729304,0.0279236
55.512,-0.7,-0.0722253,0.0279236
55.514,-0.7,-0.0728297,0.0279236
55.516,-0.7,-0.0727289,0.0279236
55.518,-0.7,-0.0725275,0.0279236
55.52,-0.7,-0.0719231,0.0279236
55.522,-0.7,-0.0718223,0.0279236
55.524,-0.7,-0.0714194,0.0279236
55.526,-0.7,-0.0709158,0.0279236
55.528,-0.7,-0.0725275,0.0279236
55.53,-0.7,-0.0726282,0.0279236
55.532,-0.7,-0.0716209,0.0279236
55.534,-0.7,-0.0719231,0.0279236
55.536,-0.7,-0.0713187,0.0279236
55.538,-0.7,-0.0718223,0.0279236
55.54,-0.7,-0.0712179,0.0279236
55.542,-0.7,-0.0711172,0.0279236
55.544,-0.7,-0.0709158,0.0279236
55.546,-0.7,-0.0715201,0.0279236
55.548,-0.7,-0.0711172,0.0279236
55.55,-0.7,-0.0713187,0.0279236
55.552,-0.7,-0.0719231,0.0279236
55.554,-0.7,-0.0715201,0.0279236
55.556,-0.7,-0.0711172,0.0279236
55.558,-0.7,-0.0712179,0.0279236
55.56,-0.7,-0.0707143,0.0279236
55.562,-0.7,-0.0710165,0.0279236
55.564,-0.7,-0.0710165,0.0279236
55.566,-0.7,-0.0714194,0.0279236
55.568,-0.7,-0.0712179,0.0279236
55.57,-0.7,-0.0715201,0.0279236
55.572,-0.7,-0.0714194,-0.18329
55.574,-0.7,-0.0709158,-0.18329
55.576,-0.7,-0.0711172,-0.18329
55.578,-0.7,-0.0703114,-0.18329
55.58,-0.7,-0.069707,-0.18329
55.582,-0.7,-0.0704121,-0.18329
55.584,-0.7,-0.0704121,-0.18329
55.586,-0.7,-0.0703114,-0.18329
55.588,-0.7,-0.0707143,-0.18329
55.59,-0.7,-0.0705128,-0.18329
55.592,-0.7,-0.0704121,-0.18329
55.594,-0.7,-0.0704121,-0.18329
55.596,-0.7,-0.0710165,-0.18329
55.598,-0.7,-0.0707143,-0.18329
55.6,-0.7,-0.0696062,-0.18329
55.602,-0.7,-0.0706136,-0.18329
55.604,-0.7,-0.0702106,-0.18329
55.606,-0.7,-0.0699084,-0.18329
55.608,-0.7,-0.0700092,-0.18329
55.61,-0.7,-0.070815,-0.18329
55.612,-0.7,-0.0710165,-0.18329
55.614,-0.7,-0.0699084,-0.18329
55.616,-0.7,-0.0704121,-0.18329
55.618,-0.7,-0.0701099,-0.18329
55.62,-0.7,-0.0703114,-0.111502
55.622,-0.7,-0.0699084,-0.111502
55.624,-0.7,-0.0701099,-0.111502
55.626,-0.7,-0.0695055,-0.111502
55.628,-0.7,-0.0695055,-0.111502
55.63,-0.7,-0.0698077,-0.111502
55.632,-0.7,-0.0690018,-0.111502
55.634,-0.7,-0.0704121,-0.111502
55.636,-0.7,-0.0701099,-0.111502
55.638,-0.7,-0.0690018,-0.111502
55.64,-0.7,-0.0698077,-0.111502
55.642,-0.7,-0.0699084,-0.111502
55.644,-0.7,-0.0705128,-0.111502
55.646,-0.7,-0.0701099,-0.111502
55.648,-0.7,-0.0724267,-0.111502
55.65,-0.7,-0.0718223,-0.111502
55.652,-0.7,-0.0712179,-0.111502
55.654,-0.7,-0.0716209,-0.111502
55.656,-0.7,-0.0727289,-0.111502
55.658,-0.7,-0.0717216,-0.111502
55.66,-0.7,-0.0720238,-0.111502
55.662,-0.7,-0.0725275,-0.111502
55.664,-0.7,-0.0718223,-0.111502
55.666,-0.7,-0.072326,-0.111502
55.668,-0.7,-0.0722253,-0.111502
55.67,-0.7,-0.0721245,-0.32734
55.672,-0.7,-0.0720238,-0.32734
55.674,-0.7,-0.0717216,-0.32734
55.676,-0.7,-0.0715201,-0.32734
55.678,-0.7,-0.0713187,-0.32734
55.68,-0.7,-0.0725275,-0.32734
55.682,-0.7,-0.0716209,-0.32734
55.684,-0.7,-0.0711172,-0.32734
55.686,-0.7,-0.0712179,-0.32734
55.688,-0.7,-0.0711172,-0.32734
55.69,-0.7,-0.070815,-0.32734
55.692,-0.7,-0.0719231,-0.32734
55.694,-0.7,-0.0710165,-0.32734
55.696,-0.7,-0.0713187,-0.32734
55.698,-0.7,-0.0709158,-0.32734
55.7,-0.7,-0.0714194,-0.32734
55.702,-0.7,-0.0714194,-0.32734
55.704,-0.7,-0.070815,-0.32734
55.706,-0.7,-0.0707143,-0.32734
55.708,-0.7,-0.070815,-0.315244
55.71,-0.7,-0.0706136,-0.299848
55.712,-0.7,-0.0709158,-0.285869
55.714,-0.7,-0.0716209,-0.273116
55.716,-0.7,-0.0716209,-0.261504
55.718,-0.7,-0.0716209,-0.250817
55.72,-0.7,-0.0715201,-0.240989
55.722,-0.7,-0.0725275,-0.231839
55.724,-0.7,-0.0714194,-0.223403
55.726,-0.7,-0.0713187,-0.215554
55.728,-0.7,-0.0721245,-0.208237
55.73,-0.7,-0.0726282,-0.201417
55.732,-0.7,-0.072326,-0.195003
55.734,-0.7,-0.0718223,-0.18901
55.736,-0.7,-0.0715201,-0.183375
55.738,-0.7,-0.0716209,-0.17804
55.74,-0.7,-0.0721245,-0.173008
55.742,-0.7,-0.0727289,-0.168261
55.744,-0.7,-0.0719231,-0.163779
55.746,-0.7,-0.0715201,-0.159512
55.748,-0.7,-0.0719231,-0.155478
55.75,-0.7,-0.0722253,-0.151635
55.752,-0.7,-0.0718223,-0.14798
55.754,-0.7,-0.0714194,-0.144499
55.756,-0.7,-0.0716209,-0.141171
55.758,-0.7,-0.0716209,-0.137997
55.76,-0.7,-0.0716209,-0.134957
55.762,-0.7,-0.0722253,-0.13205
55.764,-0.7,-0.0719231,-0.129276
55.766,-0.7,-0.0716209,-0.126601
55.768,-0.7,-0.0721245,-0.124042
55.77,-0.7,-0.0716209,-0.121592
55.772,-0.7,-0.0721245,-0.119226
55.774,-0.7,-0.0722253,-0.116951
55.776,-0.7,-0.0721245,-0.114761
55.778,-0.7,-0.0725275,-0.112655
55.78,-0.7,-0.0720238,-0.11063
55.782,-0.7,-0.0724267,-0.108665
55.784,-0.7,-0.072326,-0.106775
55.786,-0.7,-0.0716209,-0.104954
55.788,-0.7,-0.0718223,-0.103191
55.79,-0.7,-0.072326,-0.101477
55.792,-0.7,-0.0718223,-0.0998286
55.794,-0.7,-0.0714194,-0.0982352
55.796,-0.7,-0.0717216,-0.0966788
55.798,-0.7,-0.0717216,-0.0951833
55.8,-0.7,-0.0722253,-0.0937303
55.802,-0.7,-0.0721245,-0.0923155
55.804,-0.7,-0.0719231,-0.0909514
55.806,-0.7,-0.0719231,-0.0896238
55.808,-0.7,-0.0722253,-0.0883291
55.81,-0.7,-0.0727289,-0.0870765
55.812,-0.7,-0.0721245,-0.0858615
55.814,-0.7,-0.0717216,-0.084675
55.816,-0.7,-0.0715201,-0.0835191
55.818,-0.7,-0.0718223,-0.0823993
55.82,-0.7,-0.0719231,-0.0813109
55.822,-0.7,-0.0719231,-0.0802433
55.824,-0.7,-0.0713187,-0.0792086
55.826,-0.7,-0.0712179,-0.0781996
55.828,-0.7,-0.0720238,-0.077214
55.83,-0.7,-0.0719231,-0.0762573
55.832,-0.7,-0.0720238,-0.07532
55.834,-0.7,-0.0717216,-0.0744051
55.836,-0.7,-0.0720238,-0.0735166
55.838,-0.7,-0.0714194,-0.072645
55.84,-0.7,-0.072326,-0.0717939
55.842,-0.7,-0.0720238,-0.0709641
55.844,-0.7,-0.0718223,-0.0701512
55.846,-0.7,-0.0713187,-0.0693593
55.848,-0.7,-0.0720238,-0.0685845
55.85,-0.7,-0.0713187,-0.0678274
55.852,-0.7,-0.0724267,-0.0670841
55.854,-0.7,-0.0715201,-0.0663609
55.856,-0.7,-0.0716209,-0.0656499
55.858,-0.7,-0.0719231,-0.0649571
55.86,-0.7,-0.072326,-0.0642738
55.862,-0.7,-0.0727289,-0.0636063
55.864,-0.7,-0.0715201,-0.0629556
55.866,-0.7,-0.0716209,-0.0623153
55.868,-0.7,-0.0718223,-0.0616881
55.87,-0.7,-0.0719231,-0.0610761
55.872,-0.7,-0.072326,-0.0604732
55.874,-0.7,-0.0721245,-0.0598834
55.876,-0.7,-0.0727289,-0.0593038
55.878,-0.7,-0.0719231,-0.0587354
55.88,-0.7,-0.0720238,-0.0581803
55.882,-0.7,-0.0720238,-0.0576327
55.884,-0.7,-0.0718223,-0.0570982
55.886,-0.7,-0.0716209,-0.0565694
55.888,-0.7,-0.0717216,-0.0560534
55.89,-0.7,-0.0726282,-0.0555462
55.892,-0.7,-0.0718223,-0.055047
55.894,-0.7,-0.072326,-0.0545583
55.896,-0.7,-0.0719231,-0.0540774
55.898,-0.7,-0.0725275,-0.0536058
55.9,-0.7,-0.0717216,-0.0531429
55.902,-0.7,-0.0717216,-0.0526846
55.904,-0.7,-0.0716209,-0.0522368
55.906,-0.7,-0.0714194,-0.051796
55.908,-0.7,-0.0717216,-0.0513616
55.91,-0.7,-0.0719231,-0.0509359
55.912,-0.7,-0.0719231,-0.0505168
55.914,-0.7,-0.0712179,-0.0501034
55.916,-0.7,-0.0725275,-0.0496971
55.918,-0.7,-0.0715201,-0.0492991
55.92,-0.7,-0.0717216,-0.0489056
55.922,-0.7,-0.0716209,-0.0485191
55.924,-0.7,-0.0722253,-0.0481377
55.926,-0.7,-0.0721245,-0.047764
55.928,-0.7,-0.0717216,-0.0473947
55.93,-0.7,-0.0719231,-0.0470309
55.932,-0.7,-0.0715201,-0.0466728
55.934,-0.7,-0.0722253,-0.0463207
55.936,-0.7,-0.0722253,-0.0459746
55.938,-0.7,-0.0717216,-0.0456329
55.94,-0.7,-0.0711172,-0.0452955
55.942,-0.7,-0.0714194,-0.0449632
55.944,-0.7,-0.0717216,-0.0446357
55.946,-0.7,-0.0717216,-0.0443142
55.948,-0.7,-0.0711172,-0.043996
55.95,-0.7,-0.072326,-0.0436825
55.952,-0.7,-0.0720238,-0.0433747
55.954,-0.7,-0.0720238,-0.0430699
55.956,-0.7,-0.0722253,-0.0427691
55.958,-0.7,-0.0726282,-0.042474
55.96,-0.7,-0.0724267,-0.0421814
55.962,-0.7,-0.0715201,-0.0418931
55.964,-0.7,-0.0713187,-0.0416087
55.966,-0.7,-0.0721245,-0.0413294
55.968,-0.7,-0.0719231,-0.0410526
55.97,-0.7,-0.0727289,-0.0407799
55.972,-0.7,-0.0712179,-0.0405101
55.974,-0.7,-0.0728297,-0.0402453
55.976,-0.7,-0.0718223,-0.0399828
55.978,-0.7,-0.0721245,-0.0397236
55.98,-0.7,-0.0726282,-0.0394678
55.982,-0.7,-0.0718223,-0.0392163
55.984,-0.7,-0.0716209,-0.0389668
55.986,-0.7,-0.0716209,-0.038721
55.988,-0.7,-0.072326,-0.0384778
55.99,-0.7,-0.0725275,-0.0382395
55.992,-0.7,-0.0719231,-0.0380014
55.994,-0.7,-0.0722253,-0.0377674
55.996,-0.7,-0.072326,-0.0375363
55.998,-0.7,-0.072326,-0.0373081
56,-0.6,-0.0725275,-0.0370826
56.002,-0.6,-0.0584249,-0.0368603
56.004,-0.6,-0.0583242,-0.0366399
56.006,-0.6,-0.0578205,-0.0364222
56.008,-0.6,-0.0586264,-0.0362079
56.01,-0.6,-0.0581227,-0.0359952
56.012,-0.6,-0.05913,-0.0357848
56.014,-0.6,-0.0588278,-0.035578
56.016,-0.6,-0.0587271,-0.0353726
56.018,-0.6,-0.0589286,-0.03517
56.02,-0.6,-0.0588278,-0.0349692
56.022,-0.6,-0.0587271,-0.214525
56.024,-0.6,-0.0594322,-0.214525
56.026,-0.6,-0.0594322,-0.214525
56.028,-0.6,-0.059533,-0.214525
56.03,-0.6,-0.059533,-0.214525
56.032,-0.6,-0.0589286,-0.214525
56.034,-0.6,-0.0592308,-0.214525
56.036,-0.6,-0.058022,-0.214525
56.038,-0.6,-0.0594322,-0.214525
56.04,-0.6,-0.0586264,-0.214525
56.042,-0.6,-0.05913,-0.214525
56.044,-0.6,-0.059533,-0.214525
56.046,-0.6,-0.0598352,-0.214525
56.048,-0.6,-0.0587271,-0.214525
56.05,-0.6,-0.0596337,-0.214525
56.052,-0.6,-0.0599359,-0.214525
56.054,-0.6,-0.0589286,-0.214525
56.056,-0.6,-0.059533,-0.214525
56.058,-0.6,-0.0600366,-0.214525
56.06,-0.6,-0.0599359,-0.214525
56.062,-0.6,-0.05913,-0.214525
56.064,-0.6,-0.059533,-0.214525
56.066,-0.6,-0.0597344,-0.214525
56.068,-0.6,-0.0594322,-0.214525
56.07,-0.6,-0.0590293,-0.214525
56.072,-0.6,-0.0603388,-0.214525
56.074,-0.6,-0.0592308,0.0343077
56.076,-0.6,-0.0599359,0.0343077
56.078,-0.6,-0.0593315,0.0343077
56.08,-0.6,-0.0592308,0.0343077
56.082,-0.6,-0.0593315,0.0343077
56.084,-0.6,-0.0598352,0.0343077
56.086,-0.6,-0.0597344,0.0343077
56.088,-0.6,-0.0600366,0.0343077
56.09,-0.6,-0.0601374,0.0343077
56.092,-0.6,-0.059533,0.0343077
56.094,-0.6,-0.0593315,0.0343077
56.096,-0.6,-0.0596337,0.0343077
56.098,-0.6,-0.0600366,0.0343077
56.1,-0.6,-0.0593315,0.0343077
56.102,-0.6,-0.0594322,0.0343077
56.104,-0.6,-0.0601374,0.0343077
56.106,-0.6,-0.0596337,0.0343077
56.108,-0.6,-0.0594322,0.0343077
56.11,-0.6,-0.0589286,0.0343077
56.112,-0.6,-0.059533,0.0343077
56.114,-0.6,-0.0589286,0.0343077
56.116,-0.6,-0.0583242,0.0343077
56.118,-0.6,-0.0592308,0.285262
56.12,-0.6,-0.0593315,0.285262
56.122,-0.6,-0.0584249,0.285262
56.124,-0.6,-0.0590293,0.285262
56.126,-0.6,-0.05913,0.285262
56.128,-0.6,-0.0588278,0.285262
56.13,-0.6,-0.0581227,0.285262
56.132,-0.6,-0.0596337,0.285262
56.134,-0.6,-0.0598352,0.285262
56.136,-0.6,-0.0589286,0.285262
56.138,-0.6,-0.0592308,0.285262
56.14,-0.6,-0.0588278,0.285262
56.142,-0.6,-0.0589286,0.285262
56.144,-0.6,-0.0585256,0.285262
56.146,-0.6,-0.0592308,0.285262
56.148,-0.6,-0.059533,0.285262
56.15,-0.6,-0.059533,0.285262
56.152,-0.6,-0.0585256,0.285262
56.154,-0.6,-0.0587271,0.285262
56.156,-0.6,-0.0585256,0.285262
56.158,-0.6,-0.0585256,0.285262
56.16,-0.6,-0.0583242,0.285262
56.162,-0.6,-0.0587271,0.272711
56.164,-0.6,-0.0586264,0.261107
56.166,-0.6,-0.0585256,0.250456
56.168,-0.6,-0.0575183,0.240636
56.17,-0.6,-0.058022,0.231559
56.172,-0.6,-0.0583242,0.223119
56.174,-0.6,-0.058022,0.215294
56.176,-0.6,-0.0583242,0.208001
56.178,-0.6,-0.0583242,0.20118
56.18,-0.6,-0.0579212,0.194797
56.182,-0.6,-0.0586264,0.188806
56.184,-0.6,-0.0583242,0.183173
56.186,-0.6,-0.0577198,0.177866
56.188,-0.6,-0.058022,0.172841
56.19,-0.6,-0.0583242,0.168109
56.192,-0.6,-0.0582234,0.163641
56.194,-0.6,-0.0584249,0.159381
56.196,-0.6,-0.0573168,0.155348
56.198,-0.6,-0.0573168,0.151513
56.2,-0.6,-0.0581227,0.147848
56.202,-0.6,-0.0574176,0.144378
56.204,-0.6,-0.0571154,0.141061
56.206,-0.6,-0.058022,0.13788
56.208,-0.6,-0.058022,0.134851
56.21,-0.6,-0.0568132,0.131959
56.212,-0.6,-0.0582234,0.129177
56.214,-0.6,-0.0579212,0.12651
56.216,-0.6,-0.0569139,0.217485
56.218,-0.6,-0.0568132,0.217485
56.22,-0.6,-0.056511,0.217485
56.222,-0.6,-0.057619,0.217485
56.224,-0.6,-0.0574176,0.217485
56.226,-0.6,-0.0577198,0.217485
56.228,-0.6,-0.057619,0.217485
56.23,-0.6,-0.0570147,0.217485
56.232,-0.6,-0.0571154,0.217485
56.234,-0.6,-0.0568132,0.217485
56.236,-0.6,-0.0572161,0.217485
56.238,-0.6,-0.0563095,0.217485
56.24,-0.6,-0.0563095,0.217485
56.242,-0.6,-0.0566117,0.217485
56.244,-0.6,-0.0567125,0.217485
56.246,-0.6,-0.056511,0.217485
56.248,-0.6,-0.0567125,0.217485
56.25,-0.6,-0.0571154,0.217485
56.252,-0.6,-0.056511,0.217485
56.254,-0.6,-0.0569139,0.217485
56.256,-0.6,-0.0572161,0.217485
56.258,-0.6,-0.0571154,0.217485
56.26,-0.6,-0.0573168,0.217485
56.262,-0.6,-0.0569139,0.217485
56.264,-0.6,-0.0569139,0.217485
56.266,-0.6,-0.056511,0.217485
56.268,-0.6,-0.0567125,0.217485
56.27,-0.6,-0.0574176,0.217485
56.272,-0.6,-0.0564103,-0.212184
56.274,-0.6,-0.0579212,-0.20509
56.276,-0.6,-0.0566117,-0.198457
56.278,-0.6,-0.056511,-0.192239
56.28,-0.6,-0.0578205,-0.186397
56.282,-0.6,-0.0567125,-0.180917
56.284,-0.6,-0.0561081,-0.120697
56.286,-0.6,-0.0567125,-0.120697
56.288,-0.6,-0.0566117,-0.120697
56.29,-0.6,-0.0569139,-0.120697
56.292,-0.6,-0.0564103,-0.120697
56.294,-0.6,-0.0571154,-0.120697
56.296,-0.6,-0.0575183,-0.120697
56.298,-0.6,-0.0572161,-0.120697
56.3,-0.6,-0.056511,-0.120697
56.302,-0.6,-0.0581227,-0.120697
56.304,-0.6,-0.0573168,-0.120697
56.306,-0.6,-0.0560073,-0.120697
56.308,-0.6,-0.0570147,-0.120697
56.31,-0.6,-0.0573168,-0.120697
56.312,-0.6,-0.0566117,-0.120697
56.314,-0.6,-0.0564103,-0.120697
56.316,-0.6,-0.0572161,-0.120697
56.318,-0.6,-0.0575183,-0.120697
56.32,-0.6,-0.0575183,-0.120697
56.322,-0.6,-0.0574176,-0.120697
56.324,-0.6,-0.0575183,-0.120697
56.326,-0.6,-0.0570147,-0.120697
56.328,-0.6,-0.057619,-0.120697
56.33,-0.6,-0.0572161,-0.120697
56.332,-0.6,-0.0581227,-0.120697
56.334,-0.6,-0.0573168,-0.120697
56.336,-0.6,-0.0571154,-0.120697
56.338,-0.6,-0.0573168,-0.120697
56.34,-0.6,-0.0579212,-0.120697
56.342,-0.6,-0.0577198,-0.120697
56.344,-0.6,-0.0570147,-0.120697
56.346,-0.6,-0.0571154,-0.120697
56.348,-0.6,-0.0578205,-0.120697
56.35,-0.6,-0.0578205,-0.120697
56.352,-0.6,-0.0575183,-0.120697
56.354,-0.6,-0.0572161,-0.120697
56.356,-0.6,-0.0577198,-0.120697
56.358,-0.6,-0.0579212,-0.120697
56.36,-0.6,-0.0577198,-0.120697
56.362,-0.6,-0.0578205,-0.120697
56.364,-0.6,-0.0582234,-0.120697
56.366,-0.6,-0.0571154,-0.120697
56.368,-0.6,-0.057619,-0.120697
56.37,-0.6,-0.0583242,-0.120697
56.372,-0.6,-0.0585256,-0.120697
56.374,-0.6,-0.0583242,-0.120697
56.376,-0.6,-0.058022,-0.120697
56.378,-0.6,-0.0588278,-0.120697
56.38,-0.6,-0.0584249,-0.120697
56.382,-0.6,-0.0583242,-0.120697
56.384,-0.6,-0.0583242,-0.120697
56.386,-0.6,-0.057619,-0.12003
56.388,-0.6,-0.0585256,-0.117724
56.39,-0.6,-0.0586264,-0.115505
56.392,-0.6,-0.0581227,-0.113378
56.394,-0.6,-0.0572161,-0.111313
56.396,-0.6,-0.0583242,-0.109334
56.398,-0.6,-0.0577198,-0.107423
56.4,-0.6,-0.0583242,-0.105575
56.402,-0.6,-0.0587271,-0.103787
56.404,-0.6,-0.0587271,-0.102063
56.406,-0.6,-0.0582234,-0.100386
56.408,-0.6,-0.0581227,-0.0987751
56.41,-0.6,-0.0582234,-0.0972084
56.412,-0.6,-0.0582234,-0.0956902
56.414,-0.6,-0.0582234,-0.0942253
56.416,-0.6,-0.0590293,-0.0927977
56.418,-0.6,-0.0586264,-0.0914136
56.42,-0.6,-0.058022,-0.0900761
56.422,-0.6,-0.0581227,-0.0887677
56.424,-0.6,-0.0571154,-0.160392
56.426,-0.6,-0.0590293,-0.160392
56.428,-0.6,-0.058022,-0.160392
56.43,-0.6,-0.0582234,-0.160392
56.432,-0.6,-0.0585256,-0.160392
56.434,-0.6,-0.0577198,-0.160392
56.436,-0.6,-0.058022,-0.160392
56.438,-0.6,-0.0586264,-0.160392
56.44,-0.6,-0.0574176,-0.160392
56.442,-0.6,-0.0581227,-0.160392
56.444,-0.6,-0.0581227,-0.160392
56.446,-0.6,-0.0586264,-0.160392
56.448,-0.6,-0.0581227,-0.160392
56.45,-0.6,-0.0577198,-0.160392
56.452,-0.6,-0.058022,-0.160392
56.454,-0.6,-0.0583242,-0.160392
56.456,-0.6,-0.058022,-0.160392
56.458,-0.6,-0.0584249,-0.160392
56.46,-0.6,-0.0581227,-0.160392
56.462,-0.6,-0.0582234,-0.160392
56.464,-0.6,-0.0583242,-0.160392
56.466,-0.6,-0.0583242,-0.160392
56.468,-0.6,-0.0585256,-0.160392
56.47,-0.6,-0.05913,-0.160392
56.472,-0.6,-0.0574176,-0.160392
56.474,-0.6,-0.0581227,-0.160392
56.476,-0.6,-0.0587271,-0.160392
56.478,-0.6,-0.0579212,-0.160392
56.48,-0.6,-0.0587271,-0.160392
56.482,-0.6,-0.0579212,-0.160392
56.484,-0.6,-0.0588278,-0.160392
56.486,-0.6,-0.0585256,-0.160392
56.488,-0.6,-0.0581227,-0.160392
56.49,-0.6,-0.0587271,-0.160392
56.492,-0.6,-0.0579212,-0.160392
56.494,-0.6,-0.0572161,-0.160392
56.496,-0.6,-0.0579212,-0.160392
56.498,-0.6,-0.0583242,-0.160392
56.5,-0.6,-0.0586264,0.15784
56.502,-0.6,-0.0574176,0.153866
56.504,-0.6,-0.0578205,0.150097
56.506,-0.6,-0.0575183,0.146507
56.508,-0.6,-0.057619,0.143102
56.51,-0.6,-0.0577198,0.139837
56.512,-0.6,-0.0590293,0.136718
56.514,-0.6,-0.0573168,0.133747
56.516,-0.6,-0.058022,0.130882
56.518,-0.6,-0.0577198,0.128153
56.52,-0.6,-0.0581227,0.125528
56.522,-0.6,-0.0579212,0.123014
56.524,-0.6,-0.0584249,0.120593
56.526,-0.6,-0.0568132,0.118276
56.528,-0.6,-0.0578205,0.116036
56.53,-0.6,-0.0578205,0.11388
56.532,-0.6,-0.0575183,0.111806
56.534,-0.6,-0.0578205,0.109803
56.536,-0.6,-0.0584249,0.107875
56.538,-0.6,-0.0581227,0.106012
56.54,-0.6,-0.0574176,0.104209
56.542,-0.6,-0.057619,0.102474
56.544,-0.6,-0.0577198,-0.100785
56.546,-0.6,-0.0582234,-0.0991589
56.548,-0.6,-0.0578205,-0.0975795
56.55,-0.6,-0.0571154,-0.0960541
56.552,-0.6,-0.0577198,-0.094576
56.554,-0.6,-0.0569139,-0.0931364
56.556,-0.6,-0.0577198,-0.091746
56.558,-0.6,-0.058022,-0.0903997
56.56,-0.6,-0.0578205,-0.0890835
56.562,-0.6,-0.0573168,-0.0878051
56.564,-0.6,-0.0579212,-0.0865704
56.566,-0.6,-0.057619,-0.0853623
56.568,-0.6,-0.0575183,-0.0841922
56.57,-0.6,-0.0582234,-0.0830547
56.572,-0.6,-0.0583242,-0.081942
56.574,-0.6,-0.0574176,-0.0808637
56.576,-0.6,-0.0581227,-0.0798136
56.578,-0.6,-0.0577198,-0.0787883
56.58,-0.6,-0.057619,-0.0777885
56.582,-0.6,-0.0579212,-0.076816
56.584,-0.6,-0.057619,-0.0758635
56.586,-0.6,-0.0575183,-0.0749384
56.588,-0.6,-0.0569139,-0.0740353
56.59,-0.6,-0.0573168,-0.073154
56.592,-0.6,-0.0584249,-0.0722897
56.594,-0.6,-0.0579212,-0.0714493
56.596,-0.6,-0.0578205,-0.0706259
56.598,-0.6,-0.0569139,-0.0698213
56.6,-0.6,-0.057619,-0.0690371
56.602,-0.6,-0.0579212,-0.0682697
56.604,-0.6,-0.058022,-0.0675164
56.606,-0.6,-0.0579212,-0.0667828
56.608,-0.6,-0.0583242,-0.0660649
56.61,-0.6,-0.0584249,-0.065359
56.612,-0.6,-0.0585256,-0.0646711
56.614,-0.6,-0.0583242,-0.0639975
56.616,-0.6,-0.0585256,-0.063335
56.618,-0.6,-0.0575183,-0.0626889
56.62,-0.6,-0.0573168,-0.0620559
56.622,-0.6,-0.057619,-0.0614324
56.624,-0.6,-0.058022,-0.0608244
56.626,-0.6,-0.0578205,-0.0602283
56.628,-0.6,-0.0578205,-0.0596422
56.63,-0.6,-0.0579212,-0.0590687
56.632,-0.6,-0.0585256,-0.0585052
56.634,-0.6,-0.0582234,-0.0579511
56.636,-0.6,-0.0581227,-0.0574097
56.638,-0.6,-0.057619,-0.0568784
56.64,-0.6,-0.0587271,-0.0563545
56.642,-0.6,-0.0581227,-0.0558416
56.644,-0.6,-0.0586264,-0.0553395
56.646,-0.6,-0.0579212,-0.0548433
56.648,-0.6,-0.0582234,-0.0543595
56.65,-0.6,-0.0584249,-0.0538818
56.652,-0.6,-0.0581227,-0.0534112
56.654,-0.6,-0.058022,-0.0529509
56.656,-0.6,-0.0583242,-0.0524984
56.658,-0.6,-0.0581227,-0.0520518
56.66,-0.6,-0.0578205,-0.0516146
56.662,-0.6,-0.0584249,-0.0511848
56.664,-0.6,-0.0587271,-0.0507618
56.666,-0.6,-0.0581227,-0.0503447
56.668,-0.6,-0.0577198,-0.049934
56.67,-0.6,-0.0582234,-0.0495316
56.672,-0.6,-0.0584249,-0.0491354
56.674,-0.6,-0.0578205,-0.0487449
56.676,-0.6,-0.0582234,-0.0483604
56.678,-0.6,-0.0582234,-0.0479827
56.68,-0.6,-0.0574176,-0.0476093
56.682,-0.6,-0.0589286,-0.0472434
56.684,-0.6,-0.0579212,-0.0468828
56.686,-0.6,-0.0588278,-0.0465269
56.688,-0.6,-0.0584249,-0.0461772
56.69,-0.6,-0.0585256,-0.0458313
56.692,-0.6,-0.058022,-0.0454921
56.694,-0.6,-0.0582234,-0.0451576
56.696,-0.6,-0.0577198,-0.0448283
56.698,-0.6,-0.0582234,-0.0445027
56.7,-0.6,-0.0586264,-0.0441814
56.702,-0.6,-0.0583242,-0.043866
56.704,-0.6,-0.0586264,0.0435549
56.706,-0.6,-0.0575183,0.0432485
56.708,-0.6,-0.0581227,0.0429445
56.71,-0.6,-0.0583242,0.0426457
56.712,-0.6,-0.0583242,0.0423532
56.714,-0.6,-0.0585256,0.0420616
56.716,-0.6,-0.0582234,0.0417749
56.718,-0.6,-0.0588278,0.0414942
56.72,-0.6,-0.0578205,0.0412143
56.722,-0.6,-0.0582234,0.040939
56.724,-0.6,-0.0586264,0.0406672
56.726,-0.6,-0.057619,0.0404004
56.728,-0.6,-0.0578205,0.040137
56.73,-0.6,-0.0582234,0.0398746
56.732,-0.6,-0.0581227,0.039618
56.734,-0.6,-0.0581227,0.0393631
56.736,-0.6,-0.0578205,0.0391123
56.738,-0.6,-0.0583242,0.0388654
56.74,-0.6,-0.0586264,0.0386203
56.742,-0.6,-0.0587271,0.0383788
56.744,-0.6,-0.0586264,0.0381402
56.746,-0.6,-0.05913,0.0379047
56.748,-0.6,-0.0581227,0.0376721
56.75,-0.6,-0.0579212,0.0374417
56.752,-0.6,-0.0578205,0.0372147
56.754,-0.6,-0.0579212,0.0369903
56.756,-0.6,-0.0586264,0.0367688
56.758,-0.6,-0.0584249,0.0365498
56.76,-0.6,-0.0584249,0.0363341
56.762,-0.6,-0.0584249,0.0361198
56.764,-0.6,-0.0574176,0.0359084
56.766,-0.6,-0.0585256,0.0356996
56.768,-0.6,-0.0579212,0.0354922
56.77,-0.6,-0.0578205,0.0352882
56.772,-0.6,-0.0578205,0.0350865
56.774,-0.6,-0.0575183,0.0348875
56.776,-0.6,-0.0584249,0.0346899
56.778,-0.6,-0.0581227,0.0344949
56.78,-0.6,-0.0572161,0.0343022
56.782,-0.6,-0.0579212,0.0341116
56.784,-0.6,-0.0585256,0.0339231
56.786,-0.6,-0.0584249,0.0337365
56.788,-0.6,-0.0583242,0.0335521
56.79,-0.6,-0.0581227,0.0333689
56.792,-0.6,-0.0578205,0.0331889
56.794,-0.6,-0.0574176,0.0330101
56.796,-0.6,-0.0577198,0.0328334
56.798,-0.6,-0.057619,0.0326591
56.8,-0.6,-0.0581227,0.0324862
56.802,-0.6,-0.0574176,0.0323152
56.804,-0.6,-0.0579212,0.0321452
56.806,-0.6,-0.0583242,0.0319785
56.808,-0.6,-0.0573168,0.031812
56.81,-0.6,-0.0583242,0.031648
56.812,-0.6,-0.0578205,0.0314857
56.814,-0.6,-0.058022,0.0313253
56.816,-0.6,-0.0583242,0.0311662
56.818,-0.6,-0.0572161,0.0310087
56.82,-0.6,-0.058022,0.0308529
56.822,-0.6,-0.057619,0.0306979
56.824,-0.6,-0.0579212,0.0305452
56.826,-0.6,-0.0579212,0.0303943
56.828,-0.6,-0.0584249,0.0302446
56.83,-0.6,-0.0583242,0.0300959
56.832,-0.6,-0.0571154,0.0299488
56.834,-0.6,-0.0582234,0.0298041
56.836,-0.6,-0.058022,0.0296593
56.838,-0.6,-0.0577198,0.0295167
56.84,-0.6,-0.0585256,0.0293761
56.842,-0.6,-0.0571154,0.0292352
56.844,-0.6,-0.0585256,0.0290966
56.846,-0.6,-0.0581227,0.0289593
56.848,-0.6,-0.0570147,0.0288234
56.85,-0.6,-0.0582234,0.0286893
56.852,-0.6,-0.0574176,0.0285552
56.854,-0.6,-0.0578205,0.028423
56.856,-0.6,-0.0583242,0.0282916
56.858,-0.6,-0.0581227,0.0281622
56.86,-0.6,-0.0575183,0.0280336
56.862,-0.6,-0.0571154,0.0279058
56.864,-0.6,-0.0575183,0.0277795
56.866,-0.6,-0.0581227,0.0276543
56.868,-0.6,-0.0579212,0.0275302
56.87,-0.6,-0.0571154,0.0274073
56.872,-0.6,-0.058022,0.0272852
56.874,-0.6,-0.0578205,0.0271644
56.876,-0.6,-0.0573168,0.0270447
56.878,-0.6,-0.0575183,0.0269261
56.88,-0.6,-0.058022,0.0268085
56.882,-0.6,-0.0584249,0.0266925
56.884,-0.6,-0.0585256,0.0265766
56.886,-0.6,-0.0577198,0.0264618
56.888,-0.6,-0.0579212,0.0263479
56.89,-0.6,-0.0578205,0.0262353
56.892,-0.6,-0.0582234,0.0261236
56.894,-0.6,-0.0588278,0.0260129
56.896,-0.6,-0.0575183,0.0259031
56.898,-0.6,-0.0575183,0.0257946
56.9,-0.6,-0.0579212,0.0256864
56.902,-0.6,-0.0581227,0.0255792
56.904,-0.6,-0.057619,0.0254732
56.906,-0.6,-0.058022,0.0253679
56.908,-0.6,-0.0577198,0.0252633
56.91,-0.6,-0.0573168,0.0251595
56.912,-0.6,-0.0578205,0.0250569
56.914,-0.6,-0.058022,0.0249554
56.916,-0.6,-0.0578205,0.024854
56.918,-0.6,-0.0584249,0.0247539
56.92,-0.6,-0.0587271,0.0246543
56.922,-0.6,-0.0582234,0.0245555
56.924,-0.6,-0.0574176,0.0244578
56.926,-0.6,-0.0578205,0.0243605
56.928,-0.6,-0.0578205,0.0242641
56.93,-0.6,-0.058022,0.0241691
56.932,-0.6,-0.0570147,0.024074
56.934,-0.6,-0.057619,0.0239796
56.936,-0.6,-0.058022,0.0238866
56.938,-0.6,-0.0584249,0.023794
56.94,-0.6,-0.058022,0.023702
56.942,-0.6,-0.0579212,0.0236107
56.944,-0.6,-0.0581227,0.0235203
56.946,-0.6,-0.0582234,0.0234302
56.948,-0.6,-0.0578205,0.0233411
56.95,-0.6,-0.0581227,0.0232528
56.952,-0.6,-0.0578205,0.0231649
56.954,-0.6,-0.057619,0.0230779
56.956,-0.6,-0.058022,0.0229915
56.958,-0.6,-0.0579212,0.0229057
56.96,-0.6,-0.0571154,0.0228203
56.962,-0.6,-0.0581227,0.0227358
56.964,-0.6,-0.0584249,0.0226519
56.966,-0.6,-0.0582234,0.0225687
56.968,-0.6,-0.0579212,0.0224858
56.97,-0.6,-0.0574176,0.0224036
56.972,-0.6,-0.0582234,0.0223226
56.974,-0.6,-0.0582234,0.0222412
56.976,-0.6,-0.0579212,0.022161
56.978,-0.6,-0.0578205,0.0220813
56.98,-0.6,-0.0575183,0.0220023
56.982,-0.6,-0.0577198,0.0219234
56.984,-0.6,-0.0573168,0.0218454
56.986,-0.6,-0.0579212,0.021768
56.988,-0.6,-0.057619,0.0216912
56.99,-0.6,-0.058022,0.0216146
56.992,-0.6,-0.0574176,0.0215389
56.994,-0.6,-0.0570147,0.0214633
56.996,-0.6,-0.0586264,0.0213885
56.998,-0.6,-0.0583242,0.0213143
57,-0.5,-0.0575183,0.0212404
57.002,-0.5,-0.0449267,0.0211671
57.004,-0.5,-0.044826,0.0210943
57.006,-0.5,-0.0452289,0.0210221
57.008,-0.5,-0.0446245,0.0209504
57.01,-0.5,-0.0451282,0.0208792
57.012,-0.5,-0.0449267,0.0208081
57.014,-0.5,-0.0454304,0.0207379
57.016,-0.5,-0.0455311,0.0206682
57.018,-0.5,-0.0453297,0.0205988
57.02,-0.5,-0.0452289,0.02053
57.022,-0.5,-0.0462363,0.0204614
57.024,-0.5,-0.0449267,0.0203932
57.026,-0.5,-0.0454304,0.0203257
57.028,-0.5,-0.046337,0.0202587
57.03,-0.5,-0.0456319,0.0201921
57.032,-0.5,-0.0451282,0.0201258
57.034,-0.5,-0.0459341,0.02006
57.036,-0.5,-0.0459341,0.0199945
57.038,-0.5,-0.0468407,0.0199296
57.04,-0.5,-0.0454304,0.0198652
57.042,-0.5,-0.0454304,0.0198012
57.044,-0.5,-0.0455311,0.0197373
57.046,-0.5,-0.0465385,0.0196742
57.048,-0.5,-0.0464377,0.0196112
57.05,-0.5,-0.0459341,0.0195487
57.052,-0.5,-0.0462363,0.0194865
57.054,-0.5,-0.0458333,0.0194248
57.056,-0.5,-0.0459341,0.0193636
57.058,-0.5,-0.0461355,0.0193027
57.06,-0.5,-0.0459341,0.0192422
57.062,-0.5,-0.0459341,0.0191821
57.064,-0.5,-0.0466392,0.0191221
57.066,-0.5,-0.0458333,0.0190627
57.068,-0.5,-0.0460348,0.0190037
57.07,-0.5,-0.0464377,0.0189451
57.072,-0.5,-0.0462363,0.0188868
57.074,-0.5,-0.0456319,0.0188289
57.076,-0.5,-0.0465385,0.0187714
57.078,-0.5,-0.0455311,0.0187139
57.08,-0.5,-0.0456319,0.0171792
57.082,-0.5,-0.0458333,0.0171792
57.084,-0.5,-0.0455311,0.0171792
57.086,-0.5,-0.0458333,0.0171792
57.088,-0.5,-0.0455311,0.0171792
57.09,-0.5,-0.0467399,0.0171792
57.092,-0.5,-0.0461355,0.0171792
57.094,-0.5,-0.0452289,0.0171792
57.096,-0.5,-0.0452289,0.0171792
57.098,-0.5,-0.0459341,0.0171792
57.1,-0.5,-0.0469414,0.0171792
57.102,-0.5,-0.0459341,0.0171792
57.104,-0.5,-0.0457326,0.0171792
57.106,-0.5,-0.0466392,0.0171792
57.108,-0.5,-0.0450275,0.0171792
57.11,-0.5,-0.0458333,0.0171792
57.112,-0.5,-0.0455311,0.0171792
57.114,-0.5,-0.0462363,0.0171792
57.116,-0.5,-0.0461355,0.0171792
57.118,-0.5,-0.0461355,0.0171792
57.12,-0.5,-0.0453297,0.0171792
57.122,-0.5,-0.0459341,0.0171792
57.124,-0.5,-0.0456319,0.0171792
57.126,-0.5,-0.046337,0.0171792
57.128,-0.5,-0.0462363,0.0171792
57.13,-0.5,-0.0459341,0.0171792
57.132,-0.5,-0.0460348,0.0171792
57.134,-0.5,-0.0459341,0.0171792
57.136,-0.5,-0.0454304,0.0171792
57.138,-0.5,-0.0452289,0.0171792
57.14,-0.5,-0.0461355,0.0171792
57.142,-0.5,-0.046337,0.0171792
57.144,-0.5,-0.0459341,0.0171792
57.146,-0.5,-0.0452289,0.0171792
57.148,-0.5,-0.0458333,0.0171792
57.15,-0.5,-0.0460348,0.0171792
57.152,-0.5,-0.0459341,0.0171792
57.154,-0.5,-0.0450275,0.0171792
57.156,-0.5,-0.0458333,0.0171792
57.158,-0.5,-0.0461355,0.0171792
57.16,-0.5,-0.0457326,0.0171792
57.162,-0.5,-0.0457326,0.0171792
57.164,-0.5,-0.0455311,0.0171792
57.166,-0.5,-0.0451282,0.0171792
57.168,-0.5,-0.0456319,0.164436
57.17,-0.5,-0.0452289,0.164436
57.172,-0.5,-0.0459341,0.164436
57.174,-0.5,-0.0456319,0.164436
57.176,-0.5,-0.0454304,0.164436
57.178,-0.5,-0.0461355,0.164436
57.18,-0.5,-0.0457326,0.164436
57.182,-0.5,-0.0450275,0.164436
57.184,-0.5,-0.0454304,0.164436
57.186,-0.5,-0.0456319,0.164436
57.188,-0.5,-0.0456319,0.164436
57.19,-0.5,-0.0453297,0.164436
57.192,-0.5,-0.0453297,0.164436
57.194,-0.5,-0.0457326,0.164436
57.196,-0.5,-0.0453297,0.164436
57.198,-0.5,-0.0451282,0.164436
57.2,-0.5,-0.0447253,0.164436
57.202,-0.5,-0.0445238,0.164436
57.204,-0.5,-0.0451282,0.164436
57.206,-0.5,-0.0452289,0.164436
57.208,-0.5,-0.0457326,0.164436
57.21,-0.5,-0.0456319,0.164436
57.212,-0.5,-0.0452289,0.164436
57.214,-0.5,-0.0452289,0.164436
57.216,-0.5,-0.0452289,0.164436
57.218,-0.5,-0.0447253,0.164436
57.22,-0.5,-0.0449267,0.164436
57.222,-0.5,-0.0460348,0.164436
57.224,-0.5,-0.0444231,0.164436
57.226,-0.5,-0.0461355,0.164436
57.228,-0.5,-0.0453297,0.164436
57.23,-0.5,-0.0442216,0.164436
57.232,-0.5,-0.0449267,0.164436
57.234,-0.5,-0.0456319,0.164436
57.236,-0.5,-0.044826,0.164436
57.238,-0.5,-0.0450275,0.164436
57.24,-0.5,-0.0458333,0.164436
57.242,-0.5,-0.0454304,0.163032
57.244,-0.5,-0.0452289,0.158809
57.246,-0.5,-0.0454304,0.154796
57.248,-0.5,-0.0451282,0.151
57.25,-0.5,-0.0458333,0.147369
57.252,-0.5,-0.0454304,0.143907
57.254,-0.5,-0.0455311,0.14061
57.256,-0.5,-0.0454304,0.137456
57.258,-0.5,-0.0458333,0.134454
57.26,-0.5,-0.0451282,0.131568
57.262,-0.5,-0.0449267,0.128801
57.264,-0.5,-0.0454304,0.126162
57.266,-0.5,-0.0454304,0.12361
57.268,-0.5,-0.0459341,0.121177
57.27,-0.5,-0.0451282,0.118827
57.272,-0.5,-0.0456319,0.116566
57.274,-0.5,-0.0458333,0.1144
57.276,-0.5,-0.044826,0.112299
57.278,-0.5,-0.0450275,0.110284
57.28,-0.5,-0.0453297,0.108343
57.282,-0.5,-0.0454304,0.10646
57.284,-0.5,-0.0443223,0.104642
57.286,-0.5,-0.0445238,0.102884
57.288,-0.5,-0.0454304,0.101187
57.29,-0.5,-0.0456319,0.099547
57.292,-0.5,-0.0453297,0.0979579
57.294,-0.5,-0.0451282,0.0964194
57.296,-0.5,-0.0446245,0.0949352
57.298,-0.5,-0.0457326,0.0934831
57.3,-0.5,-0.0455311,0.0920812
57.302,-0.5,-0.0450275,0.0907161
57.304,-0.5,-0.0459341,0.0893948
57.306,-0.5,-0.0451282,0.0881153
57.308,-0.5,-0.0459341,0.086865
57.31,-0.5,-0.0457326,0.085653
57.312,-0.5,-0.0456319,0.0844746
57.314,-0.5,-0.046337,0.083325
57.316,-0.5,-0.0459341,0.0822113
57.318,-0.5,-0.0456319,0.0811225
57.32,-0.5,-0.0450275,0.0800661
57.322,-0.5,-0.0460348,0.0790323
57.324,-0.5,-0.0456319,0.0780297
57.326,-0.5,-0.0455311,0.0770504
57.328,-0.5,-0.0458333,0.0760971
57.33,-0.5,-0.0449267,0.0751594
57.332,-0.5,-0.0457326,0.0742504
57.334,-0.5,-0.0468407,0.0733631
57.336,-0.5,-0.0443223,0.0724969
57.338,-0.5,-0.0457326,0.0757355
57.34,-0.5,-0.0458333,0.0757355
57.342,-0.5,-0.0457326,0.0757355
57.344,-0.5,-0.0461355,0.0757355
57.346,-0.5,-0.0449267,0.0757355
57.348,-0.5,-0.0459341,0.0757355
57.35,-0.5,-0.0456319,0.0757355
57.352,-0.5,-0.0457326,0.0757355
57.354,-0.5,-0.0458333,0.0757355
57.356,-0.5,-0.0449267,0.0757355
57.358,-0.5,-0.0458333,0.0757355
57.36,-0.5,-0.0459341,0.0757355
57.362,-0.5,-0.0451282,0.0757355
57.364,-0.5,-0.0456319,0.0757355
57.366,-0.5,-0.0456319,0.0757355
57.368,-0.5,-0.0457326,0.0757355
57.37,-0.5,-0.0461355,0.0757355
57.372,-0.5,-0.0453297,0.0757355
57.374,-0.5,-0.0456319,0.0757355
57.376,-0.5,-0.0455311,0.0757355
57.378,-0.5,-0.0452289,0.0757355
57.38,-0.5,-0.0457326,0.0757355
57.382,-0.5,-0.0462363,0.0757355
57.384,-0.5,-0.0465385,0.0757355
57.386,-0.5,-0.0456319,0.0757355
57.388,-0.5,-0.0458333,0.0757355
57.39,-0.5,-0.0461355,0.0757355
57.392,-0.5,-0.0458333,0.0757355
57.394,-0.5,-0.0458333,0.0757355
57.396,-0.5,-0.0459341,0.0757355
57.398,-0.5,-0.0457326,0.0757355
57.4,-0.5,-0.0459341,0.0757355
57.402,-0.5,-0.0455311,0.0757355
57.404,-0.5,-0.0464377,0.0757355
57.406,-0.5,-0.0459341,0.0757355
57.408,-0.5,-0.0456319,0.0757355
57.41,-0.5,-0.0451282,0.0757355
57.412,-0.5,-0.0457326,0.0757355
57.414,-0.5,-0.0465385,0.124639
57.416,-0.5,-0.0454304,0.124639
57.418,-0.5,-0.046337,0.124639
57.42,-0.5,-0.046337,0.124639
57.422,-0.5,-0.0462363,0.124639
57.424,-0.5,-0.0450275,0.124639
57.426,-0.5,-0.0460348,0.124639
57.428,-0.5,-0.0466392,0.124639
57.43,-0.5,-0.0462363,0.124639
57.432,-0.5,-0.0454304,0.124639
57.434,-0.5,-0.0453297,0.124639
57.436,-0.5,-0.0457326,0.124639
57.438,-0.5,-0.0459341,0.124639
57.44,-0.5,-0.0459341,0.124639
57.442,-0.5,-0.0458333,0.124639
57.444,-0.5,-0.0458333,0.124639
57.446,-0.5,-0.0455311,0.124639
57.448,-0.5,-0.0454304,0.124639
57.45,-0.5,-0.0460348,0.124639
57.452,-0.5,-0.0459341,0.124639
57.454,-0.5,-0.0464377,0.124639
57.456,-0.5,-0.0458333,0.124639
57.458,-0.5,-0.0462363,0.124639
57.46,-0.5,-0.0461355,0.124639
57.462,-0.5,-0.0449267,0.124639
57.464,-0.5,-0.0450275,0.124639
57.466,-0.5,-0.0450275,0.124639
57.468,-0.5,-0.0454304,0.124639
57.47,-0.5,-0.0456319,0.124639
57.472,-0.5,-0.0451282,0.124639
57.474,-0.5,-0.046337,0.124639
57.476,-0.5,-0.0460348,0.124639
57.478,-0.5,-0.0458333,0.124639
57.48,-0.5,-0.0456319,0.124639
57.482,-0.5,-0.0461355,0.124639
57.484,-0.5,-0.0455311,0.124639
57.486,-0.5,-0.0453297,0.124639
57.488,-0.5,-0.0456319,0.124639
57.49,-0.5,-0.046337,0.124639
57.492,-0.5,-0.0457326,0.124639
57.494,-0.5,-0.0454304,0.124639
57.496,-0.5,-0.0455311,0.124639
57.498,-0.5,-0.0464377,0.124639
57.5,-0.5,-0.0454304,0.124639
57.502,-0.5,-0.0457326,0.167455
57.504,-0.5,-0.0452289,0.167455
57.506,-0.5,-0.0460348,0.167455
57.508,-0.5,-0.0445238,0.167455
57.51,-0.5,-0.0444231,0.167455
57.512,-0.5,-0.0459341,0.167455
57.514,-0.5,-0.0452289,0.167455
57.516,-0.5,-0.0453297,0.167455
57.518,-0.5,-0.0455311,0.167455
57.52,-0.5,-0.0457326,0.167455
57.522,-0.5,-0.0447253,0.167455
57.524,-0.5,-0.0457326,0.167455
57.526,-0.5,-0.0455311,0.167455
57.528,-0.5,-0.0449267,0.167455
57.53,-0.5,-0.0449267,0.167455
57.532,-0.5,-0.0455311,0.167455
57.534,-0.5,-0.0457326,0.167455
57.536,-0.5,-0.0464377,0.167455
57.538,-0.5,-0.0453297,0.167455
57.54,-0.5,-0.0454304,0.167455
57.542,-0.5,-0.044826,0.167455
57.544,-0.5,-0.0450275,0.167455
57.546,-0.5,-0.0454304,0.167455
57.548,-0.5,-0.0454304,0.167455
57.55,-0.5,-0.0452289,0.167455
57.552,-0.5,-0.044826,0.167455
57.554,-0.5,-0.0456319,0.167455
57.556,-0.5,-0.0449267,0.167455
57.558,-0.5,-0.0443223,0.167455
57.56,-0.5,-0.0451282,0.167455
57.562,-0.5,-0.0450275,0.167455
57.564,-0.5,-0.0444231,0.167455
57.566,-0.5,-0.0451282,0.167455
57.568,-0.5,-0.0445238,0.167455
57.57,-0.5,-0.0446245,0.167455
57.572,-0.5,-0.0446245,0.167455
57.574,-0.5,-0.0452289,0.166417
57.576,-0.5,-0.0450275,0.162021
57.578,-0.5,-0.0445238,0.157845
57.58,-0.5,-0.0455311,0.153891
57.582,-0.5,-0.0450275,0.150124
57.584,-0.5,-0.0450275,0.146534
57.586,-0.5,-0.0454304,0.143121
57.588,-0.5,-0.0441209,0.13987
57.59,-0.5,-0.0449267,0.136743
57.592,-0.5,-0.0451282,0.133765
57.594,-0.5,-0.0450275,0.130908
57.596,-0.5,-0.0443223,0.128176
57.598,-0.5,-0.0446245,0.125544
57.6,-0.5,-0.0447253,0.12303
57.602,-0.5,-0.0447253,0.120615
57.604,-0.5,-0.0444231,0.118287
57.606,-0.5,-0.0445238,0.116052
57.608,-0.5,-0.0447253,0.1139
57.61,-0.5,-0.0450275,0.111818
57.612,-0.5,-0.0450275,0.109815
57.614,-0.5,-0.0445238,0.107896
57.616,-0.5,-0.0446245,0.10602
57.618,-0.5,-0.0450275,0.104221
57.62,-0.5,-0.0449267,0.102483
57.622,-0.5,-0.0455311,0.100801
57.624,-0.5,-0.0452289,0.0991665
57.626,-0.5,-0.0455311,0.0975948
57.628,-0.5,-0.0451282,0.0960676
57.63,-0.5,-0.0452289,0.0945862
57.632,-0.5,-0.0446245,0.0931483
57.634,-0.5,-0.0449267,0.0917549
57.636,-0.5,-0.0445238,0.0904014
57.638,-0.5,-0.044826,0.0890934
57.64,-0.5,-0.0451282,0.0878142
57.642,-0.5,-0.0452289,0.0865795
57.644,-0.5,-0.0457326,0.0853705
57.646,-0.5,-0.044826,0.0841975
57.648,-0.5,-0.0450275,0.0830631
57.65,-0.5,-0.0451282,0.0819489
57.652,-0.5,-0.0451282,0.0808696
57.654,-0.5,-0.0447253,0.079818
57.656,-0.5,-0.0455311,0.0787936
57.658,-0.5,-0.0445238,0.0777951
57.66,-0.5,-0.0446245,0.0768211
57.662,-0.5,-0.0444231,0.0758717
57.664,-0.5,-0.0454304,0.0749454
57.666,-0.5,-0.0447253,0.0740414
57.668,-0.5,-0.044826,0.0731568
57.67,-0.5,-0.0443223,0.0722946
57.672,-0.5,-0.0454304,0.0714556
57.674,-0.5,-0.0451282,0.0706313
57.676,-0.5,-0.0449267,0.0698277
57.678,-0.5,-0.0454304,0.0690423
57.68,-0.5,-0.0447253,0.0682741
57.682,-0.5,-0.0456319,0.0675229
57.684,-0.5,-0.0454304,0.0667863
57.686,-0.5,-0.0450275,0.0660673
57.688,-0.5,-0.0452289,0.0653639
57.69,-0.5,-0.0450275,0.0646748
57.692,-0.5,-0.0455311,0.0640006
57.694,-0.5,-0.0449267,0.0633384
57.696,-0.5,-0.0441209,0.0626914
57.698,-0.5,-0.0450275,0.0620595
57.7,-0.5,-0.0446245,0.0614364
57.702,-0.5,-0.0450275,0.0608274
57.704,-0.5,-0.0449267,0.0602311
57.706,-0.5,-0.0454304,0.0596466
57.708,-0.5,-0.0447253,0.059072
57.71,-0.5,-0.0453297,0.0585077
57.712,-0.5,-0.0451282,0.0579556
57.714,-0.5,-0.0445238,0.0574141
57.716,-0.5,-0.044826,0.0568801
57.718,-0.5,-0.0450275,0.0563584
57.72,-0.5,-0.0458333,0.0558459
57.722,-0.5,-0.0451282,0.0553415
57.724,-0.5,-0.0451282,0.0548466
57.726,-0.5,-0.0445238,0.0543613
57.728,-0.5,-0.0450275,0.0538845
57.73,-0.5,-0.0458333,0.0534158
57.732,-0.5,-0.0453297,0.0529543
57.734,-0.5,-0.044826,0.0525017
57.736,-0.5,-0.0449267,0.0520548
57.738,-0.5,-0.0456319,0.0516175
57.74,-0.5,-0.0440201,0.0511873
57.742,-0.5,-0.0451282,0.0507624
57.744,-0.5,-0.0450275,0.0503465
57.746,-0.5,-0.0451282,0.0499373
57.748,-0.5,-0.0447253,0.0495347
57.75,-0.5,-0.0445238,0.0491365
57.752,-0.5,-0.0453297,0.0487485
57.754,-0.5,-0.0447253,0.0483619
57.756,-0.5,-0.0445238,0.0479853
57.758,-0.5,-0.0454304,0.0476134
57.76,-0.5,-0.0455311,0.047246
57.762,-0.5,-0.0468407,0.0468839
57.764,-0.5,-0.0457326,0.0465289
57.766,-0.5,-0.0455311,0.0461791
57.768,-0.5,-0.044826,0.045834
57.77,-0.5,-0.044826,0.0454935
57.772,-0.5,-0.0453297,0.0451592
57.774,-0.5,-0.0443223,0.0448306
57.776,-0.5,-0.0446245,0.0445035
57.778,-0.5,-0.0454304,0.0441844
57.78,-0.5,-0.0459341,0.043868
57.782,-0.5,-0.0459341,0.043557
57.784,-0.5,-0.044826,0.0432489
57.786,-0.5,-0.0446245,0.0429466
57.788,-0.5,-0.0458333,0.0426485
57.79,-0.5,-0.0453297,0.0423531
57.792,-0.5,-0.044826,0.0420639
57.794,-0.5,-0.0458333,0.0417766
57.796,-0.5,-0.0456319,0.041495
57.798,-0.5,-0.0451282,0.0412153
57.8,-0.5,-0.0452289,0.0409405
57.802,-0.5,-0.0455311,0.0406695
57.804,-0.5,-0.0453297,0.0404021
57.806,-0.5,-0.0447253,0.0401375
57.808,-0.5,-0.0453297,0.039877
57.81,-0.5,-0.0453297,0.0396186
57.812,-0.5,-0.0452289,0.0393647
57.814,-0.5,-0.044826,0.0391141
57.816,-0.5,-0.0447253,0.0388667
57.818,-0.5,-0.0452289,0.0386212
57.82,-0.5,-0.0450275,0.03838
57.822,-0.5,-0.0454304,0.038141
57.824,-0.5,-0.0447253,0.0379057
57.826,-0.5,-0.0456319,0.0376732
57.828,-0.5,-0.0453297,0.0374437
57.83,-0.5,-0.0446245,0.0372158
57.832,-0.5,-0.0455311,0.0369926
57.834,-0.5,-0.0447253,0.0367696
57.836,-0.5,-0.0451282,0.0365509
57.838,-0.5,-0.0453297,0.0363347
57.84,-0.5,-0.0442216,0.0361211
57.842,-0.5,-0.0450275,0.0359099
57.844,-0.5,-0.0446245,0.0357006
57.846,-0.5,-0.0450275,0.0354934
57.848,-0.5,-0.0452289,0.0352901
57.85,-0.5,-0.0449267,0.035088
57.852,-0.5,-0.0449267,0.0348883
57.854,-0.5,-0.0453297,0.0346913
57.856,-0.5,-0.0440201,0.0344957
57.858,-0.5,-0.0450275,0.0343039
57.86,-0.5,-0.0453297,0.034113
57.862,-0.5,-0.0458333,0.0339236
57.864,-0.5,-0.0451282,0.0337374
57.866,-0.5,-0.0455311,0.0335531
57.868,-0.5,-0.0443223,0.03337
57.87,-0.5,-0.0445238,0.0331901
57.872,-0.5,-0.0450275,0.0330117
57.874,-0.5,-0.0449267,0.0328344
57.876,-0.5,-0.0457326,0.0326599
57.878,-0.5,-0.0453297,0.0324872
57.88,-0.5,-0.0451282,0.0323156
57.882,-0.5,-0.0451282,0.0321464
57.884,-0.5,-0.0444231,0.0319791
57.886,-0.5,-0.0450275,0.0318131
57.888,-0.5,-0.0449267,0.0316489
57.89,-0.5,-0.0451282,0.0314874
57.892,-0.5,-0.0453297,0.0313264
57.894,-0.5,-0.044826,0.0311672
57.896,-0.5,-0.0439194,0.0310091
57.898,-0.5,-0.0452289,0.0308534
57.9,-0.5,-0.0452289,0.0306993
57.902,-0.5,-0.0449267,0.0305462
57.904,-0.5,-0.0443223,0.030395
57.906,-0.5,-0.0458333,0.0302454
57.908,-0.5,-0.0453297,0.0300965
57.91,-0.5,-0.0442216,0.0299498
57.912,-0.5,-0.0454304,0.0298045
57.914,-0.5,-0.0451282,0.0296606
57.916,-0.5,-0.0455311,0.0295174
57.918,-0.5,-0.0452289,0.0293763
57.92,-0.5,-0.0449267,0.0292363
57.922,-0.5,-0.0449267,0.0290974
57.924,-0.5,-0.0440201,0.0289602
57.926,-0.5,-0.0451282,0.0288244
57.928,-0.5,-0.0446245,0.0286897
57.93,-0.5,-0.0454304,0.0285558
57.932,-0.5,-0.0452289,0.0284236
57.934,-0.5,-0.0451282,0.028293
57.936,-0.5,-0.0449267,0.0281627
57.938,-0.5,-0.0452289,0.0280342
57.94,-0.5,-0.0450275,0.0279068
57.942,-0.5,-0.0455311,0.0277806
57.944,-0.5,-0.0447253,0.0276552
57.946,-0.5,-0.0443223,0.0275311
57.948,-0.5,-0.0452289,0.0274083
57.95,-0.5,-0.0449267,0.0272862
57.952,-0.5,-0.0454304,0.0271656
57.954,-0.5,-0.0450275,0.0270454
57.956,-0.5,-0.0456319,0.0269268
57.958,-0.5,-0.044826,0.0268094
57.96,-0.5,-0.0453297,0.0266929
57.962,-0.5,-0.0445238,0.0265769
57.964,-0.5,-0.0455311,0.0264624
57.966,-0.5,-0.0451282,0.0263486
57.968,-0.5,-0.0452289,0.0262364
57.97,-0.5,-0.0449267,0.0261248
57.972,-0.5,-0.0456319,0.0260137
57.974,-0.5,-0.0451282,0.025904
57.976,-0.5,-0.0451282,0.0257947
57.978,-0.5,-0.0456319,0.0256869
57.98,-0.5,-0.0457326,0.0255799
57.982,-0.5,-0.0461355,0.0254739
57.984,-0.5,-0.046337,0.0253681
57.986,-0.5,-0.0453297,0.0252643
57.988,-0.5,-0.0451282,0.0251601
57.99,-0.5,-0.0447253,0.0250575
57.992,-0.5,-0.0452289,0.0249557
57.994,-0.5,-0.0455311,0.0248547
57.996,-0.5,-0.0447253,0.0247546
57.998,-0.5,-0.0452289,0.024655
58,-0.4,-0.0456319,0.0245562
58.002,-0.4,-0.0302198,0.0244585
58.004,-0.4,-0.0313278,0.0243612
58.006,-0.4,-0.03163,0.024265
58.008,-0.4,-0.0314286,0.0241691
58.01,-0.4,-0.0319322,0.0240744
58.012,-0.4,-0.0308242,0.0239805
58.014,-0.4,-0.0319322,0.0238869
58.016,-0.4,-0.03163,0.0237944
58.018,-0.4,-0.0318315,0.0237026
58.02,-0.4,-0.0312271,0.0236111
58.022,-0.4,-0.032033,0.0235208
58.024,-0.4,-0.03163,0.0234308
58.026,-0.4,-0.0321337,0.0233418
58.028,-0.4,-0.03163,0.0232534
58.03,-0.4,-0.0317308,0.0231657
58.032,-0.4,-0.0319322,0.0230783
58.034,-0.4,-0.0321337,0.0229923
58.036,-0.4,-0.0321337,0.0229059
58.038,-0.4,-0.032033,0.0228209
58.04,-0.4,-0.03163,0.0227364
58.042,-0.4,-0.0314286,0.0226522
58.044,-0.4,-0.0324359,0.0225694
58.046,-0.4,-0.0323352,0.0224866
58.048,-0.4,-0.0317308,0.0224044
58.05,-0.4,-0.0310256,0.0223228
58.052,-0.4,-0.0317308,0.0222418
58.054,-0.4,-0.0325366,0.0221617
58.056,-0.4,-0.0322344,0.0220816
58.058,-0.4,-0.0322344,0.0220024
58.06,-0.4,-0.03163,0.0219242
58.062,-0.4,-0.0319322,0.0218458
58.064,-0.4,-0.0324359,0.0217684
58.066,-0.4,-0.0315293,0.0216913
58.068,-0.4,-0.0330403,0.0216152
58.07,-0.4,-0.032033,0.0215392
58.072,-0.4,-0.0321337,0.0214637
58.074,-0.4,-0.0315293,0.0213889
58.076,-0.4,-0.0328388,0.0213146
58.078,-0.4,-0.0326374,0.0212408
58.08,-0.4,-0.0329396,0.0211676
58.082,-0.4,-0.033544,0.020417
58.084,-0.4,-0.0330403,0.020417
58.086,-0.4,-0.0322344,0.020417
58.088,-0.4,-0.0326374,0.020417
58.09,-0.4,-0.0327381,0.020417
58.092,-0.4,-0.0321337,0.020417
58.094,-0.4,-0.0322344,0.020417
58.096,-0.4,-0.0323352,0.020417
58.098,-0.4,-0.0329396,0.020417
58.1,-0.4,-0.0325366,0.020417
58.102,-0.4,-0.0334432,0.020417
58.104,-0.4,-0.0318315,0.020417
58.106,-0.4,-0.0313278,0.020417
58.108,-0.4,-0.0330403,0.020417
58.11,-0.4,-0.0324359,0.020417
58.112,-0.4,-0.0324359,0.020417
58.114,-0.4,-0.0328388,0.020417
58.116,-0.4,-0.0314286,0.020417
58.118,-0.4,-0.0325366,0.020417
58.12,-0.4,-0.0324359,0.020417
58.122,-0.4,-0.032033,0.020417
58.124,-0.4,-0.0318315,0.020417
58.126,-0.4,-0.032033,0.020417
58.128,-0.4,-0.0323352,0.020417
58.13,-0.4,-0.0319322,0.233669
58.132,-0.4,-0.0324359,0.233669
58.134,-0.4,-0.0323352,0.233669
58.136,-0.4,-0.03163,0.233669
58.138,-0.4,-0.0318315,0.233669
58.14,-0.4,-0.0321337,0.233669
58.142,-0.4,-0.0317308,0.233669
58.144,-0.4,-0.0315293,0.233669
58.146,-0.4,-0.0325366,0.233669
58.148,-0.4,-0.0324359,0.233669
58.15,-0.4,-0.0318315,0.233669
58.152,-0.4,-0.0322344,0.233669
58.154,-0.4,-0.0312271,0.233669
58.156,-0.4,-0.0323352,0.233669
58.158,-0.4,-0.0328388,0.233669
58.16,-0.4,-0.0326374,0.233669
58.162,-0.4,-0.0313278,0.233669
58.164,-0.4,-0.0318315,0.233669
58.166,-0.4,-0.0318315,0.233669
58.168,-0.4,-0.0325366,0.233669
58.17,-0.4,-0.0317308,0.233669
58.172,-0.4,-0.0322344,0.233669
58.174,-0.4,-0.0317308,0.233669
58.176,-0.4,-0.0322344,0.233669
58.178,-0.4,-0.0326374,0.233669
58.18,-0.4,-0.0339469,0.233669
58.182,-0.4,-0.0347527,0.247125
58.184,-0.4,-0.033544,0.247125
58.186,-0.4,-0.033544,0.247125
58.188,-0.4,-0.0343498,0.247125
58.19,-0.4,-0.0341484,0.247125
58.192,-0.4,-0.0345513,0.247125
58.194,-0.4,-0.0340476,0.247125
58.196,-0.4,-0.0342491,0.247125
58.198,-0.4,-0.0340476,0.247125
58.2,-0.4,-0.0337454,0.247125
58.202,-0.4,-0.0344505,0.247125
58.204,-0.4,-0.0344505,0.247125
58.206,-0.4,-0.0333425,0.247125
58.208,-0.4,-0.0339469,0.247125
58.21,-0.4,-0.0337454,0.247125
58.212,-0.4,-0.0339469,0.247125
58.214,-0.4,-0.0342491,0.247125
58.216,-0.4,-0.0344505,0.247125
58.218,-0.4,-0.0348535,0.247125
58.22,-0.4,-0.0342491,0.247125
58.222,-0.4,-0.0339469,0.247125
58.224,-0.4,-0.0339469,0.247125
58.226,-0.4,-0.0336447,0.247125
58.228,-0.4,-0.0340476,0.247125
58.23,-0.4,-0.0342491,0.247125
58.232,-0.4,-0.0338462,0.243723
58.234,-0.4,-0.0333425,0.234397
58.236,-0.4,-0.0336447,0.225756
58.238,-0.4,-0.033544,0.217746
58.24,-0.4,-0.0345513,0.210287
58.242,-0.4,-0.0343498,0.203321
58.244,-0.4,-0.0344505,0.196801
58.246,-0.4,-0.0338462,0.190715
58.248,-0.4,-0.0333425,0.184943
58.25,-0.4,-0.0343498,0.179535
58.252,-0.4,-0.0332418,0.174421
58.254,-0.4,-0.0342491,0.169599
58.256,-0.4,-0.0339469,0.165039
58.258,-0.4,-0.0343498,0.160719
58.26,-0.4,-0.0332418,0.15662
58.262,-0.4,-0.033141,0.152713
58.264,-0.4,-0.033544,0.14902
58.266,-0.4,-0.0344505,0.145483
58.268,-0.4,-0.0342491,0.142106
58.27,-0.4,-0.0338462,0.192167
58.272,-0.4,-0.0341484,0.192167
58.274,-0.4,-0.0341484,0.192167
58.276,-0.4,-0.0334432,0.192167
58.278,-0.4,-0.0342491,0.192167
58.28,-0.4,-0.0340476,0.192167
58.282,-0.4,-0.0336447,0.192167
58.284,-0.4,-0.0334432,0.192167
58.286,-0.4,-0.033141,0.192167
58.288,-0.4,-0.0339469,0.192167
58.29,-0.4,-0.0342491,0.192167
58.292,-0.4,-0.0336447,0.192167
58.294,-0.4,-0.0333425,0.192167
58.296,-0.4,-0.0343498,0.192167
58.298,-0.4,-0.033544,0.192167
58.3,-0.4,-0.0343498,0.192167
58.302,-0.4,-0.033141,0.192167
58.304,-0.4,-0.0329396,0.192167
58.306,-0.4,-0.0339469,0.192167
58.308,-0.4,-0.0339469,0.192167
58.31,-0.4,-0.0334432,0.192167
58.312,-0.4,-0.0342491,0.192167
58.314,-0.4,-0.0343498,0.192167
58.316,-0.4,-0.0343498,0.192167
58.318,-0.4,-0.033141,0.192167
58.32,-0.4,-0.0343498,0.192167
58.322,-0.4,-0.0343498,0.192167
58.324,-0.4,-0.0337454,0.192167
58.326,-0.4,-0.0345513,0.192167
58.328,-0.4,-0.0343498,0.192167
58.33,-0.4,-0.033544,0.192167
58.332,-0.4,-0.0337454,0.192167
58.334,-0.4,-0.0340476,0.188939
58.336,-0.4,-0.0342491,0.183311
58.338,-0.4,-0.0313278,0.177997
58.34,-0.4,-0.0317308,0.172959
58.342,-0.4,-0.0323352,0.168228
58.344,-0.4,-0.032033,0.163733
58.346,-0.4,-0.0322344,0.159478
58.348,-0.4,-0.03163,0.155448
58.35,-0.4,-0.0317308,0.125846
58.352,-0.4,-0.0314286,0.125846
58.354,-0.4,-0.032033,0.125846
58.356,-0.4,-0.0328388,0.125846
58.358,-0.4,-0.0324359,0.125846
58.36,-0.4,-0.0323352,0.125846
58.362,-0.4,-0.032033,0.125846
58.364,-0.4,-0.0315293,0.125846
58.366,-0.4,-0.0327381,0.125846
58.368,-0.4,-0.0314286,0.125846
58.37,-0.4,-0.0324359,0.125846
58.372,-0.4,-0.0317308,0.125846
58.374,-0.4,-0.0327381,0.125846
58.376,-0.4,-0.0319322,0.125846
58.378,-0.4,-0.0318315,0.125846
58.38,-0.4,-0.032033,0.125846
58.382,-0.4,-0.0326374,0.125846
58.384,-0.4,-0.0321337,0.125846
58.386,-0.4,-0.0327381,0.125846
58.388,-0.4,-0.0328388,0.125846
58.39,-0.4,-0.0321337,0.125846
58.392,-0.4,-0.0318315,0.125846
58.394,-0.4,-0.032033,0.125846
58.396,-0.4,-0.0327381,0.125846
58.398,-0.4,-0.032033,0.125846
58.4,-0.4,-0.0324359,0.125846
58.402,-0.4,-0.0322344,0.198611
58.404,-0.4,-0.0323352,0.198611
58.406,-0.4,-0.0329396,0.198611
58.408,-0.4,-0.0319322,0.198611
58.41,-0.4,-0.032033,0.198611
58.412,-0.4,-0.0321337,0.198611
58.414,-0.4,-0.0329396,0.198611
58.416,-0.4,-0.0325366,0.198611
58.418,-0.4,-0.0321337,0.198611
58.42,-0.4,-0.03163,0.198611
58.422,-0.4,-0.0324359,0.198611
58.424,-0.4,-0.0332418,0.198611
58.426,-0.4,-0.033141,0.198611
58.428,-0.4,-0.0327381,0.198611
58.43,-0.4,-0.033141,0.198611
58.432,-0.4,-0.0319322,0.198611
58.434,-0.4,-0.0327381,0.198611
58.436,-0.4,-0.0327381,0.198611
58.438,-0.4,-0.0329396,0.198611
58.44,-0.4,-0.0330403,0.198611
58.442,-0.4,-0.0322344,0.198611
58.444,-0.4,-0.0327381,0.198611
58.446,-0.4,-0.0326374,0.264514
58.448,-0.4,-0.0328388,0.264514
58.45,-0.4,-0.0327381,0.264514
58.452,-0.4,-0.0324359,0.264514
58.454,-0.4,-0.0323352,0.264514
58.456,-0.4,-0.0323352,0.264514
58.458,-0.4,-0.0318315,0.264514
58.46,-0.4,-0.0328388,0.264514
58.462,-0.4,-0.0325366,0.264514
58.464,-0.4,-0.0330403,0.264514
58.466,-0.4,-0.0328388,0.264514
58.468,-0.4,-0.0322344,0.264514
58.47,-0.4,-0.0323352,0.264514
58.472,-0.4,-0.0318315,0.264514
58.474,-0.4,-0.0322344,0.264514
58.476,-0.4,-0.0330403,0.264514
58.478,-0.4,-0.0326374,0.264514
58.48,-0.4,-0.03163,0.264514
58.482,-0.4,-0.0319322,0.264514
58.484,-0.4,-0.0318315,0.264514
58.486,-0.4,-0.0324359,0.264514
58.488,-0.4,-0.0326374,0.264514
58.49,-0.4,-0.0322344,0.264514
58.492,-0.4,-0.0322344,0.263737
58.494,-0.4,-0.0323352,0.28005
58.496,-0.4,-0.0324359,0.28005
58.498,-0.4,-0.0327381,0.28005
58.5,-0.4,-0.0318315,0.28005
58.502,-0.4,-0.0317308,0.28005
58.504,-0.4,-0.0313278,0.28005
58.506,-0.4,-0.0323352,0.28005
58.508,-0.4,-0.0313278,0.28005
58.51,-0.4,-0.0315293,0.28005
58.512,-0.4,-0.032033,0.28005
58.514,-0.4,-0.0313278,0.28005
58.516,-0.4,-0.0319322,0.28005
58.518,-0.4,-0.0319322,0.28005
58.52,-0.4,-0.0310256,0.28005
58.522,-0.4,-0.0322344,0.28005
58.524,-0.4,-0.0314286,0.28005
58.526,-0.4,-0.0325366,0.28005
58.528,-0.4,-0.0313278,0.28005
58.53,-0.4,-0.0322344,0.28005
58.532,-0.4,-0.0323352,0.28005
58.534,-0.4,-0.0322344,0.28005
58.536,-0.4,-0.0317308,0.28005
58.538,-0.4,-0.0318315,0.277172
58.54,-0.4,-0.0324359,0.265193
58.542,-0.4,-0.0321337,0.254212
58.544,-0.4,-0.0323352,0.244108
58.546,-0.4,-0.0315293,0.234769
58.548,-0.4,-0.0322344,0.226146
58.55,-0.4,-0.0319322,0.218088
58.552,-0.4,-0.0324359,0.210604
58.554,-0.4,-0.0322344,0.203638
58.556,-0.4,-0.032033,0.197081
58.558,-0.4,-0.0317308,0.190924
58.56,-0.4,-0.0317308,0.185164
58.562,-0.4,-0.0314286,0.179741
58.564,-0.4,-0.0315293,0.174629
58.566,-0.4,-0.0312271,0.169799
58.568,-0.4,-0.0308242,0.165222
58.57,-0.4,-0.0312271,0.160908
58.572,-0.4,-0.0315293,0.156787
58.574,-0.4,-0.0314286,0.152877
58.576,-0.4,-0.0322344,0.149169
58.578,-0.4,-0.0313278,0.145629
58.58,-0.4,-0.0314286,0.142253
58.582,-0.4,-0.0314286,0.139017
58.584,-0.4,-0.030522,0.135939
58.586,-0.4,-0.0314286,0.212879
58.588,-0.4,-0.0319322,0.212879
58.59,-0.4,-0.0314286,0.212879
58.592,-0.4,-0.03163,0.212879
58.594,-0.4,-0.03163,0.212879
58.596,-0.4,-0.0308242,0.212879
58.598,-0.4,-0.0314286,0.212879
58.6,-0.4,-0.0307234,0.212879
58.602,-0.4,-0.0312271,0.212879
58.604,-0.4,-0.0303205,0.212879
58.606,-0.4,-0.0314286,0.212879
58.608,-0.4,-0.030522,0.212879
58.61,-0.4,-0.0311264,0.212879
58.612,-0.4,-0.0312271,0.212879
58.614,-0.4,-0.0309249,0.212879
58.616,-0.4,-0.0308242,0.212879
58.618,-0.4,-0.0307234,0.212879
58.62,-0.4,-0.0308242,0.212879
58.622,-0.4,-0.0315293,0.212879
58.624,-0.4,-0.0306227,0.212879
58.626,-0.4,-0.0311264,0.212879
58.628,-0.4,-0.0310256,0.212879
58.63,-0.4,-0.03163,0.212879
58.632,-0.4,-0.0319322,0.212879
58.634,-0.4,-0.0309249,0.212879
58.636,-0.4,-0.0308242,0.212879
58.638,-0.4,-0.0310256,0.212879
58.64,-0.4,-0.0308242,0.212879
58.642,-0.4,-0.0308242,0.212879
58.644,-0.4,-0.0313278,0.209242
58.646,-0.4,-0.0306227,0.202334
58.648,-0.4,-0.0314286,0.195862
58.65,-0.4,-0.0303205,0.189809
58.652,-0.4,-0.0306227,0.184121
58.654,-0.4,-0.0307234,0.178751
58.656,-0.4,-0.030522,0.173686
58.658,-0.4,-0.0312271,0.168917
58.66,-0.4,-0.0311264,0.164405
58.662,-0.4,-0.0312271,0.160091
58.664,-0.4,-0.0307234,0.156016
58.666,-0.4,-0.0310256,0.15215
58.668,-0.4,-0.0313278,0.148472
58.67,-0.4,-0.0310256,0.144976
58.672,-0.4,-0.0312271,0.141626
58.674,-0.4,-0.0313278,0.138427
58.676,-0.4,-0.0314286,0.13537
58.678,-0.4,-0.0312271,0.132457
58.68,-0.4,-0.0314286,0.129653
58.682,-0.4,-0.0310256,0.126972
58.684,-0.4,-0.0309249,0.124391
58.686,-0.4,-0.0317308,0.121927
58.688,-0.4,-0.0308242,0.119549
58.69,-0.4,-0.0309249,0.11726
58.692,-0.4,-0.0307234,0.115069
58.694,-0.4,-0.0310256,0.112942
58.696,-0.4,-0.0314286,0.110904
58.698,-0.4,-0.0315293,0.108933
58.7,-0.4,-0.0308242,0.107038
58.702,-0.4,-0.0314286,0.105201
58.704,-0.4,-0.0303205,0.103426
58.706,-0.4,-0.0308242,0.101709
58.708,-0.4,-0.0300183,0.100056
58.71,-0.4,-0.0307234,0.098448
58.712,-0.4,-0.0314286,0.0968914
58.714,-0.4,-0.0309249,0.0953864
58.716,-0.4,-0.0315293,0.0939283
58.718,-0.4,-0.0309249,0.0925168
58.72,-0.4,-0.0311264,0.0911363
58.722,-0.4,-0.0312271,0.0898047
58.724,-0.4,-0.0310256,0.0885136
58.726,-0.4,-0.0307234,0.0872498
58.728,-0.4,-0.03163,0.0860232
58.73,-0.4,-0.0308242,0.0848393
58.732,-0.4,-0.0307234,0.0836788
58.734,-0.4,-0.0310256,0.0825567
58.736,-0.4,-0.0308242,0.0814593
58.738,-0.4,-0.0304212,0.0803909
58.74,-0.4,-0.0299176,0.0793515
58.742,-0.4,-0.0309249,0.0783369
58.744,-0.4,-0.03163,0.077351
58.746,-0.4,-0.0306227,0.0763887
58.748,-0.4,-0.0308242,0.0754467
58.75,-0.4,-0.0317308,0.0745329
58.752,-0.4,-0.0309249,0.0736391
58.754,-0.4,-0.0310256,0.0727645
58.756,-0.4,-0.0309249,0.0719108
58.758,-0.4,-0.0303205,0.0710769
58.76,-0.4,-0.0310256,0.0702652
58.762,-0.4,-0.0309249,0.0694703
58.764,-0.4,-0.0310256,0.0686915
58.766,-0.4,-0.0319322,0.0679323
58.768,-0.4,-0.0313278,0.0671877
58.77,-0.4,-0.0308242,0.0664588
58.772,-0.4,-0.0310256,0.0657473
58.774,-0.4,-0.0308242,0.0650482
58.776,-0.4,-0.0309249,0.0643681
58.778,-0.4,-0.0308242,0.0637004
58.78,-0.4,-0.0313278,0.0630464
58.782,-0.4,-0.0315293,0.0624023
58.784,-0.4,-0.0307234,0.0617749
58.786,-0.4,-0.0309249,0.0611584
58.788,-0.4,-0.0314286,0.0605553
58.79,-0.4,-0.0308242,0.0599644
58.792,-0.4,-0.0303205,0.0593857
58.794,-0.4,-0.0302198,0.0588142
58.796,-0.4,-0.0314286,0.0582567
58.798,-0.4,-0.0314286,0.0577081
58.8,-0.4,-0.0314286,0.0571698
58.802,-0.4,-0.0309249,0.0566436
58.804,-0.4,-0.0312271,0.0561271
58.806,-0.4,-0.0313278,0.0556163
58.808,-0.4,-0.0311264,0.0551162
58.81,-0.4,-0.0313278,0.0546249
58.812,-0.4,-0.0307234,0.0541443
58.814,-0.4,-0.0312271,0.0536723
58.816,-0.4,-0.03163,0.0532051
58.818,-0.4,-0.0315293,0.0527465
58.82,-0.4,-0.0308242,0.0522973
58.822,-0.4,-0.0307234,0.0518557
58.824,-0.4,-0.0309249,0.0514226
58.826,-0.4,-0.0310256,0.0509935
58.828,-0.4,-0.0314286,0.0505739
58.83,-0.4,-0.0310256,0.0501619
58.832,-0.4,-0.0309249,0.0497533
58.834,-0.4,-0.0308242,0.0493538
58.836,-0.4,-0.0313278,0.0489595
58.838,-0.4,-0.0303205,0.0485715
58.84,-0.4,-0.0308242,0.0481912
58.842,-0.4,-0.0308242,0.047815
58.844,-0.4,-0.0314286,0.0474449
58.846,-0.4,-0.0309249,0.0470811
58.848,-0.4,-0.0300183,0.046722
58.85,-0.4,-0.0310256,0.0463702
58.852,-0.4,-0.0315293,0.0460218
58.854,-0.4,-0.0307234,0.0456788
58.856,-0.4,-0.0310256,0.0453423
58.858,-0.4,-0.0310256,0.0450093
58.86,-0.4,-0.0311264,0.0446812
58.862,-0.4,-0.0302198,0.0443582
58.864,-0.4,-0.0309249,0.0440394
58.866,-0.4,-0.0309249,0.0437261
58.868,-0.4,-0.0315293,0.043417
58.87,-0.4,-0.0299176,0.0431115
58.872,-0.4,-0.0309249,0.0428102
58.874,-0.4,-0.0308242,0.0425145
58.876,-0.4,-0.0310256,0.0422216
58.878,-0.4,-0.0310256,0.041934
58.88,-0.4,-0.0309249,0.0416483
58.882,-0.4,-0.0311264,0.0413671
58.884,-0.4,-0.0307234,0.041091
58.886,-0.4,-0.0318315,0.0408173
58.888,-0.4,-0.0309249,0.0405485
58.89,-0.4,-0.0312271,0.0402808
58.892,-0.4,-0.0304212,0.0400188
58.894,-0.4,-0.0307234,0.0397592
58.896,-0.4,-0.030522,0.039503
58.898,-0.4,-0.0313278,0.0392511
58.9,-0.4,-0.0307234,0.0390014
58.902,-0.4,-0.0308242,0.0387546
58.904,-0.4,-0.0311264,0.0385122
58.906,-0.4,-0.0307234,0.038271
58.908,-0.4,-0.0304212,0.0380342
58.91,-0.4,-0.0314286,0.0378001
58.912,-0.4,-0.030119,0.0375683
58.914,-0.4,-0.0311264,0.03734
58.916,-0.4,-0.0304212,0.0371139
58.918,-0.4,-0.030522,0.0368905
58.92,-0.4,-0.0302198,0.0366708
58.922,-0.4,-0.0309249,0.0364526
58.924,-0.4,-0.0311264,0.0362371
58.926,-0.4,-0.0306227,0.0360241
58.928,-0.4,-0.0300183,0.0358145
58.93,-0.4,-0.0308242,0.0356065
58.932,-0.4,-0.0308242,0.0354012
58.934,-0.4,-0.0307234,0.0351978
58.936,-0.4,-0.0307234,0.0349968
58.938,-0.4,-0.0302198,0.0347987
58.94,-0.4,-0.0304212,0.0346027
58.942,-0.4,-0.0304212,0.034408
58.944,-0.4,-0.0308242,0.0342163
58.946,-0.4,-0.0315293,0.0340268
58.948,-0.4,-0.0303205,0.0338389
58.95,-0.4,-0.0306227,0.0336532
58.952,-0.4,-0.0306227,0.0334707
58.954,-0.4,-0.0309249,0.033288
58.956,-0.4,-0.030119,0.0331086
58.958,-0.4,-0.0309249,0.0329311
58.96,-0.4,-0.0310256,0.0327556
58.962,-0.4,-0.0312271,0.0325819
58.964,-0.4,-0.03163,0.0324095
58.966,-0.4,-0.0310256,0.0322391
58.968,-0.4,-0.030522,0.0320708
58.97,-0.4,-0.0307234,0.0319038
58.972,-0.4,-0.0295147,0.031739
58.974,-0.4,-0.0310256,0.0315751
58.976,-0.4,-0.0309249,0.0314137
58.978,-0.4,-0.0309249,0.0312539
58.98,-0.4,-0.0310256,0.031095
58.982,-0.4,-0.0302198,0.0309384
58.984,-0.4,-0.0304212,0.0307829
58.986,-0.4,-0.0299176,0.0306294
58.988,-0.4,-0.0298168,0.0304775
58.99,-0.4,-0.030522,0.0303271
58.992,-0.4,-0.0303205,0.0301774
58.994,-0.4,-0.0299176,0.0300305
58.996,-0.4,-0.0300183,0.0298838
58.998,-0.4,-0.030522,0.0297391
59,-0.3,-0.0311264,0.0295959
59.002,-0.3,-0.0163187,0.0294534
59.004,-0.3,-0.0164194,0.0293128
59.006,-0.3,-0.0170238,0.0291732
59.008,-0.3,-0.0171245,0.0290351
59.01,-0.3,-0.0167216,0.0288991
59.012,-0.3,-0.0166209,0.0287629
59.014,-0.3,-0.0165201,0.0286288
59.016,-0.3,-0.0164194,0.0284964
59.018,-0.3,-0.0168223,0.0283644
59.02,-0.3,-0.0176282,0.0282335
59.022,-0.3,-0.0174267,0.0281044
59.024,-0.3,-0.0172253,0.0279763
59.026,-0.3,-0.0170238,0.027849
59.028,-0.3,-0.017326,0.0277233
59.03,-0.3,-0.0175275,0.0275988
59.032,-0.3,-0.0172253,0.0274751
59.034,-0.3,-0.0170238,0.0273525
59.036,-0.3,-0.0175275,0.0272315
59.038,-0.3,-0.0169231,0.027111
59.04,-0.3,-0.0174267,0.0269918
59.042,-0.3,-0.0181319,0.0268732
59.044,-0.3,-0.0181319,0.0267564
59.046,-0.3,-0.0170238,0.0266403
59.048,-0.3,-0.0166209,0.0265249
59.05,-0.3,-0.0174267,0.0264108
59.052,-0.3,-0.0179304,0.0262979
59.054,-0.3,-0.0174267,0.0261854
59.056,-0.3,-0.0174267,0.0260742
59.058,-0.3,-0.0176282,0.0259639
59.06,-0.3,-0.0178297,0.0258546
59.062,-0.3,-0.0175275,0.0257461
59.064,-0.3,-0.0180311,0.0256381
59.066,-0.3,-0.0172253,0.0255315
59.068,-0.3,-0.017326,0.0254257
59.07,-0.3,-0.0182326,0.0253211
59.072,-0.3,-0.0182326,0.025217
59.074,-0.3,-0.0175275,0.0238129
59.076,-0.3,-0.0181319,0.0238129
59.078,-0.3,-0.0171245,0.0238129
59.08,-0.3,-0.0184341,0.0238129
59.082,-0.3,-0.0177289,0.0238129
59.084,-0.3,-0.0177289,0.0238129
59.086,-0.3,-0.0177289,0.0238129
59.088,-0.3,-0.0175275,0.0238129
59.09,-0.3,-0.0172253,0.0238129
59.092,-0.3,-0.0163187,0.0238129
59.094,-0.3,-0.0171245,0.0238129
59.096,-0.3,-0.0163187,0.0238129
59.098,-0.3,-0.0174267,0.0238129
59.1,-0.3,-0.0163187,0.0238129
59.102,-0.3,-0.0184341,0.0238129
59.104,-0.3,-0.0178297,0.0238129
59.106,-0.3,-0.0177289,0.0238129
59.108,-0.3,-0.0180311,0.0238129
59.11,-0.3,-0.017326,0.0238129
59.112,-0.3,-0.0184341,0.0238129
59.114,-0.3,-0.0170238,0.0238129
59.116,-0.3,-0.0172253,0.0238129
59.118,-0.3,-0.0182326,0.0238129
59.12,-0.3,-0.0179304,0.0238129
59.122,-0.3,-0.0180311,0.217086
59.124,-0.3,-0.0177289,0.217086
59.126,-0.3,-0.0185348,0.217086
59.128,-0.3,-0.0177289,0.217086
59.13,-0.3,-0.0179304,0.217086
59.132,-0.3,-0.0183333,0.217086
59.134,-0.3,-0.0172253,0.217086
59.136,-0.3,-0.0178297,0.217086
59.138,-0.3,-0.0177289,0.217086
59.14,-0.3,-0.0178297,0.217086
59.142,-0.3,-0.0175275,0.217086
59.144,-0.3,-0.0180311,0.217086
59.146,-0.3,-0.0181319,0.217086
59.148,-0.3,-0.0181319,0.217086
59.15,-0.3,-0.0179304,0.217086
59.152,-0.3,-0.0174267,0.217086
59.154,-0.3,-0.0176282,0.217086
59.156,-0.3,-0.0186355,0.217086
59.158,-0.3,-0.0179304,0.217086
59.16,-0.3,-0.0177289,0.217086
59.162,-0.3,-0.0182326,0.217086
59.164,-0.3,-0.0170238,0.217086
59.166,-0.3,-0.0178297,0.217086
59.168,-0.3,-0.0175275,0.217086
59.17,-0.3,-0.0177289,0.264989
59.172,-0.3,-0.0172253,0.264989
59.174,-0.3,-0.0174267,0.264989
59.176,-0.3,-0.0174267,0.264989
59.178,-0.3,-0.0186355,0.264989
59.18,-0.3,-0.0176282,0.264989
59.182,-0.3,-0.0182326,0.264989
59.184,-0.3,-0.0168223,0.264989
59.186,-0.3,-0.0176282,0.264989
59.188,-0.3,-0.0170238,0.264989
59.19,-0.3,-0.0185348,0.264989
59.192,-0.3,-0.0170238,0.264989
59.194,-0.3,-0.0168223,0.264989
59.196,-0.3,-0.0175275,0.264989
59.198,-0.3,-0.0178297,0.264989
59.2,-0.3,-0.017326,0.264989
59.202,-0.3,-0.0181319,0.264989
59.204,-0.3,-0.0178297,0.264989
59.206,-0.3,-0.0177289,0.264989
59.208,-0.3,-0.0179304,0.264989
59.21,-0.3,-0.0171245,0.264989
59.212,-0.3,-0.0180311,0.264989
59.214,-0.3,-0.0177289,0.264989
59.216,-0.3,-0.0175275,0.255951
59.218,-0.3,-0.0184341,0.245681
59.22,-0.3,-0.0184341,0.250594
59.222,-0.3,-0.0170238,0.250594
59.224,-0.3,-0.0166209,0.250594
59.226,-0.3,-0.0175275,0.250594
59.228,-0.3,-0.0165201,0.250594
59.23,-0.3,-0.0164194,0.250594
59.232,-0.3,-0.0172253,0.250594
59.234,-0.3,-0.0171245,0.250594
59.236,-0.3,-0.0170238,0.250594
59.238,-0.3,-0.0180311,0.250594
59.24,-0.3,-0.0178297,0.250594
59.242,-0.3,-0.0172253,0.250594
59.244,-0.3,-0.0172253,0.250594
59.246,-0.3,-0.0181319,0.250594
59.248,-0.3,-0.0175275,0.250594
59.25,-0.3,-0.017326,0.250594
59.252,-0.3,-0.0178297,0.250594
59.254,-0.3,-0.0181319,0.250594
59.256,-0.3,-0.0162179,0.250594
59.258,-0.3,-0.0177289,0.250594
59.26,-0.3,-0.0169231,0.250594
59.262,-0.3,-0.0168223,0.250594
59.264,-0.3,-0.0180311,0.250594
59.266,-0.3,-0.0172253,0.250594
59.268,-0.3,-0.017326,0.246296
59.27,-0.3,-0.0169231,0.236796
59.272,-0.3,-0.0179304,0.227973
59.274,-0.3,-0.0177289,0.219834
59.276,-0.3,-0.0175275,0.212214
59.278,-0.3,-0.0179304,0.223425
59.28,-0.3,-0.0176282,0.223425
59.282,-0.3,-0.0182326,0.223425
59.284,-0.3,-0.0180311,0.223425
59.286,-0.3,-0.017326,0.223425
59.288,-0.3,-0.0180311,0.223425
59.29,-0.3,-0.0171245,0.223425
59.292,-0.3,-0.0176282,0.223425
59.294,-0.3,-0.0174267,0.223425
59.296,-0.3,-0.0176282,0.223425
59.298,-0.3,-0.0177289,0.223425
59.3,-0.3,-0.0171245,0.223425
59.302,-0.3,-0.0174267,0.223425
59.304,-0.3,-0.0174267,0.223425
59.306,-0.3,-0.0177289,0.223425
59.308,-0.3,-0.0171245,0.223425
59.31,-0.3,-0.0174267,0.223425
59.312,-0.3,-0.0176282,0.223425
59.314,-0.3,-0.0182326,0.223425
59.316,-0.3,-0.0176282,0.223425
59.318,-0.3,-0.0176282,0.223425
59.32,-0.3,-0.0168223,0.223425
59.322,-0.3,-0.0168223,0.223425
59.324,-0.3,-0.0183333,0.223425
59.326,-0.3,-0.0180311,0.223425
59.328,-0.3,-0.017326,0.219949
59.33,-0.3,-0.0178297,0.219949
59.332,-0.3,-0.0176282,0.219949
59.334,-0.3,-0.0182326,0.219949
59.336,-0.3,-0.0171245,0.219949
59.338,-0.3,-0.0177289,0.219949
59.34,-0.3,-0.0177289,0.219949
59.342,-0.3,-0.0175275,0.219949
59.344,-0.3,-0.0175275,0.219949
59.346,-0.3,-0.0175275,0.219949
59.348,-0.3,-0.0179304,0.219949
59.35,-0.3,-0.0175275,0.219949
59.352,-0.3,-0.0166209,0.219949
59.354,-0.3,-0.0178297,0.219949
59.356,-0.3,-0.0182326,0.219949
59.358,-0.3,-0.0176282,0.219949
59.36,-0.3,-0.0172253,0.219949
59.362,-0.3,-0.0180311,0.219949
59.364,-0.3,-0.0169231,0.219949
59.366,-0.3,-0.0183333,0.219949
59.368,-0.3,-0.0177289,0.27505
59.37,-0.3,-0.0181319,0.27505
59.372,-0.3,-0.0181319,0.27505
59.374,-0.3,-0.0176282,0.27505
59.376,-0.3,-0.0178297,0.27505
59.378,-0.3,-0.0177289,0.27505
59.38,-0.3,-0.0184341,0.27505
59.382,-0.3,-0.0191392,0.27505
59.384,-0.3,-0.0184341,0.27505
59.386,-0.3,-0.0178297,0.27505
59.388,-0.3,-0.0171245,0.27505
59.39,-0.3,-0.0183333,0.27505
59.392,-0.3,-0.0187363,0.27505
59.394,-0.3,-0.0184341,0.27505
59.396,-0.3,-0.0192399,0.27505
59.398,-0.3,-0.0183333,0.27505
59.4,-0.3,-0.0184341,0.27505
59.402,-0.3,-0.0186355,0.27505
59.404,-0.3,-0.0174267,0.324143
59.406,-0.3,-0.0174267,0.324143
59.408,-0.3,-0.0183333,0.324143
59.41,-0.3,-0.0181319,0.324143
59.412,-0.3,-0.0179304,0.324143
59.414,-0.3,-0.0189377,0.324143
59.416,-0.3,-0.0175275,0.324143
59.418,-0.3,-0.0176282,0.324143
59.42,-0.3,-0.0187363,0.324143
59.422,-0.3,-0.0193407,0.324143
59.424,-0.3,-0.0184341,0.324143
59.426,-0.3,-0.0170238,0.324143
59.428,-0.3,-0.0183333,0.324143
59.43,-0.3,-0.0179304,0.324143
59.432,-0.3,-0.0180311,0.324143
59.434,-0.3,-0.0182326,0.324143
59.436,-0.3,-0.0191392,0.324143
59.438,-0.3,-0.018837,0.35838
59.44,-0.3,-0.0185348,0.35838
59.442,-0.3,-0.0177289,0.35838
59.444,-0.3,-0.0178297,0.35838
59.446,-0.3,-0.0189377,0.35838
59.448,-0.3,-0.0182326,0.35838
59.45,-0.3,-0.0176282,0.35838
59.452,-0.3,-0.0190385,0.35838
59.454,-0.3,-0.0190385,0.35838
59.456,-0.3,-0.0191392,0.35838
59.458,-0.3,-0.0190385,0.35838
59.46,-0.3,-0.018837,0.35838
59.462,-0.3,-0.0183333,0.35838
59.464,-0.3,-0.0180311,0.35838
59.466,-0.3,-0.0179304,0.35838
59.468,-0.3,-0.0186355,0.35838
59.47,-0.3,-0.0186355,0.383649
59.472,-0.3,-0.0178297,0.383649
59.474,-0.3,-0.0183333,0.383649
59.476,-0.3,-0.0182326,0.383649
59.478,-0.3,-0.0177289,0.383649
59.48,-0.3,-0.0186355,0.383649
59.482,-0.3,-0.0180311,0.383649
59.484,-0.3,-0.0179304,0.383649
59.486,-0.3,-0.0179304,0.383649
59.488,-0.3,-0.0185348,0.383649
59.49,-0.3,-0.0170238,0.383649
59.492,-0.3,-0.0179304,0.383649
59.494,-0.3,-0.0175275,0.383649
59.496,-0.3,-0.0184341,0.383649
59.498,-0.3,-0.0190385,0.383649
59.5,-0.3,-0.0183333,0.383649
59.502,-0.3,-0.0183333,0.36865
59.504,-0.3,-0.0182326,0.372508
59.506,-0.3,-0.0176282,0.372508
59.508,-0.3,-0.0186355,0.372508
59.51,-0.3,-0.017326,0.372508
59.512,-0.3,-0.0189377,0.372508
59.514,-0.3,-0.0187363,0.372508
59.516,-0.3,-0.0177289,0.372508
59.518,-0.3,-0.0175275,0.372508
59.52,-0.3,-0.0181319,0.372508
59.522,-0.3,-0.0189377,0.372508
59.524,-0.3,-0.0181319,0.372508
59.526,-0.3,-0.0174267,0.372508
59.528,-0.3,-0.0178297,0.372508
59.53,-0.3,-0.0180311,0.372508
59.532,-0.3,-0.0179304,0.372508
59.534,-0.3,-0.0180311,0.372508
59.536,-0.3,-0.0184341,0.372508
59.538,-0.3,-0.0178297,0.351652
59.54,-0.3,-0.0181319,0.33256
59.542,-0.3,-0.0179304,0.315504
59.544,-0.3,-0.018837,0.300078
59.546,-0.3,-0.0181319,0.327334
59.548,-0.3,-0.0181319,0.327334
59.55,-0.3,-0.0185348,0.327334
59.552,-0.3,-0.0169231,0.327334
59.554,-0.3,-0.0171245,0.327334
59.556,-0.3,-0.0167216,0.327334
59.558,-0.3,-0.0176282,0.327334
59.56,-0.3,-0.0176282,0.327334
59.562,-0.3,-0.0187363,0.327334
59.564,-0.3,-0.0177289,0.327334
59.566,-0.3,-0.0181319,0.327334
59.568,-0.3,-0.0167216,0.327334
59.57,-0.3,-0.0171245,0.327334
59.572,-0.3,-0.0174267,0.327334
59.574,-0.3,-0.0169231,0.327334
59.576,-0.3,-0.0174267,0.327334
59.578,-0.3,-0.0174267,0.327334
59.58,-0.3,-0.0178297,0.327334
59.582,-0.3,-0.0177289,0.327334
59.584,-0.3,-0.0174267,0.315848
59.586,-0.3,-0.0174267,0.300434
59.588,-0.3,-0.0180311,0.286417
59.59,-0.3,-0.0176282,0.273608
59.592,-0.3,-0.0180311,0.261935
59.594,-0.3,-0.0176282,0.251217
59.596,-0.3,-0.0170238,0.241341
59.598,-0.3,-0.0166209,0.232213
59.6,-0.3,-0.0177289,0.223726
59.602,-0.3,-0.0179304,0.215858
59.604,-0.3,-0.0177289,0.251942
59.606,-0.3,-0.0167216,0.251942
59.608,-0.3,-0.0169231,0.251942
59.61,-0.3,-0.0175275,0.251942
59.612,-0.3,-0.0163187,0.251942
59.614,-0.3,-0.0167216,0.251942
59.616,-0.3,-0.0168223,0.251942
59.618,-0.3,-0.0178297,0.251942
59.62,-0.3,-0.0168223,0.251942
59.622,-0.3,-0.0171245,0.251942
59.624,-0.3,-0.0171245,0.251942
59.626,-0.3,-0.0171245,0.251942
59.628,-0.3,-0.0162179,0.251942
59.63,-0.3,-0.0176282,0.251942
59.632,-0.3,-0.0172253,0.251942
59.634,-0.3,-0.0154121,0.251942
59.636,-0.3,-0.017326,0.251942
59.638,-0.3,-0.0170238,0.251942
59.64,-0.3,-0.0168223,0.251942
59.642,-0.3,-0.0171245,0.251942
59.644,-0.3,-0.0162179,0.251942
59.646,-0.3,-0.0174267,0.251942
59.648,-0.3,-0.017326,0.251942
59.65,-0.3,-0.0176282,0.251942
59.652,-0.3,-0.0179304,0.248658
59.654,-0.3,-0.0171245,0.238979
59.656,-0.3,-0.0164194,0.230024
59.658,-0.3,-0.0178297,0.221748
59.66,-0.3,-0.0167216,0.213996
59.662,-0.3,-0.0164194,0.206787
59.664,-0.3,-0.0166209,0.200022
59.666,-0.3,-0.0171245,0.19371
59.668,-0.3,-0.0172253,0.187798
59.67,-0.3,-0.0160165,0.182207
59.672,-0.3,-0.0177289,0.176947
59.674,-0.3,-0.0165201,0.172011
59.676,-0.3,-0.0156136,0.167311
59.678,-0.3,-0.0167216,0.162863
59.68,-0.3,-0.0170238,0.158662
59.682,-0.3,-0.0169231,0.154664
59.684,-0.3,-0.015815,0.150847
59.686,-0.3,-0.0171245,0.147229
59.688,-0.3,-0.0167216,0.143779
59.69,-0.3,-0.017326,0.140504
59.692,-0.3,-0.0169231,0.137351
59.694,-0.3,-0.0161172,0.134341
59.696,-0.3,-0.0170238,0.131456
59.698,-0.3,-0.0163187,0.128701
59.7,-0.3,-0.0167216,0.126057
59.702,-0.3,-0.0168223,0.12352
59.704,-0.3,-0.0159158,0.121084
59.706,-0.3,-0.0164194,0.118737
59.708,-0.3,-0.0168223,0.116484
59.71,-0.3,-0.0170238,0.11432
59.712,-0.3,-0.0161172,0.112225
59.714,-0.3,-0.0176282,0.110209
59.716,-0.3,-0.0175275,0.108266
59.718,-0.3,-0.0165201,0.10639
59.72,-0.3,-0.0165201,0.157971
59.722,-0.3,-0.0169231,0.157971
59.724,-0.3,-0.0170238,0.157971
59.726,-0.3,-0.017326,0.157971
59.728,-0.3,-0.0172253,0.157971
59.73,-0.3,-0.0160165,0.157971
59.732,-0.3,-0.0170238,0.157971
59.734,-0.3,-0.0167216,0.157971
59.736,-0.3,-0.0171245,0.157971
59.738,-0.3,-0.0171245,0.157971
59.74,-0.3,-0.017326,0.157971
59.742,-0.3,-0.0168223,0.157971
59.744,-0.3,-0.0165201,0.157971
59.746,-0.3,-0.0171245,0.157971
59.748,-0.3,-0.0170238,0.157971
59.75,-0.3,-0.0163187,0.157971
59.752,-0.3,-0.0155128,0.157971
59.754,-0.3,-0.0171245,0.157971
59.756,-0.3,-0.0174267,0.157971
59.758,-0.3,-0.0171245,0.157971
59.76,-0.3,-0.0171245,0.157971
59.762,-0.3,-0.0169231,0.157971
59.764,-0.3,-0.0169231,0.157971
59.766,-0.3,-0.0170238,0.157971
59.768,-0.3,-0.0162179,0.157971
59.77,-0.3,-0.0172253,0.157971
59.772,-0.3,-0.0171245,0.157971
59.774,-0.3,-0.0176282,0.157971
59.776,-0.3,-0.017326,0.157971
59.778,-0.3,-0.0170238,0.157971
59.78,-0.3,-0.0170238,0.157971
59.782,-0.3,-0.0163187,0.157971
59.784,-0.3,-0.0169231,0.157971
59.786,-0.3,-0.015815,0.157971
59.788,-0.3,-0.0163187,0.157971
59.79,-0.3,-0.0161172,0.157971
59.792,-0.3,-0.0175275,0.157971
59.794,-0.3,-0.0168223,0.157971
59.796,-0.3,-0.0166209,0.157971
59.798,-0.3,-0.0161172,0.155622
59.8,-0.3,-0.0177289,0.151771
59.802,-0.3,-0.0174267,0.148116
59.804,-0.3,-0.0163187,0.144617
59.806,-0.3,-0.0164194,0.141295
59.808,-0.3,-0.0170238,0.138114
59.81,-0.3,-0.0184341,0.135079
59.812,-0.3,-0.0172253,0.132172
59.814,-0.3,-0.0174267,0.129371
59.816,-0.3,-0.0170238,0.126701
59.818,-0.3,-0.0169231,0.124144
59.82,-0.3,-0.0178297,0.121677
59.822,-0.3,-0.0171245,0.119321
59.824,-0.3,-0.0164194,0.117037
59.826,-0.3,-0.0160165,0.114847
59.828,-0.3,-0.0170238,0.112733
59.83,-0.3,-0.0166209,0.110705
59.832,-0.3,-0.0174267,0.108743
59.834,-0.3,-0.0162179,0.106846
59.836,-0.3,-0.0163187,0.105018
59.838,-0.3,-0.0167216,0.103251
59.84,-0.3,-0.0170238,0.101544
59.842,-0.3,-0.0177289,0.0998906
59.844,-0.3,-0.0172253,0.0982872
59.846,-0.3,-0.017326,0.096738
59.848,-0.3,-0.0170238,0.0952415
59.85,-0.3,-0.0169231,0.093783
59.852,-0.3,-0.0171245,0.0923686
59.854,-0.3,-0.0162179,0.0910054
59.856,-0.3,-0.0160165,0.0896723
59.858,-0.3,-0.0175275,0.0883793
59.86,-0.3,-0.0164194,0.0871218
59.862,-0.3,-0.0174267,0.0859072
59.864,-0.3,-0.0169231,0.0847162
59.866,-0.3,-0.0175275,0.0835631
59.868,-0.3,-0.0159158,0.0824442
59.87,-0.3,-0.0167216,0.081347
59.872,-0.3,-0.0178297,0.0802827
59.874,-0.3,-0.0163187,0.0792466
59.876,-0.3,-0.0174267,0.0782386
59.878,-0.3,-0.0163187,0.077254
59.88,-0.3,-0.0156136,0.0762925
59.882,-0.3,-0.0163187,0.075353
59.884,-0.3,-0.0170238,0.0744394
59.886,-0.3,-0.0167216,0.0735477
59.888,-0.3,-0.0167216,0.072677
59.89,-0.3,-0.0174267,0.0718268
59.892,-0.3,-0.0178297,0.0709936
59.894,-0.3,-0.0177289,0.0701818
59.896,-0.3,-0.0174267,0.0693909
59.898,-0.3,-0.017326,0.0820556
59.9,-0.3,-0.0155128,0.0820556
59.902,-0.3,-0.0172253,0.0820556
59.904,-0.3,-0.0166209,0.0820556
59.906,-0.3,-0.0172253,0.0820556
59.908,-0.3,-0.0164194,0.0820556
59.91,-0.3,-0.0166209,0.0820556
59.912,-0.3,-0.0170238,0.0820556
59.914,-0.3,-0.0161172,0.0820556
59.916,-0.3,-0.0153114,0.0820556
59.918,-0.3,-0.0156136,0.0820556
59.92,-0.3,-0.0161172,0.0820556
59.922,-0.3,-0.0169231,0.0820556
59.924,-0.3,-0.0172253,0.0820556
59.926,-0.3,-0.015815,0.0820556
59.928,-0.3,-0.0160165,0.0820556
59.93,-0.3,-0.0165201,0.0820556
59.932,-0.3,-0.0157143,0.0820556
59.934,-0.3,-0.0153114,0.0820556
59.936,-0.3,-0.0155128,0.0820556
59.938,-0.3,-0.0148077,0.0820556
59.94,-0.3,-0.0166209,0.0820556
59.942,-0.3,-0.0168223,0.0820556
59.944,-0.3,-0.015815,0.0820556
59.946,-0.3,-0.0166209,0.0820556
59.948,-0.3,-0.0165201,0.0820556
59.95,-0.3,-0.0157143,0.0820556
59.952,-0.3,-0.0157143,0.0820556
59.954,-0.3,-0.0162179,0.0820556
59.956,-0.3,-0.0164194,0.0820556
59.958,-0.3,-0.0172253,0.0820556
59.96,-0.3,-0.0170238,0.0820556
59.962,-0.3,-0.0163187,0.0820556
59.964,-0.3,-0.0166209,0.0820556
59.966,-0.3,-0.0166209,0.0820556
59.968,-0.3,-0.0167216,0.0820556
59.97,-0.3,-0.0168223,0.0820556
59.972,-0.3,-0.0157143,0.0820556
59.974,-0.3,-0.0159158,0.0820556
59.976,-0.3,-0.0170238,0.0820556
59.978,-0.3,-0.0168223,0.0820556
59.98,-0.3,-0.0161172,0.0820556
59.982,-0.3,-0.0164194,0.0820556
59.984,-0.3,-0.0160165,0.0820556
59.986,-0.3,-0.0159158,0.0820556
59.988,-0.3,-0.014707,0.0820556
59.99,-0.3,-0.0156136,0.0820556
59.992,-0.3,-0.0175275,0.0820556
59.994,-0.3,-0.0170238,0.0820556
59.996,-0.3,-0.0156136,0.0820556
59.998,-0.3,-0.0170238,0.0820556
60,-0.2,-0.0166209,0.0820556
