"Time","data"
0,0,0.000805861,0
0.002,0,0.000705128,0
0.004,0,0.000503663,0
0.006,0,0.000302198,0
0.008,0,0.000906593,0
0.01,0,0.000100733,0
0.012,0,0.000503663,0
0.014,0,0.000503663,0
0.016,0,0.00161172,0
0.018,0,0.000302198,0
0.02,0,0.000705128,0
0.022,0,0.00100733,0
0.024,0,0.000906593,0
0.026,0,0.000705128,0
0.028,0,0.00151099,0
0.03,0,0.000302198,0
0.032,0,0.000705128,0
0.034,0,0.000805861,0
0.036,0,0.00141026,0
0.038,0,0.000705128,0
0.04,0,0.000805861,0
0.042,0,0.00040293,0
0.044,0,0.00120879,0
0.046,0,0.000705128,0
0.048,0,0.000604396,0
0.05,0,0.00040293,0
0.052,0,0.000604396,0
0.054,0,0.00130952,0
0.056,0,0.000604396,0
0.058,0,0.00040293,0
0.06,0,0.000201465,0
0.062,0,-0.000201465,0
0.064,0,0.000201465,0
0.066,0,0.000705128,0
0.068,0,0.000604396,0
0.07,0,0.000302198,0
0.072,0,0.000805861,0
0.074,0,0.000100733,0
0.076,0,0.000805861,0
0.078,0,0.000805861,0
0.08,0,0.00040293,0
0.082,0,0.000906593,0
0.084,0,0.00120879,0
0.086,0,-0.000100733,0
0.088,0,0.000604396,0
0.09,0,0.00040293,0
0.092,0,0.000906593,0
0.094,0,0.000604396,0
0.096,0,0.000302198,0
0.098,0,0.000604396,0
0.1,0,0.000201465,0
0.102,0,0.00040293,0
0.104,0,0.000805861,0
0.106,0,0.000906593,0
0.108,0,0.000906593,0
0.11,0,0.00120879,0
0.112,0,0.000302198,0
0.114,0,0.000503663,0
0.116,0,0.000705128,0
0.118,0,0.000604396,0
0.12,0,0.000503663,0
0.122,0,0.000604396,0
0.124,0,0.000604396,0
0.126,0,0.00100733,0
0.128,0,0.00100733,0
0.13,0,0.000100733,0
0.132,0,0,0
0.134,0,0.000805861,0
0.136,0,0.000705128,0
0.138,0,0,0
0.14,0,0.000805861,0
0.142,0,0.000705128,0
0.144,0,0.000705128,0
0.146,0,0.000503663,0
0.148,0,0.000503663,0
0.15,0,0.000906593,0
0.152,0,0.00040293,0
0.154,0,0.000604396,0
0.156,0,0.00130952,0
0.158,0,0.00100733,0
0.16,0,0.000100733,0
0.162,0,0.000604396,0
0.164,0,0.00040293,0
0.166,0,0.000604396,0
0.168,0,0.000503663,0
0.17,0,0.000805861,0
0.172,0,0.000705128,0
0.174,0,-0.000100733,0
0.176,0,0.000705128,0
0.178,0,0.000201465,0
0.18,0,0.00040293,0
0.182,0,0.000503663,0
0.184,0,0.000805861,0
0.186,0,0.000705128,0
0.188,0,0.00110806,0
0.19,0,0.00120879,0
0.192,0,-0.000201465,0
0.194,0,0.000705128,0
0.196,0,0.00040293,0
0.198,0,0.000503663,0
0.2,0,0.00100733,0
0.202,0,0.000906593,0
0.204,0,0.000302198,0
0.206,0,0.00151099,0
0.208,0,0.00151099,0
0.21,0,0.000100733,0
0.212,0,0.000705128,0
0.214,0,0.000201465,0
0.216,0,0.000503663,0
0.218,0,0.000906593,0
0.22,0,0.000503663,0
0.222,0,0.000302198,0
0.224,0,0.000805861,0
0.226,0,0.000705128,0
0.228,0,0.000302198,0
0.23,0,0.000201465,0
0.232,0,0.00110806,0
0.234,0,0.000201465,0
0.236,0,0.000604396,0
0.238,0,0.000705128,0
0.24,0,0.00040293,0
0.242,0,0.00120879,0
0.244,0,0.000100733,0
0.246,0,0.000201465,0
0.248,0,0.00120879,0
0.25,0,-0.000302198,0
0.252,0,0.000705128,0
0.254,0,0.000604396,0
0.256,0,0.000805861,0
0.258,0,0.000604396,0
0.26,0,0.000705128,0
0.262,0,0.00040293,0
0.264,0,0.000201465,0
0.266,0,0.000201465,0
0.268,0,-0.000100733,0
0.27,0,0.000604396,0
0.272,0,0.000805861,0
0.274,0,0.000503663,0
0.276,0,0.000906593,0
0.278,0,0.00120879,0
0.28,0,0.000705128,0
0.282,0,0.000503663,0
0.284,0,0.000201465,0
0.286,0,0.000201465,0
0.288,0,0.000201465,0
0.29,0,0.000201465,0
0.292,0,0.000100733,0
0.294,0,0.000201465,0
0.296,0,0.000604396,0
0.298,0,0,0
0.3,0,0.000906593,0
0.302,0,0.000201465,0
0.304,0,0.000100733,0
0.306,0,0.000604396,0
0.308,0,0.000705128,0
0.31,0,0.000805861,0
0.312,0,0.000705128,0
0.314,0,0.00040293,0
0.316,0,0.000201465,0
0.318,0,0.000805861,0
0.32,0,0.000604396,0
0.322,0,0.000503663,0
0.324,0,0.000100733,0
0.326,0,0.000604396,0
0.328,0,0.000302198,0
0.33,0,0.000805861,0
0.332,0,0.000604396,0
0.334,0,0.000906593,0
0.336,0,0.00040293,0
0.338,0,0.00100733,0
0.34,0,0.000302198,0
0.342,0,0.000705128,0
0.344,0,0.000302198,0
0.346,0,0.000503663,0
0.348,0,0.000302198,0
0.35,0,0.00130952,0
0.352,0,0.000906593,0
0.354,0,0.000503663,0
0.356,0,0.000302198,0
0.358,0,0.000100733,0
0.36,0,0,0
0.362,0,0.000503663,0
0.364,0,0.000604396,0
0.366,0,0.000201465,0
0.368,0,0.000201465,0
0.37,0,0.00110806,0
0.372,0,0.00040293,0
0.374,0,0.000906593,0
0.376,0,0.000705128,0
0.378,0,0,0
0.38,0,0.000604396,0
0.382,0,0.00120879,0
0.384,0,0.000705128,0
0.386,0,0.00130952,0
0.388,0,0.000906593,0
0.39,0,0.000100733,0
0.392,0,0.000604396,0
0.394,0,0.00110806,0
0.396,0,0.000705128,0
0.398,0,0.000604396,0
0.4,0,0.000705128,0
0.402,0,0.000100733,0
0.404,0,0.000805861,0
0.406,0,0.00040293,0
0.408,0,0.000503663,0
0.41,0,0.000503663,0
0.412,0,0.000604396,0
0.414,0,0.00040293,0
0.416,0,0.000705128,0
0.418,0,0.000604396,0
0.42,0,0.000906593,0
0.422,0,0.000805861,0
0.424,0,0.000201465,0
0.426,0,0.000705128,0
0.428,0,0.000705128,0
0.43,0,0.000705128,0
0.432,0,0.000503663,0
0.434,0,0.000604396,0
0.436,0,0.000302198,0
0.438,0,0.000805861,0
0.44,0,0.000705128,0
0.442,0,0.000201465,0
0.444,0,0.000503663,0
0.446,0,0.000705128,0
0.448,0,0.000302198,0
0.45,0,0.000705128,0
0.452,0,0.00120879,0
0.454,0,0.000302198,0
0.456,0,0.000604396,0
0.458,0,-0.000302198,0
0.46,0,0.000604396,0
0.462,0,0.000604396,0
0.464,0,0.000906593,0
0.466,0,0.000100733,0
0.468,0,0.000805861,0
0.47,0,0.000705128,0
0.472,0,0.000805861,0
0.474,0,0.000906593,0
0.476,0,0.000201465,0
0.478,0,0.000805861,0
0.48,0,0.000805861,0
0.482,0,0.000805861,0
0.484,0,0.000503663,0
0.486,0,0.000100733,0
0.488,0,0.000604396,0
0.49,0,0.000705128,0
0.492,0,0.000604396,0
0.494,0,0.000705128,0
0.496,0,0.000805861,0
0.498,0,0.000604396,0
0.5,0,0.000201465,0
0.502,0,0.000805861,0
0.504,0,0.00110806,0
0.506,0,0.000503663,0
0.508,0,0.00100733,0
0.51,0,0.000604396,0
0.512,0,0.000906593,0
0.514,0,0.00040293,0
0.516,0,0.000302198,0
0.518,0,0.000201465,0
0.52,0,0.00110806,0
0.522,0,0.000805861,0
0.524,0,0.00040293,0
0.526,0,0.000604396,0
0.528,0,0,0
0.53,0,0.000201465,0
0.532,0,0.000705128,0
0.534,0,0.00040293,0
0.536,0,0.000805861,0
0.538,0,0.000604396,0
0.54,0,0.000705128,0
0.542,0,0.000302198,0
0.544,0,0.00120879,0
0.546,0,0.000604396,0
0.548,0,0.000302198,0
0.55,0,0.000705128,0
0.552,0,0.00040293,0
0.554,0,0.000201465,0
0.556,0,-0.00040293,0
0.558,0,0.000201465,0
0.56,0,0.00100733,0
0.562,0,0.000805861,0
0.564,0,0.00100733,0
0.566,0,0.00040293,0
0.568,0,0.00110806,0
0.57,0,0.000100733,0
0.572,0,0.00110806,0
0.574,0,0.000302198,0
0.576,0,0.000201465,0
0.578,0,0.000201465,0
0.58,0,0.00040293,0
0.582,0,0.000604396,0
0.584,0,-0.000705128,0
0.586,0,0.000503663,0
0.588,0,0.00040293,0
0.59,0,0.000100733,0
0.592,0,0.000906593,0
0.594,0,0.00100733,0
0.596,0,0.000201465,0
0.598,0,0.000604396,0
0.6,0,0.00100733,0
0.602,0,0.000503663,0
0.604,0,0.000100733,0
0.606,0,0.00141026,0
0.608,0,0.00040293,0
0.61,0,0.000604396,0
0.612,0,0.00040293,0
0.614,0,0.00110806,0
0.616,0,0.000906593,0
0.618,0,0.000503663,0
0.62,0,0.000302198,0
0.622,0,0.00040293,0
0.624,0,0.000906593,0
0.626,0,0.00110806,0
0.628,0,0.000906593,0
0.63,0,0.00040293,0
0.632,0,0.00100733,0
0.634,0,0.00130952,0
0.636,0,0.00130952,0
0.638,0,0.000302198,0
0.64,0,0.000805861,0
0.642,0,0.000805861,0
0.644,0,0.00110806,0
0.646,0,0.00110806,0
0.648,0,0.000201465,0
0.65,0,0.000604396,0
0.652,0,0.000906593,0
0.654,0,0.00110806,0
0.656,0,0.000906593,0
0.658,0,0.000201465,0
0.66,0,0.000201465,0
0.662,0,0.000805861,0
0.664,0,0.00100733,0
0.666,0,0.00100733,0
0.668,0,0.000201465,0
0.67,0,0.000302198,0
0.672,0,0.000805861,0
0.674,0,0.00120879,0
0.676,0,0.00040293,0
0.678,0,0.000705128,0
0.68,0,0.000906593,0
0.682,0,0.000805861,0
0.684,0,0.000906593,0
0.686,0,0.00130952,0
0.688,0,0.000503663,0
0.69,0,0.000503663,0
0.692,0,0.000201465,0
0.694,0,0.000705128,0
0.696,0,0.00151099,0
0.698,0,0.000100733,0
0.7,0,0.000302198,0
0.702,0,0.000705128,0
0.704,0,0.000705128,0
0.706,0,0.000906593,0
0.708,0,0.000805861,0
0.71,0,0.000705128,0
0.712,0,0.000302198,0
0.714,0,0.000906593,0
0.716,0,0.000805861,0
0.718,0,0.000302198,0
0.72,0,0.000604396,0
0.722,0,0.000604396,0
0.724,0,0.000503663,0
0.726,0,0.000302198,0
0.728,0,-0.000302198,0
0.73,0,0.00040293,0
0.732,0,0.00040293,0
0.734,0,0.000604396,0
0.736,0,0.000705128,0
0.738,0,0.000201465,0
0.74,0,0.000705128,0
0.742,0,0.000503663,0
0.744,0,0.00110806,0
0.746,0,0.000604396,0
0.748,0,0.00120879,0
0.75,0,0.000705128,0
0.752,0,0.000100733,0
0.754,0,0.00040293,0
0.756,0,0.000705128,0
0.758,0,0.000705128,0
0.76,0,0.00100733,0
0.762,0,0.000906593,0
0.764,0,0.00120879,0
0.766,0,0.000201465,0
0.768,0,0.000100733,0
0.77,0,0.000604396,0
0.772,0,0.000503663,0
0.774,0,0.00130952,0
0.776,0,0.00100733,0
0.778,0,0.000805861,0
0.78,0,0.00130952,0
0.782,0,0.000906593,0
0.784,0,0.000503663,0
0.786,0,0.000604396,0
0.788,0,0.000705128,0
0.79,0,0.000201465,0
0.792,0,0.000604396,0
0.794,0,0.00130952,0
0.796,0,0.000906593,0
0.798,0,0.00040293,0
0.8,0,0.00110806,0
0.802,0,0.000604396,0
0.804,0,0.000906593,0
0.806,0,0,0
0.808,0,0.000906593,0
0.81,0,0.000302198,0
0.812,0,0.000906593,0
0.814,0,0.00040293,0
0.816,0,0.000604396,0
0.818,0,0.000503663,0
0.82,0,0.00120879,0
0.822,0,0.000705128,0
0.824,0,0.00100733,0
0.826,0,0.000805861,0
0.828,0,0.000503663,0
0.83,0,0.000302198,0
0.832,0,0.000805861,0
0.834,0,0.000805861,0
0.836,0,0.000906593,0
0.838,0,0.000503663,0
0.84,0,0.00120879,0
0.842,0,0.00110806,0
0.844,0,0.000503663,0
0.846,0,0.000906593,0
0.848,0,0.000604396,0
0.85,0,0.000805861,0
0.852,0,0.00040293,0
0.854,0,0.000201465,0
0.856,0,0.000805861,0
0.858,0,0.000604396,0
0.86,0,0,0
0.862,0,0.000705128,0
0.864,0,0.000302198,0
0.866,0,0.000604396,0
0.868,0,0.000201465,0
0.87,0,0.00120879,0
0.872,0,0.000906593,0
0.874,0,0.000100733,0
0.876,0,0.00130952,0
0.878,0,0.000805861,0
0.88,0,0.00040293,0
0.882,0,0.000705128,0
0.884,0,0.000503663,0
0.886,0,0.00040293,0
0.888,0,0.000805861,0
0.89,0,0.000302198,0
0.892,0,0.000805861,0
0.894,0,0.00040293,0
0.896,0,0.000302198,0
0.898,0,0.00110806,0
0.9,0,0.00141026,0
0.902,0,-0.000201465,0
0.904,0,0.000805861,0
0.906,0,0.00130952,0
0.908,0,0.00100733,0
0.91,0,0.00130952,0
0.912,0,0.000100733,0
0.914,0,0.000604396,0
0.916,0,0.00171245,0
0.918,0,0.000503663,0
0.92,0,0.000604396,0
0.922,0,0.000705128,0
0.924,0,0.000302198,0
0.926,0,0.00100733,0
0.928,0,0.000805861,0
0.93,0,0.00110806,0
0.932,0,0.00130952,0
0.934,0,0.00120879,0
0.936,0,0.000201465,0
0.938,0,0.000100733,0
0.94,0,0.000604396,0
0.942,0,0.000201465,0
0.944,0,0.00161172,0
0.946,0,0.000503663,0
0.948,0,0.000201465,0
0.95,0,0.000705128,0
0.952,0,0.000805861,0
0.954,0,0.000604396,0
0.956,0,0.000805861,0
0.958,0,0.000906593,0
0.96,0,0.000705128,0
0.962,0,0.000604396,0
0.964,0,0.000906593,0
0.966,0,0.00100733,0
0.968,0,0.00100733,0
0.97,0,0.000503663,0
0.972,0,0.000705128,0
0.974,0,0.000201465,0
0.976,0,0.000805861,0
0.978,0,0.000604396,0
0.98,0,0.00100733,0
0.982,0,0.000503663,0
0.984,0,0.000302198,0
0.986,0,0.000503663,0
0.988,0,0.000805861,0
0.99,0,0.000302198,0
0.992,0,0.000906593,0
0.994,0,0.00040293,0
0.996,0,0.000705128,0
0.998,0,0.000503663,0
1,-2,0.000705128,0
1.002,-2,-0.207106,-0.0168356
1.004,-2,-0.159863,-10.5593
1.006,-2,-0.123901,-18.8488
1.008,-2,-0.097207,-24.2887
1.01,-2,-0.0747436,-27.8045
1.012,-2,-0.0588278,-30.7608
1.014,-2,-0.0457326,-32.9372
1.016,-2,-0.0417033,-34.811
1.018,-2,-0.0384799,-36.3895
1.02,-2,-0.0349542,-37.8193
1.022,-2,-0.0313278,-38.9651
1.024,-2,-0.0282051,-40.1314
1.026,-2,-0.025989,-41.0392
1.028,-2,-0.0235714,-42.0529
1.03,-2,-0.0210531,-42.8399
1.032,-2,-0.018837,-43.4124
1.034,-2,-0.0187363,-44.0421
1.036,-2,-0.0162179,-44.5844
1.038,-2,-0.0151099,-45.0481
1.04,-2,-0.0142033,-45.6085
1.042,-2,-0.0117857,-45.8071
1.044,-2,-0.0105769,-46.1035
1.046,-2,-0.0112821,-46.4623
1.048,-2,-0.010174,-46.6241
1.05,-2,-0.00906593,-46.8988
1.052,-2,-0.0103755,-47.2045
1.054,-2,-0.00735348,-47.3258
1.056,-2,-0.00735348,-47.5295
1.058,-2,-0.00916667,-47.6551
1.06,-2,-0.00775641,-47.6474
1.062,-2,-0.00674908,-47.9473
1.064,-2,-0.00755495,-48.0072
1.066,-2,-0.00614469,-48.0987
1.068,-2,-0.00554029,-48.2748
1.07,-2,-0.00644689,-48.1432
1.072,-2,-0.00664835,-48.288
1.074,-2,-0.00624542,-48.4442
1.076,-2,-0.00725275,-48.4017
1.078,-2,-0.00513736,-48.5106
1.08,-2,-0.0046337,-48.6201
1.082,-2,-0.00745421,-48.6228
1.084,-2,-0.00624542,-48.6576
1.086,-2,-0.00564103,-48.7166
1.088,-2,-0.00624542,-48.8351
1.09,-2,-0.00423077,-48.8378
1.092,-2,-0.00362637,-48.7623
1.094,-2,-0.00614469,-48.7569
1.096,-2,-0.0040293,-48.8756
1.098,-2,-0.0040293,-48.7892
1.1,-2,-0.00382784,-48.8513
1.102,-2,-0.00181319,-48.7785
1.104,-2,-0.00261905,-48.9568
1.106,-2,-0.00533883,-49.0139
1.108,-2,-0.00211538,-48.6335
1.11,-2,-0.00392857,-48.5426
1.112,-2,-0.00382784,-48.5426
1.114,-2,-0.00302198,-48.5106
1.116,-2,-0.00443223,-48.516
1.118,-2,-0.00443223,-48.596
1.12,-2,-0.00382784,-48.5426
1.122,-2,-0.00362637,-48.5186
1.124,-2,-0.00342491,-48.6094
1.126,-2,-0.00201465,-48.572
1.128,-2,-0.00342491,-48.5693
1.13,-2,-0.00413004,-48.765
1.132,-2,-0.00302198,-48.532
1.134,-2,-0.00513736,-48.6014
1.136,-2,-0.00453297,-48.722
1.138,-2,-0.00352564,-48.7112
1.14,-2,-0.0052381,-48.6174
1.142,-2,-0.00533883,-48.6335
1.144,-2,-0.00513736,-48.7435
1.146,-2,-0.00604396,-48.7865
1.148,-2,-0.0046337,-48.9541
1.15,-2,-0.00382784,-48.8702
1.152,-2,-0.00584249,-48.9135
1.154,-2,-0.0040293,-48.9351
1.156,-2,-0.00362637,-49.0683
1.158,-2,-0.00554029,-48.9595
1.16,-2,-0.00302198,-49.0738
1.162,-2,-0.00261905,-48.9568
1.164,-2,-0.00584249,-48.9324
1.166,-2,-0.00352564,-48.946
1.168,-2,-0.00413004,-48.9053
1.17,-2,-0.0043315,-49.0139
1.172,-2,-0.00261905,-48.8054
1.174,-2,-0.00312271,-48.7892
1.176,-2,-0.00574176,-48.7865
1.178,-2,-0.0043315,-48.7623
1.18,-2,-0.0046337,-48.8216
1.182,-2,-0.0043315,-48.8216
1.184,-2,-0.00221612,-48.7838
1.186,-2,-0.00352564,-48.7892
1.188,-2,-0.00614469,-48.7919
1.19,-2,-0.00473443,-48.8108
1.192,-2,-0.00533883,-48.679
1.194,-2,-0.00564103,-48.8081
1.196,-2,-0.00342491,-48.7381
1.198,-2,-0.00423077,-48.6898
1.2,-2,-0.00624542,-48.7112
1.202,-2,-0.00533883,-48.8081
1.204,-2,-0.00624542,-48.7059
1.206,-2,-0.00543956,-48.7596
1.208,-2,-0.0046337,-48.8243
1.21,-2,-0.00443223,-48.7193
1.212,-2,-0.00594322,-48.7569
1.214,-2,-0.00584249,-48.881
1.216,-2,-0.00604396,-48.8189
1.218,-2,-0.00503663,-48.9433
1.22,-2,-0.00332418,-48.8837
1.222,-2,-0.0046337,-48.9026
1.224,-2,-0.00413004,-48.9243
1.226,-2,-0.00413004,-48.8567
1.228,-2,-0.00604396,-48.8567
1.23,-2,-0.00332418,-48.8594
1.232,-2,-0.00211538,-48.9162
1.234,-2,-0.00594322,-48.7542
1.236,-2,-0.00382784,-48.7327
1.238,-2,-0.00362637,-48.548
1.24,-2,-0.00574176,-48.572
1.242,-2,-0.00332418,-48.5586
1.244,-2,-0.0043315,-48.5533
1.246,-2,-0.00584249,-48.5453
1.248,-2,-0.00342491,-48.508
1.25,-2,-0.00392857,-48.6281
1.252,-2,-0.00533883,-48.6174
1.254,-2,-0.00342491,-48.5827
1.256,-2,-0.00382784,-48.5506
1.258,-2,-0.00584249,-48.6978
1.26,-2,-0.00423077,-48.5506
1.262,-2,-0.0046337,-48.6844
1.264,-2,-0.00533883,-48.6469
1.266,-2,-0.00443223,-48.671
1.268,-2,-0.00453297,-48.6629
1.27,-2,-0.00654762,-48.8216
1.272,-2,-0.00533883,-48.6522
1.274,-2,-0.00543956,-48.73
1.276,-2,-0.00533883,-48.9189
1.278,-2,-0.00352564,-48.7838
1.28,-2,-0.00423077,-48.8864
1.282,-2,-0.00503663,-49.0329
1.284,-2,-0.00413004,-48.9921
1.286,-2,-0.00503663,-49.1119
1.288,-2,-0.0040293,-49.1283
1.29,-2,-0.00292125,-48.9785
1.292,-2,-0.0040293,-48.9813
1.294,-2,-0.00473443,-49.003
1.296,-2,-0.0040293,-49.0193
1.298,-2,-0.00473443,-48.9677
1.3,-2,-0.00322344,-48.8216
1.302,-2,-0.00241758,-48.7946
1.304,-2,-0.00443223,-48.765
1.306,-2,-0.00503663,-48.7865
1.308,-2,-0.0040293,-48.8432
1.31,-2,-0.00503663,-48.8918
1.312,-2,-0.00342491,-48.8054
1.314,-2,-0.00322344,-48.8189
1.316,-2,-0.0049359,-48.7785
1.318,-2,-0.00533883,-48.854
1.32,-2,-0.00503663,-48.6951
1.322,-2,-0.00604396,-48.7973
1.324,-2,-0.0046337,-48.8027
1.326,-2,-0.00352564,-48.8891
1.328,-2,-0.00695055,-48.6898
1.33,-2,-0.00574176,-48.765
1.332,-2,-0.00423077,-48.7811
1.334,-2,-0.00614469,-48.8513
1.336,-2,-0.00503663,-48.8594
1.338,-2,-0.0049359,-48.7569
1.34,-2,-0.00715201,-48.8
1.342,-2,-0.00513736,-48.8972
1.344,-2,-0.0052381,-48.9162
1.346,-2,-0.0046337,-48.9894
1.348,-2,-0.0040293,-48.9921
1.35,-2,-0.0040293,-48.881
1.352,-2,-0.00564103,-48.9921
1.354,-2,-0.00413004,-48.9406
1.356,-2,-0.00453297,-48.9026
1.358,-2,-0.00423077,-48.854
1.36,-2,-0.00241758,-48.7973
1.362,-2,-0.00342491,-48.722
1.364,-2,-0.00533883,-48.508
1.366,-2,-0.00372711,-48.5373
1.368,-2,-0.00533883,-48.7785
1.37,-2,-0.00413004,-48.6014
1.372,-2,-0.00271978,-48.5773
1.374,-2,-0.00473443,-48.4973
1.376,-2,-0.00413004,-48.58
1.378,-2,-0.00312271,-48.5827
1.38,-2,-0.0043315,-48.596
1.382,-2,-0.00382784,-48.58
1.384,-2,-0.00241758,-48.6335
1.386,-2,-0.00594322,-48.6147
1.388,-2,-0.00453297,-48.4309
1.39,-2,-0.00423077,-48.6415
1.392,-2,-0.00604396,-48.6201
1.394,-2,-0.0049359,-48.6549
1.396,-2,-0.00413004,-48.5907
1.398,-2,-0.00705128,-48.6951
1.4,-2,-0.00533883,-48.7542
1.402,-2,-0.00564103,-48.8
1.404,-2,-0.00644689,-48.8756
1.406,-2,-0.00372711,-48.6951
1.408,-2,-0.00423077,-48.8783
1.41,-2,-0.00725275,-48.9162
1.412,-2,-0.0049359,-48.9976
1.414,-2,-0.00483516,-48.9976
1.416,-2,-0.0046337,-49.1038
1.418,-2,-0.00251832,-48.9894
1.42,-2,-0.00332418,-49.0193
1.422,-2,-0.00543956,-48.9921
1.424,-2,-0.00372711,-48.9867
1.426,-2,-0.00443223,-48.9867
1.428,-2,-0.00352564,-48.8891
1.43,-2,-0.00231685,-48.9297
1.432,-2,-0.00251832,-48.7758
1.434,-2,-0.00584249,-48.8567
1.436,-2,-0.00443223,-48.8513
1.438,-2,-0.0052381,-48.8756
1.44,-2,-0.00382784,-48.8756
1.442,-2,-0.00342491,-48.9108
1.444,-2,-0.00382784,-48.7973
1.446,-2,-0.00564103,-48.9406
1.448,-2,-0.00423077,-48.7515
1.45,-2,-0.0052381,-48.9379
1.452,-2,-0.00413004,-48.9297
1.454,-2,-0.00312271,-48.8108
1.456,-2,-0.00473443,-48.7273
1.458,-2,-0.00574176,-48.7085
1.46,-2,-0.00453297,-48.7946
1.462,-2,-0.00644689,-48.8459
1.464,-2,-0.0052381,-48.8459
1.466,-2,-0.00453297,-48.7785
1.468,-2,-0.00574176,-48.8027
1.47,-2,-0.00594322,-48.8945
1.472,-2,-0.00513736,-48.9108
1.474,-2,-0.00674908,-48.9514
1.476,-2,-0.00312271,-48.9704
1.478,-2,-0.00342491,-49.003
1.48,-2,-0.00543956,-48.8594
1.482,-2,-0.00423077,-48.9189
1.484,-2,-0.00423077,-48.9677
1.486,-2,-0.0049359,-48.9053
1.488,-2,-0.00292125,-48.8405
1.49,-2,-0.00302198,-48.8216
1.492,-2,-0.00564103,-48.5506
1.494,-2,-0.00372711,-48.524
1.496,-2,-0.0040293,-48.6522
1.498,-2,-0.00513736,-48.5987
1.5,-2,-0.00413004,-48.6228
1.502,-2,-0.0040293,-48.5613
1.504,-2,-0.00483516,-48.5613
1.506,-2,-0.00413004,-48.6281
1.508,-2,-0.00443223,-48.5266
1.51,-2,-0.00423077,-48.572
1.512,-2,-0.00312271,-48.6522
1.514,-2,-0.0040293,-48.6067
1.516,-2,-0.00554029,-48.3381
1.518,-2,-0.0046337,-48.6549
1.52,-2,-0.00604396,-48.6763
1.522,-2,-0.00483516,-48.6951
1.524,-2,-0.00413004,-48.6308
1.526,-2,-0.00443223,-48.6603
1.528,-2,-0.00604396,-48.7005
1.53,-2,-0.00503663,-48.8621
1.532,-2,-0.00564103,-48.8702
1.534,-2,-0.0049359,-48.8
1.536,-2,-0.00362637,-48.9704
1.538,-2,-0.00443223,-48.9379
1.54,-2,-0.00503663,-48.9894
1.542,-2,-0.00453297,-48.946
1.544,-2,-0.00554029,-49.0411
1.546,-2,-0.00342491,-48.9541
1.548,-2,-0.00332418,-49.0465
1.55,-2,-0.00533883,-48.9324
1.552,-2,-0.0049359,-48.965
1.554,-2,-0.00372711,-48.9541
1.556,-2,-0.00533883,-48.8162
1.558,-2,-0.00271978,-48.965
1.56,-2,-0.00302198,-48.765
1.562,-2,-0.00584249,-48.7865
1.564,-2,-0.00413004,-48.8378
1.566,-2,-0.00443223,-48.7811
1.568,-2,-0.0052381,-48.8648
1.57,-2,-0.00292125,-48.8459
1.572,-2,-0.00312271,-48.7623
1.574,-2,-0.00624542,-48.8216
1.576,-2,-0.0046337,-48.7166
1.578,-2,-0.00483516,-48.9135
1.58,-2,-0.0052381,-48.9324
1.582,-2,-0.00342491,-48.8054
1.584,-2,-0.0043315,-48.7462
1.586,-2,-0.00664835,-48.7731
1.588,-2,-0.00513736,-48.8729
1.59,-2,-0.00624542,-48.8594
1.592,-2,-0.00594322,-48.8783
1.594,-2,-0.0049359,-48.8162
1.596,-2,-0.0046337,-48.8378
1.598,-2,-0.00644689,-48.9406
1.6,-2,-0.00554029,-48.9216
1.602,-2,-0.00584249,-48.9026
1.604,-2,-0.0043315,-49.0302
1.606,-2,-0.00362637,-49.003
1.608,-2,-0.00362637,-48.9081
1.61,-2,-0.0046337,-48.9135
1.612,-2,-0.00332418,-49.0329
1.614,-2,-0.00443223,-48.9108
1.616,-2,-0.00332418,-48.8837
1.618,-2,-0.00302198,-48.7677
1.62,-2,-0.00362637,-48.671
1.622,-2,-0.00362637,-48.5747
1.624,-2,-0.00362637,-48.8162
1.626,-2,-0.00503663,-48.5
1.628,-2,-0.00312271,-48.6763
1.63,-2,-0.00292125,-48.5133
1.632,-2,-0.00574176,-48.5266
1.634,-2,-0.0040293,-48.6763
1.636,-2,-0.00322344,-48.5586
1.638,-2,-0.00574176,-48.58
1.64,-2,-0.00382784,-48.6174
1.642,-2,-0.00312271,-48.6067
1.644,-2,-0.00654762,-48.4787
1.646,-2,-0.0040293,-48.6281
1.648,-2,-0.00392857,-48.6469
1.65,-2,-0.00634615,-48.6924
1.652,-2,-0.00423077,-48.6522
1.654,-2,-0.00413004,-48.6924
1.656,-2,-0.00705128,-48.6308
1.658,-2,-0.00503663,-48.8594
1.66,-2,-0.00473443,-48.7892
1.662,-2,-0.00564103,-48.8648
1.664,-2,-0.00352564,-49.0656
1.666,-2,-0.00453297,-48.9379
1.668,-2,-0.00614469,-49.0383
1.67,-2,-0.0040293,-48.9731
1.672,-2,-0.00473443,-49.0465
1.674,-2,-0.00483516,-49.0275
1.676,-2,-0.00302198,-49.1201
1.678,-2,-0.00352564,-49.0111
1.68,-2,-0.00503663,-49.0574
1.682,-2,-0.00382784,-48.9595
1.684,-2,-0.00423077,-48.9026
1.686,-2,-0.00352564,-48.9677
1.688,-2,-0.00161172,-48.854
1.69,-2,-0.00372711,-48.8162
1.692,-2,-0.0046337,-48.8432
1.694,-2,-0.00453297,-48.8297
1.696,-2,-0.00533883,-48.8513
1.698,-2,-0.0043315,-48.9026
1.7,-2,-0.00312271,-48.7408
1.702,-2,-0.0052381,-48.7623
1.704,-2,-0.00503663,-48.6898
1.706,-2,-0.00423077,-48.8675
1.708,-2,-0.00674908,-48.8189
1.71,-2,-0.00392857,-48.8216
1.712,-2,-0.00322344,-48.7273
1.714,-2,-0.0052381,-48.73
1.716,-2,-0.00543956,-48.8027
1.718,-2,-0.00533883,-48.8945
1.72,-2,-0.00684982,-48.8162
1.722,-2,-0.00473443,-48.8891
1.724,-2,-0.0049359,-48.9595
1.726,-2,-0.00654762,-48.9243
1.728,-2,-0.00543956,-48.9351
1.73,-2,-0.00483516,-48.9514
1.732,-2,-0.00554029,-49.0383
1.734,-2,-0.00372711,-49.0275
1.736,-2,-0.00332418,-48.927
1.738,-2,-0.00503663,-48.8945
1.74,-2,-0.00392857,-49.0111
1.742,-2,-0.00352564,-48.9026
1.744,-2,-0.00423077,-48.9053
1.746,-2,-0.00201465,-48.827
1.748,-2,-0.00322344,-48.4681
1.75,-2,-0.00453297,-48.6763
1.752,-2,-0.00413004,-48.827
1.754,-2,-0.00453297,-48.5346
1.756,-2,-0.00362637,-48.73
1.758,-2,-0.00372711,-48.5907
1.76,-2,-0.0046337,-48.58
1.762,-2,-0.0040293,-48.6442
1.764,-2,-0.00261905,-48.604
1.766,-2,-0.00413004,-48.5693
1.768,-2,-0.00382784,-48.6656
1.77,-2,-0.00362637,-48.5773
1.772,-2,-0.0043315,-48.5506
1.774,-2,-0.00503663,-48.7059
1.776,-2,-0.00473443,-48.6871
1.778,-2,-0.00584249,-48.6603
1.78,-2,-0.00483516,-48.6174
1.782,-2,-0.00392857,-48.6469
1.784,-2,-0.00674908,-48.6898
1.786,-2,-0.0049359,-48.6683
1.788,-2,-0.00503663,-48.7811
1.79,-2,-0.00624542,-48.8135
1.792,-2,-0.0043315,-48.9921
1.794,-2,-0.00453297,-48.9026
1.796,-2,-0.00695055,-48.9487
1.798,-2,-0.0046337,-48.9704
1.8,-2,-0.0046337,-49.1065
1.802,-2,-0.0052381,-49.1311
1.804,-2,-0.00292125,-49.1229
1.806,-2,-0.00352564,-48.9948
1.808,-2,-0.00574176,-48.9813
1.81,-2,-0.00382784,-49.0003
1.812,-2,-0.00362637,-48.927
1.814,-2,-0.00372711,-48.927
1.816,-2,-0.00201465,-48.8486
1.818,-2,-0.00302198,-48.8513
1.82,-2,-0.00594322,-48.7542
1.822,-2,-0.00382784,-48.8621
1.824,-2,-0.00453297,-48.8162
1.826,-2,-0.00302198,-48.8945
1.828,-2,-0.00241758,-48.8054
1.83,-2,-0.00332418,-48.7462
1.832,-2,-0.00513736,-48.7059
1.834,-2,-0.00453297,-48.8432
1.836,-2,-0.00453297,-48.8081
1.838,-2,-0.00423077,-48.7892
1.84,-2,-0.00332418,-48.8648
1.842,-2,-0.00503663,-48.7435
1.844,-2,-0.00644689,-48.7408
1.846,-2,-0.0052381,-48.881
1.848,-2,-0.00684982,-48.8351
1.85,-2,-0.00473443,-48.8783
1.852,-2,-0.00372711,-48.8513
1.854,-2,-0.00453297,-48.8729
1.856,-2,-0.00594322,-48.8729
1.858,-2,-0.00453297,-48.8891
1.86,-2,-0.00644689,-49.0547
1.862,-2,-0.00392857,-48.9976
1.864,-2,-0.00342491,-48.9135
1.866,-2,-0.0046337,-48.9623
1.868,-2,-0.00423077,-48.9758
1.87,-2,-0.0043315,-48.8405
1.872,-2,-0.00564103,-48.8702
1.874,-2,-0.00312271,-48.8324
1.876,-2,-0.00271978,-48.5053
1.878,-2,-0.0052381,-48.6201
1.88,-2,-0.00362637,-48.7731
1.882,-2,-0.00332418,-48.6844
1.884,-2,-0.00453297,-48.8
1.886,-2,-0.00282051,-48.6094
1.888,-2,-0.00302198,-48.5453
1.89,-2,-0.00503663,-48.5586
1.892,-2,-0.0040293,-48.5027
1.894,-2,-0.00382784,-48.516
1.896,-2,-0.00503663,-48.6254
1.898,-2,-0.00302198,-48.556
1.9,-2,-0.0040293,-48.5506
1.902,-2,-0.00594322,-48.6683
1.904,-2,-0.00473443,-48.6147
1.906,-2,-0.0046337,-48.54
1.908,-2,-0.00543956,-48.6361
1.91,-2,-0.00332418,-48.7112
1.912,-2,-0.0043315,-48.6683
1.914,-2,-0.00614469,-48.6951
1.916,-2,-0.0046337,-48.7731
1.918,-2,-0.0052381,-48.7758
1.92,-2,-0.0049359,-48.881
1.922,-2,-0.0043315,-48.8729
1.924,-2,-0.0052381,-48.8891
1.926,-2,-0.00554029,-48.9731
1.928,-2,-0.00352564,-49.1502
1.93,-2,-0.00483516,-48.9894
1.932,-2,-0.00352564,-49.0956
1.934,-2,-0.00211538,-48.9758
1.936,-2,-0.00473443,-49.0247
1.938,-2,-0.0043315,-48.9568
1.94,-2,-0.00382784,-48.8972
1.942,-2,-0.00503663,-48.9514
1.944,-2,-0.00231685,-48.9162
1.946,-2,-0.00241758,-48.8648
1.948,-2,-0.00503663,-48.7569
1.95,-2,-0.0046337,-48.7731
1.952,-2,-0.00392857,-48.7865
1.954,-2,-0.00503663,-48.8621
1.956,-2,-0.00271978,-48.854
1.958,-2,-0.00282051,-48.7515
1.96,-2,-0.00624542,-48.7838
1.962,-2,-0.0040293,-48.8513
1.964,-2,-0.00382784,-48.8675
1.966,-2,-0.00483516,-48.9541
1.968,-2,-0.00322344,-48.827
1.97,-2,-0.00372711,-48.7515
1.972,-2,-0.00705128,-48.7892
1.974,-2,-0.00584249,-48.8756
1.976,-2,-0.00513736,-48.8594
1.978,-2,-0.00564103,-48.8837
1.98,-2,-0.00443223,-48.8675
1.982,-2,-0.00423077,-48.8
1.984,-2,-0.00664835,-48.8513
1.986,-2,-0.00513736,-48.9324
1.988,-2,-0.0049359,-49.0003
1.99,-2,-0.00413004,-49.0084
1.992,-2,-0.00271978,-48.9948
1.994,-2,-0.0040293,-49.022
1.996,-2,-0.0052381,-48.9324
1.998,-2,-0.00392857,-48.8918
2,-1.9,-0.00453297,-48.9081
2.002,-1.9,0.00654762,-48.6763
2.004,-1.9,0.00614469,-48.1013
2.006,-1.9,0.00251832,-47.7581
2.008,-1.9,0.00120879,-47.6012
2.01,-1.9,0.000805861,-47.0963
2.012,-1.9,0,-47.1541
2.014,-1.9,-0.000705128,-46.8267
2.016,-1.9,-0.000604396,-46.6931
2.018,-1.9,-0.00141026,-46.5136
2.02,-1.9,-0.00312271,-46.5676
2.022,-1.9,-0.00261905,-46.4452
2.024,-1.9,-0.00302198,-46.3502
2.026,-1.9,-0.00302198,-46.3793
2.028,-1.9,-0.00251832,-46.3234
2.03,-1.9,-0.00322344,-46.2919
2.032,-1.9,-0.00473443,-46.0027
2.034,-1.9,-0.00372711,-46.241
2.036,-1.9,-0.00362637,-46.1372
2.038,-1.9,-0.00483516,-46.212
2.04,-1.9,-0.00362637,-46.2071
2.042,-1.9,-0.00302198,-46.1854
2.044,-1.9,-0.00543956,-46.3234
2.046,-1.9,-0.00473443,-46.338
2.048,-1.9,-0.0052381,-46.2701
2.05,-1.9,-0.00564103,-46.3089
2.052,-1.9,-0.0040293,-46.394
2.054,-1.9,-0.00443223,-46.3672
2.056,-1.9,-0.0049359,-46.3696
2.058,-1.9,-0.00483516,-46.4232
2.06,-1.9,-0.00413004,-46.5577
2.062,-1.9,-0.00483516,-46.57
2.064,-1.9,-0.00282051,-46.5651
2.066,-1.9,-0.00271978,-46.4403
2.068,-1.9,-0.00594322,-46.4378
2.07,-1.9,-0.00372711,-46.4427
2.072,-1.9,-0.00362637,-46.4208
2.074,-1.9,-0.00513736,-46.3818
2.076,-1.9,-0.00312271,-46.3453
2.078,-1.9,-0.00332418,-46.2483
2.08,-1.9,-0.00342491,-46.2216
2.082,-1.9,-0.00473443,-46.2894
2.084,-1.9,-0.00423077,-46.2652
2.086,-1.9,-0.00503663,-46.2822
2.088,-1.9,-0.00342491,-46.2773
2.09,-1.9,-0.00302198,-46.2943
2.092,-1.9,-0.00231685,-46.2362
2.094,-1.9,-0.00473443,-46.3623
2.096,-1.9,-0.00352564,-46.2749
2.098,-1.9,-0.0046337,-46.2265
2.1,-1.9,-0.0040293,-46.2725
2.102,-1.9,-0.00413004,-46.1999
2.104,-1.9,-0.00413004,-46.2773
2.106,-1.9,-0.00503663,-46.2846
2.108,-1.9,-0.00483516,-46.287
2.11,-1.9,-0.00503663,-46.2701
2.112,-1.9,-0.00584249,-46.2822
2.114,-1.9,-0.0040293,-46.2701
2.116,-1.9,-0.00372711,-46.2289
2.118,-1.9,-0.00634615,-46.2241
2.12,-1.9,-0.00483516,-46.321
2.122,-1.9,-0.00483516,-46.338
2.124,-1.9,-0.0046337,-46.4208
2.126,-1.9,-0.00352564,-46.3745
2.128,-1.9,-0.00413004,-46.3137
2.13,-1.9,-0.0049359,-46.2846
2.132,-1.9,-0.0043315,-46.321
2.134,-1.9,-0.00372711,-46.3818
2.136,-1.9,-0.00543956,-46.2725
2.138,-1.9,-0.00332418,-46.2096
2.14,-1.9,-0.00312271,-46.338
2.142,-1.9,-0.00533883,-46.1951
2.144,-1.9,-0.0043315,-45.9883
2.146,-1.9,-0.00392857,-46.2096
2.148,-1.9,-0.00423077,-46.142
2.15,-1.9,-0.00352564,-46.0818
2.152,-1.9,-0.00282051,-46.0938
2.154,-1.9,-0.00352564,-46.0266
2.156,-1.9,-0.00453297,-46.0074
2.158,-1.9,-0.00342491,-46.0027
2.16,-1.9,-0.00503663,-45.9859
2.162,-1.9,-0.0043315,-46.0842
2.164,-1.9,-0.00282051,-46.0482
2.166,-1.9,-0.00362637,-46.0386
2.168,-1.9,-0.00513736,-45.7952
2.17,-1.9,-0.00372711,-46.0722
2.172,-1.9,-0.00443223,-45.9787
2.174,-1.9,-0.00483516,-46.0554
2.176,-1.9,-0.00342491,-46.0818
2.178,-1.9,-0.00413004,-46.053
2.18,-1.9,-0.00594322,-46.2386
2.182,-1.9,-0.00483516,-46.0602
2.184,-1.9,-0.00483516,-46.2023
2.186,-1.9,-0.00503663,-46.2458
2.188,-1.9,-0.0046337,-46.338
2.19,-1.9,-0.00423077,-46.3089
2.192,-1.9,-0.00604396,-46.304
2.194,-1.9,-0.00382784,-46.3818
2.196,-1.9,-0.00453297,-46.394
2.198,-1.9,-0.00483516,-46.5406
2.2,-1.9,-0.00342491,-46.5259
2.202,-1.9,-0.00342491,-46.4086
2.204,-1.9,-0.00513736,-46.3842
2.206,-1.9,-0.00423077,-46.3964
2.208,-1.9,-0.00423077,-46.4061
2.21,-1.9,-0.00574176,-46.287
2.212,-1.9,-0.00282051,-46.3356
2.214,-1.9,-0.00312271,-46.2773
2.216,-1.9,-0.00423077,-46.212
2.218,-1.9,-0.00372711,-46.2265
2.22,-1.9,-0.00362637,-46.2579
2.222,-1.9,-0.0046337,-46.2773
2.224,-1.9,-0.00342491,-46.2797
2.226,-1.9,-0.00302198,-46.2725
2.228,-1.9,-0.00342491,-46.2241
2.23,-1.9,-0.00473443,-46.3477
2.232,-1.9,-0.00453297,-46.2507
2.234,-1.9,-0.00443223,-46.2071
2.236,-1.9,-0.00443223,-46.1757
2.238,-1.9,-0.00322344,-46.1806
2.24,-1.9,-0.00443223,-46.1516
2.242,-1.9,-0.00594322,-46.2531
2.244,-1.9,-0.0052381,-46.1372
2.246,-1.9,-0.0049359,-46.2241
2.248,-1.9,-0.00503663,-46.2434
2.25,-1.9,-0.00443223,-46.2216
2.252,-1.9,-0.00453297,-46.1902
2.254,-1.9,-0.00644689,-46.1878
2.256,-1.9,-0.00473443,-46.2894
2.258,-1.9,-0.0049359,-46.3234
2.26,-1.9,-0.00513736,-46.4208
2.262,-1.9,-0.00392857,-46.4086
2.264,-1.9,-0.00382784,-46.3331
2.266,-1.9,-0.00634615,-46.4013
2.268,-1.9,-0.0043315,-46.3502
2.27,-1.9,-0.00443223,-46.4232
2.272,-1.9,-0.00533883,-46.304
2.274,-1.9,-0.00312271,-46.2604
2.276,-1.9,-0.00241758,-46.3745
2.278,-1.9,-0.00503663,-46.241
2.28,-1.9,-0.00282051,-46.0266
2.282,-1.9,-0.00332418,-46.2604
2.284,-1.9,-0.0052381,-46.1975
2.286,-1.9,-0.00372711,-46.1275
2.288,-1.9,-0.00312271,-46.1468
2.29,-1.9,-0.0043315,-46.0746
2.292,-1.9,-0.00392857,-46.0434
2.294,-1.9,-0.00282051,-46.053
2.296,-1.9,-0.00392857,-46.0314
2.298,-1.9,-0.00413004,-46.1107
2.3,-1.9,-0.00312271,-46.0914
2.302,-1.9,-0.00372711,-46.0722
2.304,-1.9,-0.0049359,-46.2531
2.306,-1.9,-0.0040293,-46.1131
2.308,-1.9,-0.0046337,-46.142
2.31,-1.9,-0.00443223,-46.0842
2.312,-1.9,-0.0040293,-46.142
2.314,-1.9,-0.00443223,-46.0842
2.316,-1.9,-0.00564103,-46.077
2.318,-1.9,-0.00443223,-46.0938
2.32,-1.9,-0.00513736,-46.1733
2.322,-1.9,-0.0052381,-46.287
2.324,-1.9,-0.00362637,-46.4794
2.326,-1.9,-0.0040293,-46.3526
2.328,-1.9,-0.00614469,-46.4183
2.33,-1.9,-0.0040293,-46.3988
2.332,-1.9,-0.00443223,-46.4208
2.334,-1.9,-0.00443223,-46.5136
2.336,-1.9,-0.00271978,-46.5528
2.338,-1.9,-0.00271978,-46.4232
2.34,-1.9,-0.00423077,-46.4159
2.342,-1.9,-0.00392857,-46.4013
2.344,-1.9,-0.00382784,-46.4086
2.346,-1.9,-0.00533883,-46.2894
2.348,-1.9,-0.00362637,-46.3234
2.35,-1.9,-0.00352564,-46.2797
2.352,-1.9,-0.00392857,-46.1902
2.354,-1.9,-0.00423077,-46.2241
2.356,-1.9,-0.0046337,-46.2652
2.358,-1.9,-0.00423077,-46.2749
2.36,-1.9,-0.00342491,-46.2991
2.362,-1.9,-0.00352564,-46.2701
2.364,-1.9,-0.00382784,-46.2531
2.366,-1.9,-0.00413004,-46.3502
2.368,-1.9,-0.00423077,-46.1902
2.37,-1.9,-0.00554029,-46.2096
2.372,-1.9,-0.0046337,-46.1878
2.374,-1.9,-0.00261905,-46.2096
2.376,-1.9,-0.00362637,-46.1709
2.378,-1.9,-0.00594322,-46.2096
2.38,-1.9,-0.00483516,-46.1757
2.382,-1.9,-0.00473443,-46.1854
2.384,-1.9,-0.00473443,-46.2797
2.386,-1.9,-0.00413004,-46.2265
2.388,-1.9,-0.00473443,-46.2241
2.39,-1.9,-0.00604396,-46.2604
2.392,-1.9,-0.00513736,-46.321
2.394,-1.9,-0.0043315,-46.3307
2.396,-1.9,-0.00543956,-46.4232
2.398,-1.9,-0.00392857,-46.4061
2.4,-1.9,-0.00413004,-46.3234
2.402,-1.9,-0.00604396,-46.3988
2.404,-1.9,-0.00443223,-46.3769
2.406,-1.9,-0.00372711,-46.411
2.408,-1.9,-0.00443223,-46.3477
2.41,-1.9,-0.00302198,-46.241
2.412,-1.9,-0.00292125,-45.9572
2.414,-1.9,-0.00554029,-46.212
2.416,-1.9,-0.00342491,-46.183
2.418,-1.9,-0.00352564,-46.2362
2.42,-1.9,-0.0049359,-45.9381
2.422,-1.9,-0.00342491,-46.1107
2.424,-1.9,-0.00332418,-45.9668
2.426,-1.9,-0.00543956,-46.0578
2.428,-1.9,-0.0040293,-46.0218
2.43,-1.9,-0.00332418,-46.0314
2.432,-1.9,-0.00413004,-46.0458
2.434,-1.9,-0.00382784,-46.1035
2.436,-1.9,-0.00322344,-46.0146
2.438,-1.9,-0.00413004,-46.0626
2.44,-1.9,-0.0049359,-46.2362
2.442,-1.9,-0.00392857,-46.1131
2.444,-1.9,-0.00423077,-46.1275
2.446,-1.9,-0.00423077,-46.0818
2.448,-1.9,-0.00382784,-46.1348
2.45,-1.9,-0.00513736,-46.0794
2.452,-1.9,-0.00594322,-46.0698
2.454,-1.9,-0.0052381,-46.0866
2.456,-1.9,-0.00483516,-46.1637
2.458,-1.9,-0.00584249,-46.3502
2.46,-1.9,-0.00423077,-46.472
2.462,-1.9,-0.00423077,-46.372
2.464,-1.9,-0.0052381,-46.4232
2.466,-1.9,-0.00382784,-46.4794
2.468,-1.9,-0.00453297,-46.433
2.47,-1.9,-0.00392857,-46.5308
2.472,-1.9,-0.00241758,-46.4305
2.474,-1.9,-0.00332418,-46.4452
2.476,-1.9,-0.00503663,-46.4427
2.478,-1.9,-0.00392857,-46.4476
2.48,-1.9,-0.0043315,-46.4086
2.482,-1.9,-0.0043315,-46.3307
2.484,-1.9,-0.00302198,-46.4525
2.486,-1.9,-0.00302198,-46.3137
2.488,-1.9,-0.00362637,-46.2265
2.49,-1.9,-0.0046337,-46.2192
2.492,-1.9,-0.0040293,-46.3113
2.494,-1.9,-0.00533883,-46.3453
2.496,-1.9,-0.00302198,-46.3331
2.498,-1.9,-0.00251832,-46.2071
2.5,-1.9,-0.00382784,-46.2749
2.502,-1.9,-0.00392857,-46.3161
2.504,-1.9,-0.00362637,-46.2144
2.506,-1.9,-0.00503663,-46.3672
2.508,-1.9,-0.00483516,-46.2047
2.51,-1.9,-0.00342491,-46.2797
2.512,-1.9,-0.00382784,-46.1806
2.514,-1.9,-0.0052381,-46.2144
2.516,-1.9,-0.00513736,-46.304
2.518,-1.9,-0.0046337,-46.2096
2.52,-1.9,-0.0049359,-46.2555
2.522,-1.9,-0.00423077,-46.2265
2.524,-1.9,-0.00473443,-46.2555
2.526,-1.9,-0.00503663,-46.2652
2.528,-1.9,-0.0052381,-46.3404
2.53,-1.9,-0.00483516,-46.3404
2.532,-1.9,-0.0049359,-46.4013
2.534,-1.9,-0.00342491,-46.4183
2.536,-1.9,-0.00392857,-46.3404
2.538,-1.9,-0.00554029,-46.3064
2.54,-1.9,-0.00423077,-46.3769
2.542,-1.9,-0.00372711,-46.355
2.544,-1.9,-0.00473443,-46.3526
2.546,-1.9,-0.00332418,-46.304
2.548,-1.9,-0.00312271,-45.95
2.55,-1.9,-0.0046337,-46.053
2.552,-1.9,-0.00413004,-46.183
2.554,-1.9,-0.00392857,-46.0027
2.556,-1.9,-0.00594322,-45.9214
2.558,-1.9,-0.00342491,-46.0794
2.56,-1.9,-0.00342491,-45.9476
2.562,-1.9,-0.00543956,-45.9644
2.564,-1.9,-0.00413004,-46.0003
2.566,-1.9,-0.00352564,-46.0027
2.568,-1.9,-0.0043315,-46.0242
2.57,-1.9,-0.0040293,-46.0074
2.572,-1.9,-0.00241758,-46.0074
2.574,-1.9,-0.0040293,-45.9859
2.576,-1.9,-0.0040293,-46.2313
2.578,-1.9,-0.00342491,-46.0003
2.58,-1.9,-0.0049359,-46.1179
2.582,-1.9,-0.00443223,-46.1203
2.584,-1.9,-0.0043315,-46.1155
2.586,-1.9,-0.00443223,-46.0746
2.588,-1.9,-0.00594322,-46.0434
2.59,-1.9,-0.00413004,-46.154
2.592,-1.9,-0.0049359,-46.1324
2.594,-1.9,-0.00513736,-46.3089
2.596,-1.9,-0.0040293,-46.1589
2.598,-1.9,-0.00382784,-46.3137
2.6,-1.9,-0.00574176,-46.4037
2.602,-1.9,-0.00413004,-46.4135
2.604,-1.9,-0.00413004,-46.3502
2.606,-1.9,-0.00392857,-46.4623
2.608,-1.9,-0.00271978,-46.355
2.61,-1.9,-0.00332418,-46.3793
2.612,-1.9,-0.00533883,-46.3793
2.614,-1.9,-0.0040293,-46.3988
2.616,-1.9,-0.00342491,-46.3574
2.618,-1.9,-0.00513736,-46.472
2.62,-1.9,-0.00342491,-46.4135
2.622,-1.9,-0.00332418,-46.2289
2.624,-1.9,-0.0046337,-46.1902
2.626,-1.9,-0.00473443,-46.1999
2.628,-1.9,-0.00382784,-46.2894
2.63,-1.9,-0.00483516,-46.3283
2.632,-1.9,-0.00261905,-46.3258
2.634,-1.9,-0.00271978,-46.1902
2.636,-1.9,-0.00352564,-46.2265
2.638,-1.9,-0.00483516,-46.3137
2.64,-1.9,-0.0046337,-46.3113
2.642,-1.9,-0.00624542,-46.3672
2.644,-1.9,-0.00423077,-46.3453
2.646,-1.9,-0.00352564,-46.2822
2.648,-1.9,-0.0043315,-46.1637
2.65,-1.9,-0.00584249,-46.2023
2.652,-1.9,-0.00533883,-46.2894
2.654,-1.9,-0.0043315,-46.2023
2.656,-1.9,-0.00423077,-46.2362
2.658,-1.9,-0.00392857,-46.212
2.66,-1.9,-0.00443223,-46.2313
2.662,-1.9,-0.00614469,-46.2531
2.664,-1.9,-0.0043315,-46.338
2.666,-1.9,-0.00533883,-46.4061
2.668,-1.9,-0.00513736,-46.4013
2.67,-1.9,-0.00423077,-46.4086
2.672,-1.9,-0.00413004,-46.3356
2.674,-1.9,-0.00543956,-46.321
2.676,-1.9,-0.00352564,-46.394
2.678,-1.9,-0.00362637,-46.3599
2.68,-1.9,-0.00372711,-46.3696
2.682,-1.9,-0.00271978,-46.3161
2.684,-1.9,-0.00282051,-46.2749
2.686,-1.9,-0.00453297,-46.077
2.688,-1.9,-0.00352564,-46.2265
2.69,-1.9,-0.00362637,-46.0266
2.692,-1.9,-0.0052381,-46.0482
2.694,-1.9,-0.00392857,-46.1011
2.696,-1.9,-0.00342491,-46.0146
2.698,-1.9,-0.0049359,-45.9859
2.7,-1.9,-0.00413004,-46.0987
2.702,-1.9,-0.00372711,-46.0218
2.704,-1.9,-0.00372711,-46.0987
2.706,-1.9,-0.00372711,-46.0146
2.708,-1.9,-0.00292125,-46.0722
2.71,-1.9,-0.00332418,-45.9907
2.712,-1.9,-0.00443223,-46.1396
2.714,-1.9,-0.00392857,-45.9955
2.716,-1.9,-0.0052381,-46.0698
2.718,-1.9,-0.00543956,-46.1179
2.72,-1.9,-0.00413004,-46.053
2.722,-1.9,-0.00453297,-46.0794
2.724,-1.9,-0.00564103,-46.1131
2.726,-1.9,-0.00483516,-46.1782
2.728,-1.9,-0.00513736,-46.1854
2.73,-1.9,-0.00473443,-46.3404
2.732,-1.9,-0.00423077,-46.2071
2.734,-1.9,-0.0043315,-46.372
2.736,-1.9,-0.00443223,-46.4647
2.738,-1.9,-0.00443223,-46.3842
2.74,-1.9,-0.00372711,-46.4086
2.742,-1.9,-0.00423077,-46.5136
2.744,-1.9,-0.00312271,-46.4061
2.746,-1.9,-0.00342491,-46.4305
2.748,-1.9,-0.00533883,-46.4135
2.75,-1.9,-0.00413004,-46.4305
2.752,-1.9,-0.00392857,-46.3404
2.754,-1.9,-0.00392857,-46.4745
2.756,-1.9,-0.00392857,-46.2725
2.758,-1.9,-0.00322344,-46.2337
2.76,-1.9,-0.0052381,-46.2652
2.762,-1.9,-0.00352564,-46.1878
2.764,-1.9,-0.00392857,-46.2047
2.766,-1.9,-0.00503663,-46.3089
2.768,-1.9,-0.00282051,-46.2434
2.77,-1.9,-0.00271978,-46.1782
2.772,-1.9,-0.00443223,-46.2047
2.774,-1.9,-0.00473443,-46.2967
2.776,-1.9,-0.0049359,-46.2846
2.778,-1.9,-0.00594322,-46.2579
2.78,-1.9,-0.00483516,-46.3331
2.782,-1.9,-0.00392857,-46.2386
2.784,-1.9,-0.00453297,-46.1613
2.786,-1.9,-0.00624542,-46.1589
2.788,-1.9,-0.0049359,-46.2943
2.79,-1.9,-0.00503663,-46.2531
2.792,-1.9,-0.00503663,-46.2386
2.794,-1.9,-0.00392857,-46.3137
2.796,-1.9,-0.00473443,-46.2507
2.798,-1.9,-0.00554029,-46.3404
2.8,-1.9,-0.00503663,-46.3356
2.802,-1.9,-0.00483516,-46.4159
2.804,-1.9,-0.0046337,-46.4061
2.806,-1.9,-0.00322344,-46.3988
2.808,-1.9,-0.0043315,-46.321
2.81,-1.9,-0.00453297,-46.3064
2.812,-1.9,-0.0040293,-46.4256
2.814,-1.9,-0.00342491,-46.3574
2.816,-1.9,-0.00423077,-46.3672
2.818,-1.9,-0.00292125,-46.3064
2.82,-1.9,-0.00282051,-46.287
2.822,-1.9,-0.00453297,-46.0746
2.824,-1.9,-0.00372711,-46.2168
2.826,-1.9,-0.00342491,-46.1324
2.828,-1.9,-0.00574176,-46.0506
2.83,-1.9,-0.00342491,-46.029
2.832,-1.9,-0.00342491,-46.0242
2.834,-1.9,-0.00543956,-46.0194
2.836,-1.9,-0.0040293,-46.1131
2.838,-1.9,-0.00382784,-46.0098
2.84,-1.9,-0.00503663,-46.0987
2.842,-1.9,-0.00352564,-46.1251
2.844,-1.9,-0.00282051,-46.0842
2.846,-1.9,-0.00332418,-46.0602
2.848,-1.9,-0.00423077,-46.1227
2.85,-1.9,-0.00423077,-46.1131
2.852,-1.9,-0.00453297,-46.0722
2.854,-1.9,-0.0052381,-46.1613
2.856,-1.9,-0.0040293,-46.0506
2.858,-1.9,-0.00473443,-46.1227
2.86,-1.9,-0.0052381,-46.1107
2.862,-1.9,-0.00473443,-46.2701
2.864,-1.9,-0.00533883,-46.1757
2.866,-1.9,-0.00483516,-46.2676
2.868,-1.9,-0.00382784,-46.1975
2.87,-1.9,-0.00392857,-46.2943
2.872,-1.9,-0.00483516,-46.4476
2.874,-1.9,-0.00392857,-46.3793
2.876,-1.9,-0.00483516,-46.4574
2.878,-1.9,-0.0043315,-46.4989
2.88,-1.9,-0.00312271,-46.4574
2.882,-1.9,-0.00362637,-46.4403
2.884,-1.9,-0.00483516,-46.4208
2.886,-1.9,-0.00362637,-46.4256
2.888,-1.9,-0.00362637,-46.3526
2.89,-1.9,-0.00443223,-46.4892
2.892,-1.9,-0.00312271,-46.2846
2.894,-1.9,-0.00292125,-46.2676
2.896,-1.9,-0.00533883,-46.2749
2.898,-1.9,-0.0046337,-46.2991
2.9,-1.9,-0.00352564,-46.2313
2.902,-1.9,-0.0046337,-46.2919
2.904,-1.9,-0.00322344,-46.2458
2.906,-1.9,-0.00322344,-46.2773
2.908,-1.9,-0.00392857,-46.2192
2.91,-1.9,-0.00473443,-46.1324
2.912,-1.9,-0.00392857,-46.287
2.914,-1.9,-0.00584249,-46.241
2.916,-1.9,-0.0043315,-46.3331
2.918,-1.9,-0.00352564,-46.2216
2.92,-1.9,-0.00473443,-46.2701
2.922,-1.9,-0.00614469,-46.1444
2.924,-1.9,-0.0046337,-46.2168
2.926,-1.9,-0.00533883,-46.2313
2.928,-1.9,-0.00483516,-46.2701
2.93,-1.9,-0.00332418,-46.2822
2.932,-1.9,-0.00443223,-46.1975
2.934,-1.9,-0.00584249,-46.3331
2.936,-1.9,-0.00413004,-46.3089
2.938,-1.9,-0.00483516,-46.3988
2.94,-1.9,-0.0052381,-46.3915
2.942,-1.9,-0.00382784,-46.3745
2.944,-1.9,-0.00332418,-46.2991
2.946,-1.9,-0.0046337,-46.3891
2.948,-1.9,-0.00392857,-46.3988
2.95,-1.9,-0.0046337,-46.2967
2.952,-1.9,-0.00392857,-46.3331
2.954,-1.9,-0.00292125,-46.2458
2.956,-1.9,-0.00261905,-46.2313
2.958,-1.9,-0.0049359,-45.9883
2.96,-1.9,-0.0043315,-46.1709
2.962,-1.9,-0.00392857,-46.0818
2.964,-1.9,-0.0046337,-46.0027
2.966,-1.9,-0.00413004,-45.9859
2.968,-1.9,-0.00292125,-45.9763
2.97,-1.9,-0.00554029,-45.9715
2.972,-1.9,-0.00342491,-46.0674
2.974,-1.9,-0.00342491,-45.9835
2.976,-1.9,-0.00473443,-46.0842
2.978,-1.9,-0.00312271,-46.0938
2.98,-1.9,-0.00392857,-46.0482
2.982,-1.9,-0.00332418,-46.0458
2.984,-1.9,-0.0046337,-46.1251
2.986,-1.9,-0.0046337,-46.0914
2.988,-1.9,-0.00423077,-46.053
2.99,-1.9,-0.0052381,-46.154
2.992,-1.9,-0.00392857,-46.0482
2.994,-1.9,-0.00513736,-46.1011
2.996,-1.9,-0.00513736,-46.0987
2.998,-1.9,-0.00503663,-46.2434
3,-1.8,-0.00574176,-46.1685
3.002,-1.8,0.00443223,-45.9859
3.004,-1.8,0.00483516,-45.5802
3.006,-1.8,0.00221612,-45.351
3.008,-1.8,-0.000201465,-45.2696
3.01,-1.8,0.000503663,-45.0022
3.012,-1.8,-0.00040293,-44.8264
3.014,-1.8,-0.000805861,-44.7991
3.016,-1.8,-0.000201465,-44.7017
3.018,-1.8,-0.000805861,-44.461
3.02,-1.8,-0.00392857,-44.3605
3.022,-1.8,-0.00251832,-44.2849
3.024,-1.8,-0.00231685,-44.1125
3.026,-1.8,-0.00342491,-44.0993
3.028,-1.8,-0.00191392,-43.9348
3.03,-1.8,-0.00120879,-43.8933
3.032,-1.8,-0.00261905,-43.8085
3.034,-1.8,-0.00392857,-43.8172
3.036,-1.8,-0.00282051,-43.7672
3.038,-1.8,-0.00352564,-43.7391
3.04,-1.8,-0.00322344,-43.7023
3.042,-1.8,-0.00251832,-43.7153
3.044,-1.8,-0.00201465,-43.5816
3.046,-1.8,-0.00443223,-43.6289
3.048,-1.8,-0.00372711,-43.4872
3.05,-1.8,-0.00362637,-43.616
3.052,-1.8,-0.00513736,-43.6742
3.054,-1.8,-0.00392857,-43.4936
3.056,-1.8,-0.00352564,-43.4958
3.058,-1.8,-0.00292125,-43.5515
3.06,-1.8,-0.00554029,-43.5343
3.062,-1.8,-0.00483516,-43.5258
3.064,-1.8,-0.0043315,-43.4146
3.066,-1.8,-0.00594322,-43.5022
3.068,-1.8,-0.00352564,-43.5065
3.07,-1.8,-0.00322344,-43.4167
3.072,-1.8,-0.00483516,-43.4487
3.074,-1.8,-0.0049359,-43.4872
3.076,-1.8,-0.0052381,-43.5622
3.078,-1.8,-0.00584249,-43.5193
3.08,-1.8,-0.00473443,-43.6095
3.082,-1.8,-0.00332418,-43.6074
3.084,-1.8,-0.00423077,-43.5408
3.086,-1.8,-0.00554029,-43.5279
3.088,-1.8,-0.0043315,-43.6074
3.09,-1.8,-0.00352564,-43.6289
3.092,-1.8,-0.00443223,-43.5343
3.094,-1.8,-0.00352564,-43.5451
3.096,-1.8,-0.00282051,-43.4466
3.098,-1.8,-0.00413004,-43.4359
3.1,-1.8,-0.00372711,-43.2107
3.102,-1.8,-0.00282051,-43.4701
3.104,-1.8,-0.00423077,-43.2255
3.106,-1.8,-0.00483516,-43.2827
3.108,-1.8,-0.00352564,-43.3868
3.11,-1.8,-0.00352564,-43.2657
3.112,-1.8,-0.00503663,-43.2848
3.114,-1.8,-0.00392857,-43.234
3.116,-1.8,-0.00372711,-43.2594
3.118,-1.8,-0.0046337,-43.3634
3.12,-1.8,-0.00352564,-43.2742
3.122,-1.8,-0.00302198,-43.2785
3.124,-1.8,-0.00372711,-43.3209
3.126,-1.8,-0.0046337,-43.0738
3.128,-1.8,-0.00362637,-43.3124
3.13,-1.8,-0.00443223,-43.3762
3.132,-1.8,-0.0049359,-43.3613
3.134,-1.8,-0.0043315,-43.3783
3.136,-1.8,-0.00382784,-43.2446
3.138,-1.8,-0.00604396,-43.3251
3.14,-1.8,-0.00533883,-43.3932
3.142,-1.8,-0.0049359,-43.4444
3.144,-1.8,-0.00483516,-43.4466
3.146,-1.8,-0.00483516,-43.4487
3.148,-1.8,-0.00413004,-43.5065
3.15,-1.8,-0.0040293,-43.5386
3.152,-1.8,-0.00533883,-43.6785
3.154,-1.8,-0.00392857,-43.6958
3.156,-1.8,-0.00342491,-43.6483
3.158,-1.8,-0.0040293,-43.7824
3.16,-1.8,-0.00282051,-43.7759
3.162,-1.8,-0.00302198,-43.6656
3.164,-1.8,-0.00382784,-43.6505
3.166,-1.8,-0.00413004,-43.6375
3.168,-1.8,-0.00372711,-43.7001
3.17,-1.8,-0.00423077,-43.5687
3.172,-1.8,-0.00342491,-43.6634
3.174,-1.8,-0.00372711,-43.588
3.176,-1.8,-0.00282051,-43.5172
3.178,-1.8,-0.00513736,-43.4423
3.18,-1.8,-0.00342491,-43.4744
3.182,-1.8,-0.0040293,-43.5043
3.184,-1.8,-0.00413004,-43.53
3.186,-1.8,-0.00292125,-43.5022
3.188,-1.8,-0.00251832,-43.4295
3.19,-1.8,-0.00322344,-43.515
3.192,-1.8,-0.00483516,-43.6031
3.194,-1.8,-0.00342491,-43.5086
3.196,-1.8,-0.0040293,-43.3954
3.198,-1.8,-0.00413004,-43.4829
3.2,-1.8,-0.00413004,-43.4851
3.202,-1.8,-0.00372711,-43.4295
3.204,-1.8,-0.00584249,-43.4893
3.206,-1.8,-0.0049359,-43.4658
3.208,-1.8,-0.00473443,-43.5515
3.21,-1.8,-0.00574176,-43.5193
3.212,-1.8,-0.0043315,-43.5022
3.214,-1.8,-0.00362637,-43.4979
3.216,-1.8,-0.00483516,-43.4508
3.218,-1.8,-0.00554029,-43.5751
3.22,-1.8,-0.0046337,-43.5644
3.222,-1.8,-0.00443223,-43.6375
3.224,-1.8,-0.00453297,-43.6095
3.226,-1.8,-0.00322344,-43.6311
3.228,-1.8,-0.00382784,-43.5644
3.23,-1.8,-0.0052381,-43.5408
3.232,-1.8,-0.00392857,-43.5988
3.234,-1.8,-0.00352564,-43.5601
3.236,-1.8,-0.00362637,-43.5558
3.238,-1.8,-0.00372711,-43.5902
3.24,-1.8,-0.00292125,-43.453
3.242,-1.8,-0.00332418,-43.406
3.244,-1.8,-0.00453297,-43.3549
3.246,-1.8,-0.00362637,-43.3634
3.248,-1.8,-0.00352564,-43.3379
3.25,-1.8,-0.00413004,-43.4701
3.252,-1.8,-0.00372711,-43.234
3.254,-1.8,-0.00342491,-43.2382
3.256,-1.8,-0.00342491,-43.2044
3.258,-1.8,-0.00362637,-43.2403
3.26,-1.8,-0.0040293,-43.2467
3.262,-1.8,-0.00473443,-43.2319
3.264,-1.8,-0.00372711,-43.2912
3.266,-1.8,-0.00342491,-43.3188
3.268,-1.8,-0.00302198,-43.2594
3.27,-1.8,-0.00543956,-43.3932
3.272,-1.8,-0.00503663,-43.3082
3.274,-1.8,-0.00382784,-43.2742
3.276,-1.8,-0.00554029,-43.3082
3.278,-1.8,-0.00362637,-43.3166
3.28,-1.8,-0.0040293,-43.3166
3.282,-1.8,-0.00443223,-43.323
3.284,-1.8,-0.0052381,-43.4423
3.286,-1.8,-0.00453297,-43.4744
3.288,-1.8,-0.00554029,-43.3954
3.29,-1.8,-0.00443223,-43.5515
3.292,-1.8,-0.00382784,-43.6677
3.294,-1.8,-0.00413004,-43.5537
3.296,-1.8,-0.00533883,-43.5365
3.298,-1.8,-0.00423077,-43.6009
3.3,-1.8,-0.00443223,-43.5923
3.302,-1.8,-0.00564103,-43.6397
3.304,-1.8,-0.00342491,-43.6375
3.306,-1.8,-0.00282051,-43.6289
3.308,-1.8,-0.00302198,-43.6548
3.31,-1.8,-0.0043315,-43.7174
3.312,-1.8,-0.00352564,-43.6246
3.314,-1.8,-0.00352564,-43.6397
3.316,-1.8,-0.00453297,-43.5966
3.318,-1.8,-0.00342491,-43.5108
3.32,-1.8,-0.00332418,-43.5022
3.322,-1.8,-0.00543956,-43.5215
3.324,-1.8,-0.00423077,-43.4487
3.326,-1.8,-0.0043315,-43.5086
3.328,-1.8,-0.00453297,-43.5086
3.33,-1.8,-0.00382784,-43.5065
3.332,-1.8,-0.00292125,-43.5644
3.334,-1.8,-0.00282051,-43.4124
3.336,-1.8,-0.00513736,-43.5108
3.338,-1.8,-0.00362637,-43.389
3.34,-1.8,-0.0040293,-43.5065
3.342,-1.8,-0.00473443,-43.4744
3.344,-1.8,-0.00352564,-43.5386
3.346,-1.8,-0.0040293,-43.5343
3.348,-1.8,-0.00483516,-43.4082
3.35,-1.8,-0.00483516,-43.4851
3.352,-1.8,-0.00392857,-43.4402
3.354,-1.8,-0.00483516,-43.4573
3.356,-1.8,-0.00483516,-43.4573
3.358,-1.8,-0.0043315,-43.4316
3.36,-1.8,-0.00443223,-43.4359
3.362,-1.8,-0.00564103,-43.4402
3.364,-1.8,-0.00483516,-43.5408
3.366,-1.8,-0.00554029,-43.5859
3.368,-1.8,-0.00554029,-43.5945
3.37,-1.8,-0.00392857,-43.6268
3.372,-1.8,-0.00362637,-43.5687
3.374,-1.8,-0.00453297,-43.6268
3.376,-1.8,-0.00352564,-43.5751
3.378,-1.8,-0.0040293,-43.5558
3.38,-1.8,-0.00362637,-43.5966
3.382,-1.8,-0.00342491,-43.5773
3.384,-1.8,-0.00342491,-43.5472
3.386,-1.8,-0.00362637,-43.7109
3.388,-1.8,-0.00423077,-43.3082
3.39,-1.8,-0.00352564,-43.4722
3.392,-1.8,-0.00322344,-43.2827
3.394,-1.8,-0.00473443,-43.1959
3.396,-1.8,-0.00312271,-43.3698
3.398,-1.8,-0.00271978,-43.3911
3.4,-1.8,-0.00372711,-43.2255
3.402,-1.8,-0.00413004,-43.3549
3.404,-1.8,-0.00392857,-43.3188
3.406,-1.8,-0.00332418,-43.2488
3.408,-1.8,-0.0040293,-43.3655
3.41,-1.8,-0.00372711,-43.3251
3.412,-1.8,-0.0043315,-43.3251
3.414,-1.8,-0.00594322,-43.3804
3.416,-1.8,-0.00413004,-43.1559
3.418,-1.8,-0.00342491,-43.3783
3.42,-1.8,-0.0052381,-43.3315
3.422,-1.8,-0.0040293,-43.4274
3.424,-1.8,-0.00322344,-43.306
3.426,-1.8,-0.00453297,-43.3464
3.428,-1.8,-0.00554029,-43.3103
3.43,-1.8,-0.0043315,-43.3294
3.432,-1.8,-0.0052381,-43.4444
3.434,-1.8,-0.00564103,-43.4979
3.436,-1.8,-0.00362637,-43.3443
3.438,-1.8,-0.00382784,-43.5601
3.44,-1.8,-0.00604396,-43.6052
3.442,-1.8,-0.00503663,-43.6332
3.444,-1.8,-0.0043315,-43.5945
3.446,-1.8,-0.00392857,-43.6462
3.448,-1.8,-0.00342491,-43.7672
3.45,-1.8,-0.00332418,-43.7629
3.452,-1.8,-0.00352564,-43.6526
3.454,-1.8,-0.00413004,-43.6462
3.456,-1.8,-0.00312271,-43.6613
3.458,-1.8,-0.00392857,-43.6203
3.46,-1.8,-0.00483516,-43.7153
3.462,-1.8,-0.00342491,-43.6699
3.464,-1.8,-0.00271978,-43.53
3.466,-1.8,-0.00382784,-43.4765
3.468,-1.8,-0.00453297,-43.5365
3.47,-1.8,-0.00423077,-43.4701
3.472,-1.8,-0.0046337,-43.5451
3.474,-1.8,-0.00413004,-43.5515
3.476,-1.8,-0.00271978,-43.5108
3.478,-1.8,-0.00312271,-43.4936
3.48,-1.8,-0.00483516,-43.4829
3.482,-1.8,-0.00382784,-43.5494
3.484,-1.8,-0.00413004,-43.4167
3.486,-1.8,-0.00554029,-43.5193
3.488,-1.8,-0.00372711,-43.5108
3.49,-1.8,-0.00312271,-43.4936
3.492,-1.8,-0.00372711,-43.4252
3.494,-1.8,-0.00533883,-43.4573
3.496,-1.8,-0.00483516,-43.4252
3.498,-1.8,-0.00513736,-43.5086
3.5,-1.8,-0.0052381,-43.5086
3.502,-1.8,-0.0040293,-43.5086
3.504,-1.8,-0.00443223,-43.5902
3.506,-1.8,-0.00594322,-43.5579
3.508,-1.8,-0.0052381,-43.5236
3.51,-1.8,-0.00443223,-43.5579
3.512,-1.8,-0.00473443,-43.6699
3.514,-1.8,-0.0043315,-43.6375
3.516,-1.8,-0.00372711,-43.6397
3.518,-1.8,-0.00362637,-43.6699
3.52,-1.8,-0.00483516,-43.6569
3.522,-1.8,-0.00352564,-43.6591
3.524,-1.8,-0.00342491,-43.6009
3.526,-1.8,-0.00453297,-43.6117
3.528,-1.8,-0.00292125,-43.5537
3.53,-1.8,-0.00342491,-43.2255
3.532,-1.8,-0.00453297,-43.4786
3.534,-1.8,-0.00372711,-43.2785
3.536,-1.8,-0.00261905,-43.3762
3.538,-1.8,-0.0046337,-43.4679
3.54,-1.8,-0.00322344,-43.4167
3.542,-1.8,-0.00302198,-43.2742
3.544,-1.8,-0.00322344,-43.2446
3.546,-1.8,-0.0043315,-43.2933
3.548,-1.8,-0.00322344,-43.2509
3.55,-1.8,-0.00413004,-43.357
3.552,-1.8,-0.00443223,-43.2933
3.554,-1.8,-0.00352564,-43.3145
3.556,-1.8,-0.00302198,-43.27
3.558,-1.8,-0.00554029,-43.3315
3.56,-1.8,-0.00473443,-43.3996
3.562,-1.8,-0.00352564,-43.2742
3.564,-1.8,-0.00443223,-43.3868
3.566,-1.8,-0.00473443,-43.3251
3.568,-1.8,-0.00382784,-43.3592
3.57,-1.8,-0.0040293,-43.3613
3.572,-1.8,-0.00473443,-43.3336
3.574,-1.8,-0.00483516,-43.4082
3.576,-1.8,-0.0043315,-43.4615
3.578,-1.8,-0.00644689,-43.5
3.58,-1.8,-0.0046337,-43.6138
3.582,-1.8,-0.00413004,-43.5386
3.584,-1.8,-0.00513736,-43.6289
3.586,-1.8,-0.0046337,-43.6354
3.588,-1.8,-0.00413004,-43.6807
3.59,-1.8,-0.00362637,-43.7174
3.592,-1.8,-0.00372711,-43.7716
3.594,-1.8,-0.00261905,-43.6721
3.596,-1.8,-0.00332418,-43.6936
3.598,-1.8,-0.0052381,-43.6828
3.6,-1.8,-0.00362637,-43.6742
3.602,-1.8,-0.00241758,-43.6721
3.604,-1.8,-0.00513736,-43.6311
3.606,-1.8,-0.00292125,-43.5258
3.608,-1.8,-0.00251832,-43.53
3.61,-1.8,-0.00352564,-43.4979
3.612,-1.8,-0.00453297,-43.53
3.614,-1.8,-0.00392857,-43.5236
3.616,-1.8,-0.00382784,-43.5258
3.618,-1.8,-0.00443223,-43.5322
3.62,-1.8,-0.00261905,-43.5494
3.622,-1.8,-0.00292125,-43.4444
3.624,-1.8,-0.00342491,-43.5
3.626,-1.8,-0.00362637,-43.3932
3.628,-1.8,-0.00382784,-43.5365
3.63,-1.8,-0.00443223,-43.6117
3.632,-1.8,-0.00423077,-43.4423
3.634,-1.8,-0.00372711,-43.4637
3.636,-1.8,-0.00342491,-43.5215
3.638,-1.8,-0.00533883,-43.4551
3.64,-1.8,-0.00483516,-43.4573
3.642,-1.8,-0.0049359,-43.4167
3.644,-1.8,-0.0052381,-43.5086
3.646,-1.8,-0.00413004,-43.5215
3.648,-1.8,-0.00392857,-43.438
3.65,-1.8,-0.0052381,-43.4808
3.652,-1.8,-0.00574176,-43.515
3.654,-1.8,-0.00503663,-43.5902
3.656,-1.8,-0.00513736,-43.5515
3.658,-1.8,-0.00382784,-43.6354
3.66,-1.8,-0.00312271,-43.6268
3.662,-1.8,-0.00382784,-43.5537
3.664,-1.8,-0.00473443,-43.5515
3.666,-1.8,-0.00382784,-43.6138
3.668,-1.8,-0.00342491,-43.6483
3.67,-1.8,-0.00554029,-43.5494
3.672,-1.8,-0.00352564,-43.5558
3.674,-1.8,-0.00292125,-43.4551
3.676,-1.8,-0.00322344,-43.4551
3.678,-1.8,-0.0046337,-43.2234
3.68,-1.8,-0.00362637,-43.4936
3.682,-1.8,-0.00271978,-43.3166
3.684,-1.8,-0.0046337,-43.3039
3.686,-1.8,-0.00322344,-43.3954
3.688,-1.8,-0.00302198,-43.2891
3.69,-1.8,-0.00413004,-43.2933
3.692,-1.8,-0.00372711,-43.2403
3.694,-1.8,-0.00332418,-43.2806
3.696,-1.8,-0.00473443,-43.3655
3.698,-1.8,-0.00372711,-43.2827
3.7,-1.8,-0.00271978,-43.2869
3.702,-1.8,-0.00362637,-43.306
3.704,-1.8,-0.00483516,-43.0801
3.706,-1.8,-0.00423077,-43.3188
3.708,-1.8,-0.00503663,-43.3741
3.71,-1.8,-0.00584249,-43.3592
3.712,-1.8,-0.0040293,-43.3719
3.714,-1.8,-0.00413004,-43.2234
3.716,-1.8,-0.00674908,-43.3273
3.718,-1.8,-0.00453297,-43.2997
3.72,-1.8,-0.00453297,-43.4018
3.722,-1.8,-0.00533883,-43.4082
3.724,-1.8,-0.00503663,-43.3868
3.726,-1.8,-0.00392857,-43.4637
3.728,-1.8,-0.00453297,-43.4829
3.73,-1.8,-0.00554029,-43.6419
3.732,-1.8,-0.00352564,-43.6419
3.734,-1.8,-0.0043315,-43.6009
3.736,-1.8,-0.00483516,-43.7499
3.738,-1.8,-0.00282051,-43.7391
3.74,-1.8,-0.00352564,-43.6375
3.742,-1.8,-0.00362637,-43.6031
3.744,-1.8,-0.00342491,-43.6225
3.746,-1.8,-0.00372711,-43.6764
3.748,-1.8,-0.00413004,-43.5558
3.75,-1.8,-0.00352564,-43.6505
3.752,-1.8,-0.00312271,-43.5708
3.754,-1.8,-0.00332418,-43.5043
3.756,-1.8,-0.0052381,-43.5086
3.758,-1.8,-0.00443223,-43.5279
3.76,-1.8,-0.0043315,-43.4872
3.762,-1.8,-0.00503663,-43.5236
3.764,-1.8,-0.00292125,-43.4958
3.766,-1.8,-0.00322344,-43.4402
3.768,-1.8,-0.00302198,-43.53
3.77,-1.8,-0.00413004,-43.6117
3.772,-1.8,-0.00413004,-43.5258
3.774,-1.8,-0.00413004,-43.4167
3.776,-1.8,-0.00372711,-43.4936
3.778,-1.8,-0.00332418,-43.4765
3.78,-1.8,-0.00332418,-43.4423
3.782,-1.8,-0.00684982,-43.4039
3.784,-1.8,-0.00503663,-43.4658
3.786,-1.8,-0.00423077,-43.5451
3.788,-1.8,-0.00674908,-43.5172
3.79,-1.8,-0.0052381,-43.5129
3.792,-1.8,-0.00413004,-43.5086
3.794,-1.8,-0.00443223,-43.4594
3.796,-1.8,-0.00533883,-43.5945
3.798,-1.8,-0.00443223,-43.5837
3.8,-1.8,-0.00473443,-43.5794
3.802,-1.8,-0.00473443,-43.6828
3.804,-1.8,-0.00352564,-43.6721
3.806,-1.8,-0.00362637,-43.5902
3.808,-1.8,-0.0049359,-43.5708
3.81,-1.8,-0.00362637,-43.6505
3.812,-1.8,-0.00382784,-43.588
3.814,-1.8,-0.00392857,-43.5902
3.816,-1.8,-0.0040293,-43.616
3.818,-1.8,-0.00342491,-43.4915
3.82,-1.8,-0.00372711,-43.1938
3.822,-1.8,-0.0040293,-43.7434
3.824,-1.8,-0.00352564,-43.2573
3.826,-1.8,-0.00372711,-43.3592
3.828,-1.8,-0.00382784,-43.5065
3.83,-1.8,-0.00251832,-43.2785
3.832,-1.8,-0.00342491,-43.2785
3.834,-1.8,-0.00312271,-43.2467
3.836,-1.8,-0.0043315,-43.2806
3.838,-1.8,-0.00382784,-43.2912
3.84,-1.8,-0.0046337,-43.2721
3.842,-1.8,-0.00392857,-43.3336
3.844,-1.8,-0.00362637,-43.3592
3.846,-1.8,-0.00332418,-43.2869
3.848,-1.8,-0.00614469,-43.4146
3.85,-1.8,-0.00413004,-43.3251
3.852,-1.8,-0.00413004,-43.2827
3.854,-1.8,-0.00604396,-43.323
3.856,-1.8,-0.00352564,-43.2997
3.858,-1.8,-0.0040293,-43.4188
3.86,-1.8,-0.00483516,-43.3464
3.862,-1.8,-0.00554029,-43.4722
3.864,-1.8,-0.0046337,-43.5065
3.866,-1.8,-0.00533883,-43.4316
3.868,-1.8,-0.00513736,-43.5622
3.87,-1.8,-0.00413004,-43.685
3.872,-1.8,-0.00392857,-43.5751
3.874,-1.8,-0.00533883,-43.5579
3.876,-1.8,-0.00372711,-43.6268
3.878,-1.8,-0.0043315,-43.6031
3.88,-1.8,-0.00604396,-43.6505
3.882,-1.8,-0.00332418,-43.6354
3.884,-1.8,-0.00332418,-43.6375
3.886,-1.8,-0.00271978,-43.6656
3.888,-1.8,-0.0040293,-43.7153
3.89,-1.8,-0.00362637,-43.6311
3.892,-1.8,-0.00382784,-43.644
3.894,-1.8,-0.0040293,-43.5945
3.896,-1.8,-0.00322344,-43.5322
3.898,-1.8,-0.00261905,-43.5236
3.9,-1.8,-0.00473443,-43.5236
3.902,-1.8,-0.00392857,-43.4594
3.904,-1.8,-0.00372711,-43.5258
3.906,-1.8,-0.0046337,-43.5322
3.908,-1.8,-0.00362637,-43.5322
3.91,-1.8,-0.00292125,-43.5837
3.912,-1.8,-0.00332418,-43.4487
3.914,-1.8,-0.00453297,-43.5322
3.916,-1.8,-0.00392857,-43.4252
3.918,-1.8,-0.0040293,-43.5408
3.92,-1.8,-0.00362637,-43.6225
3.922,-1.8,-0.00312271,-43.573
3.924,-1.8,-0.00312271,-43.588
3.926,-1.8,-0.00423077,-43.4444
3.928,-1.8,-0.00483516,-43.5322
3.93,-1.8,-0.00413004,-43.4915
3.932,-1.8,-0.00423077,-43.5172
3.934,-1.8,-0.00423077,-43.4915
3.936,-1.8,-0.00342491,-43.4722
3.938,-1.8,-0.00443223,-43.4722
3.94,-1.8,-0.00614469,-43.4829
3.942,-1.8,-0.0049359,-43.5687
3.944,-1.8,-0.0049359,-43.5945
3.946,-1.8,-0.00554029,-43.6225
3.948,-1.8,-0.00413004,-43.6505
3.95,-1.8,-0.00342491,-43.5945
3.952,-1.8,-0.0040293,-43.6483
3.954,-1.8,-0.00423077,-43.5945
3.956,-1.8,-0.00332418,-43.573
3.958,-1.8,-0.00282051,-43.6138
3.96,-1.8,-0.00342491,-43.6031
3.962,-1.8,-0.00322344,-43.5258
3.964,-1.8,-0.00382784,-43.7412
3.966,-1.8,-0.0040293,-43.3315
3.968,-1.8,-0.00352564,-43.4958
3.97,-1.8,-0.00352564,-43.3145
3.972,-1.8,-0.00533883,-43.2255
3.974,-1.8,-0.00382784,-43.3911
3.976,-1.8,-0.00362637,-43.3996
3.978,-1.8,-0.00382784,-43.2509
3.98,-1.8,-0.00443223,-43.3613
3.982,-1.8,-0.00342491,-43.3379
3.984,-1.8,-0.00443223,-43.2657
3.986,-1.8,-0.00342491,-43.3847
3.988,-1.8,-0.00362637,-43.3336
3.99,-1.8,-0.00332418,-43.306
3.992,-1.8,-0.00473443,-43.2255
3.994,-1.8,-0.00372711,-43.4359
3.996,-1.8,-0.0043315,-43.3421
3.998,-1.8,-0.00503663,-43.3421
4,-1.7,-0.00443223,-43.4338
4.002,-1.7,0.00503663,-43.0654
4.004,-1.7,0.00251832,-42.788
4.006,-1.7,0.00040293,-42.4836
4.008,-1.7,0.000100733,-42.2803
4.01,-1.7,-0.000705128,-42.2035
4.012,-1.7,-0.00130952,-42.105
4.014,-1.7,-0.000503663,-42.0529
4.016,-1.7,-0.00100733,-41.8002
4.018,-1.7,-0.00130952,-41.7666
4.02,-1.7,-0.00161172,-41.6603
4.022,-1.7,-0.00141026,-41.5936
4.024,-1.7,-0.00130952,-41.5096
4.026,-1.7,-0.00221612,-41.5252
4.028,-1.7,-0.00231685,-41.4901
4.03,-1.7,-0.00120879,-41.3155
4.032,-1.7,-0.00282051,-41.302
4.034,-1.7,-0.00332418,-41.2249
4.036,-1.7,-0.00302198,-41.1194
4.038,-1.7,-0.00221612,-41.1022
4.04,-1.7,-0.00302198,-41.0163
4.042,-1.7,-0.00261905,-40.9156
4.044,-1.7,-0.00241758,-40.8986
4.046,-1.7,-0.00362637,-40.8192
4.048,-1.7,-0.00362637,-40.8268
4.05,-1.7,-0.00292125,-40.8211
4.052,-1.7,-0.00322344,-40.7533
4.054,-1.7,-0.0046337,-40.7703
4.056,-1.7,-0.00292125,-40.7815
4.058,-1.7,-0.00322344,-40.7608
4.06,-1.7,-0.00362637,-40.6933
4.062,-1.7,-0.00453297,-40.8098
4.064,-1.7,-0.00362637,-40.7214
4.066,-1.7,-0.00413004,-40.7646
4.068,-1.7,-0.00483516,-40.7778
4.07,-1.7,-0.00282051,-40.727
4.072,-1.7,-0.00322344,-40.583
4.074,-1.7,-0.00413004,-40.6708
4.076,-1.7,-0.00443223,-40.5606
4.078,-1.7,-0.00423077,-40.5793
4.08,-1.7,-0.0052381,-40.639
4.082,-1.7,-0.00533883,-40.6427
4.084,-1.7,-0.00413004,-40.6465
4.086,-1.7,-0.00372711,-40.5644
4.088,-1.7,-0.00473443,-40.6427
4.09,-1.7,-0.0052381,-40.5923
4.092,-1.7,-0.00473443,-40.6446
4.094,-1.7,-0.0046337,-40.6596
4.096,-1.7,-0.0049359,-40.7458
4.098,-1.7,-0.0043315,-40.7045
4.1,-1.7,-0.00392857,-40.6446
4.102,-1.7,-0.00392857,-40.6933
4.104,-1.7,-0.0043315,-40.667
4.106,-1.7,-0.00342491,-40.6689
4.108,-1.7,-0.00362637,-40.639
4.11,-1.7,-0.0043315,-40.6633
4.112,-1.7,-0.00312271,-40.5699
4.114,-1.7,-0.00312271,-40.5402
4.116,-1.7,-0.00372711,-40.5253
4.118,-1.7,-0.0043315,-40.3237
4.12,-1.7,-0.00413004,-40.4566
4.122,-1.7,-0.00312271,-40.44
4.124,-1.7,-0.00443223,-40.3753
4.126,-1.7,-0.00302198,-40.4085
4.128,-1.7,-0.00322344,-40.3053
4.13,-1.7,-0.00352564,-40.309
4.132,-1.7,-0.00302198,-40.4196
4.134,-1.7,-0.00352564,-40.403
4.136,-1.7,-0.00453297,-40.3476
4.138,-1.7,-0.00392857,-40.3679
4.14,-1.7,-0.00362637,-40.4474
4.142,-1.7,-0.00322344,-40.4252
4.144,-1.7,-0.00322344,-40.4122
4.146,-1.7,-0.00473443,-40.1971
4.148,-1.7,-0.00352564,-40.3642
4.15,-1.7,-0.00423077,-40.4511
4.152,-1.7,-0.00564103,-40.4141
4.154,-1.7,-0.00423077,-40.4011
4.156,-1.7,-0.00372711,-40.4993
4.158,-1.7,-0.00473443,-40.4289
4.16,-1.7,-0.00543956,-40.4159
4.162,-1.7,-0.00533883,-40.4159
4.164,-1.7,-0.00533883,-40.516
4.166,-1.7,-0.00644689,-40.596
4.168,-1.7,-0.00342491,-40.6745
4.17,-1.7,-0.00423077,-40.6951
4.172,-1.7,-0.0040293,-40.6296
4.174,-1.7,-0.00564103,-40.7552
4.176,-1.7,-0.00453297,-40.7684
4.178,-1.7,-0.00413004,-40.727
4.18,-1.7,-0.00473443,-40.7402
4.182,-1.7,-0.00362637,-40.7252
4.184,-1.7,-0.00342491,-40.7345
4.186,-1.7,-0.00352564,-40.7477
4.188,-1.7,-0.0046337,-40.7383
4.19,-1.7,-0.0046337,-40.7439
4.192,-1.7,-0.00342491,-40.6951
4.194,-1.7,-0.00453297,-40.611
4.196,-1.7,-0.00362637,-40.5942
4.198,-1.7,-0.00362637,-40.5923
4.2,-1.7,-0.00382784,-40.5513
4.202,-1.7,-0.00533883,-40.5086
4.204,-1.7,-0.00392857,-40.5402
4.206,-1.7,-0.00342491,-40.5495
4.208,-1.7,-0.00473443,-40.6427
4.21,-1.7,-0.00302198,-40.6259
4.212,-1.7,-0.00362637,-40.6521
4.214,-1.7,-0.00292125,-40.5123
4.216,-1.7,-0.0052381,-40.6147
4.218,-1.7,-0.00392857,-40.6054
4.22,-1.7,-0.00332418,-40.49
4.222,-1.7,-0.00543956,-40.5811
4.224,-1.7,-0.00392857,-40.6296
4.226,-1.7,-0.00382784,-40.5216
4.228,-1.7,-0.00413004,-40.5811
4.23,-1.7,-0.00594322,-40.5197
4.232,-1.7,-0.0046337,-40.5086
4.234,-1.7,-0.0046337,-40.5905
4.236,-1.7,-0.00664835,-40.5681
4.238,-1.7,-0.00513736,-40.5699
4.24,-1.7,-0.0043315,-40.5774
4.242,-1.7,-0.00443223,-40.5141
4.244,-1.7,-0.00543956,-40.5234
4.246,-1.7,-0.00443223,-40.6166
4.248,-1.7,-0.00392857,-40.6409
4.25,-1.7,-0.00473443,-40.7477
4.252,-1.7,-0.0043315,-40.7214
4.254,-1.7,-0.00312271,-40.712
4.256,-1.7,-0.00413004,-40.6465
4.258,-1.7,-0.00443223,-40.7308
4.26,-1.7,-0.00352564,-40.6802
4.262,-1.7,-0.00362637,-40.6147
4.264,-1.7,-0.0040293,-40.6708
4.266,-1.7,-0.00282051,-40.7008
4.268,-1.7,-0.00342491,-40.5979
4.27,-1.7,-0.00352564,-40.791
4.272,-1.7,-0.00372711,-40.4011
4.274,-1.7,-0.00423077,-40.5327
4.276,-1.7,-0.00362637,-40.5737
4.278,-1.7,-0.00483516,-40.5551
4.28,-1.7,-0.00302198,-40.5141
4.282,-1.7,-0.00261905,-40.3753
4.284,-1.7,-0.00362637,-40.3864
4.286,-1.7,-0.0040293,-40.3993
4.288,-1.7,-0.00312271,-40.464
4.29,-1.7,-0.00362637,-40.3956
4.292,-1.7,-0.00392857,-40.4233
4.294,-1.7,-0.00392857,-40.4437
4.296,-1.7,-0.00352564,-40.4529
4.298,-1.7,-0.00322344,-40.3864
4.3,-1.7,-0.00503663,-40.3255
4.302,-1.7,-0.00453297,-40.2777
4.304,-1.7,-0.00473443,-40.4696
4.306,-1.7,-0.00453297,-40.44
4.308,-1.7,-0.00413004,-40.4344
4.31,-1.7,-0.00392857,-40.4678
4.312,-1.7,-0.0043315,-40.4863
4.314,-1.7,-0.00624542,-40.4585
4.316,-1.7,-0.00443223,-40.5197
4.318,-1.7,-0.00382784,-40.4659
4.32,-1.7,-0.0046337,-40.6184
4.322,-1.7,-0.0046337,-40.6783
4.324,-1.7,-0.00423077,-40.7928
4.326,-1.7,-0.00483516,-40.6839
4.328,-1.7,-0.0052381,-40.7345
4.33,-1.7,-0.00423077,-40.7947
4.332,-1.7,-0.00352564,-40.7327
4.334,-1.7,-0.00423077,-40.8626
4.336,-1.7,-0.00362637,-40.7891
4.338,-1.7,-0.00362637,-40.8098
4.34,-1.7,-0.00382784,-40.791
4.342,-1.7,-0.0043315,-40.7815
4.344,-1.7,-0.00413004,-40.7872
4.346,-1.7,-0.00372711,-40.806
4.348,-1.7,-0.00352564,-40.6951
4.35,-1.7,-0.00382784,-40.6708
4.352,-1.7,-0.00372711,-40.6353
4.354,-1.7,-0.00251832,-40.6353
4.356,-1.7,-0.00533883,-40.583
4.358,-1.7,-0.00513736,-40.6035
4.36,-1.7,-0.00513736,-40.6259
4.362,-1.7,-0.00413004,-40.6783
4.364,-1.7,-0.0043315,-40.6614
4.366,-1.7,-0.00282051,-40.6708
4.368,-1.7,-0.00302198,-40.5905
4.37,-1.7,-0.00413004,-40.6446
4.372,-1.7,-0.0046337,-40.6839
4.374,-1.7,-0.00392857,-40.596
4.376,-1.7,-0.00473443,-40.624
4.378,-1.7,-0.00473443,-40.6222
4.38,-1.7,-0.00332418,-40.596
4.382,-1.7,-0.00342491,-40.697
4.384,-1.7,-0.0040293,-40.5513
4.386,-1.7,-0.00453297,-40.6353
4.388,-1.7,-0.0046337,-40.6315
4.39,-1.7,-0.00483516,-40.5476
4.392,-1.7,-0.00473443,-40.6315
4.394,-1.7,-0.00413004,-40.611
4.396,-1.7,-0.0043315,-40.6783
4.398,-1.7,-0.00483516,-40.5793
4.4,-1.7,-0.0046337,-40.6184
4.402,-1.7,-0.00413004,-40.697
4.404,-1.7,-0.0046337,-40.7402
4.406,-1.7,-0.00413004,-40.7364
4.408,-1.7,-0.00382784,-40.7496
4.41,-1.7,-0.00302198,-40.7797
4.412,-1.7,-0.00382784,-40.7383
4.414,-1.7,-0.00352564,-40.6914
4.416,-1.7,-0.00382784,-40.6727
4.418,-1.7,-0.0040293,-40.7083
4.42,-1.7,-0.00342491,-40.7289
4.422,-1.7,-0.00362637,-40.667
4.424,-1.7,-0.00332418,-40.3698
4.426,-1.7,-0.00322344,-40.5141
4.428,-1.7,-0.00372711,-40.6483
4.43,-1.7,-0.00332418,-40.6147
4.432,-1.7,-0.00372711,-40.4511
4.434,-1.7,-0.0040293,-40.4511
4.436,-1.7,-0.00342491,-40.4307
4.438,-1.7,-0.00322344,-40.4252
4.44,-1.7,-0.00392857,-40.4659
4.442,-1.7,-0.00413004,-40.4492
4.444,-1.7,-0.00271978,-40.4437
4.446,-1.7,-0.00382784,-40.3974
4.448,-1.7,-0.0046337,-40.5104
4.45,-1.7,-0.00392857,-40.4603
4.452,-1.7,-0.00312271,-40.4122
4.454,-1.7,-0.00543956,-40.4048
4.456,-1.7,-0.00362637,-40.6147
4.458,-1.7,-0.00372711,-40.4807
4.46,-1.7,-0.00392857,-40.516
4.462,-1.7,-0.00473443,-40.5197
4.464,-1.7,-0.00473443,-40.4529
4.466,-1.7,-0.00372711,-40.4566
4.468,-1.7,-0.00473443,-40.4585
4.47,-1.7,-0.00564103,-40.4789
4.472,-1.7,-0.00423077,-40.5383
4.474,-1.7,-0.00413004,-40.5662
4.476,-1.7,-0.00533883,-40.6203
4.478,-1.7,-0.00392857,-40.4937
4.48,-1.7,-0.00392857,-40.6278
4.482,-1.7,-0.00392857,-40.7289
4.484,-1.7,-0.00473443,-40.7364
4.486,-1.7,-0.00413004,-40.7439
4.488,-1.7,-0.00392857,-40.7514
4.49,-1.7,-0.00453297,-40.8551
4.492,-1.7,-0.00302198,-40.8815
4.494,-1.7,-0.00332418,-40.8513
4.496,-1.7,-0.00382784,-40.8173
4.498,-1.7,-0.0040293,-40.823
4.5,-1.7,-0.00332418,-40.7402
4.502,-1.7,-0.00352564,-40.6914
4.504,-1.7,-0.00483516,-40.8079
4.506,-1.7,-0.00322344,-40.7514
4.508,-1.7,-0.00302198,-40.5774
4.51,-1.7,-0.00332418,-40.5811
4.512,-1.7,-0.00443223,-40.5681
4.514,-1.7,-0.00392857,-40.5886
4.516,-1.7,-0.00503663,-40.5905
4.518,-1.7,-0.0043315,-40.6072
4.52,-1.7,-0.00352564,-40.5793
4.522,-1.7,-0.00372711,-40.5272
4.524,-1.7,-0.00382784,-40.5699
4.526,-1.7,-0.00453297,-40.4844
4.528,-1.7,-0.00382784,-40.4826
4.53,-1.7,-0.00443223,-40.5998
4.532,-1.7,-0.00614469,-40.5737
4.534,-1.7,-0.00443223,-40.5699
4.536,-1.7,-0.00382784,-40.5569
4.538,-1.7,-0.00392857,-40.5011
4.54,-1.7,-0.00443223,-40.6091
4.542,-1.7,-0.00533883,-40.6072
4.544,-1.7,-0.00473443,-40.5513
4.546,-1.7,-0.00584249,-40.5606
4.548,-1.7,-0.0040293,-40.5644
4.55,-1.7,-0.0043315,-40.5942
4.552,-1.7,-0.0043315,-40.5551
4.554,-1.7,-0.00624542,-40.5942
4.556,-1.7,-0.0046337,-40.6521
4.558,-1.7,-0.00503663,-40.6745
4.56,-1.7,-0.00564103,-40.7139
4.562,-1.7,-0.00413004,-40.7252
4.564,-1.7,-0.00413004,-40.6989
4.566,-1.7,-0.00443223,-40.7665
4.568,-1.7,-0.00473443,-40.7646
4.57,-1.7,-0.00362637,-40.7195
4.572,-1.7,-0.00382784,-40.7477
4.574,-1.7,-0.00443223,-40.6596
4.576,-1.7,-0.00282051,-40.6502
4.578,-1.7,-0.00251832,-40.5644
4.58,-1.7,-0.00322344,-40.5327
4.582,-1.7,-0.00423077,-40.8287
4.584,-1.7,-0.00372711,-40.3716
4.586,-1.7,-0.00342491,-40.3956
4.588,-1.7,-0.00503663,-40.3219
4.59,-1.7,-0.00332418,-40.4696
4.592,-1.7,-0.00312271,-40.3974
4.594,-1.7,-0.00382784,-40.3882
4.596,-1.7,-0.00503663,-40.3882
4.598,-1.7,-0.00251832,-40.3642
4.6,-1.7,-0.00322344,-40.3938
4.602,-1.7,-0.0040293,-40.4937
4.604,-1.7,-0.00413004,-40.4122
4.606,-1.7,-0.00382784,-40.4492
4.608,-1.7,-0.00372711,-40.4511
4.61,-1.7,-0.0046337,-40.5327
4.612,-1.7,-0.00443223,-40.4418
4.614,-1.7,-0.0046337,-40.403
4.616,-1.7,-0.00574176,-40.4474
4.618,-1.7,-0.0043315,-40.5104
4.62,-1.7,-0.00453297,-40.4696
4.622,-1.7,-0.00413004,-40.4289
4.624,-1.7,-0.00564103,-40.5811
4.626,-1.7,-0.0043315,-40.4826
4.628,-1.7,-0.0046337,-40.529
4.63,-1.7,-0.00634615,-40.5476
4.632,-1.7,-0.00362637,-40.5402
4.634,-1.7,-0.0040293,-40.6016
4.636,-1.7,-0.00392857,-40.6876
4.638,-1.7,-0.00533883,-40.7308
4.64,-1.7,-0.00392857,-40.7233
4.642,-1.7,-0.00362637,-40.7083
4.644,-1.7,-0.0049359,-40.8004
4.646,-1.7,-0.00362637,-40.8589
4.648,-1.7,-0.00342491,-40.857
4.65,-1.7,-0.00332418,-40.7514
4.652,-1.7,-0.00473443,-40.7533
4.654,-1.7,-0.00423077,-40.7439
4.656,-1.7,-0.00382784,-40.7552
4.658,-1.7,-0.00362637,-40.7421
4.66,-1.7,-0.00251832,-40.7064
4.662,-1.7,-0.00302198,-40.6203
4.664,-1.7,-0.00382784,-40.6278
4.666,-1.7,-0.00362637,-40.6334
4.668,-1.7,-0.00392857,-40.5681
4.67,-1.7,-0.00332418,-40.6427
4.672,-1.7,-0.00392857,-40.6446
4.674,-1.7,-0.00392857,-40.667
4.676,-1.7,-0.00261905,-40.5942
4.678,-1.7,-0.00312271,-40.6483
4.68,-1.7,-0.00543956,-40.6035
4.682,-1.7,-0.00423077,-40.6876
4.684,-1.7,-0.00362637,-40.6614
4.686,-1.7,-0.00513736,-40.7252
4.688,-1.7,-0.0049359,-40.5755
4.69,-1.7,-0.00332418,-40.6072
4.692,-1.7,-0.00443223,-40.5625
4.694,-1.7,-0.00584249,-40.5309
4.696,-1.7,-0.0040293,-40.5886
4.698,-1.7,-0.00413004,-40.5049
4.7,-1.7,-0.0052381,-40.6072
4.702,-1.7,-0.0046337,-40.596
4.704,-1.7,-0.00352564,-40.5681
4.706,-1.7,-0.0040293,-40.5457
4.708,-1.7,-0.0052381,-40.6708
4.71,-1.7,-0.0046337,-40.6764
4.712,-1.7,-0.00453297,-40.6446
4.714,-1.7,-0.00533883,-40.6633
4.716,-1.7,-0.0046337,-40.7703
4.718,-1.7,-0.00332418,-40.7552
4.72,-1.7,-0.00332418,-40.712
4.722,-1.7,-0.0052381,-40.6858
4.724,-1.7,-0.0040293,-40.7496
4.726,-1.7,-0.00382784,-40.7064
4.728,-1.7,-0.00392857,-40.7101
4.73,-1.7,-0.00382784,-40.6577
4.732,-1.7,-0.00352564,-40.667
4.734,-1.7,-0.00352564,-40.6483
4.736,-1.7,-0.00513736,-40.477
4.738,-1.7,-0.00342491,-40.427
4.74,-1.7,-0.00362637,-40.5104
4.742,-1.7,-0.00372711,-40.3919
4.744,-1.7,-0.0043315,-40.4252
4.746,-1.7,-0.00342491,-40.5179
4.748,-1.7,-0.00342491,-40.4381
4.75,-1.7,-0.00554029,-40.4104
4.752,-1.7,-0.00382784,-40.4215
4.754,-1.7,-0.00372711,-40.4252
4.756,-1.7,-0.0040293,-40.4178
4.758,-1.7,-0.00352564,-40.4307
4.76,-1.7,-0.00322344,-40.4326
4.762,-1.7,-0.00382784,-40.4659
4.764,-1.7,-0.0049359,-40.5104
4.766,-1.7,-0.00332418,-40.2961
4.768,-1.7,-0.00423077,-40.4104
4.77,-1.7,-0.00342491,-40.5086
4.772,-1.7,-0.00483516,-40.49
4.774,-1.7,-0.00332418,-40.4752
4.776,-1.7,-0.00413004,-40.5123
4.778,-1.7,-0.00584249,-40.5216
4.78,-1.7,-0.0046337,-40.4807
4.782,-1.7,-0.00443223,-40.6334
4.784,-1.7,-0.00473443,-40.5606
4.786,-1.7,-0.0049359,-40.7026
4.788,-1.7,-0.00332418,-40.712
4.79,-1.7,-0.00362637,-40.6652
4.792,-1.7,-0.00584249,-40.7364
4.794,-1.7,-0.00473443,-40.7684
4.796,-1.7,-0.00372711,-40.891
4.798,-1.7,-0.00392857,-40.8136
4.8,-1.7,-0.00382784,-40.8532
4.802,-1.7,-0.00271978,-40.774
4.804,-1.7,-0.00211538,-40.7853
4.806,-1.7,-0.00352564,-40.7721
4.808,-1.7,-0.00352564,-40.7552
4.81,-1.7,-0.0040293,-40.7439
4.812,-1.7,-0.00362637,-40.7458
4.814,-1.7,-0.00352564,-40.6783
4.816,-1.7,-0.00332418,-40.6483
4.818,-1.7,-0.00332418,-40.6203
4.82,-1.7,-0.0040293,-40.6016
4.822,-1.7,-0.00413004,-40.6483
4.824,-1.7,-0.00352564,-40.5905
4.826,-1.7,-0.00453297,-40.6054
4.828,-1.7,-0.00302198,-40.6446
4.83,-1.7,-0.00282051,-40.6783
4.832,-1.7,-0.00322344,-40.6596
4.834,-1.7,-0.00332418,-40.6054
4.836,-1.7,-0.00372711,-40.7533
4.838,-1.7,-0.00392857,-40.6558
4.84,-1.7,-0.00443223,-40.5476
4.842,-1.7,-0.00423077,-40.7383
4.844,-1.7,-0.00392857,-40.697
4.846,-1.7,-0.00332418,-40.6989
4.848,-1.7,-0.00473443,-40.6521
4.85,-1.7,-0.00513736,-40.5383
4.852,-1.7,-0.0040293,-40.5495
4.854,-1.7,-0.0049359,-40.6203
4.856,-1.7,-0.0052381,-40.6278
4.858,-1.7,-0.00382784,-40.6353
4.86,-1.7,-0.00282051,-40.5588
4.862,-1.7,-0.00382784,-40.6315
4.864,-1.7,-0.00554029,-40.596
4.866,-1.7,-0.0043315,-40.6558
4.868,-1.7,-0.00372711,-40.6783
4.87,-1.7,-0.00473443,-40.7646
4.872,-1.7,-0.00352564,-40.7345
4.874,-1.7,-0.00312271,-40.6745
4.876,-1.7,-0.00352564,-40.7421
4.878,-1.7,-0.00413004,-40.6951
4.88,-1.7,-0.00302198,-40.7327
4.882,-1.7,-0.00372711,-40.697
4.884,-1.7,-0.00322344,-40.7252
4.886,-1.7,-0.00261905,-40.6353
4.888,-1.7,-0.00372711,-40.7252
4.89,-1.7,-0.00362637,-40.5849
4.892,-1.7,-0.00413004,-40.3698
4.894,-1.7,-0.00292125,-40.5272
4.896,-1.7,-0.00332418,-40.5011
4.898,-1.7,-0.00413004,-40.6334
4.9,-1.7,-0.00312271,-40.4789
4.902,-1.7,-0.00322344,-40.3679
4.904,-1.7,-0.0040293,-40.3661
4.906,-1.7,-0.00372711,-40.4752
4.908,-1.7,-0.00352564,-40.44
4.91,-1.7,-0.00302198,-40.3901
4.912,-1.7,-0.00473443,-40.4492
4.914,-1.7,-0.00312271,-40.4882
4.916,-1.7,-0.00392857,-40.4548
4.918,-1.7,-0.00372711,-40.3661
4.92,-1.7,-0.00483516,-40.2081
4.922,-1.7,-0.00392857,-40.4307
4.924,-1.7,-0.00413004,-40.4455
4.926,-1.7,-0.00513736,-40.4215
4.928,-1.7,-0.00392857,-40.4289
4.93,-1.7,-0.00271978,-40.5086
4.932,-1.7,-0.00453297,-40.4585
4.934,-1.7,-0.0052381,-40.4067
4.936,-1.7,-0.00483516,-40.4252
4.938,-1.7,-0.0043315,-40.5309
4.94,-1.7,-0.0046337,-40.596
4.942,-1.7,-0.00513736,-40.7045
4.944,-1.7,-0.00372711,-40.7045
4.946,-1.7,-0.00413004,-40.6446
4.948,-1.7,-0.00503663,-40.7778
4.95,-1.7,-0.0043315,-40.7928
4.952,-1.7,-0.0043315,-40.7552
4.954,-1.7,-0.00453297,-40.8815
4.956,-1.7,-0.00302198,-40.7552
4.958,-1.7,-0.00271978,-40.7514
4.96,-1.7,-0.00322344,-40.7853
4.962,-1.7,-0.00362637,-40.7646
4.964,-1.7,-0.00342491,-40.7477
4.966,-1.7,-0.00382784,-40.727
4.968,-1.7,-0.00413004,-40.6502
4.97,-1.7,-0.00352564,-40.6745
4.972,-1.7,-0.00332418,-40.6222
4.974,-1.7,-0.00372711,-40.5905
4.976,-1.7,-0.0043315,-40.6259
4.978,-1.7,-0.00332418,-40.5774
4.98,-1.7,-0.00423077,-40.5886
4.982,-1.7,-0.00503663,-40.6764
4.984,-1.7,-0.00382784,-40.6652
4.986,-1.7,-0.00312271,-40.6427
4.988,-1.7,-0.00342491,-40.5551
4.99,-1.7,-0.00503663,-40.6521
4.992,-1.7,-0.00392857,-40.6427
4.994,-1.7,-0.00392857,-40.5272
4.996,-1.7,-0.00443223,-40.6166
4.998,-1.7,-0.00342491,-40.6802
5,-1.6,-0.00292125,-40.6296
5.002,-1.6,0.00372711,-40.3053
5.004,-1.6,0.000805861,-40.0786
5.006,-1.6,0.00141026,-39.7791
5.008,-1.6,0.000302198,-39.6523
5.01,-1.6,-0.00130952,-39.4505
5.012,-1.6,0.000100733,-39.2455
5.014,-1.6,-0.00141026,-39.0409
5.016,-1.6,-0.00100733,-38.876
5.018,-1.6,-0.00292125,-38.8503
5.02,-1.6,-0.00231685,-38.743
5.022,-1.6,-0.00201465,-38.5991
5.024,-1.6,-0.00312271,-38.5201
5.026,-1.6,-0.00241758,-38.5234
5.028,-1.6,-0.00141026,-38.4513
5.03,-1.6,-0.00221612,-38.4112
5.032,-1.6,-0.00282051,-38.3063
5.034,-1.6,-0.00282051,-38.2416
5.036,-1.6,-0.00251832,-38.2582
5.038,-1.6,-0.00211538,-38.1508
5.04,-1.6,-0.00302198,-38.0719
5.042,-1.6,-0.00312271,-38.0326
5.044,-1.6,-0.00261905,-37.9411
5.046,-1.6,-0.00382784,-38.113
5.048,-1.6,-0.00423077,-37.7257
5.05,-1.6,-0.00332418,-37.8307
5.052,-1.6,-0.00302198,-37.7563
5.054,-1.6,-0.00372711,-37.6277
5.056,-1.6,-0.00352564,-37.6694
5.058,-1.6,-0.00271978,-37.6357
5.06,-1.6,-0.00251832,-37.5701
5.062,-1.6,-0.00292125,-37.6549
5.064,-1.6,-0.00392857,-37.6694
5.066,-1.6,-0.00332418,-37.6565
5.068,-1.6,-0.00332418,-37.6806
5.07,-1.6,-0.00513736,-37.6838
5.072,-1.6,-0.00201465,-37.6887
5.074,-1.6,-0.00231685,-37.6742
5.076,-1.6,-0.00342491,-37.6052
5.078,-1.6,-0.00483516,-37.5477
5.08,-1.6,-0.00483516,-37.4856
5.082,-1.6,-0.00443223,-37.5749
5.084,-1.6,-0.00443223,-37.5669
5.086,-1.6,-0.0043315,-37.6806
5.088,-1.6,-0.00372711,-37.6213
5.09,-1.6,-0.00392857,-37.6854
5.092,-1.6,-0.00453297,-37.6421
5.094,-1.6,-0.00574176,-37.6004
5.096,-1.6,-0.00413004,-37.766
5.098,-1.6,-0.00392857,-37.7047
5.1,-1.6,-0.00513736,-37.7208
5.102,-1.6,-0.00382784,-37.7708
5.104,-1.6,-0.00332418,-37.9281
5.106,-1.6,-0.00423077,-37.8274
5.108,-1.6,-0.0040293,-37.8712
5.11,-1.6,-0.00332418,-37.8956
5.112,-1.6,-0.00443223,-37.9004
5.114,-1.6,-0.00443223,-37.8907
5.116,-1.6,-0.00423077,-38.0113
5.118,-1.6,-0.00322344,-38.0048
5.12,-1.6,-0.00362637,-37.8891
5.122,-1.6,-0.00423077,-37.9086
5.124,-1.6,-0.00473443,-37.9037
5.126,-1.6,-0.00453297,-37.8874
5.128,-1.6,-0.00312271,-37.8826
5.13,-1.6,-0.00443223,-37.8761
5.132,-1.6,-0.00282051,-37.8809
5.134,-1.6,-0.00322344,-37.7434
5.136,-1.6,-0.00322344,-37.7241
5.138,-1.6,-0.00352564,-37.7064
5.14,-1.6,-0.00413004,-37.7337
5.142,-1.6,-0.00362637,-37.7724
5.144,-1.6,-0.00382784,-37.7708
5.146,-1.6,-0.00382784,-37.7886
5.148,-1.6,-0.00352564,-37.8242
5.15,-1.6,-0.00282051,-37.8371
5.152,-1.6,-0.00372711,-37.7951
5.154,-1.6,-0.0052381,-37.808
5.156,-1.6,-0.00473443,-37.8436
5.158,-1.6,-0.00392857,-37.8048
5.16,-1.6,-0.00372711,-37.7595
5.162,-1.6,-0.00423077,-37.7757
5.164,-1.6,-0.00302198,-37.8209
5.166,-1.6,-0.00322344,-37.8404
5.168,-1.6,-0.00443223,-37.7821
5.17,-1.6,-0.00503663,-37.7305
5.172,-1.6,-0.0043315,-37.7837
5.174,-1.6,-0.0046337,-37.7257
5.176,-1.6,-0.00443223,-37.7724
5.178,-1.6,-0.00423077,-37.7805
5.18,-1.6,-0.00372711,-37.7854
5.182,-1.6,-0.00453297,-37.7337
5.184,-1.6,-0.00624542,-37.8209
5.186,-1.6,-0.00503663,-37.8323
5.188,-1.6,-0.0043315,-37.8615
5.19,-1.6,-0.00382784,-37.9216
5.192,-1.6,-0.0049359,-37.9151
5.194,-1.6,-0.00322344,-37.9118
5.196,-1.6,-0.00372711,-37.8501
5.198,-1.6,-0.0043315,-37.8696
5.2,-1.6,-0.00473443,-37.946
5.202,-1.6,-0.00413004,-37.9086
5.204,-1.6,-0.00382784,-37.9314
5.206,-1.6,-0.00372711,-37.855
5.208,-1.6,-0.00261905,-37.8972
5.21,-1.6,-0.00292125,-37.7934
5.212,-1.6,-0.00282051,-37.8096
5.214,-1.6,-0.00503663,-37.7611
5.216,-1.6,-0.0043315,-37.5781
5.218,-1.6,-0.00342491,-37.5525
5.22,-1.6,-0.00312271,-37.6036
5.222,-1.6,-0.00413004,-37.7708
5.224,-1.6,-0.00322344,-37.6293
5.226,-1.6,-0.00372711,-37.663
5.228,-1.6,-0.00352564,-37.5717
5.23,-1.6,-0.00533883,-37.5781
5.232,-1.6,-0.00342491,-37.5493
5.234,-1.6,-0.00342491,-37.5701
5.236,-1.6,-0.00302198,-37.6085
5.238,-1.6,-0.00342491,-37.6341
5.24,-1.6,-0.00251832,-37.5877
5.242,-1.6,-0.00302198,-37.6068
5.244,-1.6,-0.00584249,-37.6149
5.246,-1.6,-0.00392857,-37.7434
5.248,-1.6,-0.00382784,-37.6261
5.25,-1.6,-0.0040293,-37.6565
5.252,-1.6,-0.00584249,-37.5924
5.254,-1.6,-0.00392857,-37.5797
5.256,-1.6,-0.00352564,-37.5877
5.258,-1.6,-0.00594322,-37.6181
5.26,-1.6,-0.00453297,-37.6277
5.262,-1.6,-0.00423077,-37.6838
5.264,-1.6,-0.00503663,-37.7208
5.266,-1.6,-0.00543956,-37.7757
5.268,-1.6,-0.00392857,-37.842
5.27,-1.6,-0.00423077,-37.7757
5.272,-1.6,-0.00513736,-37.855
5.274,-1.6,-0.00423077,-37.9004
5.276,-1.6,-0.0046337,-37.8891
5.278,-1.6,-0.00372711,-37.868
5.28,-1.6,-0.00453297,-37.9868
5.282,-1.6,-0.0043315,-37.9819
5.284,-1.6,-0.00302198,-38.0097
5.286,-1.6,-0.00372711,-37.9102
5.288,-1.6,-0.00413004,-37.9248
5.29,-1.6,-0.0046337,-37.9574
5.292,-1.6,-0.00362637,-37.8728
5.294,-1.6,-0.00372711,-37.8452
5.296,-1.6,-0.0043315,-37.8517
5.298,-1.6,-0.00362637,-37.7498
5.3,-1.6,-0.00241758,-37.7402
5.302,-1.6,-0.00312271,-37.7466
5.304,-1.6,-0.00503663,-37.7515
5.306,-1.6,-0.0040293,-37.7208
5.308,-1.6,-0.0040293,-37.6983
5.31,-1.6,-0.0040293,-37.7805
5.312,-1.6,-0.00443223,-37.7708
5.314,-1.6,-0.00292125,-37.7741
5.316,-1.6,-0.00362637,-37.7064
5.318,-1.6,-0.00362637,-37.745
5.32,-1.6,-0.00473443,-37.7757
5.322,-1.6,-0.00372711,-37.7741
5.324,-1.6,-0.00453297,-37.663
5.326,-1.6,-0.00513736,-37.7644
5.328,-1.6,-0.00423077,-37.716
5.33,-1.6,-0.00271978,-37.7353
5.332,-1.6,-0.00241758,-37.6726
5.334,-1.6,-0.00423077,-37.6742
5.336,-1.6,-0.00503663,-37.7531
5.338,-1.6,-0.00392857,-37.745
5.34,-1.6,-0.0052381,-37.7289
5.342,-1.6,-0.0049359,-37.7321
5.344,-1.6,-0.0043315,-37.6999
5.346,-1.6,-0.00453297,-37.7064
5.348,-1.6,-0.0043315,-37.7015
5.35,-1.6,-0.00614469,-37.716
5.352,-1.6,-0.00503663,-37.7563
5.354,-1.6,-0.00423077,-37.7773
5.356,-1.6,-0.00423077,-37.7531
5.358,-1.6,-0.00382784,-37.842
5.36,-1.6,-0.00342491,-37.8485
5.362,-1.6,-0.00372711,-37.8631
5.364,-1.6,-0.00352564,-37.8355
5.366,-1.6,-0.00413004,-37.7854
5.368,-1.6,-0.0040293,-37.8177
5.37,-1.6,-0.00352564,-37.8161
5.372,-1.6,-0.00443223,-37.7757
5.374,-1.6,-0.00282051,-37.7741
5.376,-1.6,-0.00332418,-37.6871
5.378,-1.6,-0.00322344,-37.4475
5.38,-1.6,-0.00423077,-37.5413
5.382,-1.6,-0.00372711,-37.6581
5.384,-1.6,-0.00362637,-37.6101
5.386,-1.6,-0.00342491,-37.4935
5.388,-1.6,-0.00443223,-37.5557
5.39,-1.6,-0.00352564,-37.5797
5.392,-1.6,-0.00282051,-37.5318
5.394,-1.6,-0.00413004,-37.5717
5.396,-1.6,-0.0046337,-37.5972
5.398,-1.6,-0.00372711,-37.5988
5.4,-1.6,-0.00352564,-37.6197
5.402,-1.6,-0.0052381,-37.6341
5.404,-1.6,-0.00413004,-37.6389
5.406,-1.6,-0.00322344,-37.6149
5.408,-1.6,-0.00282051,-37.5685
5.41,-1.6,-0.0046337,-37.5254
5.412,-1.6,-0.00483516,-37.4602
5.414,-1.6,-0.00423077,-37.5557
5.416,-1.6,-0.00362637,-37.5366
5.418,-1.6,-0.0046337,-37.671
5.42,-1.6,-0.00392857,-37.6085
5.422,-1.6,-0.00342491,-37.6101
5.424,-1.6,-0.00413004,-37.6389
5.426,-1.6,-0.0049359,-37.5845
5.428,-1.6,-0.00382784,-37.7708
5.43,-1.6,-0.00453297,-37.7047
5.432,-1.6,-0.00554029,-37.7257
5.434,-1.6,-0.00423077,-37.7918
5.436,-1.6,-0.00453297,-37.7241
5.438,-1.6,-0.00382784,-37.8485
5.44,-1.6,-0.00513736,-37.8874
5.442,-1.6,-0.00423077,-37.9167
5.444,-1.6,-0.00302198,-37.92
5.446,-1.6,-0.0040293,-37.9118
5.448,-1.6,-0.00372711,-38.0179
5.45,-1.6,-0.00231685,-38.0424
5.452,-1.6,-0.00312271,-37.9151
5.454,-1.6,-0.00302198,-37.9444
5.456,-1.6,-0.00392857,-37.9379
5.458,-1.6,-0.00312271,-37.9314
5.46,-1.6,-0.00423077,-37.9118
5.462,-1.6,-0.0043315,-37.9021
5.464,-1.6,-0.00322344,-37.9069
5.466,-1.6,-0.00312271,-37.7724
5.468,-1.6,-0.00221612,-37.7466
5.47,-1.6,-0.00382784,-37.7176
5.472,-1.6,-0.00423077,-37.7773
5.474,-1.6,-0.0043315,-37.7789
5.476,-1.6,-0.00382784,-37.7724
5.478,-1.6,-0.00413004,-37.7934
5.48,-1.6,-0.00352564,-37.8177
5.482,-1.6,-0.00342491,-37.8258
5.484,-1.6,-0.00292125,-37.7064
5.486,-1.6,-0.00423077,-37.808
5.488,-1.6,-0.00392857,-37.8161
5.49,-1.6,-0.00332418,-37.7951
5.492,-1.6,-0.00372711,-37.7466
5.494,-1.6,-0.0043315,-37.7595
5.496,-1.6,-0.00332418,-37.7241
5.498,-1.6,-0.00312271,-37.8177
5.5,-1.6,-0.00423077,-37.7692
5.502,-1.6,-0.00554029,-37.7096
5.504,-1.6,-0.00423077,-37.7692
5.506,-1.6,-0.00473443,-37.7208
5.508,-1.6,-0.00503663,-37.7676
5.51,-1.6,-0.00392857,-37.7579
5.512,-1.6,-0.00423077,-37.7773
5.514,-1.6,-0.00423077,-37.7192
5.516,-1.6,-0.0052381,-37.8031
5.518,-1.6,-0.00453297,-37.8145
5.52,-1.6,-0.00423077,-37.842
5.522,-1.6,-0.00443223,-37.8015
5.524,-1.6,-0.0046337,-37.8809
5.526,-1.6,-0.00342491,-37.8728
5.528,-1.6,-0.00302198,-37.8129
5.53,-1.6,-0.00453297,-37.8258
5.532,-1.6,-0.00413004,-37.8988
5.534,-1.6,-0.00372711,-37.9004
5.536,-1.6,-0.00453297,-37.8858
5.538,-1.6,-0.0043315,-37.8064
5.54,-1.6,-0.00282051,-37.8371
5.542,-1.6,-0.00312271,-37.7386
5.544,-1.6,-0.00362637,-37.7547
5.546,-1.6,-0.0046337,-37.7064
5.548,-1.6,-0.00382784,-37.5238
5.55,-1.6,-0.00352564,-37.4999
5.552,-1.6,-0.0043315,-37.5525
5.554,-1.6,-0.0049359,-37.7224
5.556,-1.6,-0.00352564,-37.5765
5.558,-1.6,-0.00392857,-37.6165
5.56,-1.6,-0.00382784,-37.5334
5.562,-1.6,-0.0046337,-37.535
5.564,-1.6,-0.00302198,-37.5142
5.566,-1.6,-0.00322344,-37.535
5.568,-1.6,-0.0043315,-37.5877
5.57,-1.6,-0.00362637,-37.6165
5.572,-1.6,-0.00282051,-37.5621
5.574,-1.6,-0.00302198,-37.6036
5.576,-1.6,-0.00533883,-37.6101
5.578,-1.6,-0.0052381,-37.7482
5.58,-1.6,-0.00342491,-37.6277
5.582,-1.6,-0.00352564,-37.671
5.584,-1.6,-0.00413004,-37.6101
5.586,-1.6,-0.00352564,-37.594
5.588,-1.6,-0.00322344,-37.5988
5.59,-1.6,-0.00392857,-37.6101
5.592,-1.6,-0.00543956,-37.6213
5.594,-1.6,-0.00413004,-37.6742
5.596,-1.6,-0.00413004,-37.7289
5.598,-1.6,-0.00423077,-37.7934
5.6,-1.6,-0.0043315,-37.8339
5.602,-1.6,-0.00413004,-37.868
5.604,-1.6,-0.00382784,-37.8517
5.606,-1.6,-0.00503663,-37.8858
5.608,-1.6,-0.00443223,-37.8923
5.61,-1.6,-0.0040293,-37.9053
5.612,-1.6,-0.00423077,-37.9232
5.614,-1.6,-0.00513736,-37.946
5.616,-1.6,-0.00352564,-38.008
5.618,-1.6,-0.00332418,-37.9281
5.62,-1.6,-0.00302198,-37.9314
5.622,-1.6,-0.00322344,-37.946
5.624,-1.6,-0.00302198,-37.9314
5.626,-1.6,-0.00352564,-37.9476
5.628,-1.6,-0.00443223,-37.9004
5.63,-1.6,-0.00423077,-37.8258
5.632,-1.6,-0.00271978,-37.7999
5.634,-1.6,-0.00332418,-37.8064
5.636,-1.6,-0.00382784,-37.7805
5.638,-1.6,-0.0043315,-37.8096
5.64,-1.6,-0.00443223,-37.7579
5.642,-1.6,-0.00362637,-37.7821
5.644,-1.6,-0.00372711,-37.8631
5.646,-1.6,-0.00332418,-37.8177
5.648,-1.6,-0.00251832,-37.7708
5.65,-1.6,-0.00332418,-37.7773
5.652,-1.6,-0.00473443,-37.8048
5.654,-1.6,-0.00483516,-37.7128
5.656,-1.6,-0.00352564,-37.7547
5.658,-1.6,-0.00392857,-37.7224
5.66,-1.6,-0.00413004,-37.8842
5.662,-1.6,-0.00342491,-37.7983
5.664,-1.6,-0.00271978,-37.7692
5.666,-1.6,-0.00352564,-37.6999
5.668,-1.6,-0.00453297,-37.7983
5.67,-1.6,-0.00453297,-37.7208
5.672,-1.6,-0.0049359,-37.7999
5.674,-1.6,-0.00503663,-37.787
5.676,-1.6,-0.00453297,-37.7466
5.678,-1.6,-0.00423077,-37.7579
5.68,-1.6,-0.00382784,-37.6887
5.682,-1.6,-0.00554029,-37.6838
5.684,-1.6,-0.0049359,-37.7821
5.686,-1.6,-0.00392857,-37.8258
5.688,-1.6,-0.0040293,-37.8469
5.69,-1.6,-0.0049359,-37.8728
5.692,-1.6,-0.00392857,-37.9102
5.694,-1.6,-0.00372711,-37.8744
5.696,-1.6,-0.00392857,-37.9379
5.698,-1.6,-0.0043315,-37.8452
5.7,-1.6,-0.00352564,-37.8712
5.702,-1.6,-0.0040293,-37.8566
5.704,-1.6,-0.00362637,-37.8566
5.706,-1.6,-0.00312271,-37.8112
5.708,-1.6,-0.00231685,-37.8064
5.71,-1.6,-0.00261905,-37.5254
5.712,-1.6,-0.00382784,-37.6694
5.714,-1.6,-0.0043315,-37.5381
5.716,-1.6,-0.00322344,-37.7482
5.718,-1.6,-0.00332418,-37.6357
5.72,-1.6,-0.0046337,-37.5813
5.722,-1.6,-0.00362637,-37.6373
5.724,-1.6,-0.00352564,-37.5717
5.726,-1.6,-0.00352564,-37.5238
5.728,-1.6,-0.00453297,-37.5861
5.73,-1.6,-0.00352564,-37.6373
5.732,-1.6,-0.00312271,-37.5717
5.734,-1.6,-0.00382784,-37.5749
5.736,-1.6,-0.00382784,-37.5972
5.738,-1.6,-0.00271978,-37.6229
5.74,-1.6,-0.00292125,-37.5797
5.742,-1.6,-0.00413004,-37.5637
5.744,-1.6,-0.0040293,-37.4221
5.746,-1.6,-0.00453297,-37.5733
5.748,-1.6,-0.00423077,-37.6389
5.75,-1.6,-0.00352564,-37.6085
5.752,-1.6,-0.0043315,-37.6967
5.754,-1.6,-0.00342491,-37.6662
5.756,-1.6,-0.00423077,-37.6405
5.758,-1.6,-0.00453297,-37.6341
5.76,-1.6,-0.00443223,-37.6405
5.762,-1.6,-0.00473443,-37.6421
5.764,-1.6,-0.00382784,-37.716
5.766,-1.6,-0.0046337,-37.7983
5.768,-1.6,-0.00332418,-37.6758
5.77,-1.6,-0.00392857,-37.7999
5.772,-1.6,-0.0040293,-37.8323
5.774,-1.6,-0.0049359,-37.9574
5.776,-1.6,-0.00352564,-37.9591
5.778,-1.6,-0.00382784,-38.0097
5.78,-1.6,-0.00372711,-37.9656
5.782,-1.6,-0.00362637,-38.026
5.784,-1.6,-0.00362637,-37.9444
5.786,-1.6,-0.00413004,-37.9346
5.788,-1.6,-0.00483516,-37.9037
5.79,-1.6,-0.00382784,-37.8793
5.792,-1.6,-0.00282051,-37.8501
5.794,-1.6,-0.00332418,-37.868
5.796,-1.6,-0.00372711,-37.8096
5.798,-1.6,-0.00413004,-37.868
5.8,-1.6,-0.00282051,-37.7321
5.802,-1.6,-0.00332418,-37.7208
5.804,-1.6,-0.0043315,-37.6822
5.806,-1.6,-0.00382784,-37.7773
5.808,-1.6,-0.0040293,-37.7708
5.81,-1.6,-0.0043315,-37.7692
5.812,-1.6,-0.00312271,-37.7821
5.814,-1.6,-0.00332418,-37.7434
5.816,-1.6,-0.00292125,-37.708
5.818,-1.6,-0.00423077,-37.7289
5.82,-1.6,-0.0043315,-37.855
5.822,-1.6,-0.00382784,-37.7902
5.824,-1.6,-0.0040293,-37.8274
5.826,-1.6,-0.0046337,-37.7579
5.828,-1.6,-0.00362637,-37.7498
5.83,-1.6,-0.00342491,-37.7579
5.832,-1.6,-0.00352564,-37.7579
5.834,-1.6,-0.00594322,-37.7144
5.836,-1.6,-0.00453297,-37.6919
5.838,-1.6,-0.00453297,-37.6309
5.84,-1.6,-0.0043315,-37.7112
5.842,-1.6,-0.00554029,-37.7305
5.844,-1.6,-0.00362637,-37.7192
5.846,-1.6,-0.00392857,-37.671
5.848,-1.6,-0.0049359,-37.7402
5.85,-1.6,-0.0052381,-37.7047
5.852,-1.6,-0.00453297,-37.787
5.854,-1.6,-0.0049359,-37.7902
5.856,-1.6,-0.0052381,-37.8355
5.858,-1.6,-0.00423077,-37.8517
5.86,-1.6,-0.00292125,-37.8452
5.862,-1.6,-0.0040293,-37.7773
5.864,-1.6,-0.00483516,-37.8615
5.866,-1.6,-0.0040293,-37.8388
5.868,-1.6,-0.00332418,-37.8956
5.87,-1.6,-0.00372711,-37.8096
5.872,-1.6,-0.00362637,-37.8242
5.874,-1.6,-0.00302198,-37.7305
5.876,-1.6,-0.00342491,-37.8145
5.878,-1.6,-0.00372711,-37.6726
5.88,-1.6,-0.0040293,-37.6133
5.882,-1.6,-0.00302198,-37.5079
5.884,-1.6,-0.00282051,-37.5238
5.886,-1.6,-0.00392857,-37.6485
5.888,-1.6,-0.00443223,-37.6389
5.89,-1.6,-0.00302198,-37.5222
5.892,-1.6,-0.00372711,-37.5318
5.894,-1.6,-0.0049359,-37.5366
5.896,-1.6,-0.00352564,-37.5557
5.898,-1.6,-0.00332418,-37.5605
5.9,-1.6,-0.00372711,-37.527
5.902,-1.6,-0.00513736,-37.6085
5.904,-1.6,-0.00413004,-37.6405
5.906,-1.6,-0.00352564,-37.5605
5.908,-1.6,-0.00342491,-37.6052
5.91,-1.6,-0.00473443,-37.6597
5.912,-1.6,-0.00443223,-37.602
5.914,-1.6,-0.00342491,-37.6004
5.916,-1.6,-0.00413004,-37.6068
5.918,-1.6,-0.00473443,-37.5924
5.92,-1.6,-0.00413004,-37.6052
5.922,-1.6,-0.00413004,-37.6325
5.924,-1.6,-0.00533883,-37.6469
5.926,-1.6,-0.00473443,-37.7176
5.928,-1.6,-0.00392857,-37.6742
5.93,-1.6,-0.00453297,-37.7176
5.932,-1.6,-0.00543956,-37.7676
5.934,-1.6,-0.00372711,-37.8436
5.936,-1.6,-0.00302198,-37.8631
5.938,-1.6,-0.00443223,-37.8064
5.94,-1.6,-0.00533883,-37.9037
5.942,-1.6,-0.00392857,-37.8956
5.944,-1.6,-0.0043315,-37.8826
5.946,-1.6,-0.00443223,-38.0031
5.948,-1.6,-0.00443223,-37.9444
5.95,-1.6,-0.0040293,-37.9069
5.952,-1.6,-0.00261905,-37.9167
5.954,-1.6,-0.00382784,-37.9542
5.956,-1.6,-0.00342491,-37.9688
5.958,-1.6,-0.00362637,-37.8891
5.96,-1.6,-0.00413004,-37.8339
5.962,-1.6,-0.00423077,-37.8031
5.964,-1.6,-0.00271978,-37.7676
5.966,-1.6,-0.00372711,-37.7628
5.968,-1.6,-0.00362637,-37.7579
5.97,-1.6,-0.00503663,-37.766
5.972,-1.6,-0.00322344,-37.7031
5.974,-1.6,-0.00382784,-37.7644
5.976,-1.6,-0.0043315,-37.7918
5.978,-1.6,-0.00423077,-37.7789
5.98,-1.6,-0.00312271,-37.7805
5.982,-1.6,-0.00322344,-37.7112
5.984,-1.6,-0.0040293,-37.787
5.986,-1.6,-0.00382784,-37.6838
5.988,-1.6,-0.00352564,-37.6887
5.99,-1.6,-0.00372711,-37.6903
5.992,-1.6,-0.00513736,-37.7724
5.994,-1.6,-0.00372711,-37.716
5.996,-1.6,-0.00372711,-37.7241
5.998,-1.6,-0.00382784,-37.6983
6,-1.5,-0.00564103,-37.6694
6.002,-1.5,0.00171245,-37.5749
6.004,-1.5,0.00201465,-37.2941
6.006,-1.5,0.000604396,-37.03
6.008,-1.5,0,-36.7925
6.01,-1.5,0.000302198,-36.5702
6.012,-1.5,0.000503663,-36.3835
6.014,-1.5,-0.000100733,-36.2135
6.016,-1.5,-0.00211538,-36.0642
6.018,-1.5,-0.00151099,-35.9922
6.02,-1.5,-0.00161172,-35.9483
6.022,-1.5,-0.00181319,-35.8913
6.024,-1.5,-0.00221612,-35.8273
6.026,-1.5,-0.000906593,-35.7115
6.028,-1.5,-0.00161172,-35.5935
6.03,-1.5,-0.00231685,-35.5892
6.032,-1.5,-0.00302198,-35.5277
6.034,-1.5,-0.00171245,-35.4606
6.036,-1.5,-0.00181319,-35.4606
6.038,-1.5,-0.00292125,-35.333
6.04,-1.5,-0.00282051,-35.3161
6.042,-1.5,-0.00231685,-35.2344
6.044,-1.5,-0.00241758,-35.1028
6.046,-1.5,-0.00231685,-34.8508
6.048,-1.5,-0.00322344,-34.9404
6.05,-1.5,-0.00302198,-34.8673
6.052,-1.5,-0.00372711,-34.8234
6.054,-1.5,-0.00322344,-34.9004
6.056,-1.5,-0.00372711,-34.8385
6.058,-1.5,-0.00302198,-34.8646
6.06,-1.5,-0.00352564,-34.7877
6.062,-1.5,-0.00342491,-34.7768
6.064,-1.5,-0.00392857,-34.7891
6.066,-1.5,-0.00362637,-34.8
6.068,-1.5,-0.00282051,-34.8137
6.07,-1.5,-0.00332418,-34.7781
6.072,-1.5,-0.00423077,-34.8577
6.074,-1.5,-0.00322344,-34.8577
6.076,-1.5,-0.00282051,-34.8508
6.078,-1.5,-0.00271978,-34.8165
6.08,-1.5,-0.0049359,-34.822
6.082,-1.5,-0.00392857,-34.9432
6.084,-1.5,-0.0040293,-34.8055
6.086,-1.5,-0.00352564,-34.7781
6.088,-1.5,-0.00483516,-34.7959
6.09,-1.5,-0.00443223,-34.8302
6.092,-1.5,-0.00443223,-34.7836
6.094,-1.5,-0.00382784,-34.7194
6.096,-1.5,-0.00473443,-34.7809
6.098,-1.5,-0.00453297,-34.7521
6.1,-1.5,-0.00513736,-34.9059
6.102,-1.5,-0.00382784,-34.8549
6.104,-1.5,-0.0040293,-34.9142
6.106,-1.5,-0.00483516,-34.9667
6.108,-1.5,-0.00362637,-34.975
6.11,-1.5,-0.0040293,-34.9238
6.112,-1.5,-0.0046337,-34.9542
6.114,-1.5,-0.0043315,-35.0694
6.116,-1.5,-0.00372711,-35.0291
6.118,-1.5,-0.00342491,-35.0096
6.12,-1.5,-0.0040293,-35.1182
6.122,-1.5,-0.00372711,-35.1196
6.124,-1.5,-0.00352564,-35.1405
6.126,-1.5,-0.00332418,-35.0304
6.128,-1.5,-0.00342491,-35.0513
6.13,-1.5,-0.00423077,-35.0318
6.132,-1.5,-0.00362637,-35.0249
6.134,-1.5,-0.00392857,-35.0332
6.136,-1.5,-0.00423077,-34.9819
6.138,-1.5,-0.00332418,-35.0499
6.14,-1.5,-0.00322344,-34.9294
6.142,-1.5,-0.00342491,-34.8797
6.144,-1.5,-0.00322344,-34.8728
6.146,-1.5,-0.0046337,-34.8811
6.148,-1.5,-0.00473443,-34.8563
6.15,-1.5,-0.00413004,-34.8935
6.152,-1.5,-0.0043315,-34.8962
6.154,-1.5,-0.0040293,-34.9266
6.156,-1.5,-0.00221612,-34.9225
6.158,-1.5,-0.00181319,-34.877
6.16,-1.5,-0.00312271,-34.8852
6.162,-1.5,-0.00372711,-34.8838
6.164,-1.5,-0.0043315,-34.9958
6.166,-1.5,-0.00382784,-34.9294
6.168,-1.5,-0.00342491,-34.9376
6.17,-1.5,-0.00473443,-34.9142
6.172,-1.5,-0.0043315,-34.8632
6.174,-1.5,-0.00322344,-34.8962
6.176,-1.5,-0.00302198,-34.9611
6.178,-1.5,-0.00473443,-34.9128
6.18,-1.5,-0.0046337,-34.8549
6.182,-1.5,-0.00392857,-34.8481
6.184,-1.5,-0.0046337,-34.9142
6.186,-1.5,-0.00513736,-34.91
6.188,-1.5,-0.00513736,-34.9004
6.19,-1.5,-0.00392857,-34.8742
6.192,-1.5,-0.00413004,-34.8288
6.194,-1.5,-0.0040293,-34.8481
6.196,-1.5,-0.00503663,-34.888
6.198,-1.5,-0.00443223,-34.939
6.2,-1.5,-0.0040293,-34.9625
6.202,-1.5,-0.0046337,-34.9556
6.204,-1.5,-0.00423077,-35.0263
6.206,-1.5,-0.00322344,-35.0193
6.208,-1.5,-0.00322344,-34.9958
6.21,-1.5,-0.00362637,-35.0582
6.212,-1.5,-0.0043315,-34.9736
6.214,-1.5,-0.0043315,-35.0318
6.216,-1.5,-0.00271978,-35.0736
6.218,-1.5,-0.00413004,-34.9764
6.22,-1.5,-0.0043315,-35.0055
6.222,-1.5,-0.00292125,-34.9598
6.224,-1.5,-0.00271978,-34.8632
6.226,-1.5,-0.00302198,-34.6377
6.228,-1.5,-0.0043315,-34.748
6.23,-1.5,-0.0049359,-34.6948
6.232,-1.5,-0.00382784,-34.673
6.234,-1.5,-0.00362637,-34.7521
6.236,-1.5,-0.00413004,-34.7084
6.238,-1.5,-0.00352564,-34.7426
6.24,-1.5,-0.00292125,-34.6608
6.242,-1.5,-0.00372711,-34.6676
6.244,-1.5,-0.00473443,-34.6798
6.246,-1.5,-0.00392857,-34.688
6.248,-1.5,-0.00392857,-34.7098
6.25,-1.5,-0.00392857,-34.6744
6.252,-1.5,-0.00473443,-34.7453
6.254,-1.5,-0.00342491,-34.7494
6.256,-1.5,-0.00332418,-34.7316
6.258,-1.5,-0.00382784,-34.6948
6.26,-1.5,-0.00392857,-34.7003
6.262,-1.5,-0.00423077,-34.5051
6.264,-1.5,-0.00413004,-34.6431
6.266,-1.5,-0.00372711,-34.6594
6.268,-1.5,-0.00443223,-34.6935
6.27,-1.5,-0.00453297,-34.6826
6.272,-1.5,-0.00423077,-34.6948
6.274,-1.5,-0.00392857,-34.6989
6.276,-1.5,-0.0040293,-34.7275
6.278,-1.5,-0.00513736,-34.6962
6.28,-1.5,-0.00413004,-34.7576
6.282,-1.5,-0.0043315,-34.8165
6.284,-1.5,-0.00423077,-34.8811
6.286,-1.5,-0.00483516,-34.8797
6.288,-1.5,-0.00382784,-34.7672
6.29,-1.5,-0.00382784,-34.8976
6.292,-1.5,-0.0040293,-34.9376
6.294,-1.5,-0.0046337,-35.0235
6.296,-1.5,-0.00362637,-35.0166
6.298,-1.5,-0.00413004,-34.9999
6.3,-1.5,-0.0052381,-35.0638
6.302,-1.5,-0.00453297,-35.1154
6.304,-1.5,-0.00312271,-35.1391
6.306,-1.5,-0.00271978,-35.0332
6.308,-1.5,-0.00382784,-35.0235
6.31,-1.5,-0.0049359,-35.0263
6.312,-1.5,-0.00413004,-35.0249
6.314,-1.5,-0.00322344,-34.9805
6.316,-1.5,-0.00312271,-34.9944
6.318,-1.5,-0.00352564,-35.0596
6.32,-1.5,-0.00282051,-34.8838
6.322,-1.5,-0.00322344,-34.8715
6.324,-1.5,-0.00302198,-34.8728
6.326,-1.5,-0.00513736,-34.833
6.328,-1.5,-0.00453297,-34.8935
6.33,-1.5,-0.00413004,-34.8949
6.332,-1.5,-0.00392857,-34.8935
6.334,-1.5,-0.0043315,-34.9459
6.336,-1.5,-0.00392857,-34.9087
6.338,-1.5,-0.00342491,-34.8604
6.34,-1.5,-0.00251832,-34.8467
6.342,-1.5,-0.00332418,-34.8673
6.344,-1.5,-0.00423077,-34.9777
6.346,-1.5,-0.00423077,-34.8288
6.348,-1.5,-0.00443223,-34.8192
6.35,-1.5,-0.00473443,-34.9059
6.352,-1.5,-0.0040293,-34.91
6.354,-1.5,-0.00261905,-34.8756
6.356,-1.5,-0.00352564,-34.9459
6.358,-1.5,-0.0040293,-34.8124
6.36,-1.5,-0.00503663,-34.9031
6.362,-1.5,-0.00392857,-34.8343
6.364,-1.5,-0.0040293,-34.785
6.366,-1.5,-0.00453297,-34.866
6.368,-1.5,-0.00513736,-34.8935
6.37,-1.5,-0.00382784,-34.8687
6.372,-1.5,-0.00302198,-34.833
6.374,-1.5,-0.00413004,-34.8316
6.376,-1.5,-0.0052381,-34.8783
6.378,-1.5,-0.00443223,-34.9073
6.38,-1.5,-0.00473443,-34.9073
6.382,-1.5,-0.00392857,-34.9349
6.384,-1.5,-0.0046337,-35.0332
6.386,-1.5,-0.00372711,-35.0069
6.388,-1.5,-0.0043315,-34.9736
6.39,-1.5,-0.00352564,-34.9473
6.392,-1.5,-0.00382784,-35.0207
6.394,-1.5,-0.00342491,-34.9944
6.396,-1.5,-0.00302198,-35.0485
6.398,-1.5,-0.00382784,-34.9515
6.4,-1.5,-0.00392857,-34.9736
6.402,-1.5,-0.00312271,-34.9349
6.404,-1.5,-0.00271978,-34.8549
6.406,-1.5,-0.00382784,-35.0304
6.408,-1.5,-0.00423077,-34.7262
6.41,-1.5,-0.00342491,-34.8811
6.412,-1.5,-0.00251832,-34.844
6.414,-1.5,-0.00382784,-34.7412
6.416,-1.5,-0.0049359,-34.6133
6.418,-1.5,-0.00251832,-34.6839
6.42,-1.5,-0.00271978,-34.6703
6.422,-1.5,-0.00332418,-34.6921
6.424,-1.5,-0.00564103,-34.6594
6.426,-1.5,-0.0040293,-34.7084
6.428,-1.5,-0.00413004,-34.7303
6.43,-1.5,-0.00241758,-34.7549
6.432,-1.5,-0.00382784,-34.7726
6.434,-1.5,-0.00413004,-34.7576
6.436,-1.5,-0.00322344,-34.7125
6.438,-1.5,-0.00312271,-34.7385
6.44,-1.5,-0.00413004,-34.6975
6.442,-1.5,-0.00443223,-34.5537
6.444,-1.5,-0.00332418,-34.6975
6.446,-1.5,-0.00352564,-34.7426
6.448,-1.5,-0.0040293,-34.748
6.45,-1.5,-0.0043315,-34.7371
6.452,-1.5,-0.00413004,-34.8041
6.454,-1.5,-0.0040293,-34.7426
6.456,-1.5,-0.00392857,-34.7658
6.458,-1.5,-0.00554029,-34.866
6.46,-1.5,-0.00423077,-34.7809
6.462,-1.5,-0.00423077,-34.8288
6.464,-1.5,-0.0043315,-34.8165
6.466,-1.5,-0.00443223,-34.8852
6.468,-1.5,-0.00423077,-34.7713
6.47,-1.5,-0.00382784,-34.9874
6.472,-1.5,-0.00392857,-34.9363
6.474,-1.5,-0.00503663,-35.0304
6.476,-1.5,-0.00533883,-35.0582
6.478,-1.5,-0.00372711,-35.1391
6.48,-1.5,-0.00292125,-35.0749
6.482,-1.5,-0.00352564,-35.1196
6.484,-1.5,-0.00282051,-35.0527
6.486,-1.5,-0.00312271,-35.0443
6.488,-1.5,-0.00382784,-35.0457
6.49,-1.5,-0.00453297,-35.0555
6.492,-1.5,-0.00413004,-35.0207
6.494,-1.5,-0.00292125,-35.0027
6.496,-1.5,-0.0043315,-35.0193
6.498,-1.5,-0.00413004,-34.9418
6.5,-1.5,-0.00322344,-34.9059
6.502,-1.5,-0.00322344,-34.8921
6.504,-1.5,-0.00362637,-34.8962
6.506,-1.5,-0.00261905,-34.8563
6.508,-1.5,-0.00473443,-34.9128
6.51,-1.5,-0.00392857,-34.9073
6.512,-1.5,-0.00392857,-34.8962
6.514,-1.5,-0.0043315,-34.9736
6.516,-1.5,-0.00302198,-34.9528
6.518,-1.5,-0.00342491,-34.9197
6.52,-1.5,-0.00332418,-34.8756
6.522,-1.5,-0.00322344,-34.8976
6.524,-1.5,-0.00413004,-34.8549
6.526,-1.5,-0.00312271,-34.8577
6.528,-1.5,-0.00352564,-34.8508
6.53,-1.5,-0.0049359,-35.0235
6.532,-1.5,-0.00413004,-34.9349
6.534,-1.5,-0.00392857,-34.9031
6.536,-1.5,-0.00322344,-34.8426
6.538,-1.5,-0.0040293,-34.8481
6.54,-1.5,-0.0052381,-34.9266
6.542,-1.5,-0.00372711,-34.8742
6.544,-1.5,-0.00413004,-34.8124
6.546,-1.5,-0.0043315,-34.9059
6.548,-1.5,-0.00413004,-34.9197
6.55,-1.5,-0.00342491,-34.9294
6.552,-1.5,-0.0040293,-34.8797
6.554,-1.5,-0.0040293,-34.888
6.556,-1.5,-0.00533883,-34.9004
6.558,-1.5,-0.00443223,-34.9639
6.56,-1.5,-0.00372711,-34.9653
6.562,-1.5,-0.00362637,-35.0624
6.564,-1.5,-0.0043315,-35.0861
6.566,-1.5,-0.00322344,-35.0638
6.568,-1.5,-0.00342491,-35.0652
6.57,-1.5,-0.00342491,-34.9971
6.572,-1.5,-0.00413004,-35.0749
6.574,-1.5,-0.00413004,-35.0429
6.576,-1.5,-0.00352564,-34.9777
6.578,-1.5,-0.00513736,-34.9819
6.58,-1.5,-0.00483516,-35.0027
6.582,-1.5,-0.00362637,-34.9598
6.584,-1.5,-0.00221612,-34.8838
6.586,-1.5,-0.00362637,-35.0555
6.588,-1.5,-0.00503663,-34.8728
6.59,-1.5,-0.00342491,-34.8962
6.592,-1.5,-0.00372711,-34.8604
6.594,-1.5,-0.00362637,-34.7658
6.596,-1.5,-0.0046337,-34.6282
6.598,-1.5,-0.00322344,-34.7016
6.6,-1.5,-0.00282051,-34.7768
6.602,-1.5,-0.00352564,-34.7003
6.604,-1.5,-0.00392857,-34.6649
6.606,-1.5,-0.00413004,-34.7467
6.608,-1.5,-0.00332418,-34.7398
6.61,-1.5,-0.00392857,-34.7644
6.612,-1.5,-0.00423077,-34.733
6.614,-1.5,-0.00372711,-34.7658
6.616,-1.5,-0.00332418,-34.7194
6.618,-1.5,-0.00302198,-34.7084
6.62,-1.5,-0.00443223,-34.7003
6.622,-1.5,-0.0046337,-34.5659
6.624,-1.5,-0.00392857,-34.7617
6.626,-1.5,-0.0040293,-34.748
6.628,-1.5,-0.0043315,-34.759
6.63,-1.5,-0.0040293,-34.7658
6.632,-1.5,-0.0040293,-34.8165
6.634,-1.5,-0.00413004,-34.7508
6.636,-1.5,-0.00453297,-34.7576
6.638,-1.5,-0.00513736,-34.8797
6.64,-1.5,-0.00453297,-34.7918
6.642,-1.5,-0.00443223,-34.7535
6.644,-1.5,-0.00453297,-34.833
6.646,-1.5,-0.00372711,-34.9059
6.648,-1.5,-0.00413004,-35.0041
6.65,-1.5,-0.00342491,-34.993
6.652,-1.5,-0.00392857,-34.9432
6.654,-1.5,-0.00533883,-34.9736
6.656,-1.5,-0.00443223,-35.0708
6.658,-1.5,-0.00352564,-35.1405
6.66,-1.5,-0.00423077,-35.0847
6.662,-1.5,-0.0043315,-35.1629
6.664,-1.5,-0.00352564,-35.0499
6.666,-1.5,-0.00312271,-35.0485
6.668,-1.5,-0.00292125,-35.0471
6.67,-1.5,-0.0043315,-35.0513
6.672,-1.5,-0.00382784,-35.0235
6.674,-1.5,-0.00443223,-34.9944
6.676,-1.5,-0.00372711,-34.9694
6.678,-1.5,-0.0043315,-34.9376
6.68,-1.5,-0.00312271,-34.8976
6.682,-1.5,-0.00292125,-34.9528
6.684,-1.5,-0.00322344,-34.8866
6.686,-1.5,-0.00372711,-34.8426
6.688,-1.5,-0.00423077,-34.8701
6.69,-1.5,-0.0040293,-34.8976
6.692,-1.5,-0.00453297,-34.8825
6.694,-1.5,-0.0043315,-34.9542
6.696,-1.5,-0.00282051,-34.928
6.698,-1.5,-0.00251832,-34.888
6.7,-1.5,-0.00322344,-34.8467
6.702,-1.5,-0.00332418,-34.9087
6.704,-1.5,-0.0046337,-34.8234
6.706,-1.5,-0.00382784,-34.8288
6.708,-1.5,-0.00392857,-34.928
6.71,-1.5,-0.00443223,-34.9777
6.712,-1.5,-0.0040293,-34.8921
6.714,-1.5,-0.00392857,-34.9128
6.716,-1.5,-0.0040293,-34.8
6.718,-1.5,-0.00352564,-34.7904
6.72,-1.5,-0.00554029,-34.822
6.722,-1.5,-0.00372711,-34.8192
6.724,-1.5,-0.00483516,-34.7453
6.726,-1.5,-0.0049359,-34.7877
6.728,-1.5,-0.00473443,-34.8508
6.73,-1.5,-0.00413004,-34.8549
6.732,-1.5,-0.00362637,-34.7891
6.734,-1.5,-0.0043315,-34.8151
6.736,-1.5,-0.00533883,-34.8083
6.738,-1.5,-0.0046337,-34.8715
6.74,-1.5,-0.00513736,-34.9294
6.742,-1.5,-0.00453297,-34.9805
6.744,-1.5,-0.0046337,-35.0193
6.746,-1.5,-0.00362637,-34.9888
6.748,-1.5,-0.00413004,-35.0055
6.75,-1.5,-0.00352564,-34.9404
6.752,-1.5,-0.00483516,-34.9418
6.754,-1.5,-0.0040293,-35.0166
6.756,-1.5,-0.00271978,-34.9501
6.758,-1.5,-0.00352564,-34.9584
6.76,-1.5,-0.00453297,-34.9404
6.762,-1.5,-0.00322344,-34.9418
6.764,-1.5,-0.00322344,-34.8742
6.766,-1.5,-0.00332418,-34.9031
6.768,-1.5,-0.0043315,-34.8673
6.77,-1.5,-0.00352564,-34.8976
6.772,-1.5,-0.00352564,-34.7863
6.774,-1.5,-0.00302198,-34.7795
6.776,-1.5,-0.0046337,-34.635
6.778,-1.5,-0.00322344,-34.8083
6.78,-1.5,-0.00362637,-34.7918
6.782,-1.5,-0.00292125,-34.7262
6.784,-1.5,-0.0043315,-34.7508
6.786,-1.5,-0.00423077,-34.7768
6.788,-1.5,-0.00342491,-34.7644
6.79,-1.5,-0.00251832,-34.7357
6.792,-1.5,-0.00352564,-34.7549
6.794,-1.5,-0.00362637,-34.7973
6.796,-1.5,-0.00392857,-34.7685
6.798,-1.5,-0.00362637,-34.7344
6.8,-1.5,-0.00362637,-34.7275
6.802,-1.5,-0.00443223,-34.8357
6.804,-1.5,-0.00362637,-34.7904
6.806,-1.5,-0.00322344,-34.774
6.808,-1.5,-0.00423077,-34.8096
6.81,-1.5,-0.0040293,-34.7904
6.812,-1.5,-0.0040293,-34.8343
6.814,-1.5,-0.00372711,-34.8385
6.816,-1.5,-0.00453297,-34.7809
6.818,-1.5,-0.00543956,-34.9031
6.82,-1.5,-0.00453297,-34.8412
6.822,-1.5,-0.00473443,-34.7946
6.824,-1.5,-0.00392857,-34.8728
6.826,-1.5,-0.00503663,-34.9418
6.828,-1.5,-0.00382784,-35.0471
6.83,-1.5,-0.00443223,-35.0416
6.832,-1.5,-0.00382784,-35.0207
6.834,-1.5,-0.00513736,-35.0166
6.836,-1.5,-0.00443223,-35.1042
6.838,-1.5,-0.00312271,-35.1853
6.84,-1.5,-0.00372711,-35.0652
6.842,-1.5,-0.0040293,-35.1993
6.844,-1.5,-0.00342491,-35.0722
6.846,-1.5,-0.00312271,-35.1587
6.848,-1.5,-0.00332418,-35.0875
6.85,-1.5,-0.0043315,-35.061
6.852,-1.5,-0.00423077,-35.0166
6.854,-1.5,-0.00392857,-35.0124
6.856,-1.5,-0.00372711,-34.9694
6.858,-1.5,-0.00453297,-34.9294
6.86,-1.5,-0.00352564,-34.9708
6.862,-1.5,-0.00312271,-34.9404
6.864,-1.5,-0.00392857,-34.8687
6.866,-1.5,-0.00443223,-34.844
6.868,-1.5,-0.00443223,-34.8604
6.87,-1.5,-0.00352564,-34.8894
6.872,-1.5,-0.00372711,-34.8852
6.874,-1.5,-0.00513736,-34.9169
6.876,-1.5,-0.00312271,-34.9294
6.878,-1.5,-0.00221612,-34.8935
6.88,-1.5,-0.00231685,-34.9183
6.882,-1.5,-0.00382784,-34.9307
6.884,-1.5,-0.0040293,-34.8371
6.886,-1.5,-0.00372711,-34.9363
6.888,-1.5,-0.00372711,-34.9445
6.89,-1.5,-0.00423077,-35.0013
6.892,-1.5,-0.00342491,-34.9156
6.894,-1.5,-0.00282051,-34.9556
6.896,-1.5,-0.00302198,-34.8426
6.898,-1.5,-0.00372711,-34.844
6.9,-1.5,-0.00543956,-34.8783
6.902,-1.5,-0.0049359,-34.8742
6.904,-1.5,-0.00503663,-34.8124
6.906,-1.5,-0.00443223,-34.8536
6.908,-1.5,-0.00453297,-34.9238
6.91,-1.5,-0.0043315,-34.928
6.912,-1.5,-0.00372711,-34.8976
6.914,-1.5,-0.00413004,-34.8962
6.916,-1.5,-0.00533883,-34.8962
6.918,-1.5,-0.00382784,-34.9722
6.92,-1.5,-0.00382784,-35.0013
6.922,-1.5,-0.00392857,-35.0485
6.924,-1.5,-0.00392857,-35.0193
6.926,-1.5,-0.00352564,-35.0443
6.928,-1.5,-0.00292125,-35.061
6.93,-1.5,-0.00352564,-34.9958
6.932,-1.5,-0.0040293,-34.993
6.934,-1.5,-0.00362637,-35.0569
6.936,-1.5,-0.00332418,-34.9861
6.938,-1.5,-0.00352564,-35.0166
6.94,-1.5,-0.00352564,-34.9791
6.942,-1.5,-0.00322344,-34.975
6.944,-1.5,-0.00332418,-34.9059
6.946,-1.5,-0.00362637,-34.9266
6.948,-1.5,-0.00423077,-34.8852
6.95,-1.5,-0.0040293,-34.9197
6.952,-1.5,-0.00372711,-34.7987
6.954,-1.5,-0.00352564,-34.7959
6.956,-1.5,-0.00312271,-34.6526
6.958,-1.5,-0.00322344,-34.8206
6.96,-1.5,-0.00292125,-34.8041
6.962,-1.5,-0.00312271,-34.7344
6.964,-1.5,-0.00362637,-34.7603
6.966,-1.5,-0.00382784,-34.785
6.968,-1.5,-0.00332418,-34.7754
6.97,-1.5,-0.00322344,-34.7316
6.972,-1.5,-0.0040293,-34.7644
6.974,-1.5,-0.00332418,-34.8055
6.976,-1.5,-0.00312271,-34.785
6.978,-1.5,-0.00302198,-34.7439
6.98,-1.5,-0.00322344,-34.7316
6.982,-1.5,-0.00423077,-34.8426
6.984,-1.5,-0.00392857,-34.7946
6.986,-1.5,-0.00352564,-34.7822
6.988,-1.5,-0.00342491,-34.8275
6.99,-1.5,-0.00483516,-34.8
6.992,-1.5,-0.00382784,-34.8385
6.994,-1.5,-0.00362637,-34.8426
6.996,-1.5,-0.00423077,-34.7809
6.998,-1.5,-0.00574176,-34.91
7,-1.4,-0.00473443,-34.8385
7.002,-1.4,0.00352564,-34.5889
7.004,-1.4,0.00302198,-34.3736
7.006,-1.4,0.000604396,-34.2006
7.008,-1.4,0.00141026,-34.0491
7.01,-1.4,0.00110806,-33.7783
7.012,-1.4,0.00110806,-33.6509
7.014,-1.4,-0.00120879,-33.5347
7.016,-1.4,-0.000503663,-33.4029
7.018,-1.4,-0.00110806,-33.2708
7.02,-1.4,-0.00100733,-33.2645
7.022,-1.4,-0.00191392,-33.1236
7.024,-1.4,-0.00130952,-33.0098
7.026,-1.4,-0.00221612,-32.8833
7.028,-1.4,-0.000604396,-32.8833
7.03,-1.4,-0.00221612,-32.7589
7.032,-1.4,-0.00322344,-32.6886
7.034,-1.4,-0.00282051,-32.6246
7.036,-1.4,-0.00261905,-32.5381
7.038,-1.4,-0.00282051,-32.4986
7.04,-1.4,-0.00352564,-32.3985
7.042,-1.4,-0.00211538,-32.395
7.044,-1.4,-0.00241758,-32.2861
7.046,-1.4,-0.00271978,-32.2307
7.048,-1.4,-0.00352564,-32.2131
7.05,-1.4,-0.00362637,-32.1475
7.052,-1.4,-0.00352564,-32.1416
7.054,-1.4,-0.00342491,-32.165
7.056,-1.4,-0.00332418,-32.1323
7.058,-1.4,-0.00352564,-32.1791
7.06,-1.4,-0.00302198,-32.172
7.062,-1.4,-0.00261905,-32.1101
7.064,-1.4,-0.00282051,-32.0833
7.066,-1.4,-0.00362637,-32.1358
7.068,-1.4,-0.00382784,-32.144
7.07,-1.4,-0.00423077,-32.1592
7.072,-1.4,-0.0040293,-32.1299
7.074,-1.4,-0.00392857,-32.0344
7.076,-1.4,-0.00423077,-32.0996
7.078,-1.4,-0.00302198,-32.1393
7.08,-1.4,-0.00312271,-32.0379
7.082,-1.4,-0.00362637,-31.9961
7.084,-1.4,-0.00392857,-32.067
7.086,-1.4,-0.0052381,-32.0681
7.088,-1.4,-0.00332418,-31.9973
7.09,-1.4,-0.0043315,-31.9452
7.092,-1.4,-0.00392857,-31.9845
7.094,-1.4,-0.0046337,-32.0425
7.096,-1.4,-0.00342491,-32.0309
7.098,-1.4,-0.00362637,-32.0495
7.1,-1.4,-0.00382784,-31.9707
7.102,-1.4,-0.00413004,-32.0263
7.104,-1.4,-0.0043315,-32.1007
7.106,-1.4,-0.00392857,-32.0996
7.108,-1.4,-0.00382784,-32.1182
7.11,-1.4,-0.00473443,-32.1066
7.112,-1.4,-0.00352564,-32.2119
7.114,-1.4,-0.00322344,-32.1779
7.116,-1.4,-0.00322344,-32.1896
7.118,-1.4,-0.00261905,-32.1346
7.12,-1.4,-0.00372711,-32.1732
7.122,-1.4,-0.00413004,-32.151
7.124,-1.4,-0.00352564,-32.192
7.126,-1.4,-0.00372711,-32.0751
7.128,-1.4,-0.00382784,-32.1171
7.13,-1.4,-0.00322344,-32.1381
7.132,-1.4,-0.00392857,-32.0356
7.134,-1.4,-0.00332418,-32.0019
7.136,-1.4,-0.00322344,-32.1638
7.138,-1.4,-0.00423077,-31.9938
7.14,-1.4,-0.00302198,-31.8004
7.142,-1.4,-0.00352564,-31.9152
7.144,-1.4,-0.00392857,-31.8301
7.146,-1.4,-0.00322344,-31.9672
7.148,-1.4,-0.00322344,-31.8634
7.15,-1.4,-0.00261905,-31.883
7.152,-1.4,-0.00312271,-31.9083
7.154,-1.4,-0.00392857,-31.8072
7.156,-1.4,-0.0049359,-31.8519
7.158,-1.4,-0.00292125,-31.8703
7.16,-1.4,-0.0040293,-31.8933
7.162,-1.4,-0.00322344,-31.9221
7.164,-1.4,-0.0040293,-31.8922
7.166,-1.4,-0.0040293,-31.8841
7.168,-1.4,-0.00332418,-31.9083
7.17,-1.4,-0.00342491,-31.8784
7.172,-1.4,-0.00382784,-31.9175
7.174,-1.4,-0.0046337,-31.837
7.176,-1.4,-0.00453297,-31.9649
7.178,-1.4,-0.00392857,-31.9106
7.18,-1.4,-0.00352564,-31.8761
7.182,-1.4,-0.0043315,-31.906
7.184,-1.4,-0.0046337,-31.8933
7.186,-1.4,-0.00372711,-31.9487
7.188,-1.4,-0.00362637,-31.9441
7.19,-1.4,-0.0040293,-31.8669
7.192,-1.4,-0.00473443,-31.8703
7.194,-1.4,-0.0043315,-31.8738
7.196,-1.4,-0.0043315,-31.9302
7.198,-1.4,-0.0043315,-31.9475
7.2,-1.4,-0.00554029,-31.9626
7.202,-1.4,-0.00423077,-32.0135
7.204,-1.4,-0.00483516,-32.0646
7.206,-1.4,-0.00382784,-32.0089
7.208,-1.4,-0.00413004,-32.0367
7.21,-1.4,-0.00513736,-32.1334
7.212,-1.4,-0.00453297,-32.1533
7.214,-1.4,-0.00413004,-32.1323
7.216,-1.4,-0.00443223,-32.1288
7.218,-1.4,-0.00503663,-32.1861
7.22,-1.4,-0.00362637,-32.2401
7.222,-1.4,-0.00292125,-32.1288
7.224,-1.4,-0.00261905,-32.2002
7.226,-1.4,-0.00413004,-32.1463
7.228,-1.4,-0.00413004,-32.1451
7.23,-1.4,-0.00372711,-32.1241
7.232,-1.4,-0.00342491,-32.0902
7.234,-1.4,-0.00352564,-32.0565
7.236,-1.4,-0.00413004,-32.0228
7.238,-1.4,-0.00362637,-32.0681
7.24,-1.4,-0.00312271,-31.9903
7.242,-1.4,-0.00261905,-32.0054
7.244,-1.4,-0.00332418,-31.9568
7.246,-1.4,-0.00483516,-31.936
7.248,-1.4,-0.00413004,-31.9441
7.25,-1.4,-0.00453297,-31.9533
7.252,-1.4,-0.00332418,-32.01
7.254,-1.4,-0.00413004,-32.0402
7.256,-1.4,-0.00382784,-32.0298
7.258,-1.4,-0.00292125,-32.0124
7.26,-1.4,-0.00302198,-32.0425
7.262,-1.4,-0.00382784,-32.01
7.264,-1.4,-0.00443223,-32.0542
7.266,-1.4,-0.00322344,-32.0821
7.268,-1.4,-0.00392857,-31.9961
7.27,-1.4,-0.00352564,-32.0984
7.272,-1.4,-0.0046337,-32.0414
7.274,-1.4,-0.00342491,-32.0891
7.276,-1.4,-0.00352564,-32.0135
7.278,-1.4,-0.0040293,-32.0646
7.28,-1.4,-0.00342491,-31.9475
7.282,-1.4,-0.00503663,-32.0182
7.284,-1.4,-0.0046337,-31.9741
7.286,-1.4,-0.00453297,-31.9857
7.288,-1.4,-0.00443223,-32.0042
7.29,-1.4,-0.00483516,-31.9903
7.292,-1.4,-0.00382784,-32.0089
7.294,-1.4,-0.00352564,-31.9707
7.296,-1.4,-0.00362637,-32.0623
7.298,-1.4,-0.00372711,-32.0356
7.3,-1.4,-0.00503663,-32.0704
7.302,-1.4,-0.00382784,-32.0623
7.304,-1.4,-0.0043315,-32.0472
7.306,-1.4,-0.0040293,-32.151
7.308,-1.4,-0.00473443,-32.1334
7.31,-1.4,-0.00382784,-32.1556
7.312,-1.4,-0.00322344,-32.1545
7.314,-1.4,-0.00271978,-32.1042
7.316,-1.4,-0.00372711,-32.1393
7.318,-1.4,-0.00292125,-32.1253
7.32,-1.4,-0.00342491,-32.1346
7.322,-1.4,-0.00362637,-32.0926
7.324,-1.4,-0.00413004,-32.0996
7.326,-1.4,-0.00443223,-32.1206
7.328,-1.4,-0.00231685,-32.0798
7.33,-1.4,-0.00292125,-31.9984
7.332,-1.4,-0.00261905,-32.017
7.334,-1.4,-0.00413004,-31.9141
7.336,-1.4,-0.00443223,-31.7946
7.338,-1.4,-0.00282051,-31.813
7.34,-1.4,-0.00322344,-31.9741
7.342,-1.4,-0.00342491,-31.8095
7.344,-1.4,-0.00413004,-32.0031
7.346,-1.4,-0.00413004,-31.8795
7.348,-1.4,-0.00292125,-31.8278
7.35,-1.4,-0.0040293,-31.829
7.352,-1.4,-0.00392857,-31.8256
7.354,-1.4,-0.00382784,-31.8979
7.356,-1.4,-0.00372711,-31.8979
7.358,-1.4,-0.00413004,-31.8531
7.36,-1.4,-0.00382784,-31.8611
7.362,-1.4,-0.0040293,-31.9429
7.364,-1.4,-0.00362637,-31.9394
7.366,-1.4,-0.00392857,-31.8634
7.368,-1.4,-0.00372711,-31.8657
7.37,-1.4,-0.00513736,-31.936
7.372,-1.4,-0.00443223,-32.0216
7.374,-1.4,-0.00322344,-31.8496
7.376,-1.4,-0.00392857,-31.8623
7.378,-1.4,-0.00382784,-31.9014
7.38,-1.4,-0.00473443,-31.8991
7.382,-1.4,-0.00282051,-31.891
7.384,-1.4,-0.00372711,-31.8565
7.386,-1.4,-0.0049359,-31.8657
7.388,-1.4,-0.00473443,-31.8818
7.39,-1.4,-0.00423077,-31.9741
7.392,-1.4,-0.00413004,-31.8864
7.394,-1.4,-0.00392857,-31.9637
7.396,-1.4,-0.0049359,-31.9973
7.398,-1.4,-0.0040293,-32.0809
7.4,-1.4,-0.0040293,-31.9291
7.402,-1.4,-0.00392857,-32.1264
7.404,-1.4,-0.00372711,-32.1194
7.406,-1.4,-0.0049359,-32.1194
7.408,-1.4,-0.00382784,-32.1709
7.41,-1.4,-0.0043315,-32.1627
7.412,-1.4,-0.00282051,-32.2637
7.414,-1.4,-0.0040293,-32.2319
7.416,-1.4,-0.00382784,-32.206
7.418,-1.4,-0.00282051,-32.2731
7.42,-1.4,-0.00251832,-32.1756
7.422,-1.4,-0.00312271,-32.1814
7.424,-1.4,-0.0040293,-32.1767
7.426,-1.4,-0.00352564,-32.1404
7.428,-1.4,-0.0040293,-32.1264
7.43,-1.4,-0.00282051,-32.0774
7.432,-1.4,-0.00423077,-32.1054
7.434,-1.4,-0.00312271,-32.1229
7.436,-1.4,-0.00251832,-32.0077
7.438,-1.4,-0.00282051,-32.0112
7.44,-1.4,-0.00392857,-31.9695
7.442,-1.4,-0.0046337,-32.0019
7.444,-1.4,-0.0043315,-31.9695
7.446,-1.4,-0.00382784,-32.0089
7.448,-1.4,-0.00372711,-32.0158
7.45,-1.4,-0.0049359,-32.06
7.452,-1.4,-0.00322344,-32.0437
7.454,-1.4,-0.00282051,-32.0495
7.456,-1.4,-0.00231685,-31.966
7.458,-1.4,-0.0043315,-32.0089
7.46,-1.4,-0.00443223,-32.0565
7.462,-1.4,-0.00423077,-31.9487
7.464,-1.4,-0.00362637,-32.0425
7.466,-1.4,-0.00362637,-32.0926
7.468,-1.4,-0.00423077,-32.0402
7.47,-1.4,-0.00322344,-31.9892
7.472,-1.4,-0.00332418,-32.0112
7.474,-1.4,-0.00322344,-31.9591
7.476,-1.4,-0.00342491,-31.9533
7.478,-1.4,-0.00513736,-31.9903
7.48,-1.4,-0.00413004,-32.0008
7.482,-1.4,-0.00392857,-32.0391
7.484,-1.4,-0.00443223,-32.0274
7.486,-1.4,-0.00513736,-32.0066
7.488,-1.4,-0.0043315,-32.0379
7.49,-1.4,-0.00382784,-32.0286
7.492,-1.4,-0.0040293,-31.9915
7.494,-1.4,-0.00423077,-32.0611
7.496,-1.4,-0.0052381,-32.0414
7.498,-1.4,-0.00483516,-32.0751
7.5,-1.4,-0.0043315,-32.1299
7.502,-1.4,-0.00453297,-32.1802
7.504,-1.4,-0.0043315,-32.1603
7.506,-1.4,-0.00382784,-32.1978
7.508,-1.4,-0.00382784,-32.1873
7.51,-1.4,-0.00261905,-32.206
7.512,-1.4,-0.00352564,-32.1674
7.514,-1.4,-0.00372711,-32.206
7.516,-1.4,-0.0040293,-32.1475
7.518,-1.4,-0.00322344,-32.2119
7.52,-1.4,-0.00342491,-32.1323
7.522,-1.4,-0.00382784,-32.151
7.524,-1.4,-0.0040293,-32.0891
7.526,-1.4,-0.00322344,-32.046
7.528,-1.4,-0.00423077,-32.046
7.53,-1.4,-0.00392857,-31.9418
7.532,-1.4,-0.00362637,-31.936
7.534,-1.4,-0.00392857,-31.9903
7.536,-1.4,-0.00362637,-31.9244
7.538,-1.4,-0.00382784,-31.829
7.54,-1.4,-0.00392857,-32.0228
7.542,-1.4,-0.00322344,-31.9118
7.544,-1.4,-0.00342491,-31.8451
7.546,-1.4,-0.00322344,-31.8761
7.548,-1.4,-0.0040293,-31.8462
7.55,-1.4,-0.00362637,-31.9279
7.552,-1.4,-0.00372711,-31.8565
7.554,-1.4,-0.00261905,-31.891
7.556,-1.4,-0.00352564,-31.9533
7.558,-1.4,-0.00392857,-31.9741
7.56,-1.4,-0.00292125,-31.9741
7.562,-1.4,-0.00271978,-31.9291
7.564,-1.4,-0.00332418,-31.8922
7.566,-1.4,-0.00483516,-31.9348
7.568,-1.4,-0.00372711,-32.0472
7.57,-1.4,-0.00413004,-31.8749
7.572,-1.4,-0.00342491,-31.9152
7.574,-1.4,-0.00382784,-31.9464
7.576,-1.4,-0.00473443,-31.9614
7.578,-1.4,-0.00372711,-31.9083
7.58,-1.4,-0.00443223,-31.891
7.582,-1.4,-0.00392857,-31.9152
7.584,-1.4,-0.00543956,-31.9302
7.586,-1.4,-0.00423077,-31.9141
7.588,-1.4,-0.00392857,-31.8899
7.59,-1.4,-0.00423077,-31.9741
7.592,-1.4,-0.0046337,-32.0425
7.594,-1.4,-0.00473443,-32.0391
7.596,-1.4,-0.00453297,-31.9302
7.598,-1.4,-0.00332418,-32.1147
7.6,-1.4,-0.00413004,-32.1066
7.602,-1.4,-0.0052381,-32.1416
7.604,-1.4,-0.00413004,-32.1416
7.606,-1.4,-0.00382784,-32.144
7.608,-1.4,-0.00413004,-32.2472
7.61,-1.4,-0.00392857,-32.1767
7.612,-1.4,-0.00352564,-32.2495
7.614,-1.4,-0.00271978,-32.2637
7.616,-1.4,-0.00322344,-32.1674
7.618,-1.4,-0.0040293,-32.1709
7.62,-1.4,-0.0049359,-32.1767
7.622,-1.4,-0.00423077,-32.1463
7.624,-1.4,-0.00322344,-32.1323
7.626,-1.4,-0.00352564,-32.1136
7.628,-1.4,-0.00322344,-32.1346
7.63,-1.4,-0.00352564,-32.1346
7.632,-1.4,-0.00322344,-32.0205
7.634,-1.4,-0.00251832,-31.9973
7.636,-1.4,-0.00392857,-31.9695
7.638,-1.4,-0.0043315,-32.0135
7.64,-1.4,-0.0040293,-31.995
7.642,-1.4,-0.00392857,-32.0182
7.644,-1.4,-0.00372711,-32.0066
7.646,-1.4,-0.00392857,-32.0472
7.648,-1.4,-0.00282051,-32.0553
7.65,-1.4,-0.00312271,-32.0658
7.652,-1.4,-0.00312271,-31.9834
7.654,-1.4,-0.00342491,-31.9822
7.656,-1.4,-0.0043315,-32.0205
7.658,-1.4,-0.00372711,-31.9602
7.66,-1.4,-0.00382784,-32.0483
7.662,-1.4,-0.00342491,-32.0542
7.664,-1.4,-0.00453297,-32.0344
7.666,-1.4,-0.00382784,-31.9834
7.668,-1.4,-0.00392857,-32.0042
7.67,-1.4,-0.00251832,-31.9452
7.672,-1.4,-0.00342491,-31.9487
7.674,-1.4,-0.00453297,-31.9961
7.676,-1.4,-0.00382784,-31.9776
7.678,-1.4,-0.0040293,-32.01
7.68,-1.4,-0.00443223,-31.9302
7.682,-1.4,-0.00453297,-32.0066
7.684,-1.4,-0.0040293,-31.9788
7.686,-1.4,-0.00423077,-31.9973
7.688,-1.4,-0.00392857,-31.9637
7.69,-1.4,-0.0046337,-31.9649
7.692,-1.4,-0.0049359,-31.9915
7.694,-1.4,-0.00453297,-32.0437
7.696,-1.4,-0.0049359,-32.1007
7.698,-1.4,-0.00382784,-32.0961
7.7,-1.4,-0.00413004,-32.144
7.702,-1.4,-0.00302198,-32.172
7.704,-1.4,-0.00312271,-32.1533
7.706,-1.4,-0.00332418,-32.1732
7.708,-1.4,-0.00332418,-32.0949
7.71,-1.4,-0.0040293,-32.0914
7.712,-1.4,-0.00302198,-32.1089
7.714,-1.4,-0.00312271,-32.1685
7.716,-1.4,-0.00382784,-32.0774
7.718,-1.4,-0.0052381,-32.0553
7.72,-1.4,-0.00362637,-32.0309
7.722,-1.4,-0.00322344,-31.9799
7.724,-1.4,-0.00352564,-31.7615
7.726,-1.4,-0.0040293,-31.9141
7.728,-1.4,-0.00443223,-32.1206
7.73,-1.4,-0.00362637,-31.9002
7.732,-1.4,-0.00372711,-31.8313
7.734,-1.4,-0.00362637,-31.7763
7.736,-1.4,-0.0043315,-31.7752
7.738,-1.4,-0.00342491,-31.7649
7.74,-1.4,-0.00322344,-31.8347
7.742,-1.4,-0.00282051,-31.7741
7.744,-1.4,-0.00372711,-31.7935
7.746,-1.4,-0.00382784,-31.7661
7.748,-1.4,-0.0040293,-31.7603
7.75,-1.4,-0.00372711,-31.8061
7.752,-1.4,-0.0043315,-31.8611
7.754,-1.4,-0.00473443,-31.8611
7.756,-1.4,-0.00362637,-31.8244
7.758,-1.4,-0.00342491,-31.8772
7.76,-1.4,-0.00292125,-31.8474
7.762,-1.4,-0.0043315,-31.8657
7.764,-1.4,-0.00352564,-31.6931
7.766,-1.4,-0.00312271,-31.8669
7.768,-1.4,-0.00413004,-31.8876
7.77,-1.4,-0.00423077,-31.8061
7.772,-1.4,-0.00483516,-31.8646
7.774,-1.4,-0.0040293,-31.8496
7.776,-1.4,-0.0040293,-31.8991
7.778,-1.4,-0.0049359,-31.8979
7.78,-1.4,-0.00473443,-31.8772
7.782,-1.4,-0.00483516,-31.8588
7.784,-1.4,-0.00443223,-32.0019
7.786,-1.4,-0.00362637,-31.9683
7.788,-1.4,-0.00423077,-31.9556
7.79,-1.4,-0.00413004,-32.024
7.792,-1.4,-0.00372711,-32.1194
7.794,-1.4,-0.00322344,-32.0414
7.796,-1.4,-0.00362637,-32.0926
7.798,-1.4,-0.00503663,-32.1334
7.8,-1.4,-0.00453297,-32.1931
7.802,-1.4,-0.0043315,-32.2084
7.804,-1.4,-0.00423077,-32.1463
7.806,-1.4,-0.0040293,-32.2484
7.808,-1.4,-0.00352564,-32.2495
7.81,-1.4,-0.00392857,-32.2543
7.812,-1.4,-0.00312271,-32.1685
7.814,-1.4,-0.00362637,-32.1838
7.816,-1.4,-0.00453297,-32.1451
7.818,-1.4,-0.00342491,-32.1674
7.82,-1.4,-0.0040293,-32.1264
7.822,-1.4,-0.00352564,-32.1311
7.824,-1.4,-0.00322344,-32.0693
7.826,-1.4,-0.00322344,-32.0495
7.828,-1.4,-0.00251832,-32.1194
7.83,-1.4,-0.00372711,-32.0054
7.832,-1.4,-0.00362637,-31.9961
7.834,-1.4,-0.00564103,-31.9522
7.836,-1.4,-0.00392857,-32.0066
7.838,-1.4,-0.00392857,-32.0066
7.84,-1.4,-0.00342491,-31.9788
7.842,-1.4,-0.00413004,-32.0135
7.844,-1.4,-0.00282051,-32.0483
7.846,-1.4,-0.00271978,-32.0402
7.848,-1.4,-0.00282051,-32.046
7.85,-1.4,-0.00292125,-32.0379
7.852,-1.4,-0.0046337,-32.0379
7.854,-1.4,-0.0046337,-32.067
7.856,-1.4,-0.0040293,-32.0449
7.858,-1.4,-0.00392857,-31.9579
7.86,-1.4,-0.0046337,-32.1031
7.862,-1.4,-0.0040293,-32.0367
7.864,-1.4,-0.00362637,-32.0565
7.866,-1.4,-0.00322344,-31.9869
7.868,-1.4,-0.00362637,-32.01
7.87,-1.4,-0.00503663,-31.9129
7.872,-1.4,-0.0046337,-32.0031
7.874,-1.4,-0.00473443,-31.9279
7.876,-1.4,-0.00483516,-31.9475
7.878,-1.4,-0.00543956,-31.9915
7.88,-1.4,-0.00453297,-31.995
7.882,-1.4,-0.0040293,-31.9799
7.884,-1.4,-0.00312271,-31.9452
7.886,-1.4,-0.0040293,-31.966
7.888,-1.4,-0.00594322,-32.0263
7.89,-1.4,-0.00453297,-31.9984
7.892,-1.4,-0.0040293,-32.0379
7.894,-1.4,-0.00352564,-32.067
7.896,-1.4,-0.00503663,-32.1638
7.898,-1.4,-0.00392857,-32.151
7.9,-1.4,-0.00413004,-32.1463
7.902,-1.4,-0.00362637,-32.0868
7.904,-1.4,-0.00372711,-32.1638
7.906,-1.4,-0.00473443,-32.1662
7.908,-1.4,-0.00342491,-32.1428
7.91,-1.4,-0.00372711,-32.0856
7.912,-1.4,-0.00322344,-32.1206
7.914,-1.4,-0.00443223,-32.1019
7.916,-1.4,-0.00352564,-32.0681
7.918,-1.4,-0.00302198,-32.0553
7.92,-1.4,-0.00312271,-32.0972
7.922,-1.4,-0.00342491,-31.9545
7.924,-1.4,-0.00423077,-31.868
7.926,-1.4,-0.00342491,-31.9602
7.928,-1.4,-0.00342491,-31.8152
7.93,-1.4,-0.00342491,-31.906
7.932,-1.4,-0.00453297,-31.7923
7.934,-1.4,-0.00362637,-31.9371
7.936,-1.4,-0.00312271,-31.9348
7.938,-1.4,-0.00322344,-31.8508
7.94,-1.4,-0.00392857,-31.8141
7.942,-1.4,-0.00443223,-31.8646
7.944,-1.4,-0.00312271,-31.9233
7.946,-1.4,-0.00302198,-31.8818
7.948,-1.4,-0.00292125,-31.8519
7.95,-1.4,-0.0049359,-31.8899
7.952,-1.4,-0.00292125,-31.9429
7.954,-1.4,-0.00423077,-31.883
7.956,-1.4,-0.00332418,-31.9037
7.958,-1.4,-0.00302198,-31.8646
7.96,-1.4,-0.00443223,-31.9602
7.962,-1.4,-0.00392857,-31.973
7.964,-1.4,-0.00443223,-31.8554
7.966,-1.4,-0.00382784,-31.8416
7.968,-1.4,-0.00483516,-31.8922
7.97,-1.4,-0.00382784,-31.9475
7.972,-1.4,-0.00392857,-31.8956
7.974,-1.4,-0.0040293,-31.8267
7.976,-1.4,-0.00382784,-31.8864
7.978,-1.4,-0.00513736,-31.8657
7.98,-1.4,-0.00443223,-31.9314
7.982,-1.4,-0.0043315,-31.8991
7.984,-1.4,-0.00443223,-31.9522
7.986,-1.4,-0.0046337,-32.0518
7.988,-1.4,-0.00413004,-32.1276
7.99,-1.4,-0.00392857,-32.01
7.992,-1.4,-0.00362637,-32.0821
7.994,-1.4,-0.00453297,-32.1486
7.996,-1.4,-0.00423077,-32.2178
7.998,-1.4,-0.00372711,-32.1791
8,-1.3,-0.00241758,-32.1662
8.002,-1.3,0.00282051,-32.0833
8.004,-1.3,0.00251832,-31.7832
8.006,-1.3,0.00211538,-31.454
8.008,-1.3,0.00241758,-31.2969
8.01,-1.3,0.00171245,-31.0091
8.012,-1.3,0.00100733,-30.8456
8.014,-1.3,0.00040293,-30.6466
8.016,-1.3,0.000302198,-30.4722
8.018,-1.3,0.000100733,-30.3592
8.02,-1.3,-0.00130952,-30.189
8.022,-1.3,-0.00171245,-30.0167
8.024,-1.3,-0.000906593,-29.9486
8.026,-1.3,-0.00120879,-29.8102
8.028,-1.3,-0.00151099,-29.7019
8.03,-1.3,-0.00161172,-29.6084
8.032,-1.3,-0.00382784,-29.5905
8.034,-1.3,-0.00352564,-29.5371
8.036,-1.3,-0.00271978,-29.4868
8.038,-1.3,-0.00342491,-29.4642
8.04,-1.3,-0.00302198,-29.4456
8.042,-1.3,-0.00322344,-29.4397
8.044,-1.3,-0.00221612,-29.4054
8.046,-1.3,-0.00302198,-29.3185
8.048,-1.3,-0.00181319,-29.3419
8.05,-1.3,-0.00282051,-29.2923
8.052,-1.3,-0.00413004,-29.3244
8.054,-1.3,-0.00352564,-29.1994
8.056,-1.3,-0.00362637,-29.2787
8.058,-1.3,-0.00332418,-29.1801
8.06,-1.3,-0.00392857,-29.3108
8.062,-1.3,-0.00332418,-29.2283
8.064,-1.3,-0.00302198,-29.2129
8.066,-1.3,-0.00342491,-29.1647
8.068,-1.3,-0.00282051,-29.1262
8.07,-1.3,-0.00423077,-29.1926
8.072,-1.3,-0.00392857,-29.1483
8.074,-1.3,-0.00392857,-29.1377
8.076,-1.3,-0.0040293,-29.1656
8.078,-1.3,-0.0046337,-29.0879
8.08,-1.3,-0.00483516,-29.1502
8.082,-1.3,-0.00392857,-29.1522
8.084,-1.3,-0.00352564,-29.1454
8.086,-1.3,-0.00322344,-29.1224
8.088,-1.3,-0.00413004,-29.0668
8.09,-1.3,-0.00483516,-29.1137
8.092,-1.3,-0.0052381,-29.1791
8.094,-1.3,-0.00372711,-29.1647
8.096,-1.3,-0.00352564,-29.2052
8.098,-1.3,-0.00423077,-29.1926
8.1,-1.3,-0.00483516,-29.2409
8.102,-1.3,-0.00372711,-29.2613
8.104,-1.3,-0.00352564,-29.2574
8.106,-1.3,-0.00312271,-29.2167
8.108,-1.3,-0.00392857,-29.1859
8.11,-1.3,-0.00443223,-29.1984
8.112,-1.3,-0.00382784,-29.1955
8.114,-1.3,-0.00352564,-29.2216
8.116,-1.3,-0.00292125,-29.181
8.118,-1.3,-0.00342491,-29.1897
8.12,-1.3,-0.00352564,-29.2003
8.122,-1.3,-0.00382784,-29.1917
8.124,-1.3,-0.00312271,-29.1099
8.126,-1.3,-0.00251832,-29.1454
8.128,-1.3,-0.00322344,-29.02
8.13,-1.3,-0.0040293,-28.9611
8.132,-1.3,-0.00382784,-29.0697
8.134,-1.3,-0.0043315,-28.9763
8.136,-1.3,-0.0043315,-29.0353
8.138,-1.3,-0.00392857,-28.8787
8.14,-1.3,-0.00362637,-29.0525
8.142,-1.3,-0.0046337,-28.9592
8.144,-1.3,-0.00372711,-28.9725
8.146,-1.3,-0.00372711,-28.8967
8.148,-1.3,-0.00382784,-28.8683
8.15,-1.3,-0.00453297,-28.9345
8.152,-1.3,-0.00382784,-28.926
8.154,-1.3,-0.0040293,-28.9535
8.156,-1.3,-0.00423077,-28.9858
8.158,-1.3,-0.0040293,-28.9392
8.16,-1.3,-0.00312271,-29.0153
8.162,-1.3,-0.00342491,-29.0115
8.164,-1.3,-0.00302198,-28.9972
8.166,-1.3,-0.0040293,-28.9639
8.168,-1.3,-0.00372711,-28.9345
8.17,-1.3,-0.00483516,-29.0229
8.172,-1.3,-0.00413004,-28.8646
8.174,-1.3,-0.00352564,-28.9972
8.176,-1.3,-0.00372711,-28.9886
8.178,-1.3,-0.00372711,-28.9772
8.18,-1.3,-0.00392857,-28.9867
8.182,-1.3,-0.00312271,-28.9649
8.184,-1.3,-0.00382784,-28.9449
8.186,-1.3,-0.00382784,-28.9858
8.188,-1.3,-0.00543956,-28.9677
8.19,-1.3,-0.0043315,-28.9516
8.192,-1.3,-0.00453297,-29.001
8.194,-1.3,-0.00372711,-29.0716
8.196,-1.3,-0.00423077,-29.0563
8.198,-1.3,-0.00453297,-29.0879
8.2,-1.3,-0.0040293,-29.1089
8.202,-1.3,-0.00413004,-29.0057
8.204,-1.3,-0.00302198,-29.1868
8.206,-1.3,-0.00362637,-29.1849
8.208,-1.3,-0.00533883,-29.2119
8.21,-1.3,-0.00423077,-29.2671
8.212,-1.3,-0.00382784,-29.2293
8.214,-1.3,-0.00413004,-29.2206
8.216,-1.3,-0.0040293,-29.2816
8.218,-1.3,-0.0043315,-29.27
8.22,-1.3,-0.00362637,-29.3419
8.222,-1.3,-0.00362637,-29.238
8.224,-1.3,-0.00292125,-29.2952
8.226,-1.3,-0.00261905,-29.2283
8.228,-1.3,-0.00483516,-29.2429
8.23,-1.3,-0.00352564,-29.2283
8.232,-1.3,-0.00413004,-29.1897
8.234,-1.3,-0.00332418,-29.1965
8.236,-1.3,-0.00392857,-29.1753
8.238,-1.3,-0.00352564,-29.2254
8.24,-1.3,-0.00342491,-29.0754
8.242,-1.3,-0.00271978,-29.063
8.244,-1.3,-0.00342491,-29.0706
8.246,-1.3,-0.00322344,-29.0248
8.248,-1.3,-0.0043315,-29.0534
8.25,-1.3,-0.00413004,-29.0467
8.252,-1.3,-0.00372711,-29.0439
8.254,-1.3,-0.00302198,-29.0229
8.256,-1.3,-0.00392857,-29.0611
8.258,-1.3,-0.00453297,-29.1061
8.26,-1.3,-0.00322344,-29.1061
8.262,-1.3,-0.00282051,-29.0467
8.264,-1.3,-0.00382784,-29.0315
8.266,-1.3,-0.00302198,-29.063
8.268,-1.3,-0.00443223,-29.1089
8.27,-1.3,-0.00332418,-29.0048
8.272,-1.3,-0.00382784,-29.0936
8.274,-1.3,-0.00362637,-29.0143
8.276,-1.3,-0.00443223,-29.1541
8.278,-1.3,-0.00473443,-29.0898
8.28,-1.3,-0.00362637,-29.0725
8.282,-1.3,-0.00312271,-29.0391
8.284,-1.3,-0.00342491,-29.0048
8.286,-1.3,-0.0046337,-29.0706
8.288,-1.3,-0.00513736,-29.0315
8.29,-1.3,-0.00423077,-29.0353
8.292,-1.3,-0.00372711,-29.0687
8.294,-1.3,-0.0043315,-29.0019
8.296,-1.3,-0.00513736,-29.0802
8.298,-1.3,-0.0040293,-29.0773
8.3,-1.3,-0.00362637,-29.0764
8.302,-1.3,-0.00372711,-29.0592
8.304,-1.3,-0.0046337,-29.0143
8.306,-1.3,-0.00453297,-29.0649
8.308,-1.3,-0.0049359,-29.1397
8.31,-1.3,-0.00443223,-29.1416
8.312,-1.3,-0.00443223,-29.1772
8.314,-1.3,-0.00423077,-29.1782
8.316,-1.3,-0.00423077,-29.2322
8.318,-1.3,-0.00302198,-29.2545
8.32,-1.3,-0.00342491,-29.2312
8.322,-1.3,-0.00322344,-29.211
8.324,-1.3,-0.00292125,-29.1965
8.326,-1.3,-0.00322344,-29.21
8.328,-1.3,-0.00352564,-29.2274
8.33,-1.3,-0.00302198,-29.2429
8.332,-1.3,-0.00382784,-29.2013
8.334,-1.3,-0.00352564,-29.2052
8.336,-1.3,-0.00352564,-29.1791
8.338,-1.3,-0.00312271,-29.2032
8.34,-1.3,-0.00292125,-29.1329
8.342,-1.3,-0.00342491,-29.1618
8.344,-1.3,-0.00342491,-28.8683
8.346,-1.3,-0.00392857,-28.9763
8.348,-1.3,-0.00413004,-29.0917
8.35,-1.3,-0.00392857,-28.9886
8.352,-1.3,-0.00332418,-29.0506
8.354,-1.3,-0.00483516,-28.8919
8.356,-1.3,-0.00483516,-29.0783
8.358,-1.3,-0.00392857,-28.9317
8.36,-1.3,-0.00352564,-28.9981
8.362,-1.3,-0.00292125,-28.9241
8.364,-1.3,-0.00352564,-28.9004
8.366,-1.3,-0.00453297,-28.9677
8.368,-1.3,-0.00372711,-28.9611
8.37,-1.3,-0.00352564,-28.9972
8.372,-1.3,-0.00372711,-28.9658
8.374,-1.3,-0.00362637,-28.9791
8.376,-1.3,-0.0040293,-29.0553
8.378,-1.3,-0.00352564,-29.0582
8.38,-1.3,-0.00413004,-29.0353
8.382,-1.3,-0.00352564,-29.0115
8.384,-1.3,-0.00352564,-28.9744
8.386,-1.3,-0.00453297,-29.0592
8.388,-1.3,-0.00352564,-28.8985
8.39,-1.3,-0.00322344,-29.0219
8.392,-1.3,-0.00372711,-29.0181
8.394,-1.3,-0.0040293,-29.0048
8.396,-1.3,-0.00453297,-29.0143
8.398,-1.3,-0.00342491,-28.9877
8.4,-1.3,-0.00352564,-28.9668
8.402,-1.3,-0.00352564,-29.0057
8.404,-1.3,-0.00574176,-28.9953
8.406,-1.3,-0.0049359,-28.9696
8.408,-1.3,-0.0040293,-29.0229
8.41,-1.3,-0.00312271,-29.0927
8.412,-1.3,-0.00453297,-29.0773
8.414,-1.3,-0.0043315,-29.1003
8.416,-1.3,-0.0043315,-29.1349
8.418,-1.3,-0.0043315,-29.0296
8.42,-1.3,-0.00332418,-29.21
8.422,-1.3,-0.00302198,-29.21
8.424,-1.3,-0.00443223,-29.2371
8.426,-1.3,-0.00322344,-29.2816
8.428,-1.3,-0.0043315,-29.2516
8.43,-1.3,-0.00302198,-29.2341
8.432,-1.3,-0.0040293,-29.2865
8.434,-1.3,-0.00453297,-29.2768
8.436,-1.3,-0.00332418,-29.3507
8.438,-1.3,-0.00292125,-29.2477
8.44,-1.3,-0.00231685,-29.2972
8.442,-1.3,-0.00282051,-29.2438
8.444,-1.3,-0.0043315,-29.2419
8.446,-1.3,-0.00372711,-29.238
8.448,-1.3,-0.00332418,-29.1936
8.45,-1.3,-0.00362637,-29.1974
8.452,-1.3,-0.00423077,-29.1762
8.454,-1.3,-0.00352564,-29.2438
8.456,-1.3,-0.00292125,-29.0955
8.458,-1.3,-0.00332418,-29.1387
8.46,-1.3,-0.00302198,-29.0936
8.462,-1.3,-0.00322344,-29.0582
8.464,-1.3,-0.00382784,-29.0898
8.466,-1.3,-0.00423077,-29.0888
8.468,-1.3,-0.00372711,-29.0831
8.47,-1.3,-0.00322344,-29.0735
8.472,-1.3,-0.00372711,-29.1089
8.474,-1.3,-0.00352564,-29.1618
8.476,-1.3,-0.00261905,-29.1579
8.478,-1.3,-0.00332418,-29.0994
8.48,-1.3,-0.00332418,-29.0812
8.482,-1.3,-0.00271978,-29.1214
8.484,-1.3,-0.00443223,-29.1666
8.486,-1.3,-0.00372711,-29.0611
8.488,-1.3,-0.00443223,-29.1464
8.49,-1.3,-0.0043315,-29.0678
8.492,-1.3,-0.00453297,-29.2119
8.494,-1.3,-0.00312271,-29.1368
8.496,-1.3,-0.00332418,-29.1272
8.498,-1.3,-0.00413004,-29.0974
8.5,-1.3,-0.00382784,-29.0611
8.502,-1.3,-0.00453297,-29.1272
8.504,-1.3,-0.00543956,-29.1253
8.506,-1.3,-0.00503663,-29.0888
8.508,-1.3,-0.00372711,-29.1176
8.51,-1.3,-0.00372711,-29.0458
8.512,-1.3,-0.00513736,-29.1176
8.514,-1.3,-0.0049359,-29.1243
8.516,-1.3,-0.0040293,-29.1214
8.518,-1.3,-0.00392857,-29.0946
8.52,-1.3,-0.0040293,-29.0735
8.522,-1.3,-0.0043315,-29.0994
8.524,-1.3,-0.0040293,-29.1627
8.526,-1.3,-0.0040293,-29.1599
8.528,-1.3,-0.00473443,-29.1493
8.53,-1.3,-0.0043315,-29.1859
8.532,-1.3,-0.00453297,-29.239
8.534,-1.3,-0.00362637,-29.2632
8.536,-1.3,-0.00292125,-29.2613
8.538,-1.3,-0.00312271,-29.2235
8.54,-1.3,-0.00342491,-29.1945
8.542,-1.3,-0.00503663,-29.2032
8.544,-1.3,-0.00423077,-29.2158
8.546,-1.3,-0.00322344,-29.2448
8.548,-1.3,-0.00372711,-29.2042
8.55,-1.3,-0.00382784,-29.211
8.552,-1.3,-0.00302198,-29.2283
8.554,-1.3,-0.00251832,-29.1733
8.556,-1.3,-0.00322344,-29.1416
8.558,-1.3,-0.00332418,-29.1791
8.56,-1.3,-0.00413004,-29.0467
8.562,-1.3,-0.00413004,-28.9915
8.564,-1.3,-0.00342491,-29.108
8.566,-1.3,-0.00322344,-29.0067
8.568,-1.3,-0.00423077,-28.9345
8.57,-1.3,-0.0040293,-28.9203
8.572,-1.3,-0.00392857,-29.0946
8.574,-1.3,-0.00352564,-28.9962
8.576,-1.3,-0.00312271,-28.9288
8.578,-1.3,-0.00342491,-28.9392
8.58,-1.3,-0.00332418,-28.9231
8.582,-1.3,-0.00382784,-28.9658
8.584,-1.3,-0.00282051,-28.9763
8.586,-1.3,-0.00322344,-29.0057
8.588,-1.3,-0.00372711,-29.0362
8.59,-1.3,-0.00362637,-29.0143
8.592,-1.3,-0.0040293,-29.0716
8.594,-1.3,-0.00332418,-29.0639
8.596,-1.3,-0.00241758,-29.0353
8.598,-1.3,-0.00251832,-28.9943
8.6,-1.3,-0.00342491,-28.9886
8.602,-1.3,-0.0049359,-29.0792
8.604,-1.3,-0.00332418,-29.0869
8.606,-1.3,-0.00382784,-29.0343
8.608,-1.3,-0.00392857,-29.0324
8.61,-1.3,-0.00453297,-29.0172
8.612,-1.3,-0.00423077,-29.0057
8.614,-1.3,-0.00392857,-29.0076
8.616,-1.3,-0.00483516,-28.9867
8.618,-1.3,-0.00392857,-29.0086
8.62,-1.3,-0.00554029,-29.0362
8.622,-1.3,-0.00473443,-28.9839
8.624,-1.3,-0.0046337,-29.0429
8.626,-1.3,-0.00352564,-29.0124
8.628,-1.3,-0.00392857,-29.0965
8.63,-1.3,-0.00513736,-29.1291
8.632,-1.3,-0.00392857,-29.1637
8.634,-1.3,-0.00372711,-29.2274
8.636,-1.3,-0.00413004,-29.2409
8.638,-1.3,-0.00453297,-29.2361
8.64,-1.3,-0.0046337,-29.2777
8.642,-1.3,-0.00302198,-29.2729
8.644,-1.3,-0.00332418,-29.3263
8.646,-1.3,-0.00312271,-29.2671
8.648,-1.3,-0.00392857,-29.3312
8.65,-1.3,-0.00443223,-29.4044
8.652,-1.3,-0.00302198,-29.3565
8.654,-1.3,-0.00312271,-29.2894
8.656,-1.3,-0.00372711,-29.3429
8.658,-1.3,-0.00312271,-29.2894
8.66,-1.3,-0.00453297,-29.2739
8.662,-1.3,-0.0040293,-29.2371
8.664,-1.3,-0.00372711,-29.2235
8.666,-1.3,-0.00392857,-29.2196
8.668,-1.3,-0.00302198,-29.1579
8.67,-1.3,-0.00352564,-29.1714
8.672,-1.3,-0.00362637,-29.1109
8.674,-1.3,-0.00322344,-29.1483
8.676,-1.3,-0.00312271,-29.0697
8.678,-1.3,-0.00352564,-29.0735
8.68,-1.3,-0.00453297,-29.0965
8.682,-1.3,-0.00392857,-29.0649
8.684,-1.3,-0.0043315,-29.0974
8.686,-1.3,-0.00372711,-29.0917
8.688,-1.3,-0.00413004,-29.1042
8.69,-1.3,-0.00362637,-29.132
8.692,-1.3,-0.00292125,-29.1214
8.694,-1.3,-0.00332418,-29.1685
8.696,-1.3,-0.00332418,-29.0821
8.698,-1.3,-0.00342491,-29.1416
8.7,-1.3,-0.00483516,-29.1589
8.702,-1.3,-0.00392857,-29.1695
8.704,-1.3,-0.0043315,-29.1291
8.706,-1.3,-0.00352564,-29.1329
8.708,-1.3,-0.00473443,-29.1281
8.71,-1.3,-0.00362637,-29.1281
8.712,-1.3,-0.00382784,-29.1147
8.714,-1.3,-0.00342491,-29.1185
8.716,-1.3,-0.00382784,-29.0506
8.718,-1.3,-0.00413004,-29.108
8.72,-1.3,-0.00483516,-29.1118
8.722,-1.3,-0.00503663,-29.0553
8.724,-1.3,-0.00382784,-29.0687
8.726,-1.3,-0.00473443,-29.0258
8.728,-1.3,-0.00543956,-29.0974
8.73,-1.3,-0.00392857,-29.0706
8.732,-1.3,-0.0043315,-29.0773
8.734,-1.3,-0.00392857,-29.0716
8.736,-1.3,-0.00392857,-29.0458
8.738,-1.3,-0.00533883,-29.0267
8.74,-1.3,-0.00513736,-29.0879
8.742,-1.3,-0.00362637,-29.1339
8.744,-1.3,-0.00533883,-29.1253
8.746,-1.3,-0.00473443,-29.2148
8.748,-1.3,-0.0040293,-29.1994
8.75,-1.3,-0.00372711,-29.2341
8.752,-1.3,-0.00312271,-29.2322
8.754,-1.3,-0.00423077,-29.1666
8.756,-1.3,-0.00382784,-29.24
8.758,-1.3,-0.00392857,-29.1782
8.76,-1.3,-0.00352564,-29.1839
8.762,-1.3,-0.00372711,-29.2409
8.764,-1.3,-0.00392857,-29.1358
8.766,-1.3,-0.00443223,-29.183
8.768,-1.3,-0.00413004,-29.1926
8.77,-1.3,-0.00332418,-29.1339
8.772,-1.3,-0.00352564,-29.0831
8.774,-1.3,-0.00382784,-29.1445
8.776,-1.3,-0.00423077,-29.0248
8.778,-1.3,-0.00392857,-28.9326
8.78,-1.3,-0.00362637,-28.9061
8.782,-1.3,-0.00372711,-28.9782
8.784,-1.3,-0.00342491,-28.8995
8.786,-1.3,-0.0043315,-29.0267
8.788,-1.3,-0.00413004,-29.0592
8.79,-1.3,-0.00332418,-28.9611
8.792,-1.3,-0.00332418,-28.8985
8.794,-1.3,-0.00302198,-28.9279
8.796,-1.3,-0.00372711,-28.8881
8.798,-1.3,-0.00423077,-28.943
8.8,-1.3,-0.00302198,-29
8.802,-1.3,-0.00312271,-28.9801
8.804,-1.3,-0.00392857,-29.0162
8.806,-1.3,-0.00282051,-28.9848
8.808,-1.3,-0.00342491,-28.9896
8.81,-1.3,-0.00332418,-29.0487
8.812,-1.3,-0.00292125,-29.0057
8.814,-1.3,-0.00413004,-28.9668
8.816,-1.3,-0.0043315,-29
8.818,-1.3,-0.00413004,-29.0391
8.82,-1.3,-0.00372711,-29.0439
8.822,-1.3,-0.00372711,-28.9355
8.824,-1.3,-0.0046337,-28.9829
8.826,-1.3,-0.00443223,-28.981
8.828,-1.3,-0.0040293,-28.9611
8.83,-1.3,-0.00292125,-29.0076
8.832,-1.3,-0.00382784,-28.9317
8.834,-1.3,-0.00423077,-28.9563
8.836,-1.3,-0.00564103,-28.9772
8.838,-1.3,-0.00473443,-28.9336
8.84,-1.3,-0.00423077,-28.9896
8.842,-1.3,-0.00413004,-28.9516
8.844,-1.3,-0.00423077,-29.0086
8.846,-1.3,-0.00503663,-29.0687
8.848,-1.3,-0.0043315,-29.1013
8.85,-1.3,-0.00352564,-29.1608
8.852,-1.3,-0.00423077,-29.108
8.854,-1.3,-0.00392857,-29.1801
8.856,-1.3,-0.00473443,-29.2071
8.858,-1.3,-0.00413004,-29.1974
8.86,-1.3,-0.00302198,-29.2622
8.862,-1.3,-0.00372711,-29.2003
8.864,-1.3,-0.00362637,-29.2613
8.866,-1.3,-0.00372711,-29.3322
8.868,-1.3,-0.00352564,-29.2836
8.87,-1.3,-0.00282051,-29.2448
8.872,-1.3,-0.00362637,-29.2739
8.874,-1.3,-0.00362637,-29.21
8.876,-1.3,-0.00423077,-29.2167
8.878,-1.3,-0.00261905,-29.1782
8.88,-1.3,-0.00392857,-29.1647
8.882,-1.3,-0.00392857,-29.1685
8.884,-1.3,-0.00362637,-29.1195
8.886,-1.3,-0.00443223,-29.1253
8.888,-1.3,-0.00241758,-29.0687
8.89,-1.3,-0.00312271,-29.107
8.892,-1.3,-0.00332418,-29.0334
8.894,-1.3,-0.0040293,-29.0439
8.896,-1.3,-0.00483516,-29.0659
8.898,-1.3,-0.00392857,-29.0391
8.9,-1.3,-0.0040293,-29.0764
8.902,-1.3,-0.00372711,-29.0458
8.904,-1.3,-0.00423077,-29.0859
8.906,-1.3,-0.00443223,-29.1118
8.908,-1.3,-0.00302198,-29.1032
8.91,-1.3,-0.00282051,-29.0898
8.912,-1.3,-0.00292125,-29.0735
8.914,-1.3,-0.00312271,-29.1358
8.916,-1.3,-0.00413004,-29.1541
8.918,-1.3,-0.00362637,-29.0611
8.92,-1.3,-0.00322344,-29.1339
8.922,-1.3,-0.00413004,-29.1493
8.924,-1.3,-0.0046337,-29.1435
8.926,-1.3,-0.00382784,-29.1339
8.928,-1.3,-0.00413004,-29.131
8.93,-1.3,-0.00392857,-29.1301
8.932,-1.3,-0.00342491,-29.062
8.934,-1.3,-0.00352564,-29.1166
8.936,-1.3,-0.00453297,-29.1147
8.938,-1.3,-0.00443223,-29.0582
8.94,-1.3,-0.00443223,-29.0678
8.942,-1.3,-0.00423077,-29.0343
8.944,-1.3,-0.00483516,-29.1032
8.946,-1.3,-0.00473443,-29.0706
8.948,-1.3,-0.00362637,-29.0936
8.95,-1.3,-0.00382784,-29.0783
8.952,-1.3,-0.00382784,-29.0592
8.954,-1.3,-0.00503663,-29.0362
8.956,-1.3,-0.00543956,-29.1099
8.958,-1.3,-0.0046337,-29.1531
8.96,-1.3,-0.00423077,-29.1474
8.962,-1.3,-0.00342491,-29.239
8.964,-1.3,-0.00453297,-29.2293
8.966,-1.3,-0.00282051,-29.2642
8.968,-1.3,-0.00352564,-29.2564
8.97,-1.3,-0.00302198,-29.1974
8.972,-1.3,-0.00362637,-29.2719
8.974,-1.3,-0.00413004,-29.2023
8.976,-1.3,-0.00312271,-29.21
8.978,-1.3,-0.00332418,-29.271
8.98,-1.3,-0.00342491,-29.1627
8.982,-1.3,-0.00372711,-29.2061
8.984,-1.3,-0.00392857,-29.2225
8.986,-1.3,-0.00271978,-29.1637
8.988,-1.3,-0.00302198,-29.1099
8.99,-1.3,-0.00221612,-29.1714
8.992,-1.3,-0.00352564,-29.0401
8.994,-1.3,-0.0040293,-28.9459
8.996,-1.3,-0.00322344,-28.908
8.998,-1.3,-0.00392857,-28.9905
9,-1.2,-0.00372711,-28.9071
9.002,-1.2,0.00312271,-28.8542
9.004,-1.2,0.00201465,-28.6586
9.006,-1.2,0.00201465,-28.2943
9.008,-1.2,0.00181319,-27.9904
9.01,-1.2,0.000302198,-27.8378
9.012,-1.2,-0.000201465,-27.6142
9.014,-1.2,-0.00110806,-27.5428
9.016,-1.2,-0.000201465,-27.3917
9.018,-1.2,-0.000805861,-27.3121
9.02,-1.2,-0.00130952,-27.1626
9.022,-1.2,-0.00130952,-27.1293
9.024,-1.2,-0.00211538,-27.0288
9.026,-1.2,-0.00120879,-26.981
9.028,-1.2,-0.00251832,-26.8849
9.03,-1.2,-0.00221612,-26.805
9.032,-1.2,-0.00231685,-26.728
9.034,-1.2,-0.00352564,-26.7158
9.036,-1.2,-0.00282051,-26.5202
9.038,-1.2,-0.00312271,-26.6723
9.04,-1.2,-0.00322344,-26.5944
9.042,-1.2,-0.00271978,-26.5457
9.044,-1.2,-0.00342491,-26.5106
9.046,-1.2,-0.00312271,-26.5289
9.048,-1.2,-0.00302198,-26.517
9.05,-1.2,-0.0043315,-26.4408
9.052,-1.2,-0.00352564,-26.4076
9.054,-1.2,-0.00342491,-26.3808
9.056,-1.2,-0.00483516,-26.3879
9.058,-1.2,-0.00392857,-26.3808
9.06,-1.2,-0.00392857,-26.3958
9.062,-1.2,-0.0040293,-26.3533
9.064,-1.2,-0.0040293,-26.4211
9.066,-1.2,-0.00543956,-26.4329
9.068,-1.2,-0.00413004,-26.5027
9.07,-1.2,-0.00382784,-26.5305
9.072,-1.2,-0.00302198,-26.4226
9.074,-1.2,-0.00332418,-26.4963
9.076,-1.2,-0.00342491,-26.4971
9.078,-1.2,-0.0043315,-26.5258
9.08,-1.2,-0.00392857,-26.5401
9.082,-1.2,-0.00292125,-26.584
9.084,-1.2,-0.00332418,-26.5345
9.086,-1.2,-0.00382784,-26.5473
9.088,-1.2,-0.0040293,-26.5696
9.09,-1.2,-0.00332418,-26.5712
9.092,-1.2,-0.00221612,-26.6128
9.094,-1.2,-0.00292125,-26.5258
9.096,-1.2,-0.00282051,-26.5289
9.098,-1.2,-0.00362637,-26.5138
9.1,-1.2,-0.00413004,-26.5202
9.102,-1.2,-0.00312271,-26.4749
9.104,-1.2,-0.0040293,-26.4598
9.106,-1.2,-0.00322344,-26.4574
9.108,-1.2,-0.00443223,-26.4297
9.11,-1.2,-0.00423077,-26.3761
9.112,-1.2,-0.00382784,-26.4021
9.114,-1.2,-0.00352564,-26.3368
9.116,-1.2,-0.00312271,-26.3313
9.118,-1.2,-0.00332418,-26.3156
9.12,-1.2,-0.00342491,-26.2937
9.122,-1.2,-0.00443223,-26.2812
9.124,-1.2,-0.00423077,-26.3023
9.126,-1.2,-0.00372711,-26.3423
9.128,-1.2,-0.00392857,-26.3172
9.13,-1.2,-0.0043315,-26.3769
9.132,-1.2,-0.00342491,-26.4147
9.134,-1.2,-0.00332418,-26.3942
9.136,-1.2,-0.00302198,-26.4187
9.138,-1.2,-0.00322344,-26.4116
9.14,-1.2,-0.00221612,-26.4068
9.142,-1.2,-0.00342491,-26.3879
9.144,-1.2,-0.00392857,-26.4345
9.146,-1.2,-0.00372711,-26.4551
9.148,-1.2,-0.00271978,-26.4297
9.15,-1.2,-0.00372711,-26.3604
9.152,-1.2,-0.00372711,-26.4924
9.154,-1.2,-0.00372711,-26.4939
9.156,-1.2,-0.00372711,-26.4749
9.158,-1.2,-0.0040293,-26.395
9.16,-1.2,-0.00332418,-26.3462
9.162,-1.2,-0.00342491,-26.4053
9.164,-1.2,-0.00382784,-26.3462
9.166,-1.2,-0.00453297,-26.3549
9.168,-1.2,-0.00423077,-26.3556
9.17,-1.2,-0.00473443,-26.3903
9.172,-1.2,-0.00413004,-26.3195
9.174,-1.2,-0.00453297,-26.384
9.176,-1.2,-0.0046337,-26.3887
9.178,-1.2,-0.0040293,-26.3745
9.18,-1.2,-0.00392857,-26.3431
9.182,-1.2,-0.00352564,-26.3344
9.184,-1.2,-0.00342491,-26.3643
9.186,-1.2,-0.00513736,-26.4369
9.188,-1.2,-0.00443223,-26.399
9.19,-1.2,-0.0040293,-26.4408
9.192,-1.2,-0.00382784,-26.4329
9.194,-1.2,-0.00322344,-26.4749
9.196,-1.2,-0.00503663,-26.5561
9.198,-1.2,-0.00443223,-26.5385
9.2,-1.2,-0.00342491,-26.5297
9.202,-1.2,-0.00342491,-26.5281
9.204,-1.2,-0.00372711,-26.5449
9.206,-1.2,-0.00322344,-26.4892
9.208,-1.2,-0.0040293,-26.5568
9.21,-1.2,-0.00362637,-26.4924
9.212,-1.2,-0.00261905,-26.5465
9.214,-1.2,-0.00342491,-26.4836
9.216,-1.2,-0.0043315,-26.4781
9.218,-1.2,-0.0043315,-26.4701
9.22,-1.2,-0.00292125,-26.4456
9.222,-1.2,-0.00312271,-26.4139
9.224,-1.2,-0.00352564,-26.3635
9.226,-1.2,-0.00392857,-26.3863
9.228,-1.2,-0.00413004,-26.3399
9.23,-1.2,-0.00392857,-26.5138
9.232,-1.2,-0.00362637,-26.225
9.234,-1.2,-0.00352564,-26.2843
9.236,-1.2,-0.00382784,-26.3368
9.238,-1.2,-0.00342491,-26.2025
9.24,-1.2,-0.00423077,-26.2515
9.242,-1.2,-0.00362637,-26.3156
9.244,-1.2,-0.00312271,-26.2375
9.246,-1.2,-0.00302198,-26.2945
9.248,-1.2,-0.00372711,-26.2382
9.25,-1.2,-0.00413004,-26.2796
9.252,-1.2,-0.00352564,-26.2554
9.254,-1.2,-0.00312271,-26.3203
9.256,-1.2,-0.00302198,-26.2992
9.258,-1.2,-0.00292125,-26.2773
9.26,-1.2,-0.00392857,-26.2859
9.262,-1.2,-0.00362637,-26.347
9.264,-1.2,-0.00332418,-26.3509
9.266,-1.2,-0.00382784,-26.2968
9.268,-1.2,-0.00312271,-26.3282
9.27,-1.2,-0.00342491,-26.2859
9.272,-1.2,-0.00443223,-26.3172
9.274,-1.2,-0.00372711,-26.166
9.276,-1.2,-0.00362637,-26.3533
9.278,-1.2,-0.00392857,-26.3023
9.28,-1.2,-0.00413004,-26.2937
9.282,-1.2,-0.00322344,-26.282
9.284,-1.2,-0.00473443,-26.3164
9.286,-1.2,-0.00413004,-26.3203
9.288,-1.2,-0.00372711,-26.2671
9.29,-1.2,-0.00342491,-26.2515
9.292,-1.2,-0.00423077,-26.2351
9.294,-1.2,-0.0046337,-26.2554
9.296,-1.2,-0.0052381,-26.2601
9.298,-1.2,-0.00453297,-26.2812
9.3,-1.2,-0.00423077,-26.3541
9.302,-1.2,-0.00443223,-26.3431
9.304,-1.2,-0.0046337,-26.3556
9.306,-1.2,-0.00392857,-26.4037
9.308,-1.2,-0.00342491,-26.4765
9.31,-1.2,-0.00302198,-26.3745
9.312,-1.2,-0.00392857,-26.4535
9.314,-1.2,-0.00392857,-26.463
9.316,-1.2,-0.0043315,-26.5003
9.318,-1.2,-0.00282051,-26.521
9.32,-1.2,-0.00382784,-26.5784
9.322,-1.2,-0.00352564,-26.5226
9.324,-1.2,-0.00342491,-26.5369
9.326,-1.2,-0.00332418,-26.568
9.328,-1.2,-0.00282051,-26.5744
9.33,-1.2,-0.00211538,-26.616
9.332,-1.2,-0.00322344,-26.5313
9.334,-1.2,-0.00413004,-26.525
9.336,-1.2,-0.00352564,-26.5273
9.338,-1.2,-0.00443223,-26.521
9.34,-1.2,-0.0040293,-26.4781
9.342,-1.2,-0.00362637,-26.463
9.344,-1.2,-0.00322344,-26.4005
9.346,-1.2,-0.00392857,-26.4337
9.348,-1.2,-0.0040293,-26.3879
9.35,-1.2,-0.00342491,-26.4416
9.352,-1.2,-0.00352564,-26.3431
9.354,-1.2,-0.00312271,-26.3391
9.356,-1.2,-0.00352564,-26.3282
9.358,-1.2,-0.00362637,-26.3093
9.36,-1.2,-0.00473443,-26.2952
9.362,-1.2,-0.00423077,-26.3164
9.364,-1.2,-0.00352564,-26.3439
9.366,-1.2,-0.0040293,-26.3305
9.368,-1.2,-0.00302198,-26.3871
9.37,-1.2,-0.00352564,-26.4084
9.372,-1.2,-0.00271978,-26.4068
9.374,-1.2,-0.00302198,-26.4147
9.376,-1.2,-0.00261905,-26.4139
9.378,-1.2,-0.00362637,-26.384
9.38,-1.2,-0.00362637,-26.3753
9.382,-1.2,-0.00443223,-26.4313
9.384,-1.2,-0.00342491,-26.3368
9.386,-1.2,-0.00352564,-26.41
9.388,-1.2,-0.00362637,-26.3391
9.39,-1.2,-0.0040293,-26.3926
9.392,-1.2,-0.00413004,-26.4717
9.394,-1.2,-0.00271978,-26.4487
9.396,-1.2,-0.00372711,-26.3777
9.398,-1.2,-0.00322344,-26.3297
9.4,-1.2,-0.00342491,-26.3879
9.402,-1.2,-0.00453297,-26.3321
9.404,-1.2,-0.0049359,-26.3942
9.406,-1.2,-0.00423077,-26.3446
9.408,-1.2,-0.00413004,-26.3761
9.41,-1.2,-0.0049359,-26.3344
9.412,-1.2,-0.00483516,-26.3722
9.414,-1.2,-0.00413004,-26.3753
9.416,-1.2,-0.0046337,-26.3588
9.418,-1.2,-0.0040293,-26.3431
9.42,-1.2,-0.0043315,-26.314
9.422,-1.2,-0.00362637,-26.3391
9.424,-1.2,-0.00564103,-26.3046
9.426,-1.2,-0.00453297,-26.3596
9.428,-1.2,-0.00342491,-26.395
9.43,-1.2,-0.00302198,-26.425
9.432,-1.2,-0.00413004,-26.4195
9.434,-1.2,-0.0049359,-26.5067
9.436,-1.2,-0.00413004,-26.486
9.438,-1.2,-0.00382784,-26.4701
9.44,-1.2,-0.0043315,-26.4654
9.442,-1.2,-0.00332418,-26.4765
9.444,-1.2,-0.00342491,-26.4789
9.446,-1.2,-0.00473443,-26.4765
9.448,-1.2,-0.00332418,-26.4124
9.45,-1.2,-0.00413004,-26.444
9.452,-1.2,-0.00282051,-26.4013
9.454,-1.2,-0.00271978,-26.3895
9.456,-1.2,-0.00443223,-26.3903
9.458,-1.2,-0.00413004,-26.3635
9.46,-1.2,-0.00282051,-26.3258
9.462,-1.2,-0.00322344,-26.2976
9.464,-1.2,-0.0043315,-26.1281
9.466,-1.2,-0.00362637,-26.2601
9.468,-1.2,-0.00483516,-26.1714
9.47,-1.2,-0.0046337,-26.2898
9.472,-1.2,-0.00372711,-26.2001
9.474,-1.2,-0.00423077,-26.2554
9.476,-1.2,-0.00302198,-26.1606
9.478,-1.2,-0.00473443,-26.1018
9.48,-1.2,-0.0043315,-26.2328
9.482,-1.2,-0.0040293,-26.1598
9.484,-1.2,-0.00312271,-26.1582
9.486,-1.2,-0.00423077,-26.1776
9.488,-1.2,-0.00362637,-26.2087
9.49,-1.2,-0.00382784,-26.197
9.492,-1.2,-0.00372711,-26.2025
9.494,-1.2,-0.00352564,-26.2382
9.496,-1.2,-0.00312271,-26.2172
9.498,-1.2,-0.00282051,-26.2726
9.5,-1.2,-0.00322344,-26.2546
9.502,-1.2,-0.00322344,-26.2929
9.504,-1.2,-0.00302198,-26.257
9.506,-1.2,-0.00322344,-26.2297
9.508,-1.2,-0.00322344,-26.225
9.51,-1.2,-0.0040293,-26.2679
9.512,-1.2,-0.0040293,-26.2976
9.514,-1.2,-0.00352564,-26.1513
9.516,-1.2,-0.0040293,-26.2687
9.518,-1.2,-0.00332418,-26.2312
9.52,-1.2,-0.00322344,-26.2741
9.522,-1.2,-0.00443223,-26.257
9.524,-1.2,-0.00443223,-26.3086
9.526,-1.2,-0.00352564,-26.2531
9.528,-1.2,-0.00423077,-26.289
9.53,-1.2,-0.00352564,-26.2546
9.532,-1.2,-0.00453297,-26.278
9.534,-1.2,-0.00513736,-26.2328
9.536,-1.2,-0.00473443,-26.2898
9.538,-1.2,-0.0040293,-26.3564
9.54,-1.2,-0.00443223,-26.3211
9.542,-1.2,-0.0043315,-26.3832
9.544,-1.2,-0.00413004,-26.399
9.546,-1.2,-0.00342491,-26.4543
9.548,-1.2,-0.00302198,-26.5106
9.55,-1.2,-0.00392857,-26.4029
9.552,-1.2,-0.00342491,-26.4337
9.554,-1.2,-0.0043315,-26.4971
9.556,-1.2,-0.00292125,-26.5425
9.558,-1.2,-0.00362637,-26.509
9.56,-1.2,-0.00312271,-26.6008
9.562,-1.2,-0.00352564,-26.5186
9.564,-1.2,-0.00382784,-26.5776
9.566,-1.2,-0.00372711,-26.5872
9.568,-1.2,-0.00362637,-26.5194
9.57,-1.2,-0.00241758,-26.58
9.572,-1.2,-0.00292125,-26.5019
9.574,-1.2,-0.0040293,-26.5043
9.576,-1.2,-0.00342491,-26.5082
9.578,-1.2,-0.0040293,-26.4939
9.58,-1.2,-0.00352564,-26.4701
9.582,-1.2,-0.00372711,-26.3958
9.584,-1.2,-0.0040293,-26.4321
9.586,-1.2,-0.00483516,-26.4218
9.588,-1.2,-0.00342491,-26.3635
9.59,-1.2,-0.00322344,-26.4163
9.592,-1.2,-0.00332418,-26.3164
9.594,-1.2,-0.00362637,-26.2976
9.596,-1.2,-0.00362637,-26.2992
9.598,-1.2,-0.00423077,-26.3195
9.6,-1.2,-0.00342491,-26.318
9.602,-1.2,-0.00362637,-26.2859
9.604,-1.2,-0.00352564,-26.3329
9.606,-1.2,-0.00423077,-26.3109
9.608,-1.2,-0.00443223,-26.3871
9.61,-1.2,-0.00352564,-26.3737
9.612,-1.2,-0.00322344,-26.3635
9.614,-1.2,-0.00292125,-26.399
9.616,-1.2,-0.00302198,-26.3415
9.618,-1.2,-0.00382784,-26.3722
9.62,-1.2,-0.0040293,-26.3974
9.622,-1.2,-0.00423077,-26.3997
9.624,-1.2,-0.00392857,-26.38
9.626,-1.2,-0.00342491,-26.3856
9.628,-1.2,-0.00453297,-26.3093
9.63,-1.2,-0.00382784,-26.3753
9.632,-1.2,-0.0040293,-26.3289
9.634,-1.2,-0.00413004,-26.3926
9.636,-1.2,-0.00312271,-26.3274
9.638,-1.2,-0.00261905,-26.2851
9.64,-1.2,-0.00423077,-26.3391
9.642,-1.2,-0.0046337,-26.3054
9.644,-1.2,-0.00533883,-26.2992
9.646,-1.2,-0.00423077,-26.2655
9.648,-1.2,-0.00423077,-26.3305
9.65,-1.2,-0.00413004,-26.3117
9.652,-1.2,-0.00443223,-26.3352
9.654,-1.2,-0.00413004,-26.3329
9.656,-1.2,-0.00382784,-26.3164
9.658,-1.2,-0.00372711,-26.2952
9.66,-1.2,-0.00352564,-26.3125
9.662,-1.2,-0.00453297,-26.3344
9.664,-1.2,-0.00513736,-26.4061
9.666,-1.2,-0.0040293,-26.4013
9.668,-1.2,-0.00372711,-26.4218
9.67,-1.2,-0.00392857,-26.4574
9.672,-1.2,-0.00382784,-26.4567
9.674,-1.2,-0.00382784,-26.5505
9.676,-1.2,-0.00292125,-26.5266
9.678,-1.2,-0.00342491,-26.5218
9.68,-1.2,-0.00292125,-26.4796
9.682,-1.2,-0.00362637,-26.4773
9.684,-1.2,-0.00413004,-26.4884
9.686,-1.2,-0.00362637,-26.5114
9.688,-1.2,-0.00312271,-26.4955
9.69,-1.2,-0.00271978,-26.5481
9.692,-1.2,-0.00342491,-26.4868
9.694,-1.2,-0.0040293,-26.4765
9.696,-1.2,-0.00382784,-26.467
9.698,-1.2,-0.00312271,-26.4416
9.7,-1.2,-0.00342491,-26.3911
9.702,-1.2,-0.00282051,-26.1986
9.704,-1.2,-0.00312271,-26.3164
9.706,-1.2,-0.00332418,-26.2632
9.708,-1.2,-0.00332418,-26.183
9.71,-1.2,-0.00362637,-26.1893
9.712,-1.2,-0.00342491,-26.2616
9.714,-1.2,-0.00362637,-26.2476
9.716,-1.2,-0.0040293,-26.2952
9.718,-1.2,-0.00423077,-26.2235
9.72,-1.2,-0.00282051,-26.2476
9.722,-1.2,-0.00342491,-26.2071
9.724,-1.2,-0.00372711,-26.2328
9.726,-1.2,-0.0040293,-26.1908
9.728,-1.2,-0.00392857,-26.2577
9.73,-1.2,-0.00382784,-26.2546
9.732,-1.2,-0.00413004,-26.2866
9.734,-1.2,-0.00322344,-26.2601
9.736,-1.2,-0.00413004,-26.2437
9.738,-1.2,-0.00362637,-26.296
9.74,-1.2,-0.00342491,-26.3235
9.742,-1.2,-0.00312271,-26.3109
9.744,-1.2,-0.00211538,-26.3023
9.746,-1.2,-0.00342491,-26.2726
9.748,-1.2,-0.00282051,-26.2616
9.75,-1.2,-0.00423077,-26.3619
9.752,-1.2,-0.00261905,-26.1877
9.754,-1.2,-0.0040293,-26.2882
9.756,-1.2,-0.00342491,-26.2812
9.758,-1.2,-0.00423077,-26.2297
9.76,-1.2,-0.0046337,-26.2812
9.762,-1.2,-0.00362637,-26.3101
9.764,-1.2,-0.00352564,-26.3164
9.766,-1.2,-0.00382784,-26.318
9.768,-1.2,-0.00362637,-26.2734
9.77,-1.2,-0.00423077,-26.2749
9.772,-1.2,-0.00382784,-26.3667
9.774,-1.2,-0.0043315,-26.3023
9.776,-1.2,-0.00382784,-26.3133
9.778,-1.2,-0.00453297,-26.3336
9.78,-1.2,-0.00423077,-26.3942
9.782,-1.2,-0.0046337,-26.4084
9.784,-1.2,-0.00372711,-26.3627
9.786,-1.2,-0.00382784,-26.4559
9.788,-1.2,-0.00312271,-26.4061
9.79,-1.2,-0.00342491,-26.4749
9.792,-1.2,-0.0046337,-26.4947
9.794,-1.2,-0.00382784,-26.5441
9.796,-1.2,-0.00423077,-26.5146
9.798,-1.2,-0.00382784,-26.5178
9.8,-1.2,-0.00392857,-26.5162
9.802,-1.2,-0.00322344,-26.5234
9.804,-1.2,-0.00342491,-26.5976
9.806,-1.2,-0.00292125,-26.5258
9.808,-1.2,-0.00312271,-26.5401
9.81,-1.2,-0.00322344,-26.5513
9.812,-1.2,-0.00382784,-26.5035
9.814,-1.2,-0.00392857,-26.5027
9.816,-1.2,-0.00362637,-26.5242
9.818,-1.2,-0.00372711,-26.459
9.82,-1.2,-0.00362637,-26.4693
9.822,-1.2,-0.00352564,-26.3958
9.824,-1.2,-0.00453297,-26.4155
9.826,-1.2,-0.00362637,-26.3682
9.828,-1.2,-0.00342491,-26.3588
9.83,-1.2,-0.00332418,-26.3659
9.832,-1.2,-0.00342491,-26.2976
9.834,-1.2,-0.00322344,-26.2874
9.836,-1.2,-0.00513736,-26.3282
9.838,-1.2,-0.00413004,-26.3235
9.84,-1.2,-0.00352564,-26.2976
9.842,-1.2,-0.00413004,-26.3274
9.844,-1.2,-0.00382784,-26.3494
9.846,-1.2,-0.0046337,-26.4124
9.848,-1.2,-0.00342491,-26.3926
9.85,-1.2,-0.00372711,-26.3745
9.852,-1.2,-0.00312271,-26.4345
9.854,-1.2,-0.00292125,-26.3501
9.856,-1.2,-0.00342491,-26.3824
9.858,-1.2,-0.00423077,-26.4297
9.86,-1.2,-0.00352564,-26.4384
9.862,-1.2,-0.00332418,-26.3494
9.864,-1.2,-0.00302198,-26.4226
9.866,-1.2,-0.00372711,-26.3494
9.868,-1.2,-0.00382784,-26.429
9.87,-1.2,-0.00332418,-26.4187
9.872,-1.2,-0.00372711,-26.4313
9.874,-1.2,-0.00352564,-26.395
9.876,-1.2,-0.00382784,-26.3297
9.878,-1.2,-0.0046337,-26.3816
9.88,-1.2,-0.00473443,-26.3509
9.882,-1.2,-0.0046337,-26.3706
9.884,-1.2,-0.00443223,-26.3729
9.886,-1.2,-0.0046337,-26.3737
9.888,-1.2,-0.00372711,-26.3093
9.89,-1.2,-0.0049359,-26.3352
9.892,-1.2,-0.00423077,-26.3564
9.894,-1.2,-0.00362637,-26.3368
9.896,-1.2,-0.0043315,-26.3376
9.898,-1.2,-0.0040293,-26.2952
9.9,-1.2,-0.0046337,-26.3454
9.902,-1.2,-0.00453297,-26.3682
9.904,-1.2,-0.0049359,-26.4029
9.906,-1.2,-0.00312271,-26.41
9.908,-1.2,-0.00382784,-26.44
9.91,-1.2,-0.00392857,-26.4345
9.912,-1.2,-0.00392857,-26.5266
9.914,-1.2,-0.00352564,-26.5067
9.916,-1.2,-0.00342491,-26.5003
9.918,-1.2,-0.00342491,-26.4527
9.92,-1.2,-0.00372711,-26.4472
9.922,-1.2,-0.00322344,-26.5027
9.924,-1.2,-0.00372711,-26.525
9.926,-1.2,-0.00292125,-26.4781
9.928,-1.2,-0.00302198,-26.4551
9.93,-1.2,-0.00392857,-26.5082
9.932,-1.2,-0.00362637,-26.4582
9.934,-1.2,-0.00352564,-26.4852
9.936,-1.2,-0.00372711,-26.4313
9.938,-1.2,-0.00352564,-26.3769
9.94,-1.2,-0.00312271,-26.4234
9.942,-1.2,-0.00352564,-26.1621
9.944,-1.2,-0.0049359,-26.2531
9.946,-1.2,-0.00423077,-26.1776
9.948,-1.2,-0.00322344,-26.3078
9.95,-1.2,-0.00382784,-26.1761
9.952,-1.2,-0.00322344,-26.246
9.954,-1.2,-0.00382784,-26.2976
9.956,-1.2,-0.00382784,-26.2367
9.958,-1.2,-0.00292125,-26.2515
9.96,-1.2,-0.00362637,-26.2141
9.962,-1.2,-0.00352564,-26.225
9.964,-1.2,-0.00382784,-26.2273
9.966,-1.2,-0.0040293,-26.2616
9.968,-1.2,-0.00352564,-26.2577
9.97,-1.2,-0.00372711,-26.2367
9.972,-1.2,-0.00312271,-26.2734
9.974,-1.2,-0.00322344,-26.2538
9.976,-1.2,-0.0046337,-26.3391
9.978,-1.2,-0.00322344,-26.3046
9.98,-1.2,-0.00332418,-26.3148
9.982,-1.2,-0.00261905,-26.3156
9.984,-1.2,-0.00221612,-26.3039
9.986,-1.2,-0.00221612,-26.3109
9.988,-1.2,-0.0043315,-26.3737
9.99,-1.2,-0.00362637,-26.3486
9.992,-1.2,-0.00423077,-26.2632
9.994,-1.2,-0.00312271,-26.2913
9.996,-1.2,-0.00282051,-26.2429
9.998,-1.2,-0.00483516,-26.2866
10,-1.1,-0.00382784,-26.282
10.002,-1.1,0.00181319,-26.1637
10.004,-1.1,0.00130952,-25.8665
10.006,-1.1,0.000604396,-25.689
10.008,-1.1,0.000302198,-25.5007
10.01,-1.1,-0.00130952,-25.3122
10.012,-1.1,-0.00151099,-25.1179
10.014,-1.1,-0.000906593,-24.9759
10.016,-1.1,-0.00100733,-24.9287
10.018,-1.1,-0.00161172,-24.809
10.02,-1.1,-0.00251832,-24.7659
10.022,-1.1,-0.00221612,-24.743
10.024,-1.1,-0.00211538,-24.6898
10.026,-1.1,-0.00151099,-24.5185
10.028,-1.1,-0.00181319,-24.5307
10.03,-1.1,-0.00201465,-24.4757
10.032,-1.1,-0.00392857,-24.4832
10.034,-1.1,-0.00292125,-24.4811
10.036,-1.1,-0.00282051,-24.4027
10.038,-1.1,-0.00211538,-24.3711
10.04,-1.1,-0.00251832,-24.4027
10.042,-1.1,-0.00292125,-24.3697
10.044,-1.1,-0.00261905,-24.3812
10.046,-1.1,-0.00302198,-24.3382
10.048,-1.1,-0.00211538,-24.2927
10.05,-1.1,-0.00241758,-24.1949
10.052,-1.1,-0.00312271,-24.173
10.054,-1.1,-0.00352564,-24.1499
10.056,-1.1,-0.00392857,-24.1328
10.058,-1.1,-0.0040293,-24.1262
10.06,-1.1,-0.00282051,-24.0507
10.062,-1.1,-0.00372711,-24.0036
10.064,-1.1,-0.00322344,-23.9782
10.066,-1.1,-0.00292125,-23.9405
10.068,-1.1,-0.00392857,-24.0075
10.07,-1.1,-0.00413004,-23.9211
10.072,-1.1,-0.00372711,-23.8501
10.074,-1.1,-0.00261905,-23.8346
10.076,-1.1,-0.00312271,-23.8179
10.078,-1.1,-0.00372711,-23.8032
10.08,-1.1,-0.00413004,-23.8359
10.082,-1.1,-0.0043315,-23.8044
10.084,-1.1,-0.00342491,-23.8314
10.086,-1.1,-0.00372711,-23.7897
10.088,-1.1,-0.00382784,-23.8237
10.09,-1.1,-0.0046337,-23.8552
10.092,-1.1,-0.00392857,-23.8933
10.094,-1.1,-0.00322344,-23.8913
10.096,-1.1,-0.0040293,-23.89
10.098,-1.1,-0.00302198,-23.9237
10.1,-1.1,-0.00362637,-23.8513
10.102,-1.1,-0.00362637,-23.8849
10.104,-1.1,-0.0040293,-23.8997
10.106,-1.1,-0.00443223,-23.9632
10.108,-1.1,-0.00382784,-23.9159
10.11,-1.1,-0.00322344,-23.9055
10.112,-1.1,-0.00413004,-23.8443
10.114,-1.1,-0.00362637,-23.8965
10.116,-1.1,-0.00513736,-23.9217
10.118,-1.1,-0.00332418,-23.8778
10.12,-1.1,-0.00292125,-23.9302
10.122,-1.1,-0.00413004,-23.9017
10.124,-1.1,-0.00302198,-23.841
10.126,-1.1,-0.00392857,-23.8346
10.128,-1.1,-0.00483516,-23.8816
10.13,-1.1,-0.00453297,-23.8468
10.132,-1.1,-0.0043315,-23.8513
10.134,-1.1,-0.00443223,-23.8862
10.136,-1.1,-0.00423077,-23.8539
10.138,-1.1,-0.0043315,-23.87
10.14,-1.1,-0.0040293,-23.9017
10.142,-1.1,-0.00352564,-23.8887
10.144,-1.1,-0.00413004,-23.8771
10.146,-1.1,-0.00271978,-23.8771
10.148,-1.1,-0.0040293,-23.9256
10.15,-1.1,-0.00423077,-23.8674
10.152,-1.1,-0.00453297,-23.9516
10.154,-1.1,-0.00382784,-23.912
10.156,-1.1,-0.00413004,-23.9561
10.158,-1.1,-0.0043315,-23.9919
10.16,-1.1,-0.00372711,-23.9971
10.162,-1.1,-0.0040293,-23.9932
10.164,-1.1,-0.00443223,-24.09
10.166,-1.1,-0.00372711,-24.0651
10.168,-1.1,-0.00342491,-24.0552
10.17,-1.1,-0.00372711,-24.0611
10.172,-1.1,-0.00372711,-24.0232
10.174,-1.1,-0.00352564,-24.0186
10.176,-1.1,-0.00362637,-24.0821
10.178,-1.1,-0.00312271,-24.0238
10.18,-1.1,-0.00332418,-24.05
10.182,-1.1,-0.00332418,-24.0788
10.184,-1.1,-0.00322344,-24.0193
10.186,-1.1,-0.00322344,-24.0108
10.188,-1.1,-0.00312271,-24.0369
10.19,-1.1,-0.00302198,-23.9711
10.192,-1.1,-0.00302198,-23.9581
10.194,-1.1,-0.00332418,-23.8907
10.196,-1.1,-0.00342491,-23.9062
10.198,-1.1,-0.00231685,-23.8668
10.2,-1.1,-0.00423077,-23.7814
10.202,-1.1,-0.00362637,-23.89
10.204,-1.1,-0.00322344,-23.7315
10.206,-1.1,-0.00302198,-23.7916
10.208,-1.1,-0.00322344,-23.7897
10.21,-1.1,-0.00372711,-23.843
10.212,-1.1,-0.00322344,-23.8823
10.214,-1.1,-0.00362637,-23.7603
10.216,-1.1,-0.00372711,-23.7782
10.218,-1.1,-0.00312271,-23.8057
10.22,-1.1,-0.00302198,-23.7603
10.222,-1.1,-0.00372711,-23.8019
10.224,-1.1,-0.00443223,-23.7999
10.226,-1.1,-0.00362637,-23.8153
10.228,-1.1,-0.00372711,-23.7897
10.23,-1.1,-0.00392857,-23.8314
10.232,-1.1,-0.00302198,-23.8173
10.234,-1.1,-0.00332418,-23.861
10.236,-1.1,-0.00362637,-23.9094
10.238,-1.1,-0.00322344,-23.8494
10.24,-1.1,-0.00312271,-23.8475
10.242,-1.1,-0.00271978,-23.861
10.244,-1.1,-0.00352564,-23.8263
10.246,-1.1,-0.00312271,-23.8243
10.248,-1.1,-0.00423077,-23.9114
10.25,-1.1,-0.00413004,-23.8939
10.252,-1.1,-0.00372711,-23.8064
10.254,-1.1,-0.00282051,-23.852
10.256,-1.1,-0.00372711,-23.8649
10.258,-1.1,-0.0043315,-23.8404
10.26,-1.1,-0.00382784,-23.8423
10.262,-1.1,-0.00342491,-23.8765
10.264,-1.1,-0.00312271,-23.8186
10.266,-1.1,-0.00362637,-23.8533
10.268,-1.1,-0.00423077,-23.816
10.27,-1.1,-0.00413004,-23.8166
10.272,-1.1,-0.0043315,-23.901
10.274,-1.1,-0.00423077,-23.8134
10.276,-1.1,-0.00392857,-23.8102
10.278,-1.1,-0.00392857,-23.8115
10.28,-1.1,-0.0043315,-23.8855
10.282,-1.1,-0.00473443,-23.9088
10.284,-1.1,-0.0040293,-23.9477
10.286,-1.1,-0.00362637,-24.003
10.288,-1.1,-0.00382784,-24.0592
10.29,-1.1,-0.00392857,-23.9645
10.292,-1.1,-0.00382784,-24.018
10.294,-1.1,-0.00302198,-24.0487
10.296,-1.1,-0.0046337,-24.1031
10.298,-1.1,-0.0040293,-24.0913
10.3,-1.1,-0.00332418,-24.1071
10.302,-1.1,-0.00302198,-24.0526
10.304,-1.1,-0.00322344,-24.0729
10.306,-1.1,-0.00392857,-24.1268
10.308,-1.1,-0.00322344,-24.142
10.31,-1.1,-0.00372711,-24.0821
10.312,-1.1,-0.00352564,-24.0946
10.314,-1.1,-0.00241758,-24.1012
10.316,-1.1,-0.00342491,-24.0467
10.318,-1.1,-0.00342491,-24.0369
10.32,-1.1,-0.00342491,-24.0408
10.322,-1.1,-0.00292125,-24.0147
10.324,-1.1,-0.00312271,-23.9743
10.326,-1.1,-0.00453297,-23.9321
10.328,-1.1,-0.0040293,-23.9684
10.33,-1.1,-0.00473443,-23.9619
10.332,-1.1,-0.00362637,-23.9055
10.334,-1.1,-0.00332418,-23.9036
10.336,-1.1,-0.00312271,-23.9055
10.338,-1.1,-0.00312271,-23.8694
10.34,-1.1,-0.00362637,-23.8308
10.342,-1.1,-0.00413004,-23.8301
10.344,-1.1,-0.0046337,-23.8288
10.346,-1.1,-0.0040293,-23.852
10.348,-1.1,-0.00382784,-23.8771
10.35,-1.1,-0.00332418,-23.903
10.352,-1.1,-0.0040293,-23.8862
10.354,-1.1,-0.0040293,-23.9665
10.356,-1.1,-0.00332418,-23.9568
10.358,-1.1,-0.00261905,-23.9412
10.36,-1.1,-0.00312271,-23.925
10.362,-1.1,-0.00322344,-23.9632
10.364,-1.1,-0.00231685,-23.9639
10.366,-1.1,-0.00362637,-23.9451
10.368,-1.1,-0.00372711,-23.9912
10.37,-1.1,-0.00362637,-23.9127
10.372,-1.1,-0.00332418,-23.9782
10.374,-1.1,-0.00423077,-23.9808
10.376,-1.1,-0.00322344,-23.9172
10.378,-1.1,-0.00382784,-23.9893
10.38,-1.1,-0.00302198,-23.9776
10.382,-1.1,-0.00322344,-23.9613
10.384,-1.1,-0.00271978,-23.9159
10.386,-1.1,-0.00271978,-23.8946
10.388,-1.1,-0.00352564,-23.9399
10.39,-1.1,-0.00382784,-23.89
10.392,-1.1,-0.0043315,-23.9399
10.394,-1.1,-0.00372711,-23.8978
10.396,-1.1,-0.0040293,-23.8649
10.398,-1.1,-0.00413004,-23.9237
10.4,-1.1,-0.0040293,-23.8687
10.402,-1.1,-0.0040293,-23.8991
10.404,-1.1,-0.00453297,-23.9191
10.406,-1.1,-0.00302198,-23.8881
10.408,-1.1,-0.00312271,-23.8771
10.41,-1.1,-0.00362637,-23.8649
10.412,-1.1,-0.0040293,-23.8971
10.414,-1.1,-0.00503663,-23.8745
10.416,-1.1,-0.00413004,-23.9776
10.418,-1.1,-0.00533883,-23.9613
10.42,-1.1,-0.00352564,-23.9893
10.422,-1.1,-0.00372711,-24.016
10.424,-1.1,-0.00372711,-24.0101
10.426,-1.1,-0.00503663,-24.069
10.428,-1.1,-0.00382784,-24.0847
10.43,-1.1,-0.00352564,-24.0736
10.432,-1.1,-0.00352564,-24.0729
10.434,-1.1,-0.00332418,-24.0775
10.436,-1.1,-0.00372711,-24.0834
10.438,-1.1,-0.00332418,-24.0356
10.44,-1.1,-0.00423077,-24.0572
10.442,-1.1,-0.00302198,-24.0402
10.444,-1.1,-0.00241758,-24.0056
10.446,-1.1,-0.00372711,-24.05
10.448,-1.1,-0.00312271,-24.0088
10.45,-1.1,-0.00372711,-23.9938
10.452,-1.1,-0.00322344,-23.9698
10.454,-1.1,-0.00322344,-23.9353
10.456,-1.1,-0.00251832,-23.8952
10.458,-1.1,-0.00302198,-23.7443
10.46,-1.1,-0.00271978,-23.8449
10.462,-1.1,-0.00443223,-23.7999
10.464,-1.1,-0.00332418,-23.7284
10.466,-1.1,-0.00392857,-23.8365
10.468,-1.1,-0.0040293,-23.8417
10.47,-1.1,-0.00372711,-23.7277
10.472,-1.1,-0.00312271,-23.7169
10.474,-1.1,-0.00443223,-23.759
10.476,-1.1,-0.00312271,-23.8128
10.478,-1.1,-0.00322344,-23.7398
10.48,-1.1,-0.00312271,-23.7424
10.482,-1.1,-0.00352564,-23.7596
10.484,-1.1,-0.0040293,-23.7532
10.486,-1.1,-0.00473443,-23.7814
10.488,-1.1,-0.00332418,-23.8205
10.49,-1.1,-0.0043315,-23.7686
10.492,-1.1,-0.00382784,-23.8038
10.494,-1.1,-0.00292125,-23.8449
10.496,-1.1,-0.00372711,-23.8096
10.498,-1.1,-0.00382784,-23.8636
10.5,-1.1,-0.00342491,-23.8552
10.502,-1.1,-0.00423077,-23.8455
10.504,-1.1,-0.00382784,-23.841
10.506,-1.1,-0.00312271,-23.8295
10.508,-1.1,-0.00352564,-23.8372
10.51,-1.1,-0.00503663,-23.7897
10.512,-1.1,-0.00342491,-23.9256
10.514,-1.1,-0.00271978,-23.8346
10.516,-1.1,-0.00362637,-23.7942
10.518,-1.1,-0.00423077,-23.8019
10.52,-1.1,-0.0046337,-23.8455
10.522,-1.1,-0.00483516,-23.8275
10.524,-1.1,-0.00362637,-23.8507
10.526,-1.1,-0.00312271,-23.8604
10.528,-1.1,-0.00312271,-23.8019
10.53,-1.1,-0.00352564,-23.832
10.532,-1.1,-0.00352564,-23.8346
10.534,-1.1,-0.00453297,-23.8282
10.536,-1.1,-0.0040293,-23.8391
10.538,-1.1,-0.00392857,-23.8533
10.54,-1.1,-0.00443223,-23.9191
10.542,-1.1,-0.0040293,-23.8913
10.544,-1.1,-0.00382784,-23.9477
10.546,-1.1,-0.00443223,-23.9639
10.548,-1.1,-0.00382784,-23.9308
10.55,-1.1,-0.00251832,-24.0114
10.552,-1.1,-0.00332418,-24.0369
10.554,-1.1,-0.0043315,-24.016
10.556,-1.1,-0.00392857,-24.014
10.558,-1.1,-0.0049359,-24.0605
10.56,-1.1,-0.00392857,-24.0788
10.562,-1.1,-0.00322344,-24.0861
10.564,-1.1,-0.00372711,-24.1658
10.566,-1.1,-0.00392857,-24.092
10.568,-1.1,-0.00362637,-24.1031
10.57,-1.1,-0.00362637,-24.1697
10.572,-1.1,-0.00362637,-24.1532
10.574,-1.1,-0.00191392,-24.0834
10.576,-1.1,-0.00312271,-24.0664
10.578,-1.1,-0.00292125,-24.0756
10.58,-1.1,-0.00271978,-24.0867
10.582,-1.1,-0.00322344,-24.0664
10.584,-1.1,-0.00302198,-24.0552
10.586,-1.1,-0.00413004,-24.0245
10.588,-1.1,-0.00352564,-24.0206
10.59,-1.1,-0.00292125,-23.9542
10.592,-1.1,-0.00443223,-23.9841
10.594,-1.1,-0.00302198,-23.947
10.596,-1.1,-0.00261905,-23.892
10.598,-1.1,-0.00231685,-23.8784
10.6,-1.1,-0.00292125,-23.861
10.602,-1.1,-0.00342491,-23.8681
10.604,-1.1,-0.00342491,-23.861
10.606,-1.1,-0.0040293,-23.8862
10.608,-1.1,-0.00372711,-23.8803
10.61,-1.1,-0.00302198,-23.8578
10.612,-1.1,-0.00282051,-23.8836
10.614,-1.1,-0.00413004,-23.9075
10.616,-1.1,-0.00332418,-23.9366
10.618,-1.1,-0.00443223,-23.9477
10.62,-1.1,-0.00392857,-23.9691
10.622,-1.1,-0.00302198,-23.9795
10.624,-1.1,-0.00302198,-23.9619
10.626,-1.1,-0.00352564,-23.9405
10.628,-1.1,-0.00372711,-23.9717
10.63,-1.1,-0.00382784,-23.9938
10.632,-1.1,-0.00372711,-23.9958
10.634,-1.1,-0.00322344,-23.9114
10.636,-1.1,-0.00352564,-23.9743
10.638,-1.1,-0.00372711,-24.0134
10.64,-1.1,-0.00473443,-23.9763
10.642,-1.1,-0.00362637,-23.9691
10.644,-1.1,-0.00352564,-24.0062
10.646,-1.1,-0.00382784,-23.9392
10.648,-1.1,-0.00322344,-23.936
10.65,-1.1,-0.00342491,-23.8997
10.652,-1.1,-0.00392857,-23.9438
10.654,-1.1,-0.00443223,-23.9178
10.656,-1.1,-0.00392857,-23.9327
10.658,-1.1,-0.0043315,-23.936
10.66,-1.1,-0.00271978,-23.8513
10.662,-1.1,-0.00392857,-23.9191
10.664,-1.1,-0.0043315,-23.9308
10.666,-1.1,-0.00382784,-23.9412
10.668,-1.1,-0.0040293,-23.923
10.67,-1.1,-0.00392857,-23.9114
10.672,-1.1,-0.00332418,-23.892
10.674,-1.1,-0.0040293,-23.8991
10.676,-1.1,-0.00382784,-23.9289
10.678,-1.1,-0.00513736,-23.9529
10.68,-1.1,-0.00362637,-23.9945
10.682,-1.1,-0.00342491,-24.0147
10.684,-1.1,-0.00342491,-23.9997
10.686,-1.1,-0.0043315,-24.0369
10.688,-1.1,-0.0040293,-24.1189
10.69,-1.1,-0.00382784,-24.1031
10.692,-1.1,-0.00221612,-24.0953
10.694,-1.1,-0.00322344,-24.0867
10.696,-1.1,-0.00362637,-24.0376
10.698,-1.1,-0.00312271,-24.0336
10.7,-1.1,-0.00382784,-24.0821
10.702,-1.1,-0.00372711,-24.1031
10.704,-1.1,-0.00312271,-24.0775
10.706,-1.1,-0.00292125,-24.052
10.708,-1.1,-0.00352564,-23.9938
10.71,-1.1,-0.00352564,-24.0219
10.712,-1.1,-0.00423077,-24.0219
10.714,-1.1,-0.00372711,-24.0219
10.716,-1.1,-0.00352564,-23.9886
10.718,-1.1,-0.00251832,-23.9327
10.72,-1.1,-0.00271978,-23.9704
10.722,-1.1,-0.00271978,-23.7252
10.724,-1.1,-0.00473443,-23.8991
10.726,-1.1,-0.00342491,-23.832
10.728,-1.1,-0.00322344,-23.8533
10.73,-1.1,-0.00322344,-23.8205
10.732,-1.1,-0.00312271,-23.8739
10.734,-1.1,-0.00342491,-23.7878
10.736,-1.1,-0.0040293,-23.7405
10.738,-1.1,-0.0040293,-23.7961
10.74,-1.1,-0.00322344,-23.8173
10.742,-1.1,-0.00362637,-23.7833
10.744,-1.1,-0.00211538,-23.7903
10.746,-1.1,-0.00332418,-23.775
10.748,-1.1,-0.0043315,-23.7999
10.75,-1.1,-0.00392857,-23.8076
10.752,-1.1,-0.00382784,-23.8694
10.754,-1.1,-0.00372711,-23.8488
10.756,-1.1,-0.00352564,-23.8288
10.758,-1.1,-0.00392857,-23.8784
10.76,-1.1,-0.0049359,-23.8629
10.762,-1.1,-0.00342491,-23.8842
10.764,-1.1,-0.00322344,-23.9004
10.766,-1.1,-0.00302198,-23.872
10.768,-1.1,-0.00302198,-23.8141
10.77,-1.1,-0.00382784,-23.8565
10.772,-1.1,-0.00443223,-23.89
10.774,-1.1,-0.00322344,-23.7201
10.776,-1.1,-0.00332418,-23.8926
10.778,-1.1,-0.00352564,-23.8481
10.78,-1.1,-0.00413004,-23.8089
10.782,-1.1,-0.00423077,-23.7858
10.784,-1.1,-0.00443223,-23.8295
10.786,-1.1,-0.00342491,-23.8218
10.788,-1.1,-0.00362637,-23.8141
10.79,-1.1,-0.00352564,-23.8295
10.792,-1.1,-0.00372711,-23.7609
10.794,-1.1,-0.00342491,-23.8006
10.796,-1.1,-0.00473443,-23.816
10.798,-1.1,-0.0043315,-23.7923
10.8,-1.1,-0.00443223,-23.8314
10.802,-1.1,-0.00423077,-23.841
10.804,-1.1,-0.0040293,-23.8591
10.806,-1.1,-0.00332418,-23.8649
10.808,-1.1,-0.00382784,-23.9314
10.81,-1.1,-0.00312271,-23.9379
10.812,-1.1,-0.00392857,-23.8552
10.814,-1.1,-0.00342491,-23.9483
10.816,-1.1,-0.00332418,-23.9574
10.818,-1.1,-0.00392857,-23.9802
10.82,-1.1,-0.00443223,-24.0441
10.822,-1.1,-0.00392857,-24.0867
10.824,-1.1,-0.00312271,-24.0638
10.826,-1.1,-0.0043315,-24.069
10.828,-1.1,-0.00382784,-24.1282
10.83,-1.1,-0.00362637,-24.1328
10.832,-1.1,-0.00413004,-24.1724
10.834,-1.1,-0.00261905,-24.1565
10.836,-1.1,-0.00292125,-24.1413
10.838,-1.1,-0.00362637,-24.0657
10.84,-1.1,-0.00392857,-24.0624
10.842,-1.1,-0.00322344,-24.0585
10.844,-1.1,-0.00413004,-24.0585
10.846,-1.1,-0.00362637,-24.0749
10.848,-1.1,-0.00362637,-24.0134
10.85,-1.1,-0.00322344,-23.9776
10.852,-1.1,-0.00332418,-23.9639
10.854,-1.1,-0.00423077,-23.9425
10.856,-1.1,-0.0043315,-24.0278
10.858,-1.1,-0.00312271,-23.947
10.86,-1.1,-0.00332418,-23.8855
10.862,-1.1,-0.00372711,-23.8739
10.864,-1.1,-0.00372711,-23.8552
10.866,-1.1,-0.00332418,-23.8539
10.868,-1.1,-0.00453297,-23.892
10.87,-1.1,-0.00302198,-23.8662
10.872,-1.1,-0.00372711,-23.8984
10.874,-1.1,-0.00302198,-23.8591
10.876,-1.1,-0.00332418,-23.8952
10.878,-1.1,-0.00362637,-23.9172
10.88,-1.1,-0.00302198,-23.975
10.882,-1.1,-0.00362637,-23.9594
10.884,-1.1,-0.00322344,-23.9574
10.886,-1.1,-0.00302198,-23.9925
10.888,-1.1,-0.00372711,-23.9178
10.89,-1.1,-0.00251832,-23.9529
10.892,-1.1,-0.00372711,-23.9619
10.894,-1.1,-0.00302198,-24.0297
10.896,-1.1,-0.00322344,-23.9763
10.898,-1.1,-0.00382784,-23.9282
10.9,-1.1,-0.00382784,-23.9756
10.902,-1.1,-0.00423077,-24.0304
10.904,-1.1,-0.0040293,-24.0297
10.906,-1.1,-0.00342491,-23.936
10.908,-1.1,-0.0040293,-23.9795
10.91,-1.1,-0.00342491,-23.9542
10.912,-1.1,-0.00322344,-23.8881
10.914,-1.1,-0.00372711,-23.8797
10.916,-1.1,-0.0049359,-23.9282
10.918,-1.1,-0.00423077,-23.8726
10.92,-1.1,-0.00372711,-23.8836
10.922,-1.1,-0.00382784,-23.9004
10.924,-1.1,-0.00423077,-23.89
10.926,-1.1,-0.00382784,-23.901
10.928,-1.1,-0.00392857,-23.9269
10.93,-1.1,-0.0040293,-23.9153
10.932,-1.1,-0.00261905,-23.8933
10.934,-1.1,-0.00372711,-23.8984
10.936,-1.1,-0.00312271,-23.8571
10.938,-1.1,-0.00382784,-23.9256
10.94,-1.1,-0.0043315,-23.9043
10.942,-1.1,-0.00413004,-23.934
10.944,-1.1,-0.00423077,-23.9555
10.946,-1.1,-0.00332418,-23.9841
10.948,-1.1,-0.0046337,-23.9912
10.95,-1.1,-0.00382784,-23.9808
10.952,-1.1,-0.00443223,-24.0742
10.954,-1.1,-0.00382784,-24.0467
10.956,-1.1,-0.00322344,-24.0408
10.958,-1.1,-0.00312271,-24.003
10.96,-1.1,-0.00312271,-23.9906
10.962,-1.1,-0.00312271,-24.0154
10.964,-1.1,-0.00342491,-23.9893
10.966,-1.1,-0.00392857,-24.0147
10.968,-1.1,-0.0043315,-24.0004
10.97,-1.1,-0.00292125,-24.0258
10.972,-1.1,-0.00322344,-23.9691
10.974,-1.1,-0.00372711,-23.9581
10.976,-1.1,-0.00392857,-23.9763
10.978,-1.1,-0.00332418,-23.9204
10.98,-1.1,-0.00322344,-23.8803
10.982,-1.1,-0.00382784,-23.825
10.984,-1.1,-0.00241758,-23.9451
10.986,-1.1,-0.00413004,-23.7993
10.988,-1.1,-0.00372711,-23.7163
10.99,-1.1,-0.00362637,-23.8218
10.992,-1.1,-0.0040293,-23.668
10.994,-1.1,-0.00352564,-23.7315
10.996,-1.1,-0.00382784,-23.729
10.998,-1.1,-0.00443223,-23.7718
11,-1,-0.0040293,-23.7194
11.002,-1,0.00292125,-23.6148
11.004,-1,0.00241758,-23.3873
11.006,-1,0.00171245,-23.1939
11.008,-1,0.000805861,-22.9464
11.01,-1,-0.000100733,-22.7995
11.012,-1,-0.00100733,-22.7029
11.014,-1,-0.000705128,-22.5511
11.016,-1,-0.00141026,-22.4303
11.018,-1,-0.000906593,-22.3497
11.02,-1,-0.00120879,-22.286
11.022,-1,-0.00191392,-22.2182
11.024,-1,-0.00211538,-22.1264
11.026,-1,-0.00161172,-22.0678
11.028,-1,-0.00130952,-22.032
11.03,-1,-0.00181319,-21.9538
11.032,-1,-0.00181319,-21.9042
11.034,-1,-0.00191392,-21.8252
11.036,-1,-0.00271978,-21.7865
11.038,-1,-0.00362637,-21.8312
11.04,-1,-0.00292125,-21.7672
11.042,-1,-0.00251832,-21.6993
11.044,-1,-0.00382784,-21.6313
11.046,-1,-0.00271978,-21.6218
11.048,-1,-0.00302198,-21.6403
11.05,-1,-0.00362637,-21.5985
11.052,-1,-0.00372711,-21.5785
11.054,-1,-0.00271978,-21.549
11.056,-1,-0.00282051,-21.5406
11.058,-1,-0.00332418,-21.56
11.06,-1,-0.00352564,-21.5096
11.062,-1,-0.00362637,-21.5149
11.064,-1,-0.00453297,-21.4929
11.066,-1,-0.00342491,-21.4918
11.068,-1,-0.00332418,-21.4976
11.07,-1,-0.00382784,-21.5039
11.072,-1,-0.00342491,-21.5191
11.074,-1,-0.00453297,-21.506
11.076,-1,-0.0043315,-21.5637
11.078,-1,-0.00453297,-21.5895
11.08,-1,-0.00392857,-21.6318
11.082,-1,-0.00352564,-21.627
11.084,-1,-0.00261905,-21.6424
11.086,-1,-0.00362637,-21.6022
11.088,-1,-0.00382784,-21.6233
11.09,-1,-0.0043315,-21.6828
11.092,-1,-0.00271978,-21.7105
11.094,-1,-0.00372711,-21.6828
11.096,-1,-0.00342491,-21.6769
11.098,-1,-0.00271978,-21.6663
11.1,-1,-0.00453297,-21.6796
11.102,-1,-0.00372711,-21.734
11.104,-1,-0.00332418,-21.7511
11.106,-1,-0.00241758,-21.7265
11.108,-1,-0.00282051,-21.7324
11.11,-1,-0.00312271,-21.6557
11.112,-1,-0.00261905,-21.6429
11.114,-1,-0.00332418,-21.6403
11.116,-1,-0.00382784,-21.6292
11.118,-1,-0.00372711,-21.6249
11.12,-1,-0.00342491,-21.5932
11.122,-1,-0.00362637,-21.5658
11.124,-1,-0.00322344,-21.5837
11.126,-1,-0.00352564,-21.5159
11.128,-1,-0.00392857,-21.5112
11.13,-1,-0.00392857,-21.5895
11.132,-1,-0.00423077,-21.5117
11.134,-1,-0.00382784,-21.5248
11.136,-1,-0.00362637,-21.4402
11.138,-1,-0.00282051,-21.448
11.14,-1,-0.00342491,-21.434
11.142,-1,-0.0040293,-21.4184
11.144,-1,-0.0049359,-21.46
11.146,-1,-0.0043315,-21.4517
11.148,-1,-0.00382784,-21.4595
11.15,-1,-0.00423077,-21.4277
11.152,-1,-0.00332418,-21.4418
11.154,-1,-0.00342491,-21.4955
11.156,-1,-0.00453297,-21.5364
11.158,-1,-0.00382784,-21.5248
11.16,-1,-0.00332418,-21.5374
11.162,-1,-0.00282051,-21.506
11.164,-1,-0.00372711,-21.5296
11.166,-1,-0.00322344,-21.4939
11.168,-1,-0.00392857,-21.529
11.17,-1,-0.00392857,-21.5212
11.172,-1,-0.00392857,-21.5785
11.174,-1,-0.00382784,-21.5474
11.176,-1,-0.00322344,-21.5159
11.178,-1,-0.00392857,-21.528
11.18,-1,-0.00382784,-21.4694
11.182,-1,-0.00473443,-21.528
11.184,-1,-0.00372711,-21.517
11.186,-1,-0.00352564,-21.5485
11.188,-1,-0.00322344,-21.4814
11.19,-1,-0.00302198,-21.4918
11.192,-1,-0.00372711,-21.4329
11.194,-1,-0.00352564,-21.4231
11.196,-1,-0.0040293,-21.4194
11.198,-1,-0.0046337,-21.4783
11.2,-1,-0.00453297,-21.434
11.202,-1,-0.00372711,-21.4553
11.204,-1,-0.00413004,-21.3837
11.206,-1,-0.0043315,-21.394
11.208,-1,-0.00513736,-21.4548
11.21,-1,-0.00503663,-21.4626
11.212,-1,-0.00443223,-21.4517
11.214,-1,-0.0040293,-21.4532
11.216,-1,-0.00312271,-21.4512
11.218,-1,-0.00362637,-21.4142
11.22,-1,-0.00413004,-21.4283
11.222,-1,-0.0043315,-21.4631
11.224,-1,-0.00352564,-21.4762
11.226,-1,-0.00473443,-21.4971
11.228,-1,-0.00473443,-21.5275
11.23,-1,-0.00322344,-21.5584
11.232,-1,-0.00372711,-21.57
11.234,-1,-0.00392857,-21.5727
11.236,-1,-0.0040293,-21.6329
11.238,-1,-0.00362637,-21.6504
11.24,-1,-0.00362637,-21.635
11.242,-1,-0.00342491,-21.6376
11.244,-1,-0.00282051,-21.5969
11.246,-1,-0.00352564,-21.6017
11.248,-1,-0.00342491,-21.6286
11.25,-1,-0.0043315,-21.6652
11.252,-1,-0.00372711,-21.6054
11.254,-1,-0.00302198,-21.6075
11.256,-1,-0.00332418,-21.5785
11.258,-1,-0.00362637,-21.5574
11.26,-1,-0.00342491,-21.5816
11.262,-1,-0.00423077,-21.5742
11.264,-1,-0.00342491,-21.5684
11.266,-1,-0.00382784,-21.5343
11.268,-1,-0.00282051,-21.496
11.27,-1,-0.00362637,-21.4465
11.272,-1,-0.00382784,-21.4538
11.274,-1,-0.00443223,-21.4049
11.276,-1,-0.00392857,-21.3681
11.278,-1,-0.00413004,-21.3656
11.28,-1,-0.00292125,-21.3821
11.282,-1,-0.00322344,-21.3501
11.284,-1,-0.00372711,-21.3971
11.286,-1,-0.00443223,-21.3444
11.288,-1,-0.00382784,-21.3811
11.29,-1,-0.00362637,-21.4371
11.292,-1,-0.00392857,-21.3233
11.294,-1,-0.00372711,-21.3073
11.296,-1,-0.00271978,-21.3151
11.298,-1,-0.00302198,-21.314
11.3,-1,-0.00443223,-21.331
11.302,-1,-0.0043315,-21.3387
11.304,-1,-0.00372711,-21.3578
11.306,-1,-0.00443223,-21.3764
11.308,-1,-0.00352564,-21.4039
11.31,-1,-0.00362637,-21.3914
11.312,-1,-0.00332418,-21.4241
11.314,-1,-0.00423077,-21.4023
11.316,-1,-0.0040293,-21.4246
11.318,-1,-0.00453297,-21.4428
11.32,-1,-0.00342491,-21.4496
11.322,-1,-0.00322344,-21.4277
11.324,-1,-0.0040293,-21.4168
11.326,-1,-0.00261905,-21.3811
11.328,-1,-0.00423077,-21.3754
11.33,-1,-0.00423077,-21.4532
11.332,-1,-0.00362637,-21.4689
11.334,-1,-0.00392857,-21.3775
11.336,-1,-0.00372711,-21.378
11.338,-1,-0.00382784,-21.3434
11.34,-1,-0.00392857,-21.3305
11.342,-1,-0.0046337,-21.3671
11.344,-1,-0.0043315,-21.3852
11.346,-1,-0.00332418,-21.3521
11.348,-1,-0.00382784,-21.363
11.35,-1,-0.00362637,-21.4018
11.352,-1,-0.00382784,-21.3749
11.354,-1,-0.00302198,-21.3899
11.356,-1,-0.0046337,-21.3951
11.358,-1,-0.00443223,-21.3956
11.36,-1,-0.0040293,-21.4194
11.362,-1,-0.00413004,-21.4251
11.364,-1,-0.00392857,-21.4496
11.366,-1,-0.0046337,-21.4454
11.368,-1,-0.00382784,-21.4918
11.37,-1,-0.00392857,-21.5374
11.372,-1,-0.00372711,-21.5128
11.374,-1,-0.00332418,-21.5901
11.376,-1,-0.00362637,-21.5569
11.378,-1,-0.00352564,-21.5721
11.38,-1,-0.00332418,-21.5932
11.382,-1,-0.00362637,-21.6631
11.384,-1,-0.0043315,-21.6977
11.386,-1,-0.00362637,-21.687
11.388,-1,-0.00372711,-21.6945
11.39,-1,-0.0040293,-21.6509
11.392,-1,-0.00261905,-21.6684
11.394,-1,-0.00372711,-21.6849
11.396,-1,-0.00362637,-21.7468
11.398,-1,-0.00312271,-21.7468
11.4,-1,-0.00302198,-21.7265
11.402,-1,-0.00271978,-21.7131
11.404,-1,-0.00251832,-21.6466
11.406,-1,-0.00292125,-21.6318
11.408,-1,-0.00392857,-21.6308
11.41,-1,-0.00443223,-21.6371
11.412,-1,-0.0043315,-21.5927
11.414,-1,-0.00261905,-21.589
11.416,-1,-0.00342491,-21.5911
11.418,-1,-0.00392857,-21.5406
11.42,-1,-0.00362637,-21.5191
11.422,-1,-0.00423077,-21.5065
11.424,-1,-0.00372711,-21.5416
11.426,-1,-0.00372711,-21.4877
11.428,-1,-0.00251832,-21.4851
11.43,-1,-0.00342491,-21.4314
11.432,-1,-0.00292125,-21.4433
11.434,-1,-0.00392857,-21.435
11.436,-1,-0.00473443,-21.4668
11.438,-1,-0.00372711,-21.4402
11.44,-1,-0.00342491,-21.4637
11.442,-1,-0.00372711,-21.4647
11.444,-1,-0.00372711,-21.4454
11.446,-1,-0.00372711,-21.4668
11.448,-1,-0.00362637,-21.5432
11.45,-1,-0.00332418,-21.5217
11.452,-1,-0.00352564,-21.5422
11.454,-1,-0.00312271,-21.5401
11.456,-1,-0.00352564,-21.5301
11.458,-1,-0.00302198,-21.4887
11.46,-1,-0.00342491,-21.518
11.462,-1,-0.0043315,-21.539
11.464,-1,-0.0043315,-21.4866
11.466,-1,-0.00423077,-21.4751
11.468,-1,-0.00423077,-21.5359
11.47,-1,-0.0043315,-21.5311
11.472,-1,-0.00352564,-21.5621
11.474,-1,-0.00413004,-21.5779
11.476,-1,-0.00392857,-21.5795
11.478,-1,-0.00392857,-21.4866
11.48,-1,-0.00312271,-21.5206
11.482,-1,-0.00372711,-21.4579
11.484,-1,-0.00413004,-21.5034
11.486,-1,-0.00352564,-21.4694
11.488,-1,-0.0043315,-21.4189
11.49,-1,-0.0046337,-21.4439
11.492,-1,-0.00413004,-21.448
11.494,-1,-0.00372711,-21.4049
11.496,-1,-0.00423077,-21.4148
11.498,-1,-0.00453297,-21.4044
11.5,-1,-0.0052381,-21.4335
11.502,-1,-0.00503663,-21.4407
11.504,-1,-0.00372711,-21.4288
11.506,-1,-0.00453297,-21.4231
11.508,-1,-0.00392857,-21.4132
11.51,-1,-0.00362637,-21.4163
11.512,-1,-0.00443223,-21.421
11.514,-1,-0.0043315,-21.4746
11.516,-1,-0.00533883,-21.4694
11.518,-1,-0.00423077,-21.484
11.52,-1,-0.00372711,-21.529
11.522,-1,-0.00261905,-21.5332
11.524,-1,-0.00352564,-21.5584
11.526,-1,-0.00382784,-21.6054
11.528,-1,-0.0043315,-21.6239
11.53,-1,-0.00392857,-21.6429
11.532,-1,-0.00342491,-21.6308
11.534,-1,-0.00292125,-21.6334
11.536,-1,-0.00332418,-21.6006
11.538,-1,-0.00312271,-21.5948
11.54,-1,-0.00413004,-21.6027
11.542,-1,-0.00443223,-21.6658
11.544,-1,-0.00372711,-21.6281
11.546,-1,-0.00342491,-21.6154
11.548,-1,-0.00342491,-21.6207
11.55,-1,-0.00261905,-21.5684
11.552,-1,-0.00362637,-21.5937
11.554,-1,-0.00382784,-21.5901
11.556,-1,-0.00231685,-21.6117
11.558,-1,-0.00322344,-21.549
11.56,-1,-0.00352564,-21.5254
11.562,-1,-0.00292125,-21.4564
11.564,-1,-0.00322344,-21.3233
11.566,-1,-0.00352564,-21.4168
11.568,-1,-0.00413004,-21.4402
11.57,-1,-0.00423077,-21.38
11.572,-1,-0.00352564,-21.3151
11.574,-1,-0.00251832,-21.3568
11.576,-1,-0.00312271,-21.349
11.578,-1,-0.00352564,-21.347
11.58,-1,-0.00382784,-21.3961
11.582,-1,-0.00362637,-21.4283
11.584,-1,-0.00332418,-21.3718
11.586,-1,-0.00342491,-21.3022
11.588,-1,-0.00322344,-21.2981
11.59,-1,-0.00362637,-21.2704
11.592,-1,-0.00362637,-21.2755
11.594,-1,-0.00312271,-21.3356
11.596,-1,-0.00352564,-21.3315
11.598,-1,-0.00382784,-21.3465
11.6,-1,-0.0040293,-21.331
11.602,-1,-0.00312271,-21.3645
11.604,-1,-0.0043315,-21.4049
11.606,-1,-0.0040293,-21.4199
11.608,-1,-0.00362637,-21.4148
11.61,-1,-0.00413004,-21.4236
11.612,-1,-0.00413004,-21.4595
11.614,-1,-0.00271978,-21.4116
11.616,-1,-0.00372711,-21.4376
11.618,-1,-0.00322344,-21.4075
11.62,-1,-0.00382784,-21.4096
11.622,-1,-0.00443223,-21.4013
11.624,-1,-0.00382784,-21.5164
11.626,-1,-0.0040293,-21.4751
11.628,-1,-0.00322344,-21.4335
11.63,-1,-0.0046337,-21.4168
11.632,-1,-0.00312271,-21.3826
11.634,-1,-0.00503663,-21.4236
11.636,-1,-0.00453297,-21.4335
11.638,-1,-0.00423077,-21.4626
11.64,-1,-0.00382784,-21.4065
11.642,-1,-0.00362637,-21.3909
11.644,-1,-0.0043315,-21.4163
11.646,-1,-0.00302198,-21.4023
11.648,-1,-0.0049359,-21.4215
11.65,-1,-0.00483516,-21.3945
11.652,-1,-0.00382784,-21.434
11.654,-1,-0.00322344,-21.3987
11.656,-1,-0.00382784,-21.4637
11.658,-1,-0.00322344,-21.4777
11.66,-1,-0.00453297,-21.5055
11.662,-1,-0.00392857,-21.5453
11.664,-1,-0.0040293,-21.5222
11.666,-1,-0.0040293,-21.4793
11.668,-1,-0.00372711,-21.5637
11.67,-1,-0.00342491,-21.5922
11.672,-1,-0.0040293,-21.6022
11.674,-1,-0.0040293,-21.6514
11.676,-1,-0.00372711,-21.7057
11.678,-1,-0.00342491,-21.679
11.68,-1,-0.00322344,-21.7003
11.682,-1,-0.00413004,-21.7393
11.684,-1,-0.00322344,-21.6769
11.686,-1,-0.00453297,-21.7356
11.688,-1,-0.00292125,-21.7784
11.69,-1,-0.00292125,-21.7586
11.692,-1,-0.00332418,-21.7431
11.694,-1,-0.00302198,-21.7233
11.696,-1,-0.00251832,-21.6945
11.698,-1,-0.00312271,-21.6408
11.7,-1,-0.0040293,-21.6647
11.702,-1,-0.00342491,-21.6466
11.704,-1,-0.00362637,-21.6281
11.706,-1,-0.00302198,-21.5985
11.708,-1,-0.00292125,-21.5595
11.71,-1,-0.00342491,-21.5485
11.712,-1,-0.00413004,-21.55
11.714,-1,-0.00372711,-21.5233
11.716,-1,-0.0040293,-21.5191
11.718,-1,-0.00282051,-21.5154
11.72,-1,-0.00241758,-21.4772
11.722,-1,-0.00282051,-21.4605
11.724,-1,-0.00312271,-21.471
11.726,-1,-0.0040293,-21.4725
11.728,-1,-0.0040293,-21.5002
11.73,-1,-0.00302198,-21.4736
11.732,-1,-0.00382784,-21.4564
11.734,-1,-0.0040293,-21.5065
11.736,-1,-0.00312271,-21.5227
11.738,-1,-0.00342491,-21.5138
11.74,-1,-0.00322344,-21.56
11.742,-1,-0.00372711,-21.5721
11.744,-1,-0.00271978,-21.5837
11.746,-1,-0.00292125,-21.5964
11.748,-1,-0.00271978,-21.6138
11.75,-1,-0.00292125,-21.5495
11.752,-1,-0.00312271,-21.5427
11.754,-1,-0.00372711,-21.5959
11.756,-1,-0.0043315,-21.6154
11.758,-1,-0.00282051,-21.5364
11.76,-1,-0.00322344,-21.5937
11.762,-1,-0.00271978,-21.5916
11.764,-1,-0.00362637,-21.6207
11.766,-1,-0.00372711,-21.6371
11.768,-1,-0.00392857,-21.6382
11.77,-1,-0.00372711,-21.5448
11.772,-1,-0.00372711,-21.5832
11.774,-1,-0.00261905,-21.5217
11.776,-1,-0.00342491,-21.5669
11.778,-1,-0.0040293,-21.5327
11.78,-1,-0.00372711,-21.4861
11.782,-1,-0.0046337,-21.5123
11.784,-1,-0.00423077,-21.5149
11.786,-1,-0.00413004,-21.4767
11.788,-1,-0.00292125,-21.4903
11.79,-1,-0.00372711,-21.4767
11.792,-1,-0.00382784,-21.5018
11.794,-1,-0.00362637,-21.5018
11.796,-1,-0.00413004,-21.4882
11.798,-1,-0.00352564,-21.4851
11.8,-1,-0.00443223,-21.4715
11.802,-1,-0.00372711,-21.4689
11.804,-1,-0.0046337,-21.4788
11.806,-1,-0.00413004,-21.5311
11.808,-1,-0.00443223,-21.5264
11.81,-1,-0.00413004,-21.5369
11.812,-1,-0.00302198,-21.5763
11.814,-1,-0.00392857,-21.5811
11.816,-1,-0.00372711,-21.6075
11.818,-1,-0.00352564,-21.6557
11.82,-1,-0.00362637,-21.6727
11.822,-1,-0.00382784,-21.6844
11.824,-1,-0.00332418,-21.6716
11.826,-1,-0.00312271,-21.6743
11.828,-1,-0.00332418,-21.6398
11.83,-1,-0.00221612,-21.6313
11.832,-1,-0.00362637,-21.6313
11.834,-1,-0.00271978,-21.6924
11.836,-1,-0.00382784,-21.6482
11.838,-1,-0.00413004,-21.6334
11.84,-1,-0.00312271,-21.6313
11.842,-1,-0.00312271,-21.58
11.844,-1,-0.00332418,-21.6022
11.846,-1,-0.00443223,-21.6006
11.848,-1,-0.00271978,-21.627
11.85,-1,-0.00312271,-21.5611
11.852,-1,-0.00261905,-21.5432
11.854,-1,-0.00352564,-21.4762
11.856,-1,-0.00282051,-21.3403
11.858,-1,-0.00372711,-21.4324
11.86,-1,-0.00483516,-21.4642
11.862,-1,-0.0040293,-21.4023
11.864,-1,-0.00362637,-21.3367
11.866,-1,-0.00382784,-21.3894
11.868,-1,-0.00282051,-21.3821
11.87,-1,-0.00372711,-21.3831
11.872,-1,-0.00362637,-21.4392
11.874,-1,-0.0043315,-21.4751
11.876,-1,-0.00322344,-21.4168
11.878,-1,-0.00292125,-21.3501
11.88,-1,-0.00312271,-21.3496
11.882,-1,-0.00362637,-21.3568
11.884,-1,-0.00392857,-21.3465
11.886,-1,-0.0040293,-21.3785
11.888,-1,-0.00392857,-21.4091
11.89,-1,-0.00292125,-21.4168
11.892,-1,-0.00221612,-21.4039
11.894,-1,-0.00271978,-21.4387
11.896,-1,-0.00292125,-21.4762
11.898,-1,-0.00241758,-21.484
11.9,-1,-0.00382784,-21.4783
11.902,-1,-0.00372711,-21.4845
11.904,-1,-0.00302198,-21.5159
11.906,-1,-0.00362637,-21.4684
11.908,-1,-0.00352564,-21.4856
11.91,-1,-0.00231685,-21.4501
11.912,-1,-0.00292125,-21.4538
11.914,-1,-0.00413004,-21.4397
11.916,-1,-0.00372711,-21.5553
11.918,-1,-0.00322344,-21.5065
11.92,-1,-0.00382784,-21.4673
11.922,-1,-0.00382784,-21.4449
11.924,-1,-0.00392857,-21.3987
11.926,-1,-0.00392857,-21.4418
11.928,-1,-0.00352564,-21.4454
11.93,-1,-0.0040293,-21.4652
11.932,-1,-0.00382784,-21.408
11.934,-1,-0.00312271,-21.3888
11.936,-1,-0.00282051,-21.4106
11.938,-1,-0.00271978,-21.3961
11.94,-1,-0.00513736,-21.4142
11.942,-1,-0.00473443,-21.3888
11.944,-1,-0.00413004,-21.4277
11.946,-1,-0.0049359,-21.3935
11.948,-1,-0.00392857,-21.4574
11.95,-1,-0.00392857,-21.473
11.952,-1,-0.00503663,-21.4971
11.954,-1,-0.00453297,-21.538
11.956,-1,-0.00312271,-21.5123
11.958,-1,-0.00312271,-21.4694
11.96,-1,-0.00382784,-21.5548
11.962,-1,-0.00261905,-21.5853
11.964,-1,-0.00312271,-21.5932
11.966,-1,-0.0040293,-21.6488
11.968,-1,-0.00382784,-21.6934
11.97,-1,-0.00362637,-21.6833
11.972,-1,-0.00271978,-21.6929
11.974,-1,-0.00443223,-21.6498
11.976,-1,-0.00423077,-21.6647
11.978,-1,-0.00271978,-21.678
11.98,-1,-0.00372711,-21.7591
11.982,-1,-0.00292125,-21.7431
11.984,-1,-0.00241758,-21.7302
11.986,-1,-0.00251832,-21.7094
11.988,-1,-0.00382784,-21.6844
11.99,-1,-0.00302198,-21.6345
11.992,-1,-0.00342491,-21.6562
11.994,-1,-0.00352564,-21.6371
11.996,-1,-0.00423077,-21.6191
11.998,-1,-0.00322344,-21.5953
12,-0.9,-0.00382784,-21.5516
12.002,-0.9,0.00231685,-21.4225
12.004,-0.9,0.00211538,-21.2091
12.006,-0.9,0.00120879,-20.9229
12.008,-0.9,0.000604396,-20.7314
12.01,-0.9,-0.000201465,-20.5153
12.012,-0.9,-0.000805861,-20.3335
12.014,-0.9,-0.000705128,-20.2038
12.016,-0.9,-0.00110806,-20.0707
12.018,-0.9,-0.000604396,-19.9286
12.02,-0.9,-0.00161172,-19.8324
12.022,-0.9,-0.00251832,-19.7499
12.024,-0.9,-0.00251832,-19.7037
12.026,-0.9,-0.00201465,-19.5949
12.028,-0.9,-0.00271978,-19.5381
12.03,-0.9,-0.00251832,-19.5075
12.032,-0.9,-0.00342491,-19.4748
12.034,-0.9,-0.00322344,-19.4765
12.036,-0.9,-0.00231685,-19.477
12.038,-0.9,-0.00282051,-19.4085
12.04,-0.9,-0.00191392,-19.3783
12.042,-0.9,-0.00171245,-19.3304
12.044,-0.9,-0.00271978,-19.2932
12.046,-0.9,-0.00292125,-19.2878
12.048,-0.9,-0.00352564,-19.2794
12.05,-0.9,-0.00352564,-19.2781
12.052,-0.9,-0.00292125,-19.219
12.054,-0.9,-0.00292125,-19.1893
12.056,-0.9,-0.00312271,-19.1818
12.058,-0.9,-0.00332418,-19.1839
12.06,-0.9,-0.00423077,-19.1507
12.062,-0.9,-0.00352564,-19.1552
12.064,-0.9,-0.00372711,-19.1952
12.066,-0.9,-0.0043315,-19.176
12.068,-0.9,-0.0040293,-19.186
12.07,-0.9,-0.00342491,-19.1565
12.072,-0.9,-0.00332418,-19.0919
12.074,-0.9,-0.00362637,-19.059
12.076,-0.9,-0.00302198,-19.0511
12.078,-0.9,-0.00372711,-19.0335
12.08,-0.9,-0.00413004,-19.0327
12.082,-0.9,-0.00392857,-19.0754
12.084,-0.9,-0.0040293,-19.0298
12.086,-0.9,-0.00453297,-19.0425
12.088,-0.9,-0.00372711,-19.0065
12.09,-0.9,-0.00342491,-18.9967
12.092,-0.9,-0.00483516,-18.9824
12.094,-0.9,-0.00413004,-19.0298
12.096,-0.9,-0.00443223,-19.0245
12.098,-0.9,-0.00382784,-19.0097
12.1,-0.9,-0.0043315,-19.0122
12.102,-0.9,-0.00342491,-18.9746
12.104,-0.9,-0.0040293,-18.9767
12.106,-0.9,-0.00453297,-18.9889
12.108,-0.9,-0.00503663,-19.0314
12.11,-0.9,-0.00473443,-19.075
12.112,-0.9,-0.00392857,-19.0816
12.114,-0.9,-0.0046337,-19.0791
12.116,-0.9,-0.00352564,-19.0894
12.118,-0.9,-0.00392857,-19.1187
12.12,-0.9,-0.00332418,-19.127
12.122,-0.9,-0.00362637,-19.1357
12.124,-0.9,-0.00382784,-19.1968
12.126,-0.9,-0.00362637,-19.2119
12.128,-0.9,-0.00302198,-19.2006
12.13,-0.9,-0.00271978,-19.1856
12.132,-0.9,-0.00261905,-19.1843
12.134,-0.9,-0.00312271,-19.1523
12.136,-0.9,-0.0040293,-19.159
12.138,-0.9,-0.00352564,-19.1856
12.14,-0.9,-0.00352564,-19.2236
12.142,-0.9,-0.00332418,-19.1798
12.144,-0.9,-0.00352564,-19.1802
12.146,-0.9,-0.00342491,-19.1843
12.148,-0.9,-0.00251832,-19.1864
12.15,-0.9,-0.00312271,-19.1598
12.152,-0.9,-0.00382784,-19.127
12.154,-0.9,-0.00362637,-19.1266
12.156,-0.9,-0.00292125,-19.1196
12.158,-0.9,-0.00282051,-19.0754
12.16,-0.9,-0.00352564,-19.0462
12.162,-0.9,-0.00382784,-18.9934
12.164,-0.9,-0.00372711,-19.0282
12.166,-0.9,-0.0043315,-19.0557
12.168,-0.9,-0.00362637,-18.9437
12.17,-0.9,-0.00382784,-18.9028
12.172,-0.9,-0.0040293,-18.9024
12.174,-0.9,-0.00392857,-18.8411
12.176,-0.9,-0.00251832,-18.8846
12.178,-0.9,-0.00392857,-18.8798
12.18,-0.9,-0.0043315,-18.8786
12.182,-0.9,-0.00352564,-18.8343
12.184,-0.9,-0.00483516,-18.8255
12.186,-0.9,-0.00413004,-18.8858
12.188,-0.9,-0.00372711,-18.8685
12.19,-0.9,-0.00332418,-18.862
12.192,-0.9,-0.00352564,-18.862
12.194,-0.9,-0.00362637,-18.8475
12.196,-0.9,-0.00443223,-18.8761
12.198,-0.9,-0.00413004,-18.8769
12.2,-0.9,-0.00423077,-18.9311
12.202,-0.9,-0.0043315,-18.9718
12.204,-0.9,-0.00352564,-18.9832
12.206,-0.9,-0.00342491,-18.9734
12.208,-0.9,-0.00382784,-18.9706
12.21,-0.9,-0.00302198,-19.0065
12.212,-0.9,-0.00292125,-19.0196
12.214,-0.9,-0.00413004,-19.0384
12.216,-0.9,-0.00362637,-19.0577
12.218,-0.9,-0.0040293,-19.0409
12.22,-0.9,-0.00282051,-19.0159
12.222,-0.9,-0.00342491,-19.0102
12.224,-0.9,-0.00282051,-18.9742
12.226,-0.9,-0.00382784,-18.9828
12.228,-0.9,-0.00322344,-18.9763
12.23,-0.9,-0.00423077,-18.9702
12.232,-0.9,-0.00413004,-18.8983
12.234,-0.9,-0.00332418,-18.9084
12.236,-0.9,-0.00392857,-18.9478
12.238,-0.9,-0.00342491,-18.9409
12.24,-0.9,-0.00392857,-18.9474
12.242,-0.9,-0.00342491,-18.9255
12.244,-0.9,-0.00413004,-18.9669
12.246,-0.9,-0.00423077,-18.9803
12.248,-0.9,-0.0040293,-18.9954
12.25,-0.9,-0.00392857,-18.9767
12.252,-0.9,-0.0040293,-18.9567
12.254,-0.9,-0.00453297,-18.9299
12.256,-0.9,-0.00352564,-18.9344
12.258,-0.9,-0.00362637,-18.949
12.26,-0.9,-0.00473443,-18.9543
12.262,-0.9,-0.00392857,-18.9307
12.264,-0.9,-0.00372711,-18.9417
12.266,-0.9,-0.00382784,-18.936
12.268,-0.9,-0.00382784,-18.9429
12.27,-0.9,-0.0040293,-18.9946
12.272,-0.9,-0.00372711,-19.0102
12.274,-0.9,-0.0046337,-19.0581
12.276,-0.9,-0.00382784,-19.0841
12.278,-0.9,-0.00312271,-19.0585
12.28,-0.9,-0.00322344,-19.0228
12.282,-0.9,-0.00342491,-19.0651
12.284,-0.9,-0.00292125,-19.0964
12.286,-0.9,-0.00282051,-19.1444
12.288,-0.9,-0.00382784,-19.1648
12.29,-0.9,-0.0040293,-19.1827
12.292,-0.9,-0.0040293,-19.2206
12.294,-0.9,-0.00322344,-19.2081
12.296,-0.9,-0.00282051,-19.2081
12.298,-0.9,-0.0043315,-19.2437
12.3,-0.9,-0.00271978,-19.2294
12.302,-0.9,-0.00392857,-19.2286
12.304,-0.9,-0.00352564,-19.2119
12.306,-0.9,-0.00413004,-19.2416
12.308,-0.9,-0.00261905,-19.2215
12.31,-0.9,-0.00241758,-19.2206
12.312,-0.9,-0.00382784,-19.2014
12.314,-0.9,-0.00282051,-19.1723
12.316,-0.9,-0.00271978,-19.1196
12.318,-0.9,-0.0043315,-19.1407
12.32,-0.9,-0.00392857,-19.1328
12.322,-0.9,-0.00352564,-19.1332
12.324,-0.9,-0.00342491,-19.0804
12.326,-0.9,-0.00271978,-19.0536
12.328,-0.9,-0.0040293,-19.0635
12.33,-0.9,-0.00372711,-19.0228
12.332,-0.9,-0.0040293,-19.0282
12.334,-0.9,-0.00372711,-19.0351
12.336,-0.9,-0.0040293,-18.9873
12.338,-0.9,-0.00282051,-18.9612
12.34,-0.9,-0.00443223,-18.949
12.342,-0.9,-0.00362637,-18.9352
12.344,-0.9,-0.00312271,-18.9441
12.346,-0.9,-0.00382784,-18.9409
12.348,-0.9,-0.00362637,-18.9429
12.35,-0.9,-0.00423077,-18.9722
12.352,-0.9,-0.00423077,-18.9775
12.354,-0.9,-0.00352564,-18.949
12.356,-0.9,-0.00352564,-18.9494
12.358,-0.9,-0.00312271,-18.9734
12.36,-0.9,-0.00362637,-18.9795
12.362,-0.9,-0.00362637,-19.0237
12.364,-0.9,-0.00372711,-19.0573
12.366,-0.9,-0.00322344,-19.0396
12.368,-0.9,-0.00362637,-19.0372
12.37,-0.9,-0.00352564,-19.0376
12.372,-0.9,-0.00292125,-19.0114
12.374,-0.9,-0.00312271,-19.0032
12.376,-0.9,-0.00292125,-19.0171
12.378,-0.9,-0.00392857,-19.0499
12.38,-0.9,-0.00372711,-19.054
12.382,-0.9,-0.00362637,-19.0118
12.384,-0.9,-0.00382784,-19.0032
12.386,-0.9,-0.00392857,-19.0093
12.388,-0.9,-0.00362637,-19.0273
12.39,-0.9,-0.00362637,-19.0089
12.392,-0.9,-0.00392857,-19.0216
12.394,-0.9,-0.00413004,-19.082
12.396,-0.9,-0.0040293,-19.0754
12.398,-0.9,-0.00392857,-19.1026
12.4,-0.9,-0.00372711,-19.082
12.402,-0.9,-0.00352564,-19.0261
12.404,-0.9,-0.00312271,-19.0052
12.406,-0.9,-0.00352564,-19.0052
12.408,-0.9,-0.00392857,-19.0016
12.41,-0.9,-0.00543956,-19.0102
12.412,-0.9,-0.00423077,-19.0598
12.414,-0.9,-0.00473443,-19.0466
12.416,-0.9,-0.00423077,-19.0495
12.418,-0.9,-0.00352564,-19.0249
12.42,-0.9,-0.00372711,-19.0196
12.422,-0.9,-0.00312271,-19.0159
12.424,-0.9,-0.00443223,-19.0696
12.426,-0.9,-0.00453297,-19.068
12.428,-0.9,-0.00392857,-19.061
12.43,-0.9,-0.00312271,-19.0655
12.432,-0.9,-0.00332418,-19.0298
12.434,-0.9,-0.00352564,-19.0335
12.436,-0.9,-0.00362637,-19.0474
12.438,-0.9,-0.00382784,-19.0981
12.44,-0.9,-0.00413004,-19.1399
12.442,-0.9,-0.00362637,-19.1511
12.444,-0.9,-0.00342491,-19.1399
12.446,-0.9,-0.00352564,-19.1465
12.448,-0.9,-0.00392857,-19.1777
12.45,-0.9,-0.00453297,-19.1873
12.452,-0.9,-0.00372711,-19.1931
12.454,-0.9,-0.00382784,-19.2541
12.456,-0.9,-0.00322344,-19.2646
12.458,-0.9,-0.00322344,-19.2546
12.46,-0.9,-0.00302198,-19.2395
12.462,-0.9,-0.00312271,-19.2395
12.464,-0.9,-0.00312271,-19.1973
12.466,-0.9,-0.00352564,-19.2052
12.468,-0.9,-0.00282051,-19.2269
12.47,-0.9,-0.00382784,-19.2693
12.472,-0.9,-0.00322344,-19.2248
12.474,-0.9,-0.00261905,-19.2211
12.476,-0.9,-0.00362637,-19.2319
12.478,-0.9,-0.00342491,-19.2328
12.48,-0.9,-0.00332418,-19.2081
12.482,-0.9,-0.00302198,-19.1781
12.484,-0.9,-0.00342491,-19.1768
12.486,-0.9,-0.00352564,-19.1743
12.488,-0.9,-0.00342491,-19.1366
12.49,-0.9,-0.00362637,-19.1035
12.492,-0.9,-0.00282051,-19.0565
12.494,-0.9,-0.00342491,-19.0927
12.496,-0.9,-0.00302198,-19.1216
12.498,-0.9,-0.00382784,-19.0138
12.5,-0.9,-0.00382784,-18.9474
12.502,-0.9,-0.00392857,-18.8979
12.504,-0.9,-0.00292125,-18.9816
12.506,-0.9,-0.00322344,-18.9527
12.508,-0.9,-0.00372711,-18.9453
12.51,-0.9,-0.00372711,-18.9494
12.512,-0.9,-0.00352564,-18.9036
12.514,-0.9,-0.0043315,-18.9008
12.516,-0.9,-0.0040293,-18.9632
12.518,-0.9,-0.00282051,-18.9405
12.52,-0.9,-0.00302198,-18.9328
12.522,-0.9,-0.00292125,-18.9393
12.524,-0.9,-0.00352564,-18.9332
12.526,-0.9,-0.00322344,-18.9271
12.528,-0.9,-0.00342491,-18.9885
12.53,-0.9,-0.00392857,-19.0085
12.532,-0.9,-0.00312271,-19.0265
12.534,-0.9,-0.00322344,-19.0376
12.536,-0.9,-0.00332418,-19.0278
12.538,-0.9,-0.00292125,-19.0237
12.54,-0.9,-0.00322344,-19.0581
12.542,-0.9,-0.00382784,-19.0676
12.544,-0.9,-0.0040293,-19.0684
12.546,-0.9,-0.00332418,-19.068
12.548,-0.9,-0.00241758,-19.0561
12.55,-0.9,-0.00241758,-19.061
12.552,-0.9,-0.00322344,-19.0573
12.554,-0.9,-0.00181319,-19.0265
12.556,-0.9,-0.00322344,-19.0327
12.558,-0.9,-0.00352564,-19.0343
12.56,-0.9,-0.0046337,-19.0245
12.562,-0.9,-0.00322344,-19.1237
12.564,-0.9,-0.00342491,-19.0832
12.566,-0.9,-0.00352564,-19.0355
12.568,-0.9,-0.00322344,-19.0466
12.57,-0.9,-0.00392857,-19.0364
12.572,-0.9,-0.00342491,-19.0487
12.574,-0.9,-0.00473443,-19.031
12.576,-0.9,-0.00362637,-19.0495
12.578,-0.9,-0.00271978,-19.059
12.58,-0.9,-0.00271978,-19.0438
12.582,-0.9,-0.00372711,-18.9889
12.584,-0.9,-0.00261905,-18.9571
12.586,-0.9,-0.00392857,-18.9832
12.588,-0.9,-0.00443223,-19.0016
12.59,-0.9,-0.00443223,-19.0065
12.592,-0.9,-0.00362637,-19.013
12.594,-0.9,-0.00392857,-19.022
12.596,-0.9,-0.00372711,-18.9877
12.598,-0.9,-0.00392857,-18.9954
12.6,-0.9,-0.00392857,-19.0495
12.602,-0.9,-0.0043315,-19.0981
12.604,-0.9,-0.00392857,-19.1167
12.606,-0.9,-0.00312271,-19.1478
12.608,-0.9,-0.00332418,-19.1606
12.61,-0.9,-0.00251832,-19.1536
12.612,-0.9,-0.00392857,-19.1262
12.614,-0.9,-0.00362637,-19.1536
12.616,-0.9,-0.00282051,-19.1793
12.618,-0.9,-0.00312271,-19.214
12.62,-0.9,-0.00372711,-19.2571
12.622,-0.9,-0.0043315,-19.2286
12.624,-0.9,-0.00302198,-19.2303
12.626,-0.9,-0.00261905,-19.2294
12.628,-0.9,-0.00282051,-19.2252
12.63,-0.9,-0.00282051,-19.242
12.632,-0.9,-0.00261905,-19.297
12.634,-0.9,-0.00292125,-19.338
12.636,-0.9,-0.00332418,-19.2743
12.638,-0.9,-0.00251832,-19.2483
12.64,-0.9,-0.00231685,-19.2265
12.642,-0.9,-0.00261905,-19.2227
12.644,-0.9,-0.00292125,-19.2123
12.646,-0.9,-0.00271978,-19.2006
12.648,-0.9,-0.00282051,-19.2018
12.65,-0.9,-0.0040293,-19.2114
12.652,-0.9,-0.00372711,-19.1877
12.654,-0.9,-0.00352564,-19.1544
12.656,-0.9,-0.00342491,-19.1262
12.658,-0.9,-0.00332418,-19.0878
12.66,-0.9,-0.0040293,-19.0898
12.662,-0.9,-0.00362637,-19.0845
12.664,-0.9,-0.00332418,-19.1511
12.666,-0.9,-0.00322344,-19.1072
12.668,-0.9,-0.00322344,-19.052
12.67,-0.9,-0.00322344,-19.0167
12.672,-0.9,-0.00332418,-19.0085
12.674,-0.9,-0.0040293,-18.9975
12.676,-0.9,-0.00382784,-18.9816
12.678,-0.9,-0.00332418,-18.9967
12.68,-0.9,-0.0043315,-19.0421
12.682,-0.9,-0.00423077,-19.0151
12.684,-0.9,-0.00362637,-19.038
12.686,-0.9,-0.00503663,-19.0417
12.688,-0.9,-0.00362637,-19.0536
12.69,-0.9,-0.00372711,-19.0668
12.692,-0.9,-0.00312271,-19.0853
12.694,-0.9,-0.00362637,-19.1287
12.696,-0.9,-0.00302198,-19.1266
12.698,-0.9,-0.00261905,-19.1382
12.7,-0.9,-0.00271978,-19.1349
12.702,-0.9,-0.00322344,-19.1312
12.704,-0.9,-0.00251832,-19.0902
12.706,-0.9,-0.00312271,-19.0919
12.708,-0.9,-0.00413004,-19.1241
12.71,-0.9,-0.00322344,-19.1706
12.712,-0.9,-0.00413004,-19.1877
12.714,-0.9,-0.00322344,-19.1585
12.716,-0.9,-0.00342491,-19.1345
12.718,-0.9,-0.00352564,-19.1328
12.72,-0.9,-0.00271978,-19.1656
12.722,-0.9,-0.00392857,-19.1852
12.724,-0.9,-0.00342491,-19.149
12.726,-0.9,-0.00332418,-19.132
12.728,-0.9,-0.00282051,-19.1055
12.73,-0.9,-0.00342491,-19.0808
12.732,-0.9,-0.00322344,-19.0878
12.734,-0.9,-0.00322344,-19.1063
12.736,-0.9,-0.00392857,-19.0709
12.738,-0.9,-0.00362637,-19.0368
12.74,-0.9,-0.00443223,-19.059
12.742,-0.9,-0.00382784,-19.0179
12.744,-0.9,-0.00423077,-19.0319
12.746,-0.9,-0.00332418,-19.0118
12.748,-0.9,-0.00362637,-18.993
12.75,-0.9,-0.0040293,-19.0077
12.752,-0.9,-0.00483516,-19.0474
12.754,-0.9,-0.00413004,-19.0577
12.756,-0.9,-0.0040293,-19.0438
12.758,-0.9,-0.00382784,-19.0405
12.76,-0.9,-0.00362637,-19.0507
12.762,-0.9,-0.00271978,-19.052
12.764,-0.9,-0.00271978,-19.0931
12.766,-0.9,-0.00423077,-19.0622
12.768,-0.9,-0.00382784,-19.0853
12.77,-0.9,-0.00453297,-19.103
12.772,-0.9,-0.00453297,-19.1109
12.774,-0.9,-0.00382784,-19.154
12.776,-0.9,-0.00423077,-19.1594
12.778,-0.9,-0.00332418,-19.1835
12.78,-0.9,-0.00352564,-19.1923
12.782,-0.9,-0.00413004,-19.2023
12.784,-0.9,-0.00332418,-19.2575
12.786,-0.9,-0.0040293,-19.2655
12.788,-0.9,-0.00352564,-19.2466
12.79,-0.9,-0.00282051,-19.2361
12.792,-0.9,-0.00282051,-19.2039
12.794,-0.9,-0.00342491,-19.1939
12.796,-0.9,-0.00332418,-19.2307
12.798,-0.9,-0.00362637,-19.2248
12.8,-0.9,-0.00302198,-19.2035
12.802,-0.9,-0.00352564,-19.1873
12.804,-0.9,-0.00362637,-19.1939
12.806,-0.9,-0.00261905,-19.1544
12.808,-0.9,-0.00271978,-19.1299
12.81,-0.9,-0.00352564,-19.1473
12.812,-0.9,-0.00423077,-19.1515
12.814,-0.9,-0.00392857,-19.1773
12.816,-0.9,-0.00312271,-19.1092
12.818,-0.9,-0.00322344,-19.0882
12.82,-0.9,-0.00231685,-19.052
12.822,-0.9,-0.00211538,-18.9963
12.824,-0.9,-0.00392857,-19.0012
12.826,-0.9,-0.00261905,-18.9575
12.828,-0.9,-0.00332418,-18.9869
12.83,-0.9,-0.00392857,-19.0898
12.832,-0.9,-0.00423077,-18.9795
12.834,-0.9,-0.00382784,-18.9376
12.836,-0.9,-0.00362637,-18.9466
12.838,-0.9,-0.00413004,-18.9445
12.84,-0.9,-0.0040293,-18.9036
12.842,-0.9,-0.00423077,-18.9567
12.844,-0.9,-0.00513736,-18.908
12.846,-0.9,-0.00382784,-18.9498
12.848,-0.9,-0.00332418,-18.9178
12.85,-0.9,-0.00292125,-18.9368
12.852,-0.9,-0.00352564,-18.9364
12.854,-0.9,-0.00332418,-18.9117
12.856,-0.9,-0.00362637,-18.9194
12.858,-0.9,-0.00382784,-18.9328
12.86,-0.9,-0.0040293,-18.96
12.862,-0.9,-0.00332418,-18.9759
12.864,-0.9,-0.00201465,-18.9579
12.866,-0.9,-0.00352564,-19.002
12.868,-0.9,-0.00362637,-18.9946
12.87,-0.9,-0.00332418,-18.9971
12.872,-0.9,-0.00362637,-19.0388
12.874,-0.9,-0.00413004,-19.075
12.876,-0.9,-0.00342491,-19.0705
12.878,-0.9,-0.00312271,-19.0758
12.88,-0.9,-0.00352564,-19.0319
12.882,-0.9,-0.00392857,-19.0257
12.884,-0.9,-0.00352564,-19.0323
12.886,-0.9,-0.00322344,-19.0438
12.888,-0.9,-0.00362637,-19.0787
12.89,-0.9,-0.00382784,-19.0775
12.892,-0.9,-0.00302198,-19.0762
12.894,-0.9,-0.00342491,-19.0302
12.896,-0.9,-0.00372711,-19.0335
12.898,-0.9,-0.00292125,-19.0126
12.9,-0.9,-0.00322344,-19.0372
12.902,-0.9,-0.00392857,-19.0175
12.904,-0.9,-0.00413004,-19.0249
12.906,-0.9,-0.00332418,-19.0183
12.908,-0.9,-0.00382784,-19.0044
12.91,-0.9,-0.00241758,-19.0032
12.912,-0.9,-0.00322344,-19.0253
12.914,-0.9,-0.00231685,-18.9979
12.916,-0.9,-0.00382784,-18.9848
12.918,-0.9,-0.00453297,-19.0228
12.92,-0.9,-0.00443223,-19.0651
12.922,-0.9,-0.00372711,-19.0429
12.924,-0.9,-0.00423077,-19.0081
12.926,-0.9,-0.00282051,-19.0257
12.928,-0.9,-0.00342491,-19.0454
12.93,-0.9,-0.00352564,-19.0413
12.932,-0.9,-0.0043315,-19.0853
12.934,-0.9,-0.00382784,-19.1258
12.936,-0.9,-0.00231685,-19.1258
12.938,-0.9,-0.00251832,-19.181
12.94,-0.9,-0.00322344,-19.2165
12.942,-0.9,-0.00392857,-19.1868
12.944,-0.9,-0.00392857,-19.1536
12.946,-0.9,-0.00362637,-19.1793
12.948,-0.9,-0.00413004,-19.2395
12.95,-0.9,-0.00312271,-19.2756
12.952,-0.9,-0.00302198,-19.2474
12.954,-0.9,-0.00221612,-19.2345
12.956,-0.9,-0.00352564,-19.2374
12.958,-0.9,-0.00322344,-19.224
12.96,-0.9,-0.00342491,-19.2571
12.962,-0.9,-0.00392857,-19.2781
12.964,-0.9,-0.00392857,-19.3055
12.966,-0.9,-0.00241758,-19.2987
12.968,-0.9,-0.00292125,-19.281
12.97,-0.9,-0.00322344,-19.234
12.972,-0.9,-0.00282051,-19.1939
12.974,-0.9,-0.00372711,-19.1998
12.976,-0.9,-0.00312271,-19.1918
12.978,-0.9,-0.0040293,-19.196
12.98,-0.9,-0.00413004,-19.1756
12.982,-0.9,-0.00372711,-19.1349
12.984,-0.9,-0.00382784,-19.1299
12.986,-0.9,-0.0040293,-19.0948
12.988,-0.9,-0.00352564,-19.103
12.99,-0.9,-0.00453297,-19.0944
12.992,-0.9,-0.00443223,-19.0919
12.994,-0.9,-0.00322344,-19.0635
12.996,-0.9,-0.0040293,-19.0565
12.998,-0.9,-0.00322344,-19.0692
13,-0.8,-0.00251832,-19.0265
13.002,-0.8,0.00332418,-18.883
13.004,-0.8,0.00181319,-18.6424
13.006,-0.8,0.00141026,-18.4135
13.008,-0.8,0.000705128,-18.2094
13.01,-0.8,-0.000604396,-18.0328
13.012,-0.8,0.000100733,-17.8937
13.014,-0.8,-0.000604396,-17.7574
13.016,-0.8,-0.000805861,-17.626
13.018,-0.8,-0.00040293,-17.5222
13.02,-0.8,-0.00141026,-17.4461
13.022,-0.8,-0.00130952,-17.3891
13.024,-0.8,-0.000906593,-17.3443
13.026,-0.8,-0.00221612,-17.2512
13.028,-0.8,-0.00130952,-17.1838
13.03,-0.8,-0.00171245,-17.1335
13.032,-0.8,-0.00151099,-17.0785
13.034,-0.8,-0.00151099,-17.0393
13.036,-0.8,-0.00130952,-16.9605
13.038,-0.8,-0.00241758,-16.9166
13.04,-0.8,-0.00211538,-16.9371
13.042,-0.8,-0.00282051,-16.903
13.044,-0.8,-0.00312271,-16.8341
13.046,-0.8,-0.00271978,-16.79
13.048,-0.8,-0.00251832,-16.8165
13.05,-0.8,-0.00302198,-16.7874
13.052,-0.8,-0.00332418,-16.7756
13.054,-0.8,-0.00302198,-16.7515
13.056,-0.8,-0.00302198,-16.7293
13.058,-0.8,-0.00352564,-16.7448
13.06,-0.8,-0.00282051,-16.7033
13.062,-0.8,-0.00322344,-16.6608
13.064,-0.8,-0.00211538,-16.6508
13.066,-0.8,-0.00292125,-16.6229
13.068,-0.8,-0.00292125,-16.5979
13.07,-0.8,-0.00322344,-16.6201
13.072,-0.8,-0.00322344,-16.5811
13.074,-0.8,-0.0040293,-16.5814
13.076,-0.8,-0.00453297,-16.5342
13.078,-0.8,-0.00443223,-16.5724
13.08,-0.8,-0.00423077,-16.5432
13.082,-0.8,-0.00423077,-16.5145
13.084,-0.8,-0.00352564,-16.4966
13.086,-0.8,-0.00382784,-16.4729
13.088,-0.8,-0.0043315,-16.4972
13.09,-0.8,-0.00443223,-16.4923
13.092,-0.8,-0.00382784,-16.5358
13.094,-0.8,-0.00362637,-16.5284
13.096,-0.8,-0.00382784,-16.5055
13.098,-0.8,-0.00342491,-16.4953
13.1,-0.8,-0.00332418,-16.495
13.102,-0.8,-0.00443223,-16.5071
13.104,-0.8,-0.00332418,-16.4809
13.106,-0.8,-0.00413004,-16.4926
13.108,-0.8,-0.00362637,-16.5052
13.11,-0.8,-0.00392857,-16.5166
13.112,-0.8,-0.00392857,-16.5621
13.114,-0.8,-0.00423077,-16.5643
13.116,-0.8,-0.00392857,-16.5864
13.118,-0.8,-0.00473443,-16.6163
13.12,-0.8,-0.00352564,-16.6129
13.122,-0.8,-0.00342491,-16.6501
13.124,-0.8,-0.0040293,-16.6945
13.126,-0.8,-0.00352564,-16.7438
13.128,-0.8,-0.00322344,-16.7375
13.13,-0.8,-0.00302198,-16.7432
13.132,-0.8,-0.00302198,-16.7289
13.134,-0.8,-0.00271978,-16.7277
13.136,-0.8,-0.00282051,-16.7217
13.138,-0.8,-0.00332418,-16.6898
13.14,-0.8,-0.00261905,-16.6882
13.142,-0.8,-0.00322344,-16.6885
13.144,-0.8,-0.00302198,-16.7223
13.146,-0.8,-0.00312271,-16.7112
13.148,-0.8,-0.00352564,-16.692
13.15,-0.8,-0.00292125,-16.7103
13.152,-0.8,-0.00292125,-16.7115
13.154,-0.8,-0.00292125,-16.7128
13.156,-0.8,-0.00292125,-16.6936
13.158,-0.8,-0.00322344,-16.6599
13.16,-0.8,-0.00423077,-16.6702
13.162,-0.8,-0.00352564,-16.6986
13.164,-0.8,-0.00221612,-16.6592
13.166,-0.8,-0.00362637,-16.6248
13.168,-0.8,-0.00241758,-16.5929
13.17,-0.8,-0.00322344,-16.5438
13.172,-0.8,-0.00352564,-16.5253
13.174,-0.8,-0.00352564,-16.5284
13.176,-0.8,-0.00322344,-16.4923
13.178,-0.8,-0.00413004,-16.483
13.18,-0.8,-0.00302198,-16.453
13.182,-0.8,-0.00342491,-16.4035
13.184,-0.8,-0.00352564,-16.4154
13.186,-0.8,-0.00392857,-16.4032
13.188,-0.8,-0.00382784,-16.3974
13.19,-0.8,-0.00362637,-16.4858
13.192,-0.8,-0.00342491,-16.4539
13.194,-0.8,-0.00382784,-16.503
13.196,-0.8,-0.00382784,-16.4178
13.198,-0.8,-0.00423077,-16.4717
13.2,-0.8,-0.00302198,-16.4499
13.202,-0.8,-0.00322344,-16.4428
13.204,-0.8,-0.0040293,-16.4846
13.206,-0.8,-0.00342491,-16.4849
13.208,-0.8,-0.00332418,-16.4618
13.21,-0.8,-0.00382784,-16.4484
13.212,-0.8,-0.00332418,-16.5061
13.214,-0.8,-0.00362637,-16.5271
13.216,-0.8,-0.00423077,-16.5046
13.218,-0.8,-0.00362637,-16.52
13.22,-0.8,-0.00322344,-16.5148
13.222,-0.8,-0.00292125,-16.5525
13.224,-0.8,-0.00292125,-16.5534
13.226,-0.8,-0.00312271,-16.5534
13.228,-0.8,-0.00282051,-16.5668
13.23,-0.8,-0.00372711,-16.6141
13.232,-0.8,-0.00322344,-16.6348
13.234,-0.8,-0.00322344,-16.6157
13.236,-0.8,-0.00302198,-16.6151
13.238,-0.8,-0.00332418,-16.568
13.24,-0.8,-0.00231685,-16.5575
13.242,-0.8,-0.00292125,-16.5454
13.244,-0.8,-0.00271978,-16.5537
13.246,-0.8,-0.00292125,-16.5556
13.248,-0.8,-0.00392857,-16.5475
13.25,-0.8,-0.00332418,-16.5957
13.252,-0.8,-0.0043315,-16.5792
13.254,-0.8,-0.00342491,-16.5392
13.256,-0.8,-0.00342491,-16.5268
13.258,-0.8,-0.00352564,-16.5262
13.26,-0.8,-0.00292125,-16.5108
13.262,-0.8,-0.00423077,-16.4769
13.264,-0.8,-0.00271978,-16.5092
13.266,-0.8,-0.00312271,-16.5494
13.268,-0.8,-0.00372711,-16.5015
13.27,-0.8,-0.00312271,-16.4806
13.272,-0.8,-0.00282051,-16.4818
13.274,-0.8,-0.0040293,-16.4671
13.276,-0.8,-0.00362637,-16.4671
13.278,-0.8,-0.00362637,-16.4723
13.28,-0.8,-0.00372711,-16.4886
13.282,-0.8,-0.0043315,-16.5067
13.284,-0.8,-0.0043315,-16.5469
13.286,-0.8,-0.0040293,-16.5231
13.288,-0.8,-0.00372711,-16.5006
13.29,-0.8,-0.0040293,-16.476
13.292,-0.8,-0.00352564,-16.4855
13.294,-0.8,-0.0043315,-16.5327
13.296,-0.8,-0.00342491,-16.533
13.298,-0.8,-0.00362637,-16.5798
13.3,-0.8,-0.0040293,-16.6279
13.302,-0.8,-0.00342491,-16.6464
13.304,-0.8,-0.00312271,-16.6592
13.306,-0.8,-0.00261905,-16.6636
13.308,-0.8,-0.00322344,-16.6063
13.31,-0.8,-0.00221612,-16.6389
13.312,-0.8,-0.00282051,-16.6731
13.314,-0.8,-0.00312271,-16.6828
13.316,-0.8,-0.00322344,-16.7264
13.318,-0.8,-0.00382784,-16.7655
13.32,-0.8,-0.00372711,-16.7321
13.322,-0.8,-0.00342491,-16.7537
13.324,-0.8,-0.00372711,-16.754
13.326,-0.8,-0.00292125,-16.7823
13.328,-0.8,-0.00241758,-16.7763
13.33,-0.8,-0.00282051,-16.7283
13.332,-0.8,-0.00251832,-16.7461
13.334,-0.8,-0.00332418,-16.8203
13.336,-0.8,-0.00282051,-16.7556
13.338,-0.8,-0.00312271,-16.7645
13.34,-0.8,-0.00261905,-16.7591
13.342,-0.8,-0.00322344,-16.7407
13.344,-0.8,-0.00372711,-16.6831
13.346,-0.8,-0.00302198,-16.675
13.348,-0.8,-0.00271978,-16.6658
13.35,-0.8,-0.00292125,-16.6649
13.352,-0.8,-0.00322344,-16.6813
13.354,-0.8,-0.00362637,-16.6674
13.356,-0.8,-0.00352564,-16.6119
13.358,-0.8,-0.00372711,-16.602
13.36,-0.8,-0.00302198,-16.5659
13.362,-0.8,-0.00342491,-16.5708
13.364,-0.8,-0.00392857,-16.5631
13.366,-0.8,-0.00332418,-16.5401
13.368,-0.8,-0.00392857,-16.5472
13.37,-0.8,-0.00372711,-16.5185
13.372,-0.8,-0.00362637,-16.5287
13.374,-0.8,-0.00261905,-16.5373
13.376,-0.8,-0.00322344,-16.499
13.378,-0.8,-0.00332418,-16.4695
13.38,-0.8,-0.00302198,-16.4618
13.382,-0.8,-0.00392857,-16.4539
13.384,-0.8,-0.00332418,-16.4738
13.386,-0.8,-0.00382784,-16.5086
13.388,-0.8,-0.00453297,-16.5123
13.39,-0.8,-0.00362637,-16.4852
13.392,-0.8,-0.00473443,-16.5129
13.394,-0.8,-0.00413004,-16.5182
13.396,-0.8,-0.0040293,-16.5426
13.398,-0.8,-0.00332418,-16.5383
13.4,-0.8,-0.00352564,-16.5842
13.402,-0.8,-0.0040293,-16.6282
13.404,-0.8,-0.00302198,-16.6379
13.406,-0.8,-0.00261905,-16.6285
13.408,-0.8,-0.00271978,-16.6144
13.41,-0.8,-0.00312271,-16.6169
13.412,-0.8,-0.00292125,-16.6489
13.414,-0.8,-0.00322344,-16.6329
13.416,-0.8,-0.00312271,-16.6335
13.418,-0.8,-0.00282051,-16.6282
13.42,-0.8,-0.00312271,-16.6542
13.422,-0.8,-0.00372711,-16.6684
13.424,-0.8,-0.00372711,-16.6574
13.426,-0.8,-0.00332418,-16.6514
13.428,-0.8,-0.00423077,-16.6288
13.43,-0.8,-0.00322344,-16.6282
13.432,-0.8,-0.00241758,-16.5826
13.434,-0.8,-0.00282051,-16.587
13.436,-0.8,-0.00332418,-16.642
13.438,-0.8,-0.00352564,-16.6526
13.44,-0.8,-0.00352564,-16.6229
13.442,-0.8,-0.00332418,-16.5979
13.444,-0.8,-0.00342491,-16.5674
13.446,-0.8,-0.00362637,-16.5525
13.448,-0.8,-0.00322344,-16.529
13.45,-0.8,-0.00392857,-16.5268
13.452,-0.8,-0.00362637,-16.5197
13.454,-0.8,-0.00372711,-16.5318
13.456,-0.8,-0.00473443,-16.5537
13.458,-0.8,-0.0040293,-16.5268
13.46,-0.8,-0.00352564,-16.5188
13.462,-0.8,-0.00362637,-16.5311
13.464,-0.8,-0.00413004,-16.5067
13.466,-0.8,-0.00372711,-16.5333
13.468,-0.8,-0.00392857,-16.5219
13.47,-0.8,-0.00443223,-16.5376
13.472,-0.8,-0.00322344,-16.5333
13.474,-0.8,-0.00322344,-16.5314
13.476,-0.8,-0.00372711,-16.516
13.478,-0.8,-0.00352564,-16.5185
13.48,-0.8,-0.00423077,-16.4913
13.482,-0.8,-0.00302198,-16.4935
13.484,-0.8,-0.00342491,-16.5506
13.486,-0.8,-0.00382784,-16.5234
13.488,-0.8,-0.00443223,-16.5491
13.49,-0.8,-0.0040293,-16.5696
13.492,-0.8,-0.00392857,-16.6035
13.494,-0.8,-0.00352564,-16.6041
13.496,-0.8,-0.00352564,-16.6101
13.498,-0.8,-0.0040293,-16.6182
13.5,-0.8,-0.00423077,-16.636
13.502,-0.8,-0.00342491,-16.6574
13.504,-0.8,-0.00332418,-16.6702
13.506,-0.8,-0.00372711,-16.7251
13.508,-0.8,-0.00342491,-16.7397
13.51,-0.8,-0.00271978,-16.7274
13.512,-0.8,-0.00312271,-16.7176
13.514,-0.8,-0.00342491,-16.7046
13.516,-0.8,-0.00322344,-16.685
13.518,-0.8,-0.00302198,-16.6709
13.52,-0.8,-0.00332418,-16.6633
13.522,-0.8,-0.00392857,-16.6986
13.524,-0.8,-0.00302198,-16.7378
13.526,-0.8,-0.00312271,-16.7195
13.528,-0.8,-0.00282051,-16.6929
13.53,-0.8,-0.00362637,-16.6746
13.532,-0.8,-0.00362637,-16.6392
13.534,-0.8,-0.00332418,-16.6439
13.536,-0.8,-0.00312271,-16.6505
13.538,-0.8,-0.00302198,-16.6451
13.54,-0.8,-0.00372711,-16.6505
13.542,-0.8,-0.00211538,-16.669
13.544,-0.8,-0.00342491,-16.6338
13.546,-0.8,-0.00312271,-16.564
13.548,-0.8,-0.0043315,-16.5565
13.55,-0.8,-0.00312271,-16.5089
13.552,-0.8,-0.00302198,-16.3998
13.554,-0.8,-0.00392857,-16.5761
13.556,-0.8,-0.00362637,-16.4858
13.558,-0.8,-0.00322344,-16.4548
13.56,-0.8,-0.00392857,-16.5879
13.562,-0.8,-0.0040293,-16.4883
13.564,-0.8,-0.00292125,-16.4542
13.566,-0.8,-0.00382784,-16.4245
13.568,-0.8,-0.00282051,-16.4205
13.57,-0.8,-0.00312271,-16.4321
13.572,-0.8,-0.00382784,-16.4199
13.574,-0.8,-0.00453297,-16.4806
13.576,-0.8,-0.00332418,-16.5373
13.578,-0.8,-0.00352564,-16.4806
13.58,-0.8,-0.00312271,-16.4621
13.582,-0.8,-0.00372711,-16.4511
13.584,-0.8,-0.00352564,-16.4346
13.586,-0.8,-0.00342491,-16.4132
13.588,-0.8,-0.00322344,-16.4435
13.59,-0.8,-0.00332418,-16.4456
13.592,-0.8,-0.00372711,-16.4744
13.594,-0.8,-0.00413004,-16.4997
13.596,-0.8,-0.00362637,-16.5095
13.598,-0.8,-0.00302198,-16.5299
13.6,-0.8,-0.00282051,-16.5243
13.602,-0.8,-0.00312271,-16.5206
13.604,-0.8,-0.00332418,-16.5172
13.606,-0.8,-0.00312271,-16.5166
13.608,-0.8,-0.00362637,-16.5572
13.61,-0.8,-0.00352564,-16.5945
13.612,-0.8,-0.00302198,-16.5643
13.614,-0.8,-0.00292125,-16.5494
13.616,-0.8,-0.00322344,-16.5503
13.618,-0.8,-0.00251832,-16.5624
13.62,-0.8,-0.00271978,-16.5497
13.622,-0.8,-0.00332418,-16.52
13.624,-0.8,-0.00342491,-16.5414
13.626,-0.8,-0.0046337,-16.5559
13.628,-0.8,-0.00423077,-16.5889
13.63,-0.8,-0.00362637,-16.596
13.632,-0.8,-0.00352564,-16.4563
13.634,-0.8,-0.00382784,-16.4904
13.636,-0.8,-0.00362637,-16.479
13.638,-0.8,-0.00322344,-16.503
13.64,-0.8,-0.00372711,-16.5182
13.642,-0.8,-0.00322344,-16.5055
13.644,-0.8,-0.00362637,-16.5077
13.646,-0.8,-0.00423077,-16.5182
13.648,-0.8,-0.00423077,-16.5271
13.65,-0.8,-0.00342491,-16.4858
13.652,-0.8,-0.00312271,-16.4833
13.654,-0.8,-0.00332418,-16.4981
13.656,-0.8,-0.0040293,-16.4352
13.658,-0.8,-0.0040293,-16.4554
13.66,-0.8,-0.00473443,-16.484
13.662,-0.8,-0.00423077,-16.4873
13.664,-0.8,-0.00413004,-16.4646
13.666,-0.8,-0.00372711,-16.4677
13.668,-0.8,-0.0040293,-16.5339
13.67,-0.8,-0.0043315,-16.4987
13.672,-0.8,-0.00362637,-16.5182
13.674,-0.8,-0.00362637,-16.5342
13.676,-0.8,-0.00362637,-16.541
13.678,-0.8,-0.00362637,-16.592
13.68,-0.8,-0.00332418,-16.6169
13.682,-0.8,-0.00362637,-16.6104
13.684,-0.8,-0.00322344,-16.6596
13.686,-0.8,-0.00302198,-16.692
13.688,-0.8,-0.00413004,-16.6702
13.69,-0.8,-0.00362637,-16.6526
13.692,-0.8,-0.00362637,-16.6813
13.694,-0.8,-0.00282051,-16.7115
13.696,-0.8,-0.00382784,-16.7423
13.698,-0.8,-0.00322344,-16.7725
13.7,-0.8,-0.00372711,-16.7454
13.702,-0.8,-0.00241758,-16.7312
13.704,-0.8,-0.00302198,-16.7289
13.706,-0.8,-0.00282051,-16.7229
13.708,-0.8,-0.00302198,-16.7359
13.71,-0.8,-0.00392857,-16.7849
13.712,-0.8,-0.00312271,-16.7833
13.714,-0.8,-0.00332418,-16.8076
13.716,-0.8,-0.00241758,-16.7999
13.718,-0.8,-0.00261905,-16.7782
13.72,-0.8,-0.00261905,-16.7201
13.722,-0.8,-0.00282051,-16.7109
13.724,-0.8,-0.00332418,-16.6926
13.726,-0.8,-0.00382784,-16.6945
13.728,-0.8,-0.00342491,-16.6888
13.73,-0.8,-0.00332418,-16.7065
13.732,-0.8,-0.00423077,-16.6797
13.734,-0.8,-0.00332418,-16.6671
13.736,-0.8,-0.00362637,-16.6335
13.738,-0.8,-0.00241758,-16.606
13.74,-0.8,-0.00302198,-16.6238
13.742,-0.8,-0.00413004,-16.5814
13.744,-0.8,-0.00372711,-16.5848
13.746,-0.8,-0.00332418,-16.5932
13.748,-0.8,-0.00362637,-16.6273
13.75,-0.8,-0.00352564,-16.5749
13.752,-0.8,-0.00292125,-16.525
13.754,-0.8,-0.0040293,-16.499
13.756,-0.8,-0.00292125,-16.4836
13.758,-0.8,-0.00332418,-16.492
13.76,-0.8,-0.00423077,-16.4821
13.762,-0.8,-0.00392857,-16.4781
13.764,-0.8,-0.00332418,-16.4812
13.766,-0.8,-0.00322344,-16.5262
13.768,-0.8,-0.00392857,-16.4984
13.77,-0.8,-0.00392857,-16.4864
13.772,-0.8,-0.00322344,-16.5219
13.774,-0.8,-0.00332418,-16.5083
13.776,-0.8,-0.00322344,-16.5293
13.778,-0.8,-0.00372711,-16.5556
13.78,-0.8,-0.00392857,-16.5854
13.782,-0.8,-0.00392857,-16.6345
13.784,-0.8,-0.00342491,-16.6282
13.786,-0.8,-0.00282051,-16.626
13.788,-0.8,-0.00312271,-16.6323
13.79,-0.8,-0.00271978,-16.6076
13.792,-0.8,-0.00221612,-16.6004
13.794,-0.8,-0.00241758,-16.601
13.796,-0.8,-0.00271978,-16.6016
13.798,-0.8,-0.00312271,-16.6326
13.8,-0.8,-0.00382784,-16.6517
13.802,-0.8,-0.00352564,-16.6076
13.804,-0.8,-0.00332418,-16.5901
13.806,-0.8,-0.00392857,-16.5886
13.808,-0.8,-0.00322344,-16.6238
13.81,-0.8,-0.00332418,-16.6332
13.812,-0.8,-0.00292125,-16.6558
13.814,-0.8,-0.00372711,-16.6245
13.816,-0.8,-0.00392857,-16.6574
13.818,-0.8,-0.00332418,-16.626
13.82,-0.8,-0.00332418,-16.6404
13.822,-0.8,-0.00352564,-16.597
13.824,-0.8,-0.00312271,-16.5764
13.826,-0.8,-0.00312271,-16.564
13.828,-0.8,-0.00392857,-16.5939
13.83,-0.8,-0.00362637,-16.5634
13.832,-0.8,-0.00362637,-16.569
13.834,-0.8,-0.00413004,-16.5336
13.836,-0.8,-0.00413004,-16.5721
13.838,-0.8,-0.00453297,-16.5479
13.84,-0.8,-0.00302198,-16.5209
13.842,-0.8,-0.0046337,-16.5061
13.844,-0.8,-0.00352564,-16.4852
13.846,-0.8,-0.00382784,-16.4981
13.848,-0.8,-0.00352564,-16.5138
13.85,-0.8,-0.00453297,-16.5578
13.852,-0.8,-0.00423077,-16.5519
13.854,-0.8,-0.00292125,-16.5284
13.856,-0.8,-0.00332418,-16.5225
13.858,-0.8,-0.00392857,-16.524
13.86,-0.8,-0.00312271,-16.537
13.862,-0.8,-0.00302198,-16.5111
13.864,-0.8,-0.00342491,-16.528
13.866,-0.8,-0.00423077,-16.5767
13.868,-0.8,-0.00342491,-16.5519
13.87,-0.8,-0.00372711,-16.5982
13.872,-0.8,-0.00443223,-16.6066
13.874,-0.8,-0.00322344,-16.6207
13.876,-0.8,-0.00332418,-16.6467
13.878,-0.8,-0.00352564,-16.641
13.88,-0.8,-0.00282051,-16.675
13.882,-0.8,-0.00382784,-16.7166
13.884,-0.8,-0.00352564,-16.7639
13.886,-0.8,-0.00352564,-16.7826
13.888,-0.8,-0.00342491,-16.7566
13.89,-0.8,-0.00282051,-16.7407
13.892,-0.8,-0.00241758,-16.7334
13.894,-0.8,-0.00271978,-16.7286
13.896,-0.8,-0.00251832,-16.6932
13.898,-0.8,-0.00261905,-16.6929
13.9,-0.8,-0.00292125,-16.6929
13.902,-0.8,-0.00413004,-16.7245
13.904,-0.8,-0.00372711,-16.7109
13.906,-0.8,-0.00322344,-16.691
13.908,-0.8,-0.00322344,-16.6831
13.91,-0.8,-0.00282051,-16.7078
13.912,-0.8,-0.00271978,-16.7008
13.914,-0.8,-0.00271978,-16.68
13.916,-0.8,-0.00332418,-16.652
13.918,-0.8,-0.00362637,-16.6505
13.92,-0.8,-0.00282051,-16.6784
13.922,-0.8,-0.00382784,-16.6129
13.924,-0.8,-0.00342491,-16.6001
13.926,-0.8,-0.00251832,-16.5655
13.928,-0.8,-0.00292125,-16.5191
13.93,-0.8,-0.00352564,-16.499
13.932,-0.8,-0.00342491,-16.5034
13.934,-0.8,-0.00362637,-16.4683
13.936,-0.8,-0.00443223,-16.4508
13.938,-0.8,-0.00413004,-16.4215
13.94,-0.8,-0.00312271,-16.3755
13.942,-0.8,-0.00342491,-16.4447
13.944,-0.8,-0.00362637,-16.3731
13.946,-0.8,-0.0043315,-16.367
13.948,-0.8,-0.00352564,-16.3834
13.95,-0.8,-0.00312271,-16.4276
13.952,-0.8,-0.00352564,-16.4784
13.954,-0.8,-0.00362637,-16.4453
13.956,-0.8,-0.00362637,-16.4523
13.958,-0.8,-0.00292125,-16.4288
13.96,-0.8,-0.00241758,-16.4242
13.962,-0.8,-0.00362637,-16.4686
13.964,-0.8,-0.00312271,-16.4652
13.966,-0.8,-0.00352564,-16.4453
13.968,-0.8,-0.00261905,-16.43
13.97,-0.8,-0.00392857,-16.4916
13.972,-0.8,-0.00362637,-16.5132
13.974,-0.8,-0.0040293,-16.4926
13.976,-0.8,-0.00292125,-16.5071
13.978,-0.8,-0.00322344,-16.4947
13.98,-0.8,-0.00282051,-16.533
13.982,-0.8,-0.00382784,-16.5311
13.984,-0.8,-0.00282051,-16.5352
13.986,-0.8,-0.00312271,-16.5556
13.988,-0.8,-0.00413004,-16.6035
13.99,-0.8,-0.00342491,-16.6279
13.992,-0.8,-0.00292125,-16.6057
13.994,-0.8,-0.00241758,-16.6016
13.996,-0.8,-0.00443223,-16.559
13.998,-0.8,-0.00241758,-16.5491
14,-0.7,-0.00392857,-16.5386
14.002,-0.7,0.00231685,-16.479
14.004,-0.7,0.00191392,-16.2088
14.006,-0.7,0.00100733,-16.0992
14.008,-0.7,0.000503663,-15.8611
14.01,-0.7,0,-15.6418
14.012,-0.7,-0.000100733,-15.522
14.014,-0.7,-0.000302198,-15.3053
14.016,-0.7,0.000100733,-15.1757
14.018,-0.7,-0.00120879,-15.0979
14.02,-0.7,-0.000503663,-14.9893
14.022,-0.7,-0.00120879,-14.9068
14.024,-0.7,-0.00181319,-14.796
14.026,-0.7,-0.00241758,-14.7695
14.028,-0.7,-0.00201465,-14.6505
14.03,-0.7,-0.00211538,-14.5655
14.032,-0.7,-0.00161172,-14.5432
14.034,-0.7,-0.00322344,-14.4599
14.036,-0.7,-0.00171245,-14.4304
14.038,-0.7,-0.00292125,-14.3395
14.04,-0.7,-0.00282051,-14.3158
14.042,-0.7,-0.00413004,-14.3107
14.044,-0.7,-0.00413004,-14.3086
14.046,-0.7,-0.0040293,-14.3024
14.048,-0.7,-0.00352564,-14.2236
14.05,-0.7,-0.00342491,-14.1976
14.052,-0.7,-0.00332418,-14.2296
14.054,-0.7,-0.00413004,-14.1901
14.056,-0.7,-0.00332418,-14.1551
14.058,-0.7,-0.00382784,-14.1857
14.06,-0.7,-0.00342491,-14.1855
14.062,-0.7,-0.00332418,-14.2303
14.064,-0.7,-0.00322344,-14.2503
14.066,-0.7,-0.00271978,-14.2438
14.068,-0.7,-0.00302198,-14.2314
14.07,-0.7,-0.00382784,-14.2562
14.072,-0.7,-0.00322344,-14.2532
14.074,-0.7,-0.00392857,-14.2047
14.076,-0.7,-0.00332418,-14.2608
14.078,-0.7,-0.0043315,-14.2369
14.08,-0.7,-0.00302198,-14.2677
14.082,-0.7,-0.00372711,-14.2648
14.084,-0.7,-0.00392857,-14.33
14.086,-0.7,-0.00372711,-14.3435
14.088,-0.7,-0.0040293,-14.3367
14.09,-0.7,-0.00342491,-14.3168
14.092,-0.7,-0.00302198,-14.2948
14.094,-0.7,-0.00342491,-14.2885
14.096,-0.7,-0.00352564,-14.277
14.098,-0.7,-0.00292125,-14.324
14.1,-0.7,-0.00332418,-14.2862
14.102,-0.7,-0.00271978,-14.3056
14.104,-0.7,-0.00372711,-14.3249
14.106,-0.7,-0.00352564,-14.3563
14.108,-0.7,-0.00231685,-14.3419
14.11,-0.7,-0.00251832,-14.2867
14.112,-0.7,-0.00261905,-14.3147
14.114,-0.7,-0.00211538,-14.2968
14.116,-0.7,-0.00302198,-14.2431
14.118,-0.7,-0.00261905,-14.2344
14.12,-0.7,-0.00322344,-14.2264
14.122,-0.7,-0.00382784,-14.2356
14.124,-0.7,-0.00322344,-14.242
14.126,-0.7,-0.00342491,-14.2493
14.128,-0.7,-0.00392857,-14.2376
14.13,-0.7,-0.00372711,-14.1876
14.132,-0.7,-0.00271978,-14.17
14.134,-0.7,-0.00372711,-14.1469
14.136,-0.7,-0.00382784,-14.1587
14.138,-0.7,-0.00392857,-14.1243
14.14,-0.7,-0.00392857,-14.1335
14.142,-0.7,-0.0040293,-14.1177
14.144,-0.7,-0.00312271,-14.1451
14.146,-0.7,-0.00362637,-14.1186
14.148,-0.7,-0.00382784,-14.1247
14.15,-0.7,-0.00312271,-14.0676
14.152,-0.7,-0.00312271,-14.0571
14.154,-0.7,-0.00392857,-14.0768
14.156,-0.7,-0.00372711,-14.0528
14.158,-0.7,-0.00413004,-14.058
14.16,-0.7,-0.00352564,-14.0555
14.162,-0.7,-0.00362637,-14.0558
14.164,-0.7,-0.00342491,-14.0616
14.166,-0.7,-0.00322344,-14.1166
14.168,-0.7,-0.00413004,-14.1062
14.17,-0.7,-0.0040293,-14.0936
14.172,-0.7,-0.0046337,-14.1056
14.174,-0.7,-0.00312271,-14.1024
14.176,-0.7,-0.00382784,-14.0939
14.178,-0.7,-0.00332418,-14.1313
14.18,-0.7,-0.0040293,-14.1539
14.182,-0.7,-0.00362637,-14.1791
14.184,-0.7,-0.00392857,-14.2024
14.186,-0.7,-0.00392857,-14.2464
14.188,-0.7,-0.00312271,-14.2314
14.19,-0.7,-0.00251832,-14.2243
14.192,-0.7,-0.0040293,-14.2296
14.194,-0.7,-0.00352564,-14.2216
14.196,-0.7,-0.00312271,-14.2475
14.198,-0.7,-0.00231685,-14.2358
14.2,-0.7,-0.00292125,-14.2186
14.202,-0.7,-0.00352564,-14.2088
14.204,-0.7,-0.00322344,-14.2422
14.206,-0.7,-0.00312271,-14.2645
14.208,-0.7,-0.00352564,-14.2721
14.21,-0.7,-0.00261905,-14.2583
14.212,-0.7,-0.00382784,-14.247
14.214,-0.7,-0.00332418,-14.1889
14.216,-0.7,-0.00352564,-14.2147
14.218,-0.7,-0.00372711,-14.222
14.22,-0.7,-0.00261905,-14.2161
14.222,-0.7,-0.00302198,-14.188
14.224,-0.7,-0.00362637,-14.2408
14.226,-0.7,-0.00352564,-14.2482
14.228,-0.7,-0.00251832,-14.2152
14.23,-0.7,-0.00342491,-14.2191
14.232,-0.7,-0.00382784,-14.1791
14.234,-0.7,-0.0040293,-14.1614
14.236,-0.7,-0.00342491,-14.1607
14.238,-0.7,-0.00352564,-14.12
14.24,-0.7,-0.00332418,-14.1137
14.242,-0.7,-0.00362637,-14.1105
14.244,-0.7,-0.00423077,-14.1483
14.246,-0.7,-0.00473443,-14.1175
14.248,-0.7,-0.00453297,-14.1469
14.25,-0.7,-0.00392857,-14.0975
14.252,-0.7,-0.00332418,-14.1096
14.254,-0.7,-0.00382784,-14.097
14.256,-0.7,-0.0046337,-14.115
14.258,-0.7,-0.00362637,-14.069
14.26,-0.7,-0.0043315,-14.0916
14.262,-0.7,-0.00423077,-14.0932
14.264,-0.7,-0.00413004,-14.1299
14.266,-0.7,-0.00392857,-14.1317
14.268,-0.7,-0.00382784,-14.1286
14.27,-0.7,-0.00322344,-14.1114
14.272,-0.7,-0.00382784,-14.0952
14.274,-0.7,-0.00372711,-14.0945
14.276,-0.7,-0.00392857,-14.1067
14.278,-0.7,-0.00332418,-14.0883
14.28,-0.7,-0.00413004,-14.134
14.282,-0.7,-0.00372711,-14.1177
14.284,-0.7,-0.00392857,-14.1505
14.286,-0.7,-0.00382784,-14.1347
14.288,-0.7,-0.00413004,-14.1714
14.29,-0.7,-0.00382784,-14.1703
14.292,-0.7,-0.00372711,-14.1937
14.294,-0.7,-0.00342491,-14.2033
14.296,-0.7,-0.00282051,-14.2131
14.298,-0.7,-0.00292125,-14.2175
14.3,-0.7,-0.00352564,-14.2493
14.302,-0.7,-0.00392857,-14.2996
14.304,-0.7,-0.00332418,-14.2848
14.306,-0.7,-0.00423077,-14.3388
14.308,-0.7,-0.00282051,-14.35
14.31,-0.7,-0.00261905,-14.3402
14.312,-0.7,-0.00282051,-14.3293
14.314,-0.7,-0.00342491,-14.3205
14.316,-0.7,-0.00261905,-14.3096
14.318,-0.7,-0.00392857,-14.295
14.32,-0.7,-0.00292125,-14.2797
14.322,-0.7,-0.00282051,-14.2751
14.324,-0.7,-0.00302198,-14.2876
14.326,-0.7,-0.00413004,-14.3117
14.328,-0.7,-0.00332418,-14.3086
14.33,-0.7,-0.0040293,-14.2996
14.332,-0.7,-0.00292125,-14.2929
14.334,-0.7,-0.00271978,-14.2841
14.336,-0.7,-0.00292125,-14.2684
14.338,-0.7,-0.00292125,-14.247
14.34,-0.7,-0.00322344,-14.271
14.342,-0.7,-0.00352564,-14.2431
14.344,-0.7,-0.00382784,-14.2514
14.346,-0.7,-0.00352564,-14.2562
14.348,-0.7,-0.00342491,-14.265
14.35,-0.7,-0.00302198,-14.2266
14.352,-0.7,-0.00251832,-14.1876
14.354,-0.7,-0.00382784,-14.1576
14.356,-0.7,-0.00261905,-14.1284
14.358,-0.7,-0.00392857,-14.0921
14.36,-0.7,-0.00392857,-14.001
14.362,-0.7,-0.00322344,-14.1537
14.364,-0.7,-0.00342491,-14.0824
14.366,-0.7,-0.00423077,-14.1031
14.368,-0.7,-0.00392857,-14.0412
14.37,-0.7,-0.00352564,-13.9936
14.372,-0.7,-0.00342491,-14.0025
14.374,-0.7,-0.00413004,-14.0549
14.376,-0.7,-0.00251832,-14.0279
14.378,-0.7,-0.00322344,-14.0272
14.38,-0.7,-0.00292125,-14.0001
14.382,-0.7,-0.00473443,-14.0379
14.384,-0.7,-0.00342491,-14.09
14.386,-0.7,-0.00332418,-14.021
14.388,-0.7,-0.00413004,-14.1399
14.39,-0.7,-0.00271978,-14.0602
14.392,-0.7,-0.00312271,-14.0719
14.394,-0.7,-0.00322344,-14.047
14.396,-0.7,-0.00362637,-14.0883
14.398,-0.7,-0.00312271,-14.0853
14.4,-0.7,-0.00231685,-14.0591
14.402,-0.7,-0.00312271,-14.0723
14.404,-0.7,-0.0040293,-14.0909
14.406,-0.7,-0.00352564,-14.1168
14.408,-0.7,-0.00312271,-14.1596
14.41,-0.7,-0.00392857,-14.1388
14.412,-0.7,-0.00271978,-14.1485
14.414,-0.7,-0.00332418,-14.1381
14.416,-0.7,-0.00332418,-14.1821
14.418,-0.7,-0.00271978,-14.1744
14.42,-0.7,-0.00231685,-14.1689
14.422,-0.7,-0.00312271,-14.1741
14.424,-0.7,-0.00332418,-14.1894
14.426,-0.7,-0.00362637,-14.2351
14.428,-0.7,-0.00362637,-14.2498
14.43,-0.7,-0.00302198,-14.2269
14.432,-0.7,-0.00332418,-14.1967
14.434,-0.7,-0.00282051,-14.2015
14.436,-0.7,-0.00372711,-14.1851
14.438,-0.7,-0.00362637,-14.1753
14.44,-0.7,-0.00332418,-14.1637
14.442,-0.7,-0.00352564,-14.1653
14.444,-0.7,-0.00312271,-14.1894
14.446,-0.7,-0.00382784,-14.201
14.448,-0.7,-0.00362637,-14.1739
14.45,-0.7,-0.00362637,-14.0977
14.452,-0.7,-0.00423077,-14.1846
14.454,-0.7,-0.00292125,-14.1832
14.456,-0.7,-0.00413004,-14.139
14.458,-0.7,-0.00362637,-14.1094
14.46,-0.7,-0.00382784,-14.1247
14.462,-0.7,-0.00413004,-14.1277
14.464,-0.7,-0.00332418,-14.1345
14.466,-0.7,-0.00332418,-14.1293
14.468,-0.7,-0.00382784,-14.1335
14.47,-0.7,-0.00453297,-14.1128
14.472,-0.7,-0.00423077,-14.1313
14.474,-0.7,-0.0043315,-14.0905
14.476,-0.7,-0.00372711,-14.0867
14.478,-0.7,-0.00322344,-14.066
14.48,-0.7,-0.00413004,-14.0645
14.482,-0.7,-0.00362637,-14.0703
14.484,-0.7,-0.00261905,-14.0699
14.486,-0.7,-0.0043315,-14.086
14.488,-0.7,-0.00413004,-14.1044
14.49,-0.7,-0.00443223,-14.0696
14.492,-0.7,-0.00423077,-14.1103
14.494,-0.7,-0.00372711,-14.0876
14.496,-0.7,-0.00302198,-14.0674
14.498,-0.7,-0.00332418,-14.1259
14.5,-0.7,-0.00392857,-14.1155
14.502,-0.7,-0.00292125,-14.1207
14.504,-0.7,-0.0040293,-14.1458
14.506,-0.7,-0.00372711,-14.1766
14.508,-0.7,-0.00352564,-14.2216
14.51,-0.7,-0.00292125,-14.2342
14.512,-0.7,-0.00302198,-14.1937
14.514,-0.7,-0.00322344,-14.2537
14.516,-0.7,-0.00302198,-14.2855
14.518,-0.7,-0.00342491,-14.2287
14.52,-0.7,-0.00372711,-14.2335
14.522,-0.7,-0.00332418,-14.2641
14.524,-0.7,-0.00312271,-14.2682
14.526,-0.7,-0.00362637,-14.3093
14.528,-0.7,-0.00392857,-14.3386
14.53,-0.7,-0.00362637,-14.3628
14.532,-0.7,-0.00382784,-14.3258
14.534,-0.7,-0.00292125,-14.3228
14.536,-0.7,-0.00332418,-14.3391
14.538,-0.7,-0.00302198,-14.3149
14.54,-0.7,-0.00332418,-14.3017
14.542,-0.7,-0.00372711,-14.3133
14.544,-0.7,-0.00372711,-14.3335
14.546,-0.7,-0.00352564,-14.354
14.548,-0.7,-0.00271978,-14.3963
14.55,-0.7,-0.00372711,-14.361
14.552,-0.7,-0.00282051,-14.3349
14.554,-0.7,-0.00302198,-14.3344
14.556,-0.7,-0.00332418,-14.283
14.558,-0.7,-0.00392857,-14.262
14.56,-0.7,-0.00271978,-14.2779
14.562,-0.7,-0.00342491,-14.2392
14.564,-0.7,-0.00322344,-14.2385
14.566,-0.7,-0.00282051,-14.2539
14.568,-0.7,-0.0040293,-14.2601
14.57,-0.7,-0.00332418,-14.231
14.572,-0.7,-0.00292125,-14.2092
14.574,-0.7,-0.00211538,-14.183
14.576,-0.7,-0.0046337,-14.1519
14.578,-0.7,-0.00423077,-14.1358
14.58,-0.7,-0.00423077,-14.1076
14.582,-0.7,-0.00302198,-14.1198
14.584,-0.7,-0.00352564,-14.1238
14.586,-0.7,-0.00372711,-14.1401
14.588,-0.7,-0.00443223,-14.1241
14.59,-0.7,-0.00382784,-14.0876
14.592,-0.7,-0.00372711,-14.0936
14.594,-0.7,-0.00271978,-14.0723
14.596,-0.7,-0.00392857,-14.0486
14.598,-0.7,-0.00352564,-14.0388
14.6,-0.7,-0.00372711,-14.0323
14.602,-0.7,-0.00312271,-14.0348
14.604,-0.7,-0.00382784,-14.0339
14.606,-0.7,-0.00392857,-14.0591
14.608,-0.7,-0.00453297,-14.0605
14.61,-0.7,-0.00423077,-14.075
14.612,-0.7,-0.0043315,-14.0775
14.614,-0.7,-0.00443223,-14.0734
14.616,-0.7,-0.00443223,-14.0961
14.618,-0.7,-0.00392857,-14.1087
14.62,-0.7,-0.00312271,-14.1173
14.622,-0.7,-0.00382784,-14.1171
14.624,-0.7,-0.00342491,-14.1399
14.626,-0.7,-0.00292125,-14.1744
14.628,-0.7,-0.00362637,-14.2227
14.63,-0.7,-0.00292125,-14.2104
14.632,-0.7,-0.00302198,-14.215
14.634,-0.7,-0.00332418,-14.2259
14.636,-0.7,-0.00362637,-14.2236
14.638,-0.7,-0.00241758,-14.1976
14.64,-0.7,-0.00292125,-14.2227
14.642,-0.7,-0.00261905,-14.223
14.644,-0.7,-0.00312271,-14.222
14.646,-0.7,-0.00302198,-14.2211
14.648,-0.7,-0.00352564,-14.2248
14.65,-0.7,-0.00302198,-14.2742
14.652,-0.7,-0.00292125,-14.206
14.654,-0.7,-0.00362637,-14.2404
14.656,-0.7,-0.00342491,-14.2182
14.658,-0.7,-0.00261905,-14.2138
14.66,-0.7,-0.00342491,-14.186
14.662,-0.7,-0.00332418,-14.173
14.664,-0.7,-0.00332418,-14.239
14.666,-0.7,-0.00332418,-14.2177
14.668,-0.7,-0.00322344,-14.2509
14.67,-0.7,-0.00372711,-14.2638
14.672,-0.7,-0.00362637,-14.2156
14.674,-0.7,-0.00342491,-14.1835
14.676,-0.7,-0.00342491,-14.1857
14.678,-0.7,-0.00332418,-14.1532
14.68,-0.7,-0.00282051,-14.153
14.682,-0.7,-0.00372711,-14.1573
14.684,-0.7,-0.00342491,-14.0995
14.686,-0.7,-0.00423077,-14.0948
14.688,-0.7,-0.0046337,-14.1013
14.69,-0.7,-0.00392857,-14.1345
14.692,-0.7,-0.00382784,-14.1293
14.694,-0.7,-0.00443223,-14.0997
14.696,-0.7,-0.0040293,-14.0784
14.698,-0.7,-0.00453297,-14.0923
14.7,-0.7,-0.0046337,-14.0878
14.702,-0.7,-0.0043315,-14.0896
14.704,-0.7,-0.0043315,-14.0515
14.706,-0.7,-0.00423077,-14.0649
14.708,-0.7,-0.00413004,-14.1135
14.71,-0.7,-0.00423077,-14.1144
14.712,-0.7,-0.00453297,-14.099
14.714,-0.7,-0.00423077,-14.082
14.716,-0.7,-0.00372711,-14.0844
14.718,-0.7,-0.00322344,-14.0721
14.72,-0.7,-0.00332418,-14.088
14.722,-0.7,-0.00382784,-14.0743
14.724,-0.7,-0.00342491,-14.0757
14.726,-0.7,-0.00413004,-14.1056
14.728,-0.7,-0.00413004,-14.1365
14.73,-0.7,-0.00342491,-14.1873
14.732,-0.7,-0.00413004,-14.1648
14.734,-0.7,-0.00352564,-14.1696
14.736,-0.7,-0.00312271,-14.1812
14.738,-0.7,-0.00271978,-14.1958
14.74,-0.7,-0.00392857,-14.2058
14.742,-0.7,-0.00342491,-14.2257
14.744,-0.7,-0.00392857,-14.2427
14.746,-0.7,-0.00352564,-14.2823
14.748,-0.7,-0.00332418,-14.3309
14.75,-0.7,-0.00292125,-14.3288
14.752,-0.7,-0.00362637,-14.3321
14.754,-0.7,-0.00271978,-14.3161
14.756,-0.7,-0.00352564,-14.3061
14.758,-0.7,-0.00292125,-14.3059
14.76,-0.7,-0.00231685,-14.2971
14.762,-0.7,-0.00271978,-14.2648
14.764,-0.7,-0.00322344,-14.2654
14.766,-0.7,-0.00322344,-14.2954
14.768,-0.7,-0.00332418,-14.2883
14.77,-0.7,-0.00342491,-14.2917
14.772,-0.7,-0.00322344,-14.3096
14.774,-0.7,-0.00342491,-14.265
14.776,-0.7,-0.00302198,-14.271
14.778,-0.7,-0.00312271,-14.2719
14.78,-0.7,-0.00342491,-14.2255
14.782,-0.7,-0.00312271,-14.2259
14.784,-0.7,-0.00211538,-14.2278
14.786,-0.7,-0.00271978,-14.2278
14.788,-0.7,-0.00382784,-14.2333
14.79,-0.7,-0.00382784,-14.2611
14.792,-0.7,-0.00342491,-14.2152
14.794,-0.7,-0.00302198,-14.206
14.796,-0.7,-0.00302198,-14.1349
14.798,-0.7,-0.00362637,-14.1234
14.8,-0.7,-0.00342491,-14.0918
14.802,-0.7,-0.00342491,-14.069
14.804,-0.7,-0.00413004,-14.0728
14.806,-0.7,-0.00342491,-13.9649
14.808,-0.7,-0.00372711,-14.0578
14.81,-0.7,-0.00413004,-14.0383
14.812,-0.7,-0.00423077,-14.1492
14.814,-0.7,-0.00423077,-13.9682
14.816,-0.7,-0.00352564,-13.9706
14.818,-0.7,-0.00322344,-13.962
14.82,-0.7,-0.00392857,-14.0381
14.822,-0.7,-0.00392857,-14.0067
14.824,-0.7,-0.00302198,-14.0147
14.826,-0.7,-0.0043315,-14.0056
14.828,-0.7,-0.00392857,-14.0681
14.83,-0.7,-0.00352564,-14.0012
14.832,-0.7,-0.00362637,-14.0495
14.834,-0.7,-0.00362637,-14.0656
14.836,-0.7,-0.00271978,-14.0546
14.838,-0.7,-0.00342491,-14.045
14.84,-0.7,-0.00372711,-14.0337
14.842,-0.7,-0.00392857,-14.0694
14.844,-0.7,-0.00352564,-14.0401
14.846,-0.7,-0.00332418,-14.0488
14.848,-0.7,-0.00392857,-14.0667
14.85,-0.7,-0.00362637,-14.1008
14.852,-0.7,-0.00362637,-14.1356
14.854,-0.7,-0.00362637,-14.1591
14.856,-0.7,-0.00332418,-14.1392
14.858,-0.7,-0.00322344,-14.132
14.86,-0.7,-0.0043315,-14.1619
14.862,-0.7,-0.00372711,-14.1655
14.864,-0.7,-0.00271978,-14.1912
14.866,-0.7,-0.00292125,-14.1637
14.868,-0.7,-0.00251832,-14.1823
14.87,-0.7,-0.00382784,-14.2273
14.872,-0.7,-0.00413004,-14.2445
14.874,-0.7,-0.00282051,-14.2138
14.876,-0.7,-0.0040293,-14.1832
14.878,-0.7,-0.00302198,-14.1794
14.88,-0.7,-0.00282051,-14.1887
14.882,-0.7,-0.00322344,-14.1555
14.884,-0.7,-0.00352564,-14.1594
14.886,-0.7,-0.00282051,-14.1469
14.888,-0.7,-0.00312271,-14.1716
14.89,-0.7,-0.00413004,-14.2065
14.892,-0.7,-0.00413004,-14.2095
14.894,-0.7,-0.00282051,-14.0826
14.896,-0.7,-0.00282051,-14.1687
14.898,-0.7,-0.00322344,-14.1351
14.9,-0.7,-0.00362637,-14.1268
14.902,-0.7,-0.00282051,-14.1006
14.904,-0.7,-0.00362637,-14.0988
14.906,-0.7,-0.00453297,-14.1268
14.908,-0.7,-0.00352564,-14.1261
14.91,-0.7,-0.0043315,-14.1162
14.912,-0.7,-0.00382784,-14.1501
14.914,-0.7,-0.00332418,-14.1044
14.916,-0.7,-0.00332418,-14.1241
14.918,-0.7,-0.00372711,-14.1015
14.92,-0.7,-0.00382784,-14.0773
14.922,-0.7,-0.00352564,-14.0564
14.924,-0.7,-0.0043315,-14.0305
14.926,-0.7,-0.00322344,-14.0578
14.928,-0.7,-0.00362637,-14.0575
14.93,-0.7,-0.00483516,-14.0894
14.932,-0.7,-0.00423077,-14.0716
14.934,-0.7,-0.00392857,-14.0466
14.936,-0.7,-0.00392857,-14.084
14.938,-0.7,-0.00372711,-14.0605
14.94,-0.7,-0.0040293,-14.0435
14.942,-0.7,-0.00423077,-14.1011
14.944,-0.7,-0.00342491,-14.0914
14.946,-0.7,-0.00322344,-14.1101
14.948,-0.7,-0.00322344,-14.1177
14.95,-0.7,-0.00352564,-14.1655
14.952,-0.7,-0.0040293,-14.1912
14.954,-0.7,-0.00292125,-14.204
14.956,-0.7,-0.00382784,-14.1619
14.958,-0.7,-0.00322344,-14.1388
14.96,-0.7,-0.00382784,-14.2509
14.962,-0.7,-0.00372711,-14.1976
14.964,-0.7,-0.00261905,-14.2246
14.966,-0.7,-0.00352564,-14.2395
14.968,-0.7,-0.00332418,-14.2452
14.97,-0.7,-0.00352564,-14.3054
14.972,-0.7,-0.00362637,-14.3214
14.974,-0.7,-0.00362637,-14.347
14.976,-0.7,-0.00312271,-14.3191
14.978,-0.7,-0.00322344,-14.3093
14.98,-0.7,-0.00312271,-14.3286
14.982,-0.7,-0.00322344,-14.35
14.984,-0.7,-0.00352564,-14.2973
14.986,-0.7,-0.00332418,-14.3124
14.988,-0.7,-0.00292125,-14.3554
14.99,-0.7,-0.00292125,-14.3565
14.992,-0.7,-0.00271978,-14.3998
14.994,-0.7,-0.00231685,-14.3349
14.996,-0.7,-0.00362637,-14.3379
14.998,-0.7,-0.00271978,-14.3363
15,-0.6,-0.00292125,-14.2934
15.002,-0.6,0.00392857,-14.2001
15.004,-0.6,0.00322344,-13.9757
15.006,-0.6,0.00201465,-13.6161
15.008,-0.6,0.00151099,-13.4117
15.01,-0.6,0.000906593,-13.243
15.012,-0.6,0.000503663,-13.0845
15.014,-0.6,0.000604396,-12.9155
15.016,-0.6,0.000201465,-12.7571
15.018,-0.6,-0.00040293,-12.5811
15.02,-0.6,-0.00040293,-12.4508
15.022,-0.6,-0.000906593,-12.3222
15.024,-0.6,-0.00130952,-12.2113
15.026,-0.6,-0.00221612,-12.1001
15.028,-0.6,-0.00141026,-12.0324
15.03,-0.6,-0.00201465,-11.9719
15.032,-0.6,-0.00221612,-11.894
15.034,-0.6,-0.00312271,-11.8682
15.036,-0.6,-0.00211538,-11.8403
15.038,-0.6,-0.00251832,-11.7158
15.04,-0.6,-0.00322344,-11.6768
15.042,-0.6,-0.00191392,-11.6182
15.044,-0.6,-0.00130952,-11.6211
15.046,-0.6,-0.00271978,-11.5459
15.048,-0.6,-0.00342491,-11.5127
15.05,-0.6,-0.00251832,-11.4832
15.052,-0.6,-0.00342491,-11.4675
15.054,-0.6,-0.00332418,-11.4634
15.056,-0.6,-0.0040293,-11.4473
15.058,-0.6,-0.00352564,-11.4478
15.06,-0.6,-0.00453297,-11.4491
15.062,-0.6,-0.00372711,-11.4838
15.064,-0.6,-0.00413004,-11.4565
15.066,-0.6,-0.00362637,-11.4298
15.068,-0.6,-0.00423077,-11.4033
15.07,-0.6,-0.0040293,-11.4101
15.072,-0.6,-0.00392857,-11.4259
15.074,-0.6,-0.00362637,-11.4155
15.076,-0.6,-0.00362637,-11.4451
15.078,-0.6,-0.00423077,-11.4464
15.08,-0.6,-0.00332418,-11.4619
15.082,-0.6,-0.00282051,-11.4956
15.084,-0.6,-0.0040293,-11.5432
15.086,-0.6,-0.00392857,-11.5498
15.088,-0.6,-0.00362637,-11.5308
15.09,-0.6,-0.00372711,-11.5292
15.092,-0.6,-0.00352564,-11.5319
15.094,-0.6,-0.00342491,-11.522
15.096,-0.6,-0.00282051,-11.5142
15.098,-0.6,-0.00312271,-11.5379
15.1,-0.6,-0.00342491,-11.5025
15.102,-0.6,-0.00372711,-11.5014
15.104,-0.6,-0.00282051,-11.5268
15.106,-0.6,-0.00352564,-11.5038
15.108,-0.6,-0.00382784,-11.5393
15.11,-0.6,-0.00382784,-11.5521
15.112,-0.6,-0.00372711,-11.5745
15.114,-0.6,-0.00423077,-11.5032
15.116,-0.6,-0.00382784,-11.5218
15.118,-0.6,-0.00312271,-11.5113
15.12,-0.6,-0.00362637,-11.4602
15.122,-0.6,-0.00342491,-11.489
15.124,-0.6,-0.00372711,-11.4622
15.126,-0.6,-0.00352564,-11.4832
15.128,-0.6,-0.0043315,-11.479
15.13,-0.6,-0.00342491,-11.4592
15.132,-0.6,-0.00312271,-11.5284
15.134,-0.6,-0.00352564,-11.5247
15.136,-0.6,-0.0043315,-11.5205
15.138,-0.6,-0.0040293,-11.475
15.14,-0.6,-0.00342491,-11.4409
15.142,-0.6,-0.00342491,-11.4362
15.144,-0.6,-0.00372711,-11.4327
15.146,-0.6,-0.00362637,-11.3992
15.148,-0.6,-0.00382784,-11.3958
15.15,-0.6,-0.00282051,-11.3636
15.152,-0.6,-0.00312271,-11.3981
15.154,-0.6,-0.00413004,-11.3488
15.156,-0.6,-0.00372711,-11.3511
15.158,-0.6,-0.00443223,-11.3896
15.16,-0.6,-0.0043315,-11.3678
15.162,-0.6,-0.00443223,-11.3915
15.164,-0.6,-0.0040293,-11.3517
15.166,-0.6,-0.00423077,-11.3273
15.168,-0.6,-0.00392857,-11.3391
15.17,-0.6,-0.0040293,-11.3295
15.172,-0.6,-0.00382784,-11.3181
15.174,-0.6,-0.00372711,-11.3313
15.176,-0.6,-0.0040293,-11.3495
15.178,-0.6,-0.00513736,-11.3197
15.18,-0.6,-0.00382784,-11.3444
15.182,-0.6,-0.00392857,-11.357
15.184,-0.6,-0.00453297,-11.3867
15.186,-0.6,-0.0040293,-11.3892
15.188,-0.6,-0.00382784,-11.3665
15.19,-0.6,-0.0046337,-11.3549
15.192,-0.6,-0.00372711,-11.3506
15.194,-0.6,-0.0046337,-11.3536
15.196,-0.6,-0.00372711,-11.3434
15.198,-0.6,-0.00292125,-11.3567
15.2,-0.6,-0.00372711,-11.344
15.202,-0.6,-0.00392857,-11.3904
15.204,-0.6,-0.0040293,-11.3709
15.206,-0.6,-0.00382784,-11.3871
15.208,-0.6,-0.00362637,-11.4298
15.21,-0.6,-0.00392857,-11.4257
15.212,-0.6,-0.00473443,-11.4598
15.214,-0.6,-0.00292125,-11.4759
15.216,-0.6,-0.00362637,-11.4601
15.218,-0.6,-0.00302198,-11.4708
15.22,-0.6,-0.00392857,-11.4869
15.222,-0.6,-0.0043315,-11.4957
15.224,-0.6,-0.00322344,-11.5125
15.226,-0.6,-0.00413004,-11.5196
15.228,-0.6,-0.00332418,-11.5387
15.23,-0.6,-0.00372711,-11.578
15.232,-0.6,-0.00312271,-11.5766
15.234,-0.6,-0.00352564,-11.6281
15.236,-0.6,-0.00241758,-11.6559
15.238,-0.6,-0.00392857,-11.6316
15.24,-0.6,-0.00312271,-11.6122
15.242,-0.6,-0.00282051,-11.5957
15.244,-0.6,-0.00271978,-11.5824
15.246,-0.6,-0.00342491,-11.5734
15.248,-0.6,-0.00332418,-11.5721
15.25,-0.6,-0.00322344,-11.546
15.252,-0.6,-0.00332418,-11.5421
15.254,-0.6,-0.00332418,-11.5334
15.256,-0.6,-0.00271978,-11.5643
15.258,-0.6,-0.00382784,-11.5634
15.26,-0.6,-0.00312271,-11.5716
15.262,-0.6,-0.00413004,-11.5692
15.264,-0.6,-0.00352564,-11.5491
15.266,-0.6,-0.00332418,-11.5429
15.268,-0.6,-0.00382784,-11.5188
15.27,-0.6,-0.00292125,-11.5293
15.272,-0.6,-0.00312271,-11.489
15.274,-0.6,-0.00362637,-11.5226
15.276,-0.6,-0.00362637,-11.4683
15.278,-0.6,-0.00322344,-11.485
15.28,-0.6,-0.00312271,-11.4878
15.282,-0.6,-0.00342491,-11.4956
15.284,-0.6,-0.00322344,-11.5062
15.286,-0.6,-0.0040293,-11.5077
15.288,-0.6,-0.00312271,-11.4741
15.29,-0.6,-0.00423077,-11.4491
15.292,-0.6,-0.00352564,-11.409
15.294,-0.6,-0.00362637,-11.3792
15.296,-0.6,-0.00382784,-11.3468
15.298,-0.6,-0.00292125,-11.3192
15.3,-0.6,-0.00392857,-11.3434
15.302,-0.6,-0.0040293,-11.2365
15.304,-0.6,-0.00392857,-11.3548
15.306,-0.6,-0.00362637,-11.2889
15.308,-0.6,-0.00382784,-11.2896
15.31,-0.6,-0.0043315,-11.2969
15.312,-0.6,-0.00392857,-11.3712
15.314,-0.6,-0.0040293,-11.2665
15.316,-0.6,-0.00362637,-11.2902
15.318,-0.6,-0.00372711,-11.2617
15.32,-0.6,-0.00392857,-11.2097
15.322,-0.6,-0.00352564,-11.2732
15.324,-0.6,-0.0043315,-11.2463
15.326,-0.6,-0.00382784,-11.2757
15.328,-0.6,-0.00352564,-11.261
15.33,-0.6,-0.00453297,-11.2645
15.332,-0.6,-0.00413004,-11.3173
15.334,-0.6,-0.00362637,-11.2721
15.336,-0.6,-0.00413004,-11.3763
15.338,-0.6,-0.00382784,-11.3025
15.34,-0.6,-0.00392857,-11.3231
15.342,-0.6,-0.00332418,-11.3139
15.344,-0.6,-0.0040293,-11.2892
15.346,-0.6,-0.00382784,-11.321
15.348,-0.6,-0.00382784,-11.2963
15.35,-0.6,-0.00322344,-11.2865
15.352,-0.6,-0.00453297,-11.3044
15.354,-0.6,-0.00382784,-11.3184
15.356,-0.6,-0.00342491,-11.342
15.358,-0.6,-0.00362637,-11.3816
15.36,-0.6,-0.00423077,-11.4124
15.362,-0.6,-0.00372711,-11.4082
15.364,-0.6,-0.00322344,-11.425
15.366,-0.6,-0.00392857,-11.4107
15.368,-0.6,-0.00312271,-11.4298
15.37,-0.6,-0.00362637,-11.4006
15.372,-0.6,-0.00302198,-11.4272
15.374,-0.6,-0.00332418,-11.4282
15.376,-0.6,-0.00332418,-11.4267
15.378,-0.6,-0.00392857,-11.4331
15.38,-0.6,-0.00352564,-11.4337
15.382,-0.6,-0.00382784,-11.4522
15.384,-0.6,-0.00443223,-11.498
15.386,-0.6,-0.00362637,-11.52
15.388,-0.6,-0.00332418,-11.4914
15.39,-0.6,-0.00362637,-11.4887
15.392,-0.6,-0.00322344,-11.4821
15.394,-0.6,-0.00352564,-11.4533
15.396,-0.6,-0.00292125,-11.4439
15.398,-0.6,-0.00302198,-11.4466
15.4,-0.6,-0.00312271,-11.4458
15.402,-0.6,-0.0040293,-11.4335
15.404,-0.6,-0.00312271,-11.4275
15.406,-0.6,-0.00312271,-11.4487
15.408,-0.6,-0.00372711,-11.4741
15.41,-0.6,-0.00342491,-11.4977
15.412,-0.6,-0.00362637,-11.4865
15.414,-0.6,-0.00392857,-11.3714
15.416,-0.6,-0.00382784,-11.4291
15.418,-0.6,-0.00332418,-11.4213
15.42,-0.6,-0.00362637,-11.3672
15.422,-0.6,-0.00382784,-11.3808
15.424,-0.6,-0.00382784,-11.3536
15.426,-0.6,-0.00352564,-11.3609
15.428,-0.6,-0.00423077,-11.365
15.43,-0.6,-0.00382784,-11.3401
15.432,-0.6,-0.00312271,-11.3668
15.434,-0.6,-0.0040293,-11.3754
15.436,-0.6,-0.00413004,-11.4101
15.438,-0.6,-0.00362637,-11.3801
15.44,-0.6,-0.00413004,-11.3659
15.442,-0.6,-0.00372711,-11.3322
15.444,-0.6,-0.00322344,-11.3434
15.446,-0.6,-0.00372711,-11.3226
15.448,-0.6,-0.00312271,-11.3037
15.45,-0.6,-0.00413004,-11.2993
15.452,-0.6,-0.00312271,-11.2823
15.454,-0.6,-0.00443223,-11.3024
15.456,-0.6,-0.00392857,-11.3068
15.458,-0.6,-0.00342491,-11.3274
15.46,-0.6,-0.0040293,-11.3504
15.462,-0.6,-0.00413004,-11.3697
15.464,-0.6,-0.00382784,-11.3089
15.466,-0.6,-0.00362637,-11.3399
15.468,-0.6,-0.0046337,-11.3236
15.47,-0.6,-0.0040293,-11.3549
15.472,-0.6,-0.0040293,-11.3354
15.474,-0.6,-0.00413004,-11.3219
15.476,-0.6,-0.00342491,-11.3606
15.478,-0.6,-0.00392857,-11.3663
15.48,-0.6,-0.00382784,-11.3814
15.482,-0.6,-0.00392857,-11.4375
15.484,-0.6,-0.0043315,-11.4576
15.486,-0.6,-0.00302198,-11.4894
15.488,-0.6,-0.0040293,-11.4921
15.49,-0.6,-0.00352564,-11.4589
15.492,-0.6,-0.00372711,-11.5011
15.494,-0.6,-0.00271978,-11.4424
15.496,-0.6,-0.00392857,-11.5364
15.498,-0.6,-0.00342491,-11.4886
15.5,-0.6,-0.00302198,-11.492
15.502,-0.6,-0.00322344,-11.5085
15.504,-0.6,-0.00372711,-11.5388
15.506,-0.6,-0.00382784,-11.5459
15.508,-0.6,-0.00271978,-11.5762
15.51,-0.6,-0.00322344,-11.6172
15.512,-0.6,-0.00312271,-11.6313
15.514,-0.6,-0.00382784,-11.6134
15.516,-0.6,-0.00302198,-11.5916
15.518,-0.6,-0.00282051,-11.5765
15.52,-0.6,-0.00423077,-11.5889
15.522,-0.6,-0.00413004,-11.5708
15.524,-0.6,-0.00352564,-11.5633
15.526,-0.6,-0.00302198,-11.561
15.528,-0.6,-0.00342491,-11.569
15.53,-0.6,-0.00332418,-11.591
15.532,-0.6,-0.00372711,-11.5904
15.534,-0.6,-0.00302198,-11.6134
15.536,-0.6,-0.00322344,-11.6433
15.538,-0.6,-0.00362637,-11.5973
15.54,-0.6,-0.00241758,-11.5924
15.542,-0.6,-0.00342491,-11.5862
15.544,-0.6,-0.00261905,-11.5375
15.546,-0.6,-0.00413004,-11.5447
15.548,-0.6,-0.00392857,-11.5206
15.55,-0.6,-0.00362637,-11.5308
15.552,-0.6,-0.00352564,-11.4977
15.554,-0.6,-0.00332418,-11.4941
15.556,-0.6,-0.00312271,-11.5053
15.558,-0.6,-0.00261905,-11.5166
15.56,-0.6,-0.0043315,-11.5408
15.562,-0.6,-0.00392857,-11.5217
15.564,-0.6,-0.0046337,-11.5011
15.566,-0.6,-0.00372711,-11.4501
15.568,-0.6,-0.00282051,-11.4383
15.57,-0.6,-0.0043315,-11.4169
15.572,-0.6,-0.0040293,-11.4029
15.574,-0.6,-0.00413004,-11.3788
15.576,-0.6,-0.00423077,-11.3989
15.578,-0.6,-0.00453297,-11.3817
15.58,-0.6,-0.00423077,-11.3992
15.582,-0.6,-0.00382784,-11.4164
15.584,-0.6,-0.00372711,-11.4065
15.586,-0.6,-0.00423077,-11.3889
15.588,-0.6,-0.00382784,-11.3887
15.59,-0.6,-0.0040293,-11.3678
15.592,-0.6,-0.00322344,-11.349
15.594,-0.6,-0.00332418,-11.3289
15.596,-0.6,-0.00352564,-11.3418
15.598,-0.6,-0.00342491,-11.327
15.6,-0.6,-0.00362637,-11.3328
15.602,-0.6,-0.00352564,-11.3347
15.604,-0.6,-0.00282051,-11.3412
15.606,-0.6,-0.00392857,-11.3425
15.608,-0.6,-0.00332418,-11.3574
15.61,-0.6,-0.0043315,-11.4009
15.612,-0.6,-0.00342491,-11.3811
15.614,-0.6,-0.00392857,-11.3698
15.616,-0.6,-0.00382784,-11.3744
15.618,-0.6,-0.00342491,-11.3529
15.62,-0.6,-0.00382784,-11.3691
15.622,-0.6,-0.00362637,-11.3893
15.624,-0.6,-0.00362637,-11.3977
15.626,-0.6,-0.00282051,-11.4046
15.628,-0.6,-0.00392857,-11.4327
15.63,-0.6,-0.00423077,-11.4325
15.632,-0.6,-0.00372711,-11.4663
15.634,-0.6,-0.00423077,-11.5175
15.636,-0.6,-0.00282051,-11.5295
15.638,-0.6,-0.00352564,-11.5119
15.64,-0.6,-0.00241758,-11.5086
15.642,-0.6,-0.00362637,-11.5046
15.644,-0.6,-0.00211538,-11.5157
15.646,-0.6,-0.00282051,-11.5029
15.648,-0.6,-0.00292125,-11.5278
15.65,-0.6,-0.00312271,-11.4944
15.652,-0.6,-0.00392857,-11.496
15.654,-0.6,-0.00332418,-11.5203
15.656,-0.6,-0.00271978,-11.5167
15.658,-0.6,-0.0040293,-11.5314
15.66,-0.6,-0.00302198,-11.5665
15.662,-0.6,-0.00362637,-11.5609
15.664,-0.6,-0.00413004,-11.5104
15.666,-0.6,-0.00372711,-11.5268
15.668,-0.6,-0.00382784,-11.5146
15.67,-0.6,-0.00342491,-11.4654
15.672,-0.6,-0.00392857,-11.4899
15.674,-0.6,-0.00312271,-11.4908
15.676,-0.6,-0.00342491,-11.4553
15.678,-0.6,-0.00312271,-11.5128
15.68,-0.6,-0.00372711,-11.472
15.682,-0.6,-0.00362637,-11.5427
15.684,-0.6,-0.00362637,-11.5359
15.686,-0.6,-0.00282051,-11.5335
15.688,-0.6,-0.00362637,-11.4839
15.69,-0.6,-0.00362637,-11.4824
15.692,-0.6,-0.00231685,-11.4452
15.694,-0.6,-0.00302198,-11.4524
15.696,-0.6,-0.00372711,-11.4194
15.698,-0.6,-0.00342491,-11.4189
15.7,-0.6,-0.00382784,-11.381
15.702,-0.6,-0.00392857,-11.371
15.704,-0.6,-0.00392857,-11.3911
15.706,-0.6,-0.0040293,-11.3695
15.708,-0.6,-0.00423077,-11.3989
15.71,-0.6,-0.00352564,-11.3817
15.712,-0.6,-0.00483516,-11.4107
15.714,-0.6,-0.00413004,-11.37
15.716,-0.6,-0.00382784,-11.3697
15.718,-0.6,-0.00372711,-11.3514
15.72,-0.6,-0.00423077,-11.3641
15.722,-0.6,-0.00483516,-11.3356
15.724,-0.6,-0.00392857,-11.3462
15.726,-0.6,-0.00423077,-11.3636
15.728,-0.6,-0.00423077,-11.3327
15.73,-0.6,-0.00423077,-11.3474
15.732,-0.6,-0.00423077,-11.3823
15.734,-0.6,-0.00473443,-11.393
15.736,-0.6,-0.0040293,-11.3986
15.738,-0.6,-0.00392857,-11.3739
15.74,-0.6,-0.00413004,-11.3622
15.742,-0.6,-0.00342491,-11.3482
15.744,-0.6,-0.00342491,-11.3487
15.746,-0.6,-0.0040293,-11.3411
15.748,-0.6,-0.00423077,-11.3562
15.75,-0.6,-0.00382784,-11.3482
15.752,-0.6,-0.00413004,-11.3936
15.754,-0.6,-0.00392857,-11.3707
15.756,-0.6,-0.0043315,-11.3939
15.758,-0.6,-0.00362637,-11.4276
15.76,-0.6,-0.0046337,-11.4821
15.762,-0.6,-0.00443223,-11.4565
15.764,-0.6,-0.00392857,-11.4739
15.766,-0.6,-0.00372711,-11.4568
15.768,-0.6,-0.00372711,-11.4681
15.77,-0.6,-0.00352564,-11.4827
15.772,-0.6,-0.00302198,-11.4935
15.774,-0.6,-0.00322344,-11.4953
15.776,-0.6,-0.00342491,-11.5212
15.778,-0.6,-0.00382784,-11.5356
15.78,-0.6,-0.00362637,-11.5668
15.782,-0.6,-0.00352564,-11.5658
15.784,-0.6,-0.00322344,-11.6198
15.786,-0.6,-0.00292125,-11.6465
15.788,-0.6,-0.00352564,-11.6148
15.79,-0.6,-0.00342491,-11.6006
15.792,-0.6,-0.00271978,-11.5856
15.794,-0.6,-0.00322344,-11.581
15.796,-0.6,-0.00312271,-11.569
15.798,-0.6,-0.00322344,-11.5669
15.8,-0.6,-0.00292125,-11.5409
15.802,-0.6,-0.0040293,-11.5372
15.804,-0.6,-0.00362637,-11.5317
15.806,-0.6,-0.00312271,-11.5477
15.808,-0.6,-0.00292125,-11.5792
15.81,-0.6,-0.00322344,-11.6145
15.812,-0.6,-0.00312271,-11.5875
15.814,-0.6,-0.00342491,-11.5559
15.816,-0.6,-0.00251832,-11.5473
15.818,-0.6,-0.00362637,-11.5259
15.82,-0.6,-0.00342491,-11.5355
15.822,-0.6,-0.00392857,-11.4968
15.824,-0.6,-0.00261905,-11.4917
15.826,-0.6,-0.00382784,-11.5116
15.828,-0.6,-0.00342491,-11.4869
15.83,-0.6,-0.00372711,-11.4905
15.832,-0.6,-0.00423077,-11.4981
15.834,-0.6,-0.00362637,-11.5112
15.836,-0.6,-0.00322344,-11.5095
15.838,-0.6,-0.00322344,-11.4498
15.84,-0.6,-0.00312271,-11.4275
15.842,-0.6,-0.00332418,-11.389
15.844,-0.6,-0.00322344,-11.3735
15.846,-0.6,-0.00362637,-11.3565
15.848,-0.6,-0.00342491,-11.3287
15.85,-0.6,-0.00392857,-11.3525
15.852,-0.6,-0.00372711,-11.3196
15.854,-0.6,-0.00342491,-11.2322
15.856,-0.6,-0.00362637,-11.3135
15.858,-0.6,-0.00372711,-11.3037
15.86,-0.6,-0.00413004,-11.309
15.862,-0.6,-0.00372711,-11.3829
15.864,-0.6,-0.00413004,-11.2338
15.866,-0.6,-0.00413004,-11.237
15.868,-0.6,-0.00423077,-11.2813
15.87,-0.6,-0.0040293,-11.2284
15.872,-0.6,-0.00443223,-11.2925
15.874,-0.6,-0.00342491,-11.2655
15.876,-0.6,-0.00372711,-11.2463
15.878,-0.6,-0.00372711,-11.2883
15.88,-0.6,-0.00362637,-11.2745
15.882,-0.6,-0.00372711,-11.338
15.884,-0.6,-0.00423077,-11.2899
15.886,-0.6,-0.00292125,-11.3939
15.888,-0.6,-0.00382784,-11.3197
15.89,-0.6,-0.00372711,-11.3068
15.892,-0.6,-0.00352564,-11.3186
15.894,-0.6,-0.00352564,-11.3171
15.896,-0.6,-0.00392857,-11.3357
15.898,-0.6,-0.0043315,-11.3122
15.9,-0.6,-0.00413004,-11.3013
15.902,-0.6,-0.00332418,-11.3321
15.904,-0.6,-0.00312271,-11.3325
15.906,-0.6,-0.00292125,-11.3548
15.908,-0.6,-0.00271978,-11.3933
15.91,-0.6,-0.00362637,-11.4241
15.912,-0.6,-0.0043315,-11.4189
15.914,-0.6,-0.00271978,-11.4331
15.916,-0.6,-0.00352564,-11.4247
15.918,-0.6,-0.00382784,-11.4139
15.92,-0.6,-0.00342491,-11.4324
15.922,-0.6,-0.00322344,-11.4312
15.924,-0.6,-0.0040293,-11.4325
15.926,-0.6,-0.00322344,-11.4344
15.928,-0.6,-0.00231685,-11.4407
15.93,-0.6,-0.00271978,-11.4729
15.932,-0.6,-0.00312271,-11.4765
15.934,-0.6,-0.00372711,-11.4953
15.936,-0.6,-0.00231685,-11.5238
15.938,-0.6,-0.00261905,-11.488
15.94,-0.6,-0.00382784,-11.4865
15.942,-0.6,-0.00362637,-11.4777
15.944,-0.6,-0.00261905,-11.4469
15.946,-0.6,-0.00362637,-11.4525
15.948,-0.6,-0.00362637,-11.4244
15.95,-0.6,-0.00392857,-11.4133
15.952,-0.6,-0.00251832,-11.4158
15.954,-0.6,-0.00372711,-11.4157
15.956,-0.6,-0.00352564,-11.4361
15.958,-0.6,-0.00443223,-11.4506
15.96,-0.6,-0.00382784,-11.4298
15.962,-0.6,-0.00322344,-11.4435
15.964,-0.6,-0.00382784,-11.4492
15.966,-0.6,-0.0040293,-11.3434
15.968,-0.6,-0.00342491,-11.4104
15.97,-0.6,-0.0043315,-11.3587
15.972,-0.6,-0.00382784,-11.3742
15.974,-0.6,-0.00362637,-11.3652
15.976,-0.6,-0.00423077,-11.3377
15.978,-0.6,-0.00362637,-11.3619
15.98,-0.6,-0.00392857,-11.3618
15.982,-0.6,-0.0040293,-11.3517
15.984,-0.6,-0.00413004,-11.3612
15.986,-0.6,-0.00423077,-11.3939
15.988,-0.6,-0.0043315,-11.3456
15.99,-0.6,-0.0040293,-11.3519
15.992,-0.6,-0.00372711,-11.3151
15.994,-0.6,-0.0040293,-11.3065
15.996,-0.6,-0.00382784,-11.3073
15.998,-0.6,-0.0043315,-11.2894
16,-0.5,-0.00372711,-11.2873
16.002,-0.5,0.00251832,-11.25
16.004,-0.5,0.00221612,-10.9495
16.006,-0.5,0.00130952,-10.8243
16.008,-0.5,0.000705128,-10.5859
16.01,-0.5,0.00040293,-10.3756
16.012,-0.5,0,-10.2542
16.014,-0.5,-0.00100733,-10.0297
16.016,-0.5,-0.00141026,-9.8795
16.018,-0.5,-0.000604396,-9.77123
16.02,-0.5,-0.00171245,-9.63558
16.022,-0.5,-0.00181319,-9.60197
16.024,-0.5,-0.00151099,-9.4677
16.026,-0.5,-0.00120879,-9.43645
16.028,-0.5,-0.00271978,-9.34227
16.03,-0.5,-0.00251832,-9.30302
16.032,-0.5,-0.00322344,-9.24965
16.034,-0.5,-0.00241758,-9.21675
16.036,-0.5,-0.00261905,-9.21252
16.038,-0.5,-0.00312271,-9.19096
16.04,-0.5,-0.00322344,-9.18953
16.042,-0.5,-0.00312271,-9.1714
16.044,-0.5,-0.00241758,-9.12207
16.046,-0.5,-0.00302198,-9.09157
16.048,-0.5,-0.00302198,-9.07802
16.05,-0.5,-0.00382784,-9.07345
16.052,-0.5,-0.00302198,-9.05495
16.054,-0.5,-0.00352564,-9.06759
16.056,-0.5,-0.00302198,-9.00594
16.058,-0.5,-0.0040293,-9.02111
16.06,-0.5,-0.00322344,-9.00438
16.062,-0.5,-0.00342491,-9.00218
16.064,-0.5,-0.00282051,-9.02923
16.066,-0.5,-0.00322344,-9.02471
16.068,-0.5,-0.00352564,-9.06108
16.07,-0.5,-0.00362637,-9.07793
16.072,-0.5,-0.00342491,-9.10168
16.074,-0.5,-0.00292125,-9.1044
16.076,-0.5,-0.00312271,-9.06787
16.078,-0.5,-0.00342491,-9.03846
16.08,-0.5,-0.00342491,-9.03569
16.082,-0.5,-0.00312271,-9.01246
16.084,-0.5,-0.00221612,-9.00429
16.086,-0.5,-0.00342491,-8.99457
16.088,-0.5,-0.00372711,-8.99256
16.09,-0.5,-0.00352564,-8.98196
16.092,-0.5,-0.00332418,-8.97821
16.094,-0.5,-0.00271978,-8.98296
16.096,-0.5,-0.00302198,-8.98113
16.098,-0.5,-0.00312271,-9.01348
16.1,-0.5,-0.00332418,-8.99769
16.102,-0.5,-0.00302198,-9.02194
16.104,-0.5,-0.00382784,-9.06312
16.106,-0.5,-0.00292125,-9.00998
16.108,-0.5,-0.00372711,-8.97913
16.11,-0.5,-0.00322344,-8.98863
16.112,-0.5,-0.0040293,-8.93753
16.114,-0.5,-0.00261905,-8.95283
16.116,-0.5,-0.00312271,-8.90474
16.118,-0.5,-0.00413004,-8.90384
16.12,-0.5,-0.00302198,-8.8771
16.122,-0.5,-0.00342491,-8.86578
16.124,-0.5,-0.00392857,-8.85184
16.126,-0.5,-0.0040293,-8.8467
16.128,-0.5,-0.00332418,-8.84112
16.13,-0.5,-0.00392857,-8.84714
16.132,-0.5,-0.00342491,-8.85397
16.134,-0.5,-0.00413004,-8.87032
16.136,-0.5,-0.00423077,-8.89542
16.138,-0.5,-0.0043315,-8.87015
16.14,-0.5,-0.00362637,-8.84033
16.142,-0.5,-0.00292125,-8.79965
16.144,-0.5,-0.00392857,-8.7737
16.146,-0.5,-0.00453297,-8.76404
16.148,-0.5,-0.00342491,-8.74392
16.15,-0.5,-0.00392857,-8.72941
16.152,-0.5,-0.00372711,-8.71279
16.154,-0.5,-0.0043315,-8.72243
16.156,-0.5,-0.00413004,-8.70661
16.158,-0.5,-0.00352564,-8.69915
16.16,-0.5,-0.00392857,-8.69539
16.162,-0.5,-0.00362637,-8.71125
16.164,-0.5,-0.00392857,-8.70841
16.166,-0.5,-0.00413004,-8.73717
16.168,-0.5,-0.00453297,-8.73312
16.17,-0.5,-0.00453297,-8.70284
16.172,-0.5,-0.00342491,-8.68223
16.174,-0.5,-0.00392857,-8.69701
16.176,-0.5,-0.00443223,-8.65688
16.178,-0.5,-0.00352564,-8.66324
16.18,-0.5,-0.00392857,-8.64756
16.182,-0.5,-0.00372711,-8.64671
16.184,-0.5,-0.00423077,-8.65942
16.186,-0.5,-0.00342491,-8.65222
16.188,-0.5,-0.00362637,-8.64883
16.19,-0.5,-0.00382784,-8.65832
16.192,-0.5,-0.0043315,-8.66579
16.194,-0.5,-0.00312271,-8.67302
16.196,-0.5,-0.00322344,-8.68078
16.198,-0.5,-0.00352564,-8.69462
16.2,-0.5,-0.00392857,-8.71322
16.202,-0.5,-0.00352564,-8.75119
16.204,-0.5,-0.0040293,-8.73398
16.206,-0.5,-0.00312271,-8.73337
16.208,-0.5,-0.00423077,-8.71064
16.21,-0.5,-0.00382784,-8.70798
16.212,-0.5,-0.00352564,-8.70429
16.214,-0.5,-0.00413004,-8.7091
16.216,-0.5,-0.00392857,-8.72329
16.218,-0.5,-0.00413004,-8.72699
16.22,-0.5,-0.00423077,-8.74703
16.222,-0.5,-0.00352564,-8.75883
16.224,-0.5,-0.00312271,-8.77056
16.226,-0.5,-0.00382784,-8.78906
16.228,-0.5,-0.00372711,-8.82109
16.23,-0.5,-0.00342491,-8.82999
16.232,-0.5,-0.00423077,-8.88218
16.234,-0.5,-0.00312271,-8.89694
16.236,-0.5,-0.00302198,-8.89175
16.238,-0.5,-0.00382784,-8.86489
16.24,-0.5,-0.00423077,-8.86241
16.242,-0.5,-0.00261905,-8.86383
16.244,-0.5,-0.00372711,-8.84856
16.246,-0.5,-0.00221612,-8.85832
16.248,-0.5,-0.00362637,-8.84776
16.25,-0.5,-0.00372711,-8.8673
16.252,-0.5,-0.00312271,-8.85823
16.254,-0.5,-0.00332418,-8.84201
16.256,-0.5,-0.00342491,-8.84289
16.258,-0.5,-0.00261905,-8.8475
16.26,-0.5,-0.00302198,-8.84696
16.262,-0.5,-0.00261905,-8.86552
16.264,-0.5,-0.00382784,-8.88272
16.266,-0.5,-0.00362637,-8.90429
16.268,-0.5,-0.00362637,-8.92173
16.27,-0.5,-0.00413004,-8.89828
16.272,-0.5,-0.0040293,-8.84856
16.274,-0.5,-0.00382784,-8.84838
16.276,-0.5,-0.00423077,-8.80807
16.278,-0.5,-0.00332418,-8.82056
16.28,-0.5,-0.0040293,-8.79343
16.282,-0.5,-0.00382784,-8.80869
16.284,-0.5,-0.00312271,-8.79326
16.286,-0.5,-0.00382784,-8.81097
16.288,-0.5,-0.0040293,-8.78714
16.29,-0.5,-0.00302198,-8.81537
16.292,-0.5,-0.00352564,-8.80772
16.294,-0.5,-0.00271978,-8.83467
16.296,-0.5,-0.00372711,-8.86329
16.298,-0.5,-0.00342491,-8.87781
16.3,-0.5,-0.00342491,-8.85752
16.302,-0.5,-0.00372711,-8.81475
16.304,-0.5,-0.00382784,-8.80614
16.306,-0.5,-0.0040293,-8.79983
16.308,-0.5,-0.00372711,-8.77361
16.31,-0.5,-0.00362637,-8.76995
16.312,-0.5,-0.00382784,-8.7453
16.314,-0.5,-0.00372711,-8.73406
16.316,-0.5,-0.00382784,-8.74245
16.318,-0.5,-0.00423077,-8.72897
16.32,-0.5,-0.00483516,-8.73683
16.322,-0.5,-0.00382784,-8.6989
16.324,-0.5,-0.00382784,-8.71769
16.326,-0.5,-0.00362637,-8.70232
16.328,-0.5,-0.00352564,-8.73381
16.33,-0.5,-0.00372711,-8.72131
16.332,-0.5,-0.00423077,-8.72406
16.334,-0.5,-0.00443223,-8.74703
16.336,-0.5,-0.00453297,-8.72949
16.338,-0.5,-0.0040293,-8.66945
16.34,-0.5,-0.00392857,-8.6818
16.342,-0.5,-0.00453297,-8.66783
16.344,-0.5,-0.00513736,-8.65756
16.346,-0.5,-0.00423077,-8.67004
16.348,-0.5,-0.00443223,-8.66341
16.35,-0.5,-0.00372711,-8.65281
16.352,-0.5,-0.0046337,-8.66443
16.354,-0.5,-0.00392857,-8.64857
16.356,-0.5,-0.00342491,-8.64358
16.358,-0.5,-0.00453297,-8.6579
16.36,-0.5,-0.00413004,-8.67796
16.362,-0.5,-0.00362637,-8.71279
16.364,-0.5,-0.00443223,-8.71494
16.366,-0.5,-0.0043315,-8.70953
16.368,-0.5,-0.00423077,-8.67294
16.37,-0.5,-0.0040293,-8.65739
16.372,-0.5,-0.00372711,-8.65611
16.374,-0.5,-0.00392857,-8.64891
16.376,-0.5,-0.00423077,-8.65925
16.378,-0.5,-0.00423077,-8.65383
16.38,-0.5,-0.00352564,-8.64595
16.382,-0.5,-0.00342491,-8.659
16.384,-0.5,-0.00382784,-8.65595
16.386,-0.5,-0.00362637,-8.69513
16.388,-0.5,-0.0043315,-8.6703
16.39,-0.5,-0.0046337,-8.68624
16.392,-0.5,-0.0040293,-8.7152
16.394,-0.5,-0.0040293,-8.74582
16.396,-0.5,-0.0040293,-8.76126
16.398,-0.5,-0.00413004,-8.81422
16.4,-0.5,-0.00413004,-8.78714
16.402,-0.5,-0.0046337,-8.79212
16.404,-0.5,-0.00362637,-8.77187
16.406,-0.5,-0.0040293,-8.78286
16.408,-0.5,-0.0040293,-8.78382
16.41,-0.5,-0.00352564,-8.79527
16.412,-0.5,-0.00342491,-8.80325
16.414,-0.5,-0.00382784,-8.81845
16.416,-0.5,-0.00352564,-8.81264
16.418,-0.5,-0.0040293,-8.8284
16.42,-0.5,-0.00342491,-8.84794
16.422,-0.5,-0.00413004,-8.85832
16.424,-0.5,-0.00332418,-8.88379
16.426,-0.5,-0.00352564,-8.89649
16.428,-0.5,-0.0040293,-8.95084
16.43,-0.5,-0.00352564,-8.96337
16.432,-0.5,-0.00312271,-8.94087
16.434,-0.5,-0.00312271,-8.92155
16.436,-0.5,-0.00342491,-8.90932
16.438,-0.5,-0.00352564,-8.88942
16.44,-0.5,-0.00312271,-8.88459
16.442,-0.5,-0.00322344,-8.87424
16.444,-0.5,-0.00382784,-8.86587
16.446,-0.5,-0.00332418,-8.85823
16.448,-0.5,-0.00382784,-8.84767
16.45,-0.5,-0.00312271,-8.85787
16.452,-0.5,-0.00372711,-8.8398
16.454,-0.5,-0.00332418,-8.84369
16.456,-0.5,-0.00362637,-8.86988
16.458,-0.5,-0.00322344,-8.85725
16.46,-0.5,-0.00392857,-8.89488
16.462,-0.5,-0.00302198,-8.90115
16.464,-0.5,-0.00372711,-8.89443
16.466,-0.5,-0.00302198,-8.89309
16.468,-0.5,-0.00372711,-8.84679
16.47,-0.5,-0.0040293,-8.84599
16.472,-0.5,-0.00352564,-8.82699
16.474,-0.5,-0.00342491,-8.83017
16.476,-0.5,-0.00413004,-8.83246
16.478,-0.5,-0.00342491,-8.80053
16.48,-0.5,-0.00392857,-8.8225
16.482,-0.5,-0.00382784,-8.77954
16.484,-0.5,-0.00443223,-8.80368
16.486,-0.5,-0.00362637,-8.7909
16.488,-0.5,-0.00322344,-8.79825
16.49,-0.5,-0.00392857,-8.80342
16.492,-0.5,-0.00453297,-8.82302
16.494,-0.5,-0.00392857,-8.83555
16.496,-0.5,-0.00443223,-8.8299
16.498,-0.5,-0.00342491,-8.79422
16.5,-0.5,-0.00382784,-8.76482
16.502,-0.5,-0.00382784,-8.73596
16.504,-0.5,-0.00423077,-8.72492
16.506,-0.5,-0.0040293,-8.69872
16.508,-0.5,-0.00382784,-8.68735
16.51,-0.5,-0.00392857,-8.66392
16.512,-0.5,-0.0046337,-8.65578
16.514,-0.5,-0.00342491,-8.65145
16.516,-0.5,-0.00342491,-8.59942
16.518,-0.5,-0.00423077,-8.65925
16.52,-0.5,-0.00372711,-8.59691
16.522,-0.5,-0.00392857,-8.65476
16.524,-0.5,-0.00372711,-8.6709
16.526,-0.5,-0.00372711,-8.70438
16.528,-0.5,-0.00443223,-8.68044
16.53,-0.5,-0.0040293,-8.71993
16.532,-0.5,-0.00382784,-8.63353
16.534,-0.5,-0.00382784,-8.65111
16.536,-0.5,-0.00443223,-8.59875
16.538,-0.5,-0.0043315,-8.63252
16.54,-0.5,-0.00423077,-8.60143
16.542,-0.5,-0.00372711,-8.62772
16.544,-0.5,-0.00372711,-8.60553
16.546,-0.5,-0.00372711,-8.63454
16.548,-0.5,-0.00322344,-8.66222
16.55,-0.5,-0.00413004,-8.65764
16.552,-0.5,-0.00382784,-8.66902
16.554,-0.5,-0.00423077,-8.66953
16.556,-0.5,-0.00372711,-8.72148
16.558,-0.5,-0.00382784,-8.69607
16.56,-0.5,-0.00413004,-8.73571
16.562,-0.5,-0.00332418,-8.78749
16.564,-0.5,-0.00312271,-8.71357
16.566,-0.5,-0.00423077,-8.72122
16.568,-0.5,-0.00362637,-8.7115
16.57,-0.5,-0.00332418,-8.70798
16.572,-0.5,-0.00382784,-8.69633
16.574,-0.5,-0.00332418,-8.72217
16.576,-0.5,-0.00352564,-8.70069
16.578,-0.5,-0.00382784,-8.72561
16.58,-0.5,-0.00352564,-8.70095
16.582,-0.5,-0.00352564,-8.72777
16.584,-0.5,-0.00312271,-8.73536
16.586,-0.5,-0.00392857,-8.74063
16.588,-0.5,-0.00362637,-8.76943
16.59,-0.5,-0.00352564,-8.80772
16.592,-0.5,-0.00282051,-8.84962
16.594,-0.5,-0.00292125,-8.85548
16.596,-0.5,-0.00302198,-8.82179
16.598,-0.5,-0.0040293,-8.83723
16.6,-0.5,-0.00322344,-8.81765
16.602,-0.5,-0.00392857,-8.83485
16.604,-0.5,-0.00352564,-8.80763
16.606,-0.5,-0.00342491,-8.83237
16.608,-0.5,-0.00332418,-8.83723
16.61,-0.5,-0.00352564,-8.8405
16.612,-0.5,-0.0040293,-8.84272
16.614,-0.5,-0.00322344,-8.85983
16.616,-0.5,-0.00332418,-8.84705
16.618,-0.5,-0.00362637,-8.84679
16.62,-0.5,-0.00342491,-8.86587
16.622,-0.5,-0.00362637,-8.88406
16.624,-0.5,-0.00352564,-8.90663
16.626,-0.5,-0.00352564,-8.93102
16.628,-0.5,-0.00332418,-8.88871
16.63,-0.5,-0.00362637,-8.88227
16.632,-0.5,-0.00382784,-8.84573
16.634,-0.5,-0.00372711,-8.85903
16.636,-0.5,-0.00332418,-8.83705
16.638,-0.5,-0.00332418,-8.81968
16.64,-0.5,-0.00362637,-8.83087
16.642,-0.5,-0.00342491,-8.81229
16.644,-0.5,-0.00382784,-8.82144
16.646,-0.5,-0.00362637,-8.81229
16.648,-0.5,-0.00332418,-8.80649
16.65,-0.5,-0.00312271,-8.82346
16.652,-0.5,-0.00342491,-8.82655
16.654,-0.5,-0.00362637,-8.82311
16.656,-0.5,-0.00332418,-8.86952
16.658,-0.5,-0.0043315,-8.83061
16.66,-0.5,-0.00292125,-8.81695
16.662,-0.5,-0.00392857,-8.74029
16.664,-0.5,-0.00342491,-8.78094
16.666,-0.5,-0.00271978,-8.7232
16.668,-0.5,-0.0040293,-8.76978
16.67,-0.5,-0.0040293,-8.72398
16.672,-0.5,-0.0040293,-8.7326
16.674,-0.5,-0.00352564,-8.70876
16.676,-0.5,-0.00443223,-8.72268
16.678,-0.5,-0.00392857,-8.70713
16.68,-0.5,-0.00302198,-8.72311
16.682,-0.5,-0.00382784,-8.73467
16.684,-0.5,-0.00342491,-8.74141
16.686,-0.5,-0.00392857,-8.73674
16.688,-0.5,-0.00483516,-8.75067
16.69,-0.5,-0.00443223,-8.7597
16.692,-0.5,-0.00352564,-8.75206
16.694,-0.5,-0.00382784,-8.72656
16.696,-0.5,-0.0043315,-8.72518
16.698,-0.5,-0.00413004,-8.69102
16.7,-0.5,-0.00312271,-8.6894
16.702,-0.5,-0.00362637,-8.6795
16.704,-0.5,-0.00382784,-8.68462
16.706,-0.5,-0.00362637,-8.68496
16.708,-0.5,-0.00362637,-8.68112
16.71,-0.5,-0.00443223,-8.66367
16.712,-0.5,-0.00372711,-8.67166
16.714,-0.5,-0.00423077,-8.66537
16.716,-0.5,-0.00372711,-8.67541
16.718,-0.5,-0.00413004,-8.6941
16.72,-0.5,-0.00413004,-8.70352
16.722,-0.5,-0.00372711,-8.72872
16.724,-0.5,-0.00443223,-8.7109
16.726,-0.5,-0.00473443,-8.67294
16.728,-0.5,-0.00392857,-8.67217
16.73,-0.5,-0.00372711,-8.69222
16.732,-0.5,-0.00413004,-8.67933
16.734,-0.5,-0.00453297,-8.67703
16.736,-0.5,-0.00413004,-8.67192
16.738,-0.5,-0.00423077,-8.69333
16.74,-0.5,-0.0040293,-8.69
16.742,-0.5,-0.0043315,-8.71795
16.744,-0.5,-0.00443223,-8.72079
16.746,-0.5,-0.00342491,-8.7466
16.748,-0.5,-0.00372711,-8.7505
16.75,-0.5,-0.00392857,-8.80535
16.752,-0.5,-0.00332418,-8.80895
16.754,-0.5,-0.00332418,-8.8561
16.756,-0.5,-0.00443223,-8.86045
16.758,-0.5,-0.00413004,-8.84236
16.76,-0.5,-0.0040293,-8.82911
16.762,-0.5,-0.00372711,-8.81704
16.764,-0.5,-0.00372711,-8.8593
16.766,-0.5,-0.0040293,-8.81009
16.768,-0.5,-0.00292125,-8.88495
16.77,-0.5,-0.00362637,-8.83317
16.772,-0.5,-0.00362637,-8.87068
16.774,-0.5,-0.00261905,-8.85219
16.776,-0.5,-0.00322344,-8.86694
16.778,-0.5,-0.00382784,-8.88468
16.78,-0.5,-0.00302198,-8.90061
16.782,-0.5,-0.00352564,-8.91939
16.784,-0.5,-0.00362637,-8.94948
16.786,-0.5,-0.00282051,-8.99576
16.788,-0.5,-0.00413004,-8.99586
16.79,-0.5,-0.0040293,-8.98643
16.792,-0.5,-0.00322344,-8.96264
16.794,-0.5,-0.00342491,-8.93021
16.796,-0.5,-0.00332418,-8.92967
16.798,-0.5,-0.00312271,-8.91345
16.8,-0.5,-0.00282051,-8.92092
16.802,-0.5,-0.00382784,-8.90313
16.804,-0.5,-0.00342491,-8.92805
16.806,-0.5,-0.00302198,-8.89479
16.808,-0.5,-0.00382784,-8.92291
16.81,-0.5,-0.00372711,-8.90474
16.812,-0.5,-0.00342491,-8.92696
16.814,-0.5,-0.00312271,-8.94513
16.816,-0.5,-0.00352564,-8.95664
16.818,-0.5,-0.00292125,-8.95764
16.82,-0.5,-0.00372711,-8.9997
16.822,-0.5,-0.00282051,-8.95002
16.824,-0.5,-0.00413004,-8.92291
16.826,-0.5,-0.00372711,-8.91076
16.828,-0.5,-0.00332418,-8.88585
16.83,-0.5,-0.00362637,-8.88942
16.832,-0.5,-0.00362637,-8.85406
16.834,-0.5,-0.00312271,-8.86498
16.836,-0.5,-0.00342491,-8.83423
16.838,-0.5,-0.00413004,-8.82761
16.84,-0.5,-0.00413004,-8.81396
16.842,-0.5,-0.00332418,-8.81422
16.844,-0.5,-0.00392857,-8.81642
16.846,-0.5,-0.00382784,-8.82973
16.848,-0.5,-0.00322344,-8.85512
16.85,-0.5,-0.00392857,-8.85787
16.852,-0.5,-0.00352564,-8.88209
16.854,-0.5,-0.00392857,-8.86072
16.856,-0.5,-0.00382784,-8.8337
16.858,-0.5,-0.00382784,-8.79781
16.86,-0.5,-0.0040293,-8.77274
16.862,-0.5,-0.00443223,-8.75631
16.864,-0.5,-0.00473443,-8.74894
16.866,-0.5,-0.00413004,-8.72759
16.868,-0.5,-0.00352564,-8.71855
16.87,-0.5,-0.00372711,-8.73027
16.872,-0.5,-0.00453297,-8.71399
16.874,-0.5,-0.00423077,-8.70833
16.876,-0.5,-0.00382784,-8.71924
16.878,-0.5,-0.0043315,-8.7232
16.88,-0.5,-0.00372711,-8.74089
16.882,-0.5,-0.00423077,-8.74686
16.884,-0.5,-0.0040293,-8.74227
16.886,-0.5,-0.00443223,-8.7103
16.888,-0.5,-0.0040293,-8.68837
16.89,-0.5,-0.00372711,-8.68445
16.892,-0.5,-0.00382784,-8.65713
16.894,-0.5,-0.0040293,-8.66333
16.896,-0.5,-0.00413004,-8.64663
16.898,-0.5,-0.00372711,-8.6413
16.9,-0.5,-0.00352564,-8.64096
16.902,-0.5,-0.00423077,-8.64494
16.904,-0.5,-0.00423077,-8.64189
16.906,-0.5,-0.00372711,-8.64984
16.908,-0.5,-0.00362637,-8.65637
16.91,-0.5,-0.00382784,-8.65908
16.912,-0.5,-0.00392857,-8.67149
16.914,-0.5,-0.00352564,-8.6935
16.916,-0.5,-0.0043315,-8.70532
16.918,-0.5,-0.00413004,-8.74253
16.92,-0.5,-0.00413004,-8.72277
16.922,-0.5,-0.00382784,-8.72122
16.924,-0.5,-0.00413004,-8.69701
16.926,-0.5,-0.0043315,-8.68658
16.928,-0.5,-0.0040293,-8.68137
16.93,-0.5,-0.00392857,-8.69676
16.932,-0.5,-0.00453297,-8.71142
16.934,-0.5,-0.00322344,-8.71442
16.936,-0.5,-0.00352564,-8.73605
16.938,-0.5,-0.00332418,-8.74981
16.94,-0.5,-0.00423077,-8.76334
16.942,-0.5,-0.00392857,-8.78225
16.944,-0.5,-0.00342491,-8.81783
16.946,-0.5,-0.00352564,-8.82858
16.948,-0.5,-0.00392857,-8.88272
16.95,-0.5,-0.00332418,-8.89631
16.952,-0.5,-0.00282051,-8.86854
16.954,-0.5,-0.00332418,-8.8681
16.956,-0.5,-0.00332418,-8.85912
16.958,-0.5,-0.00342491,-8.86614
16.96,-0.5,-0.00342491,-8.85619
16.962,-0.5,-0.00352564,-8.86516
16.964,-0.5,-0.00332418,-8.85734
16.966,-0.5,-0.00342491,-8.87736
16.968,-0.5,-0.00352564,-8.8673
16.97,-0.5,-0.00251832,-8.86632
16.972,-0.5,-0.00302198,-8.84865
16.974,-0.5,-0.00302198,-8.87006
16.976,-0.5,-0.00352564,-8.85512
16.978,-0.5,-0.00392857,-8.87389
16.98,-0.5,-0.00312271,-8.89139
16.982,-0.5,-0.0043315,-8.91211
16.984,-0.5,-0.00312271,-8.93084
16.986,-0.5,-0.00312271,-8.90591
16.988,-0.5,-0.0040293,-8.88058
16.99,-0.5,-0.0043315,-8.85921
16.992,-0.5,-0.00352564,-8.84617
16.994,-0.5,-0.00372711,-8.83025
16.996,-0.5,-0.00292125,-8.80254
16.998,-0.5,-0.0043315,-8.81792
17,-0.4,-0.00271978,-8.80158
17.002,-0.4,0.00332418,-8.79764
17.004,-0.4,0.00241758,-8.59624
17.006,-0.4,0.00181319,-8.43651
17.008,-0.4,0.00130952,-8.08156
17.01,-0.4,0.00161172,-7.94766
17.012,-0.4,0,-7.83608
17.014,-0.4,-0.000100733,-7.57359
17.016,-0.4,-0.000604396,-7.4356
17.018,-0.4,-0.000906593,-7.30606
17.02,-0.4,-0.00181319,-7.16198
17.022,-0.4,-0.00231685,-7.05639
17.024,-0.4,-0.00261905,-6.94698
17.026,-0.4,-0.00251832,-6.87488
17.028,-0.4,-0.00241758,-6.73111
17.03,-0.4,-0.00181319,-6.6473
17.032,-0.4,-0.00302198,-6.57411
17.034,-0.4,-0.00271978,-6.51987
17.036,-0.4,-0.00352564,-6.46501
17.038,-0.4,-0.00292125,-6.4323
17.04,-0.4,-0.00271978,-6.38914
17.042,-0.4,-0.00352564,-6.34906
17.044,-0.4,-0.00352564,-6.33899
17.046,-0.4,-0.00271978,-6.28247
17.048,-0.4,-0.00332418,-6.25888
17.05,-0.4,-0.00372711,-6.25211
17.052,-0.4,-0.00302198,-6.21657
17.054,-0.4,-0.00362637,-6.19651
17.056,-0.4,-0.00372711,-6.20395
17.058,-0.4,-0.00423077,-6.18714
17.06,-0.4,-0.00382784,-6.18134
17.062,-0.4,-0.00392857,-6.20753
17.064,-0.4,-0.00322344,-6.18112
17.066,-0.4,-0.00342491,-6.13648
17.068,-0.4,-0.00392857,-6.08429
17.07,-0.4,-0.00423077,-6.04831
17.072,-0.4,-0.00453297,-6.04504
17.074,-0.4,-0.0043315,-6.02986
17.076,-0.4,-0.00392857,-6.01827
17.078,-0.4,-0.00372711,-6.01086
17.08,-0.4,-0.00372711,-6.01189
17.082,-0.4,-0.00342491,-5.99223
17.084,-0.4,-0.00332418,-6.00315
17.086,-0.4,-0.00443223,-5.99248
17.088,-0.4,-0.00332418,-5.97813
17.09,-0.4,-0.00362637,-6.00237
17.092,-0.4,-0.00453297,-5.98947
17.094,-0.4,-0.0043315,-5.98858
17.096,-0.4,-0.00423077,-6.0051
17.098,-0.4,-0.00392857,-6.00792
17.1,-0.4,-0.00362637,-6.02616
17.102,-0.4,-0.00352564,-6.04586
17.104,-0.4,-0.00342491,-6.06113
17.106,-0.4,-0.00282051,-6.06088
17.108,-0.4,-0.0040293,-6.04367
17.11,-0.4,-0.00392857,-6.01336
17.112,-0.4,-0.00453297,-5.99053
17.114,-0.4,-0.00473443,-5.97162
17.116,-0.4,-0.00443223,-5.97162
17.118,-0.4,-0.00382784,-5.9686
17.12,-0.4,-0.00443223,-5.96376
17.122,-0.4,-0.0046337,-5.95877
17.124,-0.4,-0.00443223,-5.96127
17.126,-0.4,-0.00392857,-5.95528
17.128,-0.4,-0.0043315,-5.96344
17.13,-0.4,-0.0043315,-5.96888
17.132,-0.4,-0.00352564,-5.98578
17.134,-0.4,-0.00372711,-5.99016
17.136,-0.4,-0.00443223,-5.99528
17.138,-0.4,-0.00443223,-6.00568
17.14,-0.4,-0.00322344,-6.03962
17.142,-0.4,-0.00332418,-6.03204
17.144,-0.4,-0.00413004,-6.0532
17.146,-0.4,-0.00332418,-6.07902
17.148,-0.4,-0.00453297,-6.09735
17.15,-0.4,-0.00423077,-6.13337
17.152,-0.4,-0.00372711,-6.15203
17.154,-0.4,-0.00392857,-6.16697
17.156,-0.4,-0.00342491,-6.21639
17.158,-0.4,-0.00372711,-6.19317
17.16,-0.4,-0.00423077,-6.17236
17.162,-0.4,-0.00342491,-6.16887
17.164,-0.4,-0.0043315,-6.14775
17.166,-0.4,-0.00473443,-6.14271
17.168,-0.4,-0.00302198,-6.14407
17.17,-0.4,-0.00372711,-6.14369
17.172,-0.4,-0.00392857,-6.15164
17.174,-0.4,-0.00413004,-6.15494
17.176,-0.4,-0.00302198,-6.15863
17.178,-0.4,-0.00382784,-6.15975
17.18,-0.4,-0.00261905,-6.17201
17.182,-0.4,-0.00322344,-6.17059
17.184,-0.4,-0.00332418,-6.18497
17.186,-0.4,-0.00413004,-6.19768
17.188,-0.4,-0.00362637,-6.20914
17.19,-0.4,-0.00392857,-6.22462
17.192,-0.4,-0.00352564,-6.25277
17.194,-0.4,-0.00292125,-6.25888
17.196,-0.4,-0.00382784,-6.27877
17.198,-0.4,-0.00332418,-6.32194
17.2,-0.4,-0.00261905,-6.3339
17.202,-0.4,-0.00342491,-6.34719
17.204,-0.4,-0.00332418,-6.30592
17.206,-0.4,-0.00312271,-6.27877
17.208,-0.4,-0.00362637,-6.26039
17.21,-0.4,-0.00342491,-6.24862
17.212,-0.4,-0.00372711,-6.23856
17.214,-0.4,-0.00332418,-6.2316
17.216,-0.4,-0.00362637,-6.22186
17.218,-0.4,-0.00312271,-6.21836
17.22,-0.4,-0.00322344,-6.2104
17.222,-0.4,-0.00282051,-6.20892
17.224,-0.4,-0.00382784,-6.20705
17.226,-0.4,-0.00362637,-6.20012
17.228,-0.4,-0.00352564,-6.19569
17.23,-0.4,-0.00473443,-6.20931
17.232,-0.4,-0.00372711,-6.19903
17.234,-0.4,-0.00322344,-6.20556
17.236,-0.4,-0.00312271,-6.20543
17.238,-0.4,-0.00251832,-6.22756
17.24,-0.4,-0.00302198,-6.22677
17.242,-0.4,-0.00352564,-6.24901
17.244,-0.4,-0.00302198,-6.26705
17.246,-0.4,-0.00362637,-6.28135
17.248,-0.4,-0.00392857,-6.3116
17.25,-0.4,-0.00332418,-6.26292
17.252,-0.4,-0.0043315,-6.24107
17.254,-0.4,-0.00382784,-6.20151
17.256,-0.4,-0.00342491,-6.17944
17.258,-0.4,-0.00352564,-6.17016
17.26,-0.4,-0.00332418,-6.15988
17.262,-0.4,-0.00302198,-6.14608
17.264,-0.4,-0.00352564,-6.14514
17.266,-0.4,-0.00453297,-6.1454
17.268,-0.4,-0.00372711,-6.12933
17.27,-0.4,-0.0040293,-6.11927
17.272,-0.4,-0.0040293,-6.1326
17.274,-0.4,-0.00372711,-6.11067
17.276,-0.4,-0.00382784,-6.10303
17.278,-0.4,-0.00382784,-6.123
17.28,-0.4,-0.0040293,-6.12096
17.282,-0.4,-0.00372711,-6.1244
17.284,-0.4,-0.00282051,-6.13643
17.286,-0.4,-0.00271978,-6.14164
17.288,-0.4,-0.00352564,-6.14865
17.29,-0.4,-0.00362637,-6.1628
17.292,-0.4,-0.00322344,-6.17857
17.294,-0.4,-0.00352564,-6.18866
17.296,-0.4,-0.00372711,-6.14929
17.298,-0.4,-0.00372711,-6.10759
17.3,-0.4,-0.00372711,-6.07267
17.302,-0.4,-0.00362637,-6.06312
17.304,-0.4,-0.00382784,-6.03608
17.306,-0.4,-0.0043315,-6.01745
17.308,-0.4,-0.00382784,-5.9924
17.31,-0.4,-0.00392857,-5.98387
17.312,-0.4,-0.00382784,-5.97198
17.314,-0.4,-0.00423077,-5.95877
17.316,-0.4,-0.00362637,-5.94782
17.318,-0.4,-0.00392857,-5.94098
17.32,-0.4,-0.0040293,-5.93548
17.322,-0.4,-0.0043315,-5.95299
17.324,-0.4,-0.00392857,-5.89819
17.326,-0.4,-0.00382784,-5.94166
17.328,-0.4,-0.00382784,-5.94166
17.33,-0.4,-0.00352564,-5.97307
17.332,-0.4,-0.00382784,-5.91272
17.334,-0.4,-0.00423077,-5.9609
17.336,-0.4,-0.00382784,-5.98298
17.338,-0.4,-0.00372711,-5.99191
17.34,-0.4,-0.00392857,-6.02809
17.342,-0.4,-0.00332418,-6.01496
17.344,-0.4,-0.0040293,-5.97445
17.346,-0.4,-0.00413004,-6.00584
17.348,-0.4,-0.0043315,-5.93572
17.35,-0.4,-0.00473443,-5.90343
17.352,-0.4,-0.00342491,-5.93277
17.354,-0.4,-0.00423077,-5.89363
17.356,-0.4,-0.00382784,-5.9122
17.358,-0.4,-0.00413004,-5.91327
17.36,-0.4,-0.00362637,-5.88856
17.362,-0.4,-0.00443223,-5.91359
17.364,-0.4,-0.00362637,-5.93635
17.366,-0.4,-0.00342491,-5.90754
17.368,-0.4,-0.0046337,-5.93436
17.37,-0.4,-0.00423077,-5.9593
17.372,-0.4,-0.00362637,-5.9447
17.374,-0.4,-0.00352564,-5.9772
17.376,-0.4,-0.00332418,-5.99752
17.378,-0.4,-0.00413004,-6.00878
17.38,-0.4,-0.00362637,-6.01099
17.382,-0.4,-0.00312271,-6.05398
17.384,-0.4,-0.00251832,-6.06217
17.386,-0.4,-0.00372711,-6.05282
17.388,-0.4,-0.00382784,-6.09193
17.39,-0.4,-0.00423077,-6.12716
17.392,-0.4,-0.00372711,-6.07563
17.394,-0.4,-0.0040293,-6.04727
17.396,-0.4,-0.00352564,-6.04272
17.398,-0.4,-0.00392857,-6.02324
17.4,-0.4,-0.00413004,-6.03533
17.402,-0.4,-0.00382784,-6.03064
17.404,-0.4,-0.00443223,-6.02644
17.406,-0.4,-0.00382784,-6.03921
17.408,-0.4,-0.00312271,-6.05374
17.41,-0.4,-0.00302198,-6.04512
17.412,-0.4,-0.00382784,-6.05274
17.414,-0.4,-0.0049359,-6.05274
17.416,-0.4,-0.00352564,-6.07121
17.418,-0.4,-0.00362637,-6.05909
17.42,-0.4,-0.00342491,-6.07847
17.422,-0.4,-0.00372711,-6.09722
17.424,-0.4,-0.00332418,-6.11334
17.426,-0.4,-0.00292125,-6.1241
17.428,-0.4,-0.00352564,-6.14886
17.43,-0.4,-0.00332418,-6.16499
17.432,-0.4,-0.00292125,-6.21919
17.434,-0.4,-0.00322344,-6.26261
17.436,-0.4,-0.00382784,-6.26186
17.438,-0.4,-0.00302198,-6.2298
17.44,-0.4,-0.0043315,-6.20988
17.442,-0.4,-0.00362637,-6.21176
17.444,-0.4,-0.00342491,-6.19638
17.446,-0.4,-0.00342491,-6.19286
17.448,-0.4,-0.0040293,-6.20221
17.45,-0.4,-0.00292125,-6.1832
17.452,-0.4,-0.00312271,-6.18545
17.454,-0.4,-0.00302198,-6.19951
17.456,-0.4,-0.00261905,-6.20299
17.458,-0.4,-0.00332418,-6.20644
17.46,-0.4,-0.00282051,-6.21089
17.462,-0.4,-0.00372711,-6.21246
17.464,-0.4,-0.00382784,-6.21089
17.466,-0.4,-0.00261905,-6.22419
17.468,-0.4,-0.00352564,-6.21539
17.47,-0.4,-0.00312271,-6.22037
17.472,-0.4,-0.00292125,-6.24367
17.474,-0.4,-0.00292125,-6.23693
17.476,-0.4,-0.00362637,-6.25211
17.478,-0.4,-0.00282051,-6.27386
17.48,-0.4,-0.00271978,-6.28162
17.482,-0.4,-0.00342491,-6.30034
17.484,-0.4,-0.00372711,-6.28587
17.486,-0.4,-0.00302198,-6.24323
17.488,-0.4,-0.00261905,-6.21989
17.49,-0.4,-0.00352564,-6.20626
17.492,-0.4,-0.00302198,-6.18168
17.494,-0.4,-0.00352564,-6.18463
17.496,-0.4,-0.00322344,-6.1659
17.498,-0.4,-0.00342491,-6.1543
17.5,-0.4,-0.00342491,-6.14617
17.502,-0.4,-0.00342491,-6.15259
17.504,-0.4,-0.00292125,-6.14463
17.506,-0.4,-0.00322344,-6.13379
17.508,-0.4,-0.00352564,-6.13989
17.51,-0.4,-0.00332418,-6.12882
17.512,-0.4,-0.00332418,-6.14386
17.514,-0.4,-0.00392857,-6.14856
17.516,-0.4,-0.00292125,-6.1537
17.518,-0.4,-0.00322344,-6.1616
17.52,-0.4,-0.00322344,-6.16581
17.522,-0.4,-0.00271978,-6.1662
17.524,-0.4,-0.00382784,-6.18311
17.526,-0.4,-0.00372711,-6.20569
17.528,-0.4,-0.00332418,-6.16357
17.53,-0.4,-0.00473443,-6.15726
17.532,-0.4,-0.00382784,-6.11503
17.534,-0.4,-0.00332418,-6.04462
17.536,-0.4,-0.00413004,-6.08421
17.538,-0.4,-0.00352564,-6.05681
17.54,-0.4,-0.00382784,-6.01283
17.542,-0.4,-0.00362637,-6.04392
17.544,-0.4,-0.00392857,-6.02398
17.546,-0.4,-0.0043315,-6.00845
17.548,-0.4,-0.00423077,-6.01172
17.55,-0.4,-0.00352564,-6.00637
17.552,-0.4,-0.00392857,-5.98627
17.554,-0.4,-0.00392857,-5.99528
17.556,-0.4,-0.00261905,-5.99073
17.558,-0.4,-0.00413004,-5.98619
17.56,-0.4,-0.00322344,-5.99679
17.562,-0.4,-0.00342491,-6.00359
17.564,-0.4,-0.0043315,-5.9883
17.566,-0.4,-0.0043315,-6.00988
17.568,-0.4,-0.00392857,-6.00947
17.57,-0.4,-0.00362637,-6.01745
17.572,-0.4,-0.0040293,-6.02529
17.574,-0.4,-0.00372711,-6.03909
17.576,-0.4,-0.00362637,-6.05843
17.578,-0.4,-0.0040293,-6.01328
17.58,-0.4,-0.00453297,-5.97748
17.582,-0.4,-0.00372711,-5.97748
17.584,-0.4,-0.00473443,-5.97267
17.586,-0.4,-0.00392857,-5.96485
17.588,-0.4,-0.00332418,-5.94386
17.59,-0.4,-0.00413004,-5.94378
17.592,-0.4,-0.00413004,-5.94914
17.594,-0.4,-0.00382784,-5.93604
17.596,-0.4,-0.00423077,-5.93879
17.598,-0.4,-0.00423077,-5.93847
17.6,-0.4,-0.00392857,-5.92731
17.602,-0.4,-0.00382784,-5.93731
17.604,-0.4,-0.0040293,-5.91977
17.606,-0.4,-0.00423077,-5.91446
17.608,-0.4,-0.00413004,-5.93548
17.61,-0.4,-0.0040293,-5.93831
17.612,-0.4,-0.00352564,-5.94506
17.614,-0.4,-0.00382784,-5.96364
17.616,-0.4,-0.00453297,-5.98817
17.618,-0.4,-0.00372711,-6.00437
17.62,-0.4,-0.00413004,-6.0381
17.622,-0.4,-0.00473443,-6.03311
17.624,-0.4,-0.00443223,-6.00572
17.626,-0.4,-0.00413004,-5.99748
17.628,-0.4,-0.00382784,-5.9443
17.63,-0.4,-0.00352564,-5.935
17.632,-0.4,-0.00352564,-5.9439
17.634,-0.4,-0.00413004,-5.92612
17.636,-0.4,-0.00413004,-5.93504
17.638,-0.4,-0.00443223,-5.93516
17.64,-0.4,-0.00352564,-5.95725
17.642,-0.4,-0.00362637,-5.93819
17.644,-0.4,-0.00413004,-5.95532
17.646,-0.4,-0.00392857,-5.97061
17.648,-0.4,-0.00392857,-5.95608
17.65,-0.4,-0.00342491,-5.95608
17.652,-0.4,-0.00423077,-5.97829
17.654,-0.4,-0.00392857,-5.98541
17.656,-0.4,-0.00413004,-5.99883
17.658,-0.4,-0.00392857,-6.02295
17.66,-0.4,-0.0040293,-6.03645
17.662,-0.4,-0.00372711,-6.05942
17.664,-0.4,-0.00352564,-6.09693
17.666,-0.4,-0.0046337,-6.10987
17.668,-0.4,-0.00342491,-6.13575
17.67,-0.4,-0.00332418,-6.16151
17.672,-0.4,-0.00312271,-6.1622
17.674,-0.4,-0.00372711,-6.13439
17.676,-0.4,-0.00362637,-6.12567
17.678,-0.4,-0.00322344,-6.10898
17.68,-0.4,-0.00413004,-6.09823
17.682,-0.4,-0.00352564,-6.11982
17.684,-0.4,-0.00312271,-6.12809
17.686,-0.4,-0.00332418,-6.09558
17.688,-0.4,-0.00362637,-6.13154
17.69,-0.4,-0.0040293,-6.15019
17.692,-0.4,-0.00322344,-6.11588
17.694,-0.4,-0.0040293,-6.13205
17.696,-0.4,-0.00362637,-6.15344
17.698,-0.4,-0.00362637,-6.14604
17.7,-0.4,-0.00322344,-6.1622
17.702,-0.4,-0.0040293,-6.16611
17.704,-0.4,-0.0040293,-6.18519
17.706,-0.4,-0.00352564,-6.20469
17.708,-0.4,-0.00362637,-6.21504
17.71,-0.4,-0.00292125,-6.23451
17.712,-0.4,-0.00292125,-6.26643
17.714,-0.4,-0.00251832,-6.32524
17.716,-0.4,-0.00392857,-6.32511
17.718,-0.4,-0.00332418,-6.31214
17.72,-0.4,-0.00352564,-6.2847
17.722,-0.4,-0.00251832,-6.25357
17.724,-0.4,-0.00423077,-6.22326
17.726,-0.4,-0.00362637,-6.21504
17.728,-0.4,-0.00382784,-6.20774
17.73,-0.4,-0.00443223,-6.19195
17.732,-0.4,-0.00443223,-6.18528
17.734,-0.4,-0.00342491,-6.19386
17.736,-0.4,-0.00382784,-6.18255
17.738,-0.4,-0.0040293,-6.18138
17.74,-0.4,-0.00362637,-6.19855
17.742,-0.4,-0.00302198,-6.17585
17.744,-0.4,-0.00241758,-6.17335
17.746,-0.4,-0.00362637,-6.19564
17.748,-0.4,-0.00342491,-6.18606
17.75,-0.4,-0.00342491,-6.19078
17.752,-0.4,-0.00362637,-6.20835
17.754,-0.4,-0.00332418,-6.22664
17.756,-0.4,-0.00282051,-6.22827
17.758,-0.4,-0.00282051,-6.25087
17.76,-0.4,-0.00342491,-6.25955
17.762,-0.4,-0.00352564,-6.29518
17.764,-0.4,-0.00322344,-6.2651
17.766,-0.4,-0.00332418,-6.22449
17.768,-0.4,-0.00453297,-6.19595
17.77,-0.4,-0.00282051,-6.19464
17.772,-0.4,-0.00312271,-6.17723
17.774,-0.4,-0.00322344,-6.15512
17.776,-0.4,-0.0043315,-6.16276
17.778,-0.4,-0.00362637,-6.1513
17.78,-0.4,-0.00352564,-6.12346
17.782,-0.4,-0.0043315,-6.12363
17.784,-0.4,-0.00382784,-6.12478
17.786,-0.4,-0.00312271,-6.1043
17.788,-0.4,-0.00362637,-6.09722
17.79,-0.4,-0.00332418,-6.10181
17.792,-0.4,-0.00382784,-6.08488
17.794,-0.4,-0.00372711,-6.08253
17.796,-0.4,-0.00362637,-6.08609
17.798,-0.4,-0.00352564,-6.08475
17.8,-0.4,-0.00362637,-6.09781
17.802,-0.4,-0.00322344,-6.10996
17.804,-0.4,-0.00352564,-6.13145
17.806,-0.4,-0.00372711,-6.14219
17.808,-0.4,-0.00382784,-6.17313
17.81,-0.4,-0.00352564,-6.16818
17.812,-0.4,-0.00382784,-6.13201
17.814,-0.4,-0.00382784,-6.08714
17.816,-0.4,-0.00372711,-6.06325
17.818,-0.4,-0.00382784,-6.03315
17.82,-0.4,-0.0040293,-6.00612
17.822,-0.4,-0.00352564,-5.99276
17.824,-0.4,-0.00362637,-5.98157
17.826,-0.4,-0.00362637,-5.97235
17.828,-0.4,-0.00372711,-5.95805
17.83,-0.4,-0.00372711,-5.95143
17.832,-0.4,-0.00382784,-5.9479
17.834,-0.4,-0.00392857,-5.956
17.836,-0.4,-0.00392857,-5.93532
17.838,-0.4,-0.00362637,-5.94482
17.84,-0.4,-0.00382784,-5.94482
17.842,-0.4,-0.0046337,-5.94314
17.844,-0.4,-0.0040293,-5.94438
17.846,-0.4,-0.0043315,-5.95817
17.848,-0.4,-0.00443223,-5.96505
17.85,-0.4,-0.00413004,-5.97073
17.852,-0.4,-0.00372711,-5.99598
17.854,-0.4,-0.0040293,-6.01009
17.856,-0.4,-0.0046337,-6.01275
17.858,-0.4,-0.00423077,-6.01234
17.86,-0.4,-0.00342491,-5.95745
17.862,-0.4,-0.00473443,-5.93859
17.864,-0.4,-0.0040293,-5.93635
17.866,-0.4,-0.00413004,-5.92163
17.868,-0.4,-0.00392857,-5.90253
17.87,-0.4,-0.00392857,-5.90564
17.872,-0.4,-0.00443223,-5.91628
17.874,-0.4,-0.00423077,-5.89819
17.876,-0.4,-0.00372711,-5.89737
17.878,-0.4,-0.0043315,-5.91027
17.88,-0.4,-0.00382784,-5.90671
17.882,-0.4,-0.00392857,-5.91521
17.884,-0.4,-0.00443223,-5.91949
17.886,-0.4,-0.00443223,-5.93313
17.888,-0.4,-0.00342491,-5.93983
17.89,-0.4,-0.00352564,-5.95039
17.892,-0.4,-0.0043315,-5.9605
17.894,-0.4,-0.00413004,-5.96227
17.896,-0.4,-0.00342491,-5.97275
17.898,-0.4,-0.00352564,-5.98854
17.9,-0.4,-0.00372711,-6.00372
17.902,-0.4,-0.00372711,-6.02106
17.904,-0.4,-0.00362637,-6.0588
17.906,-0.4,-0.00413004,-6.06991
17.908,-0.4,-0.00413004,-6.02755
17.91,-0.4,-0.00423077,-6.02755
17.912,-0.4,-0.00372711,-6.00621
17.914,-0.4,-0.00423077,-5.97469
17.916,-0.4,-0.00372711,-5.96964
17.918,-0.4,-0.00382784,-5.9597
17.92,-0.4,-0.00423077,-5.96179
17.922,-0.4,-0.00453297,-5.98464
17.924,-0.4,-0.00413004,-5.98432
17.926,-0.4,-0.00372711,-5.99883
17.928,-0.4,-0.00352564,-6.01021
17.93,-0.4,-0.00382784,-6.01315
17.932,-0.4,-0.0040293,-6.03414
17.934,-0.4,-0.0043315,-6.0534
17.936,-0.4,-0.00453297,-6.06188
17.938,-0.4,-0.0040293,-6.08245
17.94,-0.4,-0.00342491,-6.10675
17.942,-0.4,-0.00352564,-6.11715
17.944,-0.4,-0.00382784,-6.1463
17.946,-0.4,-0.00302198,-6.1628
17.948,-0.4,-0.00312271,-6.18944
17.95,-0.4,-0.00382784,-6.22296
17.952,-0.4,-0.00322344,-6.24862
17.954,-0.4,-0.00372711,-6.22941
17.956,-0.4,-0.00342491,-6.19525
17.958,-0.4,-0.00332418,-6.18606
17.96,-0.4,-0.0040293,-6.17425
17.962,-0.4,-0.00352564,-6.16792
17.964,-0.4,-0.00362637,-6.1727
17.966,-0.4,-0.00342491,-6.1628
17.968,-0.4,-0.00312271,-6.16198
17.97,-0.4,-0.00282051,-6.16379
17.972,-0.4,-0.00342491,-6.1588
17.974,-0.4,-0.00362637,-6.15554
17.976,-0.4,-0.00302198,-6.17369
17.978,-0.4,-0.00392857,-6.16925
17.98,-0.4,-0.00352564,-6.15979
17.982,-0.4,-0.00352564,-6.17124
17.984,-0.4,-0.00372711,-6.15838
17.986,-0.4,-0.0040293,-6.16887
17.988,-0.4,-0.00352564,-6.18372
17.99,-0.4,-0.00342491,-6.17922
17.992,-0.4,-0.00312271,-6.19864
17.994,-0.4,-0.00423077,-6.21097
17.996,-0.4,-0.00372711,-6.21972
17.998,-0.4,-0.00342491,-6.25162
18,-0.3,-0.0046337,-6.27155
18.002,-0.3,0.00352564,-6.26079
18.004,-0.3,0.00261905,-6.19022
18.006,-0.3,0.00241758,-5.88919
18.008,-0.3,0.00191392,-5.61423
18.01,-0.3,-0.000100733,-5.33655
18.012,-0.3,0.000302198,-5.0718
18.014,-0.3,-0.000604396,-4.86506
18.016,-0.3,-0.000604396,-4.86506
18.018,-0.3,-0.00040293,-4.65558
18.02,-0.3,-0.00141026,-4.4592
18.022,-0.3,-0.000805861,-4.4592
18.024,-0.3,-0.00161172,-4.30854
18.026,-0.3,-0.00221612,-4.15848
18.028,-0.3,-0.00130952,-4.15848
18.03,-0.3,-0.00211538,-4.01924
18.032,-0.3,-0.00211538,-3.91441
18.034,-0.3,-0.00342491,-3.91441
18.036,-0.3,-0.00271978,-3.81949
18.038,-0.3,-0.00271978,-3.79013
18.04,-0.3,-0.00312271,-3.72332
18.042,-0.3,-0.00211538,-3.67306
18.044,-0.3,-0.00362637,-3.67306
18.046,-0.3,-0.00282051,-3.6315
18.048,-0.3,-0.00271978,-3.6315
18.05,-0.3,-0.00302198,-3.58494
18.052,-0.3,-0.00312271,-3.57151
18.054,-0.3,-0.00292125,-3.57151
18.056,-0.3,-0.00322344,-3.56567
18.058,-0.3,-0.00312271,-3.56567
18.06,-0.3,-0.00342491,-3.54336
18.062,-0.3,-0.00362637,-3.54336
18.064,-0.3,-0.00261905,-3.52752
18.066,-0.3,-0.00241758,-3.4591
18.068,-0.3,-0.00413004,-3.4591
18.07,-0.3,-0.00362637,-3.36003
18.072,-0.3,-0.00392857,-3.36003
18.074,-0.3,-0.00352564,-3.28049
18.076,-0.3,-0.00392857,-3.28049
18.078,-0.3,-0.00382784,-3.2378
18.08,-0.3,-0.00382784,-3.2378
18.082,-0.3,-0.00392857,-3.19474
18.084,-0.3,-0.00443223,-3.19474
18.086,-0.3,-0.0043315,-3.16541
18.088,-0.3,-0.00423077,-3.16541
18.09,-0.3,-0.00423077,-3.13954
18.092,-0.3,-0.0046337,-3.13954
18.094,-0.3,-0.00413004,-3.12969
18.096,-0.3,-0.00413004,-3.12969
18.098,-0.3,-0.00413004,-3.12473
18.1,-0.3,-0.00342491,-3.12473
18.102,-0.3,-0.00423077,-3.11283
18.104,-0.3,-0.00372711,-3.11283
18.106,-0.3,-0.0040293,-3.11335
18.108,-0.3,-0.00352564,-3.11335
18.11,-0.3,-0.00392857,-3.10696
18.112,-0.3,-0.0040293,-3.10696
18.114,-0.3,-0.00332418,-3.11437
18.116,-0.3,-0.00362637,-3.11437
18.118,-0.3,-0.00392857,-3.11569
18.12,-0.3,-0.00382784,-3.11569
18.122,-0.3,-0.0040293,-3.11488
18.124,-0.3,-0.00423077,-3.11488
18.126,-0.3,-0.0046337,-3.12058
18.128,-0.3,-0.00392857,-3.12058
18.13,-0.3,-0.0040293,-3.10816
18.132,-0.3,-0.00453297,-3.115
18.134,-0.3,-0.00423077,-3.115
18.136,-0.3,-0.00312271,-3.1316
18.138,-0.3,-0.0043315,-3.1316
18.14,-0.3,-0.00453297,-3.14078
18.142,-0.3,-0.0043315,-3.14078
18.144,-0.3,-0.00413004,-3.15491
18.146,-0.3,-0.00372711,-3.15491
18.148,-0.3,-0.00413004,-3.18272
18.15,-0.3,-0.00352564,-3.18272
18.152,-0.3,-0.00382784,-3.19299
18.154,-0.3,-0.00473443,-3.19299
18.156,-0.3,-0.00332418,-3.20927
18.158,-0.3,-0.00362637,-3.20927
18.16,-0.3,-0.00312271,-3.25405
18.162,-0.3,-0.00413004,-3.25405
18.164,-0.3,-0.00413004,-3.20723
18.166,-0.3,-0.00443223,-3.20723
18.168,-0.3,-0.0043315,-3.11131
18.17,-0.3,-0.00392857,-3.11131
18.172,-0.3,-0.00443223,-3.04168
18.174,-0.3,-0.00443223,-3.04168
18.176,-0.3,-0.00453297,-3.00089
18.178,-0.3,-0.00423077,-3.00089
18.18,-0.3,-0.00372711,-2.99415
18.182,-0.3,-0.00443223,-2.99415
18.184,-0.3,-0.00453297,-2.98939
18.186,-0.3,-0.00473443,-2.98939
18.188,-0.3,-0.00443223,-2.99457
18.19,-0.3,-0.00423077,-2.99457
18.192,-0.3,-0.00443223,-2.99476
18.194,-0.3,-0.00413004,-2.99476
18.196,-0.3,-0.0040293,-2.99327
18.198,-0.3,-0.00382784,-2.99327
18.2,-0.3,-0.00423077,-2.99163
18.202,-0.3,-0.00423077,-2.99163
18.204,-0.3,-0.0046337,-3.00671
18.206,-0.3,-0.0049359,-3.00671
18.208,-0.3,-0.00413004,-3.01477
18.21,-0.3,-0.00423077,-3.01477
18.212,-0.3,-0.00503663,-3.0174
18.214,-0.3,-0.0043315,-3.0174
18.216,-0.3,-0.00382784,-3.03745
18.218,-0.3,-0.00342491,-3.03745
18.22,-0.3,-0.00382784,-3.04131
18.222,-0.3,-0.00443223,-3.04131
18.224,-0.3,-0.0043315,-3.05221
18.226,-0.3,-0.00352564,-3.05221
18.228,-0.3,-0.0043315,-3.06839
18.23,-0.3,-0.0040293,-3.06839
18.232,-0.3,-0.00483516,-3.0877
18.234,-0.3,-0.00382784,-3.0877
18.236,-0.3,-0.00382784,-3.11381
18.238,-0.3,-0.00322344,-3.11381
18.24,-0.3,-0.00413004,-3.14374
18.242,-0.3,-0.00473443,-3.14374
18.244,-0.3,-0.00382784,-3.16805
18.246,-0.3,-0.00241758,-3.16805
18.248,-0.3,-0.00352564,-3.17035
18.25,-0.3,-0.00372711,-3.17035
18.252,-0.3,-0.00483516,-3.11419
18.254,-0.3,-0.00543956,-3.11419
18.256,-0.3,-0.00413004,-3.05396
18.258,-0.3,-0.00423077,-3.05396
18.26,-0.3,-0.00332418,-3.01795
18.262,-0.3,-0.00342491,-3.01795
18.264,-0.3,-0.00413004,-2.9953
18.266,-0.3,-0.00453297,-2.9953
18.268,-0.3,-0.00443223,-2.9875
18.27,-0.3,-0.00413004,-2.9875
18.272,-0.3,-0.0043315,-2.98357
18.274,-0.3,-0.00423077,-2.98357
18.276,-0.3,-0.00453297,-2.98458
18.278,-0.3,-0.00473443,-2.98458
18.28,-0.3,-0.00453297,-2.98458
18.282,-0.3,-0.00443223,-2.98478
18.284,-0.3,-0.00443223,-2.98478
18.286,-0.3,-0.00362637,-2.98252
18.288,-0.3,-0.00483516,-2.98252
18.29,-0.3,-0.00453297,-2.99736
18.292,-0.3,-0.00413004,-2.99736
18.294,-0.3,-0.00453297,-3.0123
18.296,-0.3,-0.00362637,-3.0123
18.298,-0.3,-0.00362637,-3.03365
18.3,-0.3,-0.0046337,-3.03365
18.302,-0.3,-0.0043315,-3.05431
18.304,-0.3,-0.0043315,-3.05431
18.306,-0.3,-0.00423077,-3.07657
18.308,-0.3,-0.00392857,-3.07657
18.31,-0.3,-0.00392857,-3.09668
18.312,-0.3,-0.00342491,-3.09668
18.314,-0.3,-0.00362637,-3.12498
18.316,-0.3,-0.00372711,-3.12498
18.318,-0.3,-0.00312271,-3.13222
18.32,-0.3,-0.00483516,-3.16337
18.322,-0.3,-0.00312271,-3.16337
18.324,-0.3,-0.0043315,-3.20092
18.326,-0.3,-0.00362637,-3.20092
18.328,-0.3,-0.00382784,-3.22941
18.33,-0.3,-0.00342491,-3.22941
18.332,-0.3,-0.00382784,-3.26887
18.334,-0.3,-0.00372711,-3.26887
18.336,-0.3,-0.00372711,-3.2948
18.338,-0.3,-0.00443223,-3.2948
18.34,-0.3,-0.00302198,-3.32099
18.342,-0.3,-0.00302198,-3.32099
18.344,-0.3,-0.00382784,-3.36056
18.346,-0.3,-0.00453297,-3.3345
18.348,-0.3,-0.0040293,-3.31465
18.35,-0.3,-0.00342491,-3.2554
18.352,-0.3,-0.00413004,-3.2554
18.354,-0.3,-0.00251832,-3.21793
18.356,-0.3,-0.0040293,-3.21793
18.358,-0.3,-0.0040293,-3.18575
18.36,-0.3,-0.00362637,-3.18575
18.362,-0.3,-0.00443223,-3.16865
18.364,-0.3,-0.00413004,-3.16865
18.366,-0.3,-0.0040293,-3.16638
18.368,-0.3,-0.00392857,-3.16638
18.37,-0.3,-0.00332418,-3.16603
18.372,-0.3,-0.00413004,-3.16603
18.374,-0.3,-0.00332418,-3.1752
18.376,-0.3,-0.0043315,-3.1752
18.378,-0.3,-0.00392857,-3.18699
18.38,-0.3,-0.00392857,-3.18699
18.382,-0.3,-0.00423077,-3.1946
18.384,-0.3,-0.00392857,-3.1946
18.386,-0.3,-0.00332418,-3.20329
18.388,-0.3,-0.00392857,-3.20329
18.39,-0.3,-0.00342491,-3.21899
18.392,-0.3,-0.0043315,-3.21899
18.394,-0.3,-0.00443223,-3.22687
18.396,-0.3,-0.00342491,-3.24644
18.398,-0.3,-0.00352564,-3.24644
18.4,-0.3,-0.00292125,-3.2704
18.402,-0.3,-0.0040293,-3.2704
18.404,-0.3,-0.00392857,-3.2934
18.406,-0.3,-0.00362637,-3.2934
18.408,-0.3,-0.00382784,-3.31683
18.41,-0.3,-0.00322344,-3.31683
18.412,-0.3,-0.00292125,-3.34944
18.414,-0.3,-0.00352564,-3.34944
18.416,-0.3,-0.00352564,-3.37351
18.418,-0.3,-0.00342491,-3.40919
18.42,-0.3,-0.00231685,-3.40919
18.422,-0.3,-0.00221612,-3.45147
18.424,-0.3,-0.0040293,-3.45147
18.426,-0.3,-0.00352564,-3.47617
18.428,-0.3,-0.00302198,-3.47617
18.43,-0.3,-0.00292125,-3.49207
18.432,-0.3,-0.00342491,-3.49207
18.434,-0.3,-0.00261905,-3.45867
18.436,-0.3,-0.00413004,-3.39582
18.438,-0.3,-0.0040293,-3.39582
18.44,-0.3,-0.00332418,-3.33918
18.442,-0.3,-0.00392857,-3.33918
18.444,-0.3,-0.00322344,-3.31407
18.446,-0.3,-0.0040293,-3.31407
18.448,-0.3,-0.00423077,-3.30052
18.45,-0.3,-0.00413004,-3.30052
18.452,-0.3,-0.00372711,-3.27556
18.454,-0.3,-0.0040293,-3.27556
18.456,-0.3,-0.00362637,-3.26375
18.458,-0.3,-0.00382784,-3.26375
18.46,-0.3,-0.00362637,-3.25722
18.462,-0.3,-0.00382784,-3.25083
18.464,-0.3,-0.00413004,-3.25083
18.466,-0.3,-0.0040293,-3.24699
18.468,-0.3,-0.0046337,-3.24699
18.47,-0.3,-0.00251832,-3.25127
18.472,-0.3,-0.00332418,-3.25127
18.474,-0.3,-0.00413004,-3.25482
18.476,-0.3,-0.00362637,-3.25482
18.478,-0.3,-0.00352564,-3.2539
18.48,-0.3,-0.00362637,-3.2539
18.482,-0.3,-0.0043315,-3.25391
18.484,-0.3,-0.00332418,-3.25391
18.486,-0.3,-0.00362637,-3.26012
18.488,-0.3,-0.00423077,-3.26012
18.49,-0.3,-0.00392857,-3.26045
18.492,-0.3,-0.00271978,-3.26045
18.494,-0.3,-0.00362637,-3.27178
18.496,-0.3,-0.00392857,-3.28479
18.498,-0.3,-0.00292125,-3.28479
18.5,-0.3,-0.00271978,-3.31085
18.502,-0.3,-0.00382784,-3.31085
18.504,-0.3,-0.00362637,-3.33282
18.506,-0.3,-0.00362637,-3.33282
18.508,-0.3,-0.00312271,-3.36957
18.51,-0.3,-0.00382784,-3.36957
18.512,-0.3,-0.00372711,-3.39535
18.514,-0.3,-0.00342491,-3.42744
18.516,-0.3,-0.00362637,-3.42744
18.518,-0.3,-0.00372711,-3.45755
18.52,-0.3,-0.00362637,-3.45755
18.522,-0.3,-0.00342491,-3.37809
18.524,-0.3,-0.0040293,-3.37809
18.526,-0.3,-0.00342491,-3.31359
18.528,-0.3,-0.00342491,-3.31359
18.53,-0.3,-0.0040293,-3.2649
18.532,-0.3,-0.00423077,-3.2649
18.534,-0.3,-0.00362637,-3.23672
18.536,-0.3,-0.00332418,-3.23672
18.538,-0.3,-0.00292125,-3.21772
18.54,-0.3,-0.0040293,-3.21772
18.542,-0.3,-0.00362637,-3.20854
18.544,-0.3,-0.00372711,-3.20302
18.546,-0.3,-0.00413004,-3.20302
18.548,-0.3,-0.00372711,-3.20226
18.55,-0.3,-0.00382784,-3.20226
18.552,-0.3,-0.00352564,-3.2026
18.554,-0.3,-0.00453297,-3.2026
18.556,-0.3,-0.00382784,-3.1972
18.558,-0.3,-0.00342491,-3.1972
18.56,-0.3,-0.00392857,-3.19639
18.562,-0.3,-0.0043315,-3.19639
18.564,-0.3,-0.00332418,-3.20359
18.566,-0.3,-0.00322344,-3.20359
18.568,-0.3,-0.0040293,-3.18803
18.57,-0.3,-0.00362637,-3.18803
18.572,-0.3,-0.00342491,-3.18776
18.574,-0.3,-0.00332418,-3.18776
18.576,-0.3,-0.00362637,-3.1999
18.578,-0.3,-0.00352564,-3.1999
18.58,-0.3,-0.00292125,-3.19867
18.582,-0.3,-0.00372711,-3.19867
18.584,-0.3,-0.00423077,-3.20704
18.586,-0.3,-0.00392857,-3.20704
18.588,-0.3,-0.00392857,-3.2259
18.59,-0.3,-0.00302198,-3.24306
18.592,-0.3,-0.00392857,-3.24306
18.594,-0.3,-0.00372711,-3.26717
18.596,-0.3,-0.00332418,-3.26717
18.598,-0.3,-0.00372711,-3.29945
18.6,-0.3,-0.00362637,-3.29945
18.602,-0.3,-0.00332418,-3.33224
18.604,-0.3,-0.00453297,-3.33224
18.606,-0.3,-0.00362637,-3.33555
18.608,-0.3,-0.00423077,-3.33555
18.61,-0.3,-0.00423077,-3.26274
18.612,-0.3,-0.00392857,-3.26274
18.614,-0.3,-0.00372711,-3.19276
18.616,-0.3,-0.00352564,-3.19276
18.618,-0.3,-0.00392857,-3.12926
18.62,-0.3,-0.00392857,-3.12926
18.622,-0.3,-0.0043315,-3.09664
18.624,-0.3,-0.00443223,-3.09664
18.626,-0.3,-0.0043315,-3.06738
18.628,-0.3,-0.00362637,-3.06738
18.63,-0.3,-0.00413004,-3.05096
18.632,-0.3,-0.00503663,-3.05096
18.634,-0.3,-0.00423077,-3.03144
18.636,-0.3,-0.00392857,-3.03144
18.638,-0.3,-0.00443223,-3.02237
18.64,-0.3,-0.00473443,-3.02237
18.642,-0.3,-0.0040293,-3.01534
18.644,-0.3,-0.00413004,-3.01534
18.646,-0.3,-0.00453297,-3.00996
18.648,-0.3,-0.0040293,-3.00996
18.65,-0.3,-0.0043315,-3.01111
18.652,-0.3,-0.00372711,-3.01111
18.654,-0.3,-0.00362637,-3.01772
18.656,-0.3,-0.00503663,-3.01772
18.658,-0.3,-0.0040293,-3.02626
18.66,-0.3,-0.00372711,-3.02626
18.662,-0.3,-0.0040293,-3.0443
18.664,-0.3,-0.00423077,-3.0443
18.666,-0.3,-0.00443223,-3.02729
18.668,-0.3,-0.00342491,-3.02729
18.67,-0.3,-0.00423077,-3.06824
18.672,-0.3,-0.00392857,-3.06824
18.674,-0.3,-0.00362637,-3.1053
18.676,-0.3,-0.00423077,-3.1053
18.678,-0.3,-0.00372711,-3.09186
18.68,-0.3,-0.00392857,-3.09186
18.682,-0.3,-0.0040293,-3.13775
18.684,-0.3,-0.0040293,-3.13775
18.686,-0.3,-0.00362637,-3.16996
18.688,-0.3,-0.00392857,-3.16996
18.69,-0.3,-0.00362637,-3.18738
18.692,-0.3,-0.00423077,-3.18738
18.694,-0.3,-0.00362637,-3.22208
18.696,-0.3,-0.00362637,-3.21235
18.698,-0.3,-0.0040293,-3.21235
18.7,-0.3,-0.00372711,-3.13139
18.702,-0.3,-0.00443223,-3.13139
18.704,-0.3,-0.0043315,-3.10299
18.706,-0.3,-0.00413004,-3.10299
18.708,-0.3,-0.0043315,-3.04259
18.71,-0.3,-0.0040293,-3.04259
18.712,-0.3,-0.00483516,-3.04259
18.714,-0.3,-0.00443223,-3.01789
18.716,-0.3,-0.00483516,-3.01789
18.718,-0.3,-0.00352564,-3.02571
18.72,-0.3,-0.00423077,-3.02571
18.722,-0.3,-0.00362637,-3.01236
18.724,-0.3,-0.00423077,-3.01236
18.726,-0.3,-0.00382784,-3.03029
18.728,-0.3,-0.0046337,-3.03029
18.73,-0.3,-0.00413004,-3.04093
18.732,-0.3,-0.00352564,-3.04093
18.734,-0.3,-0.00382784,-3.04168
18.736,-0.3,-0.00413004,-3.04168
18.738,-0.3,-0.00392857,-3.07385
18.74,-0.3,-0.00352564,-3.07385
18.742,-0.3,-0.0043315,-3.09979
18.744,-0.3,-0.00382784,-3.09979
18.746,-0.3,-0.00382784,-3.09319
18.748,-0.3,-0.00271978,-3.09319
18.75,-0.3,-0.00443223,-3.11326
18.752,-0.3,-0.00392857,-3.11326
18.754,-0.3,-0.00423077,-3.1293
18.756,-0.3,-0.00362637,-3.13612
18.758,-0.3,-0.00372711,-3.13612
18.76,-0.3,-0.0043315,-3.17695
18.762,-0.3,-0.0043315,-3.17695
18.764,-0.3,-0.00413004,-3.21096
18.766,-0.3,-0.0040293,-3.21096
18.768,-0.3,-0.00302198,-3.23251
18.77,-0.3,-0.00413004,-3.23251
18.772,-0.3,-0.00372711,-3.23767
18.774,-0.3,-0.00372711,-3.23767
18.776,-0.3,-0.00271978,-3.26758
18.778,-0.3,-0.0040293,-3.26758
18.78,-0.3,-0.00372711,-3.27528
18.782,-0.3,-0.00362637,-3.27528
18.784,-0.3,-0.00372711,-3.2795
18.786,-0.3,-0.00352564,-3.2795
18.788,-0.3,-0.00413004,-3.3132
18.79,-0.3,-0.00292125,-3.32613
18.792,-0.3,-0.00312271,-3.32613
18.794,-0.3,-0.00382784,-3.25212
18.796,-0.3,-0.0043315,-3.25212
18.798,-0.3,-0.00392857,-3.19659
18.8,-0.3,-0.0046337,-3.19659
18.802,-0.3,-0.00413004,-3.16374
18.804,-0.3,-0.00443223,-3.16374
18.806,-0.3,-0.0043315,-3.14682
18.808,-0.3,-0.00392857,-3.14682
18.81,-0.3,-0.0040293,-3.15794
18.812,-0.3,-0.00382784,-3.15794
18.814,-0.3,-0.00302198,-3.158
18.816,-0.3,-0.00413004,-3.158
18.818,-0.3,-0.00362637,-3.16144
18.82,-0.3,-0.00413004,-3.16144
18.822,-0.3,-0.0046337,-3.17504
18.824,-0.3,-0.00423077,-3.17504
18.826,-0.3,-0.00322344,-3.19002
18.828,-0.3,-0.0040293,-3.19002
18.83,-0.3,-0.00382784,-3.19596
18.832,-0.3,-0.00382784,-3.19596
18.834,-0.3,-0.0040293,-3.20902
18.836,-0.3,-0.00302198,-3.20902
18.838,-0.3,-0.00362637,-3.22898
18.84,-0.3,-0.00352564,-3.23831
18.842,-0.3,-0.00282051,-3.23831
18.844,-0.3,-0.00312271,-3.25765
18.846,-0.3,-0.00362637,-3.25765
18.848,-0.3,-0.00251832,-3.2773
18.85,-0.3,-0.00362637,-3.2773
18.852,-0.3,-0.00292125,-3.30018
18.854,-0.3,-0.0040293,-3.30018
18.856,-0.3,-0.00372711,-3.32213
18.858,-0.3,-0.00352564,-3.32213
18.86,-0.3,-0.00332418,-3.35844
18.862,-0.3,-0.00342491,-3.38878
18.864,-0.3,-0.00352564,-3.38878
18.866,-0.3,-0.00312271,-3.43204
18.868,-0.3,-0.00251832,-3.43204
18.87,-0.3,-0.00312271,-3.47194
18.872,-0.3,-0.00352564,-3.47194
18.874,-0.3,-0.00332418,-3.53945
18.876,-0.3,-0.00302198,-3.51732
18.878,-0.3,-0.00352564,-3.51732
18.88,-0.3,-0.00312271,-3.45248
18.882,-0.3,-0.00312271,-3.45248
18.884,-0.3,-0.00362637,-3.40899
18.886,-0.3,-0.00413004,-3.40899
18.888,-0.3,-0.00332418,-3.3783
18.89,-0.3,-0.00332418,-3.3783
18.892,-0.3,-0.00362637,-3.34357
18.894,-0.3,-0.00282051,-3.34357
18.896,-0.3,-0.00382784,-3.32619
18.898,-0.3,-0.00352564,-3.32283
18.9,-0.3,-0.00352564,-3.32283
18.902,-0.3,-0.00413004,-3.30609
18.904,-0.3,-0.00362637,-3.30609
18.906,-0.3,-0.00362637,-3.30604
18.908,-0.3,-0.00282051,-3.30604
18.91,-0.3,-0.00392857,-3.32164
18.912,-0.3,-0.00372711,-3.32164
18.914,-0.3,-0.00292125,-3.33368
18.916,-0.3,-0.00342491,-3.33368
18.918,-0.3,-0.00332418,-3.34404
18.92,-0.3,-0.00352564,-3.35371
18.922,-0.3,-0.00322344,-3.35371
18.924,-0.3,-0.00372711,-3.3601
18.926,-0.3,-0.0043315,-3.3601
18.928,-0.3,-0.00322344,-3.35685
18.93,-0.3,-0.00271978,-3.35685
18.932,-0.3,-0.00322344,-3.36545
18.934,-0.3,-0.00352564,-3.36545
18.936,-0.3,-0.00261905,-3.36862
18.938,-0.3,-0.00352564,-3.36862
18.94,-0.3,-0.00372711,-3.37426
18.942,-0.3,-0.00332418,-3.39348
18.944,-0.3,-0.00362637,-3.39348
18.946,-0.3,-0.00382784,-3.39951
18.948,-0.3,-0.00302198,-3.39951
18.95,-0.3,-0.00413004,-3.42158
18.952,-0.3,-0.00352564,-3.42158
18.954,-0.3,-0.00302198,-3.44996
18.956,-0.3,-0.00332418,-3.44996
18.958,-0.3,-0.00332418,-3.47256
18.96,-0.3,-0.00302198,-3.48569
18.962,-0.3,-0.00342491,-3.48569
18.964,-0.3,-0.00312271,-3.44176
18.966,-0.3,-0.00322344,-3.44176
18.968,-0.3,-0.00312271,-3.37029
18.97,-0.3,-0.0040293,-3.37029
18.972,-0.3,-0.00251832,-3.31739
18.974,-0.3,-0.00322344,-3.31739
18.976,-0.3,-0.00352564,-3.28561
18.978,-0.3,-0.00362637,-3.28561
18.98,-0.3,-0.00332418,-3.25978
18.982,-0.3,-0.00372711,-3.25424
18.984,-0.3,-0.00342491,-3.25424
18.986,-0.3,-0.00332418,-3.2343
18.988,-0.3,-0.00332418,-3.2343
18.99,-0.3,-0.00362637,-3.22763
18.992,-0.3,-0.00322344,-3.22763
18.994,-0.3,-0.00362637,-3.22709
18.996,-0.3,-0.00413004,-3.22709
18.998,-0.3,-0.00332418,-3.23849
19,-0.2,-0.00312271,-3.23849
19.002,-0.2,0.00785714,-3.23773
19.004,-0.2,0.00664835,-3.23773
19.006,-0.2,0.0049359,-3.02154
19.008,-0.2,0.00503663,-3.02154
19.01,-0.2,0.0043315,-2.73002
19.012,-0.2,0.00282051,-1.88937
19.014,-0.2,0.00241758,-2.14214
19.016,-0.2,0.00141026,-2.14214
19.018,-0.2,0.00151099,-2.14214
19.02,-0.2,0.00100733,-1.75916
19.022,-0.2,0.000302198,-1.3676
19.024,-0.2,-0.000201465,-1.11839
19.026,-0.2,-0.000100733,-0.946173
19.028,-0.2,-0.000705128,-0.820033
19.03,-0.2,-0.000201465,-0.722986
19.032,-0.2,-0.000604396,-0.646868
19.034,-0.2,-0.00110806,-0.585201
19.036,-0.2,-0.00040293,0.534216
19.038,-0.2,-0.000705128,0.491427
19.04,-0.2,-0.00100733,0.455069
19.042,-0.2,-0.000503663,0.423609
19.044,-0.2,-0.00120879,0.396341
19.046,-0.2,-0.000503663,0.372179
19.048,-0.2,0.000201465,0.350899
19.05,-0.2,-0.000503663,0.331913
19.052,-0.2,0,0.314914
19.054,-0.2,0.000302198,0.299551
19.056,-0.2,-0.000302198,0.285608
19.058,-0.2,0.000503663,0.272903
19.06,-0.2,0.00040293,0.261259
19.062,-0.2,0.000302198,0.250614
19.064,-0.2,-0.000100733,0.24076
19.066,-0.2,0,0.231669
19.068,-0.2,0.00040293,0.223254
19.07,-0.2,0.000604396,0.215422
19.072,-0.2,-0.000604396,0.2081
19.074,-0.2,-0.000604396,0.201259
19.076,-0.2,-0.000302198,0.194867
19.078,-0.2,0.000705128,0.188868
19.08,-0.2,0.000503663,0.183243
19.082,-0.2,0.000201465,0.177929
19.084,-0.2,0.000302198,0.172903
19.086,-0.2,-0.000201465,0.168175
19.088,-0.2,0.000906593,0.163677
19.09,-0.2,0.000100733,0.159435
19.092,-0.2,-0.000201465,0.155389
19.094,-0.2,0.00040293,0.15156
19.096,-0.2,-0.000302198,0.147899
19.098,-0.2,0.00040293,0.144432
19.1,-0.2,-0.000100733,0.141103
19.102,-0.2,0.000201465,0.137925
19.104,-0.2,0.000503663,0.1349
19.106,-0.2,0.000100733,0.131992
19.108,-0.2,-0.000302198,0.12921
19.11,-0.2,-0.000100733,0.126551
19.112,-0.2,-0.000302198,0.123995
19.114,-0.2,0.000201465,0.121538
19.116,-0.2,0.000302198,0.119172
19.118,-0.2,0.000100733,0.116913
19.12,-0.2,-0.000302198,0.114722
19.122,-0.2,0.000503663,0.112612
19.124,-0.2,0.000302198,0.110582
19.126,-0.2,-0.000302198,0.108626
19.128,-0.2,0.00040293,0.106739
19.13,-0.2,-0.000100733,0.104914
19.132,-0.2,0.00040293,0.103146
19.134,-0.2,-0.000302198,0.101445
19.136,-0.2,0,0.0997919
19.138,-0.2,0.000302198,0.0981984
19.14,-0.2,0.000201465,0.0966513
19.142,-0.2,0.000604396,0.0951532
19.144,-0.2,0.000201465,0.0936969
19.146,-0.2,0.000100733,0.0922868
19.148,-0.2,-0.000503663,0.0909219
19.15,-0.2,-0.000503663,0.0895914
19.152,-0.2,0.00040293,0.088305
19.154,-0.2,0.000705128,0.0870495
19.156,-0.2,0.00040293,0.08584
19.158,-0.2,0.00040293,0.0846499
19.16,-0.2,0.000503663,0.0834982
19.162,-0.2,0.000201465,0.0823772
19.164,-0.2,0.00040293,0.0812881
19.166,-0.2,0.000705128,0.0802259
19.168,-0.2,0.00040293,0.0791883
19.17,-0.2,0.00110806,0.0781766
19.172,-0.2,0.000100733,0.0771999
19.174,-0.2,0.000100733,0.0762361
19.176,-0.2,0.00040293,0.0753013
19.178,-0.2,0.000201465,0.0743883
19.18,-0.2,-0.000201465,0.0734973
19.182,-0.2,0,0.0726295
19.184,-0.2,0.000705128,0.071778
19.186,-0.2,0.000100733,0.0709463
19.188,-0.2,0.00040293,0.0701351
19.19,-0.2,0.000302198,0.0693438
19.192,-0.2,0.00040293,0.0685672
19.194,-0.2,-0.000302198,0.0678112
19.196,-0.2,0.00040293,0.0670683
19.198,-0.2,0,0.066343
19.2,-0.2,-0.000503663,0.0656345
19.202,-0.2,0.000302198,0.0649416
19.204,-0.2,0.00040293,0.06426
19.206,-0.2,-0.000302198,0.0635956
19.208,-0.2,-0.000302198,0.0629418
19.21,-0.2,-0.000302198,0.062302
19.212,-0.2,-0.000302198,0.0616762
19.214,-0.2,-0.000100733,0.0610624
19.216,-0.2,0.000805861,0.0604619
19.218,-0.2,0,0.0598706
19.22,-0.2,0.000100733,0.0592933
19.222,-0.2,-0.000100733,0.0587245
19.224,-0.2,-0.000201465,0.0581692
19.226,-0.2,0.000201465,0.0576217
19.228,-0.2,0.000302198,0.0570868
19.23,-0.2,0.000604396,0.0565616
19.232,-0.2,0.000302198,0.0560424
19.234,-0.2,-0.000201465,0.0555355
19.236,-0.2,0,0.0550373
19.238,-0.2,0.000100733,0.0545483
19.24,-0.2,-0.000100733,0.0540685
19.242,-0.2,0.000100733,0.0535952
19.244,-0.2,0.000201465,0.0531323
19.246,-0.2,0.000604396,0.0526773
19.248,-0.2,-0.000201465,0.0522266
19.25,-0.2,0,0.0517866
19.252,-0.2,0.000100733,0.0513523
19.254,-0.2,-0.000302198,0.0509271
19.256,-0.2,0.000100733,0.0505089
19.258,-0.2,0.000503663,0.0500944
19.26,-0.2,0.000100733,0.0496895
19.262,-0.2,-0.000201465,0.0492895
19.264,-0.2,-0.000805861,0.0488977
19.266,-0.2,-0.000201465,0.0485104
19.268,-0.2,0,0.0481297
19.27,-0.2,-0.000201465,0.0477559
19.272,-0.2,0,0.0473874
19.274,-0.2,0.000302198,0.0470241
19.276,-0.2,-0.000201465,0.0466656
19.278,-0.2,-0.00040293,0.0463143
19.28,-0.2,0.000705128,0.0459664
19.282,-0.2,0.000302198,0.0456254
19.284,-0.2,0.000604396,0.0452879
19.286,-0.2,0.00040293,0.0449569
19.288,-0.2,0.000100733,0.0446292
19.29,-0.2,0.000201465,0.0443075
19.292,-0.2,0.000100733,0.0439892
19.294,-0.2,-0.000100733,0.043676
19.296,-0.2,0.000100733,0.043368
19.298,-0.2,0.000302198,0.0430638
19.3,-0.2,-0.000100733,0.0427637
19.302,-0.2,0.000201465,0.0424668
19.304,-0.2,0.000201465,0.0421765
19.306,-0.2,0.000503663,0.0418871
19.308,-0.2,-0.000604396,0.0416038
19.31,-0.2,0,0.041323
19.312,-0.2,0.000302198,0.041047
19.314,-0.2,0.000100733,0.0407737
19.316,-0.2,0.000201465,0.0405052
19.318,-0.2,0,0.040239
19.32,-0.2,-0.000100733,0.0399775
19.322,-0.2,-0.000503663,0.039718
19.324,-0.2,0.000302198,0.0394632
19.326,-0.2,0.000705128,0.0392104
19.328,-0.2,0.00040293,0.0389621
19.33,-0.2,0.000100733,0.0387157
19.332,-0.2,-0.000100733,0.0384734
19.334,-0.2,0.000100733,0.0382331
19.336,-0.2,-0.000302198,0.0379963
19.338,-0.2,-0.000201465,0.037763
19.34,-0.2,0.000201465,0.0375322
19.342,-0.2,0.000201465,0.0373034
19.344,-0.2,0,0.0370785
19.346,-0.2,0,0.0368564
19.348,-0.2,0.000302198,0.0366352
19.35,-0.2,0.000302198,0.0364179
19.352,-0.2,-0.000100733,0.0362029
19.354,-0.2,-0.000604396,0.035991
19.356,-0.2,0.000201465,0.0357813
19.358,-0.2,0,0.0355734
19.36,-0.2,0.000201465,0.0353689
19.362,-0.2,-0.000100733,0.0351666
19.364,-0.2,0.000302198,0.0349652
19.366,-0.2,0.000100733,0.0347675
19.368,-0.2,0.000503663,0.0345712
19.37,-0.2,0.00040293,0.034378
19.372,-0.2,-0.000201465,0.034186
19.374,-0.2,0,0.0339966
19.376,-0.2,0.00040293,0.0338093
19.378,-0.2,-0.000201465,0.0336245
19.38,-0.2,-0.000201465,0.0334412
19.382,-0.2,-0.000302198,0.0332599
19.384,-0.2,0,0.033081
19.386,-0.2,0.00100733,0.0329032
19.388,-0.2,0.000201465,0.0327274
19.39,-0.2,0.000201465,0.0325537
19.392,-0.2,-0.000604396,0.0323822
19.394,-0.2,-0.000705128,0.0322123
19.396,-0.2,-0.000100733,0.0320441
19.398,-0.2,-0.000302198,0.0318776
19.4,-0.2,0,0.0317133
19.402,-0.2,0.000604396,0.0315498
19.404,-0.2,-0.000302198,0.0313881
19.406,-0.2,-0.000805861,0.0312283
19.408,-0.2,-0.000201465,0.0310705
19.41,-0.2,0.000805861,0.0309137
19.412,-0.2,0.000906593,0.030759
19.414,-0.2,0.000100733,0.0306053
19.416,-0.2,0.000100733,0.0304533
19.418,-0.2,0.000302198,0.0303033
19.42,-0.2,0.000201465,0.0301545
19.422,-0.2,-0.000201465,0.0300069
19.424,-0.2,0,0.0298605
19.426,-0.2,0.000805861,0.0297162
19.428,-0.2,-0.000201465,0.0295727
19.43,-0.2,0.000201465,0.0294312
19.432,-0.2,-0.00040293,0.0292903
19.434,-0.2,0.000100733,0.0291515
19.436,-0.2,0.000100733,0.0290133
19.438,-0.2,-0.000100733,0.0288768
19.44,-0.2,0.000100733,0.0287416
19.442,-0.2,-0.000302198,0.0286079
19.444,-0.2,-0.000201465,0.028475
19.446,-0.2,-0.00040293,0.0283432
19.448,-0.2,-0.000805861,0.0282136
19.45,-0.2,0.000503663,0.0280838
19.452,-0.2,0,0.0279562
19.454,-0.2,-0.000302198,0.027829
19.456,-0.2,0,0.0277035
19.458,-0.2,-0.000201465,0.0275792
19.46,-0.2,0.000604396,0.0274558
19.462,-0.2,-0.000302198,0.027333
19.464,-0.2,-0.000604396,0.0272123
19.466,-0.2,0.000100733,0.0270918
19.468,-0.2,-0.000201465,0.0269728
19.47,-0.2,0.000100733,0.0268547
19.472,-0.2,0.00040293,0.0267378
19.474,-0.2,-0.000302198,0.026622
19.476,-0.2,0.000201465,0.026507
19.478,-0.2,-0.000503663,0.0263925
19.48,-0.2,-0.000302198,0.0262795
19.482,-0.2,-0.000100733,0.0261677
19.484,-0.2,0,0.0260565
19.486,-0.2,0.000604396,0.0259464
19.488,-0.2,-0.00040293,0.0258372
19.49,-0.2,-0.000201465,0.0257291
19.492,-0.2,-0.000302198,0.0256214
19.494,-0.2,0.000201465,0.0255146
19.496,-0.2,0.000201465,0.0254089
19.498,-0.2,-0.000503663,0.0253042
19.5,-0.2,0,0.0252005
19.502,-0.2,-0.000302198,0.0250974
19.504,-0.2,0.000100733,0.0249949
19.506,-0.2,0,0.024894
19.508,-0.2,-0.000805861,0.0247932
19.51,-0.2,0.00110806,0.0246932
19.512,-0.2,-0.000201465,0.0245945
19.514,-0.2,0.000100733,0.0244961
19.516,-0.2,0.000100733,0.0243989
19.518,-0.2,-0.000302198,0.0243021
19.52,-0.2,0.000805861,0.024206
19.522,-0.2,0.000805861,0.0241109
19.524,-0.2,0.000805861,0.0240166
19.526,-0.2,0,0.0239232
19.528,-0.2,0.000503663,0.0238301
19.53,-0.2,0.000805861,0.0237382
19.532,-0.2,-0.000201465,0.0236469
19.534,-0.2,-0.000503663,0.0235556
19.536,-0.2,0,0.0234658
19.538,-0.2,0.000906593,0.0233762
19.54,-0.2,-0.000201465,0.0232877
19.542,-0.2,-0.00040293,0.0231994
19.544,-0.2,0.000302198,0.023112
19.546,-0.2,0.000302198,0.0230253
19.548,-0.2,0,0.0229395
19.55,-0.2,-0.000604396,0.022854
19.552,-0.2,0.000503663,0.022769
19.554,-0.2,-0.000100733,0.022685
19.556,-0.2,-0.000503663,0.0226012
19.558,-0.2,-0.000302198,0.0225185
19.56,-0.2,0.000201465,0.022436
19.562,-0.2,0.000906593,0.0223543
19.564,-0.2,0,0.0222733
19.566,-0.2,0.000100733,0.0221924
19.568,-0.2,0.000201465,0.0221124
19.57,-0.2,-0.000302198,0.022033
19.572,-0.2,0.000705128,0.0219544
19.574,-0.2,-0.000201465,0.0218762
19.576,-0.2,0.000201465,0.0217983
19.578,-0.2,0.000302198,0.0217214
19.58,-0.2,0.00040293,0.0216449
19.582,-0.2,-0.00040293,0.0215683
19.584,-0.2,-0.000201465,0.0214929
19.586,-0.2,-0.000201465,0.0214179
19.588,-0.2,-0.000100733,0.0213435
19.59,-0.2,0.000604396,0.0212694
19.592,-0.2,0.000302198,0.0211961
19.594,-0.2,0.000705128,0.021123
19.596,-0.2,-0.000201465,0.0210507
19.598,-0.2,-0.000705128,0.0209787
19.6,-0.2,0.000100733,0.0209069
19.602,-0.2,0.000302198,0.0208359
19.604,-0.2,-0.000201465,0.0207656
19.606,-0.2,0.000805861,0.0206955
19.608,-0.2,-0.000503663,0.0206259
19.61,-0.2,0.000503663,0.0205569
19.612,-0.2,-0.000302198,0.0204884
19.614,-0.2,0.000302198,0.0204201
19.616,-0.2,-0.000604396,0.0203521
19.618,-0.2,-0.000503663,0.0202852
19.62,-0.2,0.000100733,0.0202182
19.622,-0.2,0.000604396,0.0201518
19.624,-0.2,0.000100733,0.0200858
19.626,-0.2,-0.000100733,0.0200203
19.628,-0.2,-0.000503663,0.0199553
19.63,-0.2,-0.000100733,0.0198905
19.632,-0.2,-0.000503663,0.0198261
19.634,-0.2,-0.000100733,0.0197622
19.636,-0.2,-0.000100733,0.0196988
19.638,-0.2,0.000604396,0.0196359
19.64,-0.2,-0.000604396,0.0195732
19.642,-0.2,0.000100733,0.019511
19.644,-0.2,0.000201465,0.0194493
19.646,-0.2,0.00040293,0.0193877
19.648,-0.2,0.000503663,0.0193265
19.65,-0.2,0,0.0192658
19.652,-0.2,0.000302198,0.0192056
19.654,-0.2,-0.000604396,0.0191458
19.656,-0.2,-0.000705128,0.0190861
19.658,-0.2,0.000604396,0.019027
19.66,-0.2,-0.000201465,0.0189684
19.662,-0.2,-0.000100733,0.0189096
19.664,-0.2,-0.000201465,0.0188517
19.666,-0.2,0,0.0187938
19.668,-0.2,-0.000302198,0.0187365
19.67,-0.2,0.000302198,0.0186794
19.672,-0.2,0,0.0186228
19.674,-0.2,-0.000100733,0.0185663
19.676,-0.2,-0.00040293,0.0185103
19.678,-0.2,0.000705128,0.0184547
19.68,-0.2,-0.000201465,0.0183995
19.682,-0.2,0.000302198,0.0183444
19.684,-0.2,0,0.0182898
19.686,-0.2,-0.000201465,0.0182355
19.688,-0.2,-0.000100733,0.0181814
19.69,-0.2,0.000100733,0.0181275
19.692,-0.2,0.000705128,0.0180743
19.694,-0.2,0.000705128,0.0180211
19.696,-0.2,0.000100733,0.0179684
19.698,-0.2,0,0.0179158
19.7,-0.2,0,0.0178638
19.702,-0.2,0.00040293,0.0178121
19.704,-0.2,-0.00040293,0.0177603
19.706,-0.2,0.000201465,0.0177091
19.708,-0.2,0.000302198,0.017658
19.71,-0.2,0.000100733,0.0176075
19.712,-0.2,-0.000100733,0.017557
19.714,-0.2,0.00040293,0.017507
19.716,-0.2,0,0.0174571
19.718,-0.2,0.000201465,0.0174077
19.72,-0.2,0,0.0173583
19.722,-0.2,0,0.0173095
19.724,-0.2,-0.000302198,0.0172608
19.726,-0.2,0.00040293,0.0172123
19.728,-0.2,0.000302198,0.0171641
19.73,-0.2,0.000201465,0.0171163
19.732,-0.2,0.000302198,0.0170686
19.734,-0.2,0.000302198,0.0170214
19.736,-0.2,0.00040293,0.0169742
19.738,-0.2,-0.000201465,0.0169274
19.74,-0.2,0.000201465,0.0168808
19.742,-0.2,-0.000201465,0.0168345
19.744,-0.2,0.000201465,0.0167884
19.746,-0.2,0,0.0167426
19.748,-0.2,0.000503663,0.0166971
19.75,-0.2,0.000302198,0.0166517
19.752,-0.2,-0.000201465,0.0166066
19.754,-0.2,0.000302198,0.0165619
19.756,-0.2,0,0.0165173
19.758,-0.2,-0.000100733,0.0164728
19.76,-0.2,0.000201465,0.016429
19.762,-0.2,-0.000100733,0.016385
19.764,-0.2,0,0.0163413
19.766,-0.2,0.000201465,0.0162979
19.768,-0.2,0,0.0162548
19.77,-0.2,0.000604396,0.0162117
19.772,-0.2,0.00040293,0.0161691
19.774,-0.2,0,0.0161265
19.776,-0.2,0.000201465,0.0160844
19.778,-0.2,-0.000201465,0.0160423
19.78,-0.2,0.000604396,0.0160005
19.782,-0.2,-0.000100733,0.015959
19.784,-0.2,-0.000201465,0.0159174
19.786,-0.2,0.000201465,0.0158762
19.788,-0.2,0.000100733,0.0158352
19.79,-0.2,0.000705128,0.0157945
19.792,-0.2,0.000100733,0.015754
19.794,-0.2,0.000302198,0.0157136
19.796,-0.2,0.000201465,0.0156733
19.798,-0.2,0.000201465,0.0156337
19.8,-0.2,0.00040293,0.0155937
19.802,-0.2,-0.000100733,0.0155542
19.804,-0.2,0.000302198,0.0155149
19.806,-0.2,0.000906593,0.0154758
19.808,-0.2,-0.00040293,0.0154369
19.81,-0.2,0.000604396,0.0153982
19.812,-0.2,-0.000503663,0.0153595
19.814,-0.2,0.000201465,0.0153214
19.816,-0.2,0.000100733,0.015283
19.818,-0.2,0.000201465,0.0152451
19.82,-0.2,0.000302198,0.0152073
19.822,-0.2,0.000604396,0.0151697
19.824,-0.2,-0.000503663,0.0151324
19.826,-0.2,0.000100733,0.015095
19.828,-0.2,0.000503663,0.015058
19.83,-0.2,0.000201465,0.0150211
19.832,-0.2,-0.000503663,0.0149845
19.834,-0.2,0,0.0149479
19.836,-0.2,-0.000100733,0.0149116
19.838,-0.2,0.000604396,0.0148754
19.84,-0.2,-0.000302198,0.0148396
19.842,-0.2,0.000201465,0.0148037
19.844,-0.2,0.000503663,0.0147681
19.846,-0.2,0,0.0147327
19.848,-0.2,0.000201465,0.0146973
19.85,-0.2,-0.00040293,0.0146622
19.852,-0.2,-0.000201465,0.0146272
19.854,-0.2,0.000906593,0.0145925
19.856,-0.2,0.00100733,0.014558
19.858,-0.2,0.000503663,0.0145234
19.86,-0.2,0,0.014489
19.862,-0.2,-0.000201465,0.0144549
19.864,-0.2,0.000705128,0.0144209
19.866,-0.2,0.000100733,0.0143872
19.868,-0.2,-0.000100733,0.0143535
19.87,-0.2,0.000503663,0.0143201
19.872,-0.2,0.000302198,0.0142868
19.874,-0.2,0.000302198,0.0142534
19.876,-0.2,0.00040293,0.0142204
19.878,-0.2,0.000604396,0.0141875
19.88,-0.2,0,0.0141549
19.882,-0.2,-0.00100733,0.0141223
19.884,-0.2,-0.000302198,0.0140899
19.886,-0.2,-0.000201465,0.0140576
19.888,-0.2,0,0.0140255
19.89,-0.2,-0.000302198,0.0139935
19.892,-0.2,0.000201465,0.0139616
19.894,-0.2,-0.000100733,0.0139299
19.896,-0.2,-0.000302198,0.0138984
19.898,-0.2,-0.000100733,0.013867
19.9,-0.2,-0.000201465,0.0138357
19.902,-0.2,0.000201465,0.0138045
19.904,-0.2,0.000604396,0.0137737
19.906,-0.2,0.00040293,0.0137427
19.908,-0.2,-0.000503663,0.013712
19.91,-0.2,0.00040293,0.0136814
19.912,-0.2,0.000201465,0.013651
19.914,-0.2,0.000100733,0.0136208
19.916,-0.2,0.000201465,0.0135905
19.918,-0.2,0.000100733,0.0135605
19.92,-0.2,0.000503663,0.0135305
19.922,-0.2,0.000705128,0.0135008
19.924,-0.2,-0.00040293,0.0134712
19.926,-0.2,-0.000302198,0.0134417
19.928,-0.2,0.000100733,0.0134123
19.93,-0.2,0.000302198,0.0133831
19.932,-0.2,0,0.0133539
19.934,-0.2,0.000503663,0.0133249
19.936,-0.2,0.000503663,0.013296
19.938,-0.2,-0.00040293,0.0132673
19.94,-0.2,-0.000100733,0.0132386
19.942,-0.2,0,0.0132102
19.944,-0.2,0,0.0131817
19.946,-0.2,-0.000604396,0.0131535
19.948,-0.2,0.000503663,0.0131254
19.95,-0.2,0.000604396,0.0130974
19.952,-0.2,-0.000201465,0.0130695
19.954,-0.2,0.000302198,0.0130417
19.956,-0.2,0.000302198,0.013014
19.958,-0.2,0.00120879,0.0129865
19.96,-0.2,0.000302198,0.012959
19.962,-0.2,-0.00040293,0.0129318
19.964,-0.2,0.000705128,0.0129046
19.966,-0.2,0.00040293,0.0128775
19.968,-0.2,-0.000302198,0.0128506
19.97,-0.2,0.000503663,0.0128237
19.972,-0.2,0.000705128,0.0127969
19.974,-0.2,0.000503663,0.0127702
19.976,-0.2,-0.000100733,0.0127437
19.978,-0.2,-0.000201465,0.0127174
19.98,-0.2,0.00040293,0.012691
19.982,-0.2,-0.000100733,0.0126649
19.984,-0.2,-0.00040293,0.0126387
19.986,-0.2,-0.000201465,0.0126128
19.988,-0.2,0.000503663,0.0125869
19.99,-0.2,0.000503663,0.0125611
19.992,-0.2,0.000503663,0.0125354
19.994,-0.2,0.000906593,0.0125099
19.996,-0.2,0.000503663,0.0124844
19.998,-0.2,-0.000302198,0.012459
20,-0.1,-0.000100733,0.0124338
20.002,-0.1,0.000604396,0.0124087
20.004,-0.1,0.00130952,0.0123837
20.006,-0.1,0.000604396,0.0123587
20.008,-0.1,0.000604396,0.0123339
20.01,-0.1,0.00040293,0.0123092
20.012,-0.1,0.00120879,0.0122845
20.014,-0.1,0.000805861,0.0122599
20.016,-0.1,0.00120879,0.0122354
20.018,-0.1,0.000604396,0.0122111
20.02,-0.1,0.00120879,0.0121869
20.022,-0.1,0.000705128,0.0121627
20.024,-0.1,0.00110806,0.0121387
20.026,-0.1,0.00040293,0.0121148
20.028,-0.1,0.000604396,0.0120908
20.03,-0.1,0.000705128,0.012067
20.032,-0.1,0.000503663,0.0120433
20.034,-0.1,0.000805861,0.0120198
20.036,-0.1,0.000906593,0.0119963
20.038,-0.1,0.000302198,0.0119729
20.04,-0.1,0.000906593,0.0119495
20.042,-0.1,0.000604396,0.0119263
20.044,-0.1,0.000302198,0.0119031
20.046,-0.1,0.00040293,0.0118802
20.048,-0.1,0.00100733,0.0118572
20.05,-0.1,0.000805861,0.0118343
20.052,-0.1,0.000906593,0.0118116
20.054,-0.1,0.00100733,0.0117888
20.056,-0.1,0.00161172,0.0117662
20.058,-0.1,0.000201465,0.0117437
20.06,-0.1,0.00040293,0.0117213
20.062,-0.1,0.000705128,0.0116989
20.064,-0.1,0.00110806,0.0116766
20.066,-0.1,0.00120879,0.0116545
20.068,-0.1,0.00141026,0.0116324
20.07,-0.1,0.000604396,0.0116104
20.072,-0.1,0.000604396,0.0115885
20.074,-0.1,0.00040293,0.0115666
20.076,-0.1,0.00120879,0.0115449
20.078,-0.1,0.000906593,0.0115231
20.08,-0.1,0.000705128,0.0115015
20.082,-0.1,0.000805861,0.0114801
20.084,-0.1,0.000302198,0.0114586
20.086,-0.1,0.00161172,0.0114373
20.088,-0.1,0.000705128,0.0114159
20.09,-0.1,0.00040293,0.0113949
20.092,-0.1,0.00130952,0.0113737
20.094,-0.1,0.00120879,0.0113526
20.096,-0.1,0.000604396,0.0113316
20.098,-0.1,0.00110806,0.0113107
20.1,-0.1,0.000805861,0.01129
20.102,-0.1,0.00130952,0.0112692
20.104,-0.1,0.00110806,0.0112486
20.106,-0.1,0.000805861,0.0112281
20.108,-0.1,0.000604396,0.0112074
20.11,-0.1,0.000705128,0.011187
20.112,-0.1,0,0.0111666
20.114,-0.1,0.00040293,0.0111464
20.116,-0.1,0.00100733,0.0111262
20.118,-0.1,0.00040293,0.011106
20.12,-0.1,0.000906593,0.0110859
20.122,-0.1,0.000503663,0.011066
20.124,-0.1,0.000906593,0.011046
20.126,-0.1,0.000503663,0.0110262
20.128,-0.1,0.000705128,0.0110064
20.13,-0.1,0.00120879,0.0109867
20.132,-0.1,0.000805861,0.0109671
20.134,-0.1,0.000503663,0.0109475
20.136,-0.1,0.000604396,0.010928
20.138,-0.1,0.000604396,0.0109086
20.14,-0.1,0.00151099,0.0108892
20.142,-0.1,0.000705128,0.0108699
20.144,-0.1,0.00141026,0.0108507
20.146,-0.1,0.000503663,0.0108316
20.148,-0.1,0.00100733,0.0108125
20.15,-0.1,0.00141026,0.0107934
20.152,-0.1,0.00141026,0.0107745
20.154,-0.1,0.000906593,0.0107556
20.156,-0.1,0.00161172,0.0107368
20.158,-0.1,0.000201465,0.010718
20.16,-0.1,0.00120879,0.0106994
20.162,-0.1,0.00110806,0.0106807
20.164,-0.1,0.00120879,0.0106622
20.166,-0.1,0.000805861,0.0106436
20.168,-0.1,0.000604396,0.0106253
20.17,-0.1,0.00141026,0.0106069
20.172,-0.1,0.000906593,0.0105885
20.174,-0.1,0.00130952,0.0105703
20.176,-0.1,0.00120879,0.0105521
20.178,-0.1,0.00120879,0.010534
20.18,-0.1,0.00130952,0.010516
20.182,-0.1,0.000705128,0.010498
20.184,-0.1,0.000604396,0.01048
20.186,-0.1,0.00110806,0.0104622
20.188,-0.1,0.00161172,0.0104444
20.19,-0.1,0.00110806,0.0104267
20.192,-0.1,0.00120879,0.0104089
20.194,-0.1,0.00201465,0.0103913
20.196,-0.1,0.000201465,0.0103738
20.198,-0.1,0.00100733,0.0103562
20.2,-0.1,0.000604396,0.0103388
20.202,-0.1,0.000302198,0.0103214
20.204,-0.1,0.00120879,0.0103041
20.206,-0.1,0.00100733,0.0102868
20.208,-0.1,0.00130952,0.0102696
20.21,-0.1,0.000705128,0.0102524
20.212,-0.1,0.000201465,0.0102353
20.214,-0.1,0.000604396,0.0102182
20.216,-0.1,0.000805861,0.0102013
20.218,-0.1,0.000503663,0.0101844
20.22,-0.1,0.00110806,0.0101674
20.222,-0.1,0.000705128,0.0101507
20.224,-0.1,0.000604396,0.0101338
20.226,-0.1,0.000302198,0.0101171
20.228,-0.1,0.000604396,0.0101005
20.23,-0.1,0.000805861,0.0100839
20.232,-0.1,0.000705128,0.0100674
20.234,-0.1,0.000604396,0.0100509
20.236,-0.1,0.000604396,0.0100345
20.238,-0.1,0.00040293,0.0100181
20.24,-0.1,0.00171245,0.0100017
20.242,-0.1,0.000503663,0.00998547
20.244,-0.1,0.00130952,0.00996921
20.246,-0.1,0.000604396,0.00995307
20.248,-0.1,0.00110806,0.00993696
20.25,-0.1,0.00141026,0.0099209
20.252,-0.1,0.00110806,0.00990484
20.254,-0.1,0.000906593,0.00988895
20.256,-0.1,-0.000100733,0.00987296
20.258,-0.1,0.000604396,0.00985714
20.26,-0.1,0.000100733,0.0098413
20.262,-0.1,0.000604396,0.00982558
20.264,-0.1,-0.000100733,0.0098099
20.266,-0.1,0.000503663,0.00979416
20.268,-0.1,0.00110806,0.00977856
20.27,-0.1,0.000805861,0.009763
20.272,-0.1,0.00040293,0.00974753
20.274,-0.1,0.000805861,0.00973207
20.276,-0.1,0.00120879,0.00971666
20.278,-0.1,0.00110806,0.00970126
20.28,-0.1,0.00100733,0.00968596
20.282,-0.1,0.00100733,0.00967068
20.284,-0.1,0.00040293,0.00965547
20.286,-0.1,0.00100733,0.0096403
20.288,-0.1,0.000604396,0.00962521
20.29,-0.1,0.00100733,0.0096101
20.292,-0.1,0.000906593,0.00959511
20.294,-0.1,0.00141026,0.00958009
20.296,-0.1,0.000906593,0.00956519
20.298,-0.1,0.000302198,0.0095503
20.3,-0.1,0.00151099,0.00953546
20.302,-0.1,0.00100733,0.0095207
20.304,-0.1,0.000201465,0.00950592
20.306,-0.1,0.00120879,0.00949118
20.308,-0.1,0.00100733,0.00947652
20.31,-0.1,0.000705128,0.00946194
20.312,-0.1,0.000906593,0.00944738
20.314,-0.1,0.00100733,0.00943285
20.316,-0.1,0.000100733,0.00941833
20.318,-0.1,0.00171245,0.00940398
20.32,-0.1,0.00100733,0.00938952
20.322,-0.1,0.00161172,0.00937518
20.324,-0.1,0.000906593,0.00936087
20.326,-0.1,0.00040293,0.00934661
20.328,-0.1,0.00171245,0.00933243
20.33,-0.1,0.00120879,0.00931826
20.332,-0.1,0.00100733,0.00930409
20.334,-0.1,0.00100733,0.00929008
20.336,-0.1,0.000805861,0.00927596
20.338,-0.1,0.00161172,0.00926199
20.34,-0.1,0.000503663,0.009248
20.342,-0.1,0.00100733,0.00923412
20.344,-0.1,0.000604396,0.00922028
20.346,-0.1,0.00110806,0.00920636
20.348,-0.1,0.000805861,0
20.35,-0.1,0.00120879,0
20.352,-0.1,0.00100733,0
20.354,-0.1,0.000906593,0
20.356,-0.1,0.000503663,0
20.358,-0.1,0.000604396,0
20.36,-0.1,0.00191392,0
20.362,-0.1,0.00100733,0
20.364,-0.1,0.00100733,0
20.366,-0.1,0.000805861,0
20.368,-0.1,0.000201465,0
20.37,-0.1,0.000906593,0
20.372,-0.1,0.000906593,0
20.374,-0.1,0.000503663,0
20.376,-0.1,0.000805861,0
20.378,-0.1,0.000302198,0
20.38,-0.1,0.000604396,0
20.382,-0.1,0.000604396,0
20.384,-0.1,0.000705128,0
20.386,-0.1,0.00130952,0
20.388,-0.1,0.000503663,0
20.39,-0.1,0.000906593,0
20.392,-0.1,0.00040293,0
20.394,-0.1,0.000503663,0
20.396,-0.1,0.000805861,0
20.398,-0.1,0.000805861,0
20.4,-0.1,0.000302198,0
20.402,-0.1,0.000805861,0
20.404,-0.1,0.00181319,0
20.406,-0.1,0.000100733,0
20.408,-0.1,0.00040293,0
20.41,-0.1,0.000503663,0
20.412,-0.1,0.000805861,0
20.414,-0.1,0.000705128,0
20.416,-0.1,0.000805861,0
20.418,-0.1,0.000906593,0
20.42,-0.1,0.000705128,0
20.422,-0.1,0.00120879,0
20.424,-0.1,0.00130952,0
20.426,-0.1,0.00120879,0
20.428,-0.1,0.00040293,0
20.43,-0.1,0.000503663,0
20.432,-0.1,0.000705128,0
20.434,-0.1,0.000805861,0
20.436,-0.1,0.000503663,0
20.438,-0.1,0.000805861,0
20.44,-0.1,0.000503663,0
20.442,-0.1,0.00171245,0
20.444,-0.1,0.00110806,0
20.446,-0.1,0.000906593,0
20.448,-0.1,0.000705128,0
20.45,-0.1,0.00100733,0
20.452,-0.1,0.000201465,0
20.454,-0.1,0.00110806,0
20.456,-0.1,0.000604396,0
20.458,-0.1,0.000503663,0
20.46,-0.1,0.000503663,0
20.462,-0.1,0.000503663,0
20.464,-0.1,0.00110806,0
20.466,-0.1,0.000201465,0
20.468,-0.1,0.000906593,0
20.47,-0.1,0.000503663,0
20.472,-0.1,0.000503663,0
20.474,-0.1,0.00141026,0
20.476,-0.1,0.000302198,0
20.478,-0.1,0.000805861,0
20.48,-0.1,0.000805861,0
20.482,-0.1,0.000705128,0
20.484,-0.1,0.000302198,0
20.486,-0.1,0.00130952,0
20.488,-0.1,0.00130952,0
20.49,-0.1,0.000503663,0
20.492,-0.1,0.00100733,0
20.494,-0.1,0.00100733,0
20.496,-0.1,0.000906593,0
20.498,-0.1,0.000805861,0
20.5,-0.1,0.000906593,0
20.502,-0.1,0.000604396,0
20.504,-0.1,0.00100733,0
20.506,-0.1,0.000604396,0
20.508,-0.1,0.000906593,0
20.51,-0.1,0.000201465,0
20.512,-0.1,0.00151099,0
20.514,-0.1,0.00130952,0
20.516,-0.1,0.00040293,0
20.518,-0.1,0.00141026,0
20.52,-0.1,0.000705128,0
20.522,-0.1,0.00161172,0
20.524,-0.1,0.000604396,0
20.526,-0.1,0.000201465,0
20.528,-0.1,0.000201465,0
20.53,-0.1,0.000201465,0
20.532,-0.1,0.000705128,0
20.534,-0.1,0.000705128,0
20.536,-0.1,0.000503663,0
20.538,-0.1,0.00161172,0
20.54,-0.1,0.000906593,0
20.542,-0.1,0.000201465,0
20.544,-0.1,0.000805861,0
20.546,-0.1,0.00110806,0
20.548,-0.1,0.000805861,0
20.55,-0.1,0.000705128,0
20.552,-0.1,0.00040293,0
20.554,-0.1,0.00040293,0
20.556,-0.1,0.00040293,0
20.558,-0.1,0.000100733,0
20.56,-0.1,0.000503663,0
20.562,-0.1,0.000705128,0
20.564,-0.1,0.00141026,0
20.566,-0.1,0.000604396,0
20.568,-0.1,0.000705128,0
20.57,-0.1,0.000805861,0
20.572,-0.1,0.000805861,0
20.574,-0.1,0.00141026,0
20.576,-0.1,0.00130952,0
20.578,-0.1,0.000604396,0
20.58,-0.1,0.000906593,0
20.582,-0.1,0.000604396,0
20.584,-0.1,0.00120879,0
20.586,-0.1,0.000302198,0
20.588,-0.1,0.00110806,0
20.59,-0.1,0.00120879,0
20.592,-0.1,0.00040293,0
20.594,-0.1,-0.000100733,0
20.596,-0.1,0.000705128,0
20.598,-0.1,0.00100733,0
20.6,-0.1,0.00110806,0
20.602,-0.1,0.00141026,0
20.604,-0.1,0.00130952,0
20.606,-0.1,0.000906593,0
20.608,-0.1,0.00110806,0
20.61,-0.1,0.00141026,0
20.612,-0.1,0.000906593,0
20.614,-0.1,0.00110806,0
20.616,-0.1,0.00040293,0
20.618,-0.1,0.00100733,0
20.62,-0.1,0.00110806,0
20.622,-0.1,0.000302198,0
20.624,-0.1,0.000705128,0
20.626,-0.1,0.000503663,0
20.628,-0.1,0.000906593,0
20.63,-0.1,0.000906593,0
20.632,-0.1,0.00130952,0
20.634,-0.1,0.000906593,0
20.636,-0.1,0.000805861,0
20.638,-0.1,0.000302198,0
20.64,-0.1,0.00100733,0
20.642,-0.1,0.00120879,0
20.644,-0.1,0.000503663,0
20.646,-0.1,0.000503663,0
20.648,-0.1,0.00120879,0
20.65,-0.1,0.000705128,0
20.652,-0.1,0.00040293,0
20.654,-0.1,0.000705128,0
20.656,-0.1,0.000906593,0
20.658,-0.1,0.000705128,0
20.66,-0.1,0.00151099,0
20.662,-0.1,0.00040293,0
20.664,-0.1,0.00161172,0
20.666,-0.1,0.000705128,0
20.668,-0.1,0.000503663,0
20.67,-0.1,0.00100733,0
20.672,-0.1,0.00120879,0
20.674,-0.1,0.00100733,0
20.676,-0.1,0.00141026,0
20.678,-0.1,0,0
20.68,-0.1,0.000201465,0
20.682,-0.1,0.000705128,0
20.684,-0.1,0.00100733,0
20.686,-0.1,0.00110806,0
20.688,-0.1,-0.00040293,0
20.69,-0.1,0.000906593,0
20.692,-0.1,0.00040293,0
20.694,-0.1,0.00040293,0
20.696,-0.1,0.00161172,0
20.698,-0.1,0.000705128,0
20.7,-0.1,0.000906593,0
20.702,-0.1,0.00100733,0
20.704,-0.1,0.000805861,0
20.706,-0.1,0.000705128,0
20.708,-0.1,0.00120879,0
20.71,-0.1,0.000604396,0
20.712,-0.1,0.000805861,0
20.714,-0.1,0.00161172,0
20.716,-0.1,0.00110806,0
20.718,-0.1,0.00100733,0
20.72,-0.1,0.00120879,0
20.722,-0.1,0.00040293,0
20.724,-0.1,0.000100733,0
20.726,-0.1,0.00100733,0
20.728,-0.1,0.00151099,0
20.73,-0.1,0.00040293,0
20.732,-0.1,0.000805861,0
20.734,-0.1,0.00040293,0
20.736,-0.1,0.000503663,0
20.738,-0.1,0.000805861,0
20.74,-0.1,0.00100733,0
20.742,-0.1,0.000604396,0
20.744,-0.1,0.000805861,0
20.746,-0.1,0.00120879,0
20.748,-0.1,0.000805861,0
20.75,-0.1,0.000201465,0
20.752,-0.1,0.000604396,0
20.754,-0.1,0.000503663,0
20.756,-0.1,0.00100733,0
20.758,-0.1,0.000805861,0
20.76,-0.1,0.000503663,0
20.762,-0.1,0,0
20.764,-0.1,0.00100733,0
20.766,-0.1,0.000805861,0
20.768,-0.1,0.000503663,0
20.77,-0.1,0.000906593,0
20.772,-0.1,0.000201465,0
20.774,-0.1,0.000805861,0
20.776,-0.1,0.000503663,0
20.778,-0.1,0.00040293,0
20.78,-0.1,0.000805861,0
20.782,-0.1,0.000805861,0
20.784,-0.1,0.000705128,0
20.786,-0.1,0.000906593,0
20.788,-0.1,0.00100733,0
20.79,-0.1,0.000906593,0
20.792,-0.1,0.000604396,0
20.794,-0.1,0.00110806,0
20.796,-0.1,0.000805861,0
20.798,-0.1,0.000503663,0
20.8,-0.1,0.000805861,0
20.802,-0.1,0.00110806,0
20.804,-0.1,0.00110806,0
20.806,-0.1,0.000906593,0
20.808,-0.1,0.00110806,0
20.81,-0.1,0.00100733,0
20.812,-0.1,0.000705128,0
20.814,-0.1,0.000805861,0
20.816,-0.1,0.00120879,0
20.818,-0.1,0.000906593,0
20.82,-0.1,0.00040293,0
20.822,-0.1,0.00151099,0
20.824,-0.1,0.000906593,0
20.826,-0.1,0.00110806,0
20.828,-0.1,0.000302198,0
20.83,-0.1,0.00100733,0
20.832,-0.1,0.00171245,0
20.834,-0.1,0.00141026,0
20.836,-0.1,0.000805861,0
20.838,-0.1,0.00130952,0
20.84,-0.1,0.00141026,0
20.842,-0.1,0.00120879,0
20.844,-0.1,0.000906593,0
20.846,-0.1,0.00100733,0
20.848,-0.1,0.00110806,0
20.85,-0.1,0.00120879,0
20.852,-0.1,0.00120879,0
20.854,-0.1,0.00100733,0
20.856,-0.1,0.000604396,0
20.858,-0.1,0.000604396,0
20.86,-0.1,0.000503663,0
20.862,-0.1,0.000906593,0
20.864,-0.1,0.00110806,0
20.866,-0.1,0.000906593,0
20.868,-0.1,0.00110806,0
20.87,-0.1,0.00100733,0
20.872,-0.1,0.000906593,0
20.874,-0.1,0.000604396,0
20.876,-0.1,0.000705128,0
20.878,-0.1,0.00120879,0
20.88,-0.1,0.000805861,0
20.882,-0.1,0.000705128,0
20.884,-0.1,0.00120879,0
20.886,-0.1,0.000100733,0
20.888,-0.1,0.000805861,0
20.89,-0.1,0.000201465,0
20.892,-0.1,0.000906593,0
20.894,-0.1,0.000302198,0
20.896,-0.1,0.00100733,0
20.898,-0.1,0.000604396,0
20.9,-0.1,0.000503663,0
20.902,-0.1,0.00040293,0
20.904,-0.1,0.00130952,0
20.906,-0.1,0.00110806,0
20.908,-0.1,0.000302198,0
20.91,-0.1,0.000906593,0
20.912,-0.1,0.00130952,0
20.914,-0.1,0.000503663,0
20.916,-0.1,0.000503663,0
20.918,-0.1,0.00040293,0
20.92,-0.1,0.000604396,0
20.922,-0.1,0.000705128,0
20.924,-0.1,0.00110806,0
20.926,-0.1,0.00100733,0
20.928,-0.1,0.00110806,0
20.93,-0.1,0.00151099,0
20.932,-0.1,0.000604396,0
20.934,-0.1,0.000604396,0
20.936,-0.1,0.00110806,0
20.938,-0.1,0.000805861,0
20.94,-0.1,0.000805861,0
20.942,-0.1,0.00040293,0
20.944,-0.1,0.000705128,0
20.946,-0.1,0.000906593,0
20.948,-0.1,0.000201465,0
20.95,-0.1,0.00100733,0
20.952,-0.1,0.000302198,0
20.954,-0.1,0.000906593,0
20.956,-0.1,0.000705128,0
20.958,-0.1,0.000906593,0
20.96,-0.1,0.000805861,0
20.962,-0.1,0.000503663,0
20.964,-0.1,0.00110806,0
20.966,-0.1,0.000302198,0
20.968,-0.1,0.00040293,0
20.97,-0.1,0.000604396,0
20.972,-0.1,0.00110806,0
20.974,-0.1,0.000906593,0
20.976,-0.1,0.00171245,0
20.978,-0.1,0.00040293,0
20.98,-0.1,0.000805861,0
20.982,-0.1,0.000906593,0
20.984,-0.1,0.000100733,0
20.986,-0.1,0.00130952,0
20.988,-0.1,0.000705128,0
20.99,-0.1,0.000503663,0
20.992,-0.1,0.00120879,0
20.994,-0.1,0.000906593,0
20.996,-0.1,0.00120879,0
20.998,-0.1,0.00120879,0
21,0,0.00100733,0
21.002,0,0.00120879,0
21.004,0,0.000705128,0
21.006,0,0.00120879,0
21.008,0,0.00110806,0
21.01,0,0.00110806,0
21.012,0,0.000805861,0
21.014,0,0.00130952,0
21.016,0,0.000604396,0
21.018,0,0.00151099,0
21.02,0,0.00130952,0
21.022,0,0.000906593,0
21.024,0,0.000604396,0
21.026,0,0.000805861,0
21.028,0,0.00100733,0
21.03,0,0.000906593,0
21.032,0,0.000906593,0
21.034,0,0.00120879,0
21.036,0,0.00100733,0
21.038,0,0.00100733,0
21.04,0,0.000604396,0
21.042,0,0.00130952,0
21.044,0,0.000805861,0
21.046,0,0.000503663,0
21.048,0,0.000705128,0
21.05,0,0.00110806,0
21.052,0,0.00100733,0
21.054,0,0.000503663,0
21.056,0,0.00120879,0
21.058,0,0.000604396,0
21.06,0,0.00120879,0
21.062,0,0.00130952,0
21.064,0,0.00141026,0
21.066,0,0.00130952,0
21.068,0,0.000805861,0
21.07,0,0.00110806,0
21.072,0,0.00120879,0
21.074,0,0.000705128,0
21.076,0,0.00130952,0
21.078,0,0.00100733,0
21.08,0,0.000503663,0
21.082,0,0.000302198,0
21.084,0,0.00181319,0
21.086,0,0.00100733,0
21.088,0,0.00171245,0
21.09,0,0.000503663,0
21.092,0,0.000805861,0
21.094,0,0.00120879,0
21.096,0,0.00130952,0
21.098,0,0.00130952,0
21.1,0,0.00040293,0
21.102,0,0.00141026,0
21.104,0,0.000705128,0
21.106,0,0.00100733,0
21.108,0,0.00100733,0
21.11,0,0.000805861,0
21.112,0,0.00110806,0
21.114,0,0.00100733,0
21.116,0,0.00110806,0
21.118,0,0.00100733,0
21.12,0,0.000906593,0
21.122,0,-0.000201465,0
21.124,0,0.000906593,0
21.126,0,0.000906593,0
21.128,0,0.000604396,0
21.13,0,0.000604396,0
21.132,0,0.00130952,0
21.134,0,0.00130952,0
21.136,0,0.00201465,0
21.138,0,0.00161172,0
21.14,0,0.00120879,0
21.142,0,0.000805861,0
21.144,0,0.000604396,0
21.146,0,0.000201465,0
21.148,0,0.00141026,0
21.15,0,0.000604396,0
21.152,0,0.000201465,0
21.154,0,0.000906593,0
21.156,0,0.000705128,0
21.158,0,0.00120879,0
21.16,0,0.00110806,0
21.162,0,0.000805861,0
21.164,0,0.000503663,0
21.166,0,0.000705128,0
21.168,0,0.000705128,0
21.17,0,0.00110806,0
21.172,0,0.000302198,0
21.174,0,0.000906593,0
21.176,0,0.000805861,0
21.178,0,0.00120879,0
21.18,0,0.00120879,0
21.182,0,0.000906593,0
21.184,0,0.00141026,0
21.186,0,0.00110806,0
21.188,0,0.00130952,0
21.19,0,0.00130952,0
21.192,0,0.000805861,0
21.194,0,0.00100733,0
21.196,0,0.00151099,0
21.198,0,0.000805861,0
21.2,0,0.000805861,0
21.202,0,0.00171245,0
21.204,0,0.00100733,0
21.206,0,0.00110806,0
21.208,0,0.000604396,0
21.21,0,0.000705128,0
21.212,0,0.00151099,0
21.214,0,0.00161172,0
21.216,0,0.000805861,0
21.218,0,0.00040293,0
21.22,0,0.000805861,0
21.222,0,0.000302198,0
21.224,0,0.00141026,0
21.226,0,0.000906593,0
21.228,0,0.00040293,0
21.23,0,0.00130952,0
21.232,0,0.00110806,0
21.234,0,0.00161172,0
21.236,0,0.000805861,0
21.238,0,0.000302198,0
21.24,0,0.00100733,0
21.242,0,0.00110806,0
21.244,0,0.000302198,0
21.246,0,0.000302198,0
21.248,0,0.00120879,0
21.25,0,0.000805861,0
21.252,0,0.000805861,0
21.254,0,0.000805861,0
21.256,0,0.000503663,0
21.258,0,0.000805861,0
21.26,0,0.00100733,0
21.262,0,0.00130952,0
21.264,0,0.000805861,0
21.266,0,0.00110806,0
21.268,0,0.00161172,0
21.27,0,0.000805861,0
21.272,0,0.00110806,0
21.274,0,0.000705128,0
21.276,0,0.000302198,0
21.278,0,0.000100733,0
21.28,0,0.000201465,0
21.282,0,0.000906593,0
21.284,0,0.000503663,0
21.286,0,0.000302198,0
21.288,0,0.00040293,0
21.29,0,0.00120879,0
21.292,0,0.00040293,0
21.294,0,0.00100733,0
21.296,0,0.000604396,0
21.298,0,0.000604396,0
21.3,0,0.00130952,0
21.302,0,0.000805861,0
21.304,0,0.00100733,0
21.306,0,0.00130952,0
21.308,0,0.00100733,0
21.31,0,0.00161172,0
21.312,0,0.000805861,0
21.314,0,0.00130952,0
21.316,0,0.00130952,0
21.318,0,0.000805861,0
21.32,0,0.000906593,0
21.322,0,0.000302198,0
21.324,0,0.000604396,0
21.326,0,0.00110806,0
21.328,0,0.00130952,0
21.33,0,0.00120879,0
21.332,0,0.000604396,0
21.334,0,0.000604396,0
21.336,0,0.000805861,0
21.338,0,0.00151099,0
21.34,0,0.000805861,0
21.342,0,0.00161172,0
21.344,0,0.00120879,0
21.346,0,0.00120879,0
21.348,0,0.000805861,0
21.35,0,0.00040293,0
21.352,0,0.00100733,0
21.354,0,0.000705128,0
21.356,0,0.00120879,0
21.358,0,0.00130952,0
21.36,0,0.000805861,0
21.362,0,0.00120879,0
21.364,0,0.000705128,0
21.366,0,0.000604396,0
21.368,0,0.00141026,0
21.37,0,0.000805861,0
21.372,0,0.00120879,0
21.374,0,0.000201465,0
21.376,0,0.00181319,0
21.378,0,0.00110806,0
21.38,0,0.000906593,0
21.382,0,0.000705128,0
21.384,0,0.00120879,0
21.386,0,0.00130952,0
21.388,0,0.00141026,0
21.39,0,-0.000302198,0
21.392,0,0.000805861,0
21.394,0,0.000906593,0
21.396,0,0.00120879,0
21.398,0,0.00161172,0
21.4,0,0.00171245,0
21.402,0,0.00120879,0
21.404,0,0.00110806,0
21.406,0,0.000705128,0
21.408,0,0.000604396,0
21.41,0,0.00141026,0
21.412,0,0.00120879,0
21.414,0,0.00100733,0
21.416,0,0.00110806,0
21.418,0,0.00130952,0
21.42,0,0.000805861,0
21.422,0,0.000503663,0
21.424,0,0.00120879,0
21.426,0,0.00130952,0
21.428,0,0.000201465,0
21.43,0,0.00130952,0
21.432,0,0.000805861,0
21.434,0,0.00181319,0
21.436,0,0.000705128,0
21.438,0,0.00120879,0
21.44,0,0.00161172,0
21.442,0,0.000503663,0
21.444,0,0.00100733,0
21.446,0,0.00110806,0
21.448,0,0.00120879,0
21.45,0,0.000805861,0
21.452,0,0.000503663,0
21.454,0,0.000805861,0
21.456,0,0.000604396,0
21.458,0,0.00161172,0
21.46,0,0.00100733,0
21.462,0,0.00151099,0
21.464,0,0.00141026,0
21.466,0,0.00120879,0
21.468,0,0.000906593,0
21.47,0,0.000705128,0
21.472,0,0.000302198,0
21.474,0,0.00100733,0
21.476,0,0.00141026,0
21.478,0,0.000705128,0
21.48,0,0.00110806,0
21.482,0,0.00161172,0
21.484,0,0.00130952,0
21.486,0,0.000906593,0
21.488,0,0.000805861,0
21.49,0,0.000906593,0
21.492,0,0.000805861,0
21.494,0,0.00100733,0
21.496,0,0.000805861,0
21.498,0,0.00100733,0
21.5,0,0.00100733,0
21.502,0,0.000503663,0
21.504,0,0.000906593,0
21.506,0,0.000705128,0
21.508,0,0.000805861,0
21.51,0,0.00110806,0
21.512,0,0.00110806,0
21.514,0,0.000805861,0
21.516,0,0.00110806,0
21.518,0,0.000100733,0
21.52,0,0.00100733,0
21.522,0,0.00100733,0
21.524,0,0.00141026,0
21.526,0,0.000604396,0
21.528,0,0.000906593,0
21.53,0,0.00120879,0
21.532,0,0.00120879,0
21.534,0,0.000805861,0
21.536,0,0.00141026,0
21.538,0,0.000705128,0
21.54,0,0.000503663,0
21.542,0,0.00100733,0
21.544,0,0.00120879,0
21.546,0,0.000906593,0
21.548,0,0.00100733,0
21.55,0,0.000503663,0
21.552,0,0.000906593,0
21.554,0,0.000705128,0
21.556,0,0.00130952,0
21.558,0,0.000805861,0
21.56,0,0.000805861,0
21.562,0,0.00040293,0
21.564,0,0.00141026,0
21.566,0,0.000906593,0
21.568,0,0.00110806,0
21.57,0,0.00110806,0
21.572,0,0.000805861,0
21.574,0,0.00141026,0
21.576,0,0.000705128,0
21.578,0,0.00110806,0
21.58,0,0.000503663,0
21.582,0,0.000604396,0
21.584,0,0.00100733,0
21.586,0,0.000906593,0
21.588,0,0.00110806,0
21.59,0,0.000805861,0
21.592,0,0.000604396,0
21.594,0,0.00040293,0
21.596,0,0.000705128,0
21.598,0,0.00100733,0
21.6,0,0.000906593,0
21.602,0,0.00040293,0
21.604,0,0.00100733,0
21.606,0,0.00161172,0
21.608,0,0.00151099,0
21.61,0,0.00120879,0
21.612,0,0.000503663,0
21.614,0,0.00110806,0
21.616,0,0.000705128,0
21.618,0,0.000906593,0
21.62,0,0.000906593,0
21.622,0,0.00110806,0
21.624,0,0.00110806,0
21.626,0,0.00130952,0
21.628,0,0.00110806,0
21.63,0,0.00120879,0
21.632,0,0.000302198,0
21.634,0,0.00110806,0
21.636,0,0.00110806,0
21.638,0,0.000604396,0
21.64,0,0.00100733,0
21.642,0,0.00120879,0
21.644,0,0.00141026,0
21.646,0,0.000503663,0
21.648,0,0.00171245,0
21.65,0,0.000906593,0
21.652,0,0.00161172,0
21.654,0,0.000503663,0
21.656,0,0.000705128,0
21.658,0,0.00141026,0
21.66,0,0.00100733,0
21.662,0,0.00110806,0
21.664,0,0.00130952,0
21.666,0,0.000705128,0
21.668,0,0.00110806,0
21.67,0,0.000906593,0
21.672,0,0.00100733,0
21.674,0,0.00110806,0
21.676,0,0.000805861,0
21.678,0,0.000805861,0
21.68,0,0.000302198,0
21.682,0,0.000503663,0
21.684,0,0.00100733,0
21.686,0,0.000805861,0
21.688,0,0.000705128,0
21.69,0,0.000705128,0
21.692,0,0.00120879,0
21.694,0,0.000604396,0
21.696,0,0.00040293,0
21.698,0,0.000705128,0
21.7,0,0.000604396,0
21.702,0,0.00110806,0
21.704,0,0.000906593,0
21.706,0,0.000100733,0
21.708,0,0.00141026,0
21.71,0,0.00110806,0
21.712,0,0.00120879,0
21.714,0,0.000100733,0
21.716,0,0.000906593,0
21.718,0,0.00120879,0
21.72,0,0.000503663,0
21.722,0,0.00040293,0
21.724,0,0.000906593,0
21.726,0,0.00120879,0
21.728,0,0.000906593,0
21.73,0,0.000705128,0
21.732,0,0.000604396,0
21.734,0,0.00100733,0
21.736,0,0.000805861,0
21.738,0,0.00130952,0
21.74,0,0.00120879,0
21.742,0,0.00100733,0
21.744,0,0.000805861,0
21.746,0,0.000805861,0
21.748,0,0.000705128,0
21.75,0,0.000302198,0
21.752,0,0,0
21.754,0,0.00100733,0
21.756,0,0.00120879,0
21.758,0,0.000302198,0
21.76,0,0.00120879,0
21.762,0,0.00120879,0
21.764,0,0.00110806,0
21.766,0,0.00130952,0
21.768,0,0.000503663,0
21.77,0,0.000705128,0
21.772,0,0.000705128,0
21.774,0,0.000503663,0
21.776,0,0.00110806,0
21.778,0,0.000302198,0
21.78,0,0.000906593,0
21.782,0,0.00110806,0
21.784,0,0.000906593,0
21.786,0,0.00100733,0
21.788,0,0.00100733,0
21.79,0,0.000906593,0
21.792,0,0.000805861,0
21.794,0,0.00120879,0
21.796,0,0.000705128,0
21.798,0,0.000705128,0
21.8,0,0.000906593,0
21.802,0,0.000705128,0
21.804,0,0.00130952,0
21.806,0,0.000100733,0
21.808,0,0.000805861,0
21.81,0,0.00120879,0
21.812,0,0.00100733,0
21.814,0,0.00120879,0
21.816,0,0.00100733,0
21.818,0,0.000805861,0
21.82,0,0.000503663,0
21.822,0,0.00110806,0
21.824,0,0.000503663,0
21.826,0,0.00191392,0
21.828,0,0.000302198,0
21.83,0,0.000906593,0
21.832,0,0.000302198,0
21.834,0,0.00130952,0
21.836,0,0.00110806,0
21.838,0,0.000906593,0
21.84,0,0.00100733,0
21.842,0,0.000705128,0
21.844,0,0.00100733,0
21.846,0,0.00110806,0
21.848,0,0.000705128,0
21.85,0,0.00130952,0
21.852,0,0.000302198,0
21.854,0,0.00130952,0
21.856,0,0.00120879,0
21.858,0,0.000302198,0
21.86,0,0.000906593,0
21.862,0,0.000604396,0
21.864,0,0.000604396,0
21.866,0,0.000503663,0
21.868,0,0.000805861,0
21.87,0,0.000705128,0
21.872,0,0.00141026,0
21.874,0,0.000503663,0
21.876,0,0.000503663,0
21.878,0,0.000906593,0
21.88,0,0.000906593,0
21.882,0,0.000906593,0
21.884,0,0.00110806,0
21.886,0,0.000503663,0
21.888,0,0.000604396,0
21.89,0,0.00100733,0
21.892,0,0.00120879,0
21.894,0,0.00100733,0
21.896,0,0.000604396,0
21.898,0,0.00110806,0
21.9,0,0.00120879,0
21.902,0,0.000805861,0
21.904,0,0.000805861,0
21.906,0,0.000805861,0
21.908,0,0.000604396,0
21.91,0,0.00100733,0
21.912,0,0.000805861,0
21.914,0,0.000503663,0
21.916,0,0.00040293,0
21.918,0,0.00110806,0
21.92,0,0.000906593,0
21.922,0,0.000705128,0
21.924,0,0.000805861,0
21.926,0,0.000503663,0
21.928,0,0.000805861,0
21.93,0,0.00040293,0
21.932,0,0.000906593,0
21.934,0,0.000201465,0
21.936,0,0.00141026,0
21.938,0,0.000805861,0
21.94,0,0.00100733,0
21.942,0,0.00161172,0
21.944,0,0.000805861,0
21.946,0,0.00110806,0
21.948,0,0.00141026,0
21.95,0,0.00100733,0
21.952,0,0.00110806,0
21.954,0,0.000805861,0
21.956,0,0.00040293,0
21.958,0,0.00100733,0
21.96,0,0.000906593,0
21.962,0,0.000805861,0
21.964,0,0.00120879,0
21.966,0,0.000604396,0
21.968,0,0.00040293,0
21.97,0,0.00141026,0
21.972,0,0.00141026,0
21.974,0,0.00100733,0
21.976,0,0.000906593,0
21.978,0,0.000906593,0
21.98,0,0.00141026,0
21.982,0,0.000604396,0
21.984,0,0.00100733,0
21.986,0,0.00100733,0
21.988,0,0.000503663,0
21.99,0,0.000906593,0
21.992,0,0.000604396,0
21.994,0,0.000604396,0
21.996,0,0.00100733,0
21.998,0,0.00130952,0
22,0.1,0.000705128,0
22.002,0.1,0.000503663,0
22.004,0.1,0.000906593,0
22.006,0.1,0.000604396,0
22.008,0.1,0.00100733,0
22.01,0.1,0.00110806,0
22.012,0.1,0.00151099,0
22.014,0.1,0.000705128,0
22.016,0.1,0.000100733,0
22.018,0.1,0.000302198,0
22.02,0.1,-0.000201465,0
22.022,0.1,0.000302198,0
22.024,0.1,0.000705128,0
22.026,0.1,0.000503663,0
22.028,0.1,0.00100733,0
22.03,0.1,0.000503663,0
22.032,0.1,0.000302198,0
22.034,0.1,0.00040293,0
22.036,0.1,0.000604396,0
22.038,0.1,0.000805861,0
22.04,0.1,0.000805861,0
22.042,0.1,0.000604396,0
22.044,0.1,0.000201465,0
22.046,0.1,0.00141026,0
22.048,0.1,-0.000100733,0
22.05,0.1,0.00040293,0
22.052,0.1,0.00100733,0
22.054,0.1,0.000705128,0
22.056,0.1,0.00120879,0
22.058,0.1,0.00040293,0
22.06,0.1,0.000201465,0
22.062,0.1,0.000100733,0
22.064,0.1,0.000503663,0
22.066,0.1,0.00110806,0
22.068,0.1,0,0
22.07,0.1,0.000906593,0
22.072,0.1,0.000302198,0
22.074,0.1,0.000201465,0
22.076,0.1,0.000503663,0
22.078,0.1,0.000503663,0
22.08,0.1,0.00040293,0
22.082,0.1,0.00120879,0
22.084,0.1,-0.000302198,0
22.086,0.1,0.000503663,0
22.088,0.1,0.000705128,0
22.09,0.1,0.00040293,0
22.092,0.1,0,0
22.094,0.1,0.000705128,0
22.096,0.1,0.00040293,0
22.098,0.1,0.00110806,0
22.1,0.1,0.000604396,0
22.102,0.1,0.00040293,0
22.104,0.1,0.000302198,0
22.106,0.1,0.000503663,0
22.108,0.1,0.000503663,0
22.11,0.1,0.000805861,0
22.112,0.1,0.000705128,0
22.114,0.1,0.000302198,0
22.116,0.1,0.000604396,0
22.118,0.1,0.00100733,0
22.12,0.1,0.000604396,0
22.122,0.1,0.000503663,0
22.124,0.1,0.000302198,0
22.126,0.1,0.000503663,0
22.128,0.1,0.00040293,0
22.13,0.1,0.00110806,0
22.132,0.1,0.000604396,0
22.134,0.1,0.000503663,0
22.136,0.1,0.000100733,0
22.138,0.1,-0.000201465,0
22.14,0.1,-0.000100733,0
22.142,0.1,0.000503663,0
22.144,0.1,-0.000100733,0
22.146,0.1,0.000805861,0
22.148,0.1,0.000503663,0
22.15,0.1,0.000805861,0
22.152,0.1,0.000805861,0
22.154,0.1,0.000100733,0
22.156,0.1,0.000100733,0
22.158,0.1,0.000302198,0
22.16,0.1,-0.00040293,0
22.162,0.1,0.000805861,0
22.164,0.1,0.00040293,0
22.166,0.1,0.00040293,0
22.168,0.1,0.000906593,0
22.17,0.1,0.000604396,0
22.172,0.1,0.000705128,0
22.174,0.1,0.000705128,0
22.176,0.1,0.000100733,0
22.178,0.1,0.000503663,0
22.18,0.1,0.00040293,0
22.182,0.1,0.00120879,0
22.184,0.1,0.000100733,0
22.186,0.1,0.000503663,0
22.188,0.1,0.000805861,0
22.19,0.1,0.00040293,0
22.192,0.1,0,0
22.194,0.1,0.00040293,0
22.196,0.1,0.000201465,0
22.198,0.1,0.000100733,0
22.2,0.1,0.000503663,0
22.202,0.1,0.000503663,0
22.204,0.1,0.000503663,0
22.206,0.1,0.000302198,0
22.208,0.1,0.000100733,0
22.21,0.1,0.00120879,0
22.212,0.1,0,0
22.214,0.1,0.000705128,0
22.216,0.1,0.000302198,0
22.218,0.1,0.000604396,0
22.22,0.1,0.000604396,0
22.222,0.1,0.000805861,0
22.224,0.1,0.000604396,0
22.226,0.1,0.00040293,0
22.228,0.1,0.000805861,0
22.23,0.1,0.000503663,0
22.232,0.1,0,0
22.234,0.1,0.00040293,0
22.236,0.1,0,0
22.238,0.1,0.00120879,0
22.24,0.1,0.000201465,0
22.242,0.1,0.000503663,0
22.244,0.1,0.000503663,0
22.246,0.1,0.00161172,0
22.248,0.1,0.000604396,0
22.25,0.1,0.000302198,0
22.252,0.1,0.00040293,0
22.254,0.1,0.000503663,0
22.256,0.1,0.000503663,0
22.258,0.1,0,0
22.26,0.1,0.000906593,0
22.262,0.1,0.000604396,0
22.264,0.1,0.000302198,0
22.266,0.1,0.000604396,0
22.268,0.1,0.00141026,0
22.27,0.1,0.000604396,0
22.272,0.1,0.000705128,0
22.274,0.1,0.000705128,0
22.276,0.1,0.000805861,0
22.278,0.1,0.00141026,0
22.28,0.1,0.00100733,0
22.282,0.1,0,0
22.284,0.1,0.000604396,0
22.286,0.1,0.000705128,0
22.288,0.1,0.000503663,0
22.29,0.1,0,0
22.292,0.1,0.000503663,0
22.294,0.1,0.00040293,0
22.296,0.1,0,0
22.298,0.1,-0.000100733,0
22.3,0.1,0.00040293,0
22.302,0.1,0.000503663,0
22.304,0.1,0.000201465,0
22.306,0.1,0.000604396,0
22.308,0.1,0.000805861,0
22.31,0.1,0.000302198,0
22.312,0.1,0.00110806,0
22.314,0.1,0.00100733,0
22.316,0.1,0.00040293,0
22.318,0.1,0.000503663,0
22.32,0.1,0.000100733,0
22.322,0.1,0.000705128,0
22.324,0.1,0.000604396,0
22.326,0.1,0.000604396,0
22.328,0.1,0.00040293,0
22.33,0.1,-0.000201465,0
22.332,0.1,0.000503663,0
22.334,0.1,0.000503663,0
22.336,0.1,0.000604396,0
22.338,0.1,0.000100733,0
22.34,0.1,0.000906593,0
22.342,0.1,0.00110806,0
22.344,0.1,0,0
22.346,0.1,0.000201465,0
22.348,0.1,-0.000201465,0
22.35,0.1,0.000302198,0
22.352,0.1,0.000906593,0
22.354,0.1,-0.000302198,0
22.356,0.1,0.000705128,0
22.358,0.1,0.00040293,0
22.36,0.1,0.000604396,0
22.362,0.1,0.00040293,0
22.364,0.1,0.00040293,0
22.366,0.1,0,0
22.368,0.1,0.000503663,0
22.37,0.1,0.000604396,0
22.372,0.1,0.000302198,0
22.374,0.1,0.000604396,0
22.376,0.1,0.00040293,0
22.378,0.1,0.000302198,0
22.38,0.1,0.000201465,0
22.382,0.1,0.00110806,0
22.384,0.1,0.000503663,0
22.386,0.1,0.000302198,0
22.388,0.1,0.00040293,0
22.39,0.1,0.000805861,0
22.392,0.1,0.000604396,0
22.394,0.1,0.00130952,0
22.396,0.1,0.000302198,0
22.398,0.1,0.000503663,0
22.4,0.1,0.00040293,0
22.402,0.1,0.00040293,0
22.404,0.1,0.00040293,0
22.406,0.1,-0.000201465,0
22.408,0.1,0.000201465,0
22.41,0.1,0.00120879,0
22.412,0.1,0.000805861,0
22.414,0.1,0.000100733,0
22.416,0.1,0.000100733,0
22.418,0.1,0.000503663,0
22.42,0.1,0.00120879,0
22.422,0.1,0.00100733,0
22.424,0.1,0.000100733,0
22.426,0.1,0.000705128,0
22.428,0.1,0.00040293,0
22.43,0.1,0.00141026,0
22.432,0.1,0.000503663,0
22.434,0.1,0.000705128,0
22.436,0.1,0.000705128,0
22.438,0.1,0.000100733,0
22.44,0.1,0.000302198,0
22.442,0.1,0.000805861,0
22.444,0.1,0.00110806,0
22.446,0.1,0.000604396,0
22.448,0.1,0.000503663,0
22.45,0.1,0.000906593,0
22.452,0.1,-0.000302198,0
22.454,0.1,0.000302198,0
22.456,0.1,0.000100733,0
22.458,0.1,0.000503663,0
22.46,0.1,0.000705128,0
22.462,0.1,0.00100733,0
22.464,0.1,0.000100733,0
22.466,0.1,0.000705128,0
22.468,0.1,0.000201465,0
22.47,0.1,0.000604396,0
22.472,0.1,0.000705128,0
22.474,0.1,0.00100733,0
22.476,0.1,-0.000100733,0
22.478,0.1,0.00040293,0
22.48,0.1,0.00040293,0
22.482,0.1,0.000302198,0
22.484,0.1,0.00120879,0
22.486,0.1,0.000604396,0
22.488,0.1,0.000604396,0
22.49,0.1,0.000604396,0
22.492,0.1,0.00130952,0
22.494,0.1,0.00040293,0
22.496,0.1,0.000604396,0
22.498,0.1,0.000302198,0
22.5,0.1,0.000302198,0
22.502,0.1,0.000604396,0
22.504,0.1,0.00040293,0
22.506,0.1,-0.000302198,0
22.508,0.1,0.000302198,0
22.51,0.1,0.000302198,0
22.512,0.1,0.000503663,0
22.514,0.1,0.000705128,0
22.516,0.1,0.000604396,0
22.518,0.1,0.000503663,0
22.52,0.1,0.000302198,0
22.522,0.1,0.000201465,0
22.524,0.1,0,0
22.526,0.1,-0.000100733,0
22.528,0.1,0.00040293,0
22.53,0.1,0.000100733,0
22.532,0.1,0.000805861,0
22.534,0.1,0.000604396,0
22.536,0.1,0.000201465,0
22.538,0.1,0.000604396,0
22.54,0.1,-0.000503663,0
22.542,0.1,0.000906593,0
22.544,0.1,0.000302198,0
22.546,0.1,0,0
22.548,0.1,0.00130952,0
22.55,0.1,0.000705128,0
22.552,0.1,0.000201465,0
22.554,0.1,0,0
22.556,0.1,0.00040293,0
22.558,0.1,0.000302198,0
22.56,0.1,0.000906593,0
22.562,0.1,0.000604396,0
22.564,0.1,0.000201465,0
22.566,0.1,0.000705128,0
22.568,0.1,0.00130952,0
22.57,0.1,0.000201465,0
22.572,0.1,0.000100733,0
22.574,0.1,0.000705128,0
22.576,0.1,-0.000201465,0
22.578,0.1,0.000503663,0
22.58,0.1,0.000604396,0
22.582,0.1,0.00100733,0
22.584,0.1,0.00040293,0
22.586,0.1,0.000805861,0
22.588,0.1,0.000201465,0
22.59,0.1,0.000302198,0
22.592,0.1,0.000604396,0
22.594,0.1,0.000805861,0
22.596,0.1,0.00040293,0
22.598,0.1,0.00110806,0
22.6,0.1,0.000503663,0
22.602,0.1,0.000302198,0
22.604,0.1,0.000100733,0
22.606,0.1,0.000705128,0
22.608,0.1,0.000604396,0
22.61,0.1,0.000604396,0
22.612,0.1,0.000705128,0
22.614,0.1,0.000604396,0
22.616,0.1,0.000503663,0
22.618,0.1,0.00110806,0
22.62,0.1,0.000705128,0
22.622,0.1,0,0
22.624,0.1,0.000503663,0
22.626,0.1,0,0
22.628,0.1,0.000604396,0
22.63,0.1,-0.000604396,0
22.632,0.1,-0.000201465,0
22.634,0.1,0.000302198,0
22.636,0.1,0.000604396,0
22.638,0.1,-0.000100733,0
22.64,0.1,0.000705128,0
22.642,0.1,0.000503663,0
22.644,0.1,0.000503663,0
22.646,0.1,0.00100733,0
22.648,0.1,0.000100733,0
22.65,0.1,-0.000302198,0
22.652,0.1,0.000805861,0
22.654,0.1,0.000604396,0
22.656,0.1,0.000201465,0
22.658,0.1,0.000906593,0
22.66,0.1,0.000604396,0
22.662,0.1,0.00040293,0
22.664,0.1,-0.000100733,0
22.666,0.1,0.000201465,0
22.668,0.1,0.00040293,0
22.67,0.1,0.000201465,0
22.672,0.1,0.000302198,0
22.674,0.1,0.00040293,0
22.676,0.1,0.000503663,0
22.678,0.1,0.000201465,0
22.68,0.1,0.000503663,0
22.682,0.1,0.000906593,0
22.684,0.1,0.000805861,0
22.686,0.1,0.000604396,0
22.688,0.1,0.000201465,0
22.69,0.1,-0.000302198,0
22.692,0.1,-0.000201465,0
22.694,0.1,0.00040293,0
22.696,0.1,0.000503663,0
22.698,0.1,0.000604396,0
22.7,0.1,0.000805861,0
22.702,0.1,0.000604396,0
22.704,0.1,0.000100733,0
22.706,0.1,0.000503663,0
22.708,0.1,0.000705128,0
22.71,0.1,0.000805861,0
22.712,0.1,0.000100733,0
22.714,0.1,0.000302198,0
22.716,0.1,-0.000201465,0
22.718,0.1,0.000201465,0
22.72,0.1,0.000503663,0
22.722,0.1,0.000302198,0
22.724,0.1,0,0
22.726,0.1,0.000100733,0
22.728,0.1,0.000302198,0
22.73,0.1,0.000302198,0
22.732,0.1,0.000302198,0
22.734,0.1,0.000503663,0
22.736,0.1,0.000906593,0
22.738,0.1,-0.000100733,0
22.74,0.1,0.000906593,0
22.742,0.1,0.000503663,0
22.744,0.1,0.000302198,0
22.746,0.1,0.00040293,0
22.748,0.1,0.000100733,0
22.75,0.1,0.00040293,0
22.752,0.1,-0.000201465,0
22.754,0.1,-0.000201465,0
22.756,0.1,0.00040293,0
22.758,0.1,0.00100733,0
22.76,0.1,0,0
22.762,0.1,0,0
22.764,0.1,0.000201465,0
22.766,0.1,0.000604396,0
22.768,0.1,0.00040293,0
22.77,0.1,0.00040293,0
22.772,0.1,0,0
22.774,0.1,0.00040293,0
22.776,0.1,0.000503663,0
22.778,0.1,-0.00040293,0
22.78,0.1,0.000201465,0
22.782,0.1,0.00110806,0
22.784,0.1,0.00040293,0
22.786,0.1,0.00120879,0
22.788,0.1,0.000705128,0
22.79,0.1,0.00110806,0
22.792,0.1,0.000906593,0
22.794,0.1,-0.000201465,0
22.796,0.1,0.000604396,0
22.798,0.1,0.000705128,0
22.8,0.1,-0.000100733,0
22.802,0.1,0.000705128,0
22.804,0.1,0.00040293,0
22.806,0.1,0.000503663,0
22.808,0.1,0.000201465,0
22.81,0.1,0.000201465,0
22.812,0.1,0.000201465,0
22.814,0.1,0.000604396,0
22.816,0.1,0.000201465,0
22.818,0.1,-0.000201465,0
22.82,0.1,0.000705128,0
22.822,0.1,0.000302198,0
22.824,0.1,0.000503663,0
22.826,0.1,0.000302198,0
22.828,0.1,0.000805861,0
22.83,0.1,0.000705128,0
22.832,0.1,0.00100733,0
22.834,0.1,0.00040293,0
22.836,0.1,0.000100733,0
22.838,0.1,0.00110806,0
22.84,0.1,0.000100733,0
22.842,0.1,-0.000201465,0
22.844,0.1,0.00040293,0
22.846,0.1,0.000705128,0
22.848,0.1,0.000705128,0
22.85,0.1,0.00120879,0
22.852,0.1,0.00040293,0
22.854,0.1,0.000503663,0
22.856,0.1,-0.000201465,0
22.858,0.1,0.000805861,0
22.86,0.1,0.00040293,0
22.862,0.1,-0.000100733,0
22.864,0.1,0.00100733,0
22.866,0.1,0.00040293,0
22.868,0.1,0.000503663,0
22.87,0.1,0.000705128,0
22.872,0.1,-0.000100733,0
22.874,0.1,0.000100733,0
22.876,0.1,0.000503663,0
22.878,0.1,0.000705128,0
22.88,0.1,-0.000100733,0
22.882,0.1,0.000906593,0
22.884,0.1,0.000705128,0
22.886,0.1,0.000805861,0
22.888,0.1,0.000604396,0
22.89,0.1,0.000201465,0
22.892,0.1,0.000805861,0
22.894,0.1,0.00040293,0
22.896,0.1,0.000503663,0
22.898,0.1,0.000100733,0
22.9,0.1,0.000503663,0
22.902,0.1,0.000705128,0
22.904,0.1,0.000302198,0
22.906,0.1,0,0
22.908,0.1,0.000604396,0
22.91,0.1,0.00040293,0
22.912,0.1,0.000302198,0
22.914,0.1,0.000705128,0
22.916,0.1,0.000100733,0
22.918,0.1,0.000604396,0
22.92,0.1,0.000302198,0
22.922,0.1,0.00100733,0
22.924,0.1,0.000503663,0
22.926,0.1,0.000503663,0
22.928,0.1,0.00100733,0
22.93,0.1,0.000201465,0
22.932,0.1,0.000302198,0
22.934,0.1,0.000805861,0
22.936,0.1,0.000302198,0
22.938,0.1,0.000705128,0
22.94,0.1,0.000705128,0
22.942,0.1,0.00040293,0
22.944,0.1,0.00100733,0
22.946,0.1,0.00040293,0
22.948,0.1,0,0
22.95,0.1,0.000503663,0
22.952,0.1,-0.000100733,0
22.954,0.1,0.000906593,0
22.956,0.1,0.00040293,0
22.958,0.1,0.000805861,0
22.96,0.1,0,0
22.962,0.1,0.000100733,0
22.964,0.1,0,0
22.966,0.1,0.00100733,0
22.968,0.1,0.00040293,0
22.97,0.1,0,0
22.972,0.1,0.00110806,0
22.974,0.1,0.000201465,0
22.976,0.1,0.00100733,0
22.978,0.1,0.000805861,0
22.98,0.1,0.000805861,0
22.982,0.1,0.000201465,0
22.984,0.1,0,0
22.986,0.1,0.000604396,0
22.988,0.1,0.000201465,0
22.99,0.1,0.000201465,0
22.992,0.1,0.000705128,0
22.994,0.1,0.000302198,0
22.996,0.1,0.000705128,0
22.998,0.1,0.000302198,0
23,0.2,0.000503663,0
23.002,0.2,0.00141026,0
23.004,0.2,0.000906593,0
23.006,0.2,0.00120879,0
23.008,0.2,0.000805861,0
23.01,0.2,0.00120879,0
23.012,0.2,0.000906593,0
23.014,0.2,0.00110806,0
23.016,0.2,0.00120879,0
23.018,0.2,0.00191392,0
23.02,0.2,0.00161172,0
23.022,0.2,0.000705128,0
23.024,0.2,0.00130952,0
23.026,0.2,0.00141026,0
23.028,0.2,0.000705128,0
23.03,0.2,0.00130952,0
23.032,0.2,0.000503663,0
23.034,0.2,0.000805861,0
23.036,0.2,0.00130952,0
23.038,0.2,0.00110806,0
23.04,0.2,0.00130952,0
23.042,0.2,0.00211538,0
23.044,0.2,0.000906593,0
23.046,0.2,0.000705128,0
23.048,0.2,0.000201465,0
23.05,0.2,0.00110806,0
23.052,0.2,0.00191392,0
23.054,0.2,0.00130952,0
23.056,0.2,0.00171245,0
23.058,0.2,0.000705128,0
23.06,0.2,0.00151099,0
23.062,0.2,0.00161172,0
23.064,0.2,0.00161172,0
23.066,0.2,0.00120879,0
23.068,0.2,0.00110806,0
23.07,0.2,0.00201465,0
23.072,0.2,0.00130952,0
23.074,0.2,0.000705128,0
23.076,0.2,0.00120879,0
23.078,0.2,0.00100733,0
23.08,0.2,0.000705128,0
23.082,0.2,0.00171245,0
23.084,0.2,0.00141026,0
23.086,0.2,0.00171245,0
23.088,0.2,0.00151099,0
23.09,0.2,0.00181319,0
23.092,0.2,0.00161172,0
23.094,0.2,0.00110806,0
23.096,0.2,0.00161172,0
23.098,0.2,0.000705128,0
23.1,0.2,0.00130952,0
23.102,0.2,0.00100733,0
23.104,0.2,0.00141026,0
23.106,0.2,0.00120879,0
23.108,0.2,0.00120879,0
23.11,0.2,0.00171245,0
23.112,0.2,0.00191392,0
23.114,0.2,0.00161172,0
23.116,0.2,0.00100733,0
23.118,0.2,0.000705128,0
23.12,0.2,0.00100733,0
23.122,0.2,0.00120879,0
23.124,0.2,0.00191392,0
23.126,0.2,0.00130952,0
23.128,0.2,0.000805861,0
23.13,0.2,0.00141026,0
23.132,0.2,0.00161172,0
23.134,0.2,0.00130952,0
23.136,0.2,0.00130952,0
23.138,0.2,0.00171245,0
23.14,0.2,0.000906593,0
23.142,0.2,0.00120879,0
23.144,0.2,0.00110806,0
23.146,0.2,0.000906593,0
23.148,0.2,0.00211538,0
23.15,0.2,0.00141026,0
23.152,0.2,0.000906593,0
23.154,0.2,0.00161172,0
23.156,0.2,0.00141026,0
23.158,0.2,0.00110806,0
23.16,0.2,0.00130952,0
23.162,0.2,0.00151099,0
23.164,0.2,0.00130952,0
23.166,0.2,0.000805861,0
23.168,0.2,0.00151099,0
23.17,0.2,0.00130952,0
23.172,0.2,0.00161172,0
23.174,0.2,0.00141026,0
23.176,0.2,0.000805861,0
23.178,0.2,0.00141026,0
23.18,0.2,0.00130952,0
23.182,0.2,0.00161172,0
23.184,0.2,0.00151099,0
23.186,0.2,0.00161172,0
23.188,0.2,0.00120879,0
23.19,0.2,0.00191392,0
23.192,0.2,0.00110806,0
23.194,0.2,0.00120879,0
23.196,0.2,0.000906593,0
23.198,0.2,0.00161172,0
23.2,0.2,0.00110806,0
23.202,0.2,0.00130952,0
23.204,0.2,0.00100733,0
23.206,0.2,0.00171245,0
23.208,0.2,0.00120879,0
23.21,0.2,0.000201465,0
23.212,0.2,0.00141026,0
23.214,0.2,0.00110806,0
23.216,0.2,0.00171245,0
23.218,0.2,0.00130952,0
23.22,0.2,0.000705128,0
23.222,0.2,0.00110806,0
23.224,0.2,0.00100733,0
23.226,0.2,0.000805861,0
23.228,0.2,0.00130952,0
23.23,0.2,0.00110806,0
23.232,0.2,0.00120879,0
23.234,0.2,0.00181319,0
23.236,0.2,0.00151099,0
23.238,0.2,0.000906593,0
23.24,0.2,0.00151099,0
23.242,0.2,0.00141026,0
23.244,0.2,0.00171245,0
23.246,0.2,0.00110806,0
23.248,0.2,0.00141026,0
23.25,0.2,0.00161172,0
23.252,0.2,0.00130952,0
23.254,0.2,0.00141026,0
23.256,0.2,0.00171245,0
23.258,0.2,0.00110806,0
23.26,0.2,0.00141026,0
23.262,0.2,0.00151099,0
23.264,0.2,0.00110806,0
23.266,0.2,0.000906593,0
23.268,0.2,0.00120879,0
23.27,0.2,0.00130952,0
23.272,0.2,0.00141026,0
23.274,0.2,0.00120879,0
23.276,0.2,0.00130952,0
23.278,0.2,0.00110806,0
23.28,0.2,0.00181319,0
23.282,0.2,0.00151099,0
23.284,0.2,0.00171245,0
23.286,0.2,0.00110806,0
23.288,0.2,0.00161172,0
23.29,0.2,0.00120879,0
23.292,0.2,0.00100733,0
23.294,0.2,0.000906593,0
23.296,0.2,0.00130952,0
23.298,0.2,0.00181319,0
23.3,0.2,0.00141026,0
23.302,0.2,0.00130952,0
23.304,0.2,0.00141026,0
23.306,0.2,0.00141026,0
23.308,0.2,0.00181319,0
23.31,0.2,0.00100733,0
23.312,0.2,0.00201465,0
23.314,0.2,0.00141026,0
23.316,0.2,0.00151099,0
23.318,0.2,0.000604396,0
23.32,0.2,0.00151099,0
23.322,0.2,0.00151099,0
23.324,0.2,0.000805861,0
23.326,0.2,0.00141026,0
23.328,0.2,0.00151099,0
23.33,0.2,0.00110806,0
23.332,0.2,0.00171245,0
23.334,0.2,0.00110806,0
23.336,0.2,0.00151099,0
23.338,0.2,0.00100733,0
23.34,0.2,0.00151099,0
23.342,0.2,0.00110806,0
23.344,0.2,0.00100733,0
23.346,0.2,0.00151099,0
23.348,0.2,0.00161172,0
23.35,0.2,0.00141026,0
23.352,0.2,0.000906593,0
23.354,0.2,0.00130952,0
23.356,0.2,0.00120879,0
23.358,0.2,0.00110806,0
23.36,0.2,0.00120879,0
23.362,0.2,0.00040293,0
23.364,0.2,0.00151099,0
23.366,0.2,0.00141026,0
23.368,0.2,0.00130952,0
23.37,0.2,0.00130952,0
23.372,0.2,0.00171245,0
23.374,0.2,0.00161172,0
23.376,0.2,0.00161172,0
23.378,0.2,0.00100733,0
23.38,0.2,0.00100733,0
23.382,0.2,0.00141026,0
23.384,0.2,0.00151099,0
23.386,0.2,0.00211538,0
23.388,0.2,0.00151099,0
23.39,0.2,0.00110806,0
23.392,0.2,0.00120879,0
23.394,0.2,0.00141026,0
23.396,0.2,0.00141026,0
23.398,0.2,0.000705128,0
23.4,0.2,0.00100733,0
23.402,0.2,0.00171245,0
23.404,0.2,0.00171245,0
23.406,0.2,0.00130952,0
23.408,0.2,0.00171245,0
23.41,0.2,0.00161172,0
23.412,0.2,0.00161172,0
23.414,0.2,0.00151099,0
23.416,0.2,0.000805861,0
23.418,0.2,0.000906593,0
23.42,0.2,0.00171245,0
23.422,0.2,0.00171245,0
23.424,0.2,0.000705128,0
23.426,0.2,0.00151099,0
23.428,0.2,0.00141026,0
23.43,0.2,0.00141026,0
23.432,0.2,0.00151099,0
23.434,0.2,0.000705128,0
23.436,0.2,0.00161172,0
23.438,0.2,0.00161172,0
23.44,0.2,0.00151099,0
23.442,0.2,0.000805861,0
23.444,0.2,0.00141026,0
23.446,0.2,0.00251832,0
23.448,0.2,0.00161172,0
23.45,0.2,0.00171245,0
23.452,0.2,0.00201465,0
23.454,0.2,0.000906593,0
23.456,0.2,0.00171245,0
23.458,0.2,0.000503663,0
23.46,0.2,0.000805861,0
23.462,0.2,0.00100733,0
23.464,0.2,0.00120879,0
23.466,0.2,0.00161172,0
23.468,0.2,0.00151099,0
23.47,0.2,0.000906593,0
23.472,0.2,0.00110806,0
23.474,0.2,0.00181319,0
23.476,0.2,0.00141026,0
23.478,0.2,0.00141026,0
23.48,0.2,0.00120879,0
23.482,0.2,0.000805861,0
23.484,0.2,0.000906593,0
23.486,0.2,0.00130952,0
23.488,0.2,0.00181319,0
23.49,0.2,0.00110806,0
23.492,0.2,0.00151099,0
23.494,0.2,0.00181319,0
23.496,0.2,0.00100733,0
23.498,0.2,0.00141026,0
23.5,0.2,0.00171245,0
23.502,0.2,0.00110806,0
23.504,0.2,0.00151099,0
23.506,0.2,0.00161172,0
23.508,0.2,0.00171245,0
23.51,0.2,0.00110806,0
23.512,0.2,0.000604396,0
23.514,0.2,0.00191392,0
23.516,0.2,0.00171245,0
23.518,0.2,0.00100733,0
23.52,0.2,0.000906593,0
23.522,0.2,0.00130952,0
23.524,0.2,0.00130952,0
23.526,0.2,0.00100733,0
23.528,0.2,0.00110806,0
23.53,0.2,0.00130952,0
23.532,0.2,0.00100733,0
23.534,0.2,0.00211538,0
23.536,0.2,0.000302198,0
23.538,0.2,0.00110806,0
23.54,0.2,0.00120879,0
23.542,0.2,0.00040293,0
23.544,0.2,0.00100733,0
23.546,0.2,0.00110806,0
23.548,0.2,0.00191392,0
23.55,0.2,0.00120879,0
23.552,0.2,0.00141026,0
23.554,0.2,0.00130952,0
23.556,0.2,0.000705128,0
23.558,0.2,0.00201465,0
23.56,0.2,0.00161172,0
23.562,0.2,0.00110806,0
23.564,0.2,0.00161172,0
23.566,0.2,0.00171245,0
23.568,0.2,0.00231685,0
23.57,0.2,0.000604396,0
23.572,0.2,0.00191392,0
23.574,0.2,0.00161172,0
23.576,0.2,0.000805861,0
23.578,0.2,0.00130952,0
23.58,0.2,0.00130952,0
23.582,0.2,0.000906593,0
23.584,0.2,0.000805861,0
23.586,0.2,0.000805861,0
23.588,0.2,0.00141026,0
23.59,0.2,0.00211538,0
23.592,0.2,0.00130952,0
23.594,0.2,0.00130952,0
23.596,0.2,0.000906593,0
23.598,0.2,0.00130952,0
23.6,0.2,0.000906593,0
23.602,0.2,0.000705128,0
23.604,0.2,0.00110806,0
23.606,0.2,0.00100733,0
23.608,0.2,0.00120879,0
23.61,0.2,0.00151099,0
23.612,0.2,0.00130952,0
23.614,0.2,0.00100733,0
23.616,0.2,0.000805861,0
23.618,0.2,0.000906593,0
23.62,0.2,0.00120879,0
23.622,0.2,0.00120879,0
23.624,0.2,0.00161172,0
23.626,0.2,0.00141026,0
23.628,0.2,0.00110806,0
23.63,0.2,0.00100733,0
23.632,0.2,0.00100733,0
23.634,0.2,0.000906593,0
23.636,0.2,0.000604396,0
23.638,0.2,0.000805861,0
23.64,0.2,0.00130952,0
23.642,0.2,0.00100733,0
23.644,0.2,0.000705128,0
23.646,0.2,0.00161172,0
23.648,0.2,0.00151099,0
23.65,0.2,0.000805861,0
23.652,0.2,0.00141026,0
23.654,0.2,0.00141026,0
23.656,0.2,0.00151099,0
23.658,0.2,0.00161172,0
23.66,0.2,0.00120879,0
23.662,0.2,0.00120879,0
23.664,0.2,0.00120879,0
23.666,0.2,0.00110806,0
23.668,0.2,0.00130952,0
23.67,0.2,0.00151099,0
23.672,0.2,0.00171245,0
23.674,0.2,0.000705128,0
23.676,0.2,0.00040293,0
23.678,0.2,0.00120879,0
23.68,0.2,0.00181319,0
23.682,0.2,0.000906593,0
23.684,0.2,0.00151099,0
23.686,0.2,0.000906593,0
23.688,0.2,0.000906593,0
23.69,0.2,0.00110806,0
23.692,0.2,0.00120879,0
23.694,0.2,0.000906593,0
23.696,0.2,0.00130952,0
23.698,0.2,0.00151099,0
23.7,0.2,0.000705128,0
23.702,0.2,0.00141026,0
23.704,0.2,0.000805861,0
23.706,0.2,0.00100733,0
23.708,0.2,0.00100733,0
23.71,0.2,0.00141026,0
23.712,0.2,0.00110806,0
23.714,0.2,0.00120879,0
23.716,0.2,0.000705128,0
23.718,0.2,0.000503663,0
23.72,0.2,0.00161172,0
23.722,0.2,0.000906593,0
23.724,0.2,0.000906593,0
23.726,0.2,0.00151099,0
23.728,0.2,0.00181319,0
23.73,0.2,0.00151099,0
23.732,0.2,0.00151099,0
23.734,0.2,0.00120879,0
23.736,0.2,0.00130952,0
23.738,0.2,0.000805861,0
23.74,0.2,0.00110806,0
23.742,0.2,0.00100733,0
23.744,0.2,0.00110806,0
23.746,0.2,0.00141026,0
23.748,0.2,0.00141026,0
23.75,0.2,0.00161172,0
23.752,0.2,0.00130952,0
23.754,0.2,0.00120879,0
23.756,0.2,0.00110806,0
23.758,0.2,0.00141026,0
23.76,0.2,0.000906593,0
23.762,0.2,0.00231685,0
23.764,0.2,0.00181319,0
23.766,0.2,0.000805861,0
23.768,0.2,0.00110806,0
23.77,0.2,0.00141026,0
23.772,0.2,0.00040293,0
23.774,0.2,0.000705128,0
23.776,0.2,0.00161172,0
23.778,0.2,0.00161172,0
23.78,0.2,0.00181319,0
23.782,0.2,0.000201465,0
23.784,0.2,0.00171245,0
23.786,0.2,0.00120879,0
23.788,0.2,0.00110806,0
23.79,0.2,0.00191392,0
23.792,0.2,0.00130952,0
23.794,0.2,0.00130952,0
23.796,0.2,0.00120879,0
23.798,0.2,0.00141026,0
23.8,0.2,0.00181319,0
23.802,0.2,0.00100733,0
23.804,0.2,0.00130952,0
23.806,0.2,0.00151099,0
23.808,0.2,0.000302198,0
23.81,0.2,0.00130952,0
23.812,0.2,0.00201465,0
23.814,0.2,0.00161172,0
23.816,0.2,0.00100733,0
23.818,0.2,0.00141026,0
23.82,0.2,0.00151099,0
23.822,0.2,0.00201465,0
23.824,0.2,0.000302198,0
23.826,0.2,0.00120879,0
23.828,0.2,0.00141026,0
23.83,0.2,0.00201465,0
23.832,0.2,0.00151099,0
23.834,0.2,0.00120879,0
23.836,0.2,0.00120879,0
23.838,0.2,0.000805861,0
23.84,0.2,0.00201465,0
23.842,0.2,0.00130952,0
23.844,0.2,0.000705128,0
23.846,0.2,0.00110806,0
23.848,0.2,0.00151099,0
23.85,0.2,0.00130952,0
23.852,0.2,0.00100733,0
23.854,0.2,0.000805861,0
23.856,0.2,0.00151099,0
23.858,0.2,0.00151099,0
23.86,0.2,0.00120879,0
23.862,0.2,0.00110806,0
23.864,0.2,0.00161172,0
23.866,0.2,0.00151099,0
23.868,0.2,0.00130952,0
23.87,0.2,0.00120879,0
23.872,0.2,0.00110806,0
23.874,0.2,0.00130952,0
23.876,0.2,0.000805861,0
23.878,0.2,0.00171245,0
23.88,0.2,0.00110806,0
23.882,0.2,0.000906593,0
23.884,0.2,0.00141026,0
23.886,0.2,0.000705128,0
23.888,0.2,0.00130952,0
23.89,0.2,0.00161172,0
23.892,0.2,0.00130952,0
23.894,0.2,0.00161172,0
23.896,0.2,0.000805861,0
23.898,0.2,0.00151099,0
23.9,0.2,0.00141026,0
23.902,0.2,0.00141026,0
23.904,0.2,0.00120879,0
23.906,0.2,0.000805861,0
23.908,0.2,0.00151099,0
23.91,0.2,0.00120879,0
23.912,0.2,0.00181319,0
23.914,0.2,0.000906593,0
23.916,0.2,0.00100733,0
23.918,0.2,0.00151099,0
23.92,0.2,0.00161172,0
23.922,0.2,0.00110806,0
23.924,0.2,0.00120879,0
23.926,0.2,0.000906593,0
23.928,0.2,0.000906593,0
23.93,0.2,0.00100733,0
23.932,0.2,0.00130952,0
23.934,0.2,0.00141026,0
23.936,0.2,0.00151099,0
23.938,0.2,0.000906593,0
23.94,0.2,0.000604396,0
23.942,0.2,0.00120879,0
23.944,0.2,0.00151099,0
23.946,0.2,0.000604396,0
23.948,0.2,0.00110806,0
23.95,0.2,0.00120879,0
23.952,0.2,0.00110806,0
23.954,0.2,0.00120879,0
23.956,0.2,0.00130952,0
23.958,0.2,0.00120879,0
23.96,0.2,0.00141026,0
23.962,0.2,0.00151099,0
23.964,0.2,0.00151099,0
23.966,0.2,0.00151099,0
23.968,0.2,0.00130952,0
23.97,0.2,0.00110806,0
23.972,0.2,0.00110806,0
23.974,0.2,0.00171245,0
23.976,0.2,0.00151099,0
23.978,0.2,0.00130952,0
23.98,0.2,0.00120879,0
23.982,0.2,0.00130952,0
23.984,0.2,0.000705128,0
23.986,0.2,0.00141026,0
23.988,0.2,0.00110806,0
23.99,0.2,0.00130952,0
23.992,0.2,0.000705128,0
23.994,0.2,0.000705128,0
23.996,0.2,0.00161172,0
23.998,0.2,0.00171245,0
24,0.3,0.00120879,0
24.002,0.3,0.0171245,0
24.004,0.3,0.0151099,0
24.006,0.3,0.0128938,0.360127
24.008,0.3,0.0115842,0.360127
24.01,0.3,0.00916667,0.360127
24.012,0.3,0.00826007,0
24.014,0.3,0.00785714,0
24.016,0.3,0.00705128,2.53475
24.018,0.3,0.00634615,2.53475
24.02,0.3,0.00533883,3.034
24.022,0.3,0.0052381,3.034
24.024,0.3,0.0040293,3.34149
24.026,0.3,0.0049359,3.34149
24.028,0.3,0.00392857,3.56918
24.03,0.3,0.0046337,3.73906
24.032,0.3,0.0040293,3.73906
24.034,0.3,0.00322344,3.86413
24.036,0.3,0.00372711,3.96912
24.038,0.3,0.00362637,3.96912
24.04,0.3,0.00362637,4.06553
24.042,0.3,0.00352564,4.13547
24.044,0.3,0.00292125,4.13547
24.046,0.3,0.00302198,4.18719
24.048,0.3,0.00312271,4.2522
24.05,0.3,0.00292125,4.2522
24.052,0.3,0.00292125,4.31871
24.054,0.3,0.00342491,4.36932
24.056,0.3,0.00282051,4.33424
24.058,0.3,0.00342491,4.34455
24.06,0.3,0.00271978,4.27665
24.062,0.3,0.00342491,4.2353
24.064,0.3,0.00352564,4.2353
24.066,0.3,0.00362637,4.20209
24.068,0.3,0.00352564,4.16679
24.07,0.3,0.00342491,4.16679
24.072,0.3,0.00332418,4.14665
24.074,0.3,0.00382784,4.13968
24.076,0.3,0.00332418,4.13968
24.078,0.3,0.00372711,4.11736
24.08,0.3,0.00382784,4.10112
24.082,0.3,0.00392857,4.10112
24.084,0.3,0.0040293,4.09469
24.086,0.3,0.00322344,4.08937
24.088,0.3,0.00413004,4.08937
24.09,0.3,0.00342491,4.08632
24.092,0.3,0.00322344,4.06802
24.094,0.3,0.00392857,4.06802
24.096,0.3,0.00352564,4.0566
24.098,0.3,0.00362637,4.05374
24.1,0.3,0.00282051,4.05374
24.102,0.3,0.00413004,4.05175
24.104,0.3,0.00352564,4.05052
24.106,0.3,0.00352564,4.05052
24.108,0.3,0.00332418,4.06184
24.11,0.3,0.00362637,4.08236
24.112,0.3,0.00352564,4.08236
24.114,0.3,0.00312271,4.0946
24.116,0.3,0.00382784,4.11425
24.118,0.3,0.00342491,4.11425
24.12,0.3,0.00382784,4.13337
24.122,0.3,0.00302198,4.14479
24.124,0.3,0.00392857,4.14479
24.126,0.3,0.00352564,4.15844
24.128,0.3,0.00453297,4.08281
24.13,0.3,0.0040293,4.08281
24.132,0.3,0.00392857,3.98117
24.134,0.3,0.0046337,3.92441
24.136,0.3,0.00453297,3.92441
24.138,0.3,0.00372711,3.88977
24.14,0.3,0.0049359,3.88977
24.142,0.3,0.00443223,3.85478
24.144,0.3,0.0046337,3.8462
24.146,0.3,0.00392857,3.8462
24.148,0.3,0.00533883,3.83316
24.15,0.3,0.0043315,3.83677
24.152,0.3,0.00423077,3.83677
24.154,0.3,0.00473443,3.84134
24.156,0.3,0.00413004,3.84134
24.158,0.3,0.0046337,3.8357
24.16,0.3,0.0043315,3.82511
24.162,0.3,0.00473443,3.82511
24.164,0.3,0.0046337,3.83637
24.166,0.3,0.00413004,3.83658
24.168,0.3,0.00443223,3.83658
24.17,0.3,0.0046337,3.85083
24.172,0.3,0.00473443,3.85083
24.174,0.3,0.00382784,3.87717
24.176,0.3,0.0040293,3.89064
24.178,0.3,0.0046337,3.89064
24.18,0.3,0.00513736,3.89533
24.182,0.3,0.00362637,3.91783
24.184,0.3,0.00423077,3.91783
24.186,0.3,0.0043315,3.94153
24.188,0.3,0.00352564,3.97078
24.19,0.3,0.0040293,3.97078
24.192,0.3,0.00413004,4.02985
24.194,0.3,0.00392857,4.05824
24.196,0.3,0.00382784,4.05824
24.198,0.3,0.00362637,4.05463
24.2,0.3,0.00503663,4.00004
24.202,0.3,0.00473443,4.00004
24.204,0.3,0.00392857,3.93693
24.206,0.3,0.00453297,3.93693
24.208,0.3,0.00443223,3.90005
24.21,0.3,0.00453297,3.89959
24.212,0.3,0.00413004,3.89959
24.214,0.3,0.00443223,3.89322
24.216,0.3,0.00443223,3.85678
24.218,0.3,0.00513736,3.85678
24.22,0.3,0.00443223,3.82945
24.222,0.3,0.00413004,3.82945
24.224,0.3,0.0049359,3.82773
24.226,0.3,0.00423077,3.81604
24.228,0.3,0.0049359,3.81604
24.23,0.3,0.0040293,3.79462
24.232,0.3,0.00443223,3.8074
24.234,0.3,0.00423077,3.8074
24.236,0.3,0.00483516,3.81192
24.238,0.3,0.00453297,3.81192
24.24,0.3,0.0040293,3.82236
24.242,0.3,0.0046337,3.85473
24.244,0.3,0.0043315,3.85473
24.246,0.3,0.00453297,3.85464
24.248,0.3,0.00423077,3.86238
24.25,0.3,0.00382784,3.86238
24.252,0.3,0.00423077,3.89548
24.254,0.3,0.00453297,3.89548
24.256,0.3,0.00423077,3.90536
24.258,0.3,0.00413004,3.92089
24.26,0.3,0.00483516,3.92089
24.262,0.3,0.00443223,3.97517
24.264,0.3,0.00392857,3.96976
24.266,0.3,0.00352564,3.96976
24.268,0.3,0.00362637,4.01887
24.27,0.3,0.00372711,4.0874
24.272,0.3,0.0040293,4.0874
24.274,0.3,0.00483516,4.06386
24.276,0.3,0.00392857,3.96751
24.278,0.3,0.0046337,3.96751
24.28,0.3,0.00473443,3.91816
24.282,0.3,0.00423077,3.86745
24.284,0.3,0.00473443,3.86745
24.286,0.3,0.00413004,3.86155
24.288,0.3,0.00423077,3.86155
24.29,0.3,0.0043315,3.82983
24.292,0.3,0.00372711,3.79812
24.294,0.3,0.00413004,3.79812
24.296,0.3,0.00423077,3.83394
24.298,0.3,0.00453297,3.82224
24.3,0.3,0.00483516,3.82224
24.302,0.3,0.00554029,3.80028
24.304,0.3,0.0040293,3.80028
24.306,0.3,0.00382784,3.81859
24.308,0.3,0.00473443,3.82607
24.31,0.3,0.00453297,3.82607
24.312,0.3,0.0043315,3.8412
24.314,0.3,0.00533883,3.85343
24.316,0.3,0.00473443,3.85343
24.318,0.3,0.00453297,3.86363
24.32,0.3,0.0043315,3.86363
24.322,0.3,0.00453297,3.8718
24.324,0.3,0.00443223,3.86863
24.326,0.3,0.00372711,3.86863
24.328,0.3,0.00413004,3.86899
24.33,0.3,0.00453297,3.87884
24.332,0.3,0.00453297,3.87884
24.334,0.3,0.00382784,3.88324
24.336,0.3,0.00423077,3.88324
24.338,0.3,0.00413004,3.9026
24.34,0.3,0.0049359,3.92056
24.342,0.3,0.00372711,3.92056
24.344,0.3,0.0040293,3.94951
24.346,0.3,0.00483516,3.91924
24.348,0.3,0.00443223,3.91924
24.35,0.3,0.0049359,3.81962
24.352,0.3,0.00483516,3.76166
24.354,0.3,0.00503663,3.74047
24.356,0.3,0.0052381,3.69269
24.358,0.3,0.00574176,3.69269
24.36,0.3,0.00503663,3.67083
24.362,0.3,0.00473443,3.67083
24.364,0.3,0.0049359,3.65329
24.366,0.3,0.0043315,3.63854
24.368,0.3,0.00533883,3.63854
24.37,0.3,0.00503663,3.62462
24.372,0.3,0.00513736,3.62462
24.374,0.3,0.00503663,3.62533
24.376,0.3,0.00533883,3.63286
24.378,0.3,0.00543956,3.63286
24.38,0.3,0.00483516,3.62941
24.382,0.3,0.00543956,3.62941
24.384,0.3,0.00574176,3.63847
24.386,0.3,0.0043315,3.65101
24.388,0.3,0.00543956,3.65101
24.39,0.3,0.00533883,3.64055
24.392,0.3,0.0049359,3.64055
24.394,0.3,0.0052381,3.64163
24.396,0.3,0.0052381,3.65027
24.398,0.3,0.00473443,3.65027
24.4,0.3,0.00382784,3.66011
24.402,0.3,0.00543956,3.66011
24.404,0.3,0.00513736,3.66049
24.406,0.3,0.00513736,3.67396
24.408,0.3,0.00513736,3.67396
24.41,0.3,0.00503663,3.69439
24.412,0.3,0.00473443,3.69439
24.414,0.3,0.00453297,3.71302
24.416,0.3,0.0040293,3.74749
24.418,0.3,0.0046337,3.74749
24.42,0.3,0.00543956,3.77678
24.422,0.3,0.0049359,3.77678
24.424,0.3,0.00503663,3.72812
24.426,0.3,0.00554029,3.6473
24.428,0.3,0.00564103,3.6473
24.43,0.3,0.00503663,3.56265
24.432,0.3,0.00554029,3.56265
24.434,0.3,0.00584249,3.53735
24.436,0.3,0.00574176,3.53735
24.438,0.3,0.00584249,3.50411
24.44,0.3,0.00554029,3.48098
24.442,0.3,0.00584249,3.48098
24.444,0.3,0.00513736,3.47071
24.446,0.3,0.00554029,3.47071
24.448,0.3,0.00554029,3.45751
24.45,0.3,0.00564103,3.45751
24.452,0.3,0.00543956,3.46192
24.454,0.3,0.00543956,3.46646
24.456,0.3,0.00574176,3.46646
24.458,0.3,0.0049359,3.47695
24.46,0.3,0.00564103,3.47695
24.462,0.3,0.00574176,3.47262
24.464,0.3,0.0052381,3.47262
24.466,0.3,0.00483516,3.47605
24.468,0.3,0.00604396,3.48346
24.47,0.3,0.00564103,3.48346
24.472,0.3,0.00503663,3.48494
24.474,0.3,0.00574176,3.48494
24.476,0.3,0.00634615,3.49291
24.478,0.3,0.00554029,3.49291
24.48,0.3,0.00554029,3.49976
24.482,0.3,0.00574176,3.49976
24.484,0.3,0.00503663,3.49998
24.486,0.3,0.0052381,3.50933
24.488,0.3,0.00513736,3.50933
24.49,0.3,0.0052381,3.51306
24.492,0.3,0.00543956,3.51306
24.494,0.3,0.0052381,3.51906
24.496,0.3,0.0049359,3.54038
24.498,0.3,0.00503663,3.54038
24.5,0.3,0.00574176,3.58115
24.502,0.3,0.00554029,3.58115
24.504,0.3,0.0052381,3.60423
24.506,0.3,0.00503663,3.60423
24.508,0.3,0.00584249,3.55597
24.51,0.3,0.00533883,3.45103
24.512,0.3,0.00574176,3.45103
24.514,0.3,0.00554029,3.39335
24.516,0.3,0.00554029,3.39335
24.518,0.3,0.00574176,3.36357
24.52,0.3,0.00604396,3.36357
24.522,0.3,0.00574176,3.3254
24.524,0.3,0.00604396,3.3254
24.526,0.3,0.00554029,3.31921
24.528,0.3,0.00574176,3.31921
24.53,0.3,0.00554029,3.32239
24.532,0.3,0.00584249,3.32364
24.534,0.3,0.00604396,3.32364
24.536,0.3,0.00584249,3.32777
24.538,0.3,0.00624542,3.32777
24.54,0.3,0.0049359,3.34179
24.542,0.3,0.00584249,3.34179
24.544,0.3,0.00513736,3.35003
24.546,0.3,0.00564103,3.35003
24.548,0.3,0.00543956,3.36073
24.55,0.3,0.00564103,3.36073
24.552,0.3,0.00554029,3.37936
24.554,0.3,0.00634615,3.38312
24.556,0.3,0.00634615,3.38312
24.558,0.3,0.00503663,3.39372
24.56,0.3,0.00543956,3.39372
24.562,0.3,0.00503663,3.41392
24.564,0.3,0.00574176,3.41392
24.566,0.3,0.00574176,3.43092
24.568,0.3,0.0046337,3.43092
24.57,0.3,0.00614469,3.45743
24.572,0.3,0.00543956,3.49534
24.574,0.3,0.00533883,3.49534
24.576,0.3,0.00533883,3.52407
24.578,0.3,0.00503663,3.52407
24.58,0.3,0.00533883,3.55593
24.582,0.3,0.00574176,3.60695
24.584,0.3,0.00503663,3.60695
24.586,0.3,0.00503663,3.65055
24.588,0.3,0.00483516,3.65055
24.59,0.3,0.00543956,3.5942
24.592,0.3,0.00564103,3.5942
24.594,0.3,0.00554029,3.53928
24.596,0.3,0.00543956,3.48543
24.598,0.3,0.00584249,3.48543
24.6,0.3,0.00564103,3.46439
24.602,0.3,0.00533883,3.46439
24.604,0.3,0.00604396,3.44337
24.606,0.3,0.00513736,3.44337
24.608,0.3,0.00564103,3.42862
24.61,0.3,0.00554029,3.42862
24.612,0.3,0.00533883,3.43993
24.614,0.3,0.00513736,3.43295
24.616,0.3,0.00543956,3.43295
24.618,0.3,0.00513736,3.44652
24.62,0.3,0.00554029,3.44652
24.622,0.3,0.00554029,3.46619
24.624,0.3,0.0052381,3.46619
24.626,0.3,0.00533883,3.46985
24.628,0.3,0.00584249,3.47806
24.63,0.3,0.00564103,3.47806
24.632,0.3,0.00543956,3.48694
24.634,0.3,0.00503663,3.48694
24.636,0.3,0.0052381,3.51194
24.638,0.3,0.00503663,3.51194
24.64,0.3,0.00473443,3.53013
24.642,0.3,0.00533883,3.54851
24.644,0.3,0.00513736,3.54851
24.646,0.3,0.00564103,3.56636
24.648,0.3,0.00483516,3.56636
24.65,0.3,0.00564103,3.59128
24.652,0.3,0.00513736,3.60608
24.654,0.3,0.00483516,3.60608
24.656,0.3,0.00513736,3.62971
24.658,0.3,0.0052381,3.62971
24.66,0.3,0.00473443,3.6577
24.662,0.3,0.0049359,3.68616
24.664,0.3,0.00443223,3.68616
24.666,0.3,0.00392857,3.73285
24.668,0.3,0.0049359,3.73285
24.67,0.3,0.00503663,3.78504
24.672,0.3,0.00473443,3.77241
24.674,0.3,0.00554029,3.77241
24.676,0.3,0.0049359,3.66874
24.678,0.3,0.00554029,3.66874
24.68,0.3,0.00533883,3.60711
24.682,0.3,0.00604396,3.57946
24.684,0.3,0.00543956,3.57946
24.686,0.3,0.00564103,3.55938
24.688,0.3,0.00533883,3.55938
24.69,0.3,0.00574176,3.54967
24.692,0.3,0.00533883,3.54967
24.694,0.3,0.00533883,3.55608
24.696,0.3,0.00574176,3.55916
24.698,0.3,0.00513736,3.55916
24.7,0.3,0.0049359,3.58211
24.702,0.3,0.00564103,3.58211
24.704,0.3,0.00604396,3.60978
24.706,0.3,0.0052381,3.62148
24.708,0.3,0.00483516,3.62148
24.71,0.3,0.00554029,3.64037
24.712,0.3,0.00533883,3.65958
24.714,0.3,0.00513736,3.65958
24.716,0.3,0.00543956,3.66596
24.718,0.3,0.00554029,3.66596
24.72,0.3,0.00483516,3.68369
24.722,0.3,0.00483516,3.68856
24.724,0.3,0.00453297,3.68856
24.726,0.3,0.00533883,3.70667
24.728,0.3,0.00453297,3.70667
24.73,0.3,0.0043315,3.72655
24.732,0.3,0.0049359,3.76073
24.734,0.3,0.00503663,3.76073
24.736,0.3,0.00413004,3.77668
24.738,0.3,0.00473443,3.80575
24.74,0.3,0.00473443,3.80575
24.742,0.3,0.00443223,3.82797
24.744,0.3,0.00513736,3.82797
24.746,0.3,0.00473443,3.74726
24.748,0.3,0.00503663,3.66795
24.75,0.3,0.0049359,3.66795
24.752,0.3,0.0052381,3.62125
24.754,0.3,0.00574176,3.62125
24.756,0.3,0.00513736,3.60515
24.758,0.3,0.00513736,3.60515
24.76,0.3,0.00564103,3.59211
24.762,0.3,0.00483516,3.57055
24.764,0.3,0.00554029,3.57055
24.766,0.3,0.00574176,3.57308
24.768,0.3,0.00543956,3.57308
24.77,0.3,0.0049359,3.58469
24.772,0.3,0.00533883,3.58026
24.774,0.3,0.00483516,3.58026
24.776,0.3,0.00453297,3.5799
24.778,0.3,0.00533883,3.5799
24.78,0.3,0.00533883,3.59435
24.782,0.3,0.00574176,3.59173
24.784,0.3,0.00503663,3.59173
24.786,0.3,0.00513736,3.60502
24.788,0.3,0.00564103,3.60502
24.79,0.3,0.00483516,3.61477
24.792,0.3,0.00503663,3.61477
24.794,0.3,0.00503663,3.62151
24.796,0.3,0.00503663,3.63278
24.798,0.3,0.00543956,3.63278
24.8,0.3,0.0049359,3.64273
24.802,0.3,0.00533883,3.64273
24.804,0.3,0.00533883,3.64986
24.806,0.3,0.00483516,3.64273
24.808,0.3,0.00503663,3.64273
24.81,0.3,0.00473443,3.64658
24.812,0.3,0.0049359,3.64658
24.814,0.3,0.00483516,3.65575
24.816,0.3,0.00513736,3.66348
24.818,0.3,0.0046337,3.66348
24.82,0.3,0.0046337,3.67994
24.822,0.3,0.00513736,3.67994
24.824,0.3,0.00483516,3.70783
24.826,0.3,0.0049359,3.76043
24.828,0.3,0.00584249,3.76043
24.83,0.3,0.00554029,3.6891
24.832,0.3,0.00554029,3.6891
24.834,0.3,0.00483516,3.60722
24.836,0.3,0.00543956,3.56351
24.838,0.3,0.00574176,3.56351
24.84,0.3,0.00513736,3.54439
24.842,0.3,0.00594322,3.54439
24.844,0.3,0.00574176,3.51291
24.846,0.3,0.00614469,3.51291
24.848,0.3,0.00533883,3.49869
24.85,0.3,0.00554029,3.50963
24.852,0.3,0.00564103,3.50963
24.854,0.3,0.00513736,3.50295
24.856,0.3,0.00574176,3.50295
24.858,0.3,0.00554029,3.49859
24.86,0.3,0.00554029,3.49859
24.862,0.3,0.00604396,3.51362
24.864,0.3,0.00574176,3.5243
24.866,0.3,0.00564103,3.5243
24.868,0.3,0.00584249,3.52827
24.87,0.3,0.00533883,3.52827
24.872,0.3,0.0052381,3.5478
24.874,0.3,0.00564103,3.5478
24.876,0.3,0.00513736,3.55514
24.878,0.3,0.00533883,3.54325
24.88,0.3,0.00513736,3.54325
24.882,0.3,0.0049359,3.56426
24.884,0.3,0.00543956,3.56426
24.886,0.3,0.00543956,3.57781
24.888,0.3,0.00503663,3.57424
24.89,0.3,0.00533883,3.57424
24.892,0.3,0.00543956,3.59635
24.894,0.3,0.00513736,3.59635
24.896,0.3,0.0049359,3.63429
24.898,0.3,0.00554029,3.63429
24.9,0.3,0.00533883,3.66214
24.902,0.3,0.00453297,3.68738
24.904,0.3,0.00554029,3.68738
24.906,0.3,0.00543956,3.5988
24.908,0.3,0.00564103,3.5988
24.91,0.3,0.00574176,3.51034
24.912,0.3,0.00554029,3.46321
24.914,0.3,0.00624542,3.46321
24.916,0.3,0.00594322,3.42877
24.918,0.3,0.00564103,3.42877
24.92,0.3,0.00584249,3.41161
24.922,0.3,0.00574176,3.41161
24.924,0.3,0.00554029,3.36589
24.926,0.3,0.00574176,3.36589
24.928,0.3,0.00543956,3.34183
24.93,0.3,0.00584249,3.34183
24.932,0.3,0.00594322,3.35176
24.934,0.3,0.00554029,3.35818
24.936,0.3,0.00654762,3.35818
24.938,0.3,0.00554029,3.3632
24.94,0.3,0.00564103,3.3632
24.942,0.3,0.00554029,3.38296
24.944,0.3,0.00594322,3.38296
24.946,0.3,0.00594322,3.38404
24.948,0.3,0.00564103,3.38404
24.95,0.3,0.00543956,3.40189
24.952,0.3,0.00503663,3.42231
24.954,0.3,0.00543956,3.42231
24.956,0.3,0.00564103,3.43198
24.958,0.3,0.00574176,3.43198
24.96,0.3,0.00543956,3.44288
24.962,0.3,0.0052381,3.44288
24.964,0.3,0.00513736,3.44642
24.966,0.3,0.00533883,3.44642
24.968,0.3,0.00533883,3.44605
24.97,0.3,0.00554029,3.45684
24.972,0.3,0.0052381,3.45684
24.974,0.3,0.00533883,3.47149
24.976,0.3,0.00513736,3.47149
24.978,0.3,0.00554029,3.49305
24.98,0.3,0.00554029,3.49305
24.982,0.3,0.00513736,3.52017
24.984,0.3,0.00483516,3.54363
24.986,0.3,0.00564103,3.54363
24.988,0.3,0.00574176,3.58375
24.99,0.3,0.00584249,3.58375
24.992,0.3,0.00513736,3.56297
24.994,0.3,0.00584249,3.49049
24.996,0.3,0.00574176,3.47023
24.998,0.3,0.00574176,3.43218
25,0.4,0.00543956,3.43218
25.002,0.4,0.014707,3.40476
25.004,0.4,0.0132967,3.40476
25.006,0.4,0.0114835,3.5928
25.008,0.4,0.00977106,4.11502
25.01,0.4,0.0095696,4.46461
25.012,0.4,0.0092674,4.46461
25.014,0.4,0.00916667,4.71901
25.016,0.4,0.00815934,4.90122
25.018,0.4,0.00705128,5.05193
25.02,0.4,0.00785714,5.18553
25.022,0.4,0.00684982,5.28687
25.024,0.4,0.00836081,5.28687
25.026,0.4,0.00695055,5.36458
25.028,0.4,0.00664835,5.46154
25.03,0.4,0.00674908,5.51971
25.032,0.4,0.00644689,5.58142
25.034,0.4,0.00634615,5.659
25.036,0.4,0.00614469,5.70953
25.038,0.4,0.00654762,5.78209
25.04,0.4,0.00564103,5.84656
25.042,0.4,0.00564103,5.91953
25.044,0.4,0.00604396,5.98558
25.046,0.4,0.00574176,5.98541
25.048,0.4,0.00554029,5.96014
25.05,0.4,0.00554029,5.94342
25.052,0.4,0.00533883,5.93492
25.054,0.4,0.00543956,5.93839
25.056,0.4,0.00594322,5.94658
25.058,0.4,0.00654762,5.95067
25.06,0.4,0.00614469,5.94067
25.062,0.4,0.0052381,5.94067
25.064,0.4,0.00554029,5.95612
25.066,0.4,0.00533883,5.96062
25.068,0.4,0.00543956,5.96577
25.07,0.4,0.00473443,5.97469
25.072,0.4,0.00554029,5.99362
25.074,0.4,0.00584249,6.01885
25.076,0.4,0.0052381,6.02694
25.078,0.4,0.0052381,6.05801
25.08,0.4,0.00453297,6.06341
25.082,0.4,0.00624542,6.06895
25.084,0.4,0.00554029,6.10219
25.086,0.4,0.00543956,6.11871
25.088,0.4,0.00503663,6.12601
25.09,0.4,0.0049359,6.16061
25.092,0.4,0.0046337,6.1949
25.094,0.4,0.00543956,6.20622
25.096,0.4,0.00513736,6.25344
25.098,0.4,0.00554029,6.26301
25.1,0.4,0.00483516,6.21994
25.102,0.4,0.00513736,6.20936
25.104,0.4,0.00473443,6.20578
25.106,0.4,0.00503663,6.18883
25.108,0.4,0.0052381,6.20883
25.11,0.4,0.00513736,6.19929
25.112,0.4,0.00513736,6.20125
25.114,0.4,0.0043315,6.21967
25.116,0.4,0.0049359,6.21329
25.118,0.4,0.0052381,6.21364
25.12,0.4,0.00483516,6.22963
25.122,0.4,0.00554029,6.22094
25.124,0.4,0.00533883,6.22778
25.126,0.4,0.00473443,6.23187
25.128,0.4,0.00473443,6.24919
25.13,0.4,0.00503663,6.26941
25.132,0.4,0.00533883,6.27841
25.134,0.4,0.00443223,6.29455
25.136,0.4,0.0043315,6.3285
25.138,0.4,0.00483516,6.35271
25.14,0.4,0.00503663,6.33249
25.142,0.4,0.0043315,6.2839
25.144,0.4,0.00483516,6.22686
25.146,0.4,0.0052381,6.18744
25.148,0.4,0.00483516,6.15632
25.15,0.4,0.00413004,6.12261
25.152,0.4,0.00533883,6.10531
25.154,0.4,0.00574176,6.08924
25.156,0.4,0.0049359,6.0876
25.158,0.4,0.00503663,6.07605
25.16,0.4,0.00574176,6.066
25.162,0.4,0.00614469,6.07409
25.164,0.4,0.00483516,6.05403
25.166,0.4,0.0052381,6.05951
25.168,0.4,0.00584249,6.08111
25.17,0.4,0.00533883,6.07475
25.172,0.4,0.00554029,6.06454
25.174,0.4,0.00533883,6.08639
25.176,0.4,0.00574176,6.09247
25.178,0.4,0.0052381,6.08693
25.18,0.4,0.00503663,6.10776
25.182,0.4,0.00543956,6.13196
25.184,0.4,0.00483516,6.13831
25.186,0.4,0.00513736,6.16529
25.188,0.4,0.00513736,6.13968
25.19,0.4,0.00594322,6.10966
25.192,0.4,0.00513736,6.07229
25.194,0.4,0.00533883,6.0534
25.196,0.4,0.0052381,6.03492
25.198,0.4,0.00554029,6.03237
25.2,0.4,0.0052381,6.0239
25.202,0.4,0.00584249,6.01086
25.204,0.4,0.00513736,6.00347
25.206,0.4,0.00574176,6.00347
25.208,0.4,0.00564103,6.01557
25.21,0.4,0.00584249,5.99467
25.212,0.4,0.00624542,5.98976
25.214,0.4,0.00554029,6.00755
25.216,0.4,0.00594322,5.99341
25.218,0.4,0.00564103,5.99435
25.22,0.4,0.00584249,6.00772
25.222,0.4,0.00564103,6.00539
25.224,0.4,0.00554029,6.01508
25.226,0.4,0.00584249,6.03472
25.228,0.4,0.00473443,6.04963
25.23,0.4,0.00554029,6.07029
25.232,0.4,0.00584249,6.11562
25.234,0.4,0.00483516,6.13533
25.236,0.4,0.00564103,6.09705
25.238,0.4,0.00513736,6.04326
25.24,0.4,0.00614469,5.98903
25.242,0.4,0.00614469,5.95291
25.244,0.4,0.00574176,5.93592
25.246,0.4,0.00574176,5.92318
25.248,0.4,0.00513736,5.90699
25.25,0.4,0.00584249,5.90229
25.252,0.4,0.00594322,5.89422
25.254,0.4,0.00503663,5.90363
25.256,0.4,0.00695055,5.90008
25.258,0.4,0.00584249,5.8954
25.26,0.4,0.00554029,5.92545
25.262,0.4,0.00634615,5.9105
25.264,0.4,0.00574176,5.90426
25.266,0.4,0.00584249,5.95552
25.268,0.4,0.00594322,5.96175
25.27,0.4,0.00584249,5.94254
25.272,0.4,0.00574176,5.99004
25.274,0.4,0.00513736,6.01827
25.276,0.4,0.00533883,6.02533
25.278,0.4,0.00594322,6.0603
25.28,0.4,0.00543956,6.10278
25.282,0.4,0.0052381,6.13341
25.284,0.4,0.0052381,6.09962
25.286,0.4,0.00554029,6.07146
25.288,0.4,0.00513736,6.04405
25.29,0.4,0.0052381,6.02907
25.292,0.4,0.00584249,6.02435
25.294,0.4,0.00574176,6.01013
25.296,0.4,0.00554029,6.01013
25.298,0.4,0.00503663,6.01025
25.3,0.4,0.00513736,6.01455
25.302,0.4,0.00574176,6.0152
25.304,0.4,0.0049359,6.02394
25.306,0.4,0.00554029,6.01963
25.308,0.4,0.00543956,6.01381
25.31,0.4,0.00554029,6.04843
25.312,0.4,0.00574176,6.03645
25.314,0.4,0.00574176,6.04343
25.316,0.4,0.00533883,6.06404
25.318,0.4,0.00554029,6.08345
25.32,0.4,0.00554029,6.10578
25.322,0.4,0.00513736,6.12003
25.324,0.4,0.00473443,6.17042
25.326,0.4,0.00453297,6.18909
25.328,0.4,0.0052381,6.2349
25.33,0.4,0.00513736,6.30133
25.332,0.4,0.0049359,6.2894
25.334,0.4,0.00392857,6.2529
25.336,0.4,0.00574176,6.21604
25.338,0.4,0.00473443,6.20099
25.34,0.4,0.00473443,6.18978
25.342,0.4,0.00473443,6.18303
25.344,0.4,0.00513736,6.17141
25.346,0.4,0.00543956,6.17322
25.348,0.4,0.0046337,6.18554
25.35,0.4,0.00594322,6.17236
25.352,0.4,0.00533883,6.18104
25.354,0.4,0.00443223,6.16306
25.356,0.4,0.00554029,6.17279
25.358,0.4,0.00513736,6.16594
25.36,0.4,0.00564103,6.17948
25.362,0.4,0.0052381,6.20635
25.364,0.4,0.00362637,6.21276
25.366,0.4,0.00453297,6.23354
25.368,0.4,0.00503663,6.26239
25.37,0.4,0.00473443,6.29464
25.372,0.4,0.00543956,6.31819
25.374,0.4,0.00533883,6.32964
25.376,0.4,0.00443223,6.29931
25.378,0.4,0.00513736,6.26288
25.38,0.4,0.00473443,6.24402
25.382,0.4,0.0040293,6.228
25.384,0.4,0.0046337,6.22213
25.386,0.4,0.0049359,6.21757
25.388,0.4,0.0046337,6.18571
25.39,0.4,0.0052381,6.20321
25.392,0.4,0.00594322,6.18268
25.394,0.4,0.00483516,6.16426
25.396,0.4,0.00584249,6.17697
25.398,0.4,0.0049359,6.18156
25.4,0.4,0.00473443,6.16697
25.402,0.4,0.00513736,6.17827
25.404,0.4,0.00483516,6.17805
25.406,0.4,0.00443223,6.16964
25.408,0.4,0.00533883,6.18831
25.41,0.4,0.00533883,6.19534
25.412,0.4,0.00533883,6.15404
25.414,0.4,0.00503663,6.21324
25.416,0.4,0.0049359,6.2364
25.418,0.4,0.00503663,6.20565
25.42,0.4,0.0040293,6.27114
25.422,0.4,0.00483516,6.28457
25.424,0.4,0.00554029,6.21972
25.426,0.4,0.00413004,6.17124
25.428,0.4,0.00533883,6.13392
25.43,0.4,0.00543956,6.10666
25.432,0.4,0.00503663,6.08962
25.434,0.4,0.00533883,6.07283
25.436,0.4,0.0052381,6.05158
25.438,0.4,0.00543956,6.03901
25.44,0.4,0.00533883,6.03608
25.442,0.4,0.00533883,6.04078
25.444,0.4,0.00483516,6.0505
25.446,0.4,0.0052381,6.04984
25.448,0.4,0.0052381,6.06034
25.45,0.4,0.00634615,6.06937
25.452,0.4,0.00554029,6.06766
25.454,0.4,0.0052381,6.07116
25.456,0.4,0.00503663,6.0979
25.458,0.4,0.0049359,6.11025
25.46,0.4,0.00554029,6.11194
25.462,0.4,0.00473443,6.1463
25.464,0.4,0.00533883,6.17158
25.466,0.4,0.00574176,6.19421
25.468,0.4,0.0049359,6.18052
25.47,0.4,0.00564103,6.12283
25.472,0.4,0.00564103,6.08672
25.474,0.4,0.00594322,6.06612
25.476,0.4,0.00543956,6.03397
25.478,0.4,0.00574176,6.0159
25.48,0.4,0.00554029,6.01013
25.482,0.4,0.00604396,5.98671
25.484,0.4,0.00533883,5.97372
25.486,0.4,0.00483516,5.96912
25.488,0.4,0.00564103,5.9688
25.49,0.4,0.00554029,5.96892
25.492,0.4,0.00513736,5.95452
25.494,0.4,0.00533883,5.95195
25.496,0.4,0.00604396,5.95195
25.498,0.4,0.00513736,5.95552
25.5,0.4,0.00574176,5.95251
25.502,0.4,0.00543956,5.95139
25.504,0.4,0.00594322,5.9715
25.506,0.4,0.00574176,5.99972
25.508,0.4,0.00483516,6.00576
25.51,0.4,0.0052381,6.02476
25.512,0.4,0.00503663,6.05664
25.514,0.4,0.00554029,6.07613
25.516,0.4,0.00483516,6.10346
25.518,0.4,0.00554029,6.07187
25.52,0.4,0.00543956,6.01303
25.522,0.4,0.00554029,5.98007
25.524,0.4,0.00584249,5.96565
25.526,0.4,0.00624542,5.94198
25.528,0.4,0.0052381,5.93979
25.53,0.4,0.00533883,5.93002
25.532,0.4,0.00503663,5.93616
25.534,0.4,0.00594322,5.94606
25.536,0.4,0.00483516,5.94266
25.538,0.4,0.0046337,5.93217
25.54,0.4,0.00574176,5.95516
25.542,0.4,0.00554029,5.94858
25.544,0.4,0.00503663,5.96094
25.546,0.4,0.0052381,5.99427
25.548,0.4,0.00533883,6.00433
25.55,0.4,0.00543956,6.00968
25.552,0.4,0.0046337,6.0457
25.554,0.4,0.00533883,6.07154
25.556,0.4,0.00513736,6.09966
25.558,0.4,0.0046337,6.16994
25.56,0.4,0.00513736,6.18307
25.562,0.4,0.00574176,6.19921
25.564,0.4,0.0046337,6.19286
25.566,0.4,0.00503663,6.14386
25.568,0.4,0.00513736,6.11575
25.57,0.4,0.00503663,6.13384
25.572,0.4,0.0052381,6.14142
25.574,0.4,0.00453297,6.10873
25.576,0.4,0.0049359,6.08844
25.578,0.4,0.00483516,6.10156
25.58,0.4,0.00453297,6.09394
25.582,0.4,0.00564103,6.07768
25.584,0.4,0.00543956,6.10493
25.586,0.4,0.0049359,6.10784
25.588,0.4,0.00564103,6.10565
25.59,0.4,0.0046337,6.14224
25.592,0.4,0.00533883,6.14185
25.594,0.4,0.0049359,6.14501
25.596,0.4,0.0043315,6.19035
25.598,0.4,0.00513736,6.19677
25.6,0.4,0.00443223,6.20883
25.602,0.4,0.0043315,6.27524
25.604,0.4,0.00503663,6.24884
25.606,0.4,0.00483516,6.30255
25.608,0.4,0.0040293,6.38249
25.61,0.4,0.00443223,6.35431
25.612,0.4,0.00543956,6.29819
25.614,0.4,0.00453297,6.28417
25.616,0.4,0.00483516,6.24169
25.618,0.4,0.00473443,6.2564
25.62,0.4,0.00483516,6.22712
25.622,0.4,0.0049359,6.18441
25.624,0.4,0.00543956,6.25211
25.626,0.4,0.0052381,6.23059
25.628,0.4,0.00413004,6.1926
25.63,0.4,0.0046337,6.22094
25.632,0.4,0.00543956,6.22655
25.634,0.4,0.00533883,6.23613
25.636,0.4,0.00453297,6.24694
25.638,0.4,0.0049359,6.25844
25.64,0.4,0.0049359,6.26581
25.642,0.4,0.0049359,6.2643
25.644,0.4,0.00503663,6.26314
25.646,0.4,0.00584249,6.27066
25.648,0.4,0.0040293,6.27497
25.65,0.4,0.00443223,6.29312
25.652,0.4,0.00473443,6.30561
25.654,0.4,0.00574176,6.3334
25.656,0.4,0.00614469,6.33018
25.658,0.4,0.00533883,6.27676
25.66,0.4,0.00443223,6.22449
25.662,0.4,0.0052381,6.19451
25.664,0.4,0.00574176,6.18424
25.666,0.4,0.00473443,6.16663
25.668,0.4,0.00503663,6.14937
25.67,0.4,0.00594322,6.12635
25.672,0.4,0.0049359,6.12869
25.674,0.4,0.00453297,6.13486
25.676,0.4,0.00513736,6.11723
25.678,0.4,0.0046337,6.12109
25.68,0.4,0.00533883,6.14074
25.682,0.4,0.00564103,6.12971
25.684,0.4,0.00554029,6.13776
25.686,0.4,0.00533883,6.14801
25.688,0.4,0.00423077,6.15674
25.69,0.4,0.00574176,6.15092
25.692,0.4,0.00543956,6.18718
25.694,0.4,0.00483516,6.19404
25.696,0.4,0.0049359,6.22796
25.698,0.4,0.00604396,6.24804
25.7,0.4,0.00513736,6.22708
25.702,0.4,0.0049359,6.19048
25.704,0.4,0.00614469,6.1269
25.706,0.4,0.0052381,6.12109
25.708,0.4,0.00513736,6.09428
25.71,0.4,0.00473443,6.07438
25.712,0.4,0.00533883,6.07166
25.714,0.4,0.00513736,6.05448
25.716,0.4,0.00503663,6.05448
25.718,0.4,0.00453297,6.0486
25.72,0.4,0.00594322,6.04706
25.722,0.4,0.0046337,6.05581
25.724,0.4,0.00513736,6.03888
25.726,0.4,0.00543956,6.03393
25.728,0.4,0.00584249,6.03818
25.73,0.4,0.0049359,6.03768
25.732,0.4,0.00564103,6.03822
25.734,0.4,0.00533883,6.03872
25.736,0.4,0.00483516,6.04078
25.738,0.4,0.00543956,6.05328
25.74,0.4,0.00503663,6.05797
25.742,0.4,0.00564103,6.07446
25.744,0.4,0.0049359,6.09773
25.746,0.4,0.00543956,6.13039
25.748,0.4,0.00584249,6.14985
25.75,0.4,0.00574176,6.14121
25.752,0.4,0.00503663,6.06933
25.754,0.4,0.00543956,6.03142
25.756,0.4,0.00604396,6.01852
25.758,0.4,0.0052381,5.97485
25.76,0.4,0.00564103,5.97033
25.762,0.4,0.00543956,5.96606
25.764,0.4,0.00533883,5.95753
25.766,0.4,0.00584249,5.95745
25.768,0.4,0.00574176,5.96155
25.77,0.4,0.00554029,5.95809
25.772,0.4,0.00574176,5.96263
25.774,0.4,0.00594322,5.98489
25.776,0.4,0.00564103,5.98951
25.778,0.4,0.00543956,5.99948
25.78,0.4,0.0052381,6.01324
25.782,0.4,0.00604396,6.02065
25.784,0.4,0.00594322,6.03612
25.786,0.4,0.00503663,6.0753
25.788,0.4,0.00584249,6.09382
25.79,0.4,0.0046337,6.11291
25.792,0.4,0.00543956,6.15945
25.794,0.4,0.00543956,6.19156
25.796,0.4,0.00543956,6.16499
25.798,0.4,0.00503663,6.14083
25.8,0.4,0.00564103,6.09604
25.802,0.4,0.00533883,6.09121
25.804,0.4,0.00594322,6.06891
25.806,0.4,0.00564103,6.05519
25.808,0.4,0.00584249,6.06595
25.81,0.4,0.0052381,6.04289
25.812,0.4,0.00533883,6.0433
25.814,0.4,0.00533883,6.06275
25.816,0.4,0.00574176,6.05926
25.818,0.4,0.0049359,6.06366
25.82,0.4,0.00473443,6.07329
25.822,0.4,0.00564103,6.09512
25.824,0.4,0.00453297,6.10118
25.826,0.4,0.0052381,6.11685
25.828,0.4,0.00533883,6.13222
25.83,0.4,0.00513736,6.15825
25.832,0.4,0.00503663,6.16435
25.834,0.4,0.00533883,6.18532
25.836,0.4,0.00443223,6.20626
25.838,0.4,0.00483516,6.23415
25.84,0.4,0.00564103,6.27382
25.842,0.4,0.00513736,6.31579
25.844,0.4,0.00564103,6.32606
25.846,0.4,0.0049359,6.26701
25.848,0.4,0.00574176,6.23455
25.85,0.4,0.0052381,6.21792
25.852,0.4,0.00584249,6.19582
25.854,0.4,0.00513736,6.18653
25.856,0.4,0.0052381,6.18874
25.858,0.4,0.0049359,6.17831
25.86,0.4,0.0049359,6.19221
25.862,0.4,0.00473443,6.20338
25.864,0.4,0.00624542,6.19582
25.866,0.4,0.0052381,6.21355
25.868,0.4,0.00473443,6.2273
25.87,0.4,0.00443223,6.22563
25.872,0.4,0.00513736,6.24826
25.874,0.4,0.0052381,6.25206
25.876,0.4,0.0052381,6.26812
25.878,0.4,0.0043315,6.28739
25.88,0.4,0.0043315,6.31936
25.882,0.4,0.0049359,6.3266
25.884,0.4,0.00503663,6.35719
25.886,0.4,0.00473443,6.38849
25.888,0.4,0.00473443,6.3424
25.89,0.4,0.00443223,6.30174
25.892,0.4,0.00543956,6.26212
25.894,0.4,0.0049359,6.2487
25.896,0.4,0.00483516,6.24663
25.898,0.4,0.00423077,6.21875
25.9,0.4,0.00533883,6.22059
25.902,0.4,0.00574176,6.21875
25.904,0.4,0.0052381,6.19013
25.906,0.4,0.0049359,6.17305
25.908,0.4,0.00453297,6.18259
25.91,0.4,0.00594322,6.16014
25.912,0.4,0.0049359,6.16611
25.914,0.4,0.0052381,6.17201
25.916,0.4,0.0046337,6.17663
25.918,0.4,0.0052381,6.18078
25.92,0.4,0.00554029,6.18385
25.922,0.4,0.00574176,6.19682
25.924,0.4,0.0052381,6.19443
25.926,0.4,0.00483516,6.20757
25.928,0.4,0.00483516,6.21316
25.93,0.4,0.0046337,6.23046
25.932,0.4,0.00513736,6.24791
25.934,0.4,0.00483516,6.29716
25.936,0.4,0.00453297,6.25853
25.938,0.4,0.00503663,6.2006
25.94,0.4,0.00503663,6.16801
25.942,0.4,0.0052381,6.16689
25.944,0.4,0.0052381,6.13069
25.946,0.4,0.0052381,6.10603
25.948,0.4,0.00473443,6.12435
25.95,0.4,0.00503663,6.11093
25.952,0.4,0.00574176,6.09785
25.954,0.4,0.00503663,6.11583
25.956,0.4,0.00513736,6.11778
25.958,0.4,0.0052381,6.10594
25.96,0.4,0.00574176,6.1213
25.962,0.4,0.00503663,6.13209
25.964,0.4,0.0049359,6.11198
25.966,0.4,0.0046337,6.14207
25.968,0.4,0.00543956,6.15353
25.97,0.4,0.00513736,6.13805
25.972,0.4,0.0052381,6.17572
25.974,0.4,0.00483516,6.20975
25.976,0.4,0.00513736,6.20958
25.978,0.4,0.00513736,6.23376
25.98,0.4,0.00554029,6.18705
25.982,0.4,0.00503663,6.13362
25.984,0.4,0.00564103,6.10341
25.986,0.4,0.00483516,6.06446
25.988,0.4,0.0052381,6.0457
25.99,0.4,0.00604396,6.01209
25.992,0.4,0.00533883,5.98761
25.994,0.4,0.00584249,5.98809
25.996,0.4,0.00574176,5.97659
25.998,0.4,0.00574176,5.97659
26,0.5,0.00574176,5.97271
26.002,0.5,0.0119872,5.98063
26.004,0.5,0.0118864,5.9941
26.006,0.5,0.0103755,6.546
26.008,0.5,0.00987179,6.74648
26.01,0.5,0.00886447,6.93167
26.012,0.5,0.0092674,7.10256
26.014,0.5,0.00906593,7.24329
26.016,0.5,0.00836081,7.37657
26.018,0.5,0.00795788,7.60547
26.02,0.5,0.00795788,7.72448
26.022,0.5,0.00765568,7.80886
26.024,0.5,0.00725275,7.99237
26.026,0.5,0.00785714,8.00933
26.028,0.5,0.00725275,8.05592
26.03,0.5,0.00705128,8.11347
26.032,0.5,0.00634615,8.15059
26.034,0.5,0.00664835,8.17881
26.036,0.5,0.00634615,8.24536
26.038,0.5,0.00594322,8.27207
26.04,0.5,0.00664835,8.31543
26.042,0.5,0.00634615,8.34867
26.044,0.5,0.00594322,8.39922
26.046,0.5,0.00564103,8.4129
26.048,0.5,0.00614469,8.48855
26.05,0.5,0.00614469,8.49557
26.052,0.5,0.00513736,8.58321
26.054,0.5,0.00554029,8.62696
26.056,0.5,0.00564103,8.67302
26.058,0.5,0.00554029,8.65662
26.06,0.5,0.00574176,8.64468
26.062,0.5,0.00574176,8.62805
26.064,0.5,0.00554029,8.6321
26.066,0.5,0.0052381,8.63345
26.068,0.5,0.00503663,8.62805
26.07,0.5,0.00554029,8.62123
26.072,0.5,0.0052381,8.62165
26.074,0.5,0.0052381,8.63058
26.076,0.5,0.0052381,8.64198
26.078,0.5,0.0052381,8.66528
26.08,0.5,0.00584249,8.66741
26.082,0.5,0.00554029,8.70858
26.084,0.5,0.00533883,8.71726
26.086,0.5,0.00483516,8.74989
26.088,0.5,0.0043315,8.79378
26.09,0.5,0.00513736,8.7993
26.092,0.5,0.00554029,8.86303
26.094,0.5,0.0049359,8.82981
26.096,0.5,0.0052381,8.83803
26.098,0.5,0.0046337,8.81968
26.1,0.5,0.00473443,8.83061
26.102,0.5,0.0049359,8.83184
26.104,0.5,0.00423077,8.85344
26.106,0.5,0.00453297,8.83971
26.108,0.5,0.00554029,8.85867
26.11,0.5,0.0052381,8.85548
26.112,0.5,0.00533883,8.86739
26.114,0.5,0.00473443,8.88084
26.116,0.5,0.00503663,8.90088
26.118,0.5,0.00423077,8.91867
26.12,0.5,0.0049359,8.95129
26.122,0.5,0.0046337,8.95873
26.124,0.5,0.00483516,8.93048
26.126,0.5,0.00533883,8.89005
26.128,0.5,0.00443223,8.83679
26.13,0.5,0.00503663,8.80676
26.132,0.5,0.00503663,8.77544
26.134,0.5,0.0049359,8.77631
26.136,0.5,0.00513736,8.74703
26.138,0.5,0.00533883,8.761
26.14,0.5,0.00513736,8.73622
26.142,0.5,0.00554029,8.75726
26.144,0.5,0.00473443,8.74513
26.146,0.5,0.00513736,8.75761
26.148,0.5,0.00564103,8.763
26.15,0.5,0.00554029,8.77448
26.152,0.5,0.0052381,8.80211
26.154,0.5,0.00574176,8.80403
26.156,0.5,0.00513736,8.81924
26.158,0.5,0.0052381,8.8043
26.16,0.5,0.00574176,8.76395
26.162,0.5,0.00513736,8.74617
26.164,0.5,0.00543956,8.74011
26.166,0.5,0.00564103,8.7263
26.168,0.5,0.00413004,8.71778
26.17,0.5,0.00564103,8.71314
26.172,0.5,0.00624542,8.7097
26.174,0.5,0.00543956,8.71537
26.176,0.5,0.0052381,8.71357
26.178,0.5,0.00533883,8.7097
26.18,0.5,0.0052381,8.71657
26.182,0.5,0.00584249,8.73096
26.184,0.5,0.00503663,8.7466
26.186,0.5,0.00543956,8.79107
26.188,0.5,0.00564103,8.78294
26.19,0.5,0.00533883,8.73743
26.192,0.5,0.00594322,8.70138
26.194,0.5,0.00594322,8.65459
26.196,0.5,0.00513736,8.63691
26.198,0.5,0.0049359,8.61585
26.2,0.5,0.00533883,8.60394
26.202,0.5,0.00513736,8.59783
26.204,0.5,0.00533883,8.58997
26.206,0.5,0.00624542,8.62999
26.208,0.5,0.00533883,8.58346
26.21,0.5,0.00594322,8.64426
26.212,0.5,0.00584249,8.60134
26.214,0.5,0.0052381,8.65357
26.216,0.5,0.00543956,8.67822
26.218,0.5,0.00564103,8.6995
26.22,0.5,0.00554029,8.73743
26.222,0.5,0.00483516,8.74513
26.224,0.5,0.00513736,8.72699
26.226,0.5,0.00574176,8.7085
26.228,0.5,0.0052381,8.69308
26.23,0.5,0.00533883,8.67345
26.232,0.5,0.00564103,8.67234
26.234,0.5,0.00543956,8.66452
26.236,0.5,0.0049359,8.66953
26.238,0.5,0.00574176,8.65179
26.24,0.5,0.00574176,8.69556
26.242,0.5,0.00503663,8.67848
26.244,0.5,0.00543956,8.69504
26.246,0.5,0.00543956,8.72475
26.248,0.5,0.0052381,8.72587
26.25,0.5,0.00554029,8.78242
26.252,0.5,0.00554029,8.82144
26.254,0.5,0.00483516,8.88853
26.256,0.5,0.00503663,8.85406
26.258,0.5,0.00453297,8.82752
26.26,0.5,0.00503663,8.80632
26.262,0.5,0.0043315,8.80035
26.264,0.5,0.00453297,8.79063
26.266,0.5,0.00473443,8.80132
26.268,0.5,0.0049359,8.77178
26.27,0.5,0.00513736,8.79597
26.272,0.5,0.00513736,8.77396
26.274,0.5,0.00503663,8.77065
26.276,0.5,0.00564103,8.786
26.278,0.5,0.00473443,8.81
26.28,0.5,0.00503663,8.82496
26.282,0.5,0.00453297,8.85157
26.284,0.5,0.0052381,8.89479
26.286,0.5,0.00483516,8.91058
26.288,0.5,0.00503663,8.86828
26.29,0.5,0.00533883,8.8545
26.292,0.5,0.00543956,8.84581
26.294,0.5,0.00413004,8.8459
26.296,0.5,0.00503663,8.83043
26.298,0.5,0.00473443,8.81273
26.3,0.5,0.00533883,8.79063
26.302,0.5,0.00503663,8.80728
26.304,0.5,0.00453297,8.7764
26.306,0.5,0.00533883,8.79168
26.308,0.5,0.00453297,8.77501
26.31,0.5,0.00503663,8.81581
26.312,0.5,0.0049359,8.75336
26.314,0.5,0.00483516,8.82602
26.316,0.5,0.00473443,8.79273
26.318,0.5,0.0049359,8.86908
26.32,0.5,0.00453297,8.81977
26.322,0.5,0.0043315,8.78976
26.324,0.5,0.0049359,8.72553
26.326,0.5,0.00483516,8.70652
26.328,0.5,0.00453297,8.69137
26.33,0.5,0.00453297,8.66817
26.332,0.5,0.0049359,8.66265
26.334,0.5,0.00543956,8.66664
26.336,0.5,0.00503663,8.65323
26.338,0.5,0.00543956,8.66044
26.34,0.5,0.00574176,8.65306
26.342,0.5,0.00533883,8.6457
26.344,0.5,0.0046337,8.67464
26.346,0.5,0.00543956,8.66902
26.348,0.5,0.00624542,8.71675
26.35,0.5,0.00554029,8.72803
26.352,0.5,0.00594322,8.73735
26.354,0.5,0.00503663,8.66206
26.356,0.5,0.00513736,8.65044
26.358,0.5,0.00543956,8.59674
26.36,0.5,0.0052381,8.59783
26.362,0.5,0.00604396,8.56906
26.364,0.5,0.00554029,8.55512
26.366,0.5,0.00574176,8.55322
26.368,0.5,0.00584249,8.5268
26.37,0.5,0.00513736,8.52516
26.372,0.5,0.00574176,8.53067
26.374,0.5,0.00584249,8.51144
26.376,0.5,0.00594322,8.5268
26.378,0.5,0.00543956,8.54693
26.38,0.5,0.00543956,8.55902
26.382,0.5,0.00554029,8.5893
26.384,0.5,0.00543956,8.61275
26.386,0.5,0.00543956,8.59523
26.388,0.5,0.00604396,8.52129
26.39,0.5,0.00554029,8.51267
26.392,0.5,0.00533883,8.48692
26.394,0.5,0.00554029,8.46894
26.396,0.5,0.00614469,8.46983
26.398,0.5,0.00564103,8.47804
26.4,0.5,0.0052381,8.44991
26.402,0.5,0.00594322,8.47316
26.404,0.5,0.00503663,8.45961
26.406,0.5,0.00564103,8.4954
26.408,0.5,0.00574176,8.49818
26.41,0.5,0.0052381,8.52105
26.412,0.5,0.00533883,8.53949
26.414,0.5,0.00543956,8.63092
26.416,0.5,0.0052381,8.62755
26.418,0.5,0.00543956,8.64883
26.42,0.5,0.00503663,8.62519
26.422,0.5,0.00574176,8.5944
26.424,0.5,0.00543956,8.63649
26.426,0.5,0.00483516,8.59691
26.428,0.5,0.00564103,8.57571
26.43,0.5,0.0052381,8.59373
26.432,0.5,0.00533883,8.57705
26.434,0.5,0.00533883,8.61258
26.436,0.5,0.00543956,8.59841
26.438,0.5,0.00483516,8.64604
26.44,0.5,0.0052381,8.61888
26.442,0.5,0.0049359,8.66749
26.444,0.5,0.00624542,8.66358
26.446,0.5,0.00533883,8.7453
26.448,0.5,0.00513736,8.75414
26.45,0.5,0.00533883,8.84918
26.452,0.5,0.00453297,8.80658
26.454,0.5,0.00453297,8.76639
26.456,0.5,0.0046337,8.72096
26.458,0.5,0.00503663,8.72716
26.46,0.5,0.00453297,8.67064
26.462,0.5,0.00483516,8.73795
26.464,0.5,0.00554029,8.68248
26.466,0.5,0.0043315,8.71984
26.468,0.5,0.00423077,8.72846
26.47,0.5,0.00423077,8.73476
26.472,0.5,0.00513736,8.75015
26.474,0.5,0.00473443,8.74894
26.476,0.5,0.00564103,8.74885
26.478,0.5,0.00503663,8.76056
26.48,0.5,0.00483516,8.78076
26.482,0.5,0.00453297,8.81378
26.484,0.5,0.00554029,8.82091
26.486,0.5,0.00543956,8.75414
26.488,0.5,0.00503663,8.7313
26.49,0.5,0.0049359,8.7288
26.492,0.5,0.00554029,8.70798
26.494,0.5,0.00473443,8.68436
26.496,0.5,0.00574176,8.70181
26.498,0.5,0.00574176,8.68206
26.5,0.5,0.00533883,8.71013
26.502,0.5,0.00554029,8.68983
26.504,0.5,0.00564103,8.69804
26.506,0.5,0.00513736,8.71554
26.508,0.5,0.00564103,8.69975
26.51,0.5,0.00533883,8.73882
26.512,0.5,0.0049359,8.73458
26.514,0.5,0.00554029,8.78897
26.516,0.5,0.0043315,8.77684
26.518,0.5,0.00574176,8.76404
26.52,0.5,0.00513736,8.71331
26.522,0.5,0.00533883,8.68726
26.524,0.5,0.00564103,8.67081
26.526,0.5,0.00543956,8.65374
26.528,0.5,0.00543956,8.64096
26.53,0.5,0.00554029,8.65671
26.532,0.5,0.00503663,8.63395
26.534,0.5,0.00543956,8.63446
26.536,0.5,0.00574176,8.63421
26.538,0.5,0.00564103,8.63581
26.54,0.5,0.00503663,8.63471
26.542,0.5,0.00594322,8.64392
26.544,0.5,0.00594322,8.6551
26.546,0.5,0.00513736,8.672
26.548,0.5,0.00513736,8.70987
26.55,0.5,0.00543956,8.72174
26.552,0.5,0.00594322,8.66019
26.554,0.5,0.00564103,8.63961
26.556,0.5,0.00543956,8.59306
26.558,0.5,0.00554029,8.59365
26.56,0.5,0.00584249,8.57954
26.562,0.5,0.00564103,8.5733
26.564,0.5,0.00624542,8.56482
26.566,0.5,0.00594322,8.56167
26.568,0.5,0.00574176,8.58371
26.57,0.5,0.00543956,8.59298
26.572,0.5,0.00564103,8.60562
26.574,0.5,0.00513736,8.62048
26.576,0.5,0.00483516,8.65747
26.578,0.5,0.00513736,8.68658
26.58,0.5,0.00594322,8.7345
26.582,0.5,0.00554029,8.75839
26.584,0.5,0.00503663,8.73787
26.586,0.5,0.0052381,8.69205
26.588,0.5,0.0052381,8.67575
26.59,0.5,0.00513736,8.66146
26.592,0.5,0.00554029,8.64384
26.594,0.5,0.0052381,8.64308
26.596,0.5,0.00513736,8.66834
26.598,0.5,0.0052381,8.65281
26.6,0.5,0.0052381,8.66256
26.602,0.5,0.00554029,8.68863
26.604,0.5,0.00554029,8.69547
26.606,0.5,0.00483516,8.70215
26.608,0.5,0.0049359,8.72872
26.61,0.5,0.00574176,8.746
26.612,0.5,0.00473443,8.78609
26.614,0.5,0.00574176,8.81985
26.616,0.5,0.00483516,8.87567
26.618,0.5,0.00564103,8.83343
26.62,0.5,0.00483516,8.81299
26.622,0.5,0.00483516,8.79457
26.624,0.5,0.00513736,8.78373
26.626,0.5,0.0052381,8.77387
26.628,0.5,0.0052381,8.79308
26.63,0.5,0.0052381,8.78853
26.632,0.5,0.0046337,8.80597
26.634,0.5,0.00513736,8.81616
26.636,0.5,0.00483516,8.83202
26.638,0.5,0.00543956,8.82338
26.64,0.5,0.00473443,8.85672
26.642,0.5,0.00513736,8.89282
26.644,0.5,0.00453297,8.92588
26.646,0.5,0.00483516,8.96155
26.648,0.5,0.00513736,8.91112
26.65,0.5,0.0046337,8.87478
26.652,0.5,0.00503663,8.87077
26.654,0.5,0.00483516,8.83264
26.656,0.5,0.00473443,8.83114
26.658,0.5,0.00513736,8.81598
26.66,0.5,0.0049359,8.80605
26.662,0.5,0.00503663,8.79685
26.664,0.5,0.00483516,8.80079
26.666,0.5,0.00483516,8.7937
26.668,0.5,0.0046337,8.79396
26.67,0.5,0.00513736,8.79475
26.672,0.5,0.0052381,8.79869
26.674,0.5,0.00503663,8.79737
26.676,0.5,0.00543956,8.80711
26.678,0.5,0.0046337,8.82258
26.68,0.5,0.00453297,8.87603
26.682,0.5,0.00554029,8.84936
26.684,0.5,0.00533883,8.76874
26.686,0.5,0.00554029,8.78486
26.688,0.5,0.00503663,8.74063
26.69,0.5,0.00483516,8.73821
26.692,0.5,0.00503663,8.71786
26.694,0.5,0.00503663,8.71804
26.696,0.5,0.00503663,8.71872
26.698,0.5,0.0052381,8.69924
26.7,0.5,0.00503663,8.72578
26.702,0.5,0.00574176,8.69735
26.704,0.5,0.00503663,8.74357
26.706,0.5,0.0052381,8.71202
26.708,0.5,0.0049359,8.78775
26.71,0.5,0.00503663,8.76743
26.712,0.5,0.00564103,8.79729
26.714,0.5,0.00513736,8.72639
26.716,0.5,0.00564103,8.70455
26.718,0.5,0.00513736,8.66367
26.72,0.5,0.00473443,8.63353
26.722,0.5,0.0049359,8.60738
26.724,0.5,0.00584249,8.5954
26.726,0.5,0.00483516,8.5853
26.728,0.5,0.00483516,8.56607
26.73,0.5,0.00533883,8.57921
26.732,0.5,0.00554029,8.58914
26.734,0.5,0.00533883,8.56192
26.736,0.5,0.00543956,8.58029
26.738,0.5,0.00634615,8.57888
26.74,0.5,0.00543956,8.59147
26.742,0.5,0.00564103,8.59674
26.744,0.5,0.00604396,8.63286
26.746,0.5,0.00554029,8.64612
26.748,0.5,0.00604396,8.62376
26.75,0.5,0.00513736,8.62224
26.752,0.5,0.00554029,8.59866
26.754,0.5,0.00614469,8.58038
26.756,0.5,0.00584249,8.57081
26.758,0.5,0.00574176,8.56914
26.76,0.5,0.00564103,8.56648
26.762,0.5,0.0052381,8.58221
26.764,0.5,0.00564103,8.56715
26.766,0.5,0.00584249,8.60252
26.768,0.5,0.00564103,8.60847
26.77,0.5,0.00554029,8.64434
26.772,0.5,0.00554029,8.66851
26.774,0.5,0.0046337,8.69393
26.776,0.5,0.0052381,8.73208
26.778,0.5,0.00483516,8.75909
26.78,0.5,0.00533883,8.73735
26.782,0.5,0.00533883,8.69701
26.784,0.5,0.00473443,8.68829
26.786,0.5,0.0049359,8.68607
26.788,0.5,0.00554029,8.66384
26.79,0.5,0.0052381,8.67226
26.792,0.5,0.00533883,8.66664
26.794,0.5,0.00503663,8.66545
26.796,0.5,0.00513736,8.68231
26.798,0.5,0.0049359,8.66732
26.8,0.5,0.00513736,8.69462
26.802,0.5,0.00513736,8.68931
26.804,0.5,0.00533883,8.73027
26.806,0.5,0.00503663,8.73579
26.808,0.5,0.0049359,8.76943
26.81,0.5,0.00453297,8.81097
26.812,0.5,0.00483516,8.84581
26.814,0.5,0.0049359,8.86908
26.816,0.5,0.00443223,8.82867
26.818,0.5,0.0046337,8.83184
26.82,0.5,0.00564103,8.83591
26.822,0.5,0.00443223,8.8195
26.824,0.5,0.00453297,8.84218
26.826,0.5,0.0046337,8.82814
26.828,0.5,0.00503663,8.82073
26.83,0.5,0.00453297,8.84263
26.832,0.5,0.00513736,8.83873
26.834,0.5,0.00483516,8.85255
26.836,0.5,0.00483516,8.86214
26.838,0.5,0.00513736,8.8871
26.84,0.5,0.00513736,8.89972
26.842,0.5,0.00453297,8.94151
26.844,0.5,0.0052381,8.9331
26.846,0.5,0.00483516,8.90465
26.848,0.5,0.00483516,8.83237
26.85,0.5,0.00453297,8.80965
26.852,0.5,0.00503663,8.77562
26.854,0.5,0.00543956,8.7577
26.856,0.5,0.00533883,8.74046
26.858,0.5,0.00513736,8.72768
26.86,0.5,0.00453297,8.73968
26.862,0.5,0.0052381,8.71228
26.864,0.5,0.0049359,8.73476
26.866,0.5,0.0046337,8.70421
26.868,0.5,0.00473443,8.72604
26.87,0.5,0.00473443,8.71245
26.872,0.5,0.00503663,8.73191
26.874,0.5,0.00533883,8.75588
26.876,0.5,0.00533883,8.78216
26.878,0.5,0.00543956,8.76969
26.88,0.5,0.00543956,8.72053
26.882,0.5,0.00483516,8.70876
26.884,0.5,0.00503663,8.69248
26.886,0.5,0.0052381,8.68385
26.888,0.5,0.00483516,8.66851
26.89,0.5,0.0052381,8.68376
26.892,0.5,0.0043315,8.66044
26.894,0.5,0.00584249,8.68095
26.896,0.5,0.00503663,8.66545
26.898,0.5,0.00533883,8.66256
26.9,0.5,0.00614469,8.66613
26.902,0.5,0.00564103,8.67532
26.904,0.5,0.00513736,8.70429
26.906,0.5,0.00554029,8.71743
26.908,0.5,0.00513736,8.77562
26.91,0.5,0.00543956,8.7577
26.912,0.5,0.00533883,8.71821
26.914,0.5,0.00594322,8.66129
26.916,0.5,0.00513736,8.65111
26.918,0.5,0.00574176,8.62334
26.92,0.5,0.00604396,8.62292
26.922,0.5,0.00604396,8.61182
26.924,0.5,0.00564103,8.61107
26.926,0.5,0.00543956,8.60746
26.928,0.5,0.00533883,8.62814
26.93,0.5,0.0052381,8.61342
26.932,0.5,0.00554029,8.67311
26.934,0.5,0.00574176,8.62569
26.936,0.5,0.00554029,8.67771
26.938,0.5,0.0052381,8.69581
26.94,0.5,0.0049359,8.7257
26.942,0.5,0.0052381,8.7916
26.944,0.5,0.00513736,8.76482
26.946,0.5,0.00513736,8.74297
26.948,0.5,0.00513736,8.70249
26.95,0.5,0.00483516,8.69735
26.952,0.5,0.00543956,8.66707
26.954,0.5,0.0049359,8.66987
26.956,0.5,0.00533883,8.66707
26.958,0.5,0.00533883,8.67234
26.96,0.5,0.00554029,8.65518
26.962,0.5,0.00543956,8.67873
26.964,0.5,0.00554029,8.68172
26.966,0.5,0.0052381,8.71219
26.968,0.5,0.00473443,8.73148
26.97,0.5,0.00564103,8.73139
26.972,0.5,0.0046337,8.78853
26.974,0.5,0.00503663,8.82443
26.976,0.5,0.0046337,8.87095
26.978,0.5,0.00503663,8.85024
26.98,0.5,0.00513736,8.81211
26.982,0.5,0.00453297,8.80272
26.984,0.5,0.00533883,8.7958
26.986,0.5,0.00483516,8.78329
26.988,0.5,0.00483516,8.7923
26.99,0.5,0.00473443,8.78766
26.992,0.5,0.00503663,8.78784
26.994,0.5,0.00533883,8.78635
26.996,0.5,0.00513736,8.773
26.998,0.5,0.0046337,8.78749
27,0.6,0.00564103,8.80719
27.002,0.6,0.0118864,8.81827
27.004,0.6,0.0114835,9.14426
27.006,0.6,0.0105769,9.32423
27.008,0.6,0.00977106,9.63222
27.01,0.6,0.00856227,9.84055
27.012,0.6,0.0089652,9.94242
27.014,0.6,0.00795788,10.1397
27.016,0.6,0.00795788,10.2927
27.018,0.6,0.00755495,10.3487
27.02,0.6,0.00745421,10.481
27.022,0.6,0.00624542,10.5739
27.024,0.6,0.00674908,10.6467
27.026,0.6,0.00654762,10.7188
27.028,0.6,0.00684982,10.8479
27.03,0.6,0.00624542,10.928
27.032,0.6,0.00624542,10.9424
27.034,0.6,0.00543956,11.0543
27.036,0.6,0.00543956,11.0532
27.038,0.6,0.00533883,11.0495
27.04,0.6,0.00594322,11.0503
27.042,0.6,0.00564103,11.0532
27.044,0.6,0.00533883,11.064
27.046,0.6,0.0049359,11.0833
27.048,0.6,0.0046337,11.0967
27.05,0.6,0.00503663,11.1298
27.052,0.6,0.00594322,11.1311
27.054,0.6,0.00513736,11.1676
27.056,0.6,0.00513736,11.1689
27.058,0.6,0.00533883,11.226
27.06,0.6,0.00543956,11.2646
27.062,0.6,0.00533883,11.2086
27.064,0.6,0.0052381,11.176
27.066,0.6,0.00564103,11.1658
27.068,0.6,0.00533883,11.1468
27.07,0.6,0.0052381,11.1424
27.072,0.6,0.0052381,11.1502
27.074,0.6,0.00614469,11.1294
27.076,0.6,0.00594322,11.1434
27.078,0.6,0.0052381,11.1277
27.08,0.6,0.00554029,11.1737
27.082,0.6,0.00513736,11.1617
27.084,0.6,0.00533883,11.1937
27.086,0.6,0.0052381,11.2099
27.088,0.6,0.00503663,11.1689
27.09,0.6,0.00543956,11.1454
27.092,0.6,0.00443223,11.125
27.094,0.6,0.00533883,11.1123
27.096,0.6,0.00513736,11.1137
27.098,0.6,0.00483516,11.0889
27.1,0.6,0.00564103,11.1004
27.102,0.6,0.00564103,11.1424
27.104,0.6,0.00533883,11.1256
27.106,0.6,0.00473443,11.1741
27.108,0.6,0.00503663,11.261
27.11,0.6,0.00513736,11.236
27.112,0.6,0.0049359,11.3026
27.114,0.6,0.00503663,11.2167
27.116,0.6,0.00513736,11.277
27.118,0.6,0.00483516,11.203
27.12,0.6,0.0046337,11.2207
27.122,0.6,0.00554029,11.1962
27.124,0.6,0.00473443,11.2337
27.126,0.6,0.00453297,11.2626
27.128,0.6,0.00543956,11.2318
27.13,0.6,0.00503663,11.28
27.132,0.6,0.00473443,11.3797
27.134,0.6,0.00554029,11.3028
27.136,0.6,0.00503663,11.4777
27.138,0.6,0.00483516,11.3738
27.14,0.6,0.00483516,11.3414
27.142,0.6,0.0049359,11.3546
27.144,0.6,0.00413004,11.4089
27.146,0.6,0.00423077,11.307
27.148,0.6,0.00483516,11.3542
27.15,0.6,0.0046337,11.3558
27.152,0.6,0.00513736,11.3706
27.154,0.6,0.00443223,11.3753
27.156,0.6,0.0046337,11.3871
27.158,0.6,0.00423077,11.412
27.16,0.6,0.0052381,11.4328
27.162,0.6,0.00443223,11.4442
27.164,0.6,0.0046337,11.3923
27.166,0.6,0.00483516,11.3744
27.168,0.6,0.00503663,11.3636
27.17,0.6,0.00543956,11.3418
27.172,0.6,0.0049359,11.3247
27.174,0.6,0.00503663,11.3624
27.176,0.6,0.0046337,11.3338
27.178,0.6,0.0052381,11.3557
27.18,0.6,0.00503663,11.3393
27.182,0.6,0.00453297,11.3805
27.184,0.6,0.0049359,11.4126
27.186,0.6,0.00453297,11.4086
27.188,0.6,0.00594322,11.409
27.19,0.6,0.00543956,11.3691
27.192,0.6,0.0046337,11.3229
27.194,0.6,0.00594322,11.3105
27.196,0.6,0.00533883,11.2999
27.198,0.6,0.00503663,11.2889
27.2,0.6,0.0049359,11.294
27.202,0.6,0.00554029,11.2947
27.204,0.6,0.0049359,11.2915
27.206,0.6,0.00543956,11.2959
27.208,0.6,0.00533883,11.3032
27.21,0.6,0.00574176,11.3385
27.212,0.6,0.00543956,11.3682
27.214,0.6,0.00574176,11.3051
27.216,0.6,0.00533883,11.3011
27.218,0.6,0.00594322,11.2487
27.22,0.6,0.00634615,11.2332
27.222,0.6,0.00483516,11.2271
27.224,0.6,0.00554029,11.2083
27.226,0.6,0.00594322,11.238
27.228,0.6,0.00543956,11.2362
27.23,0.6,0.00584249,11.2425
27.232,0.6,0.00574176,11.2822
27.234,0.6,0.00503663,11.2944
27.236,0.6,0.0052381,11.3526
27.238,0.6,0.00513736,11.3383
27.24,0.6,0.00533883,11.2902
27.242,0.6,0.00574176,11.2885
27.244,0.6,0.0052381,11.2895
27.246,0.6,0.00453297,11.257
27.248,0.6,0.00533883,11.2662
27.25,0.6,0.00503663,11.2727
27.252,0.6,0.0046337,11.2951
27.254,0.6,0.00513736,11.293
27.256,0.6,0.00503663,11.33
27.258,0.6,0.00513736,11.3487
27.26,0.6,0.00543956,11.3773
27.262,0.6,0.00594322,11.4319
27.264,0.6,0.0046337,11.459
27.266,0.6,0.00483516,11.4042
27.268,0.6,0.00533883,11.3911
27.27,0.6,0.00483516,11.3873
27.272,0.6,0.00473443,11.3896
27.274,0.6,0.00533883,11.3732
27.276,0.6,0.00604396,11.407
27.278,0.6,0.00543956,11.3992
27.28,0.6,0.00483516,11.4139
27.282,0.6,0.00483516,11.4463
27.284,0.6,0.00473443,11.4712
27.286,0.6,0.0052381,11.5375
27.288,0.6,0.0043315,11.5014
27.29,0.6,0.00503663,11.4617
27.292,0.6,0.0052381,11.4272
27.294,0.6,0.00503663,11.4293
27.296,0.6,0.0052381,11.4107
27.298,0.6,0.00543956,11.4303
27.3,0.6,0.00503663,11.3976
27.302,0.6,0.0043315,11.3936
27.304,0.6,0.00483516,11.3931
27.306,0.6,0.00513736,11.3949
27.308,0.6,0.00453297,11.3959
27.31,0.6,0.0049359,11.403
27.312,0.6,0.00513736,11.4192
27.314,0.6,0.00543956,11.4487
27.316,0.6,0.00473443,11.3754
27.318,0.6,0.0049359,11.3589
27.32,0.6,0.00513736,11.365
27.322,0.6,0.0046337,11.3404
27.324,0.6,0.0046337,11.3407
27.326,0.6,0.00483516,11.3096
27.328,0.6,0.00503663,11.3363
27.33,0.6,0.0052381,11.3497
27.332,0.6,0.00513736,11.3202
27.334,0.6,0.00473443,11.4046
27.336,0.6,0.00503663,11.3719
27.338,0.6,0.00503663,11.3817
27.34,0.6,0.0046337,11.3228
27.342,0.6,0.00574176,11.2855
27.344,0.6,0.0046337,11.2264
27.346,0.6,0.00513736,11.2103
27.348,0.6,0.0049359,11.1996
27.35,0.6,0.00483516,11.1737
27.352,0.6,0.00543956,11.2015
27.354,0.6,0.00533883,11.1671
27.356,0.6,0.0052381,11.1751
27.358,0.6,0.00483516,11.1777
27.36,0.6,0.00513736,11.1893
27.362,0.6,0.00554029,11.2198
27.364,0.6,0.00503663,11.2609
27.366,0.6,0.00533883,11.2278
27.368,0.6,0.0049359,11.1883
27.37,0.6,0.00503663,11.1911
27.372,0.6,0.00594322,11.1945
27.374,0.6,0.00584249,11.173
27.376,0.6,0.00513736,11.1897
27.378,0.6,0.00564103,11.2082
27.38,0.6,0.0049359,11.1944
27.382,0.6,0.00543956,11.2312
27.384,0.6,0.00584249,11.2514
27.386,0.6,0.00543956,11.3092
27.388,0.6,0.00473443,11.3325
27.39,0.6,0.00513736,11.3164
27.392,0.6,0.00513736,11.2895
27.394,0.6,0.00564103,11.2881
27.396,0.6,0.00513736,11.2652
27.398,0.6,0.00483516,11.2679
27.4,0.6,0.00554029,11.2673
27.402,0.6,0.00453297,11.2824
27.404,0.6,0.00443223,11.3016
27.406,0.6,0.00533883,11.2947
27.408,0.6,0.00483516,11.3345
27.41,0.6,0.00513736,11.3242
27.412,0.6,0.0052381,11.4027
27.414,0.6,0.00473443,11.4207
27.416,0.6,0.0043315,11.4152
27.418,0.6,0.00503663,11.4284
27.42,0.6,0.00533883,11.4023
27.422,0.6,0.00543956,11.4111
27.424,0.6,0.0046337,11.4408
27.426,0.6,0.0049359,11.4151
27.428,0.6,0.00453297,11.4384
27.43,0.6,0.0043315,11.4491
27.432,0.6,0.0043315,11.4613
27.434,0.6,0.00483516,11.4812
27.436,0.6,0.0049359,11.4933
27.438,0.6,0.0043315,11.5329
27.44,0.6,0.0052381,11.5059
27.442,0.6,0.0046337,11.4476
27.444,0.6,0.00453297,11.4167
27.446,0.6,0.0049359,11.3902
27.448,0.6,0.0046337,11.3716
27.45,0.6,0.00453297,11.3609
27.452,0.6,0.00453297,11.3474
27.454,0.6,0.0049359,11.3703
27.456,0.6,0.00483516,11.3343
27.458,0.6,0.00554029,11.3652
27.46,0.6,0.00473443,11.3684
27.462,0.6,0.0052381,11.3857
27.464,0.6,0.00564103,11.4121
27.466,0.6,0.00503663,11.3893
27.468,0.6,0.00513736,11.3485
27.47,0.6,0.00554029,11.3386
27.472,0.6,0.00473443,11.3105
27.474,0.6,0.00554029,11.3316
27.476,0.6,0.00574176,11.3021
27.478,0.6,0.00513736,11.3234
27.48,0.6,0.00513736,11.2987
27.482,0.6,0.00533883,11.298
27.484,0.6,0.00533883,11.3267
27.486,0.6,0.00513736,11.3335
27.488,0.6,0.0052381,11.3807
27.49,0.6,0.0049359,11.3678
27.492,0.6,0.00513736,11.3097
27.494,0.6,0.00513736,11.2702
27.496,0.6,0.00533883,11.2424
27.498,0.6,0.00554029,11.2284
27.5,0.6,0.00564103,11.2198
27.502,0.6,0.00574176,11.2104
27.504,0.6,0.00584249,11.218
27.506,0.6,0.0049359,11.2698
27.508,0.6,0.00533883,11.2045
27.51,0.6,0.00483516,11.2964
27.512,0.6,0.00543956,11.3031
27.514,0.6,0.00513736,11.3399
27.516,0.6,0.00574176,11.3423
27.518,0.6,0.00473443,11.3144
27.52,0.6,0.00473443,11.3079
27.522,0.6,0.00564103,11.2823
27.524,0.6,0.00543956,11.2847
27.526,0.6,0.00554029,11.3047
27.528,0.6,0.00513736,11.2721
27.53,0.6,0.0052381,11.2924
27.532,0.6,0.00543956,11.3178
27.534,0.6,0.00513736,11.3376
27.536,0.6,0.00513736,11.3889
27.538,0.6,0.00533883,11.4101
27.54,0.6,0.00453297,11.4772
27.542,0.6,0.00423077,11.4438
27.544,0.6,0.00503663,11.4185
27.546,0.6,0.0043315,11.399
27.548,0.6,0.00483516,11.3871
27.55,0.6,0.00483516,11.3634
27.552,0.6,0.00473443,11.3924
27.554,0.6,0.00503663,11.3688
27.556,0.6,0.00513736,11.3653
27.558,0.6,0.0049359,11.4054
27.56,0.6,0.00453297,11.4064
27.562,0.6,0.00483516,11.4638
27.564,0.6,0.0046337,11.4777
27.566,0.6,0.0052381,11.4481
27.568,0.6,0.00513736,11.4337
27.57,0.6,0.00503663,11.4291
27.572,0.6,0.0046337,11.3738
27.574,0.6,0.00513736,11.3942
27.576,0.6,0.00473443,11.384
27.578,0.6,0.0043315,11.3539
27.58,0.6,0.0052381,11.3729
27.582,0.6,0.0052381,11.3532
27.584,0.6,0.00453297,11.4043
27.586,0.6,0.00483516,11.4191
27.588,0.6,0.00503663,11.3707
27.59,0.6,0.0046337,11.4613
27.592,0.6,0.00473443,11.3826
27.594,0.6,0.00453297,11.3218
27.596,0.6,0.00503663,11.3071
27.598,0.6,0.00453297,11.2764
27.6,0.6,0.0049359,11.2666
27.602,0.6,0.0046337,11.2715
27.604,0.6,0.0049359,11.2607
27.606,0.6,0.00453297,11.2563
27.608,0.6,0.00483516,11.2494
27.61,0.6,0.00533883,11.2788
27.612,0.6,0.00513736,11.3026
27.614,0.6,0.00564103,11.3171
27.616,0.6,0.00503663,11.2941
27.618,0.6,0.00533883,11.2614
27.62,0.6,0.0049359,11.2254
27.622,0.6,0.00543956,11.2148
27.624,0.6,0.00543956,11.1763
27.626,0.6,0.0052381,11.1724
27.628,0.6,0.0049359,11.1474
27.63,0.6,0.00574176,11.1631
27.632,0.6,0.00574176,11.1538
27.634,0.6,0.00543956,11.153
27.636,0.6,0.00604396,11.1705
27.638,0.6,0.0052381,11.214
27.64,0.6,0.00513736,11.2308
27.642,0.6,0.00483516,11.1843
27.644,0.6,0.0052381,11.1684
27.646,0.6,0.00543956,11.1377
27.648,0.6,0.00554029,11.1253
27.65,0.6,0.00473443,11.1416
27.652,0.6,0.00533883,11.1111
27.654,0.6,0.00483516,11.1457
27.656,0.6,0.00503663,11.1217
27.658,0.6,0.00533883,11.162
27.66,0.6,0.0046337,11.1867
27.662,0.6,0.00473443,11.211
27.664,0.6,0.0049359,11.2602
27.666,0.6,0.0049359,11.2823
27.668,0.6,0.00503663,11.2739
27.67,0.6,0.0049359,11.2796
27.672,0.6,0.00513736,11.2508
27.674,0.6,0.00503663,11.2547
27.676,0.6,0.0046337,11.2241
27.678,0.6,0.0046337,11.2705
27.68,0.6,0.00533883,11.232
27.682,0.6,0.00483516,11.2742
27.684,0.6,0.0043315,11.3174
27.686,0.6,0.00473443,11.3037
27.688,0.6,0.0046337,11.3207
27.69,0.6,0.00554029,11.3874
27.692,0.6,0.00473443,11.4324
27.694,0.6,0.00473443,11.4086
27.696,0.6,0.00453297,11.408
27.698,0.6,0.00453297,11.2977
27.7,0.6,0.00473443,11.3902
27.702,0.6,0.00453297,11.3665
27.704,0.6,0.00443223,11.3649
27.706,0.6,0.00423077,11.3701
27.708,0.6,0.00443223,11.3882
27.71,0.6,0.00473443,11.3862
27.712,0.6,0.00503663,11.402
27.714,0.6,0.00443223,11.4217
27.716,0.6,0.00543956,11.4476
27.718,0.6,0.0046337,11.4316
27.72,0.6,0.00513736,11.3744
27.722,0.6,0.00503663,11.365
27.724,0.6,0.00483516,11.3335
27.726,0.6,0.0046337,11.3526
27.728,0.6,0.00513736,11.3309
27.73,0.6,0.00503663,11.336
27.732,0.6,0.00564103,11.3449
27.734,0.6,0.00483516,11.3614
27.736,0.6,0.00513736,11.3619
27.738,0.6,0.0052381,11.3671
27.74,0.6,0.0049359,11.4135
27.742,0.6,0.00503663,11.3993
27.744,0.6,0.00473443,11.3602
27.746,0.6,0.00533883,11.3271
27.748,0.6,0.0049359,11.3158
27.75,0.6,0.00473443,11.2797
27.752,0.6,0.00503663,11.2996
27.754,0.6,0.00564103,11.2712
27.756,0.6,0.00533883,11.2771
27.758,0.6,0.00564103,11.2765
27.76,0.6,0.00483516,11.2765
27.762,0.6,0.00554029,11.2832
27.764,0.6,0.0049359,11.3147
27.766,0.6,0.0049359,11.3383
27.768,0.6,0.00543956,11.3005
27.77,0.6,0.00564103,11.2888
27.772,0.6,0.0052381,11.251
27.774,0.6,0.00554029,11.255
27.776,0.6,0.00513736,11.2328
27.778,0.6,0.00584249,11.2262
27.78,0.6,0.00543956,11.2487
27.782,0.6,0.00594322,11.2454
27.784,0.6,0.00533883,11.2607
27.786,0.6,0.00483516,11.2658
27.788,0.6,0.00564103,11.3035
27.79,0.6,0.00574176,11.3598
27.792,0.6,0.00543956,11.3602
27.794,0.6,0.0052381,11.3144
27.796,0.6,0.0049359,11.3334
27.798,0.6,0.00543956,11.299
27.8,0.6,0.00503663,11.279
27.802,0.6,0.00443223,11.3107
27.804,0.6,0.00533883,11.2858
27.806,0.6,0.00533883,11.3196
27.808,0.6,0.00543956,11.3039
27.81,0.6,0.00503663,11.3186
27.812,0.6,0.00513736,11.3425
27.814,0.6,0.00543956,11.3745
27.816,0.6,0.00564103,11.4202
27.818,0.6,0.0049359,11.4745
27.82,0.6,0.00513736,11.4194
27.822,0.6,0.00584249,11.4245
27.824,0.6,0.0046337,11.3933
27.826,0.6,0.0043315,11.3773
27.828,0.6,0.00533883,11.4132
27.83,0.6,0.00473443,11.4059
27.832,0.6,0.00453297,11.4086
27.834,0.6,0.00533883,11.4201
27.836,0.6,0.00513736,11.4364
27.838,0.6,0.0049359,11.4869
27.84,0.6,0.00443223,11.5059
27.842,0.6,0.00503663,11.5185
27.844,0.6,0.0049359,11.4657
27.846,0.6,0.00453297,11.4681
27.848,0.6,0.0049359,11.4205
27.85,0.6,0.00443223,11.4008
27.852,0.6,0.00513736,11.3877
27.854,0.6,0.00483516,11.3761
27.856,0.6,0.00443223,11.381
27.858,0.6,0.00453297,11.3732
27.86,0.6,0.00503663,11.3862
27.862,0.6,0.0046337,11.3747
27.864,0.6,0.00604396,11.3797
27.866,0.6,0.00473443,11.3911
27.868,0.6,0.00503663,11.4402
27.87,0.6,0.00554029,11.3734
27.872,0.6,0.00473443,11.3739
27.874,0.6,0.0049359,11.2902
27.876,0.6,0.00543956,11.3063
27.878,0.6,0.00543956,11.2801
27.88,0.6,0.00513736,11.3013
27.882,0.6,0.00503663,11.2914
27.884,0.6,0.0049359,11.2609
27.886,0.6,0.00564103,11.318
27.888,0.6,0.00533883,11.3276
27.89,0.6,0.0052381,11.3284
27.892,0.6,0.00483516,11.3625
27.894,0.6,0.0052381,11.3084
27.896,0.6,0.00533883,11.2511
27.898,0.6,0.00503663,11.2265
27.9,0.6,0.00513736,11.2047
27.902,0.6,0.00533883,11.1774
27.904,0.6,0.00543956,11.1916
27.906,0.6,0.00564103,11.1682
27.908,0.6,0.00594322,11.1458
27.91,0.6,0.00513736,11.1614
27.912,0.6,0.00513736,11.152
27.914,0.6,0.00513736,11.1638
27.916,0.6,0.00584249,11.2012
27.918,0.6,0.00533883,11.2028
27.92,0.6,0.00564103,11.1924
27.922,0.6,0.00574176,11.1716
27.924,0.6,0.00533883,11.1602
27.926,0.6,0.0049359,11.1455
27.928,0.6,0.00513736,11.1471
27.93,0.6,0.00533883,11.1648
27.932,0.6,0.00543956,11.142
27.934,0.6,0.00543956,11.1708
27.936,0.6,0.00513736,11.1708
27.938,0.6,0.00513736,11.1897
27.94,0.6,0.0046337,11.2491
27.942,0.6,0.00574176,11.3131
27.944,0.6,0.0052381,11.2931
27.946,0.6,0.0052381,11.2591
27.948,0.6,0.0049359,11.2518
27.95,0.6,0.00543956,11.2515
27.952,0.6,0.00533883,11.2398
27.954,0.6,0.0049359,11.228
27.956,0.6,0.00564103,11.2292
27.958,0.6,0.00483516,11.2213
27.96,0.6,0.0046337,11.2581
27.962,0.6,0.00513736,11.248
27.964,0.6,0.0049359,11.2995
27.966,0.6,0.0052381,11.3232
27.968,0.6,0.00543956,11.3615
27.97,0.6,0.0052381,11.4222
27.972,0.6,0.00533883,11.3917
27.974,0.6,0.00513736,11.3995
27.976,0.6,0.00443223,11.4105
27.978,0.6,0.00533883,11.3912
27.98,0.6,0.0046337,11.4018
27.982,0.6,0.00473443,11.4207
27.984,0.6,0.00483516,11.4194
27.986,0.6,0.0046337,11.4393
27.988,0.6,0.0046337,11.447
27.99,0.6,0.0043315,11.469
27.992,0.6,0.0052381,11.5139
27.994,0.6,0.0046337,11.5202
27.996,0.6,0.00453297,11.4681
27.998,0.6,0.00503663,11.435
28,0.7,0.00483516,11.4145
28.002,0.7,0.0115842,11.5031
28.004,0.7,0.0107784,11.6448
28.006,0.7,0.0104762,11.947
28.008,0.7,0.0100733,12.153
28.01,0.7,0.00946886,12.3849
28.012,0.7,0.008663,12.6673
28.014,0.7,0.00967033,12.8186
28.016,0.7,0.00876374,12.9708
28.018,0.7,0.00765568,13.1004
28.02,0.7,0.00725275,13.1702
28.022,0.7,0.00705128,13.2388
28.024,0.7,0.00725275,13.3283
28.026,0.7,0.00634615,13.4443
28.028,0.7,0.00664835,13.4599
28.03,0.7,0.00624542,13.5258
28.032,0.7,0.00614469,13.593
28.034,0.7,0.00624542,13.6301
28.036,0.7,0.00674908,13.7143
28.038,0.7,0.00543956,13.7912
28.04,0.7,0.00614469,13.7828
28.042,0.7,0.00554029,13.7673
28.044,0.7,0.00533883,13.7639
28.046,0.7,0.0052381,13.7735
28.048,0.7,0.00554029,13.7791
28.05,0.7,0.00543956,13.8424
28.052,0.7,0.00574176,13.8674
28.054,0.7,0.00584249,13.7927
28.056,0.7,0.00554029,13.9086
28.058,0.7,0.00614469,13.9126
28.06,0.7,0.00574176,13.964
28.062,0.7,0.00543956,13.9477
28.064,0.7,0.00554029,13.9556
28.066,0.7,0.00533883,13.9352
28.068,0.7,0.00443223,13.9684
28.07,0.7,0.00513736,13.9363
28.072,0.7,0.0049359,13.9664
28.074,0.7,0.0052381,14.0123
28.076,0.7,0.00543956,13.9996
28.078,0.7,0.0049359,14.0564
28.08,0.7,0.00574176,14.1539
28.082,0.7,0.00513736,14.1096
28.084,0.7,0.0052381,14.0963
28.086,0.7,0.00453297,14.0755
28.088,0.7,0.00423077,14.0466
28.09,0.7,0.00483516,14.084
28.092,0.7,0.00473443,14.0824
28.094,0.7,0.00483516,14.0999
28.096,0.7,0.0052381,14.0887
28.098,0.7,0.00584249,14.1494
28.1,0.7,0.0043315,14.153
28.102,0.7,0.00503663,14.1234
28.104,0.7,0.00443223,14.1211
28.106,0.7,0.00503663,14.0618
28.108,0.7,0.0046337,14.0634
28.11,0.7,0.0052381,14.0878
28.112,0.7,0.00413004,14.0795
28.114,0.7,0.0043315,14.0874
28.116,0.7,0.00513736,14.0061
28.118,0.7,0.00574176,14.1428
28.12,0.7,0.00473443,14.1401
28.122,0.7,0.0043315,14.0874
28.124,0.7,0.00503663,14.0366
28.126,0.7,0.0052381,14.0116
28.128,0.7,0.00453297,13.9764
28.13,0.7,0.0049359,13.9861
28.132,0.7,0.0049359,13.9656
28.134,0.7,0.00473443,13.9581
28.136,0.7,0.00503663,13.9777
28.138,0.7,0.0052381,13.9939
28.14,0.7,0.00513736,13.993
28.142,0.7,0.00503663,13.987
28.144,0.7,0.00513736,13.9213
28.146,0.7,0.00554029,13.9235
28.148,0.7,0.00543956,13.8837
28.15,0.7,0.00513736,13.8831
28.152,0.7,0.00483516,13.8534
28.154,0.7,0.00533883,13.8611
28.156,0.7,0.00574176,13.8508
28.158,0.7,0.00543956,13.868
28.16,0.7,0.00564103,13.8922
28.162,0.7,0.0052381,13.9077
28.164,0.7,0.00473443,13.8584
28.166,0.7,0.00503663,13.8337
28.168,0.7,0.00503663,13.8145
28.17,0.7,0.00513736,13.8158
28.172,0.7,0.00513736,13.8253
28.174,0.7,0.00584249,13.8389
28.176,0.7,0.00594322,13.8106
28.178,0.7,0.0049359,13.8543
28.18,0.7,0.0049359,13.9424
28.182,0.7,0.00513736,13.9835
28.184,0.7,0.00443223,13.8841
28.186,0.7,0.00503663,13.9629
28.188,0.7,0.00543956,13.8804
28.19,0.7,0.00594322,13.8898
28.192,0.7,0.00453297,13.9288
28.194,0.7,0.0052381,13.9585
28.196,0.7,0.00543956,13.9835
28.198,0.7,0.00453297,13.9572
28.2,0.7,0.0052381,13.9709
28.202,0.7,0.0049359,14.1644
28.204,0.7,0.0046337,14.0725
28.206,0.7,0.00543956,14.0905
28.208,0.7,0.0043315,13.9576
28.21,0.7,0.00503663,13.9912
28.212,0.7,0.00443223,14.045
28.214,0.7,0.00473443,14.0461
28.216,0.7,0.00413004,14.069
28.218,0.7,0.0046337,14.0775
28.22,0.7,0.00473443,14.1035
28.222,0.7,0.00443223,14.1155
28.224,0.7,0.00533883,14.0889
28.226,0.7,0.00503663,14.0806
28.228,0.7,0.00453297,14.0743
28.23,0.7,0.00513736,14.069
28.232,0.7,0.0049359,14.0421
28.234,0.7,0.0049359,14.0488
28.236,0.7,0.00594322,14.0728
28.238,0.7,0.00513736,14.0743
28.24,0.7,0.00614469,14.0712
28.242,0.7,0.0049359,14.1135
28.244,0.7,0.00543956,14.0486
28.246,0.7,0.00533883,14.0513
28.248,0.7,0.0052381,14.0415
28.25,0.7,0.0052381,14.0003
28.252,0.7,0.00533883,13.993
28.254,0.7,0.0049359,13.9976
28.256,0.7,0.00513736,13.9939
28.258,0.7,0.0046337,14.001
28.26,0.7,0.0052381,14.0054
28.262,0.7,0.00543956,14.0321
28.264,0.7,0.00503663,14.0719
28.266,0.7,0.0049359,14.0219
28.268,0.7,0.00584249,13.9698
28.27,0.7,0.00533883,13.9609
28.272,0.7,0.00533883,13.9501
28.274,0.7,0.00533883,13.9755
28.276,0.7,0.0052381,13.9662
28.278,0.7,0.00564103,13.9735
28.28,0.7,0.00554029,14.0132
28.282,0.7,0.00594322,14.0667
28.284,0.7,0.0052381,14.0584
28.286,0.7,0.0052381,14.0468
28.288,0.7,0.00533883,14.0161
28.29,0.7,0.00533883,14.0003
28.292,0.7,0.00533883,14.0357
28.294,0.7,0.00513736,14.0081
28.296,0.7,0.0046337,14.0205
28.298,0.7,0.00574176,14.0294
28.3,0.7,0.00503663,14.0708
28.302,0.7,0.0049359,14.0939
28.304,0.7,0.00564103,14.1376
28.306,0.7,0.00503663,14.1331
28.308,0.7,0.0046337,14.1218
28.31,0.7,0.00473443,14.118
28.312,0.7,0.0046337,14.1223
28.314,0.7,0.00513736,14.1256
28.316,0.7,0.00533883,14.122
28.318,0.7,0.00443223,14.1349
28.32,0.7,0.00503663,14.2035
28.322,0.7,0.00503663,14.2102
28.324,0.7,0.00473443,14.2243
28.326,0.7,0.00453297,14.18
28.328,0.7,0.00473443,14.1449
28.33,0.7,0.00453297,14.1819
28.332,0.7,0.0043315,14.127
28.334,0.7,0.00483516,14.122
28.336,0.7,0.00503663,14.1189
28.338,0.7,0.0043315,14.1162
28.34,0.7,0.0046337,14.1195
28.342,0.7,0.00533883,14.1256
28.344,0.7,0.0052381,14.1374
28.346,0.7,0.00503663,14.1293
28.348,0.7,0.0049359,14.1467
28.35,0.7,0.00543956,14.0555
28.352,0.7,0.00443223,14.0797
28.354,0.7,0.0049359,14.0777
28.356,0.7,0.00483516,14.0649
28.358,0.7,0.00443223,14.0232
28.36,0.7,0.00483516,14.0296
28.362,0.7,0.00483516,14.1281
28.364,0.7,0.00513736,14.1173
28.366,0.7,0.0052381,14.0723
28.368,0.7,0.00453297,14.0276
28.37,0.7,0.00533883,13.9669
28.372,0.7,0.00554029,13.9545
28.374,0.7,0.0046337,13.9154
28.376,0.7,0.0052381,13.9508
28.378,0.7,0.0052381,13.8988
28.38,0.7,0.00574176,13.9178
28.382,0.7,0.00503663,13.924
28.384,0.7,0.00664835,13.9534
28.386,0.7,0.0052381,13.9945
28.388,0.7,0.00533883,13.9704
28.39,0.7,0.00584249,13.9424
28.392,0.7,0.00503663,13.9548
28.394,0.7,0.00543956,13.9233
28.396,0.7,0.00513736,13.913
28.398,0.7,0.00443223,13.9442
28.4,0.7,0.00574176,13.985
28.402,0.7,0.00483516,13.9956
28.404,0.7,0.00503663,14.0703
28.406,0.7,0.00564103,14.0546
28.408,0.7,0.00473443,14.0263
28.41,0.7,0.00503663,14.0241
28.412,0.7,0.0046337,14.0161
28.414,0.7,0.00443223,14.0005
28.416,0.7,0.00503663,14.0016
28.418,0.7,0.00513736,14.0332
28.42,0.7,0.00483516,14.0107
28.422,0.7,0.00554029,14.0613
28.424,0.7,0.00543956,14.1256
28.426,0.7,0.00473443,14.1272
28.428,0.7,0.00513736,14.129
28.43,0.7,0.00503663,14.1417
28.432,0.7,0.0049359,14.1299
28.434,0.7,0.0046337,14.1664
28.436,0.7,0.00473443,14.1365
28.438,0.7,0.00453297,14.1603
28.44,0.7,0.00513736,14.1769
28.442,0.7,0.00483516,14.2079
28.444,0.7,0.00473443,14.2491
28.446,0.7,0.00453297,14.2512
28.448,0.7,0.0049359,14.2134
28.45,0.7,0.00443223,14.1764
28.452,0.7,0.00513736,14.1446
28.454,0.7,0.0043315,14.1317
28.456,0.7,0.00453297,14.1067
28.458,0.7,0.00473443,14.1324
28.46,0.7,0.00543956,14.0945
28.462,0.7,0.00503663,14.1268
28.464,0.7,0.00503663,14.1478
28.466,0.7,0.00503663,14.1641
28.468,0.7,0.0049359,14.1532
28.47,0.7,0.00503663,14.0936
28.472,0.7,0.0052381,14.0999
28.474,0.7,0.00513736,14.0692
28.476,0.7,0.00473443,14.0638
28.478,0.7,0.0052381,14.071
28.48,0.7,0.00513736,14.0892
28.482,0.7,0.00533883,14.0826
28.484,0.7,0.00513736,14.1065
28.486,0.7,0.00513736,14.1528
28.488,0.7,0.0052381,14.1128
28.49,0.7,0.00473443,14.0618
28.492,0.7,0.00513736,14.029
28.494,0.7,0.0052381,14.0181
28.496,0.7,0.0049359,14.0065
28.498,0.7,0.0046337,14.0012
28.5,0.7,0.00533883,14.0553
28.502,0.7,0.0052381,13.9647
28.504,0.7,0.0052381,14.0334
28.506,0.7,0.00564103,14.0954
28.508,0.7,0.00554029,14.0963
28.51,0.7,0.00533883,14.0773
28.512,0.7,0.00503663,14.043
28.514,0.7,0.0049359,14.0546
28.516,0.7,0.00513736,14.0678
28.518,0.7,0.00503663,14.0934
28.52,0.7,0.00473443,14.0596
28.522,0.7,0.0052381,14.0923
28.524,0.7,0.00574176,14.1469
28.526,0.7,0.0052381,14.1501
28.528,0.7,0.0043315,14.1862
28.53,0.7,0.00483516,14.166
28.532,0.7,0.00503663,14.144
28.534,0.7,0.00483516,14.1274
28.536,0.7,0.0040293,14.0993
28.538,0.7,0.00453297,14.1083
28.54,0.7,0.00513736,14.1044
28.542,0.7,0.00443223,14.1442
28.544,0.7,0.0052381,14.1544
28.546,0.7,0.00513736,14.171
28.548,0.7,0.00443223,14.1921
28.55,0.7,0.00473443,14.1428
28.552,0.7,0.0043315,14.1557
28.554,0.7,0.00453297,14.144
28.556,0.7,0.00533883,14.0918
28.558,0.7,0.00483516,14.0786
28.56,0.7,0.00453297,14.0984
28.562,0.7,0.00513736,14.115
28.564,0.7,0.00473443,14.1367
28.566,0.7,0.00533883,14.0631
28.568,0.7,0.00543956,14.1687
28.57,0.7,0.00503663,14.0826
28.572,0.7,0.00423077,14.0499
28.574,0.7,0.0049359,14.019
28.576,0.7,0.00443223,14.0014
28.578,0.7,0.0043315,13.9826
28.58,0.7,0.00564103,13.9919
28.582,0.7,0.00533883,13.9645
28.584,0.7,0.00554029,13.9948
28.586,0.7,0.00503663,14.0123
28.588,0.7,0.00473443,14.0397
28.59,0.7,0.00513736,13.9775
28.592,0.7,0.0052381,13.9244
28.594,0.7,0.00584249,13.9075
28.596,0.7,0.00543956,13.9042
28.598,0.7,0.00533883,13.9145
28.6,0.7,0.00533883,13.8979
28.602,0.7,0.0052381,13.8556
28.604,0.7,0.0052381,13.9062
28.606,0.7,0.00584249,13.8881
28.608,0.7,0.00513736,13.9277
28.61,0.7,0.0049359,13.8881
28.612,0.7,0.00503663,13.8724
28.614,0.7,0.00554029,13.8498
28.616,0.7,0.00533883,13.8417
28.618,0.7,0.00483516,13.8041
28.62,0.7,0.00503663,13.814
28.622,0.7,0.00574176,13.85
28.624,0.7,0.0049359,13.8626
28.626,0.7,0.00513736,13.8739
28.628,0.7,0.00533883,13.9123
28.63,0.7,0.0052381,13.9387
28.632,0.7,0.0052381,13.9451
28.634,0.7,0.00554029,13.9152
28.636,0.7,0.00533883,13.9319
28.638,0.7,0.00543956,13.9512
28.64,0.7,0.00533883,13.8992
28.642,0.7,0.0052381,13.9492
28.644,0.7,0.00483516,13.9897
28.646,0.7,0.00614469,14.0732
28.648,0.7,0.0049359,14.0475
28.65,0.7,0.00503663,14.088
28.652,0.7,0.00513736,14.0261
28.654,0.7,0.00473443,14.0571
28.656,0.7,0.0040293,14.1354
28.658,0.7,0.00483516,14.0634
28.66,0.7,0.0043315,14.058
28.662,0.7,0.00473443,14.077
28.664,0.7,0.00473443,14.0788
28.666,0.7,0.00473443,14.1011
28.668,0.7,0.00533883,14.1177
28.67,0.7,0.00503663,14.1483
28.672,0.7,0.00533883,14.0943
28.674,0.7,0.00543956,14.0995
28.676,0.7,0.00473443,14.0678
28.678,0.7,0.0049359,14.1022
28.68,0.7,0.0049359,14.1153
28.682,0.7,0.00503663,14.0894
28.684,0.7,0.00503663,14.1099
28.686,0.7,0.00503663,14.1204
28.688,0.7,0.00574176,14.1426
28.69,0.7,0.0043315,14.1335
28.692,0.7,0.00533883,14.115
28.694,0.7,0.0046337,14.0618
28.696,0.7,0.0046337,14.0526
28.698,0.7,0.00543956,14.0412
28.7,0.7,0.00533883,14.0312
28.702,0.7,0.0049359,14.0386
28.704,0.7,0.00503663,14.0312
28.706,0.7,0.0052381,14.0319
28.708,0.7,0.0049359,14.0649
28.71,0.7,0.00533883,14.0775
28.712,0.7,0.0052381,14.0493
28.714,0.7,0.00503663,14.005
28.716,0.7,0.0052381,14.0203
28.718,0.7,0.00554029,13.9972
28.72,0.7,0.00473443,13.981
28.722,0.7,0.00574176,14.0052
28.724,0.7,0.00564103,14.0163
28.726,0.7,0.00614469,14.015
28.728,0.7,0.00584249,14.0578
28.73,0.7,0.0052381,14.108
28.732,0.7,0.00443223,14.1085
28.734,0.7,0.0049359,14.0575
28.736,0.7,0.00483516,14.0674
28.738,0.7,0.0046337,14.0323
28.74,0.7,0.00574176,14.033
28.742,0.7,0.0049359,14.0694
28.744,0.7,0.00543956,14.0602
28.746,0.7,0.00503663,14.0954
28.748,0.7,0.00473443,14.111
28.75,0.7,0.00513736,14.1544
28.752,0.7,0.00533883,14.2035
28.754,0.7,0.00483516,14.173
28.756,0.7,0.0052381,14.1399
28.758,0.7,0.00503663,14.1254
28.76,0.7,0.0046337,14.1358
28.762,0.7,0.0046337,14.1714
28.764,0.7,0.00483516,14.1926
28.766,0.7,0.00473443,14.1851
28.768,0.7,0.0052381,14.2191
28.77,0.7,0.00423077,14.2841
28.772,0.7,0.00483516,14.2558
28.774,0.7,0.0049359,14.2337
28.776,0.7,0.00453297,14.1876
28.778,0.7,0.00473443,14.1728
28.78,0.7,0.00453297,14.1487
28.782,0.7,0.00503663,14.1587
28.784,0.7,0.00513736,14.1498
28.786,0.7,0.0046337,14.1532
28.788,0.7,0.00473443,14.161
28.79,0.7,0.00483516,14.1705
28.792,0.7,0.0052381,14.198
28.794,0.7,0.00483516,14.1315
28.796,0.7,0.0046337,14.1214
28.798,0.7,0.0046337,14.1367
28.8,0.7,0.00533883,14.1139
28.802,0.7,0.00413004,14.0766
28.804,0.7,0.0049359,14.115
28.806,0.7,0.00554029,14.1247
28.808,0.7,0.00443223,14.122
28.81,0.7,0.00483516,14.1078
28.812,0.7,0.0049359,14.1002
28.814,0.7,0.00453297,14.0515
28.816,0.7,0.0046337,14.0301
28.818,0.7,0.00503663,14.0096
28.82,0.7,0.00453297,13.9934
28.822,0.7,0.00503663,13.9653
28.824,0.7,0.0046337,13.9336
28.826,0.7,0.00503663,13.9539
28.828,0.7,0.00513736,13.9457
28.83,0.7,0.00543956,13.9797
28.832,0.7,0.00564103,13.9715
28.834,0.7,0.00513736,13.9824
28.836,0.7,0.00533883,13.9404
28.838,0.7,0.00533883,13.9255
28.84,0.7,0.0049359,13.9242
28.842,0.7,0.00503663,13.9426
28.844,0.7,0.00564103,13.9578
28.846,0.7,0.0049359,13.9367
28.848,0.7,0.00584249,13.9426
28.85,0.7,0.00503663,14.0363
28.852,0.7,0.00483516,14.0446
28.854,0.7,0.00503663,14.0383
28.856,0.7,0.00423077,14.0103
28.858,0.7,0.00443223,13.9874
28.86,0.7,0.00473443,13.9886
28.862,0.7,0.00513736,13.9861
28.864,0.7,0.00483516,13.9737
28.866,0.7,0.00443223,14.0134
28.868,0.7,0.00503663,14.0537
28.87,0.7,0.00503663,14.0694
28.872,0.7,0.00503663,14.0963
28.874,0.7,0.00483516,14.1591
28.876,0.7,0.0049359,14.1349
28.878,0.7,0.00473443,14.1523
28.88,0.7,0.0043315,14.1241
28.882,0.7,0.0049359,14.1403
28.884,0.7,0.00423077,14.163
28.886,0.7,0.00503663,14.1741
28.888,0.7,0.00554029,14.1873
28.89,0.7,0.00533883,14.2115
28.892,0.7,0.00473443,14.2503
28.894,0.7,0.0049359,14.2337
28.896,0.7,0.0049359,14.1844
28.898,0.7,0.0049359,14.1632
28.9,0.7,0.00423077,14.1483
28.902,0.7,0.00453297,14.141
28.904,0.7,0.00503663,14.0963
28.906,0.7,0.0046337,14.1155
28.908,0.7,0.0049359,14.1168
28.91,0.7,0.00513736,14.1153
28.912,0.7,0.00473443,14.129
28.914,0.7,0.00543956,14.1372
28.916,0.7,0.00503663,14.1058
28.918,0.7,0.0052381,14.099
28.92,0.7,0.00513736,14.0663
28.922,0.7,0.00554029,14.0578
28.924,0.7,0.0046337,14.0858
28.926,0.7,0.00513736,14.0589
28.928,0.7,0.0052381,14.0558
28.93,0.7,0.00513736,14.0914
28.932,0.7,0.00543956,14.1419
28.934,0.7,0.00513736,14.1306
28.936,0.7,0.0052381,14.058
28.938,0.7,0.0049359,14.0281
28.94,0.7,0.00543956,14.0203
28.942,0.7,0.00453297,14.0043
28.944,0.7,0.00483516,14.0366
28.946,0.7,0.00473443,13.9508
28.948,0.7,0.00543956,14.031
28.95,0.7,0.00513736,14.0517
28.952,0.7,0.0052381,14.0468
28.954,0.7,0.0049359,14.0952
28.956,0.7,0.00554029,14.0786
28.958,0.7,0.00513736,14.0618
28.96,0.7,0.0049359,14.0359
28.962,0.7,0.00443223,14.0366
28.964,0.7,0.00473443,14.0232
28.966,0.7,0.00513736,14.0488
28.968,0.7,0.00554029,14.0799
28.97,0.7,0.00533883,14.0721
28.972,0.7,0.00543956,14.1227
28.974,0.7,0.0043315,14.2195
28.976,0.7,0.0040293,14.1844
28.978,0.7,0.00443223,14.1496
28.98,0.7,0.00503663,14.1281
28.982,0.7,0.0043315,14.146
28.984,0.7,0.0046337,14.1419
28.986,0.7,0.00483516,14.1372
28.988,0.7,0.00473443,14.1238
28.99,0.7,0.00473443,14.1397
28.992,0.7,0.00483516,14.1969
28.994,0.7,0.0049359,14.1999
28.996,0.7,0.00513736,14.1696
28.998,0.7,0.00413004,14.1685
29,0.8,0.00473443,14.1065
29.002,0.8,0.0104762,14.1653
29.004,0.8,0.00997253,14.4691
29.006,0.8,0.00936813,14.6432
29.008,0.8,0.00876374,14.9026
29.01,0.8,0.00856227,14.9467
29.012,0.8,0.00906593,15.1606
29.014,0.8,0.00695055,15.378
29.016,0.8,0.00684982,15.4409
29.018,0.8,0.00684982,15.4923
29.02,0.8,0.00664835,15.5619
29.022,0.8,0.00634615,15.6227
29.024,0.8,0.00664835,15.694
29.026,0.8,0.00634615,15.7415
29.028,0.8,0.00755495,15.8261
29.03,0.8,0.00624542,15.8825
29.032,0.8,0.00614469,15.9677
29.034,0.8,0.00574176,15.9614
29.036,0.8,0.00644689,15.9346
29.038,0.8,0.00543956,15.9516
29.04,0.8,0.00554029,15.9735
29.042,0.8,0.00664835,15.9769
29.044,0.8,0.00564103,15.9732
29.046,0.8,0.00533883,16.0492
29.048,0.8,0.00604396,16.0764
29.05,0.8,0.00554029,16.0901
29.052,0.8,0.0052381,16.0501
29.054,0.8,0.0052381,16.0352
29.056,0.8,0.0049359,16.021
29.058,0.8,0.00564103,15.9955
29.06,0.8,0.00533883,16.0076
29.062,0.8,0.00513736,16.0518
29.064,0.8,0.00604396,16.072
29.066,0.8,0.00594322,16.1652
29.068,0.8,0.00533883,16.2165
29.07,0.8,0.00533883,16.1676
29.072,0.8,0.0046337,16.1363
29.074,0.8,0.0052381,16.151
29.076,0.8,0.00513736,16.1661
29.078,0.8,0.00574176,16.199
29.08,0.8,0.00483516,16.2219
29.082,0.8,0.00533883,16.3078
29.084,0.8,0.00533883,16.2691
29.086,0.8,0.0052381,16.27
29.088,0.8,0.00503663,16.2421
29.09,0.8,0.00453297,16.1832
29.092,0.8,0.00483516,16.2254
29.094,0.8,0.00443223,16.2844
29.096,0.8,0.0049359,16.2982
29.098,0.8,0.00513736,16.3078
29.1,0.8,0.00513736,16.3277
29.102,0.8,0.00473443,16.3552
29.104,0.8,0.0049359,16.338
29.106,0.8,0.00503663,16.337
29.108,0.8,0.0052381,16.3021
29.11,0.8,0.00483516,16.3048
29.112,0.8,0.00543956,16.3552
29.114,0.8,0.00584249,16.3428
29.116,0.8,0.0049359,16.3479
29.118,0.8,0.00513736,16.341
29.12,0.8,0.0052381,16.3706
29.122,0.8,0.00483516,16.3697
29.124,0.8,0.00513736,16.3177
29.126,0.8,0.00453297,16.2928
29.128,0.8,0.0049359,16.2946
29.13,0.8,0.00533883,16.3078
29.132,0.8,0.00503663,16.3063
29.134,0.8,0.00554029,16.3111
29.136,0.8,0.00584249,16.3383
29.138,0.8,0.00564103,16.3925
29.14,0.8,0.00473443,16.36
29.142,0.8,0.00533883,16.3105
29.144,0.8,0.0052381,16.3033
29.146,0.8,0.00564103,16.2886
29.148,0.8,0.00584249,16.3211
29.15,0.8,0.00574176,16.3262
29.152,0.8,0.00533883,16.3643
29.154,0.8,0.0046337,16.4193
29.156,0.8,0.00533883,16.4318
29.158,0.8,0.00483516,16.3834
29.16,0.8,0.00483516,16.3956
29.162,0.8,0.00443223,16.3992
29.164,0.8,0.00483516,16.3631
29.166,0.8,0.0052381,16.3652
29.168,0.8,0.0052381,16.4086
29.17,0.8,0.00503663,16.4166
29.172,0.8,0.00634615,16.4545
29.174,0.8,0.00513736,16.472
29.176,0.8,0.00483516,16.4621
29.178,0.8,0.00503663,16.4628
29.18,0.8,0.00483516,16.4833
29.182,0.8,0.0040293,16.4824
29.184,0.8,0.00453297,16.4972
29.186,0.8,0.0052381,16.504
29.188,0.8,0.00443223,16.5469
29.19,0.8,0.0049359,16.5615
29.192,0.8,0.00362637,16.5194
29.194,0.8,0.00483516,16.4963
29.196,0.8,0.00423077,16.4631
29.198,0.8,0.0043315,16.4487
29.2,0.8,0.00453297,16.4496
29.202,0.8,0.0043315,16.4658
29.204,0.8,0.0046337,16.4471
29.206,0.8,0.0049359,16.4625
29.208,0.8,0.00473443,16.491
29.21,0.8,0.00483516,16.4288
29.212,0.8,0.0052381,16.3816
29.214,0.8,0.00543956,16.3746
29.216,0.8,0.00513736,16.4102
29.218,0.8,0.00533883,16.4032
29.22,0.8,0.0046337,16.4147
29.222,0.8,0.00554029,16.4154
29.224,0.8,0.00554029,16.4334
29.226,0.8,0.0046337,16.3822
29.228,0.8,0.00453297,16.3549
29.23,0.8,0.00554029,16.3129
29.232,0.8,0.00543956,16.2979
29.234,0.8,0.00503663,16.2697
29.236,0.8,0.0052381,16.2278
29.238,0.8,0.00513736,16.2374
29.24,0.8,0.0052381,16.238
29.242,0.8,0.0046337,16.2553
29.244,0.8,0.00564103,16.2823
29.246,0.8,0.00533883,16.2416
29.248,0.8,0.0043315,16.2496
29.25,0.8,0.00584249,16.2442
29.252,0.8,0.00584249,16.2088
29.254,0.8,0.0049359,16.2389
29.256,0.8,0.00554029,16.2808
29.258,0.8,0.00564103,16.3214
29.26,0.8,0.0052381,16.3352
29.262,0.8,0.00453297,16.3063
29.264,0.8,0.00513736,16.3069
29.266,0.8,0.00473443,16.2826
29.268,0.8,0.00503663,16.2766
29.27,0.8,0.00513736,16.2568
29.272,0.8,0.00443223,16.2787
29.274,0.8,0.00483516,16.3355
29.276,0.8,0.00574176,16.3983
29.278,0.8,0.0049359,16.4321
29.28,0.8,0.0049359,16.4016
29.282,0.8,0.00554029,16.4291
29.284,0.8,0.0043315,16.4425
29.286,0.8,0.00453297,16.4111
29.288,0.8,0.0046337,16.438
29.29,0.8,0.00443223,16.4661
29.292,0.8,0.00533883,16.4963
29.294,0.8,0.00503663,16.537
29.296,0.8,0.00483516,16.4997
29.298,0.8,0.00503663,16.4714
29.3,0.8,0.0043315,16.4432
29.302,0.8,0.00473443,16.4196
29.304,0.8,0.00533883,16.4004
29.306,0.8,0.00513736,16.4273
29.308,0.8,0.00483516,16.4331
29.31,0.8,0.00564103,16.449
29.312,0.8,0.00533883,16.4606
29.314,0.8,0.00513736,16.4138
29.316,0.8,0.00503663,16.4117
29.318,0.8,0.0052381,16.3852
29.32,0.8,0.0049359,16.3755
29.322,0.8,0.00473443,16.3785
29.324,0.8,0.0049359,16.3977
29.326,0.8,0.0052381,16.4138
29.328,0.8,0.00584249,16.4563
29.33,0.8,0.0043315,16.4444
29.332,0.8,0.0049359,16.3773
29.334,0.8,0.0052381,16.3361
29.336,0.8,0.00513736,16.3271
29.338,0.8,0.0052381,16.2898
29.34,0.8,0.0049359,16.2583
29.342,0.8,0.00503663,16.3464
29.344,0.8,0.0052381,16.36
29.346,0.8,0.00554029,16.3746
29.348,0.8,0.0049359,16.3734
29.35,0.8,0.0049359,16.3488
29.352,0.8,0.00483516,16.3241
29.354,0.8,0.00543956,16.3256
29.356,0.8,0.00473443,16.3105
29.358,0.8,0.0052381,16.3407
29.36,0.8,0.00614469,16.3758
29.362,0.8,0.00584249,16.4291
29.364,0.8,0.00483516,16.503
29.366,0.8,0.0043315,16.4698
29.368,0.8,0.0049359,16.4367
29.37,0.8,0.0043315,16.4166
29.372,0.8,0.0049359,16.3843
29.374,0.8,0.00413004,16.3953
29.376,0.8,0.00443223,16.4068
29.378,0.8,0.00443223,16.4083
29.38,0.8,0.00503663,16.4769
29.382,0.8,0.00473443,16.4867
29.384,0.8,0.00483516,16.4459
29.386,0.8,0.0043315,16.464
29.388,0.8,0.0043315,16.437
29.39,0.8,0.00483516,16.4263
29.392,0.8,0.0043315,16.4199
29.394,0.8,0.00483516,16.4282
29.396,0.8,0.00473443,16.4566
29.398,0.8,0.00513736,16.367
29.4,0.8,0.00372711,16.4193
29.402,0.8,0.00513736,16.3828
29.404,0.8,0.00443223,16.3625
29.406,0.8,0.00443223,16.3265
29.408,0.8,0.00503663,16.3078
29.41,0.8,0.0046337,16.3217
29.412,0.8,0.0052381,16.3208
29.414,0.8,0.00423077,16.3316
29.416,0.8,0.00513736,16.3192
29.418,0.8,0.0052381,16.2925
29.42,0.8,0.0043315,16.246
29.422,0.8,0.0049359,16.2284
29.424,0.8,0.00483516,16.2216
29.426,0.8,0.0052381,16.1895
29.428,0.8,0.00554029,16.1978
29.43,0.8,0.00513736,16.2257
29.432,0.8,0.00564103,16.1996
29.434,0.8,0.00473443,16.2284
29.436,0.8,0.0049359,16.1889
29.438,0.8,0.0052381,16.1519
29.44,0.8,0.00533883,16.1442
29.442,0.8,0.0052381,16.1098
29.444,0.8,0.00503663,16.1177
29.446,0.8,0.00543956,16.1522
29.448,0.8,0.00564103,16.1616
29.45,0.8,0.00624542,16.2472
29.452,0.8,0.0052381,16.3042
29.454,0.8,0.00473443,16.1954
29.456,0.8,0.00483516,16.2132
29.458,0.8,0.00453297,16.2174
29.46,0.8,0.00503663,16.2517
29.462,0.8,0.00533883,16.2634
29.464,0.8,0.00533883,16.2757
29.466,0.8,0.00483516,16.2377
29.468,0.8,0.00543956,16.3153
29.47,0.8,0.00483516,16.3141
29.472,0.8,0.0043315,16.2847
29.474,0.8,0.00453297,16.2198
29.476,0.8,0.00473443,16.2589
29.478,0.8,0.0049359,16.3214
29.48,0.8,0.00503663,16.3334
29.482,0.8,0.00533883,16.3398
29.484,0.8,0.00513736,16.3619
29.486,0.8,0.00513736,16.3965
29.488,0.8,0.00574176,16.3725
29.49,0.8,0.0043315,16.3752
29.492,0.8,0.00453297,16.3416
29.494,0.8,0.0046337,16.3377
29.496,0.8,0.00453297,16.3965
29.498,0.8,0.00513736,16.3819
29.5,0.8,0.00503663,16.3849
29.502,0.8,0.0052381,16.3761
29.504,0.8,0.00533883,16.4117
29.506,0.8,0.0052381,16.4019
29.508,0.8,0.00443223,16.3528
29.51,0.8,0.00543956,16.3256
29.512,0.8,0.00443223,16.3202
29.514,0.8,0.00503663,16.3289
29.516,0.8,0.00533883,16.3244
29.518,0.8,0.00543956,16.325
29.52,0.8,0.00594322,16.3531
29.522,0.8,0.00574176,16.4029
29.524,0.8,0.0052381,16.3688
29.526,0.8,0.00543956,16.3153
29.528,0.8,0.00543956,16.3102
29.53,0.8,0.00543956,16.2895
29.532,0.8,0.00543956,16.3141
29.534,0.8,0.00503663,16.3226
29.536,0.8,0.00564103,16.364
29.538,0.8,0.00564103,16.4093
29.54,0.8,0.00533883,16.4242
29.542,0.8,0.00483516,16.3752
29.544,0.8,0.00543956,16.3883
29.546,0.8,0.00453297,16.3907
29.548,0.8,0.00543956,16.3609
29.55,0.8,0.00543956,16.3688
29.552,0.8,0.00473443,16.4099
29.554,0.8,0.00473443,16.4202
29.556,0.8,0.00624542,16.4582
29.558,0.8,0.00533883,16.4827
29.56,0.8,0.00483516,16.4732
29.562,0.8,0.0046337,16.4717
29.564,0.8,0.0040293,16.4907
29.566,0.8,0.00473443,16.4941
29.568,0.8,0.00533883,16.512
29.57,0.8,0.00513736,16.5151
29.572,0.8,0.00554029,16.5618
29.574,0.8,0.00533883,16.5792
29.576,0.8,0.00443223,16.5364
29.578,0.8,0.00473443,16.512
29.58,0.8,0.00473443,16.4941
29.582,0.8,0.00443223,16.4652
29.584,0.8,0.00503663,16.4686
29.586,0.8,0.00473443,16.4833
29.588,0.8,0.00574176,16.4658
29.59,0.8,0.00533883,16.48
29.592,0.8,0.00483516,16.5166
29.594,0.8,0.00483516,16.4471
29.596,0.8,0.0052381,16.4001
29.598,0.8,0.0046337,16.3904
29.6,0.8,0.0049359,16.4218
29.602,0.8,0.00554029,16.4141
29.604,0.8,0.0043315,16.423
29.606,0.8,0.00513736,16.4215
29.608,0.8,0.0046337,16.4367
29.61,0.8,0.0043315,16.3852
29.612,0.8,0.0046337,16.3558
29.614,0.8,0.00503663,16.3114
29.616,0.8,0.0046337,16.2997
29.618,0.8,0.0049359,16.2661
29.62,0.8,0.0052381,16.2192
29.622,0.8,0.00503663,16.2299
29.624,0.8,0.00513736,16.2299
29.626,0.8,0.0052381,16.2436
29.628,0.8,0.00564103,16.2721
29.63,0.8,0.00604396,16.235
29.632,0.8,0.00543956,16.2401
29.634,0.8,0.00543956,16.2034
29.636,0.8,0.00594322,16.1957
29.638,0.8,0.00543956,16.2249
29.64,0.8,0.00644689,16.226
29.642,0.8,0.00543956,16.3147
29.644,0.8,0.00543956,16.3256
29.646,0.8,0.00503663,16.2961
29.648,0.8,0.00473443,16.2937
29.65,0.8,0.00503663,16.2712
29.652,0.8,0.00533883,16.2652
29.654,0.8,0.0043315,16.2508
29.656,0.8,0.0052381,16.273
29.658,0.8,0.00543956,16.3292
29.66,0.8,0.00574176,16.3956
29.662,0.8,0.0052381,16.4236
29.664,0.8,0.0049359,16.3971
29.666,0.8,0.00513736,16.4282
29.668,0.8,0.0043315,16.437
29.67,0.8,0.0046337,16.405
29.672,0.8,0.00564103,16.4294
29.674,0.8,0.00423077,16.4569
29.676,0.8,0.00483516,16.4763
29.678,0.8,0.0046337,16.5212
29.68,0.8,0.00483516,16.4889
29.682,0.8,0.00473443,16.4763
29.684,0.8,0.0046337,16.4325
29.686,0.8,0.00483516,16.4099
29.688,0.8,0.0052381,16.3904
29.69,0.8,0.00473443,16.4184
29.692,0.8,0.0049359,16.4245
29.694,0.8,0.00543956,16.4444
29.696,0.8,0.00533883,16.4588
29.698,0.8,0.00443223,16.4105
29.7,0.8,0.0049359,16.4099
29.702,0.8,0.0049359,16.381
29.704,0.8,0.00533883,16.3734
29.706,0.8,0.00533883,16.3731
29.708,0.8,0.00554029,16.3913
29.71,0.8,0.0052381,16.4138
29.712,0.8,0.00584249,16.4569
29.714,0.8,0.0046337,16.4432
29.716,0.8,0.00533883,16.3798
29.718,0.8,0.00503663,16.3395
29.72,0.8,0.00513736,16.3322
29.722,0.8,0.00443223,16.2964
29.724,0.8,0.00543956,16.264
29.726,0.8,0.0052381,16.3534
29.728,0.8,0.0052381,16.3661
29.73,0.8,0.00624542,16.384
29.732,0.8,0.00533883,16.3828
29.734,0.8,0.00604396,16.3588
29.736,0.8,0.00413004,16.3361
29.738,0.8,0.00503663,16.3437
29.74,0.8,0.0052381,16.3229
29.742,0.8,0.00513736,16.3582
29.744,0.8,0.00554029,16.3892
29.746,0.8,0.0052381,16.4428
29.748,0.8,0.00513736,16.5129
29.75,0.8,0.00513736,16.4744
29.752,0.8,0.00423077,16.4511
29.754,0.8,0.00473443,16.4306
29.756,0.8,0.0046337,16.3971
29.758,0.8,0.0040293,16.4074
29.76,0.8,0.00513736,16.4181
29.762,0.8,0.00533883,16.416
29.764,0.8,0.0046337,16.4827
29.766,0.8,0.00413004,16.4926
29.768,0.8,0.00513736,16.4499
29.77,0.8,0.00533883,16.4612
29.772,0.8,0.00423077,16.4325
29.774,0.8,0.00453297,16.4193
29.776,0.8,0.0049359,16.4172
29.778,0.8,0.00513736,16.4221
29.78,0.8,0.00443223,16.3268
29.782,0.8,0.00473443,16.3619
29.784,0.8,0.00473443,16.4175
29.786,0.8,0.0046337,16.4019
29.788,0.8,0.00443223,16.3609
29.79,0.8,0.00483516,16.3238
29.792,0.8,0.00423077,16.3298
29.794,0.8,0.00413004,16.3165
29.796,0.8,0.00513736,16.3174
29.798,0.8,0.0049359,16.2847
29.8,0.8,0.00483516,16.3156
29.802,0.8,0.00574176,16.2958
29.804,0.8,0.00554029,16.2604
29.806,0.8,0.00574176,16.2329
29.808,0.8,0.00473443,16.2281
29.81,0.8,0.00473443,16.1969
29.812,0.8,0.00533883,16.2008
29.814,0.8,0.00543956,16.2269
29.816,0.8,0.00554029,16.1993
29.818,0.8,0.00533883,16.2272
29.82,0.8,0.00483516,16.1859
29.822,0.8,0.00533883,16.1495
29.824,0.8,0.0049359,16.1395
29.826,0.8,0.00503663,16.1392
29.828,0.8,0.00513736,16.1121
29.83,0.8,0.00594322,16.1439
29.832,0.8,0.00503663,16.1507
29.834,0.8,0.00594322,16.2427
29.836,0.8,0.00604396,16.2928
29.838,0.8,0.0049359,16.1794
29.84,0.8,0.00503663,16.207
29.842,0.8,0.00483516,16.2192
29.844,0.8,0.00483516,16.252
29.846,0.8,0.00513736,16.2658
29.848,0.8,0.0049359,16.2082
29.85,0.8,0.00473443,16.2493
29.852,0.8,0.00533883,16.3319
29.854,0.8,0.0049359,16.3706
29.856,0.8,0.0049359,16.3114
29.858,0.8,0.00483516,16.2493
29.86,0.8,0.00443223,16.3901
29.862,0.8,0.0046337,16.3555
29.864,0.8,0.00453297,16.3664
29.866,0.8,0.0043315,16.3737
29.868,0.8,0.00483516,16.3901
29.87,0.8,0.00513736,16.4245
29.872,0.8,0.00453297,16.4358
29.874,0.8,0.00443223,16.4044
29.876,0.8,0.0052381,16.3697
29.878,0.8,0.00473443,16.4065
29.88,0.8,0.0049359,16.4221
29.882,0.8,0.0049359,16.4102
29.884,0.8,0.0052381,16.416
29.886,0.8,0.00554029,16.4059
29.888,0.8,0.00513736,16.4364
29.89,0.8,0.00483516,16.434
29.892,0.8,0.00554029,16.3819
29.894,0.8,0.0043315,16.3564
29.896,0.8,0.00513736,16.3528
29.898,0.8,0.00543956,16.36
29.9,0.8,0.0049359,16.3609
29.902,0.8,0.00554029,16.3631
29.904,0.8,0.00604396,16.3904
29.906,0.8,0.00543956,16.437
29.908,0.8,0.0049359,16.4032
29.91,0.8,0.0049359,16.3473
29.912,0.8,0.00533883,16.3328
29.914,0.8,0.00543956,16.312
29.916,0.8,0.0046337,16.3386
29.918,0.8,0.0052381,16.347
29.92,0.8,0.00554029,16.3761
29.922,0.8,0.00453297,16.4294
29.924,0.8,0.00513736,16.438
29.926,0.8,0.00513736,16.3858
29.928,0.8,0.00564103,16.3983
29.93,0.8,0.00503663,16.4023
29.932,0.8,0.0043315,16.37
29.934,0.8,0.00513736,16.3746
29.936,0.8,0.00574176,16.4154
29.938,0.8,0.00453297,16.4282
29.94,0.8,0.00554029,16.4686
29.942,0.8,0.00543956,16.4849
29.944,0.8,0.00513736,16.4821
29.946,0.8,0.0049359,16.4793
29.948,0.8,0.00483516,16.4975
29.95,0.8,0.0043315,16.4969
29.952,0.8,0.00564103,16.5172
29.954,0.8,0.0040293,16.5194
29.956,0.8,0.0052381,16.5662
29.958,0.8,0.00443223,16.5802
29.96,0.8,0.00483516,16.5417
29.962,0.8,0.00392857,16.5154
29.964,0.8,0.0040293,16.4827
29.966,0.8,0.00443223,16.4714
29.968,0.8,0.00503663,16.4741
29.97,0.8,0.00423077,16.4898
29.972,0.8,0.00513736,16.4732
29.974,0.8,0.0052381,16.4926
29.976,0.8,0.00513736,16.5246
29.978,0.8,0.0046337,16.4591
29.98,0.8,0.00453297,16.4108
29.982,0.8,0.0049359,16.4172
29.984,0.8,0.00473443,16.4496
29.986,0.8,0.00574176,16.4361
29.988,0.8,0.0052381,16.449
29.99,0.8,0.00483516,16.4511
29.992,0.8,0.0046337,16.4661
29.994,0.8,0.00473443,16.4126
29.996,0.8,0.0043315,16.3892
29.998,0.8,0.00503663,16.3452
30,0.9,0.00453297,16.3292
30.002,0.9,0.0112821,16.3346
30.004,0.9,0.0109799,16.5939
30.006,0.9,0.00977106,16.8676
30.008,0.9,0.00936813,17.1285
30.01,0.9,0.00906593,17.3525
30.012,0.9,0.00856227,17.4481
30.014,0.9,0.00856227,17.5661
30.016,0.9,0.00785714,17.6821
30.018,0.9,0.00745421,17.823
30.02,0.9,0.00735348,17.9195
30.022,0.9,0.00765568,18.0016
30.024,0.9,0.00634615,18.176
30.026,0.9,0.00664835,18.256
30.028,0.9,0.00654762,18.2931
30.03,0.9,0.00574176,18.3215
30.032,0.9,0.00634615,18.3722
30.034,0.9,0.00564103,18.4277
30.036,0.9,0.00554029,18.4774
30.038,0.9,0.00604396,18.5434
30.04,0.9,0.00604396,18.6424
30.042,0.9,0.00513736,18.7027
30.044,0.9,0.00543956,18.7087
30.046,0.9,0.00533883,18.7134
30.048,0.9,0.00503663,18.7468
30.05,0.9,0.00554029,18.7882
30.052,0.9,0.0049359,18.811
30.054,0.9,0.00543956,18.8467
30.056,0.9,0.00554029,18.9084
30.058,0.9,0.00473443,18.8874
30.06,0.9,0.00503663,18.8717
30.062,0.9,0.0049359,18.8443
30.064,0.9,0.00473443,18.8267
30.066,0.9,0.00584249,18.854
30.068,0.9,0.00513736,18.8657
30.07,0.9,0.00513736,18.8923
30.072,0.9,0.0052381,18.8842
30.074,0.9,0.00473443,18.8701
30.076,0.9,0.00513736,18.8628
30.078,0.9,0.00564103,18.8806
30.08,0.9,0.00574176,18.8737
30.082,0.9,0.00533883,18.86
30.084,0.9,0.00513736,18.881
30.086,0.9,0.00574176,18.9226
30.088,0.9,0.00644689,18.8693
30.09,0.9,0.00574176,18.8287
30.092,0.9,0.00503663,18.807
30.094,0.9,0.00443223,18.7707
30.096,0.9,0.00423077,18.7352
30.098,0.9,0.00574176,18.7166
30.1,0.9,0.00513736,18.7926
30.102,0.9,0.00483516,18.8665
30.104,0.9,0.00483516,18.8339
30.106,0.9,0.00533883,18.8082
30.108,0.9,0.0052381,18.8174
30.11,0.9,0.00453297,18.7914
30.112,0.9,0.00604396,18.8219
30.114,0.9,0.00483516,18.8584
30.116,0.9,0.00513736,18.8818
30.118,0.9,0.00413004,18.9295
30.12,0.9,0.0046337,18.9105
30.122,0.9,0.00423077,18.8951
30.124,0.9,0.00362637,18.8874
30.126,0.9,0.0046337,18.8967
30.128,0.9,0.00483516,18.9101
30.13,0.9,0.00473443,18.9036
30.132,0.9,0.00473443,18.9186
30.134,0.9,0.0046337,18.9064
30.136,0.9,0.00453297,18.9214
30.138,0.9,0.00473443,18.8923
30.14,0.9,0.00554029,18.885
30.142,0.9,0.00533883,18.8247
30.144,0.9,0.00483516,18.7639
30.146,0.9,0.00594322,18.789
30.148,0.9,0.0040293,18.8552
30.15,0.9,0.00423077,18.8275
30.152,0.9,0.00483516,18.7878
30.154,0.9,0.00382784,18.7695
30.156,0.9,0.00513736,18.746
30.158,0.9,0.00453297,18.7138
30.16,0.9,0.00423077,18.7138
30.162,0.9,0.00594322,18.7368
30.164,0.9,0.00453297,18.7241
30.166,0.9,0.00443223,18.681
30.168,0.9,0.00443223,18.6652
30.17,0.9,0.00543956,18.6668
30.172,0.9,0.00543956,18.6542
30.174,0.9,0.00564103,18.6219
30.176,0.9,0.00513736,18.6302
30.178,0.9,0.00594322,18.6593
30.18,0.9,0.00503663,18.627
30.182,0.9,0.00483516,18.5703
30.184,0.9,0.00513736,18.5796
30.186,0.9,0.00483516,18.5523
30.188,0.9,0.00533883,18.5878
30.19,0.9,0.00574176,18.5898
30.192,0.9,0.00554029,18.6086
30.194,0.9,0.00564103,18.6605
30.196,0.9,0.00513736,18.7138
30.198,0.9,0.00473443,18.6676
30.2,0.9,0.00564103,18.6952
30.202,0.9,0.00503663,18.7059
30.204,0.9,0.0049359,18.7198
30.206,0.9,0.00594322,18.8122
30.208,0.9,0.0052381,18.9149
30.21,0.9,0.00392857,18.8054
30.212,0.9,0.00503663,18.7858
30.214,0.9,0.00533883,18.8299
30.216,0.9,0.00392857,18.7878
30.218,0.9,0.00533883,18.799
30.22,0.9,0.00503663,18.8026
30.222,0.9,0.00513736,18.8471
30.224,0.9,0.0052381,18.8697
30.226,0.9,0.00543956,18.8439
30.228,0.9,0.0052381,18.8142
30.23,0.9,0.0052381,18.8126
30.232,0.9,0.00473443,18.8279
30.234,0.9,0.00574176,18.8661
30.236,0.9,0.0052381,18.8786
30.238,0.9,0.00443223,18.9004
30.24,0.9,0.00483516,18.8399
30.242,0.9,0.00483516,18.8403
30.244,0.9,0.00483516,18.8166
30.246,0.9,0.0052381,18.817
30.248,0.9,0.00554029,18.8291
30.25,0.9,0.00513736,18.8178
30.252,0.9,0.00513736,18.8455
30.254,0.9,0.00554029,18.9064
30.256,0.9,0.00473443,18.8798
30.258,0.9,0.00543956,18.8275
30.26,0.9,0.0052381,18.8231
30.262,0.9,0.00564103,18.8355
30.264,0.9,0.00564103,18.8375
30.266,0.9,0.00584249,18.8705
30.268,0.9,0.00533883,18.9133
30.27,0.9,0.00533883,18.923
30.272,0.9,0.00473443,18.8794
30.274,0.9,0.00513736,18.8411
30.276,0.9,0.00503663,18.856
30.278,0.9,0.00503663,18.8576
30.28,0.9,0.0052381,18.8975
30.282,0.9,0.00513736,18.9076
30.284,0.9,0.0049359,18.9539
30.286,0.9,0.00543956,18.9563
30.288,0.9,0.0043315,18.9417
30.29,0.9,0.00423077,18.9624
30.292,0.9,0.00473443,18.9604
30.294,0.9,0.0052381,18.995
30.296,0.9,0.00473443,18.9975
30.298,0.9,0.00453297,19.0339
30.3,0.9,0.0046337,19.0052
30.302,0.9,0.00413004,18.9742
30.304,0.9,0.0040293,18.973
30.306,0.9,0.00392857,18.9401
30.308,0.9,0.00503663,18.9429
30.31,0.9,0.00483516,18.9588
30.312,0.9,0.0046337,18.9457
30.314,0.9,0.00564103,18.9405
30.316,0.9,0.00483516,18.9425
30.318,0.9,0.00473443,18.9097
30.32,0.9,0.00483516,18.9052
30.322,0.9,0.00443223,18.9032
30.324,0.9,0.00543956,18.8271
30.326,0.9,0.00574176,18.8331
30.328,0.9,0.00624542,18.8826
30.33,0.9,0.00513736,18.8907
30.332,0.9,0.00423077,18.862
30.334,0.9,0.00473443,18.813
30.336,0.9,0.0049359,18.8054
30.338,0.9,0.0046337,18.7922
30.34,0.9,0.00392857,18.7547
30.342,0.9,0.00554029,18.7356
30.344,0.9,0.00574176,18.7527
30.346,0.9,0.00604396,18.7579
30.348,0.9,0.00533883,18.736
30.35,0.9,0.00513736,18.7476
30.352,0.9,0.00604396,18.7436
30.354,0.9,0.0052381,18.7547
30.356,0.9,0.00594322,18.7146
30.358,0.9,0.00574176,18.8026
30.36,0.9,0.00554029,18.8058
30.362,0.9,0.0046337,18.7786
30.364,0.9,0.00473443,18.7535
30.366,0.9,0.00473443,18.7547
30.368,0.9,0.0049359,18.7631
30.37,0.9,0.0049359,18.7663
30.372,0.9,0.0052381,18.7986
30.374,0.9,0.00554029,18.8648
30.376,0.9,0.00503663,18.8935
30.378,0.9,0.00503663,18.8757
30.38,0.9,0.00503663,18.8588
30.382,0.9,0.00483516,18.8786
30.384,0.9,0.0046337,18.9024
30.386,0.9,0.00533883,18.9206
30.388,0.9,0.00604396,18.9527
30.39,0.9,0.00503663,18.984
30.392,0.9,0.00473443,18.9441
30.394,0.9,0.00483516,18.9372
30.396,0.9,0.00453297,18.8975
30.398,0.9,0.00453297,18.8769
30.4,0.9,0.0049359,18.8979
30.402,0.9,0.00554029,18.904
30.404,0.9,0.00503663,18.9238
30.406,0.9,0.00513736,18.9214
30.408,0.9,0.00513736,18.8983
30.41,0.9,0.00543956,18.8705
30.412,0.9,0.0046337,18.8604
30.414,0.9,0.0052381,18.8661
30.416,0.9,0.00513736,18.862
30.418,0.9,0.00443223,18.8979
30.42,0.9,0.00533883,18.9405
30.422,0.9,0.0046337,18.8967
30.424,0.9,0.0046337,18.8548
30.426,0.9,0.0049359,18.8359
30.428,0.9,0.00453297,18.797
30.43,0.9,0.00533883,18.7647
30.432,0.9,0.00564103,18.7464
30.434,0.9,0.00503663,18.8138
30.436,0.9,0.0049359,18.8741
30.438,0.9,0.00473443,18.8564
30.44,0.9,0.00453297,18.8407
30.442,0.9,0.00513736,18.8661
30.444,0.9,0.00453297,18.8996
30.446,0.9,0.00574176,18.8818
30.448,0.9,0.0052381,18.864
30.45,0.9,0.00533883,18.9303
30.452,0.9,0.00453297,18.9649
30.454,0.9,0.00554029,18.9506
30.456,0.9,0.00473443,18.9376
30.458,0.9,0.00392857,18.9336
30.46,0.9,0.00453297,18.9413
30.462,0.9,0.0043315,18.9186
30.464,0.9,0.00453297,18.9889
30.466,0.9,0.00543956,18.9958
30.468,0.9,0.00483516,18.9547
30.47,0.9,0.0043315,18.8955
30.472,0.9,0.00423077,18.9064
30.474,0.9,0.00473443,18.8971
30.476,0.9,0.00453297,18.8838
30.478,0.9,0.00453297,18.8263
30.48,0.9,0.00503663,18.8588
30.482,0.9,0.00503663,18.9226
30.484,0.9,0.00453297,18.8882
30.486,0.9,0.00443223,18.8483
30.488,0.9,0.0049359,18.85
30.49,0.9,0.00483516,18.8343
30.492,0.9,0.0049359,18.8267
30.494,0.9,0.00473443,18.8327
30.496,0.9,0.00483516,18.8608
30.498,0.9,0.0049359,18.809
30.5,0.9,0.00413004,18.7763
30.502,0.9,0.00543956,18.7372
30.504,0.9,0.00543956,18.7
30.506,0.9,0.00513736,18.7142
30.508,0.9,0.00574176,18.7404
30.51,0.9,0.00574176,18.7432
30.512,0.9,0.0046337,18.744
30.514,0.9,0.00574176,18.7015
30.516,0.9,0.0049359,18.642
30.518,0.9,0.00483516,18.6542
30.52,0.9,0.00503663,18.6184
30.522,0.9,0.00503663,18.6251
30.524,0.9,0.00533883,18.6727
30.526,0.9,0.0052381,18.7055
30.528,0.9,0.0052381,18.6735
30.53,0.9,0.00483516,18.7095
30.532,0.9,0.00513736,18.7285
30.534,0.9,0.00483516,18.7404
30.536,0.9,0.0049359,18.7396
30.538,0.9,0.0046337,18.7515
30.54,0.9,0.0049359,18.7317
30.542,0.9,0.00503663,18.8492
30.544,0.9,0.00473443,18.7954
30.546,0.9,0.00483516,18.7257
30.548,0.9,0.00423077,18.7719
30.55,0.9,0.00473443,18.8343
30.552,0.9,0.00453297,18.8596
30.554,0.9,0.0046337,18.8681
30.556,0.9,0.00604396,18.8996
30.558,0.9,0.00503663,18.8802
30.56,0.9,0.00503663,18.8874
30.562,0.9,0.00513736,18.8673
30.564,0.9,0.0052381,18.8528
30.566,0.9,0.00533883,18.8685
30.568,0.9,0.00554029,18.8475
30.57,0.9,0.00564103,18.8782
30.572,0.9,0.00533883,18.9052
30.574,0.9,0.00443223,18.9145
30.576,0.9,0.00533883,18.8761
30.578,0.9,0.00473443,18.8343
30.58,0.9,0.0052381,18.8347
30.582,0.9,0.0052381,18.8303
30.584,0.9,0.00483516,18.8299
30.586,0.9,0.00604396,18.8725
30.588,0.9,0.0052381,18.8443
30.59,0.9,0.00453297,18.811
30.592,0.9,0.00614469,18.8259
30.594,0.9,0.0049359,18.8259
30.596,0.9,0.00543956,18.8311
30.598,0.9,0.00644689,18.8351
30.6,0.9,0.00594322,18.8713
30.602,0.9,0.0052381,18.9251
30.604,0.9,0.00574176,18.8669
30.606,0.9,0.00483516,18.8709
30.608,0.9,0.00543956,18.9113
30.61,0.9,0.0043315,18.8644
30.612,0.9,0.0049359,18.8777
30.614,0.9,0.00554029,18.8983
30.616,0.9,0.00453297,18.9397
30.618,0.9,0.0049359,19.0077
30.62,0.9,0.00543956,18.9938
30.622,0.9,0.0049359,18.9759
30.624,0.9,0.00554029,18.9938
30.626,0.9,0.00533883,18.9909
30.628,0.9,0.00483516,18.9795
30.63,0.9,0.00453297,19.0196
30.632,0.9,0.00382784,19.068
30.634,0.9,0.0040293,19.0286
30.636,0.9,0.00443223,19.0089
30.638,0.9,0.00372711,18.9738
30.64,0.9,0.0043315,18.9726
30.642,0.9,0.00443223,18.9575
30.644,0.9,0.0049359,18.9649
30.646,0.9,0.00533883,18.9612
30.648,0.9,0.00513736,19.0323
30.65,0.9,0.00483516,18.9457
30.652,0.9,0.00503663,18.9775
30.654,0.9,0.00443223,18.9498
30.656,0.9,0.00503663,18.9234
30.658,0.9,0.00554029,18.9425
30.66,0.9,0.00533883,18.947
30.662,0.9,0.00443223,18.9592
30.664,0.9,0.00554029,18.9165
30.666,0.9,0.00473443,18.8697
30.668,0.9,0.00443223,18.8255
30.67,0.9,0.00413004,18.7771
30.672,0.9,0.00543956,18.7595
30.674,0.9,0.0052381,18.7735
30.676,0.9,0.0049359,18.7659
30.678,0.9,0.00584249,18.8287
30.68,0.9,0.00543956,18.7794
30.682,0.9,0.00574176,18.7412
30.684,0.9,0.00554029,18.7345
30.686,0.9,0.00564103,18.7206
30.688,0.9,0.00473443,18.7476
30.69,0.9,0.00473443,18.7858
30.692,0.9,0.0046337,18.854
30.694,0.9,0.00423077,18.8391
30.696,0.9,0.0046337,18.8086
30.698,0.9,0.00413004,18.801
30.7,0.9,0.00483516,18.779
30.702,0.9,0.00533883,18.7563
30.704,0.9,0.00543956,18.7703
30.706,0.9,0.00564103,18.7946
30.708,0.9,0.00543956,18.8528
30.71,0.9,0.00473443,18.8854
30.712,0.9,0.00473443,18.9234
30.714,0.9,0.00473443,18.9275
30.716,0.9,0.00554029,18.923
30.718,0.9,0.0046337,18.9356
30.72,0.9,0.00543956,18.9624
30.722,0.9,0.00503663,19.0032
30.724,0.9,0.0052381,18.9889
30.726,0.9,0.0046337,18.9636
30.728,0.9,0.0043315,18.9234
30.73,0.9,0.00423077,18.8971
30.732,0.9,0.00483516,18.9271
30.734,0.9,0.00513736,18.9121
30.736,0.9,0.00443223,18.8979
30.738,0.9,0.00543956,18.9388
30.74,0.9,0.0049359,18.8987
30.742,0.9,0.00503663,18.9056
30.744,0.9,0.00584249,18.8677
30.746,0.9,0.00473443,18.864
30.748,0.9,0.00533883,18.8681
30.75,0.9,0.00513736,18.8838
30.752,0.9,0.0052381,18.906
30.754,0.9,0.0049359,18.9449
30.756,0.9,0.00503663,18.8878
30.758,0.9,0.0049359,18.8588
30.76,0.9,0.00503663,18.8247
30.762,0.9,0.00483516,18.8194
30.764,0.9,0.00483516,18.8628
30.766,0.9,0.00533883,18.8773
30.768,0.9,0.00614469,18.8951
30.77,0.9,0.00453297,18.8919
30.772,0.9,0.00574176,18.8814
30.774,0.9,0.00564103,18.8628
30.776,0.9,0.00473443,18.8765
30.778,0.9,0.00543956,18.8653
30.78,0.9,0.0052381,18.9072
30.782,0.9,0.00503663,18.9624
30.784,0.9,0.00533883,18.9779
30.786,0.9,0.0043315,18.9722
30.788,0.9,0.00453297,18.9372
30.79,0.9,0.0046337,18.9048
30.792,0.9,0.00392857,18.9153
30.794,0.9,0.00483516,18.9251
30.796,0.9,0.00513736,18.9311
30.798,0.9,0.00513736,18.9612
30.8,0.9,0.00513736,18.9746
30.802,0.9,0.0049359,18.9677
30.804,0.9,0.0040293,18.9787
30.806,0.9,0.00503663,18.9368
30.808,0.9,0.00372711,18.9198
30.81,0.9,0.0049359,18.9567
30.812,0.9,0.00513736,18.9999
30.814,0.9,0.00423077,18.982
30.816,0.9,0.00473443,18.9084
30.818,0.9,0.00533883,18.8709
30.82,0.9,0.0040293,18.8359
30.822,0.9,0.0046337,18.8146
30.824,0.9,0.00543956,18.8038
30.826,0.9,0.0046337,18.8182
30.828,0.9,0.00473443,18.8267
30.83,0.9,0.00483516,18.8255
30.832,0.9,0.0052381,18.7711
30.834,0.9,0.00503663,18.7392
30.836,0.9,0.00503663,18.746
30.838,0.9,0.0046337,18.7321
30.84,0.9,0.00554029,18.7043
30.842,0.9,0.00413004,18.7099
30.844,0.9,0.00543956,18.7329
30.846,0.9,0.0049359,18.6984
30.848,0.9,0.00483516,18.6755
30.85,0.9,0.00443223,18.6723
30.852,0.9,0.00473443,18.6668
30.854,0.9,0.00503663,18.6723
30.856,0.9,0.00564103,18.6644
30.858,0.9,0.00564103,18.7571
30.86,0.9,0.0052381,18.7978
30.862,0.9,0.00543956,18.7424
30.864,0.9,0.00483516,18.6719
30.866,0.9,0.0046337,18.6822
30.868,0.9,0.0049359,18.6814
30.87,0.9,0.00483516,18.6924
30.872,0.9,0.00473443,18.7273
30.874,0.9,0.00584249,18.9628
30.876,0.9,0.00392857,18.8524
30.878,0.9,0.00443223,18.8339
30.88,0.9,0.00503663,18.8733
30.882,0.9,0.0043315,18.8283
30.884,0.9,0.0049359,18.8423
30.886,0.9,0.00533883,18.8407
30.888,0.9,0.0046337,18.8899
30.89,0.9,0.00554029,18.9048
30.892,0.9,0.00513736,18.8673
30.894,0.9,0.00423077,18.8911
30.896,0.9,0.00533883,18.8935
30.898,0.9,0.0049359,18.9093
30.9,0.9,0.00503663,18.8907
30.902,0.9,0.00513736,18.9056
30.904,0.9,0.00513736,18.9222
30.906,0.9,0.0052381,18.8673
30.908,0.9,0.00443223,18.8685
30.91,0.9,0.0040293,18.8415
30.912,0.9,0.00443223,18.8375
30.914,0.9,0.0049359,18.8504
30.916,0.9,0.00513736,18.8383
30.918,0.9,0.00564103,18.856
30.92,0.9,0.00533883,18.8733
30.922,0.9,0.00533883,18.8628
30.924,0.9,0.00614469,18.8443
30.926,0.9,0.00614469,18.8379
30.928,0.9,0.0049359,18.8572
30.93,0.9,0.00564103,18.8536
30.932,0.9,0.00574176,18.8814
30.934,0.9,0.0052381,18.9267
30.936,0.9,0.0052381,18.9384
30.938,0.9,0.00483516,18.8838
30.94,0.9,0.00483516,18.8512
30.942,0.9,0.00503663,18.8612
30.944,0.9,0.0046337,18.8886
30.946,0.9,0.00513736,18.8624
30.948,0.9,0.0046337,18.8939
30.95,0.9,0.00503663,18.9299
30.952,0.9,0.0049359,18.9421
30.954,0.9,0.00533883,18.9157
30.956,0.9,0.00443223,18.9401
30.958,0.9,0.00473443,18.9348
30.96,0.9,0.0049359,18.9628
30.962,0.9,0.0049359,18.9559
30.964,0.9,0.0046337,18.9963
30.966,0.9,0.0043315,19.0126
30.968,0.9,0.0046337,19.0008
30.97,0.9,0.00423077,18.9787
30.972,0.9,0.0040293,18.9636
30.974,0.9,0.0052381,18.9064
30.976,0.9,0.00564103,18.8899
30.978,0.9,0.00513736,18.8983
30.98,0.9,0.00574176,18.8919
30.982,0.9,0.0043315,18.8971
30.984,0.9,0.00483516,18.8777
30.986,0.9,0.00554029,18.8644
30.988,0.9,0.00443223,18.8612
30.99,0.9,0.0052381,18.8504
30.992,0.9,0.00543956,18.8677
30.994,0.9,0.00503663,18.9044
30.996,0.9,0.00554029,18.8745
30.998,0.9,0.00473443,18.797
31,1,0.0049359,18.7488
31.002,1,0.011685,18.7978
31.004,1,0.0107784,19.1436
31.006,1,0.00997253,19.3198
31.008,1,0.010174,19.4959
31.01,1,0.0100733,19.673
31.012,1,0.00946886,19.8257
31.014,1,0.00856227,19.9912
31.016,1,0.00765568,20.0917
31.018,1,0.00745421,20.2177
31.02,1,0.00735348,20.2962
31.022,1,0.00755495,20.4441
31.024,1,0.00745421,20.5808
31.026,1,0.00614469,20.6341
31.028,1,0.00594322,20.6868
31.03,1,0.00584249,20.71
31.032,1,0.00594322,20.7807
31.034,1,0.00574176,20.8233
31.036,1,0.00614469,20.8897
31.038,1,0.00584249,20.9561
31.04,1,0.00604396,21.0099
31.042,1,0.00543956,21.1028
31.044,1,0.00554029,21.127
31.046,1,0.0052381,21.1462
31.048,1,0.00533883,21.1756
31.05,1,0.00554029,21.2107
31.052,1,0.00533883,21.273
31.054,1,0.00513736,21.2515
31.056,1,0.00392857,21.2321
31.058,1,0.0052381,21.226
31.06,1,0.00483516,21.2714
31.062,1,0.0052381,21.2561
31.064,1,0.00554029,21.2873
31.066,1,0.00584249,21.2848
31.068,1,0.0049359,21.2525
31.07,1,0.00554029,21.2525
31.072,1,0.00554029,21.2418
31.074,1,0.00503663,21.2561
31.076,1,0.00554029,21.3053
31.078,1,0.00634615,21.348
31.08,1,0.00513736,21.3002
31.082,1,0.00594322,21.2546
31.084,1,0.0052381,21.2351
31.086,1,0.00533883,21.2878
31.088,1,0.00543956,21.2827
31.09,1,0.00584249,21.2735
31.092,1,0.00564103,21.276
31.094,1,0.00564103,21.2566
31.096,1,0.00574176,21.2397
31.098,1,0.00483516,21.2766
31.1,1,0.00533883,21.3084
31.102,1,0.00574176,21.2899
31.104,1,0.00543956,21.3439
31.106,1,0.00473443,21.4101
31.108,1,0.0049359,21.3527
31.11,1,0.00503663,21.3243
31.112,1,0.00483516,21.3289
31.114,1,0.0043315,21.3331
31.116,1,0.00382784,21.3063
31.118,1,0.00503663,21.378
31.12,1,0.00453297,21.3552
31.122,1,0.0049359,21.3527
31.124,1,0.00423077,21.3475
31.126,1,0.00423077,21.3449
31.128,1,0.00483516,21.2699
31.13,1,0.00483516,21.2086
31.132,1,0.00513736,21.3837
31.134,1,0.00372711,21.3423
31.136,1,0.00372711,21.275
31.138,1,0.00443223,21.2362
31.14,1,0.00392857,21.2229
31.142,1,0.0046337,21.1868
31.144,1,0.00533883,21.1822
31.146,1,0.00473443,21.2592
31.148,1,0.0046337,21.2122
31.15,1,0.00513736,21.1452
31.152,1,0.00543956,21.1432
31.154,1,0.00503663,21.1396
31.156,1,0.00564103,21.1058
31.158,1,0.00584249,21.1558
31.16,1,0.00543956,21.1477
31.162,1,0.00503663,21.1154
31.164,1,0.00483516,21.065
31.166,1,0.00564103,21.0214
31.168,1,0.0049359,21.0846
31.17,1,0.00513736,21.0605
31.172,1,0.00564103,21.065
31.174,1,0.00574176,21.125
31.176,1,0.00543956,21.1048
31.178,1,0.00554029,21.1179
31.18,1,0.00503663,21.1361
31.182,1,0.00564103,21.0836
31.184,1,0.0049359,21.1219
31.186,1,0.00533883,21.3738
31.188,1,0.00413004,21.2505
31.19,1,0.00413004,21.0957
31.192,1,0.00483516,21.1497
31.194,1,0.0049359,21.2239
31.196,1,0.0049359,21.2346
31.198,1,0.0049359,21.2781
31.2,1,0.0052381,21.2925
31.202,1,0.0052381,21.2505
31.204,1,0.00533883,21.2428
31.206,1,0.00453297,21.2474
31.208,1,0.00554029,21.2776
31.21,1,0.00564103,21.254
31.212,1,0.00533883,21.3387
31.214,1,0.00533883,21.3485
31.216,1,0.00473443,21.2801
31.218,1,0.00503663,21.2566
31.22,1,0.0049359,21.2612
31.222,1,0.00513736,21.2709
31.224,1,0.00483516,21.2602
31.226,1,0.00584249,21.2986
31.228,1,0.00533883,21.276
31.23,1,0.00533883,21.2663
31.232,1,0.00574176,21.2658
31.234,1,0.00503663,21.2976
31.236,1,0.00624542,21.2868
31.238,1,0.00584249,21.3073
31.24,1,0.00483516,21.3625
31.242,1,0.00513736,21.3552
31.244,1,0.0043315,21.3583
31.246,1,0.00543956,21.3171
31.248,1,0.00513736,21.3552
31.25,1,0.0046337,21.3661
31.252,1,0.00473443,21.3687
31.254,1,0.00513736,21.4512
31.256,1,0.00453297,21.4392
31.258,1,0.0040293,21.3831
31.26,1,0.00473443,21.4023
31.262,1,0.00543956,21.4631
31.264,1,0.00564103,21.4553
31.266,1,0.00382784,21.5296
31.268,1,0.0052381,21.4673
31.27,1,0.00443223,21.4569
31.272,1,0.00473443,21.4215
31.274,1,0.0043315,21.4272
31.276,1,0.0043315,21.4085
31.278,1,0.00543956,21.4142
31.28,1,0.00473443,21.4091
31.282,1,0.0043315,21.3847
31.284,1,0.00503663,21.3367
31.286,1,0.00413004,21.3919
31.288,1,0.00503663,21.3594
31.29,1,0.00554029,21.3888
31.292,1,0.00513736,21.4303
31.294,1,0.0046337,21.364
31.296,1,0.00443223,21.3372
31.298,1,0.0043315,21.2663
31.3,1,0.00443223,21.2168
31.302,1,0.00413004,21.2066
31.304,1,0.00473443,21.2071
31.306,1,0.00594322,21.2484
31.308,1,0.00483516,21.2275
31.31,1,0.00554029,21.2097
31.312,1,0.00533883,21.1969
31.314,1,0.00453297,21.2188
31.316,1,0.00543956,21.1898
31.318,1,0.0052381,21.2331
31.32,1,0.00503663,21.2658
31.322,1,0.0049359,21.2535
31.324,1,0.00392857,21.2602
31.326,1,0.0046337,21.2275
31.328,1,0.00483516,21.2387
31.33,1,0.00473443,21.2051
31.332,1,0.0049359,21.2204
31.334,1,0.00554029,21.3022
31.336,1,0.0043315,21.3248
31.338,1,0.00503663,21.3264
31.34,1,0.00453297,21.3429
31.342,1,0.00503663,21.3558
31.344,1,0.00543956,21.3821
31.346,1,0.00554029,21.4517
31.348,1,0.00443223,21.4402
31.35,1,0.00453297,21.4023
31.352,1,0.00423077,21.3961
31.354,1,0.00453297,21.3387
31.356,1,0.0040293,21.3599
31.358,1,0.00473443,21.3207
31.36,1,0.00564103,21.3609
31.362,1,0.0049359,21.3496
31.364,1,0.00513736,21.3625
31.366,1,0.0049359,21.3821
31.368,1,0.00473443,21.3733
31.37,1,0.0052381,21.3527
31.372,1,0.0052381,21.3578
31.374,1,0.0049359,21.3951
31.376,1,0.00503663,21.3423
31.378,1,0.00483516,21.3043
31.38,1,0.00413004,21.2719
31.382,1,0.0049359,21.2679
31.384,1,0.00554029,21.1903
31.386,1,0.00554029,21.2617
31.388,1,0.00584249,21.3217
31.39,1,0.00503663,21.3099
31.392,1,0.00443223,21.2966
31.394,1,0.00513736,21.3032
31.396,1,0.00483516,21.2955
31.398,1,0.0049359,21.3248
31.4,1,0.0052381,21.3511
31.402,1,0.00453297,21.3863
31.404,1,0.00443223,21.3702
31.406,1,0.0046337,21.3718
31.408,1,0.00453297,21.3248
31.41,1,0.00443223,21.3274
31.412,1,0.00413004,21.3331
31.414,1,0.0043315,21.379
31.416,1,0.0040293,21.364
31.418,1,0.00423077,21.2966
31.42,1,0.00483516,21.3161
31.422,1,0.00503663,21.3413
31.424,1,0.0049359,21.3465
31.426,1,0.00533883,21.4231
31.428,1,0.0049359,21.3925
31.43,1,0.00443223,21.3017
31.432,1,0.0043315,21.2586
31.434,1,0.0043315,21.254
31.436,1,0.00413004,21.2367
31.438,1,0.00483516,21.2295
31.44,1,0.00503663,21.2321
31.442,1,0.00533883,21.2153
31.444,1,0.00564103,21.169
31.446,1,0.0043315,21.1614
31.448,1,0.00574176,21.1229
31.45,1,0.00483516,21.1285
31.452,1,0.0049359,21.1199
31.454,1,0.00533883,21.126
31.456,1,0.00503663,21.1123
31.458,1,0.0049359,21.0922
31.46,1,0.00543956,21.0736
31.462,1,0.0043315,21.041
31.464,1,0.0049359,21.0846
31.466,1,0.0052381,21.0716
31.468,1,0.00473443,21.1058
31.47,1,0.00473443,21.1624
31.472,1,0.00443223,21.0811
31.474,1,0.00513736,21.1817
31.476,1,0.00503663,21.1852
31.478,1,0.00503663,21.1979
31.48,1,0.00503663,21.1209
31.482,1,0.0043315,21.2505
31.484,1,0.00453297,21.3027
31.486,1,0.00453297,21.3563
31.488,1,0.0043315,21.2423
31.49,1,0.0043315,21.2525
31.492,1,0.00483516,21.2627
31.494,1,0.00483516,21.2776
31.496,1,0.00513736,21.2925
31.498,1,0.00473443,21.2976
31.5,1,0.0046337,21.3145
31.502,1,0.00503663,21.3331
31.504,1,0.00513736,21.3156
31.506,1,0.00564103,21.3264
31.508,1,0.00543956,21.3295
31.51,1,0.00413004,21.348
31.512,1,0.0046337,21.3217
31.514,1,0.00443223,21.3253
31.516,1,0.0052381,21.2848
31.518,1,0.0049359,21.2735
31.52,1,0.00543956,21.2868
31.522,1,0.0052381,21.3609
31.524,1,0.00543956,21.3465
31.526,1,0.00533883,21.2791
31.528,1,0.00584249,21.2776
31.53,1,0.00584249,21.2945
31.532,1,0.00564103,21.2899
31.534,1,0.00594322,21.378
31.536,1,0.00543956,21.3888
31.538,1,0.0049359,21.33
31.54,1,0.0043315,21.3171
31.542,1,0.0046337,21.3259
31.544,1,0.00483516,21.3336
31.546,1,0.00574176,21.348
31.548,1,0.00543956,21.4059
31.55,1,0.0052381,21.421
31.552,1,0.00513736,21.407
31.554,1,0.0046337,21.4418
31.556,1,0.0040293,21.448
31.558,1,0.0052381,21.4314
31.56,1,0.00453297,21.4668
31.562,1,0.00413004,21.5086
31.564,1,0.00423077,21.5096
31.566,1,0.00392857,21.4992
31.568,1,0.00513736,21.4059
31.57,1,0.00443223,21.4085
31.572,1,0.0049359,21.4049
31.574,1,0.00513736,21.4044
31.576,1,0.0040293,21.4558
31.578,1,0.0043315,21.4637
31.58,1,0.00413004,21.3826
31.582,1,0.00443223,21.3857
31.584,1,0.00513736,21.2986
31.586,1,0.0052381,21.3058
31.588,1,0.0049359,21.3992
31.59,1,0.0046337,21.3537
31.592,1,0.00342491,21.2658
31.594,1,0.0040293,21.2459
31.596,1,0.00453297,21.2638
31.598,1,0.00503663,21.2285
31.6,1,0.00513736,21.201
31.602,1,0.00584249,21.1939
31.604,1,0.0049359,21.2051
31.606,1,0.0052381,21.1771
31.608,1,0.0049359,21.1609
31.61,1,0.0052381,21.2168
31.612,1,0.00483516,21.23
31.614,1,0.00533883,21.2505
31.616,1,0.0049359,21.2556
31.618,1,0.0049359,21.2362
31.62,1,0.0040293,21.228
31.622,1,0.0049359,21.2041
31.624,1,0.00473443,21.2362
31.626,1,0.00503663,21.2469
31.628,1,0.00564103,21.3099
31.63,1,0.00483516,21.3367
31.632,1,0.00443223,21.2791
31.634,1,0.00473443,21.3073
31.636,1,0.0049359,21.3516
31.638,1,0.00513736,21.3563
31.64,1,0.00533883,21.3795
31.642,1,0.00503663,21.4215
31.644,1,0.00533883,21.3821
31.646,1,0.00473443,21.3847
31.648,1,0.00453297,21.3269
31.65,1,0.0046337,21.3053
31.652,1,0.00473443,21.3454
31.654,1,0.00564103,21.3238
31.656,1,0.00543956,21.3542
31.658,1,0.0052381,21.3454
31.66,1,0.00564103,21.3202
31.662,1,0.00554029,21.3094
31.664,1,0.00473443,21.3125
31.666,1,0.00554029,21.33
31.668,1,0.00644689,21.4018
31.67,1,0.0049359,21.3527
31.672,1,0.00413004,21.3068
31.674,1,0.00443223,21.2817
31.676,1,0.00554029,21.2515
31.678,1,0.00614469,21.3377
31.68,1,0.00584249,21.2945
31.682,1,0.00644689,21.3305
31.684,1,0.00574176,21.3362
31.686,1,0.00543956,21.296
31.688,1,0.00554029,21.2991
31.69,1,0.00564103,21.3692
31.692,1,0.00574176,21.3449
31.694,1,0.00533883,21.3992
31.696,1,0.00564103,21.4595
31.698,1,0.0043315,21.4008
31.7,1,0.00413004,21.3671
31.702,1,0.00413004,21.3656
31.704,1,0.00443223,21.3697
31.706,1,0.00564103,21.3356
31.708,1,0.00574176,21.408
31.71,1,0.0046337,21.3837
31.712,1,0.00533883,21.3795
31.714,1,0.00423077,21.3645
31.716,1,0.00413004,21.3619
31.718,1,0.0046337,21.2791
31.72,1,0.00483516,21.2153
31.722,1,0.00594322,21.2377
31.724,1,0.00483516,21.3341
31.726,1,0.00453297,21.2745
31.728,1,0.00443223,21.2234
31.73,1,0.00513736,21.1974
31.732,1,0.0052381,21.1639
31.734,1,0.00513736,21.1604
31.736,1,0.00533883,21.23
31.738,1,0.0049359,21.1852
31.74,1,0.00584249,21.1098
31.742,1,0.0043315,21.1108
31.744,1,0.00503663,21.0726
31.746,1,0.0052381,21.0575
31.748,1,0.00513736,21.066
31.75,1,0.0052381,21.1018
31.752,1,0.00513736,21.0686
31.754,1,0.00423077,21.0204
31.756,1,0.00513736,20.9775
31.758,1,0.0049359,20.9795
31.76,1,0.0052381,21.0289
31.762,1,0.00594322,21.1194
31.764,1,0.00664835,21.0867
31.766,1,0.00483516,21.1508
31.768,1,0.0052381,21.0867
31.77,1,0.0052381,21.1038
31.772,1,0.00584249,21.053
31.774,1,0.00543956,21.0917
31.776,1,0.00604396,21.1756
31.778,1,0.00443223,21.226
31.78,1,0.00453297,21.202
31.782,1,0.00473443,21.1265
31.784,1,0.0040293,21.2005
31.786,1,0.0043315,21.2173
31.788,1,0.00503663,21.2362
31.79,1,0.00554029,21.2812
31.792,1,0.00533883,21.2423
31.794,1,0.00554029,21.2351
31.796,1,0.0043315,21.2423
31.798,1,0.00543956,21.2597
31.8,1,0.00543956,21.2489
31.802,1,0.00584249,21.2786
31.804,1,0.00513736,21.3506
31.806,1,0.00443223,21.3017
31.808,1,0.00473443,21.2622
31.81,1,0.00453297,21.2643
31.812,1,0.00503663,21.2791
31.814,1,0.00554029,21.2781
31.816,1,0.00594322,21.3115
31.818,1,0.00503663,21.2883
31.82,1,0.00554029,21.2796
31.822,1,0.00443223,21.2842
31.824,1,0.0049359,21.314
31.826,1,0.00574176,21.3048
31.828,1,0.00503663,21.3248
31.83,1,0.00564103,21.3769
31.832,1,0.00473443,21.3666
31.834,1,0.00503663,21.3645
31.836,1,0.0043315,21.3738
31.838,1,0.00473443,21.3589
31.84,1,0.00483516,21.3284
31.842,1,0.00574176,21.3681
31.844,1,0.00543956,21.4065
31.846,1,0.0046337,21.4413
31.848,1,0.00413004,21.422
31.85,1,0.00473443,21.3878
31.852,1,0.00503663,21.407
31.854,1,0.00453297,21.4439
31.856,1,0.00503663,21.4736
31.858,1,0.00473443,21.4454
31.86,1,0.00453297,21.4199
31.862,1,0.00392857,21.4091
31.864,1,0.00533883,21.4039
31.866,1,0.00533883,21.3904
31.868,1,0.0043315,21.3878
31.87,1,0.00564103,21.3966
31.872,1,0.0043315,21.4033
31.874,1,0.00443223,21.3264
31.876,1,0.0049359,21.3253
31.878,1,0.00513736,21.3475
31.88,1,0.00543956,21.3759
31.882,1,0.00473443,21.4194
31.884,1,0.0043315,21.38
31.886,1,0.0052381,21.3243
31.888,1,0.00453297,21.2766
31.89,1,0.00473443,21.1949
31.892,1,0.00503663,21.1898
31.894,1,0.00503663,21.1954
31.896,1,0.0052381,21.2316
31.898,1,0.00574176,21.2484
31.9,1,0.00483516,21.1898
31.902,1,0.0049359,21.1959
31.904,1,0.0052381,21.1852
31.906,1,0.00533883,21.1726
31.908,1,0.00513736,21.2061
31.91,1,0.0049359,21.2689
31.912,1,0.0052381,21.229
31.914,1,0.00473443,21.2326
31.916,1,0.0049359,21.2041
31.918,1,0.0043315,21.2102
31.92,1,0.00443223,21.2127
31.922,1,0.0052381,21.1979
31.924,1,0.00533883,21.2607
31.926,1,0.0052381,21.296
31.928,1,0.00473443,21.3434
31.93,1,0.0046337,21.3156
31.932,1,0.00503663,21.3423
31.934,1,0.00473443,21.3609
31.936,1,0.00554029,21.3868
31.938,1,0.00503663,21.4153
31.94,1,0.0046337,21.3961
31.942,1,0.00443223,21.3702
31.944,1,0.00413004,21.3759
31.946,1,0.00543956,21.3429
31.948,1,0.0049359,21.3532
31.95,1,0.00564103,21.347
31.952,1,0.00473443,21.3919
31.954,1,0.00513736,21.3547
31.956,1,0.00564103,21.314
31.958,1,0.0046337,21.3012
31.96,1,0.00564103,21.3434
31.962,1,0.00614469,21.3589
31.964,1,0.00483516,21.3883
31.966,1,0.0052381,21.348
31.968,1,0.00574176,21.2935
31.97,1,0.00554029,21.2878
31.972,1,0.0049359,21.2581
31.974,1,0.00513736,21.3109
31.976,1,0.00564103,21.2571
31.978,1,0.00554029,21.3289
31.98,1,0.00423077,21.3073
31.982,1,0.00503663,21.2832
31.984,1,0.00513736,21.3089
31.986,1,0.0049359,21.2909
31.988,1,0.00543956,21.3326
31.99,1,0.00554029,21.3403
31.992,1,0.00513736,21.3982
31.994,1,0.0052381,21.3821
31.996,1,0.0046337,21.3635
31.998,1,0.00503663,21.3775
32,1.1,0.00473443,21.3269
32.002,1.1,0.0109799,21.4642
32.004,1.1,0.0108791,21.6955
32.006,1.1,0.00997253,21.9598
32.008,1.1,0.00886447,22.1042
32.01,1.1,0.00856227,22.2624
32.012,1.1,0.00815934,22.4668
32.014,1.1,0.00805861,22.6522
32.016,1.1,0.00846154,22.7919
32.018,1.1,0.00634615,22.7972
32.02,1.1,0.00684982,22.8834
32.022,1.1,0.00594322,22.9237
32.024,1.1,0.00594322,22.9565
32.026,1.1,0.00624542,23.0001
32.028,1.1,0.00614469,23.1132
32.03,1.1,0.00594322,23.1562
32.032,1.1,0.00594322,23.1447
32.034,1.1,0.00513736,23.1641
32.036,1.1,0.00574176,23.1629
32.038,1.1,0.00584249,23.172
32.04,1.1,0.00604396,23.2324
32.042,1.1,0.00574176,23.274
32.044,1.1,0.00554029,23.2832
32.046,1.1,0.0052381,23.2568
32.048,1.1,0.00584249,23.2973
32.05,1.1,0.00654762,23.317
32.052,1.1,0.00604396,23.3016
32.054,1.1,0.00584249,23.3317
32.056,1.1,0.00554029,23.4009
32.058,1.1,0.0049359,23.3991
32.06,1.1,0.0052381,23.4432
32.062,1.1,0.00564103,23.4183
32.064,1.1,0.00543956,23.4053
32.066,1.1,0.00554029,23.6832
32.068,1.1,0.0049359,23.4687
32.07,1.1,0.00503663,23.6686
32.072,1.1,0.00473443,23.55
32.074,1.1,0.00443223,23.5469
32.076,1.1,0.00533883,23.5657
32.078,1.1,0.00594322,23.5978
32.08,1.1,0.00533883,23.5947
32.082,1.1,0.00533883,23.5865
32.084,1.1,0.0049359,23.5846
32.086,1.1,0.0049359,23.6205
32.088,1.1,0.00543956,23.6458
32.09,1.1,0.00533883,23.6781
32.092,1.1,0.00453297,23.6934
32.094,1.1,0.0046337,23.642
32.096,1.1,0.0049359,23.6218
32.098,1.1,0.00443223,23.642
32.1,1.1,0.00584249,23.642
32.102,1.1,0.00614469,23.6699
32.104,1.1,0.00574176,23.6566
32.106,1.1,0.00564103,23.668
32.108,1.1,0.00503663,23.6414
32.11,1.1,0.00543956,23.6648
32.112,1.1,0.00594322,23.6566
32.114,1.1,0.00503663,23.7475
32.116,1.1,0.0049359,23.6775
32.118,1.1,0.00483516,23.7411
32.12,1.1,0.00473443,23.6984
32.122,1.1,0.00503663,23.6959
32.124,1.1,0.00533883,23.715
32.126,1.1,0.00543956,23.7494
32.128,1.1,0.0049359,23.7794
32.13,1.1,0.00473443,23.7705
32.132,1.1,0.00503663,23.8218
32.134,1.1,0.0049359,23.7718
32.136,1.1,0.0049359,23.807
32.138,1.1,0.00453297,23.8803
32.14,1.1,0.0040293,23.825
32.142,1.1,0.00443223,23.8546
32.144,1.1,0.0040293,23.8378
32.146,1.1,0.00443223,23.759
32.148,1.1,0.00453297,23.7488
32.15,1.1,0.00584249,23.7583
32.152,1.1,0.0043315,23.7545
32.154,1.1,0.00423077,23.6711
32.156,1.1,0.00483516,23.7328
32.158,1.1,0.00443223,23.7188
32.16,1.1,0.00513736,23.7335
32.162,1.1,0.00503663,23.6769
32.164,1.1,0.0043315,23.6921
32.166,1.1,0.00584249,23.6066
32.168,1.1,0.0040293,23.6332
32.17,1.1,0.00423077,23.5393
32.172,1.1,0.00564103,23.5469
32.174,1.1,0.00554029,23.5865
32.176,1.1,0.00554029,23.5575
32.178,1.1,0.00533883,23.5456
32.18,1.1,0.00564103,23.5068
32.182,1.1,0.0049359,23.567
32.184,1.1,0.00564103,23.4974
32.186,1.1,0.0046337,23.5928
32.188,1.1,0.0052381,23.6003
32.19,1.1,0.00453297,23.5745
32.192,1.1,0.00503663,23.5412
32.194,1.1,0.00503663,23.4949
32.196,1.1,0.00483516,23.584
32.198,1.1,0.00564103,23.5701
32.2,1.1,0.0049359,23.6585
32.202,1.1,0.00503663,23.5909
32.204,1.1,0.0049359,23.6756
32.206,1.1,0.00483516,23.6604
32.208,1.1,0.00503663,23.6743
32.21,1.1,0.00624542,23.7398
32.212,1.1,0.00543956,23.7245
32.214,1.1,0.0049359,23.6978
32.216,1.1,0.0052381,23.6648
32.218,1.1,0.00513736,23.6212
32.22,1.1,0.00443223,23.6686
32.222,1.1,0.00584249,23.6927
32.224,1.1,0.0052381,23.7112
32.226,1.1,0.00533883,23.6515
32.228,1.1,0.00503663,23.6388
32.23,1.1,0.00503663,23.6883
32.232,1.1,0.00604396,23.6395
32.234,1.1,0.00513736,23.6775
32.236,1.1,0.00554029,23.6946
32.238,1.1,0.00533883,23.649
32.24,1.1,0.0049359,23.6395
32.242,1.1,0.0043315,23.6978
32.244,1.1,0.00564103,23.6769
32.246,1.1,0.00604396,23.6148
32.248,1.1,0.00543956,23.6743
32.25,1.1,0.00533883,23.6743
32.252,1.1,0.00513736,23.649
32.254,1.1,0.00533883,23.6092
32.256,1.1,0.00554029,23.6838
32.258,1.1,0.0052381,23.7424
32.26,1.1,0.00483516,23.7328
32.262,1.1,0.00423077,23.7309
32.264,1.1,0.0046337,23.7379
32.266,1.1,0.00584249,23.6775
32.268,1.1,0.00483516,23.6902
32.27,1.1,0.00513736,23.7169
32.272,1.1,0.00483516,23.7603
32.274,1.1,0.0043315,23.7335
32.276,1.1,0.0043315,23.7175
32.278,1.1,0.0049359,23.6477
32.28,1.1,0.0040293,23.7061
32.282,1.1,0.00533883,23.7386
32.284,1.1,0.00382784,23.7443
32.286,1.1,0.00443223,23.6597
32.288,1.1,0.0049359,23.6066
32.29,1.1,0.00413004,23.5714
32.292,1.1,0.0052381,23.5419
32.294,1.1,0.00513736,23.589
32.296,1.1,0.00453297,23.6174
32.298,1.1,0.00533883,23.5199
32.3,1.1,0.00483516,23.4968
32.302,1.1,0.00513736,23.4544
32.304,1.1,0.00594322,23.4276
32.306,1.1,0.00554029,23.4531
32.308,1.1,0.00584249,23.4762
32.31,1.1,0.0049359,23.4612
32.312,1.1,0.0043315,23.4078
32.314,1.1,0.00483516,23.4314
32.316,1.1,0.00574176,23.4196
32.318,1.1,0.00533883,23.4096
32.32,1.1,0.00554029,23.427
32.322,1.1,0.00513736,23.4905
32.324,1.1,0.00483516,23.4749
32.326,1.1,0.00473443,23.4706
32.328,1.1,0.0049359,23.4109
32.33,1.1,0.0052381,23.45
32.332,1.1,0.00503663,23.7182
32.334,1.1,0.00483516,23.4899
32.336,1.1,0.00382784,23.6826
32.338,1.1,0.00483516,23.5569
32.34,1.1,0.0046337,23.5789
32.342,1.1,0.00543956,23.5808
32.344,1.1,0.00554029,23.6079
32.346,1.1,0.00564103,23.5997
32.348,1.1,0.0052381,23.5966
32.35,1.1,0.0046337,23.6003
32.352,1.1,0.00503663,23.6496
32.354,1.1,0.00564103,23.6667
32.356,1.1,0.00513736,23.6832
32.358,1.1,0.00503663,23.6997
32.36,1.1,0.0049359,23.6382
32.362,1.1,0.00543956,23.6205
32.364,1.1,0.00543956,23.6401
32.366,1.1,0.0052381,23.6287
32.368,1.1,0.00624542,23.668
32.37,1.1,0.00554029,23.6547
32.372,1.1,0.00473443,23.6604
32.374,1.1,0.00533883,23.642
32.376,1.1,0.00574176,23.6566
32.378,1.1,0.00554029,23.7029
32.38,1.1,0.0052381,23.729
32.382,1.1,0.00423077,23.7264
32.384,1.1,0.00543956,23.7271
32.386,1.1,0.00473443,23.6813
32.388,1.1,0.00423077,23.68
32.39,1.1,0.00564103,23.7035
32.392,1.1,0.00634615,23.7545
32.394,1.1,0.0046337,23.7737
32.396,1.1,0.00503663,23.7807
32.398,1.1,0.00554029,23.8057
32.4,1.1,0.00473443,23.7705
32.402,1.1,0.00513736,23.8057
32.404,1.1,0.00453297,23.881
32.406,1.1,0.00443223,23.8224
32.408,1.1,0.0043315,23.8507
32.41,1.1,0.00332418,23.7571
32.412,1.1,0.00443223,23.759
32.414,1.1,0.00513736,23.7571
32.416,1.1,0.0049359,23.7718
32.418,1.1,0.00483516,23.7615
32.42,1.1,0.0043315,23.6838
32.422,1.1,0.0049359,23.7481
32.424,1.1,0.00483516,23.7354
32.426,1.1,0.00503663,23.6439
32.428,1.1,0.00503663,23.7462
32.43,1.1,0.0046337,23.7099
32.432,1.1,0.00483516,23.6218
32.434,1.1,0.00413004,23.6426
32.436,1.1,0.00453297,23.5563
32.438,1.1,0.0046337,23.5469
32.44,1.1,0.00533883,23.5538
32.442,1.1,0.00574176,23.5538
32.444,1.1,0.00543956,23.535
32.446,1.1,0.00503663,23.4962
32.448,1.1,0.00533883,23.5532
32.45,1.1,0.00473443,23.4837
32.452,1.1,0.00513736,23.5966
32.454,1.1,0.00533883,23.5871
32.456,1.1,0.00473443,23.5607
32.458,1.1,0.0049359,23.5256
32.46,1.1,0.00443223,23.4793
32.462,1.1,0.0052381,23.5701
32.464,1.1,0.0052381,23.6205
32.466,1.1,0.00543956,23.589
32.468,1.1,0.0049359,23.584
32.47,1.1,0.00513736,23.6648
32.472,1.1,0.00503663,23.6471
32.474,1.1,0.00533883,23.6635
32.476,1.1,0.00664835,23.7328
32.478,1.1,0.00392857,23.6991
32.48,1.1,0.00372711,23.6902
32.482,1.1,0.0049359,23.6509
32.484,1.1,0.0043315,23.6142
32.486,1.1,0.00543956,23.6585
32.488,1.1,0.00604396,23.6813
32.49,1.1,0.00533883,23.6959
32.492,1.1,0.00624542,23.6597
32.494,1.1,0.00473443,23.6205
32.496,1.1,0.00513736,23.6762
32.498,1.1,0.00594322,23.6123
32.5,1.1,0.00644689,23.6572
32.502,1.1,0.00503663,23.6731
32.504,1.1,0.0046337,23.6249
32.506,1.1,0.0049359,23.6161
32.508,1.1,0.00564103,23.6737
32.51,1.1,0.00584249,23.6483
32.512,1.1,0.00584249,23.5896
32.514,1.1,0.00604396,23.6496
32.516,1.1,0.00503663,23.6509
32.518,1.1,0.0043315,23.6174
32.52,1.1,0.0049359,23.6953
32.522,1.1,0.00533883,23.6667
32.524,1.1,0.00594322,23.7245
32.526,1.1,0.00503663,23.7226
32.528,1.1,0.00413004,23.7284
32.53,1.1,0.0043315,23.7379
32.532,1.1,0.0040293,23.68
32.534,1.1,0.00483516,23.729
32.536,1.1,0.00564103,23.7118
32.538,1.1,0.00513736,23.7571
32.54,1.1,0.00483516,23.7347
32.542,1.1,0.0043315,23.7156
32.544,1.1,0.00413004,23.6458
32.546,1.1,0.00473443,23.7035
32.548,1.1,0.00503663,23.7858
32.55,1.1,0.0043315,23.6686
32.552,1.1,0.0049359,23.6547
32.554,1.1,0.00423077,23.6054
32.556,1.1,0.0040293,23.572
32.558,1.1,0.00483516,23.5456
32.56,1.1,0.00483516,23.5984
32.562,1.1,0.00543956,23.5726
32.564,1.1,0.00503663,23.518
32.566,1.1,0.00473443,23.4993
32.568,1.1,0.00483516,23.45
32.57,1.1,0.00543956,23.4233
32.572,1.1,0.00554029,23.455
32.574,1.1,0.0052381,23.4912
32.576,1.1,0.0052381,23.46
32.578,1.1,0.00423077,23.4109
32.58,1.1,0.00533883,23.4332
32.582,1.1,0.00554029,23.4214
32.584,1.1,0.00584249,23.4016
32.586,1.1,0.00483516,23.4357
32.588,1.1,0.00483516,23.4843
32.59,1.1,0.00554029,23.4781
32.592,1.1,0.00533883,23.4781
32.594,1.1,0.00473443,23.414
32.596,1.1,0.00614469,23.6174
32.598,1.1,0.00443223,23.7163
32.6,1.1,0.0052381,23.4968
32.602,1.1,0.00503663,23.6896
32.604,1.1,0.0049359,23.5676
32.606,1.1,0.0040293,23.5877
32.608,1.1,0.00574176,23.5966
32.61,1.1,0.00513736,23.618
32.612,1.1,0.00503663,23.5997
32.614,1.1,0.00554029,23.601
32.616,1.1,0.0052381,23.6054
32.618,1.1,0.00513736,23.6464
32.62,1.1,0.00513736,23.6699
32.622,1.1,0.00453297,23.6667
32.624,1.1,0.00543956,23.6991
32.626,1.1,0.0052381,23.6376
32.628,1.1,0.00473443,23.6174
32.63,1.1,0.00473443,23.6382
32.632,1.1,0.00443223,23.6262
32.634,1.1,0.00604396,23.6547
32.636,1.1,0.00513736,23.7073
32.638,1.1,0.00533883,23.6616
32.64,1.1,0.00574176,23.6319
32.642,1.1,0.0052381,23.6547
32.644,1.1,0.00564103,23.6915
32.646,1.1,0.00614469,23.7245
32.648,1.1,0.0049359,23.7207
32.65,1.1,0.0043315,23.6616
32.652,1.1,0.00533883,23.6819
32.654,1.1,0.0049359,23.6788
32.656,1.1,0.00533883,23.6997
32.658,1.1,0.00594322,23.7539
32.66,1.1,0.00543956,23.7622
32.662,1.1,0.00453297,23.7743
32.664,1.1,0.00503663,23.7354
32.666,1.1,0.00584249,23.8128
32.668,1.1,0.0043315,23.7993
32.67,1.1,0.00503663,23.8694
32.672,1.1,0.0043315,23.8121
32.674,1.1,0.00413004,23.841
32.676,1.1,0.00453297,23.7379
32.678,1.1,0.00423077,23.7417
32.68,1.1,0.00483516,23.7411
32.682,1.1,0.00503663,23.7424
32.684,1.1,0.00503663,23.75
32.686,1.1,0.0046337,23.6718
32.688,1.1,0.00543956,23.7328
32.69,1.1,0.00594322,23.7207
32.692,1.1,0.00423077,23.6363
32.694,1.1,0.00473443,23.7341
32.696,1.1,0.0049359,23.6553
32.698,1.1,0.00413004,23.6117
32.7,1.1,0.00423077,23.6338
32.702,1.1,0.00473443,23.5419
32.704,1.1,0.00533883,23.5475
32.706,1.1,0.00594322,23.5532
32.708,1.1,0.00513736,23.5921
32.71,1.1,0.0052381,23.5406
32.712,1.1,0.0052381,23.5093
32.714,1.1,0.00533883,23.5657
32.716,1.1,0.00604396,23.503
32.718,1.1,0.00473443,23.618
32.72,1.1,0.00473443,23.5802
32.722,1.1,0.00513736,23.5494
32.724,1.1,0.00574176,23.5588
32.726,1.1,0.00513736,23.5199
32.728,1.1,0.00503663,23.6174
32.73,1.1,0.00554029,23.6699
32.732,1.1,0.0052381,23.649
32.734,1.1,0.00473443,23.7124
32.736,1.1,0.00473443,23.7258
32.738,1.1,0.0052381,23.7143
32.74,1.1,0.00513736,23.7303
32.742,1.1,0.00543956,23.8051
32.744,1.1,0.00453297,23.7699
32.746,1.1,0.0043315,23.7667
32.748,1.1,0.0043315,23.7112
32.75,1.1,0.00483516,23.7539
32.752,1.1,0.00503663,23.736
32.754,1.1,0.00594322,23.7641
32.756,1.1,0.0052381,23.7711
32.758,1.1,0.00513736,23.7373
32.76,1.1,0.00513736,23.7667
32.762,1.1,0.00513736,23.7112
32.764,1.1,0.0046337,23.722
32.766,1.1,0.00564103,23.7999
32.768,1.1,0.00483516,23.75
32.77,1.1,0.0046337,23.7016
32.772,1.1,0.0049359,23.6889
32.774,1.1,0.00473443,23.6509
32.776,1.1,0.0052381,23.567
32.778,1.1,0.00574176,23.6813
32.78,1.1,0.00473443,23.722
32.782,1.1,0.0052381,23.7124
32.784,1.1,0.00453297,23.6762
32.786,1.1,0.0052381,23.7481
32.788,1.1,0.00533883,23.7175
32.79,1.1,0.0049359,23.722
32.792,1.1,0.00473443,23.7782
32.794,1.1,0.00382784,23.7641
32.796,1.1,0.00443223,23.7692
32.798,1.1,0.00483516,23.7156
32.8,1.1,0.0046337,23.7654
32.802,1.1,0.0052381,23.791
32.804,1.1,0.00453297,23.7641
32.806,1.1,0.00382784,23.782
32.808,1.1,0.0040293,23.6946
32.81,1.1,0.0052381,23.7335
32.812,1.1,0.0046337,23.7392
32.814,1.1,0.0052381,23.8211
32.816,1.1,0.0043315,23.7016
32.818,1.1,0.00392857,23.6794
32.82,1.1,0.00473443,23.6313
32.822,1.1,0.00453297,23.6123
32.824,1.1,0.00453297,23.6193
32.826,1.1,0.0049359,23.6224
32.828,1.1,0.00503663,23.606
32.83,1.1,0.00453297,23.535
32.832,1.1,0.00443223,23.5256
32.834,1.1,0.00483516,23.4843
32.836,1.1,0.0049359,23.4693
32.838,1.1,0.00574176,23.4762
32.84,1.1,0.00423077,23.5137
32.842,1.1,0.0049359,23.4326
32.844,1.1,0.0052381,23.4544
32.846,1.1,0.00483516,23.4065
32.848,1.1,0.00543956,23.3886
32.85,1.1,0.00554029,23.427
32.852,1.1,0.0049359,23.5701
32.854,1.1,0.00473443,23.5481
32.856,1.1,0.00503663,23.4693
32.858,1.1,0.00443223,23.4152
32.86,1.1,0.0046337,23.422
32.862,1.1,0.00574176,23.6262
32.864,1.1,0.0043315,23.5682
32.866,1.1,0.00443223,23.6407
32.868,1.1,0.00483516,23.6256
32.87,1.1,0.0052381,23.5582
32.872,1.1,0.00503663,23.5884
32.874,1.1,0.0052381,23.5915
32.876,1.1,0.00584249,23.6332
32.878,1.1,0.00533883,23.6294
32.88,1.1,0.00483516,23.6136
32.882,1.1,0.00513736,23.6635
32.884,1.1,0.00443223,23.6502
32.886,1.1,0.00533883,23.6559
32.888,1.1,0.00554029,23.6534
32.89,1.1,0.00483516,23.6515
32.892,1.1,0.00503663,23.6066
32.894,1.1,0.00533883,23.6123
32.896,1.1,0.00533883,23.6224
32.898,1.1,0.00594322,23.6275
32.9,1.1,0.00564103,23.6458
32.902,1.1,0.00564103,23.7054
32.904,1.1,0.00574176,23.6351
32.906,1.1,0.00453297,23.6148
32.908,1.1,0.00543956,23.6616
32.91,1.1,0.00533883,23.6819
32.912,1.1,0.00533883,23.7112
32.914,1.1,0.0046337,23.7303
32.916,1.1,0.00413004,23.6737
32.918,1.1,0.00473443,23.675
32.92,1.1,0.00533883,23.6946
32.922,1.1,0.00533883,23.7373
32.924,1.1,0.00543956,23.7673
32.926,1.1,0.0052381,23.8179
32.928,1.1,0.00443223,23.7935
32.93,1.1,0.0049359,23.7513
32.932,1.1,0.0046337,23.8275
32.934,1.1,0.00513736,23.8713
32.936,1.1,0.00503663,23.8778
32.938,1.1,0.00453297,23.8823
32.94,1.1,0.00322344,23.8102
32.942,1.1,0.00453297,23.7891
32.944,1.1,0.00473443,23.7756
32.946,1.1,0.00392857,23.7724
32.948,1.1,0.00574176,23.7718
32.95,1.1,0.00453297,23.7494
32.952,1.1,0.0049359,23.8006
32.954,1.1,0.0052381,23.7577
32.956,1.1,0.00473443,23.6616
32.958,1.1,0.00503663,23.7615
32.96,1.1,0.00423077,23.7603
32.962,1.1,0.00362637,23.6864
32.964,1.1,0.0040293,23.6686
32.966,1.1,0.0040293,23.5726
32.968,1.1,0.00453297,23.5557
32.97,1.1,0.00453297,23.5783
32.972,1.1,0.00574176,23.5594
32.974,1.1,0.00483516,23.6098
32.976,1.1,0.0052381,23.5412
32.978,1.1,0.00513736,23.567
32.98,1.1,0.00574176,23.5506
32.982,1.1,0.00513736,23.5802
32.984,1.1,0.00503663,23.6041
32.986,1.1,0.00473443,23.5915
32.988,1.1,0.00503663,23.5645
32.99,1.1,0.0043315,23.5682
32.992,1.1,0.00513736,23.6054
32.994,1.1,0.00473443,23.6079
32.996,1.1,0.00554029,23.6237
32.998,1.1,0.00503663,23.6591
33,1.2,0.00543956,23.7048
33.002,1.2,0.0104762,23.7833
33.004,1.2,0.0104762,24.0552
33.006,1.2,0.00987179,24.3375
33.008,1.2,0.00967033,24.5669
33.01,1.2,0.00836081,24.7091
33.012,1.2,0.00795788,24.8404
33.014,1.2,0.00775641,25.0106
33.016,1.2,0.00715201,25.0937
33.018,1.2,0.00795788,25.2204
33.02,1.2,0.00805861,25.3398
33.022,1.2,0.00634615,25.39
33.024,1.2,0.00684982,25.4478
33.026,1.2,0.00634615,25.5856
33.028,1.2,0.00695055,25.573
33.03,1.2,0.00705128,25.677
33.032,1.2,0.00624542,25.7541
33.034,1.2,0.00614469,25.7421
33.036,1.2,0.00584249,25.7526
33.038,1.2,0.00584249,25.7182
33.04,1.2,0.00624542,25.8453
33.042,1.2,0.00594322,25.9067
33.044,1.2,0.0052381,25.9044
33.046,1.2,0.00543956,25.9196
33.048,1.2,0.00543956,25.8839
33.05,1.2,0.00543956,25.9821
33.052,1.2,0.00634615,25.9928
33.054,1.2,0.0046337,26.0503
33.056,1.2,0.00473443,26.0495
33.058,1.2,0.00533883,26.0403
33.06,1.2,0.00483516,26.0058
33.062,1.2,0.00473443,26.0242
33.064,1.2,0.00503663,26.071
33.066,1.2,0.00503663,26.081
33.068,1.2,0.00413004,26.081
33.07,1.2,0.00513736,26.0004
33.072,1.2,0.00473443,26.0649
33.074,1.2,0.00473443,25.9493
33.076,1.2,0.0046337,26.0803
33.078,1.2,0.0040293,26.0081
33.08,1.2,0.00443223,25.9745
33.082,1.2,0.00483516,25.9417
33.084,1.2,0.00513736,25.9059
33.086,1.2,0.0052381,25.9936
33.088,1.2,0.00483516,25.9006
33.09,1.2,0.0049359,25.8801
33.092,1.2,0.0052381,25.8453
33.094,1.2,0.0049359,25.8324
33.096,1.2,0.00564103,25.8862
33.098,1.2,0.00513736,25.8392
33.1,1.2,0.0046337,25.8287
33.102,1.2,0.00543956,25.7564
33.104,1.2,0.00503663,25.8385
33.106,1.2,0.00554029,25.8053
33.108,1.2,0.00543956,25.8083
33.11,1.2,0.0052381,25.8756
33.112,1.2,0.00483516,25.8536
33.114,1.2,0.00503663,25.794
33.116,1.2,0.00554029,25.9173
33.118,1.2,0.00584249,25.8083
33.12,1.2,0.00483516,25.9752
33.122,1.2,0.00423077,25.8045
33.124,1.2,0.00443223,25.9722
33.126,1.2,0.00443223,25.9691
33.128,1.2,0.0049359,25.9913
33.13,1.2,0.00574176,26.0203
33.132,1.2,0.0046337,26.0311
33.134,1.2,0.00483516,26.0234
33.136,1.2,0.00584249,26.0787
33.138,1.2,0.00503663,25.9943
33.14,1.2,0.00564103,26.0941
33.142,1.2,0.00513736,26.0211
33.144,1.2,0.0049359,26.0787
33.146,1.2,0.0052381,26.0158
33.148,1.2,0.00503663,26.0395
33.15,1.2,0.00574176,26.0257
33.152,1.2,0.00584249,26.0487
33.154,1.2,0.00503663,26.0089
33.156,1.2,0.00584249,26.0403
33.158,1.2,0.00624542,26.071
33.16,1.2,0.00614469,26.0418
33.162,1.2,0.00624542,26.1281
33.164,1.2,0.0052381,26.0472
33.166,1.2,0.00543956,26.1219
33.168,1.2,0.00483516,26.0733
33.17,1.2,0.0049359,26.0718
33.172,1.2,0.00503663,26.1126
33.174,1.2,0.0052381,26.1404
33.176,1.2,0.00574176,26.1815
33.178,1.2,0.0049359,26.1637
33.18,1.2,0.00574176,26.1722
33.182,1.2,0.00513736,26.1606
33.184,1.2,0.0049359,26.2484
33.186,1.2,0.00443223,26.1986
33.188,1.2,0.0049359,26.2305
33.19,1.2,0.0046337,26.1265
33.192,1.2,0.00473443,26.1288
33.194,1.2,0.00503663,26.1412
33.196,1.2,0.0052381,26.2025
33.198,1.2,0.00453297,26.2126
33.2,1.2,0.00543956,26.0718
33.202,1.2,0.0046337,26.1111
33.204,1.2,0.00503663,26.1528
33.206,1.2,0.00453297,26.0841
33.208,1.2,0.00473443,26.0664
33.21,1.2,0.00423077,26.0541
33.212,1.2,0.00473443,25.9714
33.214,1.2,0.00513736,25.9417
33.216,1.2,0.00543956,25.9493
33.218,1.2,0.00554029,26.0203
33.22,1.2,0.00604396,25.9493
33.222,1.2,0.0049359,25.9379
33.224,1.2,0.00513736,25.9836
33.226,1.2,0.00604396,25.9052
33.228,1.2,0.00483516,26.0196
33.23,1.2,0.00503663,25.9729
33.232,1.2,0.00533883,25.9478
33.234,1.2,0.0046337,25.9539
33.236,1.2,0.00513736,25.9638
33.238,1.2,0.00564103,25.9318
33.24,1.2,0.00564103,26.0119
33.242,1.2,0.0052381,26.0203
33.244,1.2,0.00483516,26.0987
33.246,1.2,0.00443223,26.0887
33.248,1.2,0.00574176,26.1011
33.25,1.2,0.00503663,26.1613
33.252,1.2,0.00473443,26.1265
33.254,1.2,0.00483516,26.0995
33.256,1.2,0.0046337,26.1343
33.258,1.2,0.00453297,26.0503
33.26,1.2,0.0049359,26.0903
33.262,1.2,0.00554029,26.1088
33.264,1.2,0.00554029,26.0841
33.266,1.2,0.00473443,26.1451
33.268,1.2,0.00483516,26.0849
33.27,1.2,0.0049359,26.0972
33.272,1.2,0.0046337,26.1768
33.274,1.2,0.0043315,26.1095
33.276,1.2,0.00473443,26.0987
33.278,1.2,0.00574176,26.0272
33.28,1.2,0.00543956,26.1404
33.282,1.2,0.00594322,26.0434
33.284,1.2,0.00513736,26.1049
33.286,1.2,0.0052381,26.1119
33.288,1.2,0.00543956,26.0672
33.29,1.2,0.0049359,26.0749
33.292,1.2,0.00564103,26.1165
33.294,1.2,0.00554029,26.1312
33.296,1.2,0.00473443,26.1683
33.298,1.2,0.00473443,26.1428
33.3,1.2,0.00483516,26.1637
33.302,1.2,0.00453297,26.1203
33.304,1.2,0.00443223,26.1823
33.306,1.2,0.00513736,26.1606
33.308,1.2,0.0046337,26.1815
33.31,1.2,0.00473443,26.0864
33.312,1.2,0.00302198,26.1072
33.314,1.2,0.0052381,25.9806
33.316,1.2,0.0046337,26.1823
33.318,1.2,0.00352564,26.1095
33.32,1.2,0.00443223,26.0372
33.322,1.2,0.0043315,26.0058
33.324,1.2,0.00473443,25.9729
33.326,1.2,0.00604396,26.0165
33.328,1.2,0.00473443,25.9813
33.33,1.2,0.00513736,25.9806
33.332,1.2,0.00453297,25.9295
33.334,1.2,0.0052381,25.928
33.336,1.2,0.0052381,25.9379
33.338,1.2,0.00533883,25.8983
33.34,1.2,0.0043315,25.8968
33.342,1.2,0.00513736,25.8423
33.344,1.2,0.0052381,25.8771
33.346,1.2,0.00473443,25.8498
33.348,1.2,0.00564103,25.9447
33.35,1.2,0.00513736,25.8892
33.352,1.2,0.00443223,25.8597
33.354,1.2,0.0052381,25.8377
33.356,1.2,0.0052381,25.8976
33.358,1.2,0.00543956,25.8619
33.36,1.2,0.00513736,26.1474
33.362,1.2,0.00443223,25.9127
33.364,1.2,0.00503663,26.0487
33.366,1.2,0.00483516,25.9844
33.368,1.2,0.00443223,25.9974
33.37,1.2,0.00564103,26.0411
33.372,1.2,0.00483516,26.0641
33.374,1.2,0.0040293,26.0726
33.376,1.2,0.00543956,26.0196
33.378,1.2,0.00503663,26.0549
33.38,1.2,0.00574176,26.0741
33.382,1.2,0.00503663,26.0918
33.384,1.2,0.00453297,26.0964
33.386,1.2,0.00473443,26.0487
33.388,1.2,0.00443223,26.0672
33.39,1.2,0.0049359,26.0672
33.392,1.2,0.00533883,26.1018
33.394,1.2,0.00513736,26.0741
33.396,1.2,0.00513736,26.0833
33.398,1.2,0.00574176,26.088
33.4,1.2,0.00564103,26.1065
33.402,1.2,0.00584249,26.1567
33.404,1.2,0.00554029,26.173
33.406,1.2,0.00473443,26.1544
33.408,1.2,0.0049359,26.1265
33.41,1.2,0.00473443,26.1319
33.412,1.2,0.00513736,26.1838
33.414,1.2,0.00584249,26.1854
33.416,1.2,0.00554029,26.2102
33.418,1.2,0.0046337,26.204
33.42,1.2,0.00503663,26.1916
33.422,1.2,0.00483516,26.2663
33.424,1.2,0.00503663,26.3007
33.426,1.2,0.00473443,26.2937
33.428,1.2,0.0040293,26.2266
33.43,1.2,0.00382784,26.2056
33.432,1.2,0.00503663,26.2133
33.434,1.2,0.00483516,26.204
33.436,1.2,0.00584249,26.2118
33.438,1.2,0.00533883,26.2063
33.44,1.2,0.0043315,26.1373
33.442,1.2,0.00453297,26.1986
33.444,1.2,0.00503663,26.091
33.446,1.2,0.00584249,26.2009
33.448,1.2,0.00473443,26.2048
33.45,1.2,0.0043315,26.125
33.452,1.2,0.00423077,26.0649
33.454,1.2,0.00473443,26.0957
33.456,1.2,0.0052381,26.0303
33.458,1.2,0.00584249,26.0234
33.46,1.2,0.00533883,26.0603
33.462,1.2,0.0052381,25.9859
33.464,1.2,0.0049359,26.0226
33.466,1.2,0.00543956,25.9836
33.468,1.2,0.00614469,26.0411
33.47,1.2,0.00554029,26.0518
33.472,1.2,0.00483516,26.0326
33.474,1.2,0.0043315,26.0004
33.476,1.2,0.00584249,25.9523
33.478,1.2,0.00503663,26.0472
33.48,1.2,0.00594322,26.0895
33.482,1.2,0.0049359,26.0687
33.484,1.2,0.00503663,26.0703
33.486,1.2,0.0052381,26.0664
33.488,1.2,0.00513736,26.1219
33.49,1.2,0.00503663,26.1497
33.492,1.2,0.00513736,26.1768
33.494,1.2,0.00413004,26.152
33.496,1.2,0.0052381,26.1049
33.498,1.2,0.0049359,26.1443
33.5,1.2,0.00533883,26.1319
33.502,1.2,0.00654762,26.1196
33.504,1.2,0.00584249,26.1119
33.506,1.2,0.00473443,26.0995
33.508,1.2,0.00584249,26.0818
33.51,1.2,0.00543956,26.1281
33.512,1.2,0.00624542,26.1428
33.514,1.2,0.00513736,26.1466
33.516,1.2,0.00503663,26.1026
33.518,1.2,0.00473443,26.0941
33.52,1.2,0.00564103,26.061
33.522,1.2,0.0052381,26.0987
33.524,1.2,0.00604396,26.1234
33.526,1.2,0.0052381,26.108
33.528,1.2,0.00483516,26.0795
33.53,1.2,0.00543956,26.0418
33.532,1.2,0.00503663,26.1242
33.534,1.2,0.00564103,26.1799
33.536,1.2,0.0046337,26.159
33.538,1.2,0.0046337,26.1675
33.54,1.2,0.0046337,26.0941
33.542,1.2,0.0043315,26.1544
33.544,1.2,0.00473443,26.1234
33.546,1.2,0.0049359,26.1544
33.548,1.2,0.00413004,26.1459
33.55,1.2,0.00483516,26.1838
33.552,1.2,0.0046337,26.0718
33.554,1.2,0.0046337,26.1373
33.556,1.2,0.00533883,26.2266
33.558,1.2,0.00473443,26.0957
33.56,1.2,0.00423077,26.0779
33.562,1.2,0.00443223,26.0426
33.564,1.2,0.00453297,26.0326
33.566,1.2,0.00533883,26.0142
33.568,1.2,0.00554029,26.0572
33.57,1.2,0.00483516,25.9577
33.572,1.2,0.00392857,25.9379
33.574,1.2,0.0049359,25.8907
33.576,1.2,0.0049359,25.8634
33.578,1.2,0.00543956,25.9455
33.58,1.2,0.00533883,25.8915
33.582,1.2,0.00453297,25.8778
33.584,1.2,0.00453297,25.8604
33.586,1.2,0.00513736,25.8854
33.588,1.2,0.00453297,25.8536
33.59,1.2,0.00473443,25.8506
33.592,1.2,0.0049359,25.9242
33.594,1.2,0.00513736,25.912
33.596,1.2,0.00503663,25.8317
33.598,1.2,0.00584249,25.9523
33.6,1.2,0.00533883,25.846
33.602,1.2,0.0052381,25.9333
33.604,1.2,0.00453297,25.8219
33.606,1.2,0.00453297,25.9867
33.608,1.2,0.0046337,25.9851
33.61,1.2,0.00503663,25.9981
33.612,1.2,0.00574176,26.0395
33.614,1.2,0.00503663,26.0518
33.616,1.2,0.00513736,26.0318
33.618,1.2,0.0052381,26.0933
33.62,1.2,0.00554029,26.0672
33.622,1.2,0.00554029,26.1119
33.624,1.2,0.00554029,26.0411
33.626,1.2,0.0049359,26.0957
33.628,1.2,0.00483516,26.1065
33.63,1.2,0.00584249,26.0703
33.632,1.2,0.00533883,26.0472
33.634,1.2,0.00564103,26.0818
33.636,1.2,0.00533883,26.142
33.638,1.2,0.00513736,26.0795
33.64,1.2,0.0052381,26.1173
33.642,1.2,0.00543956,26.0864
33.644,1.2,0.00584249,26.1126
33.646,1.2,0.0052381,26.1018
33.648,1.2,0.00473443,26.1784
33.65,1.2,0.00473443,26.1319
33.652,1.2,0.0049359,26.1304
33.654,1.2,0.00513736,26.1699
33.656,1.2,0.00564103,26.1986
33.658,1.2,0.00574176,26.2382
33.66,1.2,0.0046337,26.2242
33.662,1.2,0.00473443,26.2344
33.664,1.2,0.00483516,26.2219
33.666,1.2,0.00483516,26.2741
33.668,1.2,0.00413004,26.2624
33.67,1.2,0.00413004,26.2968
33.672,1.2,0.00382784,26.1947
33.674,1.2,0.00503663,26.1978
33.676,1.2,0.00443223,26.204
33.678,1.2,0.00503663,26.2609
33.68,1.2,0.0046337,26.264
33.682,1.2,0.00503663,26.1203
33.684,1.2,0.0043315,26.1567
33.686,1.2,0.00513736,26.1931
33.688,1.2,0.00423077,26.1188
33.69,1.2,0.00423077,26.1065
33.692,1.2,0.00453297,26.0895
33.694,1.2,0.00423077,26.0043
33.696,1.2,0.00443223,25.9798
33.698,1.2,0.00543956,25.9859
33.7,1.2,0.00513736,26.0641
33.702,1.2,0.00483516,25.9882
33.704,1.2,0.00554029,25.9798
33.706,1.2,0.00503663,26.0249
33.708,1.2,0.00533883,25.9478
33.71,1.2,0.0052381,26.0626
33.712,1.2,0.0049359,26.0165
33.714,1.2,0.00423077,26.0119
33.716,1.2,0.00453297,25.9882
33.718,1.2,0.00543956,25.992
33.72,1.2,0.00473443,25.96
33.722,1.2,0.00453297,26.0972
33.724,1.2,0.0049359,26.0411
33.726,1.2,0.00543956,26.1188
33.728,1.2,0.00473443,26.108
33.73,1.2,0.00483516,26.1497
33.732,1.2,0.0046337,26.1776
33.734,1.2,0.00483516,26.1443
33.736,1.2,0.0040293,26.1211
33.738,1.2,0.00483516,26.0903
33.74,1.2,0.00503663,26.0656
33.742,1.2,0.0052381,26.1149
33.744,1.2,0.00513736,26.1335
33.746,1.2,0.0052381,26.1397
33.748,1.2,0.00533883,26.1652
33.75,1.2,0.00554029,26.1003
33.752,1.2,0.00483516,26.1173
33.754,1.2,0.00543956,26.1745
33.756,1.2,0.0049359,26.1296
33.758,1.2,0.00443223,26.1203
33.76,1.2,0.00543956,26.0457
33.762,1.2,0.00513736,26.1265
33.764,1.2,0.00644689,26.0541
33.766,1.2,0.00574176,26.1203
33.768,1.2,0.00473443,26.1242
33.77,1.2,0.00543956,26.1173
33.772,1.2,0.0052381,26.0841
33.774,1.2,0.00543956,26.1203
33.776,1.2,0.00564103,26.1335
33.778,1.2,0.0049359,26.1544
33.78,1.2,0.00413004,26.1381
33.782,1.2,0.00453297,26.1497
33.784,1.2,0.0049359,26.1026
33.786,1.2,0.00533883,26.1668
33.788,1.2,0.0049359,26.1474
33.79,1.2,0.00453297,26.1606
33.792,1.2,0.00473443,26.0703
33.794,1.2,0.00453297,26.0826
33.796,1.2,0.00513736,25.9523
33.798,1.2,0.0046337,26.1528
33.8,1.2,0.00453297,26.0772
33.802,1.2,0.00423077,26.0073
33.804,1.2,0.00503663,25.9806
33.806,1.2,0.00443223,25.9409
33.808,1.2,0.0052381,25.9913
33.81,1.2,0.00473443,25.9523
33.812,1.2,0.0046337,25.9478
33.814,1.2,0.00453297,25.9014
33.816,1.2,0.00543956,25.8991
33.818,1.2,0.00503663,25.8619
33.82,1.2,0.00483516,25.8733
33.822,1.2,0.00513736,25.8665
33.824,1.2,0.0046337,25.8181
33.826,1.2,0.00443223,25.8408
33.828,1.2,0.00533883,25.7692
33.83,1.2,0.00564103,25.9181
33.832,1.2,0.00513736,25.8604
33.834,1.2,0.00533883,25.84
33.836,1.2,0.0049359,25.8196
33.838,1.2,0.00513736,25.8778
33.84,1.2,0.00513736,25.8544
33.842,1.2,0.00533883,26.1265
33.844,1.2,0.00453297,25.8991
33.846,1.2,0.00473443,26.0326
33.848,1.2,0.00503663,25.9622
33.85,1.2,0.0049359,25.979
33.852,1.2,0.00574176,26.028
33.854,1.2,0.00543956,26.0142
33.856,1.2,0.00483516,26.0487
33.858,1.2,0.0049359,26.0035
33.86,1.2,0.0046337,26.0341
33.862,1.2,0.00483516,26.0587
33.864,1.2,0.00473443,26.0703
33.866,1.2,0.00483516,26.0718
33.868,1.2,0.0049359,26.0272
33.87,1.2,0.00453297,26.0372
33.872,1.2,0.00554029,26.0388
33.874,1.2,0.00533883,26.0687
33.876,1.2,0.00554029,26.0526
33.878,1.2,0.00584249,26.0518
33.88,1.2,0.0052381,26.0526
33.882,1.2,0.00614469,26.0756
33.884,1.2,0.00594322,26.1265
33.886,1.2,0.0052381,26.1459
33.888,1.2,0.0049359,26.1242
33.89,1.2,0.00473443,26.1026
33.892,1.2,0.00513736,26.0995
33.894,1.2,0.0052381,26.1567
33.896,1.2,0.00634615,26.159
33.898,1.2,0.00503663,26.19
33.9,1.2,0.00543956,26.1823
33.902,1.2,0.00513736,26.1699
33.904,1.2,0.00453297,26.2445
33.906,1.2,0.00533883,26.2827
33.908,1.2,0.0049359,26.2835
33.91,1.2,0.00372711,26.2141
33.912,1.2,0.00392857,26.1993
33.914,1.2,0.0040293,26.2017
33.916,1.2,0.0040293,26.1877
33.918,1.2,0.00513736,26.1986
33.92,1.2,0.00483516,26.1931
33.922,1.2,0.00483516,26.1196
33.924,1.2,0.0043315,26.1854
33.926,1.2,0.00513736,26.0826
33.928,1.2,0.0049359,26.1924
33.93,1.2,0.00392857,26.1962
33.932,1.2,0.0043315,26.1157
33.934,1.2,0.0043315,26.0618
33.936,1.2,0.0046337,26.0833
33.938,1.2,0.00473443,26.0096
33.94,1.2,0.00654762,26.0119
33.942,1.2,0.00564103,26.048
33.944,1.2,0.00533883,25.9691
33.946,1.2,0.00513736,26.0073
33.948,1.2,0.00513736,25.9676
33.95,1.2,0.00584249,26.0242
33.952,1.2,0.00533883,26.0395
33.954,1.2,0.0043315,26.0165
33.956,1.2,0.00443223,25.9897
33.958,1.2,0.00503663,25.9432
33.96,1.2,0.00473443,26.0349
33.962,1.2,0.00574176,26.0833
33.964,1.2,0.00564103,26.0518
33.966,1.2,0.00543956,26.0664
33.968,1.2,0.00443223,26.0587
33.97,1.2,0.0049359,26.1149
33.972,1.2,0.0052381,26.1319
33.974,1.2,0.00503663,26.1675
33.976,1.2,0.0043315,26.1482
33.978,1.2,0.00503663,26.1049
33.98,1.2,0.00382784,26.1343
33.982,1.2,0.00554029,26.1234
33.984,1.2,0.00574176,26.1157
33.986,1.2,0.0052381,26.1034
33.988,1.2,0.00503663,26.0903
33.99,1.2,0.00473443,26.0695
33.992,1.2,0.00554029,26.1173
33.994,1.2,0.00564103,26.1265
33.996,1.2,0.00574176,26.1288
33.998,1.2,0.0043315,26.0933
34,1.3,0.00543956,26.0841
34.002,1.3,0.0113828,26.183
34.004,1.3,0.0118864,26.5353
34.006,1.3,0.0115842,26.7863
34.008,1.3,0.010174,26.9604
34.01,1.3,0.00936813,27.1793
34.012,1.3,0.00876374,27.2691
34.014,1.3,0.00846154,27.5282
34.016,1.3,0.00846154,27.6453
34.018,1.3,0.00735348,27.8317
34.02,1.3,0.00705128,27.8906
34.022,1.3,0.00644689,28.0286
34.024,1.3,0.00664835,28.0669
34.026,1.3,0.00674908,28.2174
34.028,1.3,0.00644689,28.2572
34.03,1.3,0.00584249,28.2247
34.032,1.3,0.00543956,28.3487
34.034,1.3,0.00604396,28.4098
34.036,1.3,0.00574176,28.5392
34.038,1.3,0.0052381,28.4904
34.04,1.3,0.0049359,28.4574
34.042,1.3,0.00443223,28.4656
34.044,1.3,0.00543956,28.4089
34.046,1.3,0.00543956,28.484
34.048,1.3,0.0049359,28.4592
34.05,1.3,0.00543956,28.4317
34.052,1.3,0.0052381,28.4583
34.054,1.3,0.00503663,28.3824
34.056,1.3,0.00574176,28.4262
34.058,1.3,0.00554029,28.4336
34.06,1.3,0.00473443,28.4016
34.062,1.3,0.0049359,28.3779
34.064,1.3,0.00543956,28.4455
34.066,1.3,0.00604396,28.5466
34.068,1.3,0.0049359,28.4895
34.07,1.3,0.0046337,28.4125
34.072,1.3,0.00554029,28.5143
34.074,1.3,0.00564103,28.4445
34.076,1.3,0.00543956,28.4537
34.078,1.3,0.00564103,28.6177
34.08,1.3,0.0043315,28.4189
34.082,1.3,0.00483516,28.6039
34.084,1.3,0.0046337,28.6122
34.086,1.3,0.00554029,28.6707
34.088,1.3,0.00584249,28.6493
34.09,1.3,0.0049359,28.6419
34.092,1.3,0.00533883,28.6679
34.094,1.3,0.00543956,28.7201
34.096,1.3,0.00614469,28.7556
34.098,1.3,0.00533883,28.6828
34.1,1.3,0.00533883,28.7145
34.102,1.3,0.0052381,28.7014
34.104,1.3,0.00503663,28.7229
34.106,1.3,0.00584249,28.7556
34.108,1.3,0.0049359,28.7584
34.11,1.3,0.00533883,28.7799
34.112,1.3,0.00594322,28.7331
34.114,1.3,0.00584249,28.7603
34.116,1.3,0.00604396,28.7846
34.118,1.3,0.00543956,28.7799
34.12,1.3,0.00453297,28.7828
34.122,1.3,0.00453297,28.7978
34.124,1.3,0.00503663,28.8025
34.126,1.3,0.00584249,28.8485
34.128,1.3,0.00554029,28.8702
34.13,1.3,0.0046337,28.8957
34.132,1.3,0.00473443,28.8844
34.134,1.3,0.0052381,28.8806
34.136,1.3,0.00453297,28.9156
34.138,1.3,0.00423077,28.9089
34.14,1.3,0.00443223,28.8608
34.142,1.3,0.0046337,28.8551
34.144,1.3,0.00483516,28.8504
34.146,1.3,0.00533883,28.8429
34.148,1.3,0.00473443,28.7978
34.15,1.3,0.0046337,28.8627
34.152,1.3,0.00513736,28.7509
34.154,1.3,0.00513736,28.8372
34.156,1.3,0.00513736,28.7528
34.158,1.3,0.00483516,28.7359
34.16,1.3,0.00453297,28.6949
34.162,1.3,0.00483516,28.6874
34.164,1.3,0.0052381,28.6372
34.166,1.3,0.00604396,28.6335
34.168,1.3,0.00533883,28.6335
34.17,1.3,0.00503663,28.6391
34.172,1.3,0.00503663,28.5549
34.174,1.3,0.00584249,28.6595
34.176,1.3,0.00564103,28.6818
34.178,1.3,0.00513736,28.6326
34.18,1.3,0.00543956,28.6382
34.182,1.3,0.00584249,28.6196
34.184,1.3,0.0052381,28.6614
34.186,1.3,0.00564103,28.7061
34.188,1.3,0.00513736,28.6846
34.19,1.3,0.00513736,28.6828
34.192,1.3,0.00533883,28.7275
34.194,1.3,0.00554029,28.7472
34.196,1.3,0.00483516,28.8072
34.198,1.3,0.0049359,28.7968
34.2,1.3,0.0052381,28.7818
34.202,1.3,0.0049359,28.707
34.204,1.3,0.00574176,28.7724
34.206,1.3,0.00554029,28.7565
34.208,1.3,0.00554029,28.7687
34.21,1.3,0.00513736,28.7322
34.212,1.3,0.00614469,28.7996
34.214,1.3,0.00584249,28.7575
34.216,1.3,0.00503663,28.8118
34.218,1.3,0.00624542,28.7687
34.22,1.3,0.0049359,28.7378
34.222,1.3,0.00503663,28.7079
34.224,1.3,0.00564103,28.7453
34.226,1.3,0.00543956,28.7734
34.228,1.3,0.00453297,28.7481
34.23,1.3,0.0052381,28.7182
34.232,1.3,0.00513736,28.8062
34.234,1.3,0.0052381,28.764
34.236,1.3,0.00614469,28.874
34.238,1.3,0.00453297,28.7996
34.24,1.3,0.0043315,28.8128
34.242,1.3,0.00483516,28.7921
34.244,1.3,0.0049359,28.7369
34.246,1.3,0.0052381,28.7753
34.248,1.3,0.00473443,28.7884
34.25,1.3,0.00543956,28.7724
34.252,1.3,0.0052381,28.7518
34.254,1.3,0.00503663,28.5798
34.256,1.3,0.0049359,28.7921
34.258,1.3,0.00453297,28.6874
34.26,1.3,0.0046337,28.6344
34.262,1.3,0.0049359,28.6159
34.264,1.3,0.00574176,28.6131
34.266,1.3,0.00473443,28.6567
34.268,1.3,0.0043315,28.5438
34.27,1.3,0.0046337,28.5346
34.272,1.3,0.00513736,28.5318
34.274,1.3,0.00533883,28.5475
34.276,1.3,0.00554029,28.506
34.278,1.3,0.00473443,28.45
34.28,1.3,0.00443223,28.4775
34.282,1.3,0.00533883,28.4016
34.284,1.3,0.00543956,28.4436
34.286,1.3,0.00574176,28.4455
34.288,1.3,0.00584249,28.5798
34.29,1.3,0.00473443,28.44
34.292,1.3,0.00564103,28.5512
34.294,1.3,0.00533883,28.4629
34.296,1.3,0.0049359,28.5816
34.298,1.3,0.00483516,28.6688
34.3,1.3,0.0049359,28.4904
34.302,1.3,0.00473443,28.577
34.304,1.3,0.00473443,28.6094
34.306,1.3,0.00584249,28.6512
34.308,1.3,0.00554029,28.6604
34.31,1.3,0.0052381,28.6949
34.312,1.3,0.00473443,28.667
34.314,1.3,0.00543956,28.6893
34.316,1.3,0.00543956,28.7005
34.318,1.3,0.00564103,28.6856
34.32,1.3,0.0043315,28.7369
34.322,1.3,0.00513736,28.6902
34.324,1.3,0.00543956,28.6781
34.326,1.3,0.00503663,28.7884
34.328,1.3,0.00604396,28.68
34.33,1.3,0.00543956,28.7285
34.332,1.3,0.00574176,28.7229
34.334,1.3,0.00574176,28.7734
34.336,1.3,0.00513736,28.7678
34.338,1.3,0.00473443,28.7593
34.34,1.3,0.00483516,28.825
34.342,1.3,0.00554029,28.7565
34.344,1.3,0.00513736,28.8015
34.346,1.3,0.00513736,28.8316
34.348,1.3,0.00513736,28.8532
34.35,1.3,0.00543956,28.8919
34.352,1.3,0.00473443,28.8985
34.354,1.3,0.00533883,28.9288
34.356,1.3,0.00533883,28.9411
34.358,1.3,0.00423077,28.8768
34.36,1.3,0.0040293,28.9212
34.362,1.3,0.00423077,28.8241
34.364,1.3,0.0049359,28.8354
34.366,1.3,0.00554029,28.8967
34.368,1.3,0.0049359,28.8025
34.37,1.3,0.0049359,28.8212
34.372,1.3,0.00533883,28.6949
34.374,1.3,0.00564103,28.81
34.376,1.3,0.0043315,28.7687
34.378,1.3,0.00443223,28.6735
34.38,1.3,0.0046337,28.7107
34.382,1.3,0.00372711,28.59
34.384,1.3,0.00543956,28.5909
34.386,1.3,0.00543956,28.6604
34.388,1.3,0.0049359,28.6076
34.39,1.3,0.00503663,28.6048
34.392,1.3,0.00594322,28.5807
34.394,1.3,0.00574176,28.6187
34.396,1.3,0.00473443,28.6437
34.398,1.3,0.00413004,28.6066
34.4,1.3,0.00513736,28.5669
34.402,1.3,0.0049359,28.5715
34.404,1.3,0.0052381,28.5447
34.406,1.3,0.00584249,28.6837
34.408,1.3,0.00564103,28.7042
34.41,1.3,0.0052381,28.6642
34.412,1.3,0.00574176,28.7014
34.414,1.3,0.00574176,28.7238
34.416,1.3,0.00554029,28.7621
34.418,1.3,0.0052381,28.7434
34.42,1.3,0.0049359,28.7593
34.422,1.3,0.00543956,28.7182
34.424,1.3,0.00584249,28.7117
34.426,1.3,0.00564103,28.7762
34.428,1.3,0.00503663,28.7462
34.43,1.3,0.00543956,28.7089
34.432,1.3,0.0052381,28.7481
34.434,1.3,0.00594322,28.7668
34.436,1.3,0.00453297,28.7706
34.438,1.3,0.00443223,28.7191
34.44,1.3,0.00533883,28.7061
34.442,1.3,0.00554029,28.7968
34.444,1.3,0.00533883,28.693
34.446,1.3,0.00554029,28.7509
34.448,1.3,0.00554029,28.7191
34.45,1.3,0.00513736,28.7556
34.452,1.3,0.00564103,28.7678
34.454,1.3,0.00543956,28.8278
34.456,1.3,0.00443223,28.8184
34.458,1.3,0.00423077,28.7753
34.46,1.3,0.00503663,28.7884
34.462,1.3,0.00533883,28.7621
34.464,1.3,0.00503663,28.8194
34.466,1.3,0.00473443,28.7893
34.468,1.3,0.00503663,28.6949
34.47,1.3,0.00413004,28.7753
34.472,1.3,0.00533883,28.6809
34.474,1.3,0.00543956,28.857
34.476,1.3,0.0043315,28.7584
34.478,1.3,0.00352564,28.6986
34.48,1.3,0.00513736,28.6818
34.482,1.3,0.00503663,28.5927
34.484,1.3,0.00554029,28.6317
34.486,1.3,0.0046337,28.6122
34.488,1.3,0.00443223,28.5613
34.49,1.3,0.00503663,28.5844
34.492,1.3,0.00503663,28.4849
34.494,1.3,0.00513736,28.5798
34.496,1.3,0.00543956,28.5208
34.498,1.3,0.0052381,28.4647
34.5,1.3,0.0049359,28.5115
34.502,1.3,0.00564103,28.4987
34.504,1.3,0.00594322,28.5872
34.506,1.3,0.00483516,28.451
34.508,1.3,0.00543956,28.4482
34.51,1.3,0.00503663,28.541
34.512,1.3,0.00574176,28.5844
34.514,1.3,0.00594322,28.4711
34.516,1.3,0.0049359,28.6447
34.518,1.3,0.00483516,28.7771
34.52,1.3,0.00473443,28.6159
34.522,1.3,0.00513736,28.6233
34.524,1.3,0.00533883,28.6474
34.526,1.3,0.00503663,28.6586
34.528,1.3,0.00543956,28.6447
34.53,1.3,0.00554029,28.7444
34.532,1.3,0.00554029,28.7257
34.534,1.3,0.00644689,28.7612
34.536,1.3,0.00483516,28.7762
34.538,1.3,0.00483516,28.7117
34.54,1.3,0.00473443,28.7023
34.542,1.3,0.00513736,28.7033
34.544,1.3,0.00614469,28.7425
34.546,1.3,0.00564103,28.7397
34.548,1.3,0.00574176,28.7369
34.55,1.3,0.0046337,28.7061
34.552,1.3,0.00564103,28.7425
34.554,1.3,0.00654762,28.8259
34.556,1.3,0.0049359,28.7518
34.558,1.3,0.00473443,28.7575
34.56,1.3,0.00473443,28.7762
34.562,1.3,0.00513736,28.8297
34.564,1.3,0.0049359,28.8297
34.566,1.3,0.00513736,28.8551
34.568,1.3,0.0046337,28.8184
34.57,1.3,0.00483516,28.8674
34.572,1.3,0.00584249,28.8674
34.574,1.3,0.0052381,28.9611
34.576,1.3,0.00413004,28.9052
34.578,1.3,0.00443223,28.8617
34.58,1.3,0.00413004,28.8514
34.582,1.3,0.0049359,28.8288
34.584,1.3,0.00624542,28.8401
34.586,1.3,0.0049359,28.7996
34.588,1.3,0.0049359,28.8184
34.59,1.3,0.0049359,28.7556
34.592,1.3,0.00473443,28.841
34.594,1.3,0.0052381,28.8278
34.596,1.3,0.0052381,28.7509
34.598,1.3,0.00473443,28.7033
34.6,1.3,0.00382784,28.7294
34.602,1.3,0.00503663,28.6419
34.604,1.3,0.00564103,28.6567
34.606,1.3,0.00564103,28.6549
34.608,1.3,0.00543956,28.6187
34.61,1.3,0.00533883,28.577
34.612,1.3,0.00584249,28.5853
34.614,1.3,0.00473443,28.6632
34.616,1.3,0.00503663,28.6586
34.618,1.3,0.00483516,28.6447
34.62,1.3,0.00483516,28.5872
34.622,1.3,0.0046337,28.693
34.624,1.3,0.00594322,28.6791
34.626,1.3,0.00604396,28.7472
34.628,1.3,0.00554029,28.7154
34.63,1.3,0.0052381,28.7556
34.632,1.3,0.00513736,28.8137
34.634,1.3,0.00513736,28.8344
34.636,1.3,0.0049359,28.8203
34.638,1.3,0.00443223,28.7715
34.64,1.3,0.00483516,28.7331
34.642,1.3,0.00594322,28.7903
34.644,1.3,0.00533883,28.8015
34.646,1.3,0.00513736,28.794
34.648,1.3,0.00574176,28.7472
34.65,1.3,0.00533883,28.7696
34.652,1.3,0.0052381,28.8231
34.654,1.3,0.00533883,28.841
34.656,1.3,0.00503663,28.7996
34.658,1.3,0.00513736,28.7649
34.66,1.3,0.00503663,28.7359
34.662,1.3,0.00543956,28.7771
34.664,1.3,0.00543956,28.8025
34.666,1.3,0.00543956,28.7762
34.668,1.3,0.00483516,28.7575
34.67,1.3,0.0052381,28.7612
34.672,1.3,0.00574176,28.8053
34.674,1.3,0.0046337,28.9194
34.676,1.3,0.00473443,28.8476
34.678,1.3,0.00453297,28.7678
34.68,1.3,0.00443223,28.841
34.682,1.3,0.00533883,28.7968
34.684,1.3,0.00483516,28.8683
34.686,1.3,0.00513736,28.8467
34.688,1.3,0.00443223,28.7612
34.69,1.3,0.00453297,28.7828
34.692,1.3,0.00554029,28.6382
34.694,1.3,0.00483516,28.8419
34.696,1.3,0.00473443,28.764
34.698,1.3,0.00443223,28.7005
34.7,1.3,0.0040293,28.6902
34.702,1.3,0.0049359,28.6177
34.704,1.3,0.00453297,28.7126
34.706,1.3,0.00503663,28.5983
34.708,1.3,0.0043315,28.5816
34.71,1.3,0.00554029,28.5826
34.712,1.3,0.00554029,28.5401
34.714,1.3,0.00513736,28.5696
34.716,1.3,0.0046337,28.4867
34.718,1.3,0.00473443,28.4895
34.72,1.3,0.00503663,28.518
34.722,1.3,0.00574176,28.4739
34.724,1.3,0.00543956,28.6252
34.726,1.3,0.0052381,28.4886
34.728,1.3,0.00533883,28.462
34.73,1.3,0.00513736,28.5189
34.732,1.3,0.0052381,28.6874
34.734,1.3,0.00443223,28.5946
34.736,1.3,0.0046337,28.6048
34.738,1.3,0.0043315,28.6094
34.74,1.3,0.0043315,28.6029
34.742,1.3,0.00473443,28.6233
34.744,1.3,0.00614469,28.6791
34.746,1.3,0.0049359,28.6772
34.748,1.3,0.00543956,28.6298
34.75,1.3,0.00554029,28.6884
34.752,1.3,0.00513736,28.7079
34.754,1.3,0.00564103,28.7631
34.756,1.3,0.0046337,28.7238
34.758,1.3,0.00453297,28.7462
34.76,1.3,0.0052381,28.7042
34.762,1.3,0.00594322,28.707
34.764,1.3,0.00533883,28.7931
34.766,1.3,0.00574176,28.7238
34.768,1.3,0.0052381,28.7201
34.77,1.3,0.0052381,28.7462
34.772,1.3,0.00543956,28.764
34.774,1.3,0.00473443,28.8476
34.776,1.3,0.00443223,28.779
34.778,1.3,0.0049359,28.7818
34.78,1.3,0.00564103,28.7809
34.782,1.3,0.00554029,28.8241
34.784,1.3,0.00564103,28.8995
34.786,1.3,0.00483516,28.8523
34.788,1.3,0.00533883,28.8372
34.79,1.3,0.0046337,28.9165
34.792,1.3,0.00513736,28.891
34.794,1.3,0.00483516,28.89
34.796,1.3,0.0040293,28.8995
34.798,1.3,0.00443223,28.8401
34.8,1.3,0.0049359,28.8382
34.802,1.3,0.00533883,28.8372
34.804,1.3,0.00513736,28.8976
34.806,1.3,0.00453297,28.7771
34.808,1.3,0.00513736,28.8467
34.81,1.3,0.00533883,28.7191
34.812,1.3,0.0052381,28.891
34.814,1.3,0.00443223,28.8081
34.816,1.3,0.00473443,28.7201
34.818,1.3,0.0043315,28.6577
34.82,1.3,0.0046337,28.6893
34.822,1.3,0.00543956,28.6409
34.824,1.3,0.00543956,28.6614
34.826,1.3,0.00554029,28.6187
34.828,1.3,0.0046337,28.6577
34.83,1.3,0.00503663,28.6122
34.832,1.3,0.00594322,28.6865
34.834,1.3,0.00473443,28.7023
34.836,1.3,0.00473443,28.6289
34.838,1.3,0.00513736,28.6307
34.84,1.3,0.00473443,28.6335
34.842,1.3,0.0052381,28.6558
34.844,1.3,0.0052381,28.6809
34.846,1.3,0.00564103,28.7107
34.848,1.3,0.0049359,28.7033
34.85,1.3,0.00533883,28.7556
34.852,1.3,0.00543956,28.8382
34.854,1.3,0.00473443,28.8062
34.856,1.3,0.0043315,28.764
34.858,1.3,0.00413004,28.7331
34.86,1.3,0.00564103,28.7126
34.862,1.3,0.00564103,28.7921
34.864,1.3,0.00554029,28.7518
34.866,1.3,0.00564103,28.7809
34.868,1.3,0.00513736,28.7294
34.87,1.3,0.0052381,28.7397
34.872,1.3,0.00533883,28.7706
34.874,1.3,0.00533883,28.7949
34.876,1.3,0.0049359,28.7649
34.878,1.3,0.00453297,28.8118
34.88,1.3,0.00543956,28.7818
34.882,1.3,0.00564103,28.7378
34.884,1.3,0.00594322,28.7528
34.886,1.3,0.00513736,28.7359
34.888,1.3,0.00543956,28.6902
34.89,1.3,0.00533883,28.779
34.892,1.3,0.00574176,28.7724
34.894,1.3,0.00413004,28.8307
34.896,1.3,0.00443223,28.81
34.898,1.3,0.00483516,28.8241
34.9,1.3,0.0040293,28.8278
34.902,1.3,0.00483516,28.7865
34.904,1.3,0.00513736,28.7978
34.906,1.3,0.00483516,28.841
34.908,1.3,0.0049359,28.7247
34.91,1.3,0.00473443,28.8297
34.912,1.3,0.00554029,28.653
34.914,1.3,0.0046337,28.7612
34.916,1.3,0.00423077,28.693
34.918,1.3,0.0046337,28.6577
34.92,1.3,0.00513736,28.68
34.922,1.3,0.00584249,28.6233
34.924,1.3,0.00423077,28.6549
34.926,1.3,0.00483516,28.5844
34.928,1.3,0.0043315,28.5429
34.93,1.3,0.0052381,28.5198
34.932,1.3,0.00564103,28.5235
34.934,1.3,0.00483516,28.5429
34.936,1.3,0.0052381,28.4904
34.938,1.3,0.00453297,28.4519
34.94,1.3,0.00584249,28.4244
34.942,1.3,0.00574176,28.4555
34.944,1.3,0.0052381,28.5447
34.946,1.3,0.00513736,28.5383
34.948,1.3,0.00503663,28.4601
34.95,1.3,0.00513736,28.5143
34.952,1.3,0.00604396,28.5724
34.954,1.3,0.0046337,28.5152
34.956,1.3,0.00473443,28.6753
34.958,1.3,0.0046337,28.5918
34.96,1.3,0.00513736,28.6001
34.962,1.3,0.00564103,28.6437
34.964,1.3,0.00574176,28.6242
34.966,1.3,0.0052381,28.6604
34.968,1.3,0.00574176,28.6428
34.97,1.3,0.0049359,28.6215
34.972,1.3,0.00513736,28.7061
34.974,1.3,0.00554029,28.7014
34.976,1.3,0.0049359,28.6595
34.978,1.3,0.0046337,28.6874
34.98,1.3,0.00574176,28.693
34.982,1.3,0.00624542,28.7135
34.984,1.3,0.0052381,28.7724
34.986,1.3,0.00584249,28.7042
34.988,1.3,0.0052381,28.7397
34.99,1.3,0.00584249,28.7023
34.992,1.3,0.00554029,28.7874
34.994,1.3,0.00473443,28.7724
34.996,1.3,0.0046337,28.7425
34.998,1.3,0.0052381,28.7921
35,1.4,0.00554029,28.7687
35.002,1.4,0.0136996,28.9782
35.004,1.4,0.0117857,29.3692
35.006,1.4,0.0108791,29.6213
35.008,1.4,0.0103755,29.8444
35.01,1.4,0.00977106,30.1437
35.012,1.4,0.00886447,30.3477
35.014,1.4,0.00765568,30.4617
35.016,1.4,0.00684982,30.5523
35.018,1.4,0.00755495,30.686
35.02,1.4,0.00815934,30.8015
35.022,1.4,0.00725275,30.9147
35.024,1.4,0.00745421,31.056
35.026,1.4,0.00684982,31.0113
35.028,1.4,0.00684982,31.1765
35.03,1.4,0.00664835,31.2128
35.032,1.4,0.00594322,31.2371
35.034,1.4,0.0052381,31.1963
35.036,1.4,0.00503663,31.1842
35.038,1.4,0.00614469,31.2305
35.04,1.4,0.00674908,31.329
35.042,1.4,0.00624542,31.3002
35.044,1.4,0.00584249,31.3368
35.046,1.4,0.00654762,31.3969
35.048,1.4,0.00543956,31.4282
35.05,1.4,0.00564103,31.4014
35.052,1.4,0.00554029,31.4025
35.054,1.4,0.0049359,31.3546
35.056,1.4,0.0052381,31.4517
35.058,1.4,0.00584249,31.4652
35.06,1.4,0.00533883,31.4831
35.062,1.4,0.00543956,31.51
35.064,1.4,0.00574176,31.5753
35.066,1.4,0.00594322,31.6681
35.068,1.4,0.0046337,31.6262
35.07,1.4,0.00423077,31.6432
35.072,1.4,0.00543956,31.5697
35.074,1.4,0.00624542,31.6477
35.076,1.4,0.00634615,31.65
35.078,1.4,0.00533883,31.6591
35.08,1.4,0.00584249,31.6217
35.082,1.4,0.0052381,31.6761
35.084,1.4,0.00624542,31.675
35.086,1.4,0.00533883,31.6954
35.088,1.4,0.0052381,31.6489
35.09,1.4,0.00604396,31.6149
35.092,1.4,0.00533883,31.6647
35.094,1.4,0.00584249,31.6909
35.096,1.4,0.00564103,31.692
35.098,1.4,0.0046337,31.6931
35.1,1.4,0.00543956,31.6988
35.102,1.4,0.00614469,31.6863
35.104,1.4,0.0043315,31.7489
35.106,1.4,0.00413004,31.7193
35.108,1.4,0.0043315,31.6806
35.11,1.4,0.00443223,31.6761
35.112,1.4,0.00554029,31.7478
35.114,1.4,0.0049359,31.7592
35.116,1.4,0.0046337,31.6931
35.118,1.4,0.0043315,31.6081
35.12,1.4,0.00554029,31.8015
35.122,1.4,0.00382784,31.7079
35.124,1.4,0.00443223,31.6081
35.126,1.4,0.00443223,31.572
35.128,1.4,0.00584249,31.572
35.13,1.4,0.00594322,31.5979
35.132,1.4,0.00543956,31.4943
35.134,1.4,0.00413004,31.4865
35.136,1.4,0.00614469,31.4528
35.138,1.4,0.00614469,31.4338
35.14,1.4,0.00483516,31.436
35.142,1.4,0.00554029,31.3914
35.144,1.4,0.00423077,31.3568
35.146,1.4,0.00543956,31.3958
35.148,1.4,0.00594322,31.378
35.15,1.4,0.0052381,31.5269
35.152,1.4,0.00564103,31.3735
35.154,1.4,0.00503663,31.4394
35.156,1.4,0.00533883,31.3635
35.158,1.4,0.00554029,31.5528
35.16,1.4,0.00453297,31.7056
35.162,1.4,0.00413004,31.5157
35.164,1.4,0.00554029,31.5314
35.166,1.4,0.00574176,31.572
35.168,1.4,0.0052381,31.6092
35.17,1.4,0.0052381,31.555
35.172,1.4,0.00483516,31.6375
35.174,1.4,0.00594322,31.6104
35.176,1.4,0.0052381,31.6104
35.178,1.4,0.0049359,31.6466
35.18,1.4,0.00644689,31.6285
35.182,1.4,0.00584249,31.6636
35.184,1.4,0.00614469,31.6738
35.186,1.4,0.00554029,31.6387
35.188,1.4,0.00513736,31.7068
35.19,1.4,0.00564103,31.7
35.192,1.4,0.00644689,31.7125
35.194,1.4,0.00574176,31.6931
35.196,1.4,0.00443223,31.7102
35.198,1.4,0.00533883,31.7364
35.2,1.4,0.00513736,31.7912
35.202,1.4,0.00543956,31.7946
35.204,1.4,0.00503663,31.8565
35.206,1.4,0.00564103,31.8542
35.208,1.4,0.0049359,31.8703
35.21,1.4,0.00584249,31.8416
35.212,1.4,0.00413004,31.8439
35.214,1.4,0.0040293,31.921
35.216,1.4,0.00443223,31.8278
35.218,1.4,0.00443223,31.8038
35.22,1.4,0.00574176,31.7935
35.222,1.4,0.00473443,31.8887
35.224,1.4,0.00543956,31.7307
35.226,1.4,0.00513736,31.7935
35.228,1.4,0.0052381,31.8623
35.23,1.4,0.00503663,31.7718
35.232,1.4,0.00392857,31.7113
35.234,1.4,0.00392857,31.6625
35.236,1.4,0.00513736,31.6183
35.238,1.4,0.00584249,31.6058
35.24,1.4,0.00503663,31.5866
35.242,1.4,0.00543956,31.5528
35.244,1.4,0.00543956,31.5663
35.246,1.4,0.00594322,31.6092
35.248,1.4,0.00443223,31.6375
35.25,1.4,0.0046337,31.5607
35.252,1.4,0.00503663,31.5663
35.254,1.4,0.0052381,31.6296
35.256,1.4,0.00564103,31.6002
35.258,1.4,0.00453297,31.6557
35.26,1.4,0.00473443,31.7011
35.262,1.4,0.0049359,31.6568
35.264,1.4,0.00503663,31.6977
35.266,1.4,0.00503663,31.7182
35.268,1.4,0.0049359,31.6818
35.27,1.4,0.00513736,31.65
35.272,1.4,0.0046337,31.7
35.274,1.4,0.00644689,31.6772
35.276,1.4,0.0052381,31.6852
35.278,1.4,0.00564103,31.7307
35.28,1.4,0.00554029,31.6647
35.282,1.4,0.00584249,31.7
35.284,1.4,0.00543956,31.7079
35.286,1.4,0.00533883,31.6625
35.288,1.4,0.00473443,31.6104
35.29,1.4,0.00513736,31.5157
35.292,1.4,0.00614469,31.7011
35.294,1.4,0.00574176,31.675
35.296,1.4,0.00503663,31.6455
35.298,1.4,0.00483516,31.6466
35.3,1.4,0.00574176,31.616
35.302,1.4,0.0046337,31.7364
35.304,1.4,0.0046337,31.7011
35.306,1.4,0.00392857,31.7364
35.308,1.4,0.00513736,31.7307
35.31,1.4,0.00513736,31.6761
35.312,1.4,0.00473443,31.7011
35.314,1.4,0.00473443,31.6409
35.316,1.4,0.00543956,31.667
35.318,1.4,0.00533883,31.741
35.32,1.4,0.00473443,31.6421
35.322,1.4,0.00392857,31.6375
35.324,1.4,0.00423077,31.616
35.326,1.4,0.00453297,31.519
35.328,1.4,0.00604396,31.5235
35.33,1.4,0.00513736,31.501
35.332,1.4,0.00423077,31.4786
35.334,1.4,0.00473443,31.4831
35.336,1.4,0.00614469,31.4349
35.338,1.4,0.00543956,31.4719
35.34,1.4,0.00533883,31.4148
35.342,1.4,0.00533883,31.4204
35.344,1.4,0.00443223,31.3279
35.346,1.4,0.00584249,31.3446
35.348,1.4,0.00483516,31.454
35.35,1.4,0.00533883,31.417
35.352,1.4,0.00503663,31.4865
35.354,1.4,0.00604396,31.3847
35.356,1.4,0.0046337,31.4909
35.358,1.4,0.00453297,31.51
35.36,1.4,0.00413004,31.5078
35.362,1.4,0.00543956,31.519
35.364,1.4,0.00584249,31.5325
35.366,1.4,0.00483516,31.5393
35.368,1.4,0.00473443,31.5742
35.37,1.4,0.00574176,31.5584
35.372,1.4,0.00584249,31.6115
35.374,1.4,0.00584249,31.6909
35.376,1.4,0.00503663,31.65
35.378,1.4,0.00533883,31.5945
35.38,1.4,0.0049359,31.6172
35.382,1.4,0.00654762,31.65
35.384,1.4,0.00614469,31.6511
35.386,1.4,0.00513736,31.6545
35.388,1.4,0.00513736,31.6704
35.39,1.4,0.00634615,31.7296
35.392,1.4,0.0052381,31.725
35.394,1.4,0.0049359,31.7068
35.396,1.4,0.00554029,31.7216
35.398,1.4,0.00473443,31.7147
35.4,1.4,0.00614469,31.7638
35.402,1.4,0.00453297,31.7912
35.404,1.4,0.00443223,31.7546
35.406,1.4,0.00423077,31.8244
35.408,1.4,0.00564103,31.8301
35.41,1.4,0.0040293,31.8945
35.412,1.4,0.0043315,31.8267
35.414,1.4,0.00392857,31.7649
35.416,1.4,0.0046337,31.7718
35.418,1.4,0.00584249,31.7706
35.42,1.4,0.0052381,31.7387
35.422,1.4,0.0049359,31.7615
35.424,1.4,0.00513736,31.7375
35.426,1.4,0.00543956,31.6477
35.428,1.4,0.00473443,31.7706
35.43,1.4,0.00423077,31.6931
35.432,1.4,0.00443223,31.5866
35.434,1.4,0.00503663,31.6183
35.436,1.4,0.00543956,31.633
35.438,1.4,0.00543956,31.6319
35.44,1.4,0.0049359,31.5889
35.442,1.4,0.00554029,31.5022
35.444,1.4,0.00533883,31.5134
35.446,1.4,0.00473443,31.6058
35.448,1.4,0.00513736,31.5934
35.45,1.4,0.00554029,31.5505
35.452,1.4,0.0052381,31.5483
35.454,1.4,0.00543956,31.5675
35.456,1.4,0.0049359,31.5945
35.458,1.4,0.0049359,31.6115
35.46,1.4,0.0049359,31.6602
35.462,1.4,0.00483516,31.7125
35.464,1.4,0.0052381,31.7159
35.466,1.4,0.00554029,31.7079
35.468,1.4,0.0046337,31.6511
35.47,1.4,0.0049359,31.6829
35.472,1.4,0.00634615,31.717
35.474,1.4,0.00614469,31.6704
35.476,1.4,0.00513736,31.6557
35.478,1.4,0.00574176,31.7239
35.48,1.4,0.00674908,31.6761
35.482,1.4,0.00543956,31.7284
35.484,1.4,0.00513736,31.675
35.486,1.4,0.00554029,31.6273
35.488,1.4,0.00604396,31.7318
35.49,1.4,0.00624542,31.6092
35.492,1.4,0.00624542,31.675
35.494,1.4,0.00513736,31.633
35.496,1.4,0.00483516,31.7204
35.498,1.4,0.00543956,31.6738
35.5,1.4,0.00554029,31.7946
35.502,1.4,0.00513736,31.7147
35.504,1.4,0.00392857,31.6341
35.506,1.4,0.0049359,31.6409
35.508,1.4,0.00503663,31.7261
35.51,1.4,0.00423077,31.6716
35.512,1.4,0.0043315,31.7284
35.514,1.4,0.00443223,31.5912
35.516,1.4,0.0049359,31.7147
35.518,1.4,0.00543956,31.7216
35.52,1.4,0.00443223,31.6183
35.522,1.4,0.00423077,31.5708
35.524,1.4,0.00423077,31.5314
35.526,1.4,0.00554029,31.5562
35.528,1.4,0.00503663,31.5055
35.53,1.4,0.00483516,31.4506
35.532,1.4,0.00533883,31.3992
35.534,1.4,0.0049359,31.4059
35.536,1.4,0.00483516,31.426
35.538,1.4,0.0043315,31.3724
35.54,1.4,0.00453297,31.3791
35.542,1.4,0.00443223,31.4115
35.544,1.4,0.00554029,31.3424
35.546,1.4,0.00513736,31.4059
35.548,1.4,0.00533883,31.3257
35.55,1.4,0.0052381,31.4305
35.552,1.4,0.0052381,31.407
35.554,1.4,0.00543956,31.6988
35.556,1.4,0.0043315,31.5878
35.558,1.4,0.0043315,31.3891
35.56,1.4,0.00443223,31.501
35.562,1.4,0.0049359,31.5213
35.564,1.4,0.00533883,31.5787
35.566,1.4,0.0049359,31.6025
35.568,1.4,0.00554029,31.6387
35.57,1.4,0.00473443,31.5359
35.572,1.4,0.00513736,31.6296
35.574,1.4,0.00513736,31.6307
35.576,1.4,0.0052381,31.5934
35.578,1.4,0.0052381,31.6183
35.58,1.4,0.00674908,31.6194
35.582,1.4,0.00614469,31.6205
35.584,1.4,0.0052381,31.6738
35.586,1.4,0.00533883,31.6138
35.588,1.4,0.00564103,31.6477
35.59,1.4,0.00513736,31.7489
35.592,1.4,0.00513736,31.7489
35.594,1.4,0.00392857,31.7775
35.596,1.4,0.0049359,31.6988
35.598,1.4,0.0052381,31.7432
35.6,1.4,0.00443223,31.8233
35.602,1.4,0.00513736,31.7809
35.604,1.4,0.00533883,31.8095
35.606,1.4,0.0049359,31.8084
35.608,1.4,0.00423077,31.9037
35.61,1.4,0.00362637,31.9106
35.612,1.4,0.00372711,31.8004
35.614,1.4,0.00443223,31.8004
35.616,1.4,0.0049359,31.8084
35.618,1.4,0.0052381,31.8508
35.62,1.4,0.00473443,31.7193
35.622,1.4,0.00483516,31.7969
35.624,1.4,0.00483516,31.8004
35.626,1.4,0.00483516,31.7866
35.628,1.4,0.00483516,31.7501
35.63,1.4,0.0043315,31.6523
35.632,1.4,0.0052381,31.5889
35.634,1.4,0.00483516,31.607
35.636,1.4,0.00554029,31.6568
35.638,1.4,0.00543956,31.5573
35.64,1.4,0.00513736,31.5968
35.642,1.4,0.00543956,31.6217
35.644,1.4,0.00503663,31.6409
35.646,1.4,0.00423077,31.5889
35.648,1.4,0.00413004,31.5697
35.65,1.4,0.0049359,31.5055
35.652,1.4,0.00543956,31.5179
35.654,1.4,0.00564103,31.6704
35.656,1.4,0.0043315,31.692
35.658,1.4,0.0046337,31.6092
35.66,1.4,0.00483516,31.6625
35.662,1.4,0.00543956,31.7353
35.664,1.4,0.00453297,31.6954
35.666,1.4,0.00473443,31.6613
35.668,1.4,0.0046337,31.7068
35.67,1.4,0.00503663,31.6183
35.672,1.4,0.00594322,31.6886
35.674,1.4,0.00554029,31.7011
35.676,1.4,0.00533883,31.6568
35.678,1.4,0.00564103,31.6545
35.68,1.4,0.00644689,31.7798
35.682,1.4,0.0052381,31.7125
35.684,1.4,0.0049359,31.6795
35.686,1.4,0.0049359,31.6511
35.688,1.4,0.0052381,31.7
35.69,1.4,0.00554029,31.7068
35.692,1.4,0.00473443,31.6716
35.694,1.4,0.0049359,31.7079
35.696,1.4,0.00483516,31.7227
35.698,1.4,0.00564103,31.7136
35.7,1.4,0.00453297,31.7729
35.702,1.4,0.00443223,31.7752
35.704,1.4,0.0040293,31.7603
35.706,1.4,0.00554029,31.6988
35.708,1.4,0.0049359,31.7729
35.71,1.4,0.00423077,31.7855
35.712,1.4,0.0049359,31.7318
35.714,1.4,0.00473443,31.7296
35.716,1.4,0.00554029,31.5663
35.718,1.4,0.0046337,31.7068
35.72,1.4,0.0043315,31.6353
35.722,1.4,0.0043315,31.6047
35.724,1.4,0.00443223,31.6047
35.726,1.4,0.0049359,31.5968
35.728,1.4,0.0049359,31.5697
35.73,1.4,0.00483516,31.5415
35.732,1.4,0.00483516,31.4394
35.734,1.4,0.00624542,31.5224
35.736,1.4,0.0049359,31.4696
35.738,1.4,0.0046337,31.4349
35.74,1.4,0.00443223,31.3747
35.742,1.4,0.00533883,31.4204
35.744,1.4,0.00564103,31.5821
35.746,1.4,0.00503663,31.4316
35.748,1.4,0.0049359,31.5224
35.75,1.4,0.00483516,31.3947
35.752,1.4,0.0052381,31.388
35.754,1.4,0.0046337,31.5765
35.756,1.4,0.00413004,31.6307
35.758,1.4,0.00423077,31.5415
35.76,1.4,0.00554029,31.5731
35.762,1.4,0.00554029,31.607
35.764,1.4,0.00503663,31.6375
35.766,1.4,0.00473443,31.581
35.768,1.4,0.00614469,31.6545
35.77,1.4,0.00564103,31.7079
35.772,1.4,0.0052381,31.7261
35.774,1.4,0.00503663,31.6387
35.776,1.4,0.0052381,31.6704
35.778,1.4,0.0052381,31.6784
35.78,1.4,0.00574176,31.6897
35.782,1.4,0.0052381,31.6954
35.784,1.4,0.00614469,31.6988
35.786,1.4,0.00554029,31.7307
35.788,1.4,0.00614469,31.7159
35.79,1.4,0.0052381,31.692
35.792,1.4,0.00453297,31.7102
35.794,1.4,0.00443223,31.7786
35.796,1.4,0.00513736,31.741
35.798,1.4,0.00473443,31.7866
35.8,1.4,0.00453297,31.8152
35.802,1.4,0.0052381,31.8393
35.804,1.4,0.00503663,31.7935
35.806,1.4,0.0052381,31.8577
35.808,1.4,0.00392857,31.8462
35.81,1.4,0.00413004,31.8095
35.812,1.4,0.00392857,31.8038
35.814,1.4,0.0049359,31.7809
35.816,1.4,0.0046337,31.8554
35.818,1.4,0.0043315,31.7661
35.82,1.4,0.00473443,31.7946
35.822,1.4,0.00473443,31.6602
35.824,1.4,0.00604396,31.8496
35.826,1.4,0.00483516,31.7091
35.828,1.4,0.0043315,31.6602
35.83,1.4,0.00392857,31.6943
35.832,1.4,0.00413004,31.5934
35.834,1.4,0.0046337,31.5686
35.836,1.4,0.00503663,31.5821
35.838,1.4,0.0046337,31.5415
35.84,1.4,0.00554029,31.5472
35.842,1.4,0.00664835,31.6205
35.844,1.4,0.00423077,31.5889
35.846,1.4,0.0043315,31.6025
35.848,1.4,0.00473443,31.5697
35.85,1.4,0.00564103,31.6149
35.852,1.4,0.00543956,31.5821
35.854,1.4,0.0052381,31.5945
35.856,1.4,0.00513736,31.6409
35.858,1.4,0.00564103,31.6727
35.86,1.4,0.00543956,31.7011
35.862,1.4,0.0040293,31.7193
35.864,1.4,0.00453297,31.6829
35.866,1.4,0.00392857,31.6353
35.868,1.4,0.0052381,31.7113
35.87,1.4,0.00634615,31.7113
35.872,1.4,0.00513736,31.6647
35.874,1.4,0.0052381,31.7421
35.876,1.4,0.0052381,31.6704
35.878,1.4,0.00594322,31.692
35.88,1.4,0.0052381,31.7182
35.882,1.4,0.00503663,31.6784
35.884,1.4,0.0049359,31.7546
35.886,1.4,0.00604396,31.5179
35.888,1.4,0.00634615,31.6954
35.89,1.4,0.0049359,31.6954
35.892,1.4,0.00564103,31.6943
35.894,1.4,0.00564103,31.6545
35.896,1.4,0.00554029,31.7512
35.898,1.4,0.0040293,31.7387
35.9,1.4,0.0046337,31.7
35.902,1.4,0.0043315,31.6795
35.904,1.4,0.0046337,31.6761
35.906,1.4,0.00554029,31.7068
35.908,1.4,0.00443223,31.7387
35.91,1.4,0.0040293,31.6455
35.912,1.4,0.0049359,31.6852
35.914,1.4,0.00503663,31.8095
35.916,1.4,0.00423077,31.717
35.918,1.4,0.00302198,31.6172
35.92,1.4,0.00352564,31.5663
35.922,1.4,0.00513736,31.5968
35.924,1.4,0.0046337,31.5314
35.926,1.4,0.00453297,31.4988
35.928,1.4,0.00352564,31.482
35.93,1.4,0.00564103,31.4584
35.932,1.4,0.00574176,31.4282
35.934,1.4,0.00533883,31.4394
35.936,1.4,0.0046337,31.3825
35.938,1.4,0.00443223,31.4349
35.94,1.4,0.00513736,31.3502
35.942,1.4,0.00533883,31.3568
35.944,1.4,0.00503663,31.5325
35.946,1.4,0.00564103,31.3802
35.948,1.4,0.00503663,31.4484
35.95,1.4,0.00533883,31.6205
35.952,1.4,0.00443223,31.4652
35.954,1.4,0.00483516,31.339
35.956,1.4,0.00423077,31.5314
35.958,1.4,0.00513736,31.5359
35.96,1.4,0.00564103,31.5697
35.962,1.4,0.00604396,31.6047
35.964,1.4,0.00453297,31.6421
35.966,1.4,0.00483516,31.6058
35.968,1.4,0.00543956,31.6477
35.97,1.4,0.0049359,31.7102
35.972,1.4,0.00483516,31.6353
35.974,1.4,0.00503663,31.6228
35.976,1.4,0.00503663,31.6319
35.978,1.4,0.00614469,31.6795
35.98,1.4,0.00574176,31.7569
35.982,1.4,0.00513736,31.6761
35.984,1.4,0.00634615,31.7011
35.986,1.4,0.00594322,31.7147
35.988,1.4,0.00473443,31.8084
35.99,1.4,0.0049359,31.7935
35.992,1.4,0.0043315,31.7204
35.994,1.4,0.00453297,31.7307
35.996,1.4,0.00594322,31.7855
35.998,1.4,0.00503663,31.8474
36,1.5,0.0046337,31.8267
36.002,1.5,0.0124908,31.9718
36.004,1.5,0.0111813,32.3511
36.006,1.5,0.00997253,32.5657
36.008,1.5,0.00936813,32.8576
36.01,1.5,0.00906593,32.9372
36.012,1.5,0.0089652,33.1224
36.014,1.5,0.00936813,33.257
36.016,1.5,0.00795788,33.4016
36.018,1.5,0.00755495,33.5538
36.02,1.5,0.00745421,33.6727
36.022,1.5,0.00725275,33.6702
36.024,1.5,0.00634615,33.8119
36.026,1.5,0.00543956,33.7809
36.028,1.5,0.00634615,33.7848
36.03,1.5,0.00674908,33.8495
36.032,1.5,0.00684982,33.9757
36.034,1.5,0.00654762,33.9823
36.036,1.5,0.00634615,34.0438
36.038,1.5,0.00715201,34.0346
36.04,1.5,0.00533883,34.124
36.042,1.5,0.0052381,34.0674
36.044,1.5,0.00594322,34.1161
36.046,1.5,0.00604396,34.1636
36.048,1.5,0.00614469,34.1768
36.05,1.5,0.0049359,34.3095
36.052,1.5,0.00654762,34.251
36.054,1.5,0.00594322,34.3348
36.056,1.5,0.00554029,34.3977
36.058,1.5,0.00473443,34.4084
36.06,1.5,0.00533883,34.4352
36.062,1.5,0.00554029,34.3388
36.064,1.5,0.00654762,34.4084
36.066,1.5,0.00644689,34.4258
36.068,1.5,0.00624542,34.4944
36.07,1.5,0.00554029,34.4567
36.072,1.5,0.00725275,34.4473
36.074,1.5,0.00564103,34.4701
36.076,1.5,0.0052381,34.4553
36.078,1.5,0.00574176,34.3202
36.08,1.5,0.0052381,34.3829
36.082,1.5,0.00604396,34.4728
36.084,1.5,0.00503663,34.45
36.086,1.5,0.00533883,34.4392
36.088,1.5,0.00584249,34.4204
36.09,1.5,0.00503663,34.5362
36.092,1.5,0.0046337,34.5038
36.094,1.5,0.00473443,34.4863
36.096,1.5,0.0049359,34.4742
36.098,1.5,0.00574176,34.5564
36.1,1.5,0.0040293,34.4204
36.102,1.5,0.00413004,34.4365
36.104,1.5,0.00503663,34.5686
36.106,1.5,0.00392857,34.5726
36.108,1.5,0.00413004,34.4795
36.11,1.5,0.00453297,34.45
36.112,1.5,0.0046337,34.4204
36.114,1.5,0.00564103,34.3522
36.116,1.5,0.00473443,34.3282
36.118,1.5,0.00473443,34.3135
36.12,1.5,0.0046337,34.2311
36.122,1.5,0.00604396,34.2563
36.124,1.5,0.00453297,34.2829
36.126,1.5,0.0040293,34.243
36.128,1.5,0.0052381,34.2776
36.13,1.5,0.00634615,34.3348
36.132,1.5,0.00503663,34.2909
36.134,1.5,0.00513736,34.2603
36.136,1.5,0.00554029,34.2457
36.138,1.5,0.00564103,34.4392
36.14,1.5,0.00453297,34.3602
36.142,1.5,0.0043315,34.5213
36.144,1.5,0.00453297,34.3069
36.146,1.5,0.0049359,34.3495
36.148,1.5,0.00503663,34.407
36.15,1.5,0.00554029,34.3629
36.152,1.5,0.00453297,34.4648
36.154,1.5,0.0052381,34.4312
36.156,1.5,0.00543956,34.5119
36.158,1.5,0.00443223,34.4782
36.16,1.5,0.00503663,34.4298
36.162,1.5,0.00594322,34.4634
36.164,1.5,0.00624542,34.4527
36.166,1.5,0.00543956,34.4728
36.168,1.5,0.00574176,34.4849
36.17,1.5,0.00584249,34.4944
36.172,1.5,0.00584249,34.5672
36.174,1.5,0.00503663,34.5618
36.176,1.5,0.00483516,34.5335
36.178,1.5,0.00533883,34.5348
36.18,1.5,0.00574176,34.5821
36.182,1.5,0.00473443,34.6649
36.184,1.5,0.00574176,34.6472
36.186,1.5,0.00453297,34.6758
36.188,1.5,0.00503663,34.6785
36.19,1.5,0.00392857,34.6622
36.192,1.5,0.00372711,34.6119
36.194,1.5,0.00392857,34.6065
36.196,1.5,0.00543956,34.6228
36.198,1.5,0.00473443,34.6024
36.2,1.5,0.0049359,34.5997
36.202,1.5,0.0049359,34.5875
36.204,1.5,0.00624542,34.6173
36.206,1.5,0.00473443,34.5821
36.208,1.5,0.00423077,34.5335
36.21,1.5,0.0046337,34.5213
36.212,1.5,0.00564103,34.4204
36.214,1.5,0.00533883,34.4863
36.216,1.5,0.00443223,34.3883
36.218,1.5,0.00554029,34.4218
36.22,1.5,0.00503663,34.3429
36.222,1.5,0.00503663,34.4218
36.224,1.5,0.00362637,34.4433
36.226,1.5,0.00473443,34.3937
36.228,1.5,0.00473443,34.3375
36.23,1.5,0.00644689,34.4057
36.232,1.5,0.00543956,34.4863
36.234,1.5,0.00503663,34.4715
36.236,1.5,0.00503663,34.5011
36.238,1.5,0.00584249,34.5767
36.24,1.5,0.00533883,34.5537
36.242,1.5,0.0043315,34.489
36.244,1.5,0.00453297,34.5213
36.246,1.5,0.00644689,34.5537
36.248,1.5,0.00503663,34.5038
36.25,1.5,0.00554029,34.4809
36.252,1.5,0.00574176,34.5011
36.254,1.5,0.00574176,34.551
36.256,1.5,0.00483516,34.5659
36.258,1.5,0.00483516,34.5092
36.26,1.5,0.00503663,34.4836
36.262,1.5,0.0052381,34.5726
36.264,1.5,0.00533883,34.5308
36.266,1.5,0.00473443,34.5132
36.268,1.5,0.0046337,34.6051
36.27,1.5,0.00513736,34.5497
36.272,1.5,0.00443223,34.5632
36.274,1.5,0.0046337,34.5551
36.276,1.5,0.00382784,34.5902
36.278,1.5,0.0052381,34.5092
36.28,1.5,0.00453297,34.5902
36.282,1.5,0.00413004,34.5929
36.284,1.5,0.00392857,34.5389
36.286,1.5,0.00543956,34.5308
36.288,1.5,0.0043315,34.5808
36.29,1.5,0.00352564,34.4795
36.292,1.5,0.0043315,34.4325
36.294,1.5,0.00413004,34.3415
36.296,1.5,0.00624542,34.3856
36.298,1.5,0.0052381,34.3188
36.3,1.5,0.00443223,34.3108
36.302,1.5,0.00473443,34.2789
36.304,1.5,0.00604396,34.3175
36.306,1.5,0.00533883,34.247
36.308,1.5,0.00423077,34.2483
36.31,1.5,0.00533883,34.251
36.312,1.5,0.00594322,34.1649
36.314,1.5,0.00543956,34.1332
36.316,1.5,0.00533883,34.2537
36.318,1.5,0.0046337,34.2949
36.32,1.5,0.00614469,34.1834
36.322,1.5,0.00473443,34.2391
36.324,1.5,0.00503663,34.5024
36.326,1.5,0.00473443,34.3082
36.328,1.5,0.0049359,34.3308
36.33,1.5,0.00594322,34.3669
36.332,1.5,0.00584249,34.4097
36.334,1.5,0.00554029,34.4607
36.336,1.5,0.00564103,34.3589
36.338,1.5,0.00594322,34.4245
36.34,1.5,0.00564103,34.4339
36.342,1.5,0.00513736,34.4151
36.344,1.5,0.00594322,34.4298
36.346,1.5,0.00634615,34.4701
36.348,1.5,0.00564103,34.4312
36.35,1.5,0.00564103,34.4822
36.352,1.5,0.00614469,34.5227
36.354,1.5,0.00654762,34.5929
36.356,1.5,0.00473443,34.5848
36.358,1.5,0.00483516,34.6268
36.36,1.5,0.00483516,34.5456
36.362,1.5,0.0052381,34.5821
36.364,1.5,0.00614469,34.616
36.366,1.5,0.00503663,34.6486
36.368,1.5,0.00543956,34.6214
36.37,1.5,0.00513736,34.635
36.372,1.5,0.00453297,34.6703
36.374,1.5,0.00332418,34.6431
36.376,1.5,0.00382784,34.6268
36.378,1.5,0.00473443,34.6146
36.38,1.5,0.0049359,34.6649
36.382,1.5,0.00483516,34.6758
36.384,1.5,0.00513736,34.5416
36.386,1.5,0.0052381,34.4822
36.388,1.5,0.00423077,34.5916
36.39,1.5,0.00483516,34.489
36.392,1.5,0.0046337,34.4822
36.394,1.5,0.0046337,34.4218
36.396,1.5,0.00513736,34.3896
36.398,1.5,0.00574176,34.4218
36.4,1.5,0.0049359,34.4298
36.402,1.5,0.00604396,34.4513
36.404,1.5,0.00473443,34.4191
36.406,1.5,0.00423077,34.4178
36.408,1.5,0.00513736,34.3843
36.41,1.5,0.00453297,34.391
36.412,1.5,0.00654762,34.4863
36.414,1.5,0.00614469,34.4809
36.416,1.5,0.0049359,34.5119
36.418,1.5,0.00513736,34.489
36.42,1.5,0.00644689,34.52
36.422,1.5,0.00443223,34.5213
36.424,1.5,0.00483516,34.4944
36.426,1.5,0.0046337,34.5402
36.428,1.5,0.00574176,34.4997
36.43,1.5,0.0052381,34.4917
36.432,1.5,0.00594322,34.4984
36.434,1.5,0.00533883,34.5024
36.436,1.5,0.00584249,34.5537
36.438,1.5,0.00594322,34.5362
36.44,1.5,0.00473443,34.5294
36.442,1.5,0.00503663,34.6065
36.444,1.5,0.00584249,34.5227
36.446,1.5,0.00513736,34.5267
36.448,1.5,0.00443223,34.4917
36.45,1.5,0.00533883,34.4379
36.452,1.5,0.00564103,34.5456
36.454,1.5,0.0043315,34.6567
36.456,1.5,0.00392857,34.5767
36.458,1.5,0.0043315,34.5483
36.46,1.5,0.00473443,34.5794
36.462,1.5,0.0052381,34.5389
36.464,1.5,0.00473443,34.5672
36.466,1.5,0.00423077,34.5281
36.468,1.5,0.00533883,34.5362
36.47,1.5,0.00564103,34.3669
36.472,1.5,0.00362637,34.4944
36.474,1.5,0.00483516,34.4272
36.476,1.5,0.00473443,34.3816
36.478,1.5,0.00483516,34.3896
36.48,1.5,0.00483516,34.3937
36.482,1.5,0.00443223,34.3215
36.484,1.5,0.0046337,34.3162
36.486,1.5,0.0049359,34.2563
36.488,1.5,0.00453297,34.2616
36.49,1.5,0.00453297,34.2205
36.492,1.5,0.0040293,34.1557
36.494,1.5,0.00543956,34.2019
36.496,1.5,0.0052381,34.2444
36.498,1.5,0.0049359,34.157
36.5,1.5,0.0040293,34.1649
36.502,1.5,0.00574176,34.1887
36.504,1.5,0.00543956,34.3042
36.506,1.5,0.0046337,34.1056
36.508,1.5,0.00473443,34.3162
36.51,1.5,0.0049359,34.3162
36.512,1.5,0.00513736,34.3602
36.514,1.5,0.00574176,34.391
36.516,1.5,0.0052381,34.3482
36.518,1.5,0.00574176,34.4231
36.52,1.5,0.00533883,34.4339
36.522,1.5,0.00483516,34.4137
36.524,1.5,0.00473443,34.4715
36.526,1.5,0.00513736,34.4258
36.528,1.5,0.00705128,34.4661
36.53,1.5,0.00644689,34.5537
36.532,1.5,0.00533883,34.4997
36.534,1.5,0.00554029,34.5038
36.536,1.5,0.00654762,34.5078
36.538,1.5,0.00453297,34.5902
36.54,1.5,0.00413004,34.5402
36.542,1.5,0.00503663,34.5524
36.544,1.5,0.00574176,34.5984
36.546,1.5,0.00473443,34.6065
36.548,1.5,0.00584249,34.5699
36.55,1.5,0.00533883,34.6526
36.552,1.5,0.00443223,34.7194
36.554,1.5,0.00483516,34.6445
36.556,1.5,0.0040293,34.7344
36.558,1.5,0.00352564,34.6309
36.56,1.5,0.00453297,34.6038
36.562,1.5,0.0046337,34.6866
36.564,1.5,0.0043315,34.5227
36.566,1.5,0.00423077,34.524
36.568,1.5,0.0046337,34.6323
36.57,1.5,0.0043315,34.6065
36.572,1.5,0.00392857,34.5389
36.574,1.5,0.00423077,34.4191
36.576,1.5,0.0046337,34.4365
36.578,1.5,0.00564103,34.4218
36.58,1.5,0.0049359,34.4124
36.582,1.5,0.00543956,34.4392
36.584,1.5,0.00513736,34.3736
36.586,1.5,0.00483516,34.4621
36.588,1.5,0.00453297,34.4137
36.59,1.5,0.00443223,34.3883
36.592,1.5,0.00413004,34.3896
36.594,1.5,0.00554029,34.3977
36.596,1.5,0.00554029,34.4339
36.598,1.5,0.00473443,34.4272
36.6,1.5,0.00564103,34.45
36.602,1.5,0.00533883,34.5024
36.604,1.5,0.0049359,34.5173
36.606,1.5,0.0049359,34.5254
36.608,1.5,0.00533883,34.4419
36.61,1.5,0.0052381,34.45
36.612,1.5,0.00564103,34.5537
36.614,1.5,0.00453297,34.5267
36.616,1.5,0.00503663,34.5632
36.618,1.5,0.00584249,34.5632
36.62,1.5,0.00533883,34.574
36.622,1.5,0.0046337,34.5024
36.624,1.5,0.00483516,34.45
36.626,1.5,0.00574176,34.3482
36.628,1.5,0.00584249,34.5362
36.63,1.5,0.00473443,34.5308
36.632,1.5,0.00503663,34.5092
36.634,1.5,0.00513736,34.5362
36.636,1.5,0.00604396,34.5254
36.638,1.5,0.00413004,34.5632
36.64,1.5,0.00443223,34.4795
36.642,1.5,0.0046337,34.5146
36.644,1.5,0.00503663,34.5024
36.646,1.5,0.00533883,34.5335
36.648,1.5,0.0046337,34.4742
36.65,1.5,0.00513736,34.4406
36.652,1.5,0.00634615,34.6472
36.654,1.5,0.00453297,34.5065
36.656,1.5,0.0040293,34.4392
36.658,1.5,0.00443223,34.4285
36.66,1.5,0.00503663,34.4258
36.662,1.5,0.00543956,34.3682
36.664,1.5,0.0049359,34.3242
36.666,1.5,0.0046337,34.2842
36.668,1.5,0.00604396,34.2829
36.67,1.5,0.00453297,34.2696
36.672,1.5,0.0049359,34.2205
36.674,1.5,0.00554029,34.2046
36.676,1.5,0.00564103,34.2337
36.678,1.5,0.00543956,34.3977
36.68,1.5,0.0049359,34.1781
36.682,1.5,0.00473443,34.2909
36.684,1.5,0.00604396,34.2523
36.686,1.5,0.00584249,34.5808
36.688,1.5,0.00483516,34.3575
36.69,1.5,0.0052381,34.3429
36.692,1.5,0.0052381,34.3455
36.694,1.5,0.00604396,34.3829
36.696,1.5,0.00574176,34.4325
36.698,1.5,0.00533883,34.3829
36.7,1.5,0.00604396,34.4715
36.702,1.5,0.00634615,34.4944
36.704,1.5,0.00473443,34.4782
36.706,1.5,0.00453297,34.4486
36.708,1.5,0.00543956,34.4701
36.71,1.5,0.00554029,34.493
36.712,1.5,0.00564103,34.489
36.714,1.5,0.00564103,34.5011
36.716,1.5,0.00513736,34.5173
36.718,1.5,0.00695055,34.5456
36.72,1.5,0.0040293,34.5173
36.722,1.5,0.00443223,34.5389
36.724,1.5,0.0046337,34.6201
36.726,1.5,0.00473443,34.6078
36.728,1.5,0.00584249,34.6826
36.73,1.5,0.00533883,34.6649
36.732,1.5,0.0049359,34.6812
36.734,1.5,0.0046337,34.6785
36.736,1.5,0.00503663,34.7412
36.738,1.5,0.00312271,34.7521
36.74,1.5,0.00413004,34.6608
36.742,1.5,0.0043315,34.6472
36.744,1.5,0.00584249,34.7098
36.746,1.5,0.00473443,34.6241
36.748,1.5,0.00483516,34.6458
36.75,1.5,0.00554029,34.654
36.752,1.5,0.0046337,34.6431
36.754,1.5,0.00443223,34.5767
36.756,1.5,0.00423077,34.5632
36.758,1.5,0.00533883,34.4917
36.76,1.5,0.00624542,34.4392
36.762,1.5,0.00413004,34.4607
36.764,1.5,0.00513736,34.3816
36.766,1.5,0.0049359,34.4044
36.768,1.5,0.00574176,34.458
36.77,1.5,0.0052381,34.4151
36.772,1.5,0.00392857,34.4017
36.774,1.5,0.00372711,34.4433
36.776,1.5,0.00574176,34.3415
36.778,1.5,0.00533883,34.4164
36.78,1.5,0.00513736,34.4392
36.782,1.5,0.00574176,34.489
36.784,1.5,0.00564103,34.5038
36.786,1.5,0.00574176,34.5308
36.788,1.5,0.0049359,34.4903
36.79,1.5,0.00483516,34.4433
36.792,1.5,0.00594322,34.5186
36.794,1.5,0.00574176,34.5132
36.796,1.5,0.00533883,34.5267
36.798,1.5,0.00554029,34.4634
36.8,1.5,0.00634615,34.5119
36.802,1.5,0.00594322,34.5726
36.804,1.5,0.00473443,34.5132
36.806,1.5,0.00473443,34.4486
36.808,1.5,0.0049359,34.5659
36.81,1.5,0.00574176,34.5429
36.812,1.5,0.00543956,34.5456
36.814,1.5,0.00503663,34.5591
36.816,1.5,0.00543956,34.5551
36.818,1.5,0.00564103,34.5456
36.82,1.5,0.00413004,34.5957
36.822,1.5,0.0046337,34.497
36.824,1.5,0.00543956,34.5119
36.826,1.5,0.00543956,34.6051
36.828,1.5,0.00543956,34.551
36.83,1.5,0.00443223,34.5726
36.832,1.5,0.00443223,34.5092
36.834,1.5,0.00543956,34.6608
36.836,1.5,0.0040293,34.5524
36.838,1.5,0.00413004,34.4486
36.84,1.5,0.00473443,34.4097
36.842,1.5,0.0052381,34.3442
36.844,1.5,0.0046337,34.3696
36.846,1.5,0.0049359,34.3148
36.848,1.5,0.00443223,34.2789
36.85,1.5,0.00574176,34.3335
36.852,1.5,0.00543956,34.3042
36.854,1.5,0.0043315,34.2019
36.856,1.5,0.00413004,34.2696
36.858,1.5,0.00574176,34.2231
36.86,1.5,0.00513736,34.1887
36.862,1.5,0.00453297,34.2152
36.864,1.5,0.00503663,34.2723
36.866,1.5,0.00533883,34.3228
36.868,1.5,0.00564103,34.5618
36.87,1.5,0.00503663,34.4298
36.872,1.5,0.00473443,34.3469
36.874,1.5,0.0049359,34.3629
36.876,1.5,0.00725275,34.3535
36.878,1.5,0.00513736,34.4151
36.88,1.5,0.00453297,34.4459
36.882,1.5,0.00614469,34.4433
36.884,1.5,0.00614469,34.4944
36.886,1.5,0.00574176,34.5254
36.888,1.5,0.0052381,34.4446
36.89,1.5,0.00554029,34.4742
36.892,1.5,0.00533883,34.4648
36.894,1.5,0.00594322,34.4917
36.896,1.5,0.00513736,34.5011
36.898,1.5,0.00604396,34.5267
36.9,1.5,0.00584249,34.5753
36.902,1.5,0.00483516,34.6336
36.904,1.5,0.00543956,34.5308
36.906,1.5,0.00513736,34.551
36.908,1.5,0.0049359,34.5659
36.91,1.5,0.00513736,34.6567
36.912,1.5,0.0049359,34.6051
36.914,1.5,0.00453297,34.6323
36.916,1.5,0.00513736,34.6445
36.918,1.5,0.00443223,34.6921
36.92,1.5,0.0046337,34.6513
36.922,1.5,0.00453297,34.6268
36.924,1.5,0.0043315,34.6431
36.926,1.5,0.00564103,34.5902
36.928,1.5,0.00473443,34.7071
36.93,1.5,0.0046337,34.6323
36.932,1.5,0.00513736,34.6323
36.934,1.5,0.00473443,34.5335
36.936,1.5,0.00392857,34.5902
36.938,1.5,0.00423077,34.5402
36.94,1.5,0.00443223,34.403
36.942,1.5,0.00554029,34.4903
36.944,1.5,0.00543956,34.4876
36.946,1.5,0.00453297,34.399
36.948,1.5,0.00554029,34.3963
36.95,1.5,0.00564103,34.4406
36.952,1.5,0.00483516,34.4218
36.954,1.5,0.0052381,34.4044
36.956,1.5,0.00533883,34.3255
36.958,1.5,0.00513736,34.3402
36.96,1.5,0.00503663,34.493
36.962,1.5,0.00533883,34.4459
36.964,1.5,0.00503663,34.4903
36.966,1.5,0.00584249,34.5281
36.968,1.5,0.00473443,34.5362
36.97,1.5,0.00423077,34.5402
36.972,1.5,0.0049359,34.4553
36.974,1.5,0.00513736,34.5078
36.976,1.5,0.00634615,34.524
36.978,1.5,0.0049359,34.5038
36.98,1.5,0.0043315,34.4486
36.982,1.5,0.00604396,34.4513
36.984,1.5,0.00533883,34.5402
36.986,1.5,0.0052381,34.5065
36.988,1.5,0.00503663,34.4406
36.99,1.5,0.00533883,34.5281
36.992,1.5,0.00574176,34.4634
36.994,1.5,0.00473443,34.4849
36.996,1.5,0.00564103,34.5119
36.998,1.5,0.00503663,34.458
37,1.6,0.00654762,34.4917
37.002,1.6,0.0123901,34.7153
37.004,1.6,0.0109799,35.0429
37.006,1.6,0.0100733,35.2204
37.008,1.6,0.0109799,35.5663
37.01,1.6,0.00946886,35.6985
37.012,1.6,0.008663,35.903
37.014,1.6,0.0089652,36.0318
37.016,1.6,0.0095696,36.3132
37.018,1.6,0.00695055,36.3043
37.02,1.6,0.00664835,36.3506
37.022,1.6,0.00725275,36.418
37.024,1.6,0.00674908,36.4992
37.026,1.6,0.00624542,36.5158
37.028,1.6,0.00594322,36.5944
37.03,1.6,0.00554029,36.5581
37.032,1.6,0.00735348,36.6415
37.034,1.6,0.00604396,36.6597
37.036,1.6,0.00614469,36.6461
37.038,1.6,0.00604396,36.6734
37.04,1.6,0.00684982,36.7512
37.042,1.6,0.00604396,36.9448
37.044,1.6,0.00604396,36.8893
37.046,1.6,0.00634615,36.8755
37.048,1.6,0.00554029,36.9634
37.05,1.6,0.0049359,36.7696
37.052,1.6,0.0052381,37.0083
37.054,1.6,0.00604396,37.0502
37.056,1.6,0.00614469,37.128
37.058,1.6,0.00564103,37.0922
37.06,1.6,0.00574176,37.1327
37.062,1.6,0.00644689,37.2187
37.064,1.6,0.00564103,37.1718
37.066,1.6,0.00584249,37.2015
37.068,1.6,0.00604396,37.2533
37.07,1.6,0.00584249,37.2533
37.072,1.6,0.00604396,37.2894
37.074,1.6,0.00624542,37.3083
37.076,1.6,0.00644689,37.3414
37.078,1.6,0.00765568,37.3446
37.08,1.6,0.00453297,37.411
37.082,1.6,0.00453297,37.3967
37.084,1.6,0.00594322,37.3967
37.086,1.6,0.00604396,37.4665
37.088,1.6,0.00554029,37.5158
37.09,1.6,0.00574176,37.4475
37.092,1.6,0.00543956,37.4999
37.094,1.6,0.0046337,37.5669
37.096,1.6,0.0043315,37.5318
37.098,1.6,0.0046337,37.5095
37.1,1.6,0.0049359,37.4729
37.102,1.6,0.00513736,37.5318
37.104,1.6,0.0043315,37.5366
37.106,1.6,0.00513736,37.4506
37.108,1.6,0.00644689,37.4808
37.11,1.6,0.00413004,37.4491
37.112,1.6,0.0040293,37.3604
37.114,1.6,0.00453297,37.2879
37.116,1.6,0.00564103,37.269
37.118,1.6,0.00574176,37.2941
37.12,1.6,0.00503663,37.2282
37.122,1.6,0.00564103,37.2376
37.124,1.6,0.00574176,37.3304
37.126,1.6,0.00503663,37.2816
37.128,1.6,0.00423077,37.247
37.13,1.6,0.00554029,37.1905
37.132,1.6,0.00705128,37.2517
37.134,1.6,0.00584249,37.2486
37.136,1.6,0.0052381,37.2816
37.138,1.6,0.00604396,37.343
37.14,1.6,0.00533883,37.3841
37.142,1.6,0.00453297,37.4062
37.144,1.6,0.00473443,37.3067
37.146,1.6,0.00533883,37.2957
37.148,1.6,0.00554029,37.4189
37.15,1.6,0.00584249,37.3525
37.152,1.6,0.00604396,37.3588
37.154,1.6,0.00594322,37.3999
37.156,1.6,0.00533883,37.4173
37.158,1.6,0.0049359,37.3683
37.16,1.6,0.00584249,37.2423
37.162,1.6,0.00624542,37.3115
37.164,1.6,0.00614469,37.3762
37.166,1.6,0.0049359,37.4157
37.168,1.6,0.00533883,37.3983
37.17,1.6,0.00614469,37.3809
37.172,1.6,0.00554029,37.4253
37.174,1.6,0.00342491,37.4173
37.176,1.6,0.00473443,37.4411
37.178,1.6,0.00503663,37.3952
37.18,1.6,0.00443223,37.4538
37.182,1.6,0.0043315,37.4094
37.184,1.6,0.00473443,37.4586
37.186,1.6,0.00483516,37.4459
37.188,1.6,0.00413004,37.313
37.19,1.6,0.00382784,37.2721
37.192,1.6,0.00423077,37.1968
37.194,1.6,0.00503663,37.2297
37.196,1.6,0.0052381,37.1874
37.198,1.6,0.00503663,37.1968
37.2,1.6,0.00604396,37.1171
37.202,1.6,0.00503663,37.1218
37.204,1.6,0.0049359,37.128
37.206,1.6,0.00443223,37.1312
37.208,1.6,0.00594322,37.2015
37.21,1.6,0.00574176,37.1483
37.212,1.6,0.0052381,37.0424
37.214,1.6,0.00513736,37.0176
37.216,1.6,0.00644689,37.1546
37.218,1.6,0.0046337,37.3052
37.22,1.6,0.00443223,37.2078
37.222,1.6,0.00564103,37.1733
37.224,1.6,0.00604396,37.2329
37.226,1.6,0.0049359,37.2941
37.228,1.6,0.00543956,37.3446
37.23,1.6,0.00554029,37.2894
37.232,1.6,0.00513736,37.3683
37.234,1.6,0.00574176,37.2973
37.236,1.6,0.00543956,37.3052
37.238,1.6,0.00634615,37.2879
37.24,1.6,0.00584249,37.2957
37.242,1.6,0.00503663,37.3414
37.244,1.6,0.00634615,37.3604
37.246,1.6,0.00634615,37.3857
37.248,1.6,0.00503663,37.4538
37.25,1.6,0.00443223,37.4935
37.252,1.6,0.0052381,37.411
37.254,1.6,0.00564103,37.4506
37.256,1.6,0.00503663,37.5397
37.258,1.6,0.00543956,37.5429
37.26,1.6,0.00554029,37.4776
37.262,1.6,0.0046337,37.6101
37.264,1.6,0.00413004,37.5031
37.266,1.6,0.0046337,37.5047
37.268,1.6,0.00473443,37.492
37.27,1.6,0.0052381,37.5717
37.272,1.6,0.00574176,37.3999
37.274,1.6,0.00453297,37.4126
37.276,1.6,0.00513736,37.3699
37.278,1.6,0.0043315,37.484
37.28,1.6,0.00382784,37.43
37.282,1.6,0.00423077,37.4173
37.284,1.6,0.00584249,37.3241
37.286,1.6,0.00513736,37.362
37.288,1.6,0.00513736,37.2737
37.29,1.6,0.00503663,37.2737
37.292,1.6,0.00543956,37.3304
37.294,1.6,0.00453297,37.2894
37.296,1.6,0.00473443,37.269
37.298,1.6,0.00503663,37.269
37.3,1.6,0.00614469,37.3651
37.302,1.6,0.00543956,37.3335
37.304,1.6,0.0043315,37.3162
37.306,1.6,0.00554029,37.3477
37.308,1.6,0.00614469,37.4047
37.31,1.6,0.00473443,37.4142
37.312,1.6,0.00413004,37.3194
37.314,1.6,0.00543956,37.3841
37.316,1.6,0.00604396,37.3683
37.318,1.6,0.00604396,37.3841
37.32,1.6,0.00554029,37.4284
37.322,1.6,0.00604396,37.4268
37.324,1.6,0.00513736,37.4047
37.326,1.6,0.00483516,37.3904
37.328,1.6,0.00513736,37.3367
37.33,1.6,0.00614469,37.4379
37.332,1.6,0.00604396,37.392
37.334,1.6,0.00473443,37.362
37.336,1.6,0.00533883,37.3604
37.338,1.6,0.00574176,37.3936
37.34,1.6,0.00453297,37.4586
37.342,1.6,0.00413004,37.3588
37.344,1.6,0.00543956,37.4015
37.346,1.6,0.00574176,37.3857
37.348,1.6,0.00423077,37.4364
37.35,1.6,0.0040293,37.4015
37.352,1.6,0.00503663,37.4681
37.354,1.6,0.0043315,37.4459
37.356,1.6,0.00443223,37.3509
37.358,1.6,0.0043315,37.269
37.36,1.6,0.00543956,37.2737
37.362,1.6,0.0049359,37.2768
37.364,1.6,0.00483516,37.1796
37.366,1.6,0.0049359,37.1514
37.368,1.6,0.00543956,37.1436
37.37,1.6,0.00413004,37.1421
37.372,1.6,0.00423077,37.1015
37.374,1.6,0.0046337,37.0424
37.376,1.6,0.00574176,37.0611
37.378,1.6,0.00473443,37.0253
37.38,1.6,0.00513736,37.1343
37.382,1.6,0.00543956,37.1312
37.384,1.6,0.00584249,37.0145
37.386,1.6,0.00443223,37.3146
37.388,1.6,0.0043315,37.2234
37.39,1.6,0.00443223,37.2093
37.392,1.6,0.00654762,37.2344
37.394,1.6,0.00554029,37.2926
37.396,1.6,0.00513736,37.2423
37.398,1.6,0.00584249,37.2266
37.4,1.6,0.00584249,37.3099
37.402,1.6,0.0052381,37.3604
37.404,1.6,0.00564103,37.3178
37.406,1.6,0.00543956,37.3446
37.408,1.6,0.00584249,37.4348
37.41,1.6,0.00543956,37.3888
37.412,1.6,0.00604396,37.3809
37.414,1.6,0.00584249,37.411
37.416,1.6,0.0049359,37.3762
37.418,1.6,0.0046337,37.4126
37.42,1.6,0.00453297,37.4173
37.422,1.6,0.00644689,37.4443
37.424,1.6,0.0049359,37.4713
37.426,1.6,0.0049359,37.5047
37.428,1.6,0.00564103,37.5381
37.43,1.6,0.00473443,37.5813
37.432,1.6,0.00443223,37.4697
37.434,1.6,0.00443223,37.4332
37.436,1.6,0.0052381,37.492
37.438,1.6,0.00614469,37.4284
37.44,1.6,0.00543956,37.4268
37.442,1.6,0.00513736,37.457
37.444,1.6,0.00564103,37.4713
37.446,1.6,0.00423077,37.4602
37.448,1.6,0.00352564,37.3178
37.45,1.6,0.00483516,37.3651
37.452,1.6,0.0049359,37.2706
37.454,1.6,0.00574176,37.2643
37.456,1.6,0.00513736,37.2847
37.458,1.6,0.00513736,37.302
37.46,1.6,0.00543956,37.2768
37.462,1.6,0.00483516,37.2643
37.464,1.6,0.00413004,37.2407
37.466,1.6,0.00473443,37.291
37.468,1.6,0.00564103,37.2376
37.47,1.6,0.00634615,37.2753
37.472,1.6,0.00574176,37.3588
37.474,1.6,0.00533883,37.332
37.476,1.6,0.00695055,37.4094
37.478,1.6,0.00533883,37.3778
37.48,1.6,0.00423077,37.4142
37.482,1.6,0.00533883,37.3809
37.484,1.6,0.00604396,37.3793
37.486,1.6,0.00564103,37.3825
37.488,1.6,0.00564103,37.3225
37.49,1.6,0.0052381,37.3746
37.492,1.6,0.00543956,37.43
37.494,1.6,0.00564103,37.3651
37.496,1.6,0.00483516,37.4697
37.498,1.6,0.00584249,37.3841
37.5,1.6,0.00604396,37.3967
37.502,1.6,0.00614469,37.373
37.504,1.6,0.0052381,37.3525
37.506,1.6,0.00644689,37.4792
37.508,1.6,0.00443223,37.4395
37.51,1.6,0.00423077,37.4538
37.512,1.6,0.0046337,37.3556
37.514,1.6,0.00624542,37.4522
37.516,1.6,0.00473443,37.3999
37.518,1.6,0.0049359,37.3399
37.52,1.6,0.00543956,37.2879
37.522,1.6,0.0052381,37.4427
37.524,1.6,0.00413004,37.3525
37.526,1.6,0.0040293,37.3194
37.528,1.6,0.0046337,37.2941
37.53,1.6,0.00423077,37.3052
37.532,1.6,0.00503663,37.2533
37.534,1.6,0.00483516,37.1312
37.536,1.6,0.00533883,37.2109
37.538,1.6,0.00483516,37.1905
37.54,1.6,0.00473443,37.0813
37.542,1.6,0.00473443,37.0688
37.544,1.6,0.00543956,37.0891
37.546,1.6,0.0052381,37.1234
37.548,1.6,0.00533883,37.1499
37.55,1.6,0.00574176,37.2109
37.552,1.6,0.00644689,37.3288
37.554,1.6,0.0049359,37.0969
37.556,1.6,0.00503663,37.0797
37.558,1.6,0.0049359,37.2266
37.56,1.6,0.00604396,37.2187
37.562,1.6,0.00554029,37.28
37.564,1.6,0.0052381,37.2423
37.566,1.6,0.00564103,37.3257
37.568,1.6,0.00584249,37.3304
37.57,1.6,0.00483516,37.3162
37.572,1.6,0.00533883,37.2973
37.574,1.6,0.00614469,37.3099
37.576,1.6,0.00594322,37.3446
37.578,1.6,0.00584249,37.362
37.58,1.6,0.00604396,37.4268
37.582,1.6,0.00584249,37.4538
37.584,1.6,0.00554029,37.5063
37.586,1.6,0.0049359,37.4062
37.588,1.6,0.00453297,37.4935
37.59,1.6,0.00503663,37.484
37.592,1.6,0.00594322,37.5095
37.594,1.6,0.00533883,37.4792
37.596,1.6,0.00503663,37.5174
37.598,1.6,0.00594322,37.5765
37.6,1.6,0.0040293,37.6357
37.602,1.6,0.00372711,37.6277
37.604,1.6,0.0052381,37.5126
37.606,1.6,0.00503663,37.519
37.608,1.6,0.00483516,37.6261
37.61,1.6,0.0046337,37.527
37.612,1.6,0.00543956,37.5254
37.614,1.6,0.00413004,37.5126
37.616,1.6,0.00342491,37.3936
37.618,1.6,0.00362637,37.3936
37.62,1.6,0.0049359,37.3351
37.622,1.6,0.00614469,37.3952
37.624,1.6,0.0049359,37.2816
37.626,1.6,0.00503663,37.236
37.628,1.6,0.00614469,37.3241
37.63,1.6,0.0049359,37.3683
37.632,1.6,0.0046337,37.3257
37.634,1.6,0.00443223,37.2125
37.636,1.6,0.00543956,37.2219
37.638,1.6,0.00604396,37.302
37.64,1.6,0.00533883,37.3999
37.642,1.6,0.00473443,37.3888
37.644,1.6,0.00604396,37.4538
37.646,1.6,0.0049359,37.4379
37.648,1.6,0.0043315,37.3683
37.65,1.6,0.00543956,37.3367
37.652,1.6,0.00634615,37.392
37.654,1.6,0.00533883,37.3762
37.656,1.6,0.00543956,37.3809
37.658,1.6,0.00624542,37.362
37.66,1.6,0.00584249,37.4665
37.662,1.6,0.0049359,37.4015
37.664,1.6,0.00503663,37.5015
37.666,1.6,0.00584249,37.4142
37.668,1.6,0.00614469,37.4157
37.67,1.6,0.00543956,37.3904
37.672,1.6,0.00584249,37.4935
37.674,1.6,0.00624542,37.3383
37.676,1.6,0.00423077,37.4538
37.678,1.6,0.00453297,37.4379
37.68,1.6,0.00513736,37.4443
37.682,1.6,0.00513736,37.4649
37.684,1.6,0.0052381,37.3983
37.686,1.6,0.00382784,37.3477
37.688,1.6,0.00473443,37.2926
37.69,1.6,0.00604396,37.2187
37.692,1.6,0.00372711,37.3509
37.694,1.6,0.00342491,37.3099
37.696,1.6,0.00513736,37.225
37.698,1.6,0.0049359,37.2187
37.7,1.6,0.00503663,37.189
37.702,1.6,0.00513736,37.2093
37.704,1.6,0.00533883,37.1265
37.706,1.6,0.00564103,37.1827
37.708,1.6,0.00483516,37.0782
37.71,1.6,0.0049359,37.0642
37.712,1.6,0.00574176,37.0875
37.714,1.6,0.00574176,37.1171
37.716,1.6,0.00554029,37.1483
37.718,1.6,0.00533883,37.2015
37.72,1.6,0.00634615,37.3225
37.722,1.6,0.00443223,37.2297
37.724,1.6,0.0046337,37.3036
37.726,1.6,0.00473443,37.2031
37.728,1.6,0.00584249,37.2533
37.73,1.6,0.00564103,37.225
37.732,1.6,0.0046337,37.3209
37.734,1.6,0.00554029,37.3099
37.736,1.6,0.00644689,37.3588
37.738,1.6,0.0046337,37.3414
37.74,1.6,0.00503663,37.2989
37.742,1.6,0.00604396,37.3194
37.744,1.6,0.00644689,37.3414
37.746,1.6,0.00604396,37.3588
37.748,1.6,0.00604396,37.3446
37.75,1.6,0.00624542,37.3714
37.752,1.6,0.00503663,37.4173
37.754,1.6,0.0043315,37.5095
37.756,1.6,0.0046337,37.4316
37.758,1.6,0.00614469,37.4475
37.76,1.6,0.00513736,37.4904
37.762,1.6,0.0046337,37.4633
37.764,1.6,0.0052381,37.5111
37.766,1.6,0.00604396,37.5254
37.768,1.6,0.00362637,37.5637
37.77,1.6,0.00413004,37.5031
37.772,1.6,0.0040293,37.4999
37.774,1.6,0.00503663,37.4904
37.776,1.6,0.00473443,37.4665
37.778,1.6,0.00382784,37.5302
37.78,1.6,0.00513736,37.5286
37.782,1.6,0.00543956,37.5238
37.784,1.6,0.00372711,37.457
37.786,1.6,0.00413004,37.3272
37.788,1.6,0.0052381,37.3399
37.79,1.6,0.00594322,37.28
37.792,1.6,0.00483516,37.3178
37.794,1.6,0.00574176,37.3225
37.796,1.6,0.00604396,37.2313
37.798,1.6,0.00413004,37.3604
37.8,1.6,0.00473443,37.313
37.802,1.6,0.00483516,37.2093
37.804,1.6,0.0052381,37.2031
37.806,1.6,0.00564103,37.2847
37.808,1.6,0.00473443,37.3004
37.81,1.6,0.00483516,37.3225
37.812,1.6,0.00614469,37.3714
37.814,1.6,0.00483516,37.3778
37.816,1.6,0.00423077,37.3572
37.818,1.6,0.00503663,37.3667
37.82,1.6,0.00664835,37.3999
37.822,1.6,0.00594322,37.3477
37.824,1.6,0.00664835,37.3414
37.826,1.6,0.00584249,37.3367
37.828,1.6,0.00574176,37.4364
37.83,1.6,0.0049359,37.3699
37.832,1.6,0.00513736,37.3067
37.834,1.6,0.0052381,37.1952
37.836,1.6,0.00634615,37.3904
37.838,1.6,0.0046337,37.3525
37.84,1.6,0.00483516,37.3036
37.842,1.6,0.00614469,37.4078
37.844,1.6,0.0049359,37.4443
37.846,1.6,0.00453297,37.4237
37.848,1.6,0.00483516,37.4475
37.85,1.6,0.00503663,37.4237
37.852,1.6,0.0049359,37.4094
37.854,1.6,0.0046337,37.4348
37.856,1.6,0.00483516,37.3809
37.858,1.6,0.00543956,37.5318
37.86,1.6,0.00423077,37.3746
37.862,1.6,0.0046337,37.2894
37.864,1.6,0.00473443,37.247
37.866,1.6,0.0052381,37.2046
37.868,1.6,0.0046337,37.1765
37.87,1.6,0.00453297,37.1952
37.872,1.6,0.00543956,37.1046
37.874,1.6,0.00513736,37.1156
37.876,1.6,0.0049359,37.1031
37.878,1.6,0.00483516,37.1234
37.88,1.6,0.00483516,37.0673
37.882,1.6,0.00584249,37.225
37.884,1.6,0.00513736,36.9912
37.886,1.6,0.0052381,37.0021
37.888,1.6,0.00533883,37.0393
37.89,1.6,0.00503663,37.086
37.892,1.6,0.00473443,37.3825
37.894,1.6,0.00513736,37.164
37.896,1.6,0.00624542,37.1968
37.898,1.6,0.00574176,37.225
37.9,1.6,0.00543956,37.2517
37.902,1.6,0.00594322,37.2737
37.904,1.6,0.00684982,37.3477
37.906,1.6,0.0049359,37.3209
37.908,1.6,0.00483516,37.3746
37.91,1.6,0.00513736,37.3272
37.912,1.6,0.00674908,37.3588
37.914,1.6,0.0049359,37.3146
37.916,1.6,0.00543956,37.3778
37.918,1.6,0.00604396,37.3857
37.92,1.6,0.00503663,37.4649
37.922,1.6,0.00473443,37.4348
37.924,1.6,0.00423077,37.4237
37.926,1.6,0.00473443,37.4538
37.928,1.6,0.00543956,37.5493
37.93,1.6,0.00503663,37.5206
37.932,1.6,0.0049359,37.5445
37.934,1.6,0.0049359,37.6085
37.936,1.6,0.0046337,37.5174
37.938,1.6,0.00352564,37.5206
37.94,1.6,0.00453297,37.4935
37.942,1.6,0.00574176,37.4999
37.944,1.6,0.00574176,37.4475
37.946,1.6,0.00413004,37.411
37.948,1.6,0.0052381,37.3525
37.95,1.6,0.00594322,37.411
37.952,1.6,0.00382784,37.4649
37.954,1.6,0.00473443,37.4221
37.956,1.6,0.00473443,37.3556
37.958,1.6,0.00634615,37.3067
37.96,1.6,0.00513736,37.2879
37.962,1.6,0.00483516,37.313
37.964,1.6,0.00584249,37.2203
37.966,1.6,0.00513736,37.3146
37.968,1.6,0.0043315,37.2548
37.97,1.6,0.00392857,37.269
37.972,1.6,0.00443223,37.2926
37.974,1.6,0.00503663,37.3604
37.976,1.6,0.00533883,37.3052
37.978,1.6,0.00533883,37.3493
37.98,1.6,0.00554029,37.3572
37.982,1.6,0.00554029,37.3952
37.984,1.6,0.0043315,37.3999
37.986,1.6,0.0049359,37.4173
37.988,1.6,0.00634615,37.4142
37.99,1.6,0.00644689,37.3746
37.992,1.6,0.00543956,37.4443
37.994,1.6,0.00564103,37.4078
37.996,1.6,0.00725275,37.4729
37.998,1.6,0.00543956,37.4062
38,1.7,0.0052381,37.3509
38.002,1.7,0.0124908,37.6133
38.004,1.7,0.0126923,37.8793
38.006,1.7,0.0107784,38.1031
38.008,1.7,0.00977106,38.2731
38.01,1.7,0.0104762,38.5722
38.012,1.7,0.00886447,38.7464
38.014,1.7,0.00785714,38.9428
38.016,1.7,0.00795788,39.091
38.018,1.7,0.00886447,39.1828
38.02,1.7,0.00755495,39.3013
38.022,1.7,0.00725275,39.3276
38.024,1.7,0.00705128,39.5158
38.026,1.7,0.00765568,39.6292
38.028,1.7,0.00564103,39.6008
38.03,1.7,0.00513736,39.5706
38.032,1.7,0.00614469,39.5671
38.034,1.7,0.00614469,39.6452
38.036,1.7,0.00554029,39.6541
38.038,1.7,0.00564103,39.6612
38.04,1.7,0.00695055,39.7344
38.042,1.7,0.00533883,39.6648
38.044,1.7,0.0049359,39.6292
38.046,1.7,0.00533883,39.7236
38.048,1.7,0.00513736,39.9157
38.05,1.7,0.00574176,39.8078
38.052,1.7,0.00574176,39.885
38.054,1.7,0.00614469,39.688
38.056,1.7,0.0046337,39.7862
38.058,1.7,0.0052381,39.9427
38.06,1.7,0.00554029,39.9265
38.062,1.7,0.00604396,39.9843
38.064,1.7,0.00533883,40.0459
38.066,1.7,0.00564103,40.0042
38.068,1.7,0.00634615,40.0822
38.07,1.7,0.00564103,40.1624
38.072,1.7,0.00554029,40.0841
38.074,1.7,0.0049359,40.1059
38.076,1.7,0.00594322,40.1515
38.078,1.7,0.00604396,40.1588
38.08,1.7,0.00543956,40.2246
38.082,1.7,0.00695055,40.2649
38.084,1.7,0.0049359,40.1935
38.086,1.7,0.0049359,40.2429
38.088,1.7,0.00483516,40.2612
38.09,1.7,0.00634615,40.3163
38.092,1.7,0.00574176,40.3734
38.094,1.7,0.00543956,40.3108
38.096,1.7,0.00543956,40.3771
38.098,1.7,0.00443223,40.3624
38.1,1.7,0.00413004,40.3642
38.102,1.7,0.00443223,40.3403
38.104,1.7,0.00564103,40.3274
38.106,1.7,0.00443223,40.4622
38.108,1.7,0.0043315,40.3513
38.11,1.7,0.00513736,40.3642
38.112,1.7,0.00483516,40.3035
38.114,1.7,0.00362637,40.2484
38.116,1.7,0.00413004,40.1314
38.118,1.7,0.00554029,40.1095
38.12,1.7,0.00574176,40.146
38.122,1.7,0.00554029,40.0659
38.124,1.7,0.00513736,40.1624
38.126,1.7,0.00543956,40.0932
38.128,1.7,0.00382784,40.0695
38.13,1.7,0.00413004,40.0042
38.132,1.7,0.00594322,40.0078
38.134,1.7,0.00594322,40.1114
38.136,1.7,0.00554029,40.1916
38.138,1.7,0.00594322,40.1533
38.14,1.7,0.00574176,40.2081
38.142,1.7,0.00453297,40.2191
38.144,1.7,0.00443223,40.1332
38.146,1.7,0.00554029,40.1186
38.148,1.7,0.00584249,40.2502
38.15,1.7,0.00533883,40.1569
38.152,1.7,0.0052381,40.2319
38.154,1.7,0.00604396,40.2906
38.156,1.7,0.00554029,40.2099
38.158,1.7,0.00483516,40.1369
38.16,1.7,0.00604396,40.2246
38.162,1.7,0.00584249,40.2081
38.164,1.7,0.0052381,40.2099
38.166,1.7,0.00503663,40.1679
38.168,1.7,0.00644689,40.2099
38.17,1.7,0.0046337,40.2594
38.172,1.7,0.00443223,40.2447
38.174,1.7,0.00513736,40.188
38.176,1.7,0.0052381,40.2649
38.178,1.7,0.00473443,40.2924
38.18,1.7,0.00513736,40.2118
38.182,1.7,0.00533883,40.3403
38.184,1.7,0.00372711,40.1807
38.186,1.7,0.00342491,40.1114
38.188,1.7,0.00503663,40.0223
38.19,1.7,0.0049359,40.1205
38.192,1.7,0.00503663,39.9807
38.194,1.7,0.00533883,39.9518
38.196,1.7,0.00604396,39.9283
38.198,1.7,0.00473443,39.9391
38.2,1.7,0.00483516,39.9193
38.202,1.7,0.00513736,39.9211
38.204,1.7,0.00614469,39.8562
38.206,1.7,0.00503663,39.8868
38.208,1.7,0.00533883,39.8329
38.21,1.7,0.00543956,39.8652
38.212,1.7,0.00503663,40.0368
38.214,1.7,0.00423077,40.1041
38.216,1.7,0.00483516,40.0241
38.218,1.7,0.00674908,40.0169
38.22,1.7,0.00554029,40.0968
38.222,1.7,0.00604396,40.0423
38.224,1.7,0.00564103,40.1168
38.226,1.7,0.00594322,40.2081
38.228,1.7,0.00503663,40.0913
38.23,1.7,0.00574176,40.1515
38.232,1.7,0.00624542,40.1715
38.234,1.7,0.00584249,40.2777
38.236,1.7,0.00533883,40.1971
38.238,1.7,0.00644689,40.1916
38.24,1.7,0.00543956,40.2447
38.242,1.7,0.00473443,40.2209
38.244,1.7,0.00533883,40.3311
38.246,1.7,0.00594322,40.2998
38.248,1.7,0.0052381,40.3329
38.25,1.7,0.0049359,40.4085
38.252,1.7,0.00543956,40.355
38.254,1.7,0.00483516,40.4141
38.256,1.7,0.00413004,40.4733
38.258,1.7,0.00443223,40.3642
38.26,1.7,0.00423077,40.355
38.262,1.7,0.0049359,40.3347
38.264,1.7,0.00453297,40.2557
38.266,1.7,0.00554029,40.3734
38.268,1.7,0.00503663,40.3384
38.27,1.7,0.00443223,40.2191
38.272,1.7,0.0043315,40.2356
38.274,1.7,0.00594322,40.1624
38.276,1.7,0.00503663,40.1533
38.278,1.7,0.00503663,40.1132
38.28,1.7,0.00564103,40.1059
38.282,1.7,0.00533883,40.1715
38.284,1.7,0.0040293,40.1296
38.286,1.7,0.00443223,40.0786
38.288,1.7,0.00554029,40.1059
38.29,1.7,0.00564103,40.1642
38.292,1.7,0.00503663,40.1004
38.294,1.7,0.00604396,40.1132
38.296,1.7,0.00695055,40.2172
38.298,1.7,0.00513736,40.2099
38.3,1.7,0.00443223,40.2154
38.302,1.7,0.00564103,40.1825
38.304,1.7,0.00674908,40.1679
38.306,1.7,0.00584249,40.1478
38.308,1.7,0.00664835,40.1533
38.31,1.7,0.00695055,40.1843
38.312,1.7,0.00564103,40.2099
38.314,1.7,0.0052381,40.1496
38.316,1.7,0.00584249,40.2466
38.318,1.7,0.00624542,40.2026
38.32,1.7,0.00513736,40.1588
38.322,1.7,0.00453297,40.2851
38.324,1.7,0.00594322,40.1314
38.326,1.7,0.00473443,40.2667
38.328,1.7,0.00392857,40.1624
38.33,1.7,0.00513736,40.2118
38.332,1.7,0.00604396,40.2282
38.334,1.7,0.00533883,40.2869
38.336,1.7,0.0046337,40.1241
38.338,1.7,0.00503663,39.9789
38.34,1.7,0.00362637,40.2337
38.342,1.7,0.00423077,40.1259
38.344,1.7,0.00443223,40.075
38.346,1.7,0.00584249,40.0278
38.348,1.7,0.0052381,39.997
38.35,1.7,0.00453297,39.9391
38.352,1.7,0.00503663,40.035
38.354,1.7,0.00513736,39.9409
38.356,1.7,0.00483516,39.9247
38.358,1.7,0.0052381,39.9825
38.36,1.7,0.00554029,40.0459
38.362,1.7,0.00503663,40.0623
38.364,1.7,0.00443223,40.0187
38.366,1.7,0.00614469,39.9157
38.368,1.7,0.0049359,39.9789
38.37,1.7,0.00483516,40.2337
38.372,1.7,0.00483516,39.9915
38.374,1.7,0.00594322,40.0695
38.376,1.7,0.00533883,40.0332
38.378,1.7,0.00604396,40.0441
38.38,1.7,0.00564103,40.1387
38.382,1.7,0.00574176,40.1205
38.384,1.7,0.00584249,40.1788
38.386,1.7,0.0046337,40.1515
38.388,1.7,0.00624542,40.1405
38.39,1.7,0.00614469,40.1715
38.392,1.7,0.00584249,40.2356
38.394,1.7,0.00564103,40.2521
38.396,1.7,0.00564103,40.2906
38.398,1.7,0.00503663,40.2631
38.4,1.7,0.00443223,40.2851
38.402,1.7,0.00564103,40.2851
38.404,1.7,0.00594322,40.3292
38.406,1.7,0.0049359,40.379
38.408,1.7,0.00533883,40.4122
38.41,1.7,0.00564103,40.4622
38.412,1.7,0.00453297,40.3403
38.414,1.7,0.00362637,40.3476
38.416,1.7,0.00503663,40.3366
38.418,1.7,0.00533883,40.3845
38.42,1.7,0.0043315,40.3311
38.422,1.7,0.0043315,40.3292
38.424,1.7,0.00664835,40.2484
38.426,1.7,0.0043315,40.3219
38.428,1.7,0.0043315,40.1496
38.43,1.7,0.00533883,40.1515
38.432,1.7,0.00554029,40.2118
38.434,1.7,0.00453297,40.1059
38.436,1.7,0.00503663,40.1843
38.438,1.7,0.00644689,40.1588
38.44,1.7,0.00443223,40.1259
38.442,1.7,0.00453297,40.1004
38.444,1.7,0.00533883,40.0296
38.446,1.7,0.00584249,40.0986
38.448,1.7,0.00533883,40.2337
38.45,1.7,0.00533883,40.177
38.452,1.7,0.00614469,40.1971
38.454,1.7,0.00503663,40.2209
38.456,1.7,0.00483516,40.1971
38.458,1.7,0.00513736,40.1314
38.46,1.7,0.00684982,40.2337
38.462,1.7,0.00533883,40.2447
38.464,1.7,0.00564103,40.2924
38.466,1.7,0.00624542,40.2777
38.468,1.7,0.00543956,40.2686
38.47,1.7,0.00503663,40.2191
38.472,1.7,0.00624542,40.3274
38.474,1.7,0.00674908,40.2081
38.476,1.7,0.00614469,40.2686
38.478,1.7,0.00533883,40.1442
38.48,1.7,0.00574176,40.2557
38.482,1.7,0.00554029,40.2851
38.484,1.7,0.00423077,40.2686
38.486,1.7,0.00513736,40.2063
38.488,1.7,0.00624542,40.3127
38.49,1.7,0.00423077,40.2814
38.492,1.7,0.00382784,40.2429
38.494,1.7,0.00554029,40.2961
38.496,1.7,0.0040293,40.1788
38.498,1.7,0.0040293,40.1624
38.5,1.7,0.00382784,40.1478
38.502,1.7,0.0052381,40.135
38.504,1.7,0.00372711,40.0387
38.506,1.7,0.0046337,40.0459
38.508,1.7,0.00533883,39.9572
38.51,1.7,0.0052381,39.9825
38.512,1.7,0.00453297,39.9229
38.514,1.7,0.0049359,39.9012
38.516,1.7,0.00604396,39.885
38.518,1.7,0.00634615,39.8455
38.52,1.7,0.00533883,39.8814
38.522,1.7,0.00503663,39.849
38.524,1.7,0.00584249,40.2741
38.526,1.7,0.0049359,40.0278
38.528,1.7,0.0046337,40.0006
38.53,1.7,0.00503663,40.0169
38.532,1.7,0.00554029,40.0387
38.534,1.7,0.00483516,40.0804
38.536,1.7,0.00574176,40.1205
38.538,1.7,0.00574176,40.1223
38.54,1.7,0.00483516,40.1077
38.542,1.7,0.0052381,40.115
38.544,1.7,0.00644689,40.1533
38.546,1.7,0.00684982,40.1405
38.548,1.7,0.00604396,40.1788
38.55,1.7,0.00604396,40.2099
38.552,1.7,0.00674908,40.2154
38.554,1.7,0.00453297,40.2759
38.556,1.7,0.00513736,40.2374
38.558,1.7,0.00584249,40.3145
38.56,1.7,0.00634615,40.3808
38.562,1.7,0.00483516,40.355
38.564,1.7,0.00554029,40.3384
38.566,1.7,0.00604396,40.3495
38.568,1.7,0.00392857,40.4678
38.57,1.7,0.00443223,40.3182
38.572,1.7,0.0046337,40.3771
38.574,1.7,0.00614469,40.4178
38.576,1.7,0.00473443,40.2374
38.578,1.7,0.00473443,40.3127
38.58,1.7,0.0052381,40.3513
38.582,1.7,0.00352564,40.2484
38.584,1.7,0.00473443,40.2667
38.586,1.7,0.00473443,40.2063
38.588,1.7,0.00624542,40.115
38.59,1.7,0.00634615,40.1606
38.592,1.7,0.00543956,40.0604
38.594,1.7,0.00554029,40.135
38.596,1.7,0.0049359,40.135
38.598,1.7,0.0040293,40.1077
38.6,1.7,0.00483516,40.0968
38.602,1.7,0.00584249,40.1898
38.604,1.7,0.00543956,40.0859
38.606,1.7,0.00574176,40.1168
38.608,1.7,0.00554029,40.2172
38.61,1.7,0.00513736,40.2063
38.612,1.7,0.00473443,40.2191
38.614,1.7,0.0049359,40.1935
38.616,1.7,0.00634615,40.2301
38.618,1.7,0.00624542,40.1752
38.62,1.7,0.00594322,40.1734
38.622,1.7,0.00594322,40.1971
38.624,1.7,0.00624542,40.2686
38.626,1.7,0.00483516,40.2411
38.628,1.7,0.00594322,40.0713
38.63,1.7,0.00664835,40.1496
38.632,1.7,0.00574176,40.2282
38.634,1.7,0.00554029,40.2557
38.636,1.7,0.00513736,40.2521
38.638,1.7,0.00513736,40.3605
38.64,1.7,0.00443223,40.2392
38.642,1.7,0.0043315,40.2118
38.644,1.7,0.00564103,40.2392
38.646,1.7,0.0052381,40.2282
38.648,1.7,0.00413004,40.1624
38.65,1.7,0.00533883,40.2356
38.652,1.7,0.00574176,40.2906
38.654,1.7,0.0040293,40.1898
38.656,1.7,0.0043315,40.1041
38.658,1.7,0.0049359,40.0387
38.66,1.7,0.00554029,40.0659
38.662,1.7,0.00413004,40.026
38.664,1.7,0.0049359,40.0006
38.666,1.7,0.00554029,39.9572
38.668,1.7,0.00413004,39.9319
38.67,1.7,0.00443223,39.9789
38.672,1.7,0.00554029,39.9265
38.674,1.7,0.00513736,39.9554
38.676,1.7,0.00503663,39.9771
38.678,1.7,0.0049359,39.9608
38.68,1.7,0.00584249,39.9879
38.682,1.7,0.00483516,40.1423
38.684,1.7,0.0046337,40.026
38.686,1.7,0.00473443,40.0296
38.688,1.7,0.00574176,40.1059
38.69,1.7,0.00533883,40.0514
38.692,1.7,0.00574176,40.115
38.694,1.7,0.00654762,40.0932
38.696,1.7,0.00543956,40.177
38.698,1.7,0.00473443,40.2282
38.7,1.7,0.00533883,40.1569
38.702,1.7,0.00634615,40.1679
38.704,1.7,0.00594322,40.2319
38.706,1.7,0.00644689,40.2246
38.708,1.7,0.00604396,40.2411
38.71,1.7,0.00513736,40.3145
38.712,1.7,0.00483516,40.3403
38.714,1.7,0.00503663,40.2447
38.716,1.7,0.00644689,40.2924
38.718,1.7,0.00473443,40.2814
38.72,1.7,0.00533883,40.3274
38.722,1.7,0.00624542,40.4122
38.724,1.7,0.00423077,40.3587
38.726,1.7,0.0043315,40.2943
38.728,1.7,0.00443223,40.2869
38.73,1.7,0.00644689,40.3071
38.732,1.7,0.00533883,40.2796
38.734,1.7,0.0052381,40.3182
38.736,1.7,0.0049359,40.1551
38.738,1.7,0.00392857,40.2906
38.74,1.7,0.00362637,40.1971
38.742,1.7,0.00453297,40.1095
38.744,1.7,0.00564103,40.1843
38.746,1.7,0.00543956,40.1132
38.748,1.7,0.0052381,40.1369
38.75,1.7,0.0052381,40.0241
38.752,1.7,0.00513736,40.1442
38.754,1.7,0.00413004,40.1223
38.756,1.7,0.0043315,40.006
38.758,1.7,0.00543956,40.0786
38.76,1.7,0.00543956,40.1588
38.762,1.7,0.00543956,40.1332
38.764,1.7,0.00564103,40.1679
38.766,1.7,0.0052381,40.2044
38.768,1.7,0.00513736,40.1715
38.77,1.7,0.00483516,40.1186
38.772,1.7,0.00554029,40.1679
38.774,1.7,0.00614469,40.1715
38.776,1.7,0.00554029,40.2557
38.778,1.7,0.00594322,40.2136
38.78,1.7,0.00574176,40.2484
38.782,1.7,0.00554029,40.1843
38.784,1.7,0.00443223,40.2998
38.786,1.7,0.00564103,40.2631
38.788,1.7,0.0052381,40.2191
38.79,1.7,0.00554029,40.1661
38.792,1.7,0.00554029,40.1807
38.794,1.7,0.00705128,40.2026
38.796,1.7,0.0043315,40.2502
38.798,1.7,0.00473443,40.2667
38.8,1.7,0.00554029,40.1752
38.802,1.7,0.00564103,40.2282
38.804,1.7,0.00443223,40.2429
38.806,1.7,0.00503663,40.1843
38.808,1.7,0.00564103,40.0241
38.81,1.7,0.00392857,40.1697
38.812,1.7,0.00413004,40.1423
38.814,1.7,0.00513736,40.1095
38.816,1.7,0.00503663,40.0695
38.818,1.7,0.00423077,40.0024
38.82,1.7,0.00473443,40.0115
38.822,1.7,0.00554029,39.9337
38.824,1.7,0.00473443,39.9716
38.826,1.7,0.00423077,39.9247
38.828,1.7,0.00513736,39.8383
38.83,1.7,0.00584249,39.8473
38.832,1.7,0.0049359,39.8293
38.834,1.7,0.00513736,39.8311
38.836,1.7,0.00624542,40.1332
38.838,1.7,0.00483516,39.8742
38.84,1.7,0.00352564,39.8634
38.842,1.7,0.00554029,39.9952
38.844,1.7,0.00614469,40.026
38.846,1.7,0.00554029,40.1095
38.848,1.7,0.0046337,40.1697
38.85,1.7,0.00624542,40.1442
38.852,1.7,0.0052381,40.0732
38.854,1.7,0.00483516,40.1241
38.856,1.7,0.0049359,40.1515
38.858,1.7,0.00715201,40.1916
38.86,1.7,0.00614469,40.1515
38.862,1.7,0.00634615,40.1734
38.864,1.7,0.00664835,40.2906
38.866,1.7,0.0049359,40.3476
38.868,1.7,0.00372711,40.2686
38.87,1.7,0.00503663,40.2777
38.872,1.7,0.00594322,40.3311
38.874,1.7,0.00533883,40.4048
38.876,1.7,0.00513736,40.3108
38.878,1.7,0.00624542,40.3864
38.88,1.7,0.00413004,40.4789
38.882,1.7,0.00443223,40.3753
38.884,1.7,0.0043315,40.355
38.886,1.7,0.00503663,40.3458
38.888,1.7,0.00503663,40.309
38.89,1.7,0.0043315,40.3771
38.892,1.7,0.00513736,40.3938
38.894,1.7,0.00423077,40.3642
38.896,1.7,0.00372711,40.2851
38.898,1.7,0.0040293,40.2943
38.9,1.7,0.00564103,40.1496
38.902,1.7,0.00574176,40.2246
38.904,1.7,0.00564103,40.1077
38.906,1.7,0.00564103,40.1168
38.908,1.7,0.00574176,40.1442
38.91,1.7,0.00473443,40.1132
38.912,1.7,0.00382784,40.1332
38.914,1.7,0.00554029,40.0568
38.916,1.7,0.00533883,40.1186
38.918,1.7,0.00513736,40.2301
38.92,1.7,0.00574176,40.2172
38.922,1.7,0.00574176,40.2576
38.924,1.7,0.0043315,40.2539
38.926,1.7,0.00443223,40.1715
38.928,1.7,0.00594322,40.2429
38.93,1.7,0.00644689,40.2759
38.932,1.7,0.00483516,40.1862
38.934,1.7,0.00584249,40.2026
38.936,1.7,0.00684982,40.3182
38.938,1.7,0.00513736,40.2576
38.94,1.7,0.0049359,40.1606
38.942,1.7,0.00604396,40.0278
38.944,1.7,0.00574176,40.2337
38.946,1.7,0.00574176,40.2044
38.948,1.7,0.00584249,40.188
38.95,1.7,0.00674908,40.2136
38.952,1.7,0.0043315,40.2869
38.954,1.7,0.00453297,40.2612
38.956,1.7,0.00443223,40.2888
38.958,1.7,0.00473443,40.2888
38.96,1.7,0.00362637,40.1387
38.962,1.7,0.00513736,40.2337
38.964,1.7,0.00554029,40.2961
38.966,1.7,0.00382784,40.2118
38.968,1.7,0.0046337,40.1515
38.97,1.7,0.00503663,40.0514
38.972,1.7,0.00423077,40.1423
38.974,1.7,0.00503663,40.1004
38.976,1.7,0.00503663,39.9807
38.978,1.7,0.00554029,39.9825
38.98,1.7,0.00483516,39.9771
38.982,1.7,0.0046337,39.9825
38.984,1.7,0.0049359,39.9554
38.986,1.7,0.00554029,39.867
38.988,1.7,0.00473443,39.9229
38.99,1.7,0.0052381,39.9825
38.992,1.7,0.00554029,39.8958
38.994,1.7,0.00423077,39.9391
38.996,1.7,0.00413004,40.1259
38.998,1.7,0.0049359,40.035
39,1.8,0.00634615,40.0459
39.002,1.8,0.0128938,40.2741
39.004,1.8,0.0115842,40.5513
39.006,1.8,0.0114835,40.8986
39.008,1.8,0.0106777,41.1865
39.01,1.8,0.0100733,41.2904
39.012,1.8,0.00987179,41.5408
39.014,1.8,0.0112821,41.7351
39.016,1.8,0.0089652,41.824
39.018,1.8,0.0092674,41.973
39.02,1.8,0.00916667,42.2257
39.022,1.8,0.00735348,42.2439
39.024,1.8,0.00705128,42.504
39.026,1.8,0.00695055,42.4795
39.028,1.8,0.00684982,42.6044
39.03,1.8,0.00574176,42.726
39.032,1.8,0.00664835,42.7508
39.034,1.8,0.00765568,42.8607
39.036,1.8,0.00513736,42.869
39.038,1.8,0.00594322,42.9044
39.04,1.8,0.00543956,42.9336
39.042,1.8,0.00574176,42.9774
39.044,1.8,0.00594322,42.9148
39.046,1.8,0.00533883,43.0654
39.048,1.8,0.00483516,43.0591
39.05,1.8,0.00453297,42.9942
39.052,1.8,0.0046337,42.8898
39.054,1.8,0.00543956,42.9858
39.056,1.8,0.00564103,42.9294
39.058,1.8,0.00554029,42.9524
39.06,1.8,0.00644689,42.9294
39.062,1.8,0.00594322,42.9357
39.064,1.8,0.0046337,42.919
39.066,1.8,0.00473443,42.8503
39.068,1.8,0.00594322,42.9148
39.07,1.8,0.0052381,42.9586
39.072,1.8,0.00554029,42.9628
39.074,1.8,0.00654762,43.0885
39.076,1.8,0.00513736,43.0654
39.078,1.8,0.0052381,42.9879
39.08,1.8,0.00584249,42.9732
39.082,1.8,0.00624542,43.0277
39.084,1.8,0.00503663,43.1327
39.086,1.8,0.00604396,43.0298
39.088,1.8,0.00664835,43.1348
39.09,1.8,0.00483516,43.1137
39.092,1.8,0.00513736,42.9315
39.094,1.8,0.00644689,43.0717
39.096,1.8,0.00513736,43.1285
39.098,1.8,0.00473443,43.0172
39.1,1.8,0.00584249,43.0214
39.102,1.8,0.00483516,43.1664
39.104,1.8,0.00473443,43.0444
39.106,1.8,0.00533883,43.1622
39.108,1.8,0.00533883,43.1474
39.11,1.8,0.0049359,43.1748
39.112,1.8,0.00483516,43.0759
39.114,1.8,0.00594322,42.8836
39.116,1.8,0.0043315,43.0465
39.118,1.8,0.00423077,42.9461
39.12,1.8,0.00564103,42.8815
39.122,1.8,0.0043315,42.9524
39.124,1.8,0.00453297,42.8752
39.126,1.8,0.00513736,42.8025
39.128,1.8,0.00503663,42.8607
39.13,1.8,0.00413004,42.7735
39.132,1.8,0.0052381,42.8378
39.134,1.8,0.00604396,42.6971
39.136,1.8,0.00533883,42.7673
39.138,1.8,0.00554029,42.7032
39.14,1.8,0.00624542,43.0277
39.142,1.8,0.0049359,42.7549
39.144,1.8,0.00473443,42.9106
39.146,1.8,0.00574176,42.8794
39.148,1.8,0.00584249,42.9628
39.15,1.8,0.00564103,42.9586
39.152,1.8,0.00614469,43.0088
39.154,1.8,0.00574176,43.0151
39.156,1.8,0.00423077,43.0717
39.158,1.8,0.00483516,43.0402
39.16,1.8,0.00604396,43.0423
39.162,1.8,0.00554029,43.1791
39.164,1.8,0.00574176,43.099
39.166,1.8,0.00684982,43.0969
39.168,1.8,0.00543956,43.234
39.17,1.8,0.00533883,43.1432
39.172,1.8,0.00564103,43.1559
39.174,1.8,0.00695055,43.2213
39.176,1.8,0.00554029,43.215
39.178,1.8,0.00543956,43.2827
39.18,1.8,0.00584249,43.2573
39.182,1.8,0.0043315,43.3741
39.184,1.8,0.00443223,43.2107
39.186,1.8,0.00513736,43.2382
39.188,1.8,0.00533883,43.2403
39.19,1.8,0.00443223,43.1495
39.192,1.8,0.0052381,43.2721
39.194,1.8,0.0043315,43.2509
39.196,1.8,0.00362637,43.1791
39.198,1.8,0.00453297,43.0507
39.2,1.8,0.00503663,43.1243
39.202,1.8,0.0052381,43.0528
39.204,1.8,0.00543956,43.0696
39.206,1.8,0.00574176,43.0402
39.208,1.8,0.00473443,43.0298
39.21,1.8,0.00423077,43.0046
39.212,1.8,0.00554029,42.9336
39.214,1.8,0.00564103,42.9942
39.216,1.8,0.00503663,43.0214
39.218,1.8,0.00604396,43.0318
39.22,1.8,0.00604396,43.1537
39.222,1.8,0.00443223,43.1285
39.224,1.8,0.00533883,43.0381
39.226,1.8,0.00543956,43.0193
39.228,1.8,0.00503663,43.0591
39.23,1.8,0.00604396,43.1664
39.232,1.8,0.00614469,43.0486
39.234,1.8,0.00533883,43.1495
39.236,1.8,0.00543956,43.1369
39.238,1.8,0.00533883,42.9503
39.24,1.8,0.00654762,43.0696
39.242,1.8,0.00584249,43.1306
39.244,1.8,0.00614469,43.0214
39.246,1.8,0.00634615,43.0318
39.248,1.8,0.00513736,43.1664
39.25,1.8,0.00392857,43.0507
39.252,1.8,0.00543956,43.1833
39.254,1.8,0.00513736,43.1769
39.256,1.8,0.00443223,43.2044
39.258,1.8,0.00513736,43.1011
39.26,1.8,0.00624542,42.9127
39.262,1.8,0.00372711,43.0843
39.264,1.8,0.00453297,42.9837
39.266,1.8,0.00584249,42.9148
39.268,1.8,0.00453297,42.9983
39.27,1.8,0.00503663,42.9169
39.272,1.8,0.00554029,42.8482
39.274,1.8,0.00483516,42.9044
39.276,1.8,0.00473443,42.8212
39.278,1.8,0.00503663,42.8856
39.28,1.8,0.00584249,42.7487
39.282,1.8,0.00473443,42.8171
39.284,1.8,0.00574176,42.7466
39.286,1.8,0.00513736,43.0675
39.288,1.8,0.00453297,42.7963
39.29,1.8,0.00513736,42.9419
39.292,1.8,0.00453297,42.9127
39.294,1.8,0.00624542,42.9858
39.296,1.8,0.0052381,42.9921
39.298,1.8,0.00574176,43.0402
39.3,1.8,0.00554029,43.0402
39.302,1.8,0.00533883,43.099
39.304,1.8,0.00543956,43.0591
39.306,1.8,0.00564103,43.0696
39.308,1.8,0.00654762,43.1938
39.31,1.8,0.00594322,43.1116
39.312,1.8,0.00574176,43.1158
39.314,1.8,0.00503663,43.2721
39.316,1.8,0.0046337,43.2891
39.318,1.8,0.00503663,43.1812
39.32,1.8,0.00644689,43.2424
39.322,1.8,0.00513736,43.2891
39.324,1.8,0.0049359,43.253
39.326,1.8,0.00684982,43.3166
39.328,1.8,0.00453297,43.2551
39.33,1.8,0.00413004,43.2573
39.332,1.8,0.00423077,43.2276
39.334,1.8,0.00543956,43.2319
39.336,1.8,0.00503663,43.1537
39.338,1.8,0.0052381,43.2573
39.34,1.8,0.00443223,43.2467
39.342,1.8,0.00443223,43.1748
39.344,1.8,0.00382784,43.0444
39.346,1.8,0.00564103,43.1158
39.348,1.8,0.00513736,43.0444
39.35,1.8,0.0052381,43.057
39.352,1.8,0.00543956,43.0298
39.354,1.8,0.0049359,43.0235
39.356,1.8,0.0043315,42.9921
39.358,1.8,0.00423077,42.9231
39.36,1.8,0.0052381,42.9816
39.362,1.8,0.00554029,43.0214
39.364,1.8,0.00533883,43.0298
39.366,1.8,0.00624542,43.158
39.368,1.8,0.0043315,43.1222
39.37,1.8,0.0052381,43.0507
39.372,1.8,0.00614469,43.0256
39.374,1.8,0.00594322,43.0675
39.376,1.8,0.00574176,43.1812
39.378,1.8,0.00614469,43.0591
39.38,1.8,0.0052381,43.1812
39.382,1.8,0.00513736,43.1032
39.384,1.8,0.00533883,43.2255
39.386,1.8,0.00684982,43.1369
39.388,1.8,0.00584249,43.0738
39.39,1.8,0.00543956,43.2065
39.392,1.8,0.00634615,43.2023
39.394,1.8,0.00513736,43.1748
39.396,1.8,0.0046337,43.1432
39.398,1.8,0.0046337,43.0801
39.4,1.8,0.00533883,43.1306
39.402,1.8,0.00473443,43.1453
39.404,1.8,0.0049359,42.9962
39.406,1.8,0.00554029,43.1748
39.408,1.8,0.00473443,43.0717
39.41,1.8,0.00302198,42.9942
39.412,1.8,0.00503663,42.9921
39.414,1.8,0.00443223,42.9023
39.416,1.8,0.00443223,42.944
39.418,1.8,0.0052381,42.9315
39.42,1.8,0.0043315,42.8441
39.422,1.8,0.00413004,42.8586
39.424,1.8,0.00503663,42.8357
39.426,1.8,0.00574176,42.7528
39.428,1.8,0.00533883,42.7198
39.43,1.8,0.00574176,42.9065
39.432,1.8,0.00614469,42.6888
39.434,1.8,0.00473443,43.0235
39.436,1.8,0.00473443,42.894
39.438,1.8,0.00533883,42.9169
39.44,1.8,0.00594322,42.9294
39.442,1.8,0.00483516,43.0151
39.444,1.8,0.00513736,43.0277
39.446,1.8,0.00533883,42.99
39.448,1.8,0.0052381,43.0193
39.45,1.8,0.00513736,43.0465
39.452,1.8,0.00654762,43.0591
39.454,1.8,0.00594322,43.0214
39.456,1.8,0.00564103,43.0465
39.458,1.8,0.00695055,43.1791
39.46,1.8,0.00483516,43.0696
39.462,1.8,0.00483516,43.253
39.464,1.8,0.00554029,43.1474
39.466,1.8,0.00674908,43.2002
39.468,1.8,0.00513736,43.2509
39.47,1.8,0.00574176,43.2107
39.472,1.8,0.0052381,43.2848
39.474,1.8,0.00362637,43.2403
39.476,1.8,0.0043315,43.2446
39.478,1.8,0.0046337,43.2234
39.48,1.8,0.00513736,43.2171
39.482,1.8,0.0049359,43.1222
39.484,1.8,0.00483516,43.2446
39.486,1.8,0.00503663,43.2171
39.488,1.8,0.00382784,43.1306
39.49,1.8,0.00473443,43.0025
39.492,1.8,0.00503663,43.0696
39.494,1.8,0.00574176,42.9942
39.496,1.8,0.00554029,43.0172
39.498,1.8,0.00654762,42.9858
39.5,1.8,0.00453297,42.9753
39.502,1.8,0.00443223,42.9482
39.504,1.8,0.00513736,42.8752
39.506,1.8,0.00564103,42.9273
39.508,1.8,0.00483516,42.9732
39.51,1.8,0.00554029,43.0235
39.512,1.8,0.00634615,43.057
39.514,1.8,0.00543956,43.0801
39.516,1.8,0.00483516,42.9774
39.518,1.8,0.00594322,43.0235
39.52,1.8,0.00634615,43.0633
39.522,1.8,0.00654762,43.0298
39.524,1.8,0.00624542,43.057
39.526,1.8,0.00574176,43.099
39.528,1.8,0.00554029,43.0759
39.53,1.8,0.00584249,43.1917
39.532,1.8,0.00705128,43.1116
39.534,1.8,0.00574176,43.0507
39.536,1.8,0.0052381,43.1791
39.538,1.8,0.00624542,43.1791
39.54,1.8,0.00453297,43.1559
39.542,1.8,0.00392857,43.1222
39.544,1.8,0.00564103,43.0549
39.546,1.8,0.00574176,43.1032
39.548,1.8,0.00423077,43.12
39.55,1.8,0.00513736,42.9691
39.552,1.8,0.00554029,43.1495
39.554,1.8,0.00423077,43.0444
39.556,1.8,0.00443223,42.967
39.558,1.8,0.00543956,42.9816
39.56,1.8,0.0046337,42.8856
39.562,1.8,0.00483516,42.9211
39.564,1.8,0.00543956,42.9086
39.566,1.8,0.0046337,42.8191
39.568,1.8,0.0049359,42.8337
39.57,1.8,0.00503663,42.8108
39.572,1.8,0.00614469,42.7342
39.574,1.8,0.00533883,42.7012
39.576,1.8,0.00543956,42.8961
39.578,1.8,0.00624542,42.6785
39.58,1.8,0.00453297,43.0046
39.582,1.8,0.00554029,42.8877
39.584,1.8,0.0052381,42.8981
39.586,1.8,0.00654762,42.9231
39.588,1.8,0.00543956,43.0067
39.59,1.8,0.00594322,43.0235
39.592,1.8,0.00594322,42.99
39.594,1.8,0.0052381,43.0235
39.596,1.8,0.00533883,43.0507
39.598,1.8,0.00634615,43.0717
39.6,1.8,0.00634615,43.0318
39.602,1.8,0.00594322,43.057
39.604,1.8,0.00654762,43.1812
39.606,1.8,0.00574176,43.1053
39.608,1.8,0.00473443,43.2806
39.61,1.8,0.00564103,43.1748
39.612,1.8,0.0052381,43.2276
39.614,1.8,0.0052381,43.2763
39.616,1.8,0.00554029,43.2446
39.618,1.8,0.00604396,43.3082
39.62,1.8,0.0043315,43.2509
39.622,1.8,0.0046337,43.2573
39.624,1.8,0.00533883,43.2361
39.626,1.8,0.00473443,43.2509
39.628,1.8,0.00503663,43.1601
39.63,1.8,0.00533883,43.2827
39.632,1.8,0.00382784,43.2636
39.634,1.8,0.00372711,43.1432
39.636,1.8,0.00443223,43.036
39.638,1.8,0.00543956,43.0654
39.64,1.8,0.00503663,43.0717
39.642,1.8,0.00513736,42.9691
39.644,1.8,0.00614469,43.0696
39.646,1.8,0.00423077,43.0381
39.648,1.8,0.00352564,43.0151
39.65,1.8,0.00554029,43.0801
39.652,1.8,0.00614469,43.1137
39.654,1.8,0.00483516,43.0465
39.656,1.8,0.00543956,43.1011
39.658,1.8,0.00604396,43.139
39.66,1.8,0.00453297,43.158
39.662,1.8,0.00513736,43.0423
39.664,1.8,0.00564103,43.0948
39.666,1.8,0.00624542,43.1137
39.668,1.8,0.0052381,43.0906
39.67,1.8,0.00574176,43.1264
39.672,1.8,0.00614469,43.1474
39.674,1.8,0.00473443,43.1137
39.676,1.8,0.0049359,43.2298
39.678,1.8,0.00654762,43.1559
39.68,1.8,0.00533883,43.0927
39.682,1.8,0.0043315,43.2192
39.684,1.8,0.00634615,43.215
39.686,1.8,0.00473443,43.1938
39.688,1.8,0.0043315,43.1685
39.69,1.8,0.00554029,43.1095
39.692,1.8,0.00533883,43.1411
39.694,1.8,0.00443223,43.1706
39.696,1.8,0.00483516,43.0193
39.698,1.8,0.00624542,43.1896
39.7,1.8,0.00392857,43.0843
39.702,1.8,0.00483516,43.0151
39.704,1.8,0.0052381,43.0172
39.706,1.8,0.0043315,42.9231
39.708,1.8,0.00423077,42.9565
39.71,1.8,0.00473443,42.9336
39.712,1.8,0.00543956,42.8503
39.714,1.8,0.00443223,42.8648
39.716,1.8,0.00533883,42.8482
39.718,1.8,0.00664835,42.757
39.72,1.8,0.00594322,42.7218
39.722,1.8,0.00503663,42.9169
39.724,1.8,0.00634615,42.6826
39.726,1.8,0.0046337,43.0214
39.728,1.8,0.00503663,42.8919
39.73,1.8,0.00513736,42.9065
39.732,1.8,0.00584249,42.9336
39.734,1.8,0.00564103,43.013
39.736,1.8,0.00554029,43.0214
39.738,1.8,0.0052381,42.99
39.74,1.8,0.00473443,43.0193
39.742,1.8,0.00533883,43.036
39.744,1.8,0.00684982,43.0444
39.746,1.8,0.00614469,43.0067
39.748,1.8,0.00604396,43.0381
39.75,1.8,0.00715201,43.1622
39.752,1.8,0.00533883,43.0822
39.754,1.8,0.00513736,43.2467
39.756,1.8,0.00574176,43.1453
39.758,1.8,0.00604396,43.2023
39.76,1.8,0.0052381,43.2467
39.762,1.8,0.00564103,43.3018
39.764,1.8,0.0049359,43.3379
39.766,1.8,0.00413004,43.2636
39.768,1.8,0.0040293,43.2382
39.77,1.8,0.00473443,43.2213
39.772,1.8,0.0049359,43.1664
39.774,1.8,0.0049359,43.2467
39.776,1.8,0.00513736,43.2594
39.778,1.8,0.00423077,43.2086
39.78,1.8,0.00413004,43.1011
39.782,1.8,0.0043315,43.0067
39.784,1.8,0.00614469,43.0256
39.786,1.8,0.00543956,43.0298
39.788,1.8,0.00554029,42.9377
39.79,1.8,0.00584249,43.0318
39.792,1.8,0.0046337,43.0004
39.794,1.8,0.0040293,42.9732
39.796,1.8,0.00564103,43.036
39.798,1.8,0.00614469,43.0717
39.8,1.8,0.00554029,43.0067
39.802,1.8,0.0049359,43.0654
39.804,1.8,0.00554029,43.1074
39.806,1.8,0.00513736,43.12
39.808,1.8,0.0052381,43.0172
39.81,1.8,0.00624542,43.0675
39.812,1.8,0.00554029,43.0843
39.814,1.8,0.00584249,43.0486
39.816,1.8,0.00574176,43.0864
39.818,1.8,0.00533883,43.1222
39.82,1.8,0.00543956,43.0864
39.822,1.8,0.00533883,43.2044
39.824,1.8,0.00664835,43.1285
39.826,1.8,0.00483516,43.0696
39.828,1.8,0.00543956,43.1896
39.83,1.8,0.00674908,43.2065
39.832,1.8,0.00443223,43.1706
39.834,1.8,0.0046337,43.139
39.836,1.8,0.00503663,43.0822
39.838,1.8,0.00473443,43.1306
39.84,1.8,0.0040293,43.1306
39.842,1.8,0.0049359,43.1264
39.844,1.8,0.0046337,43.1559
39.846,1.8,0.0043315,43.0214
39.848,1.8,0.00473443,43.0235
39.85,1.8,0.00503663,42.9607
39.852,1.8,0.0046337,42.8898
39.854,1.8,0.00453297,42.8482
39.856,1.8,0.00614469,42.8586
39.858,1.8,0.00483516,42.8524
39.86,1.8,0.00453297,42.8565
39.862,1.8,0.00533883,42.8357
39.864,1.8,0.00533883,42.7549
39.866,1.8,0.0052381,42.7198
39.868,1.8,0.00533883,42.9086
39.87,1.8,0.00644689,42.6867
39.872,1.8,0.00483516,43.0193
39.874,1.8,0.00483516,42.9065
39.876,1.8,0.00503663,42.9148
39.878,1.8,0.00634615,42.9294
39.88,1.8,0.00554029,43.0193
39.882,1.8,0.00624542,43.0235
39.884,1.8,0.0052381,42.9858
39.886,1.8,0.00594322,43.013
39.888,1.8,0.00513736,43.0486
39.89,1.8,0.00745421,43.0654
39.892,1.8,0.00634615,43.013
39.894,1.8,0.00574176,43.0465
39.896,1.8,0.00664835,43.1643
39.898,1.8,0.00533883,43.2002
39.9,1.8,0.00513736,43.1537
39.902,1.8,0.00594322,43.2044
39.904,1.8,0.00604396,43.27
39.906,1.8,0.0049359,43.1812
39.908,1.8,0.00554029,43.2997
39.91,1.8,0.00564103,43.3528
39.912,1.8,0.0043315,43.2742
39.914,1.8,0.0040293,43.2424
39.916,1.8,0.00574176,43.2403
39.918,1.8,0.00513736,43.1727
39.92,1.8,0.00554029,43.253
39.922,1.8,0.0052381,43.2679
39.924,1.8,0.00503663,43.2002
39.926,1.8,0.00392857,43.1011
39.928,1.8,0.0046337,43.0046
39.93,1.8,0.00614469,43.0193
39.932,1.8,0.0052381,43.0318
39.934,1.8,0.00554029,42.9336
39.936,1.8,0.00584249,43.0339
39.938,1.8,0.00473443,42.9921
39.94,1.8,0.0049359,42.9607
39.942,1.8,0.00554029,43.0172
39.944,1.8,0.00634615,43.0633
39.946,1.8,0.00594322,42.9921
39.948,1.8,0.00594322,43.0465
39.95,1.8,0.00664835,43.0843
39.952,1.8,0.00473443,43.0906
39.954,1.8,0.00584249,42.9921
39.956,1.8,0.00624542,43.0507
39.958,1.8,0.00533883,43.0822
39.96,1.8,0.00584249,43.0423
39.962,1.8,0.00654762,43.0738
39.964,1.8,0.00543956,43.12
39.966,1.8,0.00503663,43.0864
39.968,1.8,0.00554029,43.2171
39.97,1.8,0.00604396,43.1285
39.972,1.8,0.00564103,43.0738
39.974,1.8,0.00574176,43.0633
39.976,1.8,0.00684982,43.0969
39.978,1.8,0.00533883,43.158
39.98,1.8,0.0046337,43.1791
39.982,1.8,0.00564103,43.0843
39.984,1.8,0.00513736,43.1179
39.986,1.8,0.00413004,43.0444
39.988,1.8,0.00594322,43.1306
39.99,1.8,0.00473443,43.1622
39.992,1.8,0.00372711,43.0214
39.994,1.8,0.00423077,43.0214
39.996,1.8,0.00453297,42.967
39.998,1.8,0.00362637,42.8836
40,1.9,0.00453297,42.8295
40.002,1.9,0.012793,43.0696
40.004,1.9,0.0109799,43.3443
40.006,1.9,0.0100733,43.573
40.008,1.9,0.0095696,43.6872
40.01,1.9,0.00977106,44.1455
40.012,1.9,0.0089652,44.203
40.014,1.9,0.00906593,44.2317
40.016,1.9,0.00967033,44.8378
40.018,1.9,0.00715201,44.4073
40.02,1.9,0.00695055,44.7651
40.022,1.9,0.00815934,44.913
40.024,1.9,0.00805861,45.0642
40.026,1.9,0.00735348,45.2372
40.028,1.9,0.00755495,45.2025
40.03,1.9,0.00664835,45.3486
40.032,1.9,0.00674908,45.3929
40.034,1.9,0.00725275,45.4513
40.036,1.9,0.00755495,45.5333
40.038,1.9,0.00765568,45.6038
40.04,1.9,0.00785714,45.6438
40.042,1.9,0.00564103,45.6698
40.044,1.9,0.00533883,45.8737
40.046,1.9,0.00604396,45.8594
40.048,1.9,0.00674908,45.9357
40.05,1.9,0.00543956,45.9548
40.052,1.9,0.00584249,45.9214
40.054,1.9,0.0049359,46.0626
40.056,1.9,0.00423077,45.9763
40.058,1.9,0.00413004,45.95
40.06,1.9,0.00634615,45.9452
40.062,1.9,0.0052381,46.0698
40.064,1.9,0.00533883,46.0074
40.066,1.9,0.00513736,46.005
40.068,1.9,0.00342491,45.8927
40.07,1.9,0.00423077,45.9524
40.072,1.9,0.00564103,45.9023
40.074,1.9,0.00554029,45.819
40.076,1.9,0.00564103,45.736
40.078,1.9,0.00684982,45.8332
40.08,1.9,0.00453297,45.8213
40.082,1.9,0.00483516,45.7739
40.084,1.9,0.00533883,45.6934
40.086,1.9,0.00574176,45.819
40.088,1.9,0.00533883,45.7928
40.09,1.9,0.00584249,45.8951
40.092,1.9,0.00513736,45.8856
40.094,1.9,0.00473443,45.8427
40.096,1.9,0.00564103,45.9047
40.098,1.9,0.00644689,45.9309
40.1,1.9,0.00604396,45.9596
40.102,1.9,0.00664835,45.838
40.104,1.9,0.00624542,45.9429
40.106,1.9,0.00564103,45.8784
40.108,1.9,0.00543956,46.0027
40.11,1.9,0.00664835,45.9023
40.112,1.9,0.00483516,45.857
40.114,1.9,0.00584249,45.8523
40.116,1.9,0.00674908,45.8832
40.118,1.9,0.0046337,45.9023
40.12,1.9,0.00533883,45.9405
40.122,1.9,0.00574176,45.8475
40.124,1.9,0.00473443,45.962
40.126,1.9,0.00473443,45.8927
40.128,1.9,0.00554029,46.0434
40.13,1.9,0.00473443,45.8451
40.132,1.9,0.00352564,45.736
40.134,1.9,0.00554029,45.7691
40.136,1.9,0.0046337,45.6627
40.138,1.9,0.00443223,45.6085
40.14,1.9,0.00564103,45.6179
40.142,1.9,0.0043315,45.6108
40.144,1.9,0.00423077,45.5098
40.146,1.9,0.00533883,45.5849
40.148,1.9,0.00554029,45.4653
40.15,1.9,0.00483516,45.5145
40.152,1.9,0.00543956,45.5614
40.154,1.9,0.0052381,45.5591
40.156,1.9,0.00483516,45.781
40.158,1.9,0.00624542,45.6485
40.16,1.9,0.00644689,45.7147
40.162,1.9,0.0052381,45.7454
40.164,1.9,0.00594322,45.7834
40.166,1.9,0.00604396,45.7691
40.168,1.9,0.0052381,45.8023
40.17,1.9,0.0049359,45.8308
40.172,1.9,0.00725275,45.857
40.174,1.9,0.00513736,45.9142
40.176,1.9,0.00624542,45.9166
40.178,1.9,0.00765568,46.0122
40.18,1.9,0.00483516,45.9572
40.182,1.9,0.00443223,45.9668
40.184,1.9,0.00604396,45.9979
40.186,1.9,0.00584249,46.0963
40.188,1.9,0.00473443,46.0602
40.19,1.9,0.00564103,46.154
40.192,1.9,0.00423077,46.1902
40.194,1.9,0.00382784,46.0122
40.196,1.9,0.00503663,46.0122
40.198,1.9,0.0049359,45.9715
40.2,1.9,0.00423077,46.0554
40.202,1.9,0.0052381,45.8594
40.204,1.9,0.0040293,45.9979
40.206,1.9,0.00312271,45.9763
40.208,1.9,0.00453297,45.8451
40.21,1.9,0.00574176,45.8999
40.212,1.9,0.00513736,45.8023
40.214,1.9,0.00624542,45.7549
40.216,1.9,0.00503663,45.8285
40.218,1.9,0.00473443,45.8332
40.22,1.9,0.00473443,45.7691
40.222,1.9,0.00664835,45.7525
40.224,1.9,0.00554029,45.7928
40.226,1.9,0.00543956,45.8071
40.228,1.9,0.00695055,45.8927
40.23,1.9,0.0049359,45.9285
40.232,1.9,0.00443223,45.919
40.234,1.9,0.00624542,45.9047
40.236,1.9,0.00614469,45.8856
40.238,1.9,0.00594322,45.9476
40.24,1.9,0.00735348,45.9094
40.242,1.9,0.00594322,45.9118
40.244,1.9,0.00543956,45.8095
40.246,1.9,0.00654762,45.9381
40.248,1.9,0.00594322,45.8642
40.25,1.9,0.0049359,45.8832
40.252,1.9,0.00695055,45.8784
40.254,1.9,0.0049359,45.9285
40.256,1.9,0.00423077,45.7928
40.258,1.9,0.00584249,45.8308
40.26,1.9,0.00503663,45.8689
40.262,1.9,0.00413004,45.7976
40.264,1.9,0.00554029,45.8737
40.266,1.9,0.00543956,45.7786
40.268,1.9,0.0043315,45.7691
40.27,1.9,0.0046337,45.6745
40.272,1.9,0.00584249,45.7715
40.274,1.9,0.00453297,45.6273
40.276,1.9,0.0052381,45.6226
40.278,1.9,0.0052381,45.5591
40.28,1.9,0.0046337,45.5286
40.282,1.9,0.0049359,45.4747
40.284,1.9,0.00634615,45.463
40.286,1.9,0.00483516,45.5309
40.288,1.9,0.00513736,45.456
40.29,1.9,0.00634615,45.4116
40.292,1.9,0.00453297,45.7644
40.294,1.9,0.00503663,45.6132
40.296,1.9,0.00574176,45.6367
40.298,1.9,0.00644689,45.717
40.3,1.9,0.00543956,45.6721
40.302,1.9,0.00725275,45.7762
40.304,1.9,0.00564103,45.8523
40.306,1.9,0.00513736,45.8523
40.308,1.9,0.00624542,45.8071
40.31,1.9,0.00684982,45.7857
40.312,1.9,0.00624542,45.888
40.314,1.9,0.00644689,45.8594
40.316,1.9,0.00543956,46.017
40.318,1.9,0.00443223,45.9285
40.32,1.9,0.00533883,45.9214
40.322,1.9,0.00574176,45.9859
40.324,1.9,0.00533883,45.9596
40.326,1.9,0.00533883,46.1011
40.328,1.9,0.0052381,46.1083
40.33,1.9,0.00423077,46.1613
40.332,1.9,0.00423077,46.0146
40.334,1.9,0.0052381,46.0242
40.336,1.9,0.0049359,45.9094
40.338,1.9,0.00513736,46.0098
40.34,1.9,0.00564103,45.9357
40.342,1.9,0.00392857,45.9691
40.344,1.9,0.00413004,45.962
40.346,1.9,0.00503663,45.8047
40.348,1.9,0.0052381,45.8213
40.35,1.9,0.00503663,45.8523
40.352,1.9,0.00624542,45.838
40.354,1.9,0.0040293,45.8142
40.356,1.9,0.00443223,45.7762
40.358,1.9,0.00503663,45.8023
40.36,1.9,0.00554029,45.8142
40.362,1.9,0.0049359,45.8142
40.364,1.9,0.00604396,45.8404
40.366,1.9,0.00533883,45.8808
40.368,1.9,0.00413004,45.8499
40.37,1.9,0.0052381,45.8904
40.372,1.9,0.00664835,45.8713
40.374,1.9,0.00574176,45.8451
40.376,1.9,0.00554029,45.9118
40.378,1.9,0.00604396,45.9596
40.38,1.9,0.00453297,45.9429
40.382,1.9,0.00584249,46.0218
40.384,1.9,0.00695055,45.9381
40.386,1.9,0.00564103,45.8927
40.388,1.9,0.00564103,45.8689
40.39,1.9,0.00715201,45.9118
40.392,1.9,0.00443223,45.9715
40.394,1.9,0.0043315,45.9763
40.396,1.9,0.00644689,45.9835
40.398,1.9,0.0046337,45.9883
40.4,1.9,0.0046337,45.8095
40.402,1.9,0.00574176,46.0698
40.404,1.9,0.0040293,45.8808
40.406,1.9,0.00392857,45.7715
40.408,1.9,0.00543956,45.7028
40.41,1.9,0.00453297,45.7905
40.412,1.9,0.00473443,45.7312
40.414,1.9,0.00584249,45.7241
40.416,1.9,0.0043315,45.6391
40.418,1.9,0.00423077,45.625
40.42,1.9,0.00503663,45.6061
40.422,1.9,0.00594322,45.625
40.424,1.9,0.00574176,45.5426
40.426,1.9,0.00584249,45.7194
40.428,1.9,0.00473443,45.6698
40.43,1.9,0.0043315,45.8166
40.432,1.9,0.00473443,45.7241
40.434,1.9,0.00584249,45.7454
40.436,1.9,0.00533883,45.7265
40.438,1.9,0.00554029,45.819
40.44,1.9,0.00574176,45.8237
40.442,1.9,0.00382784,45.8404
40.444,1.9,0.00554029,45.8642
40.446,1.9,0.00785714,45.8904
40.448,1.9,0.00584249,45.8927
40.45,1.9,0.00584249,45.95
40.452,1.9,0.00644689,45.9429
40.454,1.9,0.00503663,46.0098
40.456,1.9,0.00543956,45.9644
40.458,1.9,0.00624542,46.029
40.46,1.9,0.0052381,46.1059
40.462,1.9,0.0049359,46.0626
40.464,1.9,0.00543956,46.1516
40.466,1.9,0.0040293,46.1806
40.468,1.9,0.0043315,46.0003
40.47,1.9,0.0049359,46.0146
40.472,1.9,0.00533883,46.017
40.474,1.9,0.0049359,46.0602
40.476,1.9,0.00574176,46.0698
40.478,1.9,0.00372711,46.017
40.48,1.9,0.00443223,45.888
40.482,1.9,0.0046337,45.8546
40.484,1.9,0.00564103,45.9142
40.486,1.9,0.0052381,45.8689
40.488,1.9,0.0052381,45.7786
40.49,1.9,0.00443223,45.8071
40.492,1.9,0.0046337,45.8427
40.494,1.9,0.00473443,45.8404
40.496,1.9,0.00715201,45.781
40.498,1.9,0.00503663,45.9118
40.5,1.9,0.0052381,45.8261
40.502,1.9,0.00705128,45.9405
40.504,1.9,0.00503663,45.9285
40.506,1.9,0.00513736,45.8118
40.508,1.9,0.00634615,45.9237
40.51,1.9,0.00644689,45.8499
40.512,1.9,0.00654762,45.9691
40.514,1.9,0.00624542,45.9094
40.516,1.9,0.0049359,45.9405
40.518,1.9,0.00533883,45.8142
40.52,1.9,0.00564103,45.907
40.522,1.9,0.00554029,45.8927
40.524,1.9,0.00554029,45.9405
40.526,1.9,0.00614469,45.919
40.528,1.9,0.00453297,45.9381
40.53,1.9,0.00443223,45.8332
40.532,1.9,0.00483516,45.9476
40.534,1.9,0.0043315,45.8999
40.536,1.9,0.00483516,45.9214
40.538,1.9,0.00513736,45.8975
40.54,1.9,0.0046337,45.9452
40.542,1.9,0.0046337,45.7976
40.544,1.9,0.00352564,45.7431
40.546,1.9,0.00513736,45.8095
40.548,1.9,0.00443223,45.6674
40.55,1.9,0.00473443,45.6603
40.552,1.9,0.00574176,45.5896
40.554,1.9,0.00423077,45.6202
40.556,1.9,0.00473443,45.5098
40.558,1.9,0.00664835,45.7289
40.56,1.9,0.0052381,45.5567
40.562,1.9,0.00503663,45.4911
40.564,1.9,0.00614469,45.456
40.566,1.9,0.0043315,45.8047
40.568,1.9,0.00453297,45.6816
40.57,1.9,0.00503663,45.6768
40.572,1.9,0.00564103,45.6934
40.574,1.9,0.00543956,45.717
40.576,1.9,0.00574176,45.781
40.578,1.9,0.00533883,45.8761
40.58,1.9,0.0049359,45.8904
40.582,1.9,0.00594322,45.8308
40.584,1.9,0.00634615,45.8095
40.586,1.9,0.00574176,45.9142
40.588,1.9,0.00614469,45.8999
40.59,1.9,0.0049359,46.041
40.592,1.9,0.0046337,45.9452
40.594,1.9,0.00503663,45.9524
40.596,1.9,0.00725275,46.0146
40.598,1.9,0.00574176,45.9859
40.6,1.9,0.0052381,46.1107
40.602,1.9,0.00453297,46.1155
40.604,1.9,0.0043315,46.1637
40.606,1.9,0.0046337,46.0003
40.608,1.9,0.00614469,46.0146
40.61,1.9,0.00483516,45.8927
40.612,1.9,0.0046337,45.9739
40.614,1.9,0.00644689,45.8999
40.616,1.9,0.00413004,45.9333
40.618,1.9,0.00413004,45.9357
40.62,1.9,0.00554029,45.7715
40.622,1.9,0.00564103,45.8
40.624,1.9,0.00543956,45.8
40.626,1.9,0.00654762,45.7762
40.628,1.9,0.00423077,45.7644
40.63,1.9,0.00473443,45.7502
40.632,1.9,0.00594322,45.7786
40.634,1.9,0.00543956,45.7407
40.636,1.9,0.00543956,45.7905
40.638,1.9,0.00604396,45.8332
40.64,1.9,0.00554029,45.8618
40.642,1.9,0.00413004,45.8308
40.644,1.9,0.0052381,45.8808
40.646,1.9,0.00644689,45.8523
40.648,1.9,0.00574176,45.8404
40.65,1.9,0.00584249,45.9023
40.652,1.9,0.00674908,45.95
40.654,1.9,0.00513736,45.9285
40.656,1.9,0.00543956,45.7336
40.658,1.9,0.00705128,45.9214
40.66,1.9,0.00564103,45.8689
40.662,1.9,0.00574176,45.8523
40.664,1.9,0.00554029,45.888
40.666,1.9,0.00413004,45.9524
40.668,1.9,0.00423077,45.8665
40.67,1.9,0.00614469,45.962
40.672,1.9,0.00352564,45.9214
40.674,1.9,0.0043315,45.7905
40.676,1.9,0.00564103,45.9644
40.678,1.9,0.00292125,45.8475
40.68,1.9,0.00382784,45.8166
40.682,1.9,0.00533883,45.6768
40.684,1.9,0.0049359,45.7668
40.686,1.9,0.00483516,45.6981
40.688,1.9,0.00554029,45.6981
40.69,1.9,0.00453297,45.6061
40.692,1.9,0.0049359,45.5944
40.694,1.9,0.00564103,45.5028
40.696,1.9,0.00564103,45.6038
40.698,1.9,0.00483516,45.6085
40.7,1.9,0.00564103,45.6792
40.702,1.9,0.0046337,45.6438
40.704,1.9,0.00453297,45.9261
40.706,1.9,0.00473443,45.691
40.708,1.9,0.00594322,45.6816
40.71,1.9,0.00584249,45.6957
40.712,1.9,0.0052381,45.7573
40.714,1.9,0.00634615,45.7952
40.716,1.9,0.0052381,45.8523
40.718,1.9,0.00533883,45.8285
40.72,1.9,0.00654762,45.8404
40.722,1.9,0.00604396,45.8642
40.724,1.9,0.00584249,45.95
40.726,1.9,0.00755495,45.8951
40.728,1.9,0.00483516,45.9691
40.73,1.9,0.00543956,45.9309
40.732,1.9,0.00564103,46.005
40.734,1.9,0.00543956,46.017
40.736,1.9,0.00574176,45.9787
40.738,1.9,0.00564103,46.0674
40.74,1.9,0.00372711,46.0866
40.742,1.9,0.00413004,45.9907
40.744,1.9,0.00473443,46.0218
40.746,1.9,0.0046337,46.0194
40.748,1.9,0.0049359,45.9429
40.75,1.9,0.00543956,46.0794
40.752,1.9,0.00453297,46.0146
40.754,1.9,0.00413004,45.919
40.756,1.9,0.00473443,45.8951
40.758,1.9,0.00614469,45.7905
40.76,1.9,0.00543956,45.8737
40.762,1.9,0.0052381,45.8071
40.764,1.9,0.00533883,45.8118
40.766,1.9,0.00382784,45.7739
40.768,1.9,0.0046337,45.8475
40.77,1.9,0.00695055,45.8904
40.772,1.9,0.00503663,45.9166
40.774,1.9,0.0049359,45.8594
40.776,1.9,0.00634615,45.9524
40.778,1.9,0.0052381,45.919
40.78,1.9,0.0052381,45.8213
40.782,1.9,0.00564103,45.8618
40.784,1.9,0.00533883,45.8499
40.786,1.9,0.00533883,45.8308
40.788,1.9,0.00674908,45.9261
40.79,1.9,0.00503663,45.9429
40.792,1.9,0.0052381,45.8475
40.794,1.9,0.00543956,45.9381
40.796,1.9,0.00554029,45.95
40.798,1.9,0.0046337,45.9668
40.8,1.9,0.00634615,45.9668
40.802,1.9,0.00513736,45.9739
40.804,1.9,0.0040293,46.0266
40.806,1.9,0.0049359,45.9859
40.808,1.9,0.00564103,45.9811
40.81,1.9,0.00423077,45.9524
40.812,1.9,0.0052381,45.7905
40.814,1.9,0.00453297,45.9715
40.816,1.9,0.00413004,45.8332
40.818,1.9,0.0043315,45.7668
40.82,1.9,0.00483516,45.7076
40.822,1.9,0.0043315,45.6863
40.824,1.9,0.0052381,45.7005
40.826,1.9,0.00684982,45.6038
40.828,1.9,0.00423077,45.632
40.83,1.9,0.00483516,45.5591
40.832,1.9,0.00634615,45.7194
40.834,1.9,0.00554029,45.7383
40.836,1.9,0.0052381,45.4981
40.838,1.9,0.00614469,45.8308
40.84,1.9,0.00413004,45.8071
40.842,1.9,0.00443223,45.6745
40.844,1.9,0.00574176,45.6839
40.846,1.9,0.00584249,45.6934
40.848,1.9,0.00543956,45.7005
40.85,1.9,0.00634615,45.7928
40.852,1.9,0.00543956,45.7454
40.854,1.9,0.00453297,45.907
40.856,1.9,0.00604396,45.8308
40.858,1.9,0.00574176,45.8332
40.86,1.9,0.00594322,45.9142
40.862,1.9,0.00684982,45.9118
40.864,1.9,0.0052381,45.9572
40.866,1.9,0.00453297,45.9524
40.868,1.9,0.0052381,45.9739
40.87,1.9,0.00765568,46.029
40.872,1.9,0.00503663,46.0938
40.874,1.9,0.00554029,46.1299
40.876,1.9,0.00443223,46.1685
40.878,1.9,0.00392857,46.1878
40.88,1.9,0.00382784,46.0434
40.882,1.9,0.0052381,46.0458
40.884,1.9,0.00483516,46.0122
40.886,1.9,0.00543956,46.017
40.888,1.9,0.00574176,46.1275
40.89,1.9,0.0040293,45.9883
40.892,1.9,0.00372711,45.9166
40.894,1.9,0.00543956,45.8261
40.896,1.9,0.00503663,45.8618
40.898,1.9,0.0052381,45.8594
40.9,1.9,0.00594322,45.8356
40.902,1.9,0.00423077,45.8261
40.904,1.9,0.00342491,45.7952
40.906,1.9,0.00483516,45.8618
40.908,1.9,0.00564103,45.7928
40.91,1.9,0.00473443,45.9118
40.912,1.9,0.00543956,45.8737
40.914,1.9,0.00533883,45.9285
40.916,1.9,0.00453297,45.8665
40.918,1.9,0.00503663,45.8118
40.92,1.9,0.00684982,45.8856
40.922,1.9,0.00564103,45.8594
40.924,1.9,0.00634615,45.9261
40.926,1.9,0.00614469,45.9572
40.928,1.9,0.00554029,45.9381
40.93,1.9,0.00513736,45.7454
40.932,1.9,0.00695055,45.9309
40.934,1.9,0.00543956,45.8713
40.936,1.9,0.00533883,45.8665
40.938,1.9,0.00594322,45.8904
40.94,1.9,0.00413004,45.9715
40.942,1.9,0.00423077,45.8904
40.944,1.9,0.00564103,45.9835
40.946,1.9,0.0052381,45.9429
40.948,1.9,0.00513736,45.8047
40.95,1.9,0.00543956,45.9787
40.952,1.9,0.00483516,45.8594
40.954,1.9,0.0040293,45.8332
40.956,1.9,0.00533883,45.7762
40.958,1.9,0.00443223,45.7739
40.96,1.9,0.00372711,45.6792
40.962,1.9,0.00513736,45.7028
40.964,1.9,0.0046337,45.6226
40.966,1.9,0.00392857,45.6132
40.968,1.9,0.0049359,45.5004
40.97,1.9,0.0052381,45.5967
40.972,1.9,0.00503663,45.6014
40.974,1.9,0.00564103,45.4817
40.976,1.9,0.00594322,45.6391
40.978,1.9,0.0043315,45.9237
40.98,1.9,0.0049359,45.6934
40.982,1.9,0.00624542,45.6768
40.984,1.9,0.00564103,45.6721
40.986,1.9,0.00584249,45.7336
40.988,1.9,0.00614469,45.8261
40.99,1.9,0.0046337,45.838
40.992,1.9,0.00483516,45.8023
40.994,1.9,0.00634615,45.838
40.996,1.9,0.00624542,45.7976
40.998,1.9,0.0052381,45.9333
41,2,0.00705128,45.9261
41.002,2,0.0122894,46.1926
41.004,2,0.0118864,46.433
41.006,2,0.0113828,46.7821
41.008,2,0.0110806,47.1013
41.01,2,0.0102747,47.1918
41.012,2,0.010174,47.5576
41.014,2,0.00795788,47.7426
41.016,2,0.00755495,47.7452
41.018,2,0.00795788,47.8486
41.02,2,0.00755495,47.9109
41.022,2,0.00594322,48.0882
41.024,2,0.00755495,48.1669
41.026,2,0.00554029,48.2115
41.028,2,0.00473443,48.1642
41.03,2,0.00705128,48.1616
41.032,2,0.00684982,48.2089
41.034,2,0.00654762,48.2563
41.036,2,0.00775641,48.2906
41.038,2,0.00453297,48.3038
41.04,2,0.0052381,48.3011
41.042,2,0.00624542,48.2932
41.044,2,0.00574176,48.3831
41.046,2,0.00614469,48.4309
41.048,2,0.00654762,48.4468
41.05,2,0.00453297,48.5
41.052,2,0.0046337,48.3937
41.054,2,0.00695055,48.5186
41.056,2,0.00584249,48.5293
41.058,2,0.00644689,48.5027
41.06,2,0.00805861,48.6361
41.062,2,0.00543956,48.54
41.064,2,0.0052381,48.492
41.066,2,0.00745421,48.5133
41.068,2,0.00543956,48.5186
41.07,2,0.00533883,48.5186
41.072,2,0.00735348,48.5586
41.074,2,0.00423077,48.5934
41.076,2,0.00392857,48.5
41.078,2,0.0049359,48.532
41.08,2,0.00382784,48.6308
41.082,2,0.00423077,48.4043
41.084,2,0.00604396,48.5907
41.086,2,0.00382784,48.4601
41.088,2,0.0043315,48.3884
41.09,2,0.00543956,48.4442
41.092,2,0.0046337,48.3223
41.094,2,0.0052381,48.2037
41.096,2,0.0052381,48.3249
41.098,2,0.0043315,48.2985
41.1,2,0.0052381,48.1511
41.102,2,0.00554029,48.4282
41.104,2,0.00513736,48.2695
41.106,2,0.00513736,48.3408
41.108,2,0.00453297,48.23
41.11,2,0.00413004,48.1721
41.112,2,0.00554029,48.2959
41.114,2,0.00584249,48.3673
41.116,2,0.00564103,48.3699
41.118,2,0.00705128,48.4628
41.12,2,0.00554029,48.4017
41.122,2,0.00543956,48.5666
41.124,2,0.00594322,48.5133
41.126,2,0.00705128,48.54
41.128,2,0.00564103,48.5693
41.13,2,0.00654762,48.679
41.132,2,0.00443223,48.7327
41.134,2,0.0043315,48.6281
41.136,2,0.00554029,48.6951
41.138,2,0.0049359,48.7946
41.14,2,0.00443223,48.7542
41.142,2,0.00654762,48.7408
41.144,2,0.00372711,48.722
41.146,2,0.00322344,48.722
41.148,2,0.00644689,48.7032
41.15,2,0.00503663,48.8486
41.152,2,0.00503663,48.6014
41.154,2,0.00664835,48.8
41.156,2,0.00352564,48.6522
41.158,2,0.00332418,48.6254
41.16,2,0.00453297,48.5586
41.162,2,0.00554029,48.5027
41.164,2,0.00554029,48.5346
41.166,2,0.00594322,48.5266
41.168,2,0.00423077,48.4229
41.17,2,0.0046337,48.3302
41.172,2,0.00765568,48.5266
41.174,2,0.00614469,48.548
41.176,2,0.00533883,48.4601
41.178,2,0.00634615,48.548
41.18,2,0.00473443,48.5186
41.182,2,0.0049359,48.5426
41.184,2,0.00715201,48.5426
41.186,2,0.00584249,48.5186
41.188,2,0.00644689,48.5827
41.19,2,0.00604396,48.6335
41.192,2,0.0046337,48.604
41.194,2,0.00564103,48.7032
41.196,2,0.00695055,48.5853
41.198,2,0.00554029,48.5853
41.2,2,0.00634615,48.6094
41.202,2,0.00483516,48.5987
41.204,2,0.00332418,48.6603
41.206,2,0.0046337,48.6415
41.208,2,0.0049359,48.564
41.21,2,0.00413004,48.4814
41.212,2,0.00533883,48.6361
41.214,2,0.00423077,48.5747
41.216,2,0.00282051,48.4415
41.218,2,0.00473443,48.4256
41.22,2,0.00503663,48.3593
41.222,2,0.00513736,48.3117
41.224,2,0.00564103,48.3487
41.226,2,0.00473443,48.2537
41.228,2,0.0049359,48.1511
41.23,2,0.00574176,48.2168
41.232,2,0.0052381,48.1092
41.234,2,0.00503663,48.3487
41.236,2,0.00684982,48.1642
41.238,2,0.00423077,48.1931
41.24,2,0.00423077,48.3329
41.242,2,0.00554029,48.3223
41.244,2,0.00624542,48.4176
41.246,2,0.0046337,48.3778
41.248,2,0.00695055,48.4734
41.25,2,0.00543956,48.5
41.252,2,0.00513736,48.4654
41.254,2,0.00654762,48.5
41.256,2,0.00584249,48.4973
41.258,2,0.00614469,48.6469
41.26,2,0.00765568,48.6147
41.262,2,0.00413004,48.6495
41.264,2,0.00483516,48.722
41.266,2,0.00554029,48.6817
41.268,2,0.00473443,48.6978
41.27,2,0.00513736,48.7112
41.272,2,0.00564103,48.7811
41.274,2,0.00342491,48.7542
41.276,2,0.00443223,48.6817
41.278,2,0.00614469,48.6763
41.28,2,0.00483516,48.572
41.282,2,0.00574176,48.7032
41.284,2,0.00554029,48.6898
41.286,2,0.00322344,48.6174
41.288,2,0.00413004,48.4442
41.29,2,0.00664835,48.4203
41.292,2,0.00503663,48.5186
41.294,2,0.00634615,48.4362
41.296,2,0.0046337,48.5106
41.298,2,0.0040293,48.492
41.3,2,0.00503663,48.4256
41.302,2,0.00644689,48.4097
41.304,2,0.00554029,48.4468
41.306,2,0.00624542,48.4947
41.308,2,0.00634615,48.5693
41.31,2,0.00473443,48.508
41.312,2,0.00503663,48.5346
41.314,2,0.00725275,48.5747
41.316,2,0.00624542,48.6281
41.318,2,0.00684982,48.4893
41.32,2,0.0052381,48.5747
41.322,2,0.0049359,48.548
41.324,2,0.00594322,48.3223
41.326,2,0.00584249,48.5666
41.328,2,0.00554029,48.5934
41.33,2,0.00634615,48.58
41.332,2,0.0046337,48.6067
41.334,2,0.0043315,48.5747
41.336,2,0.00513736,48.4867
41.338,2,0.00473443,48.5186
41.34,2,0.0043315,48.516
41.342,2,0.00574176,48.2352
41.344,2,0.0040293,48.508
41.346,2,0.00342491,48.4442
41.348,2,0.00543956,48.2906
41.35,2,0.00483516,48.2827
41.352,2,0.0043315,48.2352
41.354,2,0.00614469,48.2194
41.356,2,0.00413004,48.18
41.358,2,0.00423077,48.2774
41.36,2,0.00614469,48.1432
41.362,2,0.00533883,48.3858
41.364,2,0.0046337,48.1223
41.366,2,0.00604396,48.0778
41.368,2,0.00453297,48.317
41.37,2,0.0043315,48.2906
41.372,2,0.00644689,48.3699
41.374,2,0.00533883,48.4043
41.376,2,0.00554029,48.3673
41.378,2,0.00674908,48.4973
41.38,2,0.00543956,48.508
41.382,2,0.0049359,48.4814
41.384,2,0.00775641,48.5053
41.386,2,0.00624542,48.588
41.388,2,0.00654762,48.58
41.39,2,0.00674908,48.6495
41.392,2,0.00473443,48.7247
41.394,2,0.00473443,48.6228
41.396,2,0.00624542,48.6763
41.398,2,0.00513736,48.7408
41.4,2,0.00554029,48.7946
41.402,2,0.00473443,48.8
41.404,2,0.00312271,48.7085
41.406,2,0.00352564,48.6737
41.408,2,0.00564103,48.7596
41.41,2,0.00453297,48.671
41.412,2,0.00543956,48.722
41.414,2,0.0043315,48.6656
41.416,2,0.0040293,48.5373
41.418,2,0.0049359,48.4893
41.42,2,0.00644689,48.564
41.422,2,0.00533883,48.4548
41.424,2,0.00614469,48.5426
41.426,2,0.00413004,48.532
41.428,2,0.00362637,48.4388
41.43,2,0.00554029,48.4947
41.432,2,0.00533883,48.4123
41.434,2,0.00513736,48.4734
41.436,2,0.00644689,48.548
41.438,2,0.00533883,48.5373
41.44,2,0.0046337,48.5907
41.442,2,0.00564103,48.5506
41.444,2,0.00644689,48.508
41.446,2,0.00594322,48.524
41.448,2,0.00735348,48.6121
41.45,2,0.00594322,48.6121
41.452,2,0.00543956,48.5
41.454,2,0.00614469,48.6576
41.456,2,0.00594322,48.5853
41.458,2,0.0049359,48.484
41.46,2,0.00624542,48.6844
41.462,2,0.0040293,48.6415
41.464,2,0.0046337,48.6495
41.466,2,0.00503663,48.572
41.468,2,0.00473443,48.6147
41.47,2,0.00423077,48.4442
41.472,2,0.00644689,48.7059
41.474,2,0.00342491,48.516
41.476,2,0.00382784,48.399
41.478,2,0.00564103,48.3752
41.48,2,0.0040293,48.3858
41.482,2,0.00473443,48.3408
41.484,2,0.00715201,48.3461
41.486,2,0.00443223,48.2774
41.488,2,0.00503663,48.1537
41.49,2,0.00654762,48.1354
41.492,2,0.00503663,48.1354
41.494,2,0.00654762,48.2589
41.496,2,0.00785714,48.6335
41.498,2,0.00413004,48.0359
41.5,2,0.0052381,48.3223
41.502,2,0.00695055,48.3381
41.504,2,0.00543956,48.3593
41.506,2,0.00684982,48.4681
41.508,2,0.00604396,48.4574
41.51,2,0.0046337,48.4415
41.512,2,0.00554029,48.5
41.514,2,0.00644689,48.6335
41.516,2,0.00614469,48.5773
41.518,2,0.00644689,48.6174
41.52,2,0.00533883,48.6308
41.522,2,0.00413004,48.6308
41.524,2,0.00533883,48.6254
41.526,2,0.00584249,48.7569
41.528,2,0.00574176,48.7542
41.53,2,0.00614469,48.7193
41.532,2,0.00453297,48.7166
41.534,2,0.00362637,48.8324
41.536,2,0.00513736,48.6737
41.538,2,0.00554029,48.6763
41.54,2,0.00443223,48.7354
41.542,2,0.00513736,48.5266
41.544,2,0.0043315,48.6254
41.546,2,0.00352564,48.484
41.548,2,0.00513736,48.4947
41.55,2,0.00604396,48.564
41.552,2,0.00533883,48.5293
41.554,2,0.00654762,48.492
41.556,2,0.0046337,48.4814
41.558,2,0.0040293,48.4362
41.56,2,0.00624542,48.3302
41.562,2,0.00594322,48.516
41.564,2,0.00604396,48.5293
41.566,2,0.00715201,48.5346
41.568,2,0.0052381,48.5827
41.57,2,0.00513736,48.4734
41.572,2,0.00614469,48.492
41.574,2,0.00584249,48.5
41.576,2,0.00574176,48.6254
41.578,2,0.00795788,48.548
41.58,2,0.00533883,48.572
41.582,2,0.0049359,48.5106
41.584,2,0.00735348,48.5453
41.586,2,0.00604396,48.54
41.588,2,0.00584249,48.5373
41.59,2,0.00654762,48.5666
41.592,2,0.00382784,48.6361
41.594,2,0.00423077,48.6121
41.596,2,0.00564103,48.516
41.598,2,0.0043315,48.4388
41.6,2,0.00473443,48.5133
41.602,2,0.00674908,48.6094
41.604,2,0.00342491,48.4495
41.606,2,0.00453297,48.3646
41.608,2,0.00614469,48.4309
41.61,2,0.0043315,48.3091
41.612,2,0.00554029,48.2748
41.614,2,0.00594322,48.2458
41.616,2,0.0046337,48.2221
41.618,2,0.00503663,48.2431
41.62,2,0.00594322,48.4017
41.622,2,0.0049359,48.2431
41.624,2,0.00483516,48.3276
41.626,2,0.00533883,48.288
41.628,2,0.00413004,48.4309
41.63,2,0.00453297,48.2932
41.632,2,0.00634615,48.3858
41.634,2,0.00554029,48.4654
41.636,2,0.00634615,48.3329
41.638,2,0.00624542,48.3937
41.64,2,0.00453297,48.556
41.642,2,0.00614469,48.5027
41.644,2,0.00664835,48.4893
41.646,2,0.00564103,48.6067
41.648,2,0.00735348,48.5773
41.65,2,0.00533883,48.5773
41.652,2,0.00483516,48.6495
41.654,2,0.00574176,48.6388
41.656,2,0.00543956,48.6871
41.658,2,0.00533883,48.6549
41.66,2,0.00604396,48.8162
41.662,2,0.0040293,48.827
41.664,2,0.00372711,48.6629
41.666,2,0.00543956,48.6549
41.668,2,0.00564103,48.7919
41.67,2,0.00483516,48.548
41.672,2,0.00684982,48.7731
41.674,2,0.00302198,48.6388
41.676,2,0.00392857,48.524
41.678,2,0.00533883,48.4282
41.68,2,0.0052381,48.4442
41.682,2,0.00513736,48.3673
41.684,2,0.00634615,48.508
41.686,2,0.00382784,48.4893
41.688,2,0.00453297,48.3276
41.69,2,0.00664835,48.5293
41.692,2,0.0052381,48.3937
41.694,2,0.00574176,48.4973
41.696,2,0.00745421,48.5853
41.698,2,0.00513736,48.5827
41.7,2,0.00473443,48.572
41.702,2,0.00765568,48.5053
41.704,2,0.00604396,48.5533
41.706,2,0.00624542,48.5266
41.708,2,0.00695055,48.6094
41.71,2,0.0049359,48.5934
41.712,2,0.00584249,48.6817
41.714,2,0.00725275,48.588
41.716,2,0.00513736,48.5426
41.718,2,0.00614469,48.532
41.72,2,0.00574176,48.7273
41.722,2,0.00453297,48.596
41.724,2,0.00453297,48.54
41.726,2,0.00543956,48.6121
41.728,2,0.00372711,48.5693
41.73,2,0.0052381,48.5586
41.732,2,0.00443223,48.4468
41.734,2,0.00332418,48.415
41.736,2,0.00423077,48.3196
41.738,2,0.00533883,48.3699
41.74,2,0.00503663,48.3091
41.742,2,0.00554029,48.2379
41.744,2,0.00483516,48.2405
41.746,2,0.0043315,48.2379
41.748,2,0.00634615,48.2115
41.75,2,0.00594322,48.0935
41.752,2,0.00513736,48.1485
41.754,2,0.00564103,48.2115
41.756,2,0.00503663,48.362
41.758,2,0.00352564,48.3302
41.76,2,0.0052381,48.3091
41.762,2,0.00614469,48.3196
41.764,2,0.00594322,48.362
41.766,2,0.00614469,48.4601
41.768,2,0.00564103,48.5453
41.77,2,0.0046337,48.4415
41.772,2,0.00695055,48.4707
41.774,2,0.00644689,48.6469
41.776,2,0.00674908,48.5186
41.778,2,0.00715201,48.6121
41.78,2,0.00513736,48.6603
41.782,2,0.00473443,48.6254
41.784,2,0.00584249,48.671
41.786,2,0.0046337,48.7408
41.788,2,0.00584249,48.7677
41.79,2,0.00695055,48.7758
41.792,2,0.00322344,48.7569
41.794,2,0.0040293,48.6951
41.796,2,0.00604396,48.6629
41.798,2,0.00513736,48.6763
41.8,2,0.00483516,48.6629
41.802,2,0.00584249,48.5827
41.804,2,0.00342491,48.5666
41.806,2,0.00423077,48.4707
41.808,2,0.00735348,48.4867
41.81,2,0.0049359,48.4548
41.812,2,0.00543956,48.476
41.814,2,0.00543956,48.476
41.816,2,0.00372711,48.508
41.818,2,0.0046337,48.4973
41.82,2,0.00715201,48.4335
41.822,2,0.00564103,48.4893
41.824,2,0.00584249,48.5346
41.826,2,0.00564103,48.5693
41.828,2,0.0049359,48.6094
41.83,2,0.00533883,48.4628
41.832,2,0.00735348,48.564
41.834,2,0.00624542,48.5346
41.836,2,0.00614469,48.5373
41.838,2,0.00634615,48.6281
41.84,2,0.00483516,48.6067
41.842,2,0.00574176,48.6871
41.844,2,0.00564103,48.6147
41.846,2,0.00594322,48.5907
41.848,2,0.00594322,48.6415
41.85,2,0.0040293,48.6495
41.852,2,0.00423077,48.5213
41.854,2,0.00533883,48.5373
41.856,2,0.00503663,48.572
41.858,2,0.00423077,48.5666
41.86,2,0.00574176,48.2721
41.862,2,0.00372711,48.532
41.864,2,0.00392857,48.476
41.866,2,0.0052381,48.4017
41.868,2,0.00413004,48.399
41.87,2,0.00413004,48.354
41.872,2,0.00574176,48.2695
41.874,2,0.00423077,48.3011
41.876,2,0.00503663,48.3091
41.878,2,0.00554029,48.1695
41.88,2,0.00543956,48.317
41.882,2,0.00543956,48.2932
41.884,2,0.00674908,48.5106
41.886,2,0.0046337,48.4893
41.888,2,0.00453297,48.3117
41.89,2,0.00634615,48.3964
41.892,2,0.00533883,48.4388
41.894,2,0.00554029,48.4017
41.896,2,0.00664835,48.4017
41.898,2,0.0046337,48.4787
41.9,2,0.0052381,48.4947
41.902,2,0.00715201,48.5426
41.904,2,0.00684982,48.564
41.906,2,0.00644689,48.6174
41.908,2,0.00735348,48.7085
41.91,2,0.00513736,48.7408
41.912,2,0.0046337,48.6495
41.914,2,0.00644689,48.6951
41.916,2,0.00443223,48.7542
41.918,2,0.00574176,48.8027
41.92,2,0.00473443,48.8027
41.922,2,0.00362637,48.73
41.924,2,0.00362637,48.6871
41.926,2,0.00664835,48.6495
41.928,2,0.00503663,48.7704
41.93,2,0.0052381,48.532
41.932,2,0.00453297,48.7273
41.934,2,0.00312271,48.58
41.936,2,0.00513736,48.5613
41.938,2,0.00554029,48.5827
41.94,2,0.00584249,48.4548
41.942,2,0.00674908,48.5533
41.944,2,0.00453297,48.5506
41.946,2,0.0040293,48.4521
41.948,2,0.00513736,48.3487
41.95,2,0.00594322,48.5186
41.952,2,0.0052381,48.5506
41.954,2,0.00614469,48.5106
41.956,2,0.0052381,48.556
41.958,2,0.00473443,48.4893
41.96,2,0.00594322,48.5373
41.962,2,0.00654762,48.4973
41.964,2,0.00624542,48.4973
41.966,2,0.00785714,48.6228
41.968,2,0.00554029,48.596
41.97,2,0.00513736,48.532
41.972,2,0.00624542,48.5853
41.974,2,0.00564103,48.564
41.976,2,0.00503663,48.6094
41.978,2,0.00674908,48.4947
41.98,2,0.0040293,48.6442
41.982,2,0.00362637,48.6388
41.984,2,0.0052381,48.5773
41.986,2,0.00443223,48.6094
41.988,2,0.00554029,48.4574
41.99,2,0.00654762,48.722
41.992,2,0.00423077,48.5133
41.994,2,0.00423077,48.3884
41.996,2,0.00513736,48.4229
41.998,2,0.00503663,48.3011
42,-2,0.0049359,48.2642
42.002,-2,-0.452995,35.5992
42.004,-2,-0.344405,18.598
42.006,-2,-0.26533,13.3175
42.008,-2,-0.203077,-4.70484
42.01,-2,-0.153617,-8.1895
42.012,-2,-0.119267,-20.0388
42.014,-2,-0.0916667,-24.0533
42.016,-2,-0.0692033,-28.4107
42.018,-2,-0.0542949,-31.1853
42.02,-2,-0.0442216,-33.2595
42.022,-2,-0.0389835,-35.1699
42.024,-2,-0.0351557,-36.814
42.026,-2,-0.0312271,-38.1031
42.028,-2,-0.0291117,-39.2525
42.03,-2,-0.0266941,-40.6558
42.032,-2,-0.0237729,-41.5193
42.034,-2,-0.0223626,-42.3309
42.036,-2,-0.0197436,-43.1474
42.038,-2,-0.0182326,-43.8302
42.04,-2,-0.0165201,-44.4476
42.042,-2,-0.0169231,-44.9198
42.044,-2,-0.0148077,-45.4653
42.046,-2,-0.0130952,-45.8951
42.048,-2,-0.0140018,-46.355
42.05,-2,-0.0109799,-46.7697
42.052,-2,-0.0089652,-46.9961
42.054,-2,-0.0111813,-47.3283
42.056,-2,-0.0089652,-47.596
42.058,-2,-0.00745421,-47.7091
42.06,-2,-0.00856227,-47.9551
42.062,-2,-0.00634615,-48.2247
42.064,-2,-0.00594322,-48.2379
42.066,-2,-0.00715201,-48.3223
42.068,-2,-0.00554029,-48.4495
42.07,-2,-0.00483516,-48.5346
42.072,-2,-0.00533883,-48.4867
42.074,-2,-0.00342491,-48.6871
42.076,-2,-0.00372711,-48.548
42.078,-2,-0.00574176,-48.6147
42.08,-2,-0.00594322,-48.6898
42.082,-2,-0.00503663,-48.6763
42.084,-2,-0.00503663,-48.7704
42.086,-2,-0.00251832,-48.7811
42.088,-2,-0.00342491,-48.722
42.09,-2,-0.00564103,-48.7112
42.092,-2,-0.0043315,-48.8081
42.094,-2,-0.0043315,-48.8162
42.096,-2,-0.00513736,-48.9243
42.098,-2,-0.00261905,-48.7946
42.1,-2,-0.00302198,-48.7462
42.102,-2,-0.00695055,-48.7865
42.104,-2,-0.0049359,-48.881
42.106,-2,-0.00443223,-48.8702
42.108,-2,-0.00554029,-48.8837
42.11,-2,-0.00251832,-48.8351
42.112,-2,-0.00423077,-48.8567
42.114,-2,-0.00644689,-48.9541
42.116,-2,-0.00413004,-48.9324
42.118,-2,-0.0046337,-48.9135
42.12,-2,-0.00443223,-49.0356
42.122,-2,-0.00241758,-49.0302
42.124,-2,-0.0043315,-48.9297
42.126,-2,-0.00392857,-48.927
42.128,-2,-0.00302198,-49.0601
42.13,-2,-0.00392857,-48.9406
42.132,-2,-0.00261905,-48.9135
42.134,-2,-0.000705128,-48.8162
42.136,-2,-0.00382784,-48.7193
42.138,-2,-0.00332418,-48.6121
42.14,-2,-0.00322344,-48.8459
42.142,-2,-0.00423077,-48.7731
42.144,-2,-0.00211538,-48.7139
42.146,-2,-0.00261905,-48.5373
42.148,-2,-0.00554029,-48.5426
42.15,-2,-0.00362637,-48.6898
42.152,-2,-0.00352564,-48.5934
42.154,-2,-0.00543956,-48.5987
42.156,-2,-0.00312271,-48.6495
42.158,-2,-0.00271978,-48.6308
42.16,-2,-0.00604396,-48.5133
42.162,-2,-0.0040293,-48.671
42.164,-2,-0.00392857,-48.6924
42.166,-2,-0.00594322,-48.7435
42.168,-2,-0.00342491,-48.7005
42.17,-2,-0.00423077,-48.7193
42.172,-2,-0.00644689,-48.6737
42.174,-2,-0.00483516,-48.8999
42.176,-2,-0.0046337,-48.8405
42.178,-2,-0.00554029,-48.9081
42.18,-2,-0.00342491,-49.1119
42.182,-2,-0.00392857,-49.0057
42.184,-2,-0.00554029,-49.0847
42.186,-2,-0.00413004,-49.022
42.188,-2,-0.00372711,-49.1065
42.19,-2,-0.00292125,-49.0901
42.192,-2,-0.00231685,-49.1803
42.194,-2,-0.00241758,-49.0574
42.196,-2,-0.00423077,-49.1229
42.198,-2,-0.00332418,-49.022
42.2,-2,-0.0040293,-48.9595
42.202,-2,-0.00271978,-49.0111
42.204,-2,-0.00191392,-48.8999
42.206,-2,-0.00312271,-48.8594
42.208,-2,-0.00483516,-48.8864
42.21,-2,-0.00372711,-48.8972
42.212,-2,-0.00503663,-48.9053
42.214,-2,-0.00231685,-48.9487
42.216,-2,-0.00181319,-48.8027
42.218,-2,-0.00352564,-48.8189
42.22,-2,-0.00382784,-48.7489
42.222,-2,-0.00423077,-48.9108
42.224,-2,-0.00594322,-48.8702
42.226,-2,-0.00302198,-48.8675
42.228,-2,-0.00261905,-48.9623
42.23,-2,-0.0049359,-48.7596
42.232,-2,-0.0052381,-48.8405
42.234,-2,-0.00473443,-48.8567
42.236,-2,-0.00513736,-48.9135
42.238,-2,-0.00382784,-48.9243
42.24,-2,-0.00302198,-48.8162
42.242,-2,-0.00654762,-48.965
42.244,-2,-0.00483516,-48.9704
42.246,-2,-0.0049359,-48.9813
42.248,-2,-0.00483516,-49.0819
42.25,-2,-0.00282051,-49.0683
42.252,-2,-0.00251832,-48.9568
42.254,-2,-0.0049359,-48.9189
42.256,-2,-0.00302198,-49.0302
42.258,-2,-0.00352564,-48.9243
42.26,-2,-0.00271978,-48.9379
42.262,-2,-0.00191392,-48.8513
42.264,-2,-0.00191392,-48.508
42.266,-2,-0.0040293,-48.7193
42.268,-2,-0.00241758,-48.8513
42.27,-2,-0.00413004,-48.572
42.272,-2,-0.00261905,-48.7731
42.274,-2,-0.00171245,-48.6147
42.276,-2,-0.00322344,-48.5426
42.278,-2,-0.00352564,-48.6147
42.28,-2,-0.00332418,-48.6228
42.282,-2,-0.0043315,-48.6361
42.284,-2,-0.00322344,-48.6094
42.286,-2,-0.00191392,-48.596
42.288,-2,-0.0040293,-48.5827
42.29,-2,-0.00473443,-48.7435
42.292,-2,-0.00352564,-48.7247
42.294,-2,-0.00473443,-48.6978
42.296,-2,-0.00382784,-48.679
42.298,-2,-0.00302198,-48.7085
42.3,-2,-0.00705128,-48.7515
42.302,-2,-0.00453297,-48.8027
42.304,-2,-0.00413004,-48.8405
42.306,-2,-0.00543956,-48.9189
42.308,-2,-0.00352564,-48.7623
42.31,-2,-0.00352564,-48.9406
42.312,-2,-0.00584249,-48.9677
42.314,-2,-0.0040293,-49.0492
42.316,-2,-0.00382784,-49.052
42.318,-2,-0.00352564,-49.1611
42.32,-2,-0.00181319,-49.0492
42.322,-2,-0.00211538,-49.0792
42.324,-2,-0.0040293,-49.052
42.326,-2,-0.00292125,-49.022
42.328,-2,-0.00332418,-49.0356
42.33,-2,-0.00251832,-48.9433
42.332,-2,-0.00161172,-48.9867
42.334,-2,-0.00282051,-48.8324
42.336,-2,-0.00483516,-48.9108
42.338,-2,-0.00271978,-48.9243
42.34,-2,-0.00352564,-48.9406
42.342,-2,-0.00352564,-48.9487
42.344,-2,-0.00221612,-48.9731
42.346,-2,-0.00282051,-48.8513
42.348,-2,-0.0046337,-48.9976
42.35,-2,-0.00382784,-48.8945
42.352,-2,-0.00423077,-48.854
42.354,-2,-0.00312271,-48.8162
42.356,-2,-0.00241758,-48.9053
42.358,-2,-0.00352564,-48.7785
42.36,-2,-0.00594322,-48.7731
42.362,-2,-0.00453297,-48.8594
42.364,-2,-0.00674908,-48.9108
42.366,-2,-0.00423077,-48.9053
42.368,-2,-0.00382784,-48.8351
42.37,-2,-0.00473443,-48.854
42.372,-2,-0.00473443,-48.9568
42.374,-2,-0.00443223,-48.965
42.376,-2,-0.00543956,-49.0111
42.378,-2,-0.00302198,-49.0247
42.38,-2,-0.00171245,-49.052
42.382,-2,-0.0049359,-48.9081
42.384,-2,-0.00362637,-48.9487
42.386,-2,-0.00312271,-49.0166
42.388,-2,-0.00413004,-48.9568
42.39,-2,-0.00201465,-48.8999
42.392,-2,-0.00221612,-48.881
42.394,-2,-0.00443223,-48.6201
42.396,-2,-0.00322344,-48.596
42.398,-2,-0.00251832,-48.7032
42.4,-2,-0.0040293,-48.6549
42.402,-2,-0.00221612,-48.7515
42.404,-2,-0.00271978,-48.6174
42.406,-2,-0.00443223,-48.6014
42.408,-2,-0.00322344,-48.6737
42.41,-2,-0.00312271,-48.5773
42.412,-2,-0.00413004,-48.6254
42.414,-2,-0.00282051,-48.7032
42.416,-2,-0.00332418,-48.6683
42.418,-2,-0.00533883,-48.4097
42.42,-2,-0.00342491,-48.6978
42.422,-2,-0.0043315,-48.73
42.424,-2,-0.0040293,-48.7435
42.426,-2,-0.00342491,-48.6871
42.428,-2,-0.00352564,-48.7408
42.43,-2,-0.00473443,-48.8648
42.432,-2,-0.00352564,-48.7435
42.434,-2,-0.00483516,-48.8702
42.436,-2,-0.00443223,-48.8675
42.438,-2,-0.00251832,-49.0383
42.44,-2,-0.00413004,-49.0139
42.442,-2,-0.00473443,-49.052
42.444,-2,-0.00322344,-49.0166
42.446,-2,-0.00413004,-49.1229
42.448,-2,-0.00201465,-49.0383
42.45,-2,-0.00231685,-49.1393
42.452,-2,-0.00483516,-49.0111
42.454,-2,-0.00302198,-49.0465
42.456,-2,-0.00332418,-49.0383
42.458,-2,-0.0046337,-48.9189
42.46,-2,-0.00191392,-49.0438
42.462,-2,-0.00191392,-48.8405
42.464,-2,-0.00574176,-48.8783
42.466,-2,-0.00392857,-48.9189
42.468,-2,-0.00423077,-48.8648
42.47,-2,-0.00382784,-48.9514
42.472,-2,-0.00120879,-48.9189
42.474,-2,-0.00191392,-48.8324
42.476,-2,-0.0052381,-48.8918
42.478,-2,-0.00362637,-48.7785
42.48,-2,-0.00372711,-48.9677
42.482,-2,-0.00392857,-48.8756
42.484,-2,-0.00292125,-48.8783
42.486,-2,-0.00342491,-48.9108
42.488,-2,-0.00533883,-48.9053
42.49,-2,-0.0043315,-48.8135
42.492,-2,-0.0052381,-48.8405
42.494,-2,-0.00453297,-48.9053
42.496,-2,-0.0040293,-48.9541
42.498,-2,-0.00392857,-48.8594
42.5,-2,-0.00584249,-48.9108
42.502,-2,-0.00483516,-49.0302
42.504,-2,-0.00453297,-48.9704
42.506,-2,-0.00352564,-49.0656
42.508,-2,-0.00282051,-48.9976
42.51,-2,-0.00332418,-49.0139
42.512,-2,-0.00302198,-49.0166
42.514,-2,-0.00261905,-48.9487
42.516,-2,-0.00543956,-48.9433
42.518,-2,-0.00241758,-48.946
42.52,-2,-0.00271978,-49.0084
42.522,-2,-0.0049359,-48.73
42.524,-2,-0.00382784,-48.6254
42.526,-2,-0.00282051,-48.8594
42.528,-2,-0.0052381,-48.5426
42.53,-2,-0.00241758,-48.7166
42.532,-2,-0.00241758,-48.6254
42.534,-2,-0.00543956,-48.6174
42.536,-2,-0.00352564,-48.5747
42.538,-2,-0.00261905,-48.7032
42.54,-2,-0.00423077,-48.6844
42.542,-2,-0.00161172,-48.6495
42.544,-2,-0.00141026,-48.6174
42.546,-2,-0.00564103,-48.7677
42.548,-2,-0.00362637,-48.6014
42.55,-2,-0.0040293,-48.7085
42.552,-2,-0.00533883,-48.7435
42.554,-2,-0.00372711,-48.6978
42.556,-2,-0.00382784,-48.722
42.558,-2,-0.00564103,-48.8675
42.56,-2,-0.00443223,-48.7005
42.562,-2,-0.00443223,-48.7973
42.564,-2,-0.0046337,-48.9867
42.566,-2,-0.00271978,-48.8432
42.568,-2,-0.00332418,-48.9351
42.57,-2,-0.00443223,-49.0928
42.572,-2,-0.00352564,-49.052
42.574,-2,-0.00413004,-49.1502
42.576,-2,-0.00312271,-49.1967
42.578,-2,-0.00201465,-49.052
42.58,-2,-0.00322344,-49.0492
42.582,-2,-0.00382784,-49.071
42.584,-2,-0.00302198,-49.1092
42.586,-2,-0.00413004,-49.0438
42.588,-2,-0.00261905,-48.9108
42.59,-2,-0.00161172,-48.881
42.592,-2,-0.00352564,-48.8351
42.594,-2,-0.00453297,-48.8702
42.596,-2,-0.00271978,-48.9216
42.598,-2,-0.00533883,-48.9731
42.6,-2,-0.00161172,-48.8864
42.602,-2,-0.00261905,-48.9108
42.604,-2,-0.00241758,-48.8621
42.606,-2,-0.00423077,-48.9406
42.608,-2,-0.00392857,-48.765
42.61,-2,-0.00483516,-48.8756
42.612,-2,-0.00342491,-48.9433
42.614,-2,-0.00372711,-48.7892
42.616,-2,-0.00584249,-48.8594
42.618,-2,-0.00503663,-48.854
42.62,-2,-0.00392857,-48.8567
42.622,-2,-0.00483516,-48.9433
42.624,-2,-0.00382784,-48.927
42.626,-2,-0.00322344,-48.8459
42.628,-2,-0.00594322,-48.8729
42.63,-2,-0.00453297,-48.9976
42.632,-2,-0.00453297,-48.9976
42.634,-2,-0.00443223,-49.0656
42.636,-2,-0.00282051,-49.0601
42.638,-2,-0.00292125,-48.946
42.64,-2,-0.00483516,-49.0547
42.642,-2,-0.00261905,-48.984
42.644,-2,-0.00392857,-48.9677
42.646,-2,-0.00292125,-48.8972
42.648,-2,-0.00151099,-48.8405
42.65,-2,-0.00271978,-48.7731
42.652,-2,-0.00423077,-48.5506
42.654,-2,-0.00282051,-48.5827
42.656,-2,-0.00342491,-48.8027
42.658,-2,-0.00342491,-48.6361
42.66,-2,-0.00251832,-48.7247
42.662,-2,-0.00392857,-48.6495
42.664,-2,-0.00413004,-48.6201
42.666,-2,-0.00352564,-48.6174
42.668,-2,-0.0052381,-48.7059
42.67,-2,-0.00352564,-48.6335
42.672,-2,-0.00221612,-48.6951
42.674,-2,-0.00564103,-48.6737
42.676,-2,-0.00322344,-48.5
42.678,-2,-0.00372711,-48.6844
42.68,-2,-0.0049359,-48.6951
42.682,-2,-0.00372711,-48.7247
42.684,-2,-0.00302198,-48.6361
42.686,-2,-0.00614469,-48.7247
42.688,-2,-0.00443223,-48.7946
42.69,-2,-0.00513736,-48.8459
42.692,-2,-0.00533883,-48.9026
42.694,-2,-0.00312271,-49.022
42.696,-2,-0.00332418,-48.9785
42.698,-2,-0.00503663,-49.0411
42.7,-2,-0.00413004,-49.1229
42.702,-2,-0.00382784,-49.0465
42.704,-2,-0.00282051,-49.1666
42.706,-2,-0.00161172,-49.1065
42.708,-2,-0.00181319,-49.0574
42.71,-2,-0.00392857,-49.0601
42.712,-2,-0.00362637,-49.0275
42.714,-2,-0.00352564,-49.0302
42.716,-2,-0.00231685,-49.0847
42.718,-2,-0.00120879,-48.9026
42.72,-2,-0.00261905,-48.8621
42.722,-2,-0.0052381,-48.8729
42.724,-2,-0.00362637,-48.8513
42.726,-2,-0.00392857,-48.9108
42.728,-2,-0.00302198,-48.9135
42.73,-2,-0.00161172,-48.9351
42.732,-2,-0.00302198,-48.8486
42.734,-2,-0.00423077,-49.0084
42.736,-2,-0.00332418,-48.8243
42.738,-2,-0.00543956,-49.0057
42.74,-2,-0.0043315,-48.9867
42.742,-2,-0.00342491,-48.8675
42.744,-2,-0.0043315,-48.9053
42.746,-2,-0.00543956,-48.9108
42.748,-2,-0.0052381,-48.7785
42.75,-2,-0.00614469,-48.9324
42.752,-2,-0.00382784,-48.8972
42.754,-2,-0.00342491,-48.854
42.756,-2,-0.00634615,-48.8108
42.758,-2,-0.00413004,-48.9595
42.76,-2,-0.00382784,-49.0193
42.762,-2,-0.00503663,-49.022
42.764,-2,-0.00322344,-49.0547
42.766,-2,-0.00231685,-48.984
42.768,-2,-0.00543956,-49.0356
42.77,-2,-0.00332418,-49.022
42.772,-2,-0.00352564,-48.9894
42.774,-2,-0.0040293,-49.0057
42.776,-2,-0.00221612,-48.927
42.778,-2,-0.00251832,-49.1038
42.78,-2,-0.00423077,-49.1338
42.782,-2,-0.00241758,-48.7408
42.784,-2,-0.00352564,-48.6629
42.786,-2,-0.00332418,-48.6549
42.788,-2,-0.00211538,-48.6254
42.79,-2,-0.00271978,-48.5586
42.792,-2,-0.00453297,-48.5934
42.794,-2,-0.00322344,-48.6603
42.796,-2,-0.00392857,-48.7032
42.798,-2,-0.00352564,-48.679
42.8,-2,-0.00282051,-48.6763
42.802,-2,-0.00352564,-48.6629
42.804,-2,-0.00483516,-48.854
42.806,-2,-0.00241758,-48.6174
42.808,-2,-0.00453297,-48.6898
42.81,-2,-0.00392857,-48.8054
42.812,-2,-0.00292125,-48.8027
42.814,-2,-0.00423077,-48.7247
42.816,-2,-0.00423077,-48.7408
42.818,-2,-0.00332418,-48.8594
42.82,-2,-0.0052381,-48.8945
42.822,-2,-0.0043315,-49.0329
42.824,-2,-0.00332418,-48.9297
42.826,-2,-0.00594322,-49.022
42.828,-2,-0.00413004,-49.1092
42.83,-2,-0.00332418,-49.0356
42.832,-2,-0.0052381,-49.0819
42.834,-2,-0.00201465,-49.1967
42.836,-2,-0.00271978,-49.0547
42.838,-2,-0.0046337,-49.0465
42.84,-2,-0.00261905,-49.071
42.842,-2,-0.00261905,-49.0193
42.844,-2,-0.00332418,-49.1338
42.846,-2,-0.00161172,-48.9162
42.848,-2,-0.00251832,-48.8864
42.85,-2,-0.0052381,-48.8999
42.852,-2,-0.00392857,-48.8648
42.854,-2,-0.00392857,-48.9162
42.856,-2,-0.00362637,-48.9162
42.858,-2,-0.00221612,-48.8999
42.86,-2,-0.00181319,-48.9026
42.862,-2,-0.00483516,-48.9026
42.864,-2,-0.00372711,-48.9189
42.866,-2,-0.00342491,-48.7973
42.868,-2,-0.00352564,-48.9243
42.87,-2,-0.00231685,-48.8486
42.872,-2,-0.00342491,-48.8162
42.874,-2,-0.00594322,-48.8432
42.876,-2,-0.00423077,-48.9379
42.878,-2,-0.00543956,-48.8999
42.88,-2,-0.00453297,-48.9514
42.882,-2,-0.00342491,-48.9297
42.884,-2,-0.00453297,-48.946
42.886,-2,-0.00543956,-48.9324
42.888,-2,-0.0043315,-48.9487
42.89,-2,-0.00574176,-49.1174
42.892,-2,-0.00302198,-49.0601
42.894,-2,-0.00191392,-48.9677
42.896,-2,-0.00342491,-49.0247
42.898,-2,-0.00382784,-49.0275
42.9,-2,-0.00271978,-48.8999
42.902,-2,-0.0049359,-48.9243
42.904,-2,-0.00211538,-48.8864
42.906,-2,-0.00261905,-48.5613
42.908,-2,-0.00483516,-48.6683
42.91,-2,-0.00352564,-48.8378
42.912,-2,-0.00322344,-48.6308
42.914,-2,-0.0049359,-48.6549
42.916,-2,-0.00282051,-48.6335
42.918,-2,-0.00171245,-48.6549
42.92,-2,-0.0046337,-48.6335
42.922,-2,-0.00261905,-48.5827
42.924,-2,-0.00292125,-48.604
42.926,-2,-0.00312271,-48.7166
42.928,-2,-0.00130952,-48.6335
42.93,-2,-0.00302198,-48.6094
42.932,-2,-0.0052381,-48.7408
42.934,-2,-0.00382784,-48.6763
42.936,-2,-0.00413004,-48.5907
42.938,-2,-0.00453297,-48.6844
42.94,-2,-0.0040293,-48.7515
42.942,-2,-0.00392857,-48.679
42.944,-2,-0.00574176,-48.6898
42.946,-2,-0.00413004,-48.8108
42.948,-2,-0.00443223,-48.8162
42.95,-2,-0.0049359,-48.9162
42.952,-2,-0.00332418,-48.9216
42.954,-2,-0.0040293,-48.927
42.956,-2,-0.0049359,-49.0275
42.958,-2,-0.00392857,-49.2022
42.96,-2,-0.00513736,-49.052
42.962,-2,-0.00251832,-49.1557
42.964,-2,-0.00130952,-49.0383
42.966,-2,-0.0040293,-49.0874
42.968,-2,-0.00382784,-49.0166
42.97,-2,-0.00251832,-48.9595
42.972,-2,-0.0046337,-49.0111
42.974,-2,-0.00120879,-48.9758
42.976,-2,-0.00161172,-48.9216
42.978,-2,-0.00332418,-48.8216
42.98,-2,-0.00372711,-48.8378
42.982,-2,-0.00271978,-48.8621
42.984,-2,-0.0040293,-48.927
42.986,-2,-0.00221612,-48.9216
42.988,-2,-0.00241758,-48.8027
42.99,-2,-0.00564103,-48.8324
42.992,-2,-0.00372711,-48.9189
42.994,-2,-0.00413004,-48.9162
42.996,-2,-0.00503663,-49.0084
42.998,-2,-0.00302198,-48.8621
43,-1.9,-0.00322344,-48.8189
43.002,-1.9,0.00392857,-48.5266
43.004,-1.9,0.00392857,-48.2695
43.006,-1.9,0.00251832,-47.8694
43.008,-1.9,0.00110806,-47.7272
43.01,-1.9,0.00110806,-47.5039
43.012,-1.9,0.000302198,-47.2549
43.014,-1.9,-0.00282051,-47.1164
43.016,-1.9,-0.00100733,-47.1088
43.018,-1.9,-0.00251832,-47.0061
43.02,-1.9,-0.00271978,-47.0161
43.022,-1.9,-0.00141026,-46.9187
43.024,-1.9,-0.000705128,-46.7524
43.026,-1.9,-0.00362637,-46.7771
43.028,-1.9,-0.00271978,-46.7054
43.03,-1.9,-0.00241758,-46.6955
43.032,-1.9,-0.00352564,-46.597
43.034,-1.9,-0.00141026,-46.5161
43.036,-1.9,-0.00241758,-46.1468
43.038,-1.9,-0.00413004,-46.2289
43.04,-1.9,-0.00302198,-46.3356
43.042,-1.9,-0.00382784,-46.1565
43.044,-1.9,-0.00413004,-46.0506
43.046,-1.9,-0.00302198,-46.1999
43.048,-1.9,-0.00322344,-46.0482
43.05,-1.9,-0.00382784,-46.0698
43.052,-1.9,-0.0040293,-46.0914
43.054,-1.9,-0.00221612,-46.0818
43.056,-1.9,-0.00332418,-46.1107
43.058,-1.9,-0.00302198,-46.0866
43.06,-1.9,-0.00332418,-46.0818
43.062,-1.9,-0.00362637,-46.0482
43.064,-1.9,-0.00352564,-46.2967
43.066,-1.9,-0.00352564,-46.0722
43.068,-1.9,-0.00312271,-46.1227
43.07,-1.9,-0.00453297,-46.1709
43.072,-1.9,-0.00282051,-46.0987
43.074,-1.9,-0.0049359,-46.1324
43.076,-1.9,-0.0049359,-46.1613
43.078,-1.9,-0.00423077,-46.2241
43.08,-1.9,-0.00554029,-46.2313
43.082,-1.9,-0.00443223,-46.3745
43.084,-1.9,-0.00372711,-46.2458
43.086,-1.9,-0.00332418,-46.4183
43.088,-1.9,-0.00503663,-46.4989
43.09,-1.9,-0.00372711,-46.521
43.092,-1.9,-0.0040293,-46.4476
43.094,-1.9,-0.00322344,-46.5627
43.096,-1.9,-0.00251832,-46.4623
43.098,-1.9,-0.00231685,-46.4989
43.1,-1.9,-0.0046337,-46.4672
43.102,-1.9,-0.00312271,-46.4794
43.104,-1.9,-0.00302198,-46.4354
43.106,-1.9,-0.00261905,-46.4281
43.108,-1.9,-0.00181319,-46.3283
43.11,-1.9,-0.00292125,-46.2991
43.112,-1.9,-0.0040293,-46.355
43.114,-1.9,-0.00342491,-46.3429
43.116,-1.9,-0.00382784,-46.3769
43.118,-1.9,-0.00332418,-46.3672
43.12,-1.9,-0.00292125,-46.2919
43.122,-1.9,-0.00241758,-46.3429
43.124,-1.9,-0.0049359,-46.3477
43.126,-1.9,-0.00453297,-46.2289
43.128,-1.9,-0.00342491,-46.4159
43.13,-1.9,-0.00483516,-46.4208
43.132,-1.9,-0.00221612,-46.2919
43.134,-1.9,-0.00342491,-46.2531
43.136,-1.9,-0.00533883,-46.2991
43.138,-1.9,-0.00413004,-46.2579
43.14,-1.9,-0.00392857,-46.2749
43.142,-1.9,-0.00513736,-46.3331
43.144,-1.9,-0.00352564,-46.3404
43.146,-1.9,-0.0040293,-46.3964
43.148,-1.9,-0.00543956,-46.1999
43.15,-1.9,-0.0049359,-46.3477
43.152,-1.9,-0.00413004,-46.4086
43.154,-1.9,-0.0052381,-46.4427
43.156,-1.9,-0.00322344,-46.4549
43.158,-1.9,-0.00231685,-46.3818
43.16,-1.9,-0.00342491,-46.4501
43.162,-1.9,-0.00312271,-46.4574
43.164,-1.9,-0.00312271,-46.4013
43.166,-1.9,-0.00423077,-46.4013
43.168,-1.9,-0.00292125,-46.3867
43.17,-1.9,-0.00231685,-46.2701
43.172,-1.9,-0.00352564,-46.2676
43.174,-1.9,-0.00271978,-46.355
43.176,-1.9,-0.00292125,-46.0554
43.178,-1.9,-0.00382784,-46.2797
43.18,-1.9,-0.00312271,-46.2337
43.182,-1.9,-0.00191392,-46.1059
43.184,-1.9,-0.00282051,-46.0842
43.186,-1.9,-0.00342491,-46.154
43.188,-1.9,-0.00271978,-46.1227
43.19,-1.9,-0.00312271,-46.1516
43.192,-1.9,-0.00352564,-46.0938
43.194,-1.9,-0.00292125,-46.1661
43.196,-1.9,-0.00302198,-46.089
43.198,-1.9,-0.00473443,-46.2023
43.2,-1.9,-0.00382784,-46.065
43.202,-1.9,-0.00382784,-46.2096
43.204,-1.9,-0.00443223,-46.1951
43.206,-1.9,-0.00352564,-46.1516
43.208,-1.9,-0.00352564,-46.1902
43.21,-1.9,-0.0049359,-46.1444
43.212,-1.9,-0.00423077,-46.2337
43.214,-1.9,-0.00453297,-46.2701
43.216,-1.9,-0.00483516,-46.3453
43.218,-1.9,-0.00372711,-46.1999
43.22,-1.9,-0.00362637,-46.372
43.222,-1.9,-0.00543956,-46.4574
43.224,-1.9,-0.00342491,-46.4696
43.226,-1.9,-0.00362637,-46.4598
43.228,-1.9,-0.00473443,-46.5014
43.23,-1.9,-0.00151099,-46.6142
43.232,-1.9,-0.00282051,-46.57
43.234,-1.9,-0.0040293,-46.4525
43.236,-1.9,-0.00392857,-46.4501
43.238,-1.9,-0.00372711,-46.3745
43.24,-1.9,-0.00453297,-46.4696
43.242,-1.9,-0.00231685,-46.338
43.244,-1.9,-0.00141026,-46.3137
43.246,-1.9,-0.0040293,-46.3089
43.248,-1.9,-0.00473443,-46.3331
43.25,-1.9,-0.00352564,-46.2701
43.252,-1.9,-0.00423077,-46.3331
43.254,-1.9,-0.00312271,-46.3599
43.256,-1.9,-0.00151099,-46.3769
43.258,-1.9,-0.00241758,-46.2192
43.26,-1.9,-0.00473443,-46.1926
43.262,-1.9,-0.00413004,-46.3283
43.264,-1.9,-0.00473443,-46.212
43.266,-1.9,-0.00483516,-46.3283
43.268,-1.9,-0.00292125,-46.3016
43.27,-1.9,-0.00362637,-46.3453
43.272,-1.9,-0.00503663,-46.2725
43.274,-1.9,-0.0040293,-46.355
43.276,-1.9,-0.00423077,-46.2313
43.278,-1.9,-0.0049359,-46.3502
43.28,-1.9,-0.00282051,-46.3331
43.282,-1.9,-0.00362637,-46.2604
43.284,-1.9,-0.00634615,-46.3891
43.286,-1.9,-0.00372711,-46.3818
43.288,-1.9,-0.00352564,-46.411
43.29,-1.9,-0.00513736,-46.4183
43.292,-1.9,-0.00332418,-46.4598
43.294,-1.9,-0.00211538,-46.4965
43.296,-1.9,-0.0043315,-46.3647
43.298,-1.9,-0.00322344,-46.4354
43.3,-1.9,-0.00352564,-46.321
43.302,-1.9,-0.00533883,-46.3429
43.304,-1.9,-0.00251832,-46.3745
43.306,-1.9,-0.00292125,-46.4256
43.308,-1.9,-0.00322344,-46.1782
43.31,-1.9,-0.00322344,-46.0626
43.312,-1.9,-0.00292125,-46.1806
43.314,-1.9,-0.00423077,-46.2241
43.316,-1.9,-0.00292125,-46.089
43.318,-1.9,-0.00271978,-46.1661
43.32,-1.9,-0.00392857,-46.005
43.322,-1.9,-0.00382784,-46.089
43.324,-1.9,-0.00362637,-46.077
43.326,-1.9,-0.00322344,-46.0602
43.328,-1.9,-0.00312271,-46.1251
43.33,-1.9,-0.00221612,-46.1227
43.332,-1.9,-0.00312271,-46.1227
43.334,-1.9,-0.00423077,-45.8618
43.336,-1.9,-0.00312271,-46.1299
43.338,-1.9,-0.00362637,-46.0482
43.34,-1.9,-0.00392857,-46.1565
43.342,-1.9,-0.00312271,-46.1565
43.344,-1.9,-0.00382784,-46.1709
43.346,-1.9,-0.00533883,-46.304
43.348,-1.9,-0.00483516,-46.1396
43.35,-1.9,-0.00473443,-46.2725
43.352,-1.9,-0.00513736,-46.3283
43.354,-1.9,-0.00382784,-46.4135
43.356,-1.9,-0.00312271,-46.3915
43.358,-1.9,-0.00513736,-46.3988
43.36,-1.9,-0.00352564,-46.4501
43.362,-1.9,-0.00372711,-46.6019
43.364,-1.9,-0.00312271,-46.6315
43.366,-1.9,-0.00171245,-46.6192
43.368,-1.9,-0.00191392,-46.4989
43.37,-1.9,-0.00382784,-46.4916
43.372,-1.9,-0.00342491,-46.5063
43.374,-1.9,-0.00362637,-46.5014
43.376,-1.9,-0.00443223,-46.4672
43.378,-1.9,-0.00241758,-46.4281
43.38,-1.9,-0.00201465,-46.372
43.382,-1.9,-0.00342491,-46.304
43.384,-1.9,-0.0043315,-46.3234
43.386,-1.9,-0.00342491,-46.3477
43.388,-1.9,-0.0040293,-46.3599
43.39,-1.9,-0.00221612,-46.3647
43.392,-1.9,-0.00181319,-46.372
43.394,-1.9,-0.00292125,-46.3089
43.396,-1.9,-0.0043315,-46.4427
43.398,-1.9,-0.00302198,-46.2725
43.4,-1.9,-0.00362637,-46.2967
43.402,-1.9,-0.00342491,-46.2749
43.404,-1.9,-0.00261905,-46.2797
43.406,-1.9,-0.00423077,-46.2579
43.408,-1.9,-0.00533883,-46.338
43.41,-1.9,-0.00453297,-46.241
43.412,-1.9,-0.00453297,-46.3356
43.414,-1.9,-0.00533883,-46.3331
43.416,-1.9,-0.00322344,-46.2919
43.418,-1.9,-0.00382784,-46.2919
43.42,-1.9,-0.00604396,-46.3307
43.422,-1.9,-0.00382784,-46.3915
43.424,-1.9,-0.00413004,-46.4135
43.426,-1.9,-0.00342491,-46.5185
43.428,-1.9,-0.00292125,-46.4941
43.43,-1.9,-0.00271978,-46.3988
43.432,-1.9,-0.0043315,-46.4696
43.434,-1.9,-0.00302198,-46.4452
43.436,-1.9,-0.00282051,-46.4745
43.438,-1.9,-0.0043315,-46.4159
43.44,-1.9,-0.00332418,-46.3113
43.442,-1.9,-0.00271978,-46.0242
43.444,-1.9,-0.00483516,-46.2894
43.446,-1.9,-0.00302198,-46.2458
43.448,-1.9,-0.00302198,-46.2943
43.45,-1.9,-0.00382784,-45.9859
43.452,-1.9,-0.00211538,-46.1565
43.454,-1.9,-0.00292125,-46.0146
43.456,-1.9,-0.00332418,-46.1083
43.458,-1.9,-0.00312271,-46.0746
43.46,-1.9,-0.00292125,-46.089
43.462,-1.9,-0.00443223,-46.0987
43.464,-1.9,-0.00342491,-46.1492
43.466,-1.9,-0.00282051,-46.0578
43.468,-1.9,-0.00312271,-46.1107
43.47,-1.9,-0.0040293,-46.2991
43.472,-1.9,-0.00342491,-46.0602
43.474,-1.9,-0.00413004,-46.1757
43.476,-1.9,-0.00362637,-46.1926
43.478,-1.9,-0.00342491,-46.1854
43.48,-1.9,-0.0043315,-46.1516
43.482,-1.9,-0.00533883,-46.1083
43.484,-1.9,-0.00352564,-46.2289
43.486,-1.9,-0.00342491,-46.2144
43.488,-1.9,-0.00473443,-46.3964
43.49,-1.9,-0.00372711,-46.5234
43.492,-1.9,-0.00332418,-46.4013
43.494,-1.9,-0.00503663,-46.4501
43.496,-1.9,-0.00392857,-46.5063
43.498,-1.9,-0.00382784,-46.4378
43.5,-1.9,-0.00372711,-46.5553
43.502,-1.9,-0.00201465,-46.4403
43.504,-1.9,-0.00241758,-46.4647
43.506,-1.9,-0.0043315,-46.4598
43.508,-1.9,-0.00382784,-46.4623
43.51,-1.9,-0.00332418,-46.4183
43.512,-1.9,-0.00423077,-46.5283
43.514,-1.9,-0.00271978,-46.4769
43.516,-1.9,-0.00181319,-46.2919
43.518,-1.9,-0.0052381,-46.2579
43.52,-1.9,-0.00322344,-46.2555
43.522,-1.9,-0.00352564,-46.338
43.524,-1.9,-0.00473443,-46.3867
43.526,-1.9,-0.00322344,-46.3793
43.528,-1.9,-0.00292125,-46.2458
43.53,-1.9,-0.00382784,-46.2773
43.532,-1.9,-0.0043315,-46.372
43.534,-1.9,-0.00322344,-46.3526
43.536,-1.9,-0.00392857,-46.4281
43.538,-1.9,-0.00292125,-46.4135
43.54,-1.9,-0.00302198,-46.3453
43.542,-1.9,-0.00362637,-46.2289
43.544,-1.9,-0.00453297,-46.2701
43.546,-1.9,-0.0040293,-46.3477
43.548,-1.9,-0.00413004,-46.2531
43.55,-1.9,-0.0043315,-46.3064
43.552,-1.9,-0.00352564,-46.355
43.554,-1.9,-0.0043315,-46.3161
43.556,-1.9,-0.0052381,-46.4037
43.558,-1.9,-0.00473443,-46.394
43.56,-1.9,-0.00513736,-46.4843
43.562,-1.9,-0.00423077,-46.4623
43.564,-1.9,-0.00231685,-46.4843
43.566,-1.9,-0.00261905,-46.4086
43.568,-1.9,-0.0049359,-46.3696
43.57,-1.9,-0.00342491,-46.4892
43.572,-1.9,-0.00332418,-46.4232
43.574,-1.9,-0.00312271,-46.4281
43.576,-1.9,-0.00251832,-46.3745
43.578,-1.9,-0.00221612,-46.3356
43.58,-1.9,-0.00443223,-46.1348
43.582,-1.9,-0.00382784,-46.2822
43.584,-1.9,-0.00302198,-46.0914
43.586,-1.9,-0.0046337,-46.1131
43.588,-1.9,-0.00382784,-46.1468
43.59,-1.9,-0.00312271,-46.0818
43.592,-1.9,-0.00413004,-46.0386
43.594,-1.9,-0.00302198,-46.1613
43.596,-1.9,-0.00372711,-46.065
43.598,-1.9,-0.00372711,-46.154
43.6,-1.9,-0.00231685,-46.0722
43.602,-1.9,-0.00251832,-46.1324
43.604,-1.9,-0.00382784,-46.1107
43.606,-1.9,-0.00443223,-46.1878
43.608,-1.9,-0.00372711,-46.1565
43.61,-1.9,-0.00453297,-46.1179
43.612,-1.9,-0.00413004,-46.2144
43.614,-1.9,-0.00312271,-46.1011
43.616,-1.9,-0.00483516,-46.1782
43.618,-1.9,-0.00473443,-46.1709
43.62,-1.9,-0.00423077,-46.321
43.622,-1.9,-0.0040293,-46.2507
43.624,-1.9,-0.00443223,-46.338
43.626,-1.9,-0.00302198,-46.2628
43.628,-1.9,-0.00413004,-46.3745
43.63,-1.9,-0.00473443,-46.5112
43.632,-1.9,-0.00352564,-46.4476
43.634,-1.9,-0.0040293,-46.5259
43.636,-1.9,-0.00322344,-46.57
43.638,-1.9,-0.00241758,-46.5308
43.64,-1.9,-0.00191392,-46.5063
43.642,-1.9,-0.00503663,-46.4745
43.644,-1.9,-0.00302198,-46.4427
43.646,-1.9,-0.00372711,-46.3915
43.648,-1.9,-0.00372711,-46.4013
43.65,-1.9,-0.00241758,-46.3331
43.652,-1.9,-0.00282051,-46.3113
43.654,-1.9,-0.0040293,-46.3258
43.656,-1.9,-0.00413004,-46.3574
43.658,-1.9,-0.00362637,-46.2701
43.66,-1.9,-0.00392857,-46.3429
43.662,-1.9,-0.00161172,-46.2943
43.664,-1.9,-0.00231685,-46.3356
43.666,-1.9,-0.00362637,-46.2991
43.668,-1.9,-0.00312271,-46.1782
43.67,-1.9,-0.00372711,-46.3502
43.672,-1.9,-0.00473443,-46.3016
43.674,-1.9,-0.00282051,-46.3016
43.676,-1.9,-0.00342491,-46.2797
43.678,-1.9,-0.00362637,-46.3404
43.68,-1.9,-0.00453297,-46.212
43.682,-1.9,-0.00413004,-46.2846
43.684,-1.9,-0.00513736,-46.3016
43.686,-1.9,-0.0040293,-46.3307
43.688,-1.9,-0.00312271,-46.3234
43.69,-1.9,-0.0040293,-46.2652
43.692,-1.9,-0.00533883,-46.3137
43.694,-1.9,-0.00382784,-46.372
43.696,-1.9,-0.0046337,-46.3502
43.698,-1.9,-0.0040293,-46.4598
43.7,-1.9,-0.00231685,-46.4525
43.702,-1.9,-0.00332418,-46.3599
43.704,-1.9,-0.00483516,-46.4623
43.706,-1.9,-0.00382784,-46.3988
43.708,-1.9,-0.00332418,-46.372
43.71,-1.9,-0.0040293,-46.372
43.712,-1.9,-0.00191392,-46.3356
43.714,-1.9,-0.00322344,-46.521
43.716,-1.9,-0.00423077,-46.0866
43.718,-1.9,-0.00282051,-46.053
43.72,-1.9,-0.00271978,-46.1733
43.722,-1.9,-0.00413004,-46.3113
43.724,-1.9,-0.00271978,-46.0866
43.726,-1.9,-0.00282051,-46.1083
43.728,-1.9,-0.00423077,-46.0722
43.73,-1.9,-0.00302198,-46.0362
43.732,-1.9,-0.00282051,-46.0578
43.734,-1.9,-0.00483516,-46.077
43.736,-1.9,-0.00342491,-46.1131
43.738,-1.9,-0.00282051,-46.0602
43.74,-1.9,-0.00594322,-46.1613
43.742,-1.9,-0.00372711,-45.9476
43.744,-1.9,-0.0043315,-46.1275
43.746,-1.9,-0.00423077,-46.1251
43.748,-1.9,-0.00322344,-46.1107
43.75,-1.9,-0.00362637,-46.2289
43.752,-1.9,-0.00362637,-46.1444
43.754,-1.9,-0.0052381,-46.2628
43.756,-1.9,-0.0046337,-46.1444
43.758,-1.9,-0.0049359,-46.3356
43.76,-1.9,-0.00372711,-46.2604
43.762,-1.9,-0.00423077,-46.3186
43.764,-1.9,-0.00473443,-46.3574
43.766,-1.9,-0.00473443,-46.5014
43.768,-1.9,-0.00382784,-46.4647
43.77,-1.9,-0.00473443,-46.5749
43.772,-1.9,-0.00312271,-46.4989
43.774,-1.9,-0.00161172,-46.6118
43.776,-1.9,-0.00292125,-46.472
43.778,-1.9,-0.00322344,-46.4843
43.78,-1.9,-0.00342491,-46.4647
43.782,-1.9,-0.00322344,-46.4745
43.784,-1.9,-0.00302198,-46.3793
43.786,-1.9,-0.00231685,-46.3429
43.788,-1.9,-0.00251832,-46.338
43.79,-1.9,-0.0040293,-46.3307
43.792,-1.9,-0.00382784,-46.2943
43.794,-1.9,-0.00332418,-46.3113
43.796,-1.9,-0.00473443,-46.3867
43.798,-1.9,-0.00211538,-46.3672
43.8,-1.9,-0.00251832,-46.2579
43.802,-1.9,-0.0049359,-46.287
43.804,-1.9,-0.00271978,-46.3745
43.806,-1.9,-0.00312271,-46.2168
43.808,-1.9,-0.00443223,-46.3234
43.81,-1.9,-0.00282051,-46.3161
43.812,-1.9,-0.00191392,-46.2289
43.814,-1.9,-0.00362637,-46.2434
43.816,-1.9,-0.0046337,-46.3307
43.818,-1.9,-0.00413004,-46.1878
43.82,-1.9,-0.00644689,-46.3307
43.822,-1.9,-0.00483516,-46.338
43.824,-1.9,-0.00312271,-46.2822
43.826,-1.9,-0.00413004,-46.355
43.828,-1.9,-0.00453297,-46.3502
43.83,-1.9,-0.00413004,-46.4305
43.832,-1.9,-0.0043315,-46.3599
43.834,-1.9,-0.00292125,-46.4916
43.836,-1.9,-0.00191392,-46.4672
43.838,-1.9,-0.00322344,-46.3769
43.84,-1.9,-0.00453297,-46.4086
43.842,-1.9,-0.00312271,-46.3623
43.844,-1.9,-0.00342491,-46.3988
43.846,-1.9,-0.00312271,-46.3137
43.848,-1.9,-0.00201465,-46.2991
43.85,-1.9,-0.00342491,-45.9596
43.852,-1.9,-0.00423077,-46.543
43.854,-1.9,-0.00322344,-46.1685
43.856,-1.9,-0.00342491,-46.1348
43.858,-1.9,-0.0043315,-46.0818
43.86,-1.9,-0.00342491,-46.1035
43.862,-1.9,-0.00292125,-46.0338
43.864,-1.9,-0.00423077,-46.041
43.866,-1.9,-0.00231685,-46.0027
43.868,-1.9,-0.00292125,-46.1203
43.87,-1.9,-0.00483516,-46.0938
43.872,-1.9,-0.00312271,-46.0818
43.874,-1.9,-0.00261905,-46.0794
43.876,-1.9,-0.00564103,-45.962
43.878,-1.9,-0.0049359,-46.183
43.88,-1.9,-0.0040293,-46.0578
43.882,-1.9,-0.00483516,-46.0938
43.884,-1.9,-0.00382784,-46.1059
43.886,-1.9,-0.00332418,-46.1179
43.888,-1.9,-0.00614469,-46.154
43.89,-1.9,-0.00413004,-46.1275
43.892,-1.9,-0.00362637,-46.2337
43.894,-1.9,-0.00533883,-46.2555
43.896,-1.9,-0.00382784,-46.4061
43.898,-1.9,-0.00271978,-46.4256
43.9,-1.9,-0.00372711,-46.3964
43.902,-1.9,-0.00443223,-46.4159
43.904,-1.9,-0.00392857,-46.5921
43.906,-1.9,-0.0040293,-46.4549
43.908,-1.9,-0.00282051,-46.5995
43.91,-1.9,-0.00221612,-46.4525
43.912,-1.9,-0.00423077,-46.472
43.914,-1.9,-0.00362637,-46.5357
43.916,-1.9,-0.00312271,-46.433
43.918,-1.9,-0.00322344,-46.4256
43.92,-1.9,-0.00322344,-46.4867
43.922,-1.9,-0.00161172,-46.4061
43.924,-1.9,-0.00231685,-46.2701
43.926,-1.9,-0.00413004,-46.2458
43.928,-1.9,-0.00271978,-46.3307
43.93,-1.9,-0.00332418,-46.3453
43.932,-1.9,-0.00271978,-46.3283
43.934,-1.9,-0.00191392,-46.3623
43.936,-1.9,-0.00201465,-46.2894
43.938,-1.9,-0.0049359,-46.355
43.94,-1.9,-0.00322344,-46.3307
43.942,-1.9,-0.00372711,-46.3356
43.944,-1.9,-0.00473443,-46.3089
43.946,-1.9,-0.00292125,-46.3745
43.948,-1.9,-0.00322344,-46.3867
43.95,-1.9,-0.00423077,-46.1999
43.952,-1.9,-0.0040293,-46.2725
43.954,-1.9,-0.00372711,-46.3574
43.956,-1.9,-0.00554029,-46.3137
43.958,-1.9,-0.00342491,-46.2894
43.96,-1.9,-0.00302198,-46.2507
43.962,-1.9,-0.00443223,-46.287
43.964,-1.9,-0.0049359,-46.3745
43.966,-1.9,-0.00413004,-46.3429
43.968,-1.9,-0.00554029,-46.4965
43.97,-1.9,-0.00312271,-46.4574
43.972,-1.9,-0.00302198,-46.4061
43.974,-1.9,-0.00362637,-46.372
43.976,-1.9,-0.0040293,-46.3647
43.978,-1.9,-0.00332418,-46.5014
43.98,-1.9,-0.00372711,-46.3793
43.982,-1.9,-0.00322344,-46.4305
43.984,-1.9,-0.00171245,-46.2773
43.986,-1.9,-0.00271978,-46.2289
43.988,-1.9,-0.00302198,-46.183
43.99,-1.9,-0.00382784,-46.304
43.992,-1.9,-0.00342491,-46.1059
43.994,-1.9,-0.00302198,-46.1035
43.996,-1.9,-0.00282051,-46.1806
43.998,-1.9,-0.00342491,-46.0242
44,-1.8,-0.00342491,-46.053
44.002,-1.8,0.00664835,-45.8285
44.004,-1.8,0.00423077,-45.4186
44.006,-1.8,0.00151099,-45.2002
44.008,-1.8,0.00241758,-44.913
44.01,-1.8,0.00151099,-44.7175
44.012,-1.8,-0.00151099,-44.3917
44.014,-1.8,-0.00040293,-44.4878
44.016,-1.8,-0.000100733,-44.2716
44.018,-1.8,-0.00191392,-44.1654
44.02,-1.8,-0.000906593,-44.1632
44.022,-1.8,-0.000906593,-44.0619
44.024,-1.8,-0.00271978,-43.9435
44.026,-1.8,-0.00332418,-43.8868
44.028,-1.8,-0.00241758,-43.8846
44.03,-1.8,-0.00322344,-43.828
44.032,-1.8,-0.00332418,-43.8955
44.034,-1.8,-0.00241758,-44.0465
44.036,-1.8,-0.00241758,-43.8912
44.038,-1.8,-0.00483516,-43.8563
44.04,-1.8,-0.00342491,-43.8999
44.042,-1.8,-0.00261905,-43.8563
44.044,-1.8,-0.00372711,-43.9435
44.046,-1.8,-0.00221612,-43.9479
44.048,-1.8,-0.00191392,-43.8345
44.05,-1.8,-0.00251832,-43.8519
44.052,-1.8,-0.00322344,-43.8933
44.054,-1.8,-0.00292125,-43.7846
44.056,-1.8,-0.00362637,-43.8063
44.058,-1.8,-0.00352564,-43.7369
44.06,-1.8,-0.00181319,-43.6505
44.062,-1.8,-0.00271978,-43.6311
44.064,-1.8,-0.0043315,-43.6397
44.066,-1.8,-0.00342491,-43.5708
44.068,-1.8,-0.00322344,-43.6354
44.07,-1.8,-0.00392857,-43.6397
44.072,-1.8,-0.00241758,-43.6246
44.074,-1.8,-0.00181319,-43.685
44.076,-1.8,-0.00332418,-43.5258
44.078,-1.8,-0.00473443,-43.6052
44.08,-1.8,-0.00332418,-43.5
44.082,-1.8,-0.00292125,-43.6807
44.084,-1.8,-0.00423077,-43.6764
44.086,-1.8,-0.00312271,-43.644
44.088,-1.8,-0.00241758,-43.6634
44.09,-1.8,-0.0040293,-43.5193
44.092,-1.8,-0.00382784,-43.6074
44.094,-1.8,-0.00392857,-43.5687
44.096,-1.8,-0.00503663,-43.5794
44.098,-1.8,-0.0046337,-43.5622
44.1,-1.8,-0.00282051,-43.6138
44.102,-1.8,-0.00282051,-43.5665
44.104,-1.8,-0.00564103,-43.5687
44.106,-1.8,-0.00332418,-43.6225
44.108,-1.8,-0.00362637,-43.6505
44.11,-1.8,-0.0043315,-43.6677
44.112,-1.8,-0.00312271,-43.7023
44.114,-1.8,-0.00251832,-43.6311
44.116,-1.8,-0.00392857,-43.6764
44.118,-1.8,-0.00382784,-43.698
44.12,-1.8,-0.00322344,-43.7499
44.122,-1.8,-0.00322344,-43.6268
44.124,-1.8,-0.00251832,-43.5859
44.126,-1.8,-0.00241758,-43.5644
44.128,-1.8,-0.00292125,-43.7716
44.13,-1.8,-0.0043315,-43.3464
44.132,-1.8,-0.00322344,-43.5108
44.134,-1.8,-0.00261905,-43.3273
44.136,-1.8,-0.00423077,-43.2446
44.138,-1.8,-0.00231685,-43.4231
44.14,-1.8,-0.00292125,-43.4338
44.142,-1.8,-0.00221612,-43.3677
44.144,-1.8,-0.00271978,-43.3336
44.146,-1.8,-0.00251832,-43.3336
44.148,-1.8,-0.00312271,-43.3911
44.15,-1.8,-0.00423077,-43.3358
44.152,-1.8,-0.00372711,-43.3315
44.154,-1.8,-0.00241758,-43.3251
44.156,-1.8,-0.00483516,-43.2551
44.158,-1.8,-0.00392857,-43.453
44.16,-1.8,-0.00392857,-43.3698
44.162,-1.8,-0.00392857,-43.3719
44.164,-1.8,-0.00332418,-43.4701
44.166,-1.8,-0.00362637,-43.3485
44.168,-1.8,-0.00423077,-43.389
44.17,-1.8,-0.00533883,-43.3549
44.172,-1.8,-0.00413004,-43.4615
44.174,-1.8,-0.00392857,-43.4423
44.176,-1.8,-0.0046337,-43.5579
44.178,-1.8,-0.00413004,-43.6354
44.18,-1.8,-0.0040293,-43.573
44.182,-1.8,-0.0046337,-43.6526
44.184,-1.8,-0.00352564,-43.7196
44.186,-1.8,-0.00322344,-43.6483
44.188,-1.8,-0.00443223,-43.7023
44.19,-1.8,-0.00332418,-43.7933
44.192,-1.8,-0.00282051,-43.7023
44.194,-1.8,-0.00271978,-43.7391
44.196,-1.8,-0.00342491,-43.7174
44.198,-1.8,-0.00302198,-43.7045
44.2,-1.8,-0.00292125,-43.6526
44.202,-1.8,-0.00282051,-43.7868
44.204,-1.8,-0.00271978,-43.7304
44.206,-1.8,-0.00221612,-43.5622
44.208,-1.8,-0.00271978,-43.515
44.21,-1.8,-0.00302198,-43.5408
44.212,-1.8,-0.00322344,-43.573
44.214,-1.8,-0.0040293,-43.5687
44.216,-1.8,-0.00261905,-43.6074
44.218,-1.8,-0.00201465,-43.5322
44.22,-1.8,-0.00261905,-43.5859
44.222,-1.8,-0.00503663,-43.5945
44.224,-1.8,-0.00392857,-43.5902
44.226,-1.8,-0.00342491,-43.588
44.228,-1.8,-0.00453297,-43.5601
44.23,-1.8,-0.00302198,-43.5515
44.232,-1.8,-0.00342491,-43.4679
44.234,-1.8,-0.00382784,-43.5708
44.236,-1.8,-0.00362637,-43.4508
44.238,-1.8,-0.00392857,-43.5665
44.24,-1.8,-0.00513736,-43.4765
44.242,-1.8,-0.00392857,-43.5601
44.244,-1.8,-0.00342491,-43.5451
44.246,-1.8,-0.00392857,-43.4765
44.248,-1.8,-0.0052381,-43.5215
44.25,-1.8,-0.00352564,-43.5988
44.252,-1.8,-0.00362637,-43.6419
44.254,-1.8,-0.00554029,-43.6742
44.256,-1.8,-0.00332418,-43.6915
44.258,-1.8,-0.00332418,-43.6613
44.26,-1.8,-0.00352564,-43.6375
44.262,-1.8,-0.00322344,-43.6677
44.264,-1.8,-0.00362637,-43.6785
44.266,-1.8,-0.00372711,-43.6483
44.268,-1.8,-0.00322344,-43.6462
44.27,-1.8,-0.00191392,-43.6074
44.272,-1.8,-0.00352564,-43.5923
44.274,-1.8,-0.0040293,-43.3954
44.276,-1.8,-0.00312271,-43.5129
44.278,-1.8,-0.00261905,-43.5515
44.28,-1.8,-0.00413004,-43.4958
44.282,-1.8,-0.00302198,-43.3634
44.284,-1.8,-0.00302198,-43.3528
44.286,-1.8,-0.00332418,-43.3443
44.288,-1.8,-0.00473443,-43.4188
44.29,-1.8,-0.00292125,-43.3954
44.292,-1.8,-0.00271978,-43.3209
44.294,-1.8,-0.00352564,-43.4316
44.296,-1.8,-0.00362637,-43.3932
44.298,-1.8,-0.00231685,-43.3762
44.3,-1.8,-0.00513736,-43.4338
44.302,-1.8,-0.00392857,-43.2234
44.304,-1.8,-0.00332418,-43.4316
44.306,-1.8,-0.00342491,-43.4039
44.308,-1.8,-0.00372711,-43.4508
44.31,-1.8,-0.00251832,-43.438
44.312,-1.8,-0.00382784,-43.3847
44.314,-1.8,-0.00483516,-43.5579
44.316,-1.8,-0.00423077,-43.4039
44.318,-1.8,-0.00443223,-43.5129
44.32,-1.8,-0.00473443,-43.5515
44.322,-1.8,-0.00392857,-43.4146
44.324,-1.8,-0.00322344,-43.6182
44.326,-1.8,-0.00372711,-43.6656
44.328,-1.8,-0.0043315,-43.6958
44.33,-1.8,-0.00372711,-43.8389
44.332,-1.8,-0.00443223,-43.8063
44.334,-1.8,-0.00271978,-43.8302
44.336,-1.8,-0.00241758,-43.8367
44.338,-1.8,-0.00221612,-43.7109
44.34,-1.8,-0.00443223,-43.7196
44.342,-1.8,-0.00312271,-43.7326
44.344,-1.8,-0.00322344,-43.6764
44.346,-1.8,-0.00362637,-43.5988
44.348,-1.8,-0.00302198,-43.6354
44.35,-1.8,-0.00241758,-43.5966
44.352,-1.8,-0.00332418,-43.5365
44.354,-1.8,-0.00372711,-43.5816
44.356,-1.8,-0.00342491,-43.5236
44.358,-1.8,-0.00382784,-43.6117
44.36,-1.8,-0.00322344,-43.6095
44.362,-1.8,-0.00312271,-43.5665
44.364,-1.8,-0.00271978,-43.5579
44.366,-1.8,-0.0046337,-43.5644
44.368,-1.8,-0.00352564,-43.6462
44.37,-1.8,-0.00332418,-43.4829
44.372,-1.8,-0.00483516,-43.5859
44.374,-1.8,-0.00352564,-43.5751
44.376,-1.8,-0.00302198,-43.5687
44.378,-1.8,-0.00382784,-43.4958
44.38,-1.8,-0.00473443,-43.5258
44.382,-1.8,-0.0043315,-43.5022
44.384,-1.8,-0.00413004,-43.5773
44.386,-1.8,-0.00413004,-43.5794
44.388,-1.8,-0.00372711,-43.573
44.39,-1.8,-0.00352564,-43.6505
44.392,-1.8,-0.00554029,-43.6246
44.394,-1.8,-0.00362637,-43.6009
44.396,-1.8,-0.00362637,-43.6397
44.398,-1.8,-0.0043315,-43.7499
44.4,-1.8,-0.00261905,-43.7088
44.402,-1.8,-0.00322344,-43.7109
44.404,-1.8,-0.00362637,-43.7369
44.406,-1.8,-0.00423077,-43.7239
44.408,-1.8,-0.00362637,-43.6785
44.41,-1.8,-0.00392857,-43.6332
44.412,-1.8,-0.00342491,-43.6785
44.414,-1.8,-0.00231685,-43.6117
44.416,-1.8,-0.00211538,-43.2848
44.418,-1.8,-0.00443223,-43.5343
44.42,-1.8,-0.00332418,-43.3485
44.422,-1.8,-0.00302198,-43.4444
44.424,-1.8,-0.00342491,-43.53
44.426,-1.8,-0.00282051,-43.4658
44.428,-1.8,-0.00292125,-43.3315
44.43,-1.8,-0.00322344,-43.2954
44.432,-1.8,-0.00382784,-43.3166
44.434,-1.8,-0.00261905,-43.3911
44.436,-1.8,-0.00282051,-43.323
44.438,-1.8,-0.00372711,-43.3954
44.44,-1.8,-0.00302198,-43.3677
44.442,-1.8,-0.00292125,-43.3358
44.444,-1.8,-0.00533883,-43.3826
44.446,-1.8,-0.00352564,-43.4615
44.448,-1.8,-0.00362637,-43.3294
44.45,-1.8,-0.00423077,-43.4338
44.452,-1.8,-0.00382784,-43.3783
44.454,-1.8,-0.00342491,-43.4167
44.456,-1.8,-0.00372711,-43.4188
44.458,-1.8,-0.0049359,-43.3996
44.46,-1.8,-0.00372711,-43.5859
44.462,-1.8,-0.0040293,-43.5108
44.464,-1.8,-0.00543956,-43.5966
44.466,-1.8,-0.00382784,-43.7153
44.468,-1.8,-0.00322344,-43.6009
44.47,-1.8,-0.0040293,-43.6936
44.472,-1.8,-0.0046337,-43.7088
44.474,-1.8,-0.00302198,-43.7434
44.476,-1.8,-0.00443223,-43.7976
44.478,-1.8,-0.00312271,-43.7781
44.48,-1.8,-0.00292125,-43.7976
44.482,-1.8,-0.00221612,-43.7933
44.484,-1.8,-0.00473443,-43.7607
44.486,-1.8,-0.00342491,-43.7607
44.488,-1.8,-0.00282051,-43.7477
44.49,-1.8,-0.00413004,-43.7088
44.492,-1.8,-0.00221612,-43.6052
44.494,-1.8,-0.00211538,-43.5773
44.496,-1.8,-0.00292125,-43.5902
44.498,-1.8,-0.00362637,-43.5708
44.5,-1.8,-0.0040293,-43.6074
44.502,-1.8,-0.00443223,-43.5558
44.504,-1.8,-0.00443223,-43.6031
44.506,-1.8,-0.00271978,-43.6182
44.508,-1.8,-0.00271978,-43.5172
44.51,-1.8,-0.00382784,-43.4679
44.512,-1.8,-0.00271978,-43.5945
44.514,-1.8,-0.0040293,-43.6505
44.516,-1.8,-0.00322344,-43.6634
44.518,-1.8,-0.00342491,-43.6246
44.52,-1.8,-0.00292125,-43.6375
44.522,-1.8,-0.00413004,-43.4722
44.524,-1.8,-0.0043315,-43.5515
44.526,-1.8,-0.00322344,-43.4487
44.528,-1.8,-0.00574176,-43.5923
44.53,-1.8,-0.00362637,-43.5859
44.532,-1.8,-0.00322344,-43.6117
44.534,-1.8,-0.00382784,-43.5558
44.536,-1.8,-0.0052381,-43.5644
44.538,-1.8,-0.00382784,-43.6182
44.54,-1.8,-0.00372711,-43.644
44.542,-1.8,-0.00392857,-43.7282
44.544,-1.8,-0.00302198,-43.6828
44.546,-1.8,-0.00322344,-43.7326
44.548,-1.8,-0.00352564,-43.6828
44.55,-1.8,-0.00382784,-43.6958
44.552,-1.8,-0.00302198,-43.7477
44.554,-1.8,-0.00362637,-43.6375
44.556,-1.8,-0.00302198,-43.5945
44.558,-1.8,-0.00292125,-43.5408
44.56,-1.8,-0.00271978,-43.2509
44.562,-1.8,-0.0043315,-43.8041
44.564,-1.8,-0.00322344,-43.3103
44.566,-1.8,-0.00292125,-43.4508
44.568,-1.8,-0.00543956,-43.3634
44.57,-1.8,-0.00211538,-43.3975
44.572,-1.8,-0.00271978,-43.2954
44.574,-1.8,-0.00312271,-43.389
44.576,-1.8,-0.00372711,-43.3592
44.578,-1.8,-0.00302198,-43.357
44.58,-1.8,-0.00332418,-43.4146
44.582,-1.8,-0.00382784,-43.3443
44.584,-1.8,-0.00282051,-43.3485
44.586,-1.8,-0.00302198,-43.3379
44.588,-1.8,-0.00503663,-43.4637
44.59,-1.8,-0.00392857,-43.3741
44.592,-1.8,-0.00292125,-43.3379
44.594,-1.8,-0.00413004,-43.3677
44.596,-1.8,-0.00372711,-43.3443
44.598,-1.8,-0.00302198,-43.4508
44.6,-1.8,-0.00362637,-43.4018
44.602,-1.8,-0.00443223,-43.3911
44.604,-1.8,-0.00413004,-43.4551
44.606,-1.8,-0.00443223,-43.4444
44.608,-1.8,-0.00443223,-43.5451
44.61,-1.8,-0.00312271,-43.6311
44.612,-1.8,-0.00372711,-43.6117
44.614,-1.8,-0.00564103,-43.6074
44.616,-1.8,-0.00362637,-43.6764
44.618,-1.8,-0.00382784,-43.6505
44.62,-1.8,-0.0046337,-43.7651
44.622,-1.8,-0.00292125,-43.7846
44.624,-1.8,-0.00241758,-43.6915
44.626,-1.8,-0.00271978,-43.7282
44.628,-1.8,-0.00342491,-43.7672
44.63,-1.8,-0.00342491,-43.685
44.632,-1.8,-0.00312271,-43.6958
44.634,-1.8,-0.00352564,-43.6591
44.636,-1.8,-0.00221612,-43.5966
44.638,-1.8,-0.00221612,-43.5601
44.64,-1.8,-0.0049359,-43.5236
44.642,-1.8,-0.00352564,-43.5429
44.644,-1.8,-0.00423077,-43.5708
44.646,-1.8,-0.00302198,-43.5794
44.648,-1.8,-0.00332418,-43.6031
44.65,-1.8,-0.00241758,-43.6526
44.652,-1.8,-0.00251832,-43.5043
44.654,-1.8,-0.00423077,-43.6031
44.656,-1.8,-0.00342491,-43.4872
44.658,-1.8,-0.00372711,-43.6074
44.66,-1.8,-0.00503663,-43.5816
44.662,-1.8,-0.00292125,-43.5708
44.664,-1.8,-0.00302198,-43.5022
44.666,-1.8,-0.00392857,-43.4915
44.668,-1.8,-0.00413004,-43.5751
44.67,-1.8,-0.00352564,-43.5386
44.672,-1.8,-0.0046337,-43.5644
44.674,-1.8,-0.00392857,-43.5579
44.676,-1.8,-0.00292125,-43.53
44.678,-1.8,-0.00362637,-43.5429
44.68,-1.8,-0.00574176,-43.5365
44.682,-1.8,-0.00443223,-43.6311
44.684,-1.8,-0.00372711,-43.6591
44.686,-1.8,-0.00483516,-43.6742
44.688,-1.8,-0.00372711,-43.7001
44.69,-1.8,-0.00362637,-43.6419
44.692,-1.8,-0.00352564,-43.6915
44.694,-1.8,-0.00312271,-43.6354
44.696,-1.8,-0.00322344,-43.6268
44.698,-1.8,-0.00362637,-43.6634
44.7,-1.8,-0.00241758,-43.6311
44.702,-1.8,-0.00201465,-43.5966
44.704,-1.8,-0.00201465,-43.7694
44.706,-1.8,-0.0043315,-43.3549
44.708,-1.8,-0.00372711,-43.515
44.71,-1.8,-0.00352564,-43.3251
44.712,-1.8,-0.00443223,-43.2424
44.714,-1.8,-0.00332418,-43.4146
44.716,-1.8,-0.00312271,-43.4295
44.718,-1.8,-0.00251832,-43.2827
44.72,-1.8,-0.0040293,-43.3975
44.722,-1.8,-0.00342491,-43.3592
44.724,-1.8,-0.00322344,-43.2975
44.726,-1.8,-0.00352564,-43.4124
44.728,-1.8,-0.00271978,-43.3655
44.73,-1.8,-0.00241758,-43.3762
44.732,-1.8,-0.0043315,-43.421
44.734,-1.8,-0.00312271,-43.4658
44.736,-1.8,-0.00322344,-43.3762
44.738,-1.8,-0.00423077,-43.3783
44.74,-1.8,-0.00362637,-43.4722
44.742,-1.8,-0.00312271,-43.3506
44.744,-1.8,-0.00453297,-43.3954
44.746,-1.8,-0.00533883,-43.3592
44.748,-1.8,-0.00443223,-43.3826
44.75,-1.8,-0.00382784,-43.5065
44.752,-1.8,-0.00413004,-43.5537
44.754,-1.8,-0.00352564,-43.4124
44.756,-1.8,-0.00423077,-43.6182
44.758,-1.8,-0.00453297,-43.6721
44.76,-1.8,-0.00392857,-43.7304
44.762,-1.8,-0.0040293,-43.6677
44.764,-1.8,-0.00423077,-43.6893
44.766,-1.8,-0.00292125,-43.8563
44.768,-1.8,-0.00211538,-43.8345
44.77,-1.8,-0.00271978,-43.7153
44.772,-1.8,-0.00423077,-43.7369
44.774,-1.8,-0.00332418,-43.6958
44.776,-1.8,-0.00271978,-43.6548
44.778,-1.8,-0.00372711,-43.7868
44.78,-1.8,-0.00211538,-43.7282
44.782,-1.8,-0.00181319,-43.6074
44.784,-1.8,-0.00322344,-43.5365
44.786,-1.8,-0.0040293,-43.5988
44.788,-1.8,-0.00292125,-43.53
44.79,-1.8,-0.00453297,-43.6289
44.792,-1.8,-0.00342491,-43.6225
44.794,-1.8,-0.00261905,-43.5579
44.796,-1.8,-0.00261905,-43.5988
44.798,-1.8,-0.00473443,-43.6031
44.8,-1.8,-0.00352564,-43.6095
44.802,-1.8,-0.00352564,-43.4808
44.804,-1.8,-0.0046337,-43.5816
44.806,-1.8,-0.00322344,-43.5773
44.808,-1.8,-0.00282051,-43.5665
44.81,-1.8,-0.00392857,-43.4979
44.812,-1.8,-0.00473443,-43.4786
44.814,-1.8,-0.0046337,-43.5945
44.816,-1.8,-0.00392857,-43.5172
44.818,-1.8,-0.0040293,-43.5966
44.82,-1.8,-0.00392857,-43.5751
44.822,-1.8,-0.00352564,-43.515
44.824,-1.8,-0.00533883,-43.6289
44.826,-1.8,-0.00413004,-43.616
44.828,-1.8,-0.00352564,-43.6526
44.83,-1.8,-0.00443223,-43.6936
44.832,-1.8,-0.00322344,-43.7131
44.834,-1.8,-0.00261905,-43.6785
44.836,-1.8,-0.00342491,-43.6505
44.838,-1.8,-0.00362637,-43.6872
44.84,-1.8,-0.00292125,-43.6893
44.842,-1.8,-0.00261905,-43.6526
44.844,-1.8,-0.00352564,-43.7066
44.846,-1.8,-0.00302198,-43.6397
44.848,-1.8,-0.00292125,-43.6203
44.85,-1.8,-0.00392857,-43.4231
44.852,-1.8,-0.00282051,-43.5365
44.854,-1.8,-0.00342491,-43.573
44.856,-1.8,-0.00292125,-43.5129
44.858,-1.8,-0.00241758,-43.3911
44.86,-1.8,-0.00241758,-43.3698
44.862,-1.8,-0.00312271,-43.3762
44.864,-1.8,-0.00392857,-43.3464
44.866,-1.8,-0.00241758,-43.4167
44.868,-1.8,-0.00302198,-43.3549
44.87,-1.8,-0.00423077,-43.4082
44.872,-1.8,-0.00292125,-43.3975
44.874,-1.8,-0.00322344,-43.389
44.876,-1.8,-0.00543956,-43.4359
44.878,-1.8,-0.00362637,-43.2213
44.88,-1.8,-0.00362637,-43.4487
44.882,-1.8,-0.0043315,-43.4082
44.884,-1.8,-0.00423077,-43.438
44.886,-1.8,-0.00322344,-43.4316
44.888,-1.8,-0.00413004,-43.3868
44.89,-1.8,-0.00453297,-43.5515
44.892,-1.8,-0.00342491,-43.5687
44.894,-1.8,-0.00413004,-43.5022
44.896,-1.8,-0.00443223,-43.5794
44.898,-1.8,-0.0040293,-43.6893
44.9,-1.8,-0.00302198,-43.6311
44.902,-1.8,-0.00483516,-43.6785
44.904,-1.8,-0.00423077,-43.7218
44.906,-1.8,-0.00362637,-43.8476
44.908,-1.8,-0.0043315,-43.8237
44.91,-1.8,-0.00231685,-43.7521
44.912,-1.8,-0.00282051,-43.7716
44.914,-1.8,-0.00241758,-43.7716
44.916,-1.8,-0.00392857,-43.7391
44.918,-1.8,-0.00322344,-43.7434
44.92,-1.8,-0.00251832,-43.7045
44.922,-1.8,-0.00322344,-43.6203
44.924,-1.8,-0.00241758,-43.6548
44.926,-1.8,-0.00241758,-43.5794
44.928,-1.8,-0.00342491,-43.5816
44.93,-1.8,-0.00332418,-43.5708
44.932,-1.8,-0.00271978,-43.5322
44.934,-1.8,-0.00382784,-43.6225
44.936,-1.8,-0.00302198,-43.6138
44.938,-1.8,-0.00201465,-43.5601
44.94,-1.8,-0.00221612,-43.5537
44.942,-1.8,-0.00392857,-43.5515
44.944,-1.8,-0.00362637,-43.6375
44.946,-1.8,-0.00352564,-43.6095
44.948,-1.8,-0.00503663,-43.5687
44.95,-1.8,-0.00302198,-43.6548
44.952,-1.8,-0.00251832,-43.5515
44.954,-1.8,-0.00382784,-43.4958
44.956,-1.8,-0.00473443,-43.5258
44.958,-1.8,-0.00362637,-43.5
44.96,-1.8,-0.00423077,-43.5859
44.962,-1.8,-0.0040293,-43.5816
44.964,-1.8,-0.00332418,-43.5794
44.966,-1.8,-0.00322344,-43.6634
44.968,-1.8,-0.00644689,-43.4765
44.97,-1.8,-0.0049359,-43.6225
44.972,-1.8,-0.00352564,-43.6268
44.974,-1.8,-0.00413004,-43.7304
44.976,-1.8,-0.00423077,-43.6807
44.978,-1.8,-0.00261905,-43.6807
44.98,-1.8,-0.00342491,-43.7045
44.982,-1.8,-0.00352564,-43.6958
44.984,-1.8,-0.00282051,-43.685
44.986,-1.8,-0.00292125,-43.6225
44.988,-1.8,-0.00392857,-43.6225
44.99,-1.8,-0.00282051,-43.5558
44.992,-1.8,-0.00332418,-43.2319
44.994,-1.8,-0.00362637,-43.4872
44.996,-1.8,-0.00352564,-43.2763
44.998,-1.8,-0.00332418,-43.3868
45,-1.7,-0.00362637,-43.4594
45.002,-1.7,0.00453297,-43.1769
45.004,-1.7,0.00443223,-42.7177
45.006,-1.7,0.00292125,-42.4
45.008,-1.7,0.000201465,-42.2096
45.01,-1.7,0.000705128,-41.975
45.012,-1.7,0.000604396,-41.8477
45.014,-1.7,-0.000705128,-41.7804
45.016,-1.7,0.000201465,-41.5584
45.018,-1.7,-0.000100733,-41.4298
45.02,-1.7,-0.000503663,-41.3677
45.022,-1.7,-0.00130952,-41.3445
45.024,-1.7,-0.00201465,-41.1385
45.026,-1.7,-0.00171245,-41.1481
45.028,-1.7,-0.00312271,-41.0582
45.03,-1.7,-0.00221612,-40.9801
45.032,-1.7,-0.00231685,-41.0258
45.034,-1.7,-0.00271978,-40.9118
45.036,-1.7,-0.00352564,-40.8494
45.038,-1.7,-0.00312271,-40.8211
45.04,-1.7,-0.00342491,-40.8967
45.042,-1.7,-0.00453297,-40.9308
45.044,-1.7,-0.00292125,-41.0068
45.046,-1.7,-0.00342491,-40.9954
45.048,-1.7,-0.00241758,-40.8986
45.05,-1.7,-0.0040293,-41.0201
45.052,-1.7,-0.00282051,-41.0163
45.054,-1.7,-0.00292125,-40.946
45.056,-1.7,-0.00372711,-41.0659
45.058,-1.7,-0.00241758,-40.927
45.06,-1.7,-0.00231685,-40.9099
45.062,-1.7,-0.00292125,-40.9327
45.064,-1.7,-0.00312271,-40.9099
45.066,-1.7,-0.00312271,-40.874
45.068,-1.7,-0.00302198,-40.823
45.07,-1.7,-0.00332418,-40.7721
45.072,-1.7,-0.00302198,-40.791
45.074,-1.7,-0.00271978,-40.7083
45.076,-1.7,-0.00271978,-40.697
45.078,-1.7,-0.00372711,-40.7308
45.08,-1.7,-0.00322344,-40.7083
45.082,-1.7,-0.00352564,-40.6895
45.084,-1.7,-0.00382784,-40.7327
45.086,-1.7,-0.00151099,-40.6914
45.088,-1.7,-0.00231685,-40.727
45.09,-1.7,-0.00251832,-40.6764
45.092,-1.7,-0.00443223,-40.7176
45.094,-1.7,-0.00302198,-40.6072
45.096,-1.7,-0.00292125,-40.6989
45.098,-1.7,-0.00362637,-40.682
45.1,-1.7,-0.00271978,-40.6652
45.102,-1.7,-0.00322344,-40.6483
45.104,-1.7,-0.00302198,-40.5923
45.106,-1.7,-0.0046337,-40.6783
45.108,-1.7,-0.0040293,-40.6016
45.11,-1.7,-0.00413004,-40.611
45.112,-1.7,-0.0043315,-40.6147
45.114,-1.7,-0.00362637,-40.6521
45.116,-1.7,-0.00302198,-40.6446
45.118,-1.7,-0.00352564,-40.6035
45.12,-1.7,-0.00503663,-40.639
45.122,-1.7,-0.00382784,-40.6933
45.124,-1.7,-0.00362637,-40.7364
45.126,-1.7,-0.00503663,-40.7684
45.128,-1.7,-0.00342491,-40.7797
45.13,-1.7,-0.00322344,-40.8004
45.132,-1.7,-0.00302198,-40.8324
45.134,-1.7,-0.00392857,-40.8305
45.136,-1.7,-0.00342491,-40.7797
45.138,-1.7,-0.00372711,-40.8192
45.14,-1.7,-0.00423077,-40.7195
45.142,-1.7,-0.00241758,-40.7233
45.144,-1.7,-0.00241758,-40.6296
45.146,-1.7,-0.00282051,-40.379
45.148,-1.7,-0.00362637,-40.8986
45.15,-1.7,-0.00352564,-40.4381
45.152,-1.7,-0.00261905,-40.4585
45.154,-1.7,-0.00382784,-40.3901
45.156,-1.7,-0.00322344,-40.5364
45.158,-1.7,-0.00302198,-40.4603
45.16,-1.7,-0.00241758,-40.464
45.162,-1.7,-0.00392857,-40.4585
45.164,-1.7,-0.00342491,-40.427
45.166,-1.7,-0.00302198,-40.5253
45.168,-1.7,-0.00413004,-40.5346
45.17,-1.7,-0.00211538,-40.4566
45.172,-1.7,-0.00282051,-40.5049
45.174,-1.7,-0.00332418,-40.5011
45.176,-1.7,-0.0046337,-40.5923
45.178,-1.7,-0.00322344,-40.5011
45.18,-1.7,-0.00342491,-40.4529
45.182,-1.7,-0.00392857,-40.4937
45.184,-1.7,-0.00342491,-40.5793
45.186,-1.7,-0.00382784,-40.4752
45.188,-1.7,-0.00382784,-40.4937
45.19,-1.7,-0.0052381,-40.6596
45.192,-1.7,-0.00423077,-40.5625
45.194,-1.7,-0.00342491,-40.6184
45.196,-1.7,-0.00503663,-40.6502
45.198,-1.7,-0.00392857,-40.6353
45.2,-1.7,-0.00332418,-40.6951
45.202,-1.7,-0.00372711,-40.7759
45.204,-1.7,-0.0040293,-40.8287
45.206,-1.7,-0.00382784,-40.8117
45.208,-1.7,-0.00312271,-40.806
45.21,-1.7,-0.00362637,-40.9043
45.212,-1.7,-0.00271978,-40.9213
45.214,-1.7,-0.00261905,-40.946
45.216,-1.7,-0.00352564,-40.8513
45.218,-1.7,-0.00413004,-40.857
45.22,-1.7,-0.00342491,-40.8494
45.222,-1.7,-0.00271978,-40.8381
45.224,-1.7,-0.00372711,-40.806
45.226,-1.7,-0.00312271,-40.7947
45.228,-1.7,-0.00191392,-40.7008
45.23,-1.7,-0.00271978,-40.6577
45.232,-1.7,-0.00392857,-40.712
45.234,-1.7,-0.00271978,-40.7364
45.236,-1.7,-0.00332418,-40.6689
45.238,-1.7,-0.00392857,-40.7195
45.24,-1.7,-0.00241758,-40.727
45.242,-1.7,-0.00241758,-40.682
45.244,-1.7,-0.00271978,-40.7345
45.246,-1.7,-0.00453297,-40.7514
45.248,-1.7,-0.00382784,-40.7721
45.25,-1.7,-0.0040293,-40.7552
45.252,-1.7,-0.0040293,-40.7176
45.254,-1.7,-0.00372711,-40.6614
45.256,-1.7,-0.00302198,-40.6652
45.258,-1.7,-0.00362637,-40.6371
45.26,-1.7,-0.00503663,-40.6858
45.262,-1.7,-0.0043315,-40.6596
45.264,-1.7,-0.00372711,-40.5923
45.266,-1.7,-0.00533883,-40.7064
45.268,-1.7,-0.00362637,-40.7101
45.27,-1.7,-0.00282051,-40.6596
45.272,-1.7,-0.00362637,-40.6558
45.274,-1.7,-0.00574176,-40.6558
45.276,-1.7,-0.0040293,-40.7233
45.278,-1.7,-0.0040293,-40.7552
45.28,-1.7,-0.0040293,-40.727
45.282,-1.7,-0.00372711,-40.8287
45.284,-1.7,-0.00261905,-40.8211
45.286,-1.7,-0.00282051,-40.7759
45.288,-1.7,-0.0049359,-40.8324
45.29,-1.7,-0.00372711,-40.774
45.292,-1.7,-0.00292125,-40.7627
45.294,-1.7,-0.00382784,-40.7703
45.296,-1.7,-0.00292125,-40.8041
45.298,-1.7,-0.00211538,-40.7026
45.3,-1.7,-0.00282051,-40.8891
45.302,-1.7,-0.00362637,-40.5067
45.304,-1.7,-0.00271978,-40.6353
45.306,-1.7,-0.00261905,-40.6764
45.308,-1.7,-0.00362637,-40.6539
45.31,-1.7,-0.00362637,-40.6091
45.312,-1.7,-0.00241758,-40.4715
45.314,-1.7,-0.00322344,-40.5011
45.316,-1.7,-0.00352564,-40.5123
45.318,-1.7,-0.00302198,-40.5644
45.32,-1.7,-0.00251832,-40.4882
45.322,-1.7,-0.00332418,-40.5086
45.324,-1.7,-0.00282051,-40.5364
45.326,-1.7,-0.00322344,-40.5495
45.328,-1.7,-0.00352564,-40.4937
45.33,-1.7,-0.00352564,-40.4215
45.332,-1.7,-0.00261905,-40.6128
45.334,-1.7,-0.00362637,-40.5662
45.336,-1.7,-0.00392857,-40.5216
45.338,-1.7,-0.00292125,-40.5011
45.34,-1.7,-0.00342491,-40.5309
45.342,-1.7,-0.00352564,-40.5234
45.344,-1.7,-0.00473443,-40.5104
45.346,-1.7,-0.00443223,-40.5662
45.348,-1.7,-0.00382784,-40.5141
45.35,-1.7,-0.00483516,-40.682
45.352,-1.7,-0.00413004,-40.682
45.354,-1.7,-0.00392857,-40.8551
45.356,-1.7,-0.00352564,-40.7533
45.358,-1.7,-0.00503663,-40.7684
45.36,-1.7,-0.0040293,-40.8645
45.362,-1.7,-0.00413004,-40.7985
45.364,-1.7,-0.00372711,-40.8494
45.366,-1.7,-0.00322344,-40.8683
45.368,-1.7,-0.00221612,-40.8929
45.37,-1.7,-0.00332418,-40.891
45.372,-1.7,-0.00413004,-40.874
45.374,-1.7,-0.00261905,-40.8721
45.376,-1.7,-0.00251832,-40.7684
45.378,-1.7,-0.0040293,-40.7665
45.38,-1.7,-0.00312271,-40.84
45.382,-1.7,-0.00241758,-40.6933
45.384,-1.7,-0.00271978,-40.6839
45.386,-1.7,-0.00473443,-40.7026
45.388,-1.7,-0.00382784,-40.6446
45.39,-1.7,-0.00322344,-40.6614
45.392,-1.7,-0.00352564,-40.6652
45.394,-1.7,-0.00292125,-40.6951
45.396,-1.7,-0.00191392,-40.6558
45.398,-1.7,-0.00271978,-40.6427
45.4,-1.7,-0.00413004,-40.6539
45.402,-1.7,-0.00322344,-40.5457
45.404,-1.7,-0.00382784,-40.5867
45.406,-1.7,-0.0043315,-40.6222
45.408,-1.7,-0.00382784,-40.6521
45.41,-1.7,-0.00261905,-40.6166
45.412,-1.7,-0.00322344,-40.5755
45.414,-1.7,-0.00382784,-40.5811
45.416,-1.7,-0.0049359,-40.6633
45.418,-1.7,-0.00443223,-40.6315
45.42,-1.7,-0.00423077,-40.5942
45.422,-1.7,-0.0046337,-40.6727
45.424,-1.7,-0.00332418,-40.6577
45.426,-1.7,-0.00392857,-40.7421
45.428,-1.7,-0.00554029,-40.5774
45.43,-1.7,-0.00352564,-40.6802
45.432,-1.7,-0.00392857,-40.7458
45.434,-1.7,-0.00352564,-40.7176
45.436,-1.7,-0.00332418,-40.7947
45.438,-1.7,-0.00211538,-40.8155
45.44,-1.7,-0.00342491,-40.7552
45.442,-1.7,-0.00362637,-40.7947
45.444,-1.7,-0.00352564,-40.8023
45.446,-1.7,-0.00352564,-40.8475
45.448,-1.7,-0.00483516,-40.7458
45.45,-1.7,-0.00271978,-40.7421
45.452,-1.7,-0.00322344,-40.7026
45.454,-1.7,-0.00292125,-40.4178
45.456,-1.7,-0.0046337,-40.6446
45.458,-1.7,-0.00342491,-40.6839
45.46,-1.7,-0.00352564,-40.4215
45.462,-1.7,-0.00312271,-40.4215
45.464,-1.7,-0.00362637,-40.4826
45.466,-1.7,-0.00292125,-40.5011
45.468,-1.7,-0.00322344,-40.4511
45.47,-1.7,-0.00292125,-40.4326
45.472,-1.7,-0.00362637,-40.4733
45.474,-1.7,-0.00302198,-40.4696
45.476,-1.7,-0.00251832,-40.542
45.478,-1.7,-0.00292125,-40.5625
45.48,-1.7,-0.00211538,-40.5104
45.482,-1.7,-0.00251832,-40.5104
45.484,-1.7,-0.00413004,-40.5234
45.486,-1.7,-0.00302198,-40.5793
45.488,-1.7,-0.00282051,-40.5234
45.49,-1.7,-0.00332418,-40.44
45.492,-1.7,-0.0046337,-40.5309
45.494,-1.7,-0.00342491,-40.5774
45.496,-1.7,-0.00372711,-40.4455
45.498,-1.7,-0.00543956,-40.5141
45.5,-1.7,-0.00453297,-40.6259
45.502,-1.7,-0.00332418,-40.6596
45.504,-1.7,-0.00312271,-40.5737
45.506,-1.7,-0.00483516,-40.6783
45.508,-1.7,-0.00342491,-40.7421
45.51,-1.7,-0.00423077,-40.7308
45.512,-1.7,-0.00352564,-40.7778
45.514,-1.7,-0.0040293,-40.7703
45.516,-1.7,-0.00352564,-40.8136
45.518,-1.7,-0.00382784,-40.8645
45.52,-1.7,-0.00312271,-40.9156
45.522,-1.7,-0.00231685,-40.946
45.524,-1.7,-0.00261905,-40.8438
45.526,-1.7,-0.00382784,-40.8759
45.528,-1.7,-0.0043315,-40.8513
45.53,-1.7,-0.00282051,-40.8004
45.532,-1.7,-0.00453297,-40.8305
45.534,-1.7,-0.00312271,-40.7778
45.536,-1.7,-0.00191392,-40.7139
45.538,-1.7,-0.00261905,-40.727
45.54,-1.7,-0.00342491,-40.6708
45.542,-1.7,-0.00372711,-40.7233
45.544,-1.7,-0.00322344,-40.727
45.546,-1.7,-0.00312271,-40.6745
45.548,-1.7,-0.00292125,-40.7608
45.55,-1.7,-0.00211538,-40.7308
45.552,-1.7,-0.00251832,-40.727
45.554,-1.7,-0.00352564,-40.7327
45.556,-1.7,-0.00372711,-40.8079
45.558,-1.7,-0.00322344,-40.7214
45.56,-1.7,-0.0040293,-40.7891
45.562,-1.7,-0.00352564,-40.7947
45.564,-1.7,-0.00312271,-40.7045
45.566,-1.7,-0.00362637,-40.6184
45.568,-1.7,-0.00443223,-40.7289
45.57,-1.7,-0.0049359,-40.6427
45.572,-1.7,-0.00413004,-40.6203
45.574,-1.7,-0.00453297,-40.697
45.576,-1.7,-0.00322344,-40.7045
45.578,-1.7,-0.00352564,-40.7158
45.58,-1.7,-0.00282051,-40.6427
45.582,-1.7,-0.00322344,-40.7158
45.584,-1.7,-0.00443223,-40.6895
45.586,-1.7,-0.00382784,-40.7665
45.588,-1.7,-0.00372711,-40.7684
45.59,-1.7,-0.00362637,-40.8626
45.592,-1.7,-0.00231685,-40.8249
45.594,-1.7,-0.00261905,-40.7627
45.596,-1.7,-0.00362637,-40.8173
45.598,-1.7,-0.00342491,-40.8004
45.6,-1.7,-0.00352564,-40.8041
45.602,-1.7,-0.00352564,-40.7703
45.604,-1.7,-0.00332418,-40.7947
45.606,-1.7,-0.00302198,-40.7064
45.608,-1.7,-0.00241758,-40.8023
45.61,-1.7,-0.00362637,-40.6596
45.612,-1.7,-0.00302198,-40.4511
45.614,-1.7,-0.00292125,-40.5867
45.616,-1.7,-0.00271978,-40.5644
45.618,-1.7,-0.00322344,-40.6951
45.62,-1.7,-0.00261905,-40.5402
45.622,-1.7,-0.00261905,-40.4289
45.624,-1.7,-0.00322344,-40.4381
45.626,-1.7,-0.00362637,-40.5495
45.628,-1.7,-0.00322344,-40.5197
45.63,-1.7,-0.00221612,-40.4678
45.632,-1.7,-0.00372711,-40.542
45.634,-1.7,-0.00201465,-40.5774
45.636,-1.7,-0.00221612,-40.5457
45.638,-1.7,-0.00322344,-40.4789
45.64,-1.7,-0.00382784,-40.3127
45.642,-1.7,-0.00362637,-40.5364
45.644,-1.7,-0.00332418,-40.5588
45.646,-1.7,-0.0052381,-40.5327
45.648,-1.7,-0.00352564,-40.5457
45.65,-1.7,-0.00312271,-40.6278
45.652,-1.7,-0.00382784,-40.5793
45.654,-1.7,-0.0043315,-40.5327
45.656,-1.7,-0.00362637,-40.5532
45.658,-1.7,-0.00372711,-40.6614
45.66,-1.7,-0.00443223,-40.727
45.662,-1.7,-0.00282051,-40.823
45.664,-1.7,-0.00302198,-40.7214
45.666,-1.7,-0.00352564,-40.7571
45.668,-1.7,-0.0040293,-40.8834
45.67,-1.7,-0.00372711,-40.84
45.672,-1.7,-0.00372711,-40.8551
45.674,-1.7,-0.00382784,-40.9858
45.676,-1.7,-0.00292125,-40.9592
45.678,-1.7,-0.00261905,-40.8513
45.68,-1.7,-0.00322344,-40.8778
45.682,-1.7,-0.00302198,-40.9232
45.684,-1.7,-0.00322344,-40.8419
45.686,-1.7,-0.00271978,-40.7928
45.688,-1.7,-0.00312271,-40.9194
45.69,-1.7,-0.00251832,-40.7778
45.692,-1.7,-0.00171245,-40.7008
45.694,-1.7,-0.00201465,-40.6933
45.696,-1.7,-0.00312271,-40.7383
45.698,-1.7,-0.00312271,-40.7158
45.7,-1.7,-0.00332418,-40.6951
45.702,-1.7,-0.00413004,-40.7458
45.704,-1.7,-0.00211538,-40.7101
45.706,-1.7,-0.00302198,-40.7364
45.708,-1.7,-0.00282051,-40.697
45.71,-1.7,-0.00443223,-40.6147
45.712,-1.7,-0.00312271,-40.6203
45.714,-1.7,-0.00292125,-40.7289
45.716,-1.7,-0.00453297,-40.7214
45.718,-1.7,-0.00282051,-40.712
45.72,-1.7,-0.00282051,-40.682
45.722,-1.7,-0.00362637,-40.639
45.724,-1.7,-0.00413004,-40.7252
45.726,-1.7,-0.00392857,-40.7289
45.728,-1.7,-0.00392857,-40.6633
45.73,-1.7,-0.0049359,-40.6689
45.732,-1.7,-0.00362637,-40.6858
45.734,-1.7,-0.00352564,-40.7026
45.736,-1.7,-0.00362637,-40.6558
45.738,-1.7,-0.00594322,-40.6989
45.74,-1.7,-0.00302198,-40.7477
45.742,-1.7,-0.00392857,-40.7703
45.744,-1.7,-0.0049359,-40.8117
45.746,-1.7,-0.00292125,-40.8343
45.748,-1.7,-0.00312271,-40.7928
45.75,-1.7,-0.00302198,-40.8702
45.752,-1.7,-0.00423077,-40.8626
45.754,-1.7,-0.00312271,-40.8626
45.756,-1.7,-0.00322344,-40.8551
45.758,-1.7,-0.00332418,-40.759
45.76,-1.7,-0.00261905,-40.7684
45.762,-1.7,-0.00292125,-40.6633
45.764,-1.7,-0.00241758,-40.6409
45.766,-1.7,-0.0040293,-40.9346
45.768,-1.7,-0.00251832,-40.4715
45.77,-1.7,-0.00241758,-40.5849
45.772,-1.7,-0.00382784,-40.4141
45.774,-1.7,-0.00231685,-40.5737
45.776,-1.7,-0.00251832,-40.4863
45.778,-1.7,-0.00332418,-40.4844
45.78,-1.7,-0.00312271,-40.4437
45.782,-1.7,-0.00292125,-40.4215
45.784,-1.7,-0.00352564,-40.5234
45.786,-1.7,-0.0049359,-40.5327
45.788,-1.7,-0.00382784,-40.4566
45.79,-1.7,-0.00282051,-40.4474
45.792,-1.7,-0.00302198,-40.4974
45.794,-1.7,-0.00362637,-40.5457
45.796,-1.7,-0.00292125,-40.4733
45.798,-1.7,-0.00271978,-40.4326
45.8,-1.7,-0.00372711,-40.4696
45.802,-1.7,-0.0040293,-40.5569
45.804,-1.7,-0.00332418,-40.4474
45.806,-1.7,-0.00443223,-40.4659
45.808,-1.7,-0.00483516,-40.6184
45.81,-1.7,-0.00362637,-40.6334
45.812,-1.7,-0.0046337,-40.5606
45.814,-1.7,-0.00564103,-40.611
45.816,-1.7,-0.0046337,-40.5905
45.818,-1.7,-0.00332418,-40.6521
45.82,-1.7,-0.0046337,-40.6933
45.822,-1.7,-0.0040293,-40.8004
45.824,-1.7,-0.00382784,-40.7872
45.826,-1.7,-0.00382784,-40.9175
45.828,-1.7,-0.00372711,-40.8721
45.83,-1.7,-0.00312271,-40.8967
45.832,-1.7,-0.00292125,-40.8305
45.834,-1.7,-0.00312271,-40.8305
45.836,-1.7,-0.00332418,-40.8343
45.838,-1.7,-0.00322344,-40.8324
45.84,-1.7,-0.00392857,-40.8305
45.842,-1.7,-0.0040293,-40.7928
45.844,-1.7,-0.00271978,-40.6895
45.846,-1.7,-0.00251832,-40.6764
45.848,-1.7,-0.00251832,-40.6334
45.85,-1.7,-0.00382784,-40.6839
45.852,-1.7,-0.00332418,-40.7064
45.854,-1.7,-0.00322344,-40.6465
45.856,-1.7,-0.00392857,-40.6858
45.858,-1.7,-0.00241758,-40.7008
45.86,-1.7,-0.00201465,-40.7552
45.862,-1.7,-0.00271978,-40.7008
45.864,-1.7,-0.00483516,-40.7139
45.866,-1.7,-0.00362637,-40.7421
45.868,-1.7,-0.00352564,-40.7101
45.87,-1.7,-0.0040293,-40.6764
45.872,-1.7,-0.00332418,-40.6296
45.874,-1.7,-0.00251832,-40.624
45.876,-1.7,-0.00382784,-40.6933
45.878,-1.7,-0.00513736,-40.6521
45.88,-1.7,-0.00423077,-40.6072
45.882,-1.7,-0.00382784,-40.5495
45.884,-1.7,-0.00554029,-40.667
45.886,-1.7,-0.0040293,-40.6839
45.888,-1.7,-0.00362637,-40.611
45.89,-1.7,-0.00382784,-40.6222
45.892,-1.7,-0.00543956,-40.6371
45.894,-1.7,-0.00413004,-40.6858
45.896,-1.7,-0.00423077,-40.7383
45.898,-1.7,-0.00513736,-40.6914
45.9,-1.7,-0.00362637,-40.7966
45.902,-1.7,-0.00342491,-40.7778
45.904,-1.7,-0.00342491,-40.7308
45.906,-1.7,-0.0040293,-40.791
45.908,-1.7,-0.00292125,-40.727
45.91,-1.7,-0.00292125,-40.7064
45.912,-1.7,-0.0043315,-40.7158
45.914,-1.7,-0.00362637,-40.7439
45.916,-1.7,-0.00261905,-40.6353
45.918,-1.7,-0.00332418,-40.8249
45.92,-1.7,-0.00423077,-40.4696
45.922,-1.7,-0.00332418,-40.5699
45.924,-1.7,-0.00312271,-40.6035
45.926,-1.7,-0.00443223,-40.5755
45.928,-1.7,-0.00322344,-40.5439
45.93,-1.7,-0.00261905,-40.5253
45.932,-1.7,-0.00251832,-40.4233
45.934,-1.7,-0.00483516,-40.4418
45.936,-1.7,-0.00322344,-40.4974
45.938,-1.7,-0.00241758,-40.4233
45.94,-1.7,-0.00332418,-40.4326
45.942,-1.7,-0.00372711,-40.4826
45.944,-1.7,-0.00261905,-40.5049
45.946,-1.7,-0.00241758,-40.4418
45.948,-1.7,-0.0049359,-40.3808
45.95,-1.7,-0.00342491,-40.3237
45.952,-1.7,-0.00342491,-40.5272
45.954,-1.7,-0.00453297,-40.4937
45.956,-1.7,-0.0043315,-40.4733
45.958,-1.7,-0.00372711,-40.5049
45.96,-1.7,-0.00423077,-40.529
45.962,-1.7,-0.00564103,-40.4937
45.964,-1.7,-0.00392857,-40.5644
45.966,-1.7,-0.00392857,-40.4956
45.968,-1.7,-0.00473443,-40.6614
45.97,-1.7,-0.00513736,-40.7195
45.972,-1.7,-0.00332418,-40.8343
45.974,-1.7,-0.00312271,-40.727
45.976,-1.7,-0.0046337,-40.7778
45.978,-1.7,-0.00362637,-40.84
45.98,-1.7,-0.00332418,-40.7721
45.982,-1.7,-0.00332418,-40.908
45.984,-1.7,-0.00322344,-40.8456
45.986,-1.7,-0.00231685,-40.8645
45.988,-1.7,-0.00271978,-40.8532
45.99,-1.7,-0.0043315,-40.8438
45.992,-1.7,-0.00352564,-40.84
45.994,-1.7,-0.00352564,-40.8683
45.996,-1.7,-0.00322344,-40.7571
45.998,-1.7,-0.00322344,-40.8343
46,-1.6,-0.00292125,-40.6989
46.002,-1.6,0.00483516,-40.4678
46.004,-1.6,0.00241758,-40.1478
46.006,-1.6,0.00181319,-39.903
46.008,-1.6,0.00231685,-39.6773
46.01,-1.6,0.00151099,-39.5441
46.012,-1.6,0.000906593,-39.3433
46.014,-1.6,0.000604396,-39.202
46.016,-1.6,0.000906593,-39.0478
46.018,-1.6,0,-38.9256
46.02,-1.6,-0.000705128,-38.876
46.022,-1.6,-0.000302198,-38.7006
46.024,-1.6,-0.00141026,-38.6042
46.026,-1.6,-0.00251832,-38.4999
46.028,-1.6,-0.00221612,-38.4246
46.03,-1.6,-0.00141026,-38.3745
46.032,-1.6,-0.00161172,-38.3046
46.034,-1.6,-0.0040293,-38.1854
46.036,-1.6,-0.00312271,-38.1311
46.038,-1.6,-0.00271978,-38.0277
46.04,-1.6,-0.00382784,-38.0883
46.042,-1.6,-0.00332418,-38.0818
46.044,-1.6,-0.00312271,-38.0211
46.046,-1.6,-0.00292125,-38.0736
46.048,-1.6,-0.00362637,-37.9705
46.05,-1.6,-0.00392857,-37.9623
46.052,-1.6,-0.00302198,-38.026
46.054,-1.6,-0.00382784,-38.0179
46.056,-1.6,-0.00473443,-38.0309
46.058,-1.6,-0.00261905,-38.0539
46.06,-1.6,-0.00191392,-38.0555
46.062,-1.6,-0.00261905,-37.9656
46.064,-1.6,-0.0043315,-38.049
46.066,-1.6,-0.00302198,-37.9786
46.068,-1.6,-0.00443223,-37.9542
46.07,-1.6,-0.00292125,-37.9574
46.072,-1.6,-0.00221612,-37.9362
46.074,-1.6,-0.00231685,-37.9021
46.076,-1.6,-0.00322344,-37.6165
46.078,-1.6,-0.00362637,-37.7386
46.08,-1.6,-0.00312271,-37.6068
46.082,-1.6,-0.00271978,-37.7369
46.084,-1.6,-0.00292125,-37.716
46.086,-1.6,-0.00443223,-37.5685
46.088,-1.6,-0.00282051,-37.6357
46.09,-1.6,-0.00241758,-37.6309
46.092,-1.6,-0.00221612,-37.5893
46.094,-1.6,-0.00362637,-37.6373
46.096,-1.6,-0.00302198,-37.6999
46.098,-1.6,-0.00282051,-37.6453
46.1,-1.6,-0.00342491,-37.6951
46.102,-1.6,-0.00312271,-37.716
46.104,-1.6,-0.00312271,-37.6646
46.106,-1.6,-0.00312271,-37.6229
46.108,-1.6,-0.00322344,-37.6068
46.11,-1.6,-0.00352564,-37.4538
46.112,-1.6,-0.00332418,-37.6068
46.114,-1.6,-0.00413004,-37.6229
46.116,-1.6,-0.0046337,-37.6614
46.118,-1.6,-0.00382784,-37.7321
46.12,-1.6,-0.00342491,-37.6919
46.122,-1.6,-0.00413004,-37.6742
46.124,-1.6,-0.00473443,-37.671
46.126,-1.6,-0.00413004,-37.6742
46.128,-1.6,-0.00282051,-37.808
46.13,-1.6,-0.00443223,-37.7273
46.132,-1.6,-0.0040293,-37.8323
46.134,-1.6,-0.00342491,-37.6983
46.136,-1.6,-0.00382784,-37.8388
46.138,-1.6,-0.00332418,-37.8793
46.14,-1.6,-0.00443223,-37.9966
46.142,-1.6,-0.00312271,-37.9493
46.144,-1.6,-0.00352564,-38.0539
46.146,-1.6,-0.00372711,-38.0309
46.148,-1.6,-0.00322344,-38.0834
46.15,-1.6,-0.00302198,-38.0064
46.152,-1.6,-0.00221612,-37.9803
46.154,-1.6,-0.0049359,-37.9737
46.156,-1.6,-0.00362637,-37.9493
46.158,-1.6,-0.00342491,-37.9183
46.16,-1.6,-0.00362637,-37.9346
46.162,-1.6,-0.00322344,-38.0015
46.164,-1.6,-0.00251832,-37.868
46.166,-1.6,-0.00251832,-37.7934
46.168,-1.6,-0.00312271,-37.7854
46.17,-1.6,-0.00382784,-37.7498
46.172,-1.6,-0.00312271,-37.8339
46.174,-1.6,-0.00332418,-37.8307
46.176,-1.6,-0.00302198,-37.808
46.178,-1.6,-0.00322344,-37.8517
46.18,-1.6,-0.00312271,-37.8015
46.182,-1.6,-0.00211538,-37.7579
46.184,-1.6,-0.00382784,-37.7902
46.186,-1.6,-0.00413004,-37.9134
46.188,-1.6,-0.00372711,-37.8371
46.19,-1.6,-0.00372711,-37.9004
46.192,-1.6,-0.00372711,-37.8274
46.194,-1.6,-0.00261905,-37.8274
46.196,-1.6,-0.00251832,-37.8339
46.198,-1.6,-0.00322344,-37.8323
46.2,-1.6,-0.00453297,-37.7821
46.202,-1.6,-0.00392857,-37.7563
46.204,-1.6,-0.00332418,-37.6951
46.206,-1.6,-0.00382784,-37.7854
46.208,-1.6,-0.00443223,-37.8064
46.21,-1.6,-0.00342491,-37.787
46.212,-1.6,-0.00392857,-37.7418
46.214,-1.6,-0.00382784,-37.7741
46.216,-1.6,-0.00554029,-37.7773
46.218,-1.6,-0.00392857,-37.8582
46.22,-1.6,-0.00382784,-37.8631
46.222,-1.6,-0.00574176,-37.8972
46.224,-1.6,-0.00201465,-37.9151
46.226,-1.6,-0.00312271,-37.9216
46.228,-1.6,-0.00352564,-37.8566
46.23,-1.6,-0.00453297,-37.9265
46.232,-1.6,-0.00352564,-37.9183
46.234,-1.6,-0.00271978,-37.9705
46.236,-1.6,-0.00292125,-37.8761
46.238,-1.6,-0.00322344,-37.8566
46.24,-1.6,-0.00282051,-37.8339
46.242,-1.6,-0.00161172,-37.8777
46.244,-1.6,-0.00261905,-37.7418
46.246,-1.6,-0.00362637,-37.6742
46.248,-1.6,-0.00282051,-37.5701
46.25,-1.6,-0.00302198,-37.5733
46.252,-1.6,-0.00362637,-37.5111
46.254,-1.6,-0.00322344,-37.6004
46.256,-1.6,-0.00342491,-37.5701
46.258,-1.6,-0.00282051,-37.5733
46.26,-1.6,-0.00473443,-37.5813
46.262,-1.6,-0.00352564,-37.5861
46.264,-1.6,-0.00302198,-37.6036
46.266,-1.6,-0.00372711,-37.5717
46.268,-1.6,-0.00382784,-37.6774
46.27,-1.6,-0.00362637,-37.6437
46.272,-1.6,-0.00221612,-37.6517
46.274,-1.6,-0.00322344,-37.6421
46.276,-1.6,-0.0043315,-37.6967
46.278,-1.6,-0.00312271,-37.6405
46.28,-1.6,-0.00332418,-37.6325
46.282,-1.6,-0.00372711,-37.6501
46.284,-1.6,-0.00352564,-37.6854
46.286,-1.6,-0.00292125,-37.6533
46.288,-1.6,-0.00292125,-37.6742
46.29,-1.6,-0.00503663,-37.6806
46.292,-1.6,-0.00443223,-37.7482
46.294,-1.6,-0.0046337,-37.7128
46.296,-1.6,-0.00443223,-37.7031
46.298,-1.6,-0.00443223,-37.7951
46.3,-1.6,-0.00332418,-37.9118
46.302,-1.6,-0.00302198,-37.9118
46.304,-1.6,-0.00332418,-37.8517
46.306,-1.6,-0.00443223,-37.9493
46.308,-1.6,-0.00362637,-37.9476
46.31,-1.6,-0.00332418,-37.9265
46.312,-1.6,-0.00382784,-37.9656
46.314,-1.6,-0.00362637,-37.9803
46.316,-1.6,-0.00251832,-37.9656
46.318,-1.6,-0.00261905,-37.9754
46.32,-1.6,-0.00332418,-37.9688
46.322,-1.6,-0.00312271,-37.9835
46.324,-1.6,-0.00241758,-37.9411
46.326,-1.6,-0.00302198,-37.8923
46.328,-1.6,-0.00302198,-37.8566
46.33,-1.6,-0.00201465,-37.8663
46.332,-1.6,-0.00241758,-37.8242
46.334,-1.6,-0.00322344,-37.7579
46.336,-1.6,-0.00362637,-37.8096
46.338,-1.6,-0.00413004,-37.7531
46.34,-1.6,-0.00372711,-37.8064
46.342,-1.6,-0.00322344,-37.8015
46.344,-1.6,-0.00322344,-37.842
46.346,-1.6,-0.00221612,-37.8404
46.348,-1.6,-0.00251832,-37.8323
46.35,-1.6,-0.00251832,-37.8258
46.352,-1.6,-0.00443223,-37.7192
46.354,-1.6,-0.00352564,-37.829
46.356,-1.6,-0.00423077,-37.8307
46.358,-1.6,-0.00473443,-37.8209
46.36,-1.6,-0.00282051,-37.8696
46.362,-1.6,-0.00241758,-37.7692
46.364,-1.6,-0.00292125,-37.7434
46.366,-1.6,-0.00473443,-37.7934
46.368,-1.6,-0.00423077,-37.7837
46.37,-1.6,-0.00443223,-37.7934
46.372,-1.6,-0.00392857,-37.7595
46.374,-1.6,-0.00483516,-37.8258
46.376,-1.6,-0.00312271,-37.8371
46.378,-1.6,-0.00302198,-37.7773
46.38,-1.6,-0.00413004,-37.8469
46.382,-1.6,-0.00453297,-37.9069
46.384,-1.6,-0.00443223,-37.8809
46.386,-1.6,-0.00392857,-37.9167
46.388,-1.6,-0.00453297,-38.0015
46.39,-1.6,-0.00282051,-37.9623
46.392,-1.6,-0.00271978,-37.9623
46.394,-1.6,-0.00251832,-37.9069
46.396,-1.6,-0.00453297,-37.8939
46.398,-1.6,-0.00352564,-37.9639
46.4,-1.6,-0.00282051,-37.8744
46.402,-1.6,-0.00332418,-37.9037
46.404,-1.6,-0.00302198,-37.9379
46.406,-1.6,-0.00201465,-37.8258
46.408,-1.6,-0.00251832,-37.7741
46.41,-1.6,-0.00292125,-37.7611
46.412,-1.6,-0.00372711,-38.0129
46.414,-1.6,-0.00231685,-37.5829
46.416,-1.6,-0.00322344,-37.5956
46.418,-1.6,-0.00292125,-37.7192
46.42,-1.6,-0.00241758,-37.7112
46.422,-1.6,-0.00231685,-37.6887
46.424,-1.6,-0.00251832,-37.6229
46.426,-1.6,-0.0049359,-37.5701
46.428,-1.6,-0.00292125,-37.6245
46.43,-1.6,-0.00282051,-37.6229
46.432,-1.6,-0.00292125,-37.5972
46.434,-1.6,-0.0046337,-37.6774
46.436,-1.6,-0.00282051,-37.7031
46.438,-1.6,-0.00231685,-37.6229
46.44,-1.6,-0.00332418,-37.6694
46.442,-1.6,-0.00443223,-37.745
46.444,-1.6,-0.00322344,-37.6742
46.446,-1.6,-0.00302198,-37.671
46.448,-1.6,-0.0040293,-37.6871
46.45,-1.6,-0.00392857,-37.6646
46.452,-1.6,-0.00382784,-37.6838
46.454,-1.6,-0.00352564,-37.6213
46.456,-1.6,-0.0052381,-37.6822
46.458,-1.6,-0.00352564,-37.7918
46.46,-1.6,-0.00342491,-37.7498
46.462,-1.6,-0.00423077,-37.7886
46.464,-1.6,-0.0052381,-37.8436
46.466,-1.6,-0.00483516,-37.9167
46.468,-1.6,-0.00372711,-37.8517
46.47,-1.6,-0.00282051,-37.8874
46.472,-1.6,-0.0043315,-37.9786
46.474,-1.6,-0.00312271,-37.9705
46.476,-1.6,-0.00342491,-37.9542
46.478,-1.6,-0.0040293,-38.0801
46.48,-1.6,-0.00302198,-38.0293
46.482,-1.6,-0.00211538,-37.9966
46.484,-1.6,-0.00221612,-38.0195
46.486,-1.6,-0.00302198,-38.0359
46.488,-1.6,-0.00302198,-38.0588
46.49,-1.6,-0.00271978,-37.9754
46.492,-1.6,-0.00352564,-37.9395
46.494,-1.6,-0.00342491,-37.8907
46.496,-1.6,-0.00251832,-37.8598
46.498,-1.6,-0.00171245,-37.8534
46.5,-1.6,-0.00292125,-37.8647
46.502,-1.6,-0.00453297,-37.8647
46.504,-1.6,-0.00292125,-37.8064
46.506,-1.6,-0.00332418,-37.8663
46.508,-1.6,-0.00352564,-37.8956
46.51,-1.6,-0.00302198,-37.8826
46.512,-1.6,-0.00231685,-37.8826
46.514,-1.6,-0.00151099,-37.8874
46.516,-1.6,-0.00352564,-37.8842
46.518,-1.6,-0.00342491,-37.7789
46.52,-1.6,-0.00312271,-37.7789
46.522,-1.6,-0.00231685,-37.7708
46.524,-1.6,-0.00382784,-37.8615
46.526,-1.6,-0.00312271,-37.9216
46.528,-1.6,-0.00362637,-37.8096
46.53,-1.6,-0.00312271,-37.7854
46.532,-1.6,-0.00533883,-37.7515
46.534,-1.6,-0.00443223,-37.8469
46.536,-1.6,-0.00372711,-37.855
46.538,-1.6,-0.00453297,-37.7773
46.54,-1.6,-0.00423077,-37.8339
46.542,-1.6,-0.00251832,-37.8436
46.544,-1.6,-0.00292125,-37.7854
46.546,-1.6,-0.00342491,-37.787
46.548,-1.6,-0.0043315,-37.8274
46.55,-1.6,-0.00332418,-37.8858
46.552,-1.6,-0.00312271,-37.9134
46.554,-1.6,-0.00443223,-38.0097
46.556,-1.6,-0.00282051,-37.9901
46.558,-1.6,-0.00191392,-37.9754
46.56,-1.6,-0.00271978,-37.9248
46.562,-1.6,-0.00332418,-37.9151
46.564,-1.6,-0.00342491,-37.9721
46.566,-1.6,-0.00251832,-37.8988
46.568,-1.6,-0.00332418,-37.9134
46.57,-1.6,-0.00342491,-37.9444
46.572,-1.6,-0.00181319,-37.842
46.574,-1.6,-0.00322344,-37.8031
46.576,-1.6,-0.00261905,-37.7708
46.578,-1.6,-0.00352564,-38.0408
46.58,-1.6,-0.00342491,-37.7805
46.582,-1.6,-0.00231685,-37.7918
46.584,-1.6,-0.00322344,-37.7805
46.586,-1.6,-0.00302198,-37.7241
46.588,-1.6,-0.00231685,-37.7112
46.59,-1.6,-0.00282051,-37.6389
46.592,-1.6,-0.00352564,-37.5972
46.594,-1.6,-0.00352564,-37.6357
46.596,-1.6,-0.00261905,-37.6581
46.598,-1.6,-0.00282051,-37.6213
46.6,-1.6,-0.00322344,-37.6806
46.602,-1.6,-0.00312271,-37.716
46.604,-1.6,-0.00261905,-37.6325
46.606,-1.6,-0.00282051,-37.6726
46.608,-1.6,-0.00443223,-37.7579
46.61,-1.6,-0.0043315,-37.7337
46.612,-1.6,-0.00362637,-37.6919
46.614,-1.6,-0.00322344,-37.6694
46.616,-1.6,-0.00423077,-37.6597
46.618,-1.6,-0.00342491,-37.6678
46.62,-1.6,-0.00372711,-37.6117
46.622,-1.6,-0.00584249,-37.6871
46.624,-1.6,-0.00453297,-37.7015
46.626,-1.6,-0.0040293,-37.6838
46.628,-1.6,-0.0043315,-37.7967
46.63,-1.6,-0.0046337,-37.8598
46.632,-1.6,-0.00342491,-37.9248
46.634,-1.6,-0.00261905,-37.8663
46.636,-1.6,-0.00302198,-37.9297
46.638,-1.6,-0.00503663,-37.9281
46.64,-1.6,-0.00302198,-37.9819
46.642,-1.6,-0.00261905,-37.9525
46.644,-1.6,-0.00271978,-38.067
46.646,-1.6,-0.00342491,-38.0621
46.648,-1.6,-0.00231685,-38.0818
46.65,-1.6,-0.00241758,-37.977
46.652,-1.6,-0.00372711,-38.0048
46.654,-1.6,-0.00322344,-38.0244
46.656,-1.6,-0.00312271,-37.9379
46.658,-1.6,-0.00332418,-37.9167
46.66,-1.6,-0.00372711,-37.8469
46.662,-1.6,-0.00261905,-37.8145
46.664,-1.6,-0.00261905,-37.7999
46.666,-1.6,-0.00261905,-37.8096
46.668,-1.6,-0.0046337,-37.8193
46.67,-1.6,-0.00392857,-37.7757
46.672,-1.6,-0.00312271,-37.7628
46.674,-1.6,-0.00392857,-37.8355
46.676,-1.6,-0.00251832,-37.8258
46.678,-1.6,-0.00261905,-37.8371
46.68,-1.6,-0.00171245,-37.7595
46.682,-1.6,-0.00322344,-37.8015
46.684,-1.6,-0.0046337,-37.855
46.686,-1.6,-0.00362637,-37.7482
46.688,-1.6,-0.00382784,-37.745
46.69,-1.6,-0.0043315,-37.8307
46.692,-1.6,-0.00312271,-37.7805
46.694,-1.6,-0.00231685,-37.8145
46.696,-1.6,-0.00352564,-37.745
46.698,-1.6,-0.00362637,-37.7305
46.7,-1.6,-0.00443223,-37.8307
46.702,-1.6,-0.00352564,-37.8388
46.704,-1.6,-0.00423077,-37.829
46.706,-1.6,-0.0043315,-37.8323
46.708,-1.6,-0.00332418,-37.7999
46.71,-1.6,-0.00322344,-37.7821
46.712,-1.6,-0.00362637,-37.7773
46.714,-1.6,-0.00423077,-37.8307
46.716,-1.6,-0.0040293,-37.8777
46.718,-1.6,-0.0043315,-37.9004
46.72,-1.6,-0.0043315,-37.8728
46.722,-1.6,-0.00382784,-37.977
46.724,-1.6,-0.00312271,-37.9607
46.726,-1.6,-0.00312271,-37.9134
46.728,-1.6,-0.00312271,-37.9574
46.73,-1.6,-0.00352564,-37.9086
46.732,-1.6,-0.00322344,-37.8842
46.734,-1.6,-0.00261905,-37.9021
46.736,-1.6,-0.00372711,-37.9314
46.738,-1.6,-0.00292125,-37.8826
46.74,-1.6,-0.00261905,-37.7886
46.742,-1.6,-0.00352564,-37.5477
46.744,-1.6,-0.00362637,-38.0162
46.746,-1.6,-0.00332418,-37.7692
46.748,-1.6,-0.00282051,-37.7886
46.75,-1.6,-0.00352564,-37.766
46.752,-1.6,-0.00413004,-37.6325
46.754,-1.6,-0.00261905,-37.6565
46.756,-1.6,-0.00261905,-37.6133
46.758,-1.6,-0.00271978,-37.6517
46.76,-1.6,-0.00251832,-37.6437
46.762,-1.6,-0.00261905,-37.6533
46.764,-1.6,-0.00342491,-37.6101
46.766,-1.6,-0.00342491,-37.6405
46.768,-1.6,-0.00292125,-37.6341
46.77,-1.6,-0.00292125,-37.679
46.772,-1.6,-0.00382784,-37.6341
46.774,-1.6,-0.00443223,-37.7628
46.776,-1.6,-0.00423077,-37.745
46.778,-1.6,-0.00332418,-37.7047
46.78,-1.6,-0.00342491,-37.7096
46.782,-1.6,-0.00332418,-37.6822
46.784,-1.6,-0.00342491,-37.7418
46.786,-1.6,-0.00261905,-37.663
46.788,-1.6,-0.00362637,-37.6758
46.79,-1.6,-0.00483516,-37.6935
46.792,-1.6,-0.0040293,-37.6662
46.794,-1.6,-0.00423077,-37.7531
46.796,-1.6,-0.00513736,-37.8031
46.798,-1.6,-0.0040293,-37.7757
46.8,-1.6,-0.00322344,-37.8355
46.802,-1.6,-0.00292125,-37.9069
46.804,-1.6,-0.00443223,-37.9021
46.806,-1.6,-0.00423077,-37.9933
46.808,-1.6,-0.00292125,-38.0768
46.81,-1.6,-0.00282051,-38.0129
46.812,-1.6,-0.00362637,-38.0572
46.814,-1.6,-0.00191392,-38.0834
46.816,-1.6,-0.00221612,-38.0555
46.818,-1.6,-0.00282051,-37.9868
46.82,-1.6,-0.00372711,-37.9933
46.822,-1.6,-0.00322344,-37.9656
46.824,-1.6,-0.00342491,-37.9411
46.826,-1.6,-0.00443223,-37.9346
46.828,-1.6,-0.00312271,-37.9281
46.83,-1.6,-0.00271978,-37.9053
46.832,-1.6,-0.00292125,-37.8274
46.834,-1.6,-0.00392857,-37.8436
46.836,-1.6,-0.00362637,-37.8064
46.838,-1.6,-0.00362637,-37.7773
46.84,-1.6,-0.00312271,-37.8048
46.842,-1.6,-0.00312271,-37.8858
46.844,-1.6,-0.00261905,-37.842
46.846,-1.6,-0.00261905,-37.7821
46.848,-1.6,-0.00271978,-37.8177
46.85,-1.6,-0.0046337,-37.8598
46.852,-1.6,-0.00292125,-37.8582
46.854,-1.6,-0.00362637,-37.8809
46.856,-1.6,-0.0049359,-37.9216
46.858,-1.6,-0.00372711,-37.7854
46.86,-1.6,-0.00271978,-37.8177
46.862,-1.6,-0.00342491,-37.7547
46.864,-1.6,-0.00352564,-37.7644
46.866,-1.6,-0.00372711,-37.7386
46.868,-1.6,-0.0043315,-37.7547
46.87,-1.6,-0.00312271,-37.8274
46.872,-1.6,-0.00443223,-37.8371
46.874,-1.6,-0.00362637,-37.8161
46.876,-1.6,-0.00282051,-37.8258
46.878,-1.6,-0.00271978,-37.8193
46.88,-1.6,-0.0049359,-37.8031
46.882,-1.6,-0.0040293,-37.8842
46.884,-1.6,-0.00342491,-37.9086
46.886,-1.6,-0.00382784,-37.8907
46.888,-1.6,-0.00282051,-37.9786
46.89,-1.6,-0.00261905,-37.9786
46.892,-1.6,-0.00241758,-37.9966
46.894,-1.6,-0.00302198,-37.9591
46.896,-1.6,-0.00372711,-37.9086
46.898,-1.6,-0.00251832,-37.9297
46.9,-1.6,-0.00362637,-37.933
46.902,-1.6,-0.00362637,-37.8842
46.904,-1.6,-0.00231685,-37.8923
46.906,-1.6,-0.00271978,-37.7902
46.908,-1.6,-0.00292125,-37.5525
46.91,-1.6,-0.00352564,-37.6421
46.912,-1.6,-0.00352564,-37.7628
46.914,-1.6,-0.00282051,-37.7031
46.916,-1.6,-0.00372711,-37.594
46.918,-1.6,-0.00282051,-37.6389
46.92,-1.6,-0.00251832,-37.6614
46.922,-1.6,-0.00292125,-37.6213
46.924,-1.6,-0.00362637,-37.6597
46.926,-1.6,-0.00453297,-37.6919
46.928,-1.6,-0.00282051,-37.671
46.93,-1.6,-0.00282051,-37.6983
46.932,-1.6,-0.0046337,-37.6614
46.934,-1.6,-0.00292125,-37.6517
46.936,-1.6,-0.00261905,-37.6935
46.938,-1.6,-0.00271978,-37.6549
46.94,-1.6,-0.0043315,-37.5972
46.942,-1.6,-0.0040293,-37.5461
46.944,-1.6,-0.00332418,-37.6453
46.946,-1.6,-0.00342491,-37.7418
46.948,-1.6,-0.00322344,-37.7144
46.95,-1.6,-0.00362637,-37.7708
46.952,-1.6,-0.00322344,-37.6854
46.954,-1.6,-0.00382784,-37.7273
46.956,-1.6,-0.00483516,-37.6774
46.958,-1.6,-0.00342491,-37.842
46.96,-1.6,-0.00312271,-37.7773
46.962,-1.6,-0.0046337,-37.8226
46.964,-1.6,-0.00362637,-37.7967
46.966,-1.6,-0.00352564,-37.8015
46.968,-1.6,-0.00181319,-37.9134
46.97,-1.6,-0.00453297,-37.9623
46.972,-1.6,-0.00392857,-38.0293
46.974,-1.6,-0.0043315,-38.1031
46.976,-1.6,-0.00352564,-38.044
46.978,-1.6,-0.00322344,-38.0867
46.98,-1.6,-0.00322344,-38.1015
46.982,-1.6,-0.00191392,-38.0719
46.984,-1.6,-0.00271978,-37.9999
46.986,-1.6,-0.00352564,-38.0048
46.988,-1.6,-0.00322344,-37.995
46.99,-1.6,-0.00191392,-37.9688
46.992,-1.6,-0.00352564,-37.9493
46.994,-1.6,-0.00342491,-37.9281
46.996,-1.6,-0.00241758,-37.9053
46.998,-1.6,-0.00251832,-37.8355
47,-1.5,-0.00423077,-37.7837
47.002,-1.5,0.00382784,-37.6694
47.004,-1.5,0.00352564,-37.2831
47.006,-1.5,0.00201465,-37.0564
47.008,-1.5,0.00130952,-36.9109
47.01,-1.5,0.00110806,-36.6521
47.012,-1.5,0.00151099,-36.5022
47.014,-1.5,0.000705128,-36.355
47.016,-1.5,-0.00161172,-36.169
47.018,-1.5,-0.000805861,-35.9673
47.02,-1.5,-0.00141026,-35.8826
47.022,-1.5,-0.000705128,-35.7461
47.024,-1.5,-0.00110806,-35.8113
47.026,-1.5,-0.000705128,-35.6466
47.028,-1.5,-0.000906593,-35.5849
47.03,-1.5,-0.00191392,-35.5162
47.032,-1.5,-0.00282051,-35.4223
47.034,-1.5,-0.00241758,-35.35
47.036,-1.5,-0.00312271,-35.3457
47.038,-1.5,-0.00201465,-35.285
47.04,-1.5,-0.00342491,-35.2625
47.042,-1.5,-0.00271978,-35.1965
47.044,-1.5,-0.00251832,-35.2021
47.046,-1.5,-0.00362637,-35.1223
47.048,-1.5,-0.00413004,-35.1839
47.05,-1.5,-0.00392857,-35.1713
47.052,-1.5,-0.00362637,-35.1559
47.054,-1.5,-0.00282051,-35.1615
47.056,-1.5,-0.00423077,-35.1727
47.058,-1.5,-0.00261905,-35.1923
47.06,-1.5,-0.00282051,-35.1895
47.062,-1.5,-0.00342491,-35.1237
47.064,-1.5,-0.0040293,-35.1056
47.066,-1.5,-0.00312271,-35.107
47.068,-1.5,-0.00292125,-35.1182
47.07,-1.5,-0.00332418,-35.1042
47.072,-1.5,-0.00392857,-35.0624
47.074,-1.5,-0.00282051,-35.0972
47.076,-1.5,-0.00201465,-34.9958
47.078,-1.5,-0.00271978,-34.9999
47.08,-1.5,-0.00352564,-34.8756
47.082,-1.5,-0.00352564,-34.7398
47.084,-1.5,-0.00261905,-34.8481
47.086,-1.5,-0.00221612,-34.759
47.088,-1.5,-0.00392857,-34.8715
47.09,-1.5,-0.00302198,-34.8632
47.092,-1.5,-0.00332418,-34.785
47.094,-1.5,-0.00302198,-34.7344
47.096,-1.5,-0.00312271,-34.7795
47.098,-1.5,-0.00392857,-34.7207
47.1,-1.5,-0.00332418,-34.7125
47.102,-1.5,-0.00352564,-34.7357
47.104,-1.5,-0.00342491,-34.7262
47.106,-1.5,-0.00292125,-34.7426
47.108,-1.5,-0.00231685,-34.7603
47.11,-1.5,-0.00271978,-34.774
47.112,-1.5,-0.00362637,-34.759
47.114,-1.5,-0.00483516,-34.811
47.116,-1.5,-0.00282051,-34.8316
47.118,-1.5,-0.00342491,-34.7863
47.12,-1.5,-0.00392857,-34.7904
47.122,-1.5,-0.00503663,-34.8028
47.124,-1.5,-0.00312271,-34.7631
47.126,-1.5,-0.00292125,-34.8234
47.128,-1.5,-0.00352564,-34.7576
47.13,-1.5,-0.00483516,-34.7672
47.132,-1.5,-0.00382784,-34.8275
47.134,-1.5,-0.00453297,-34.9156
47.136,-1.5,-0.0040293,-34.8522
47.138,-1.5,-0.00423077,-34.9473
47.14,-1.5,-0.00413004,-35.0527
47.142,-1.5,-0.00332418,-34.9611
47.144,-1.5,-0.00392857,-35.0374
47.146,-1.5,-0.0049359,-35.0332
47.148,-1.5,-0.00413004,-35.0805
47.15,-1.5,-0.00292125,-35.0931
47.152,-1.5,-0.00342491,-35.0861
47.154,-1.5,-0.00372711,-35.2077
47.156,-1.5,-0.00322344,-35.1699
47.158,-1.5,-0.00201465,-35.1895
47.16,-1.5,-0.00312271,-35.121
47.162,-1.5,-0.0043315,-35.0805
47.164,-1.5,-0.00312271,-35.0958
47.166,-1.5,-0.00292125,-35.0555
47.168,-1.5,-0.00312271,-35.0124
47.17,-1.5,-0.00382784,-35.0416
47.172,-1.5,-0.00282051,-35.0263
47.174,-1.5,-0.00251832,-35.0055
47.176,-1.5,-0.00261905,-34.9183
47.178,-1.5,-0.00312271,-34.899
47.18,-1.5,-0.0043315,-34.9128
47.182,-1.5,-0.00282051,-34.9073
47.184,-1.5,-0.00362637,-34.91
47.186,-1.5,-0.00372711,-34.9625
47.188,-1.5,-0.00312271,-34.9777
47.19,-1.5,-0.00352564,-34.9833
47.192,-1.5,-0.00261905,-34.9708
47.194,-1.5,-0.00322344,-34.9667
47.196,-1.5,-0.0043315,-34.9819
47.198,-1.5,-0.00382784,-34.9833
47.2,-1.5,-0.00312271,-34.9888
47.202,-1.5,-0.00352564,-34.9376
47.204,-1.5,-0.00392857,-34.9598
47.206,-1.5,-0.00241758,-34.9958
47.208,-1.5,-0.00312271,-34.8742
47.21,-1.5,-0.00342491,-34.8866
47.212,-1.5,-0.0049359,-34.9087
47.214,-1.5,-0.00312271,-34.899
47.216,-1.5,-0.00392857,-34.9169
47.218,-1.5,-0.00473443,-34.888
47.22,-1.5,-0.00362637,-34.9501
47.222,-1.5,-0.00392857,-34.9197
47.224,-1.5,-0.00271978,-34.9335
47.226,-1.5,-0.00352564,-34.9211
47.228,-1.5,-0.00503663,-34.9861
47.23,-1.5,-0.0043315,-34.9902
47.232,-1.5,-0.00362637,-35.0221
47.234,-1.5,-0.00352564,-35.0736
47.236,-1.5,-0.00372711,-35.0402
47.238,-1.5,-0.00312271,-35.0596
47.24,-1.5,-0.00322344,-35.0694
47.242,-1.5,-0.00322344,-35.0221
47.244,-1.5,-0.00423077,-35.0041
47.246,-1.5,-0.00261905,-35.061
47.248,-1.5,-0.00332418,-34.9958
47.25,-1.5,-0.00362637,-35.0318
47.252,-1.5,-0.00443223,-34.9985
47.254,-1.5,-0.00322344,-34.993
47.256,-1.5,-0.00231685,-34.9473
47.258,-1.5,-0.00261905,-34.9487
47.26,-1.5,-0.00483516,-34.9031
47.262,-1.5,-0.00392857,-34.6962
47.264,-1.5,-0.00282051,-34.8179
47.266,-1.5,-0.00302198,-34.8055
47.268,-1.5,-0.00392857,-34.8577
47.27,-1.5,-0.00352564,-34.8302
47.272,-1.5,-0.00312271,-34.822
47.274,-1.5,-0.00302198,-34.7316
47.276,-1.5,-0.00372711,-34.7699
47.278,-1.5,-0.00372711,-34.8014
47.28,-1.5,-0.00342491,-34.7207
47.282,-1.5,-0.00261905,-34.7535
47.284,-1.5,-0.00302198,-34.7754
47.286,-1.5,-0.00342491,-34.7726
47.288,-1.5,-0.00271978,-34.7932
47.29,-1.5,-0.00251832,-34.7535
47.292,-1.5,-0.00312271,-34.8028
47.294,-1.5,-0.00413004,-34.8604
47.296,-1.5,-0.00261905,-34.8014
47.298,-1.5,-0.00332418,-34.8247
47.3,-1.5,-0.00392857,-34.8343
47.302,-1.5,-0.00322344,-34.8124
47.304,-1.5,-0.00332418,-34.7946
47.306,-1.5,-0.00302198,-34.8577
47.308,-1.5,-0.00322344,-34.7863
47.31,-1.5,-0.0052381,-34.785
47.312,-1.5,-0.00392857,-34.833
47.314,-1.5,-0.00302198,-34.7863
47.316,-1.5,-0.00473443,-34.8398
47.318,-1.5,-0.00372711,-34.9252
47.32,-1.5,-0.00382784,-35.036
47.322,-1.5,-0.00382784,-35.0291
47.324,-1.5,-0.00332418,-35.0138
47.326,-1.5,-0.0040293,-35.011
47.328,-1.5,-0.00372711,-35.1014
47.33,-1.5,-0.00261905,-35.0847
47.332,-1.5,-0.00332418,-35.0763
47.334,-1.5,-0.00332418,-35.2105
47.336,-1.5,-0.00241758,-35.1056
47.338,-1.5,-0.00211538,-35.1923
47.34,-1.5,-0.00201465,-35.1223
47.342,-1.5,-0.00312271,-35.1098
47.344,-1.5,-0.00312271,-35.114
47.346,-1.5,-0.00312271,-35.0722
47.348,-1.5,-0.00251832,-35.0277
47.35,-1.5,-0.00382784,-34.9971
47.352,-1.5,-0.00282051,-35.0457
47.354,-1.5,-0.00271978,-35.0166
47.356,-1.5,-0.00332418,-34.9418
47.358,-1.5,-0.00332418,-34.9183
47.36,-1.5,-0.00352564,-34.9307
47.362,-1.5,-0.00392857,-34.9556
47.364,-1.5,-0.00292125,-34.9294
47.366,-1.5,-0.0043315,-34.9791
47.368,-1.5,-0.00362637,-35.0013
47.37,-1.5,-0.00241758,-34.9625
47.372,-1.5,-0.00251832,-34.9944
47.374,-1.5,-0.00241758,-34.9888
47.376,-1.5,-0.00332418,-34.9031
47.378,-1.5,-0.00342491,-35.0041
47.38,-1.5,-0.00332418,-35.011
47.382,-1.5,-0.00322344,-35.061
47.384,-1.5,-0.00312271,-34.9791
47.386,-1.5,-0.00312271,-35.0124
47.388,-1.5,-0.00211538,-34.8935
47.39,-1.5,-0.00352564,-34.8962
47.392,-1.5,-0.00453297,-34.9349
47.394,-1.5,-0.0040293,-34.9211
47.396,-1.5,-0.00362637,-34.8687
47.398,-1.5,-0.00392857,-34.9197
47.4,-1.5,-0.0040293,-34.9805
47.402,-1.5,-0.00221612,-34.9888
47.404,-1.5,-0.00392857,-34.9611
47.406,-1.5,-0.0040293,-34.9556
47.408,-1.5,-0.0049359,-34.9556
47.41,-1.5,-0.00423077,-35.0082
47.412,-1.5,-0.00392857,-35.068
47.414,-1.5,-0.00372711,-35.1126
47.416,-1.5,-0.00372711,-35.1447
47.418,-1.5,-0.00332418,-35.1126
47.42,-1.5,-0.00302198,-35.1196
47.422,-1.5,-0.00231685,-35.0471
47.424,-1.5,-0.00423077,-35.1307
47.426,-1.5,-0.00322344,-35.0958
47.428,-1.5,-0.00312271,-35.0318
47.43,-1.5,-0.00352564,-35.0429
47.432,-1.5,-0.00382784,-35.0263
47.434,-1.5,-0.00251832,-35.0152
47.436,-1.5,-0.00231685,-34.9445
47.438,-1.5,-0.00191392,-35.1098
47.44,-1.5,-0.00382784,-34.9225
47.442,-1.5,-0.00261905,-34.9556
47.444,-1.5,-0.00282051,-34.9142
47.446,-1.5,-0.00302198,-34.8165
47.448,-1.5,-0.0046337,-34.6758
47.45,-1.5,-0.00312271,-34.7453
47.452,-1.5,-0.00292125,-34.822
47.454,-1.5,-0.00332418,-34.7508
47.456,-1.5,-0.00453297,-34.7166
47.458,-1.5,-0.00332418,-34.7932
47.46,-1.5,-0.00352564,-34.7726
47.462,-1.5,-0.00251832,-34.8014
47.464,-1.5,-0.00342491,-34.7658
47.466,-1.5,-0.00332418,-34.7987
47.468,-1.5,-0.00261905,-34.7617
47.47,-1.5,-0.00261905,-34.7371
47.472,-1.5,-0.00282051,-34.7412
47.474,-1.5,-0.00413004,-34.6011
47.476,-1.5,-0.00332418,-34.7932
47.478,-1.5,-0.00352564,-34.785
47.48,-1.5,-0.0040293,-34.8028
47.482,-1.5,-0.00413004,-34.811
47.484,-1.5,-0.00312271,-34.8604
47.486,-1.5,-0.00201465,-34.7891
47.488,-1.5,-0.00392857,-34.8014
47.49,-1.5,-0.00443223,-34.9266
47.492,-1.5,-0.00372711,-34.844
47.494,-1.5,-0.00332418,-34.8124
47.496,-1.5,-0.0043315,-34.888
47.498,-1.5,-0.00453297,-34.9598
47.5,-1.5,-0.00312271,-35.0499
47.502,-1.5,-0.00302198,-35.0443
47.504,-1.5,-0.00382784,-34.9999
47.506,-1.5,-0.00483516,-35.0875
47.508,-1.5,-0.00332418,-35.1126
47.51,-1.5,-0.00382784,-35.1895
47.512,-1.5,-0.00362637,-35.1335
47.514,-1.5,-0.00342491,-35.2119
47.516,-1.5,-0.00271978,-35.1042
47.518,-1.5,-0.00312271,-35.0931
47.52,-1.5,-0.00312271,-35.0944
47.522,-1.5,-0.00423077,-35.1
47.524,-1.5,-0.00302198,-35.0736
47.526,-1.5,-0.00342491,-35.0527
47.528,-1.5,-0.0040293,-35.0221
47.53,-1.5,-0.00292125,-34.9833
47.532,-1.5,-0.00322344,-34.9501
47.534,-1.5,-0.00201465,-34.9459
47.536,-1.5,-0.00231685,-34.9473
47.538,-1.5,-0.00382784,-34.8921
47.54,-1.5,-0.00362637,-34.9639
47.542,-1.5,-0.00271978,-34.9598
47.544,-1.5,-0.00302198,-34.9404
47.546,-1.5,-0.0043315,-35.0193
47.548,-1.5,-0.00271978,-34.9958
47.55,-1.5,-0.00221612,-34.9722
47.552,-1.5,-0.00261905,-34.9266
47.554,-1.5,-0.00312271,-34.9432
47.556,-1.5,-0.00423077,-34.8894
47.558,-1.5,-0.00302198,-34.8962
47.56,-1.5,-0.00352564,-34.8811
47.562,-1.5,-0.0040293,-35.0485
47.564,-1.5,-0.00352564,-34.9791
47.566,-1.5,-0.00271978,-34.9349
47.568,-1.5,-0.00332418,-34.8756
47.57,-1.5,-0.00292125,-34.8687
47.572,-1.5,-0.00413004,-34.9487
47.574,-1.5,-0.0043315,-34.888
47.576,-1.5,-0.00423077,-34.8343
47.578,-1.5,-0.00362637,-34.9294
47.58,-1.5,-0.00392857,-34.9432
47.582,-1.5,-0.00332418,-34.9501
47.584,-1.5,-0.00332418,-34.8907
47.586,-1.5,-0.00362637,-34.8907
47.588,-1.5,-0.0040293,-34.9087
47.59,-1.5,-0.00382784,-34.9667
47.592,-1.5,-0.00382784,-34.9722
47.594,-1.5,-0.0040293,-35.0777
47.596,-1.5,-0.0046337,-35.1014
47.598,-1.5,-0.00271978,-35.0791
47.6,-1.5,-0.00332418,-35.0457
47.602,-1.5,-0.00302198,-35.018
47.604,-1.5,-0.00362637,-35.0917
47.606,-1.5,-0.00332418,-35.0736
47.608,-1.5,-0.00332418,-35.0096
47.61,-1.5,-0.00302198,-35.0235
47.612,-1.5,-0.00362637,-35.0499
47.614,-1.5,-0.00322344,-35.0027
47.616,-1.5,-0.00271978,-34.9307
47.618,-1.5,-0.00282051,-35.0944
47.62,-1.5,-0.00392857,-34.8014
47.622,-1.5,-0.00342491,-34.9528
47.624,-1.5,-0.00292125,-34.9197
47.626,-1.5,-0.00332418,-34.8137
47.628,-1.5,-0.00443223,-34.6839
47.63,-1.5,-0.00322344,-34.759
47.632,-1.5,-0.00191392,-34.7426
47.634,-1.5,-0.00322344,-34.7768
47.636,-1.5,-0.00261905,-34.7316
47.638,-1.5,-0.00312271,-34.7713
47.64,-1.5,-0.00312271,-34.7987
47.642,-1.5,-0.00251832,-34.8234
47.644,-1.5,-0.00413004,-34.8357
47.646,-1.5,-0.00352564,-34.8206
47.648,-1.5,-0.00261905,-34.7822
47.65,-1.5,-0.00221612,-34.7973
47.652,-1.5,-0.00342491,-34.7562
47.654,-1.5,-0.00302198,-34.6241
47.656,-1.5,-0.00302198,-34.7603
47.658,-1.5,-0.00231685,-34.8069
47.66,-1.5,-0.00342491,-34.8151
47.662,-1.5,-0.00413004,-34.8
47.664,-1.5,-0.00312271,-34.8687
47.666,-1.5,-0.00251832,-34.8055
47.668,-1.5,-0.00423077,-34.8261
47.67,-1.5,-0.00513736,-34.9363
47.672,-1.5,-0.00352564,-34.8563
47.674,-1.5,-0.00352564,-34.9073
47.676,-1.5,-0.00372711,-34.8962
47.678,-1.5,-0.00362637,-34.9708
47.68,-1.5,-0.00352564,-34.8508
47.682,-1.5,-0.00282051,-34.9861
47.684,-1.5,-0.00292125,-35.0124
47.686,-1.5,-0.00382784,-35.1112
47.688,-1.5,-0.00372711,-35.0917
47.69,-1.5,-0.00362637,-35.2133
47.692,-1.5,-0.00302198,-35.1405
47.694,-1.5,-0.00302198,-35.1937
47.696,-1.5,-0.00251832,-35.2021
47.698,-1.5,-0.00231685,-35.1
47.7,-1.5,-0.00282051,-35.0944
47.702,-1.5,-0.00392857,-35.0958
47.704,-1.5,-0.00322344,-35.0652
47.706,-1.5,-0.00352564,-35.0402
47.708,-1.5,-0.00322344,-35.0485
47.71,-1.5,-0.00372711,-35.1098
47.712,-1.5,-0.00251832,-34.9363
47.714,-1.5,-0.00302198,-34.9211
47.716,-1.5,-0.00332418,-34.9211
47.718,-1.5,-0.00483516,-34.8756
47.72,-1.5,-0.00352564,-34.9349
47.722,-1.5,-0.00352564,-34.9404
47.724,-1.5,-0.00382784,-34.9211
47.726,-1.5,-0.0040293,-34.993
47.728,-1.5,-0.00282051,-34.9611
47.73,-1.5,-0.00271978,-34.9128
47.732,-1.5,-0.00282051,-34.8921
47.734,-1.5,-0.00271978,-34.9169
47.736,-1.5,-0.00362637,-35.0277
47.738,-1.5,-0.00392857,-34.8783
47.74,-1.5,-0.00352564,-34.8673
47.742,-1.5,-0.0052381,-34.9639
47.744,-1.5,-0.00342491,-34.9722
47.746,-1.5,-0.00211538,-34.9418
47.748,-1.5,-0.00292125,-35.011
47.75,-1.5,-0.00382784,-34.9722
47.752,-1.5,-0.00503663,-34.9764
47.754,-1.5,-0.00352564,-34.9031
47.756,-1.5,-0.00382784,-34.9833
47.758,-1.5,-0.00473443,-34.9445
47.76,-1.5,-0.00453297,-34.9722
47.762,-1.5,-0.00382784,-34.957
47.764,-1.5,-0.00392857,-34.9169
47.766,-1.5,-0.0043315,-34.9183
47.768,-1.5,-0.0043315,-34.9667
47.77,-1.5,-0.00352564,-35.0013
47.772,-1.5,-0.00352564,-35.0013
47.774,-1.5,-0.0046337,-35.0235
47.776,-1.5,-0.0040293,-35.0972
47.778,-1.5,-0.00271978,-35.1042
47.78,-1.5,-0.00261905,-35.0638
47.782,-1.5,-0.00292125,-35.1265
47.784,-1.5,-0.0043315,-35.1126
47.786,-1.5,-0.00271978,-35.0931
47.788,-1.5,-0.00251832,-35.1419
47.79,-1.5,-0.00322344,-35.0569
47.792,-1.5,-0.00372711,-35.0708
47.794,-1.5,-0.00241758,-35.0263
47.796,-1.5,-0.00221612,-34.9266
47.798,-1.5,-0.00251832,-35.1251
47.8,-1.5,-0.00382784,-34.8137
47.802,-1.5,-0.00312271,-34.7562
47.804,-1.5,-0.00322344,-34.9238
47.806,-1.5,-0.00352564,-34.8234
47.808,-1.5,-0.00453297,-34.7781
47.81,-1.5,-0.00312271,-34.833
47.812,-1.5,-0.00302198,-34.7549
47.814,-1.5,-0.00261905,-34.759
47.816,-1.5,-0.00503663,-34.7713
47.818,-1.5,-0.00201465,-34.7959
47.82,-1.5,-0.00231685,-34.8137
47.822,-1.5,-0.00312271,-34.7726
47.824,-1.5,-0.00443223,-34.8591
47.826,-1.5,-0.00251832,-34.8646
47.828,-1.5,-0.00261905,-34.844
47.83,-1.5,-0.00292125,-34.822
47.832,-1.5,-0.00322344,-34.8371
47.834,-1.5,-0.00332418,-34.9653
47.836,-1.5,-0.00332418,-34.7822
47.838,-1.5,-0.00362637,-34.7932
47.84,-1.5,-0.00352564,-34.8316
47.842,-1.5,-0.00372711,-34.822
47.844,-1.5,-0.00362637,-34.8234
47.846,-1.5,-0.00302198,-34.7644
47.848,-1.5,-0.00423077,-34.8426
47.85,-1.5,-0.00413004,-34.8096
47.852,-1.5,-0.0040293,-34.9667
47.854,-1.5,-0.00372711,-34.9169
47.856,-1.5,-0.0043315,-34.9764
47.858,-1.5,-0.00312271,-35.0221
47.86,-1.5,-0.00322344,-34.8508
47.862,-1.5,-0.00282051,-34.9805
47.864,-1.5,-0.00362637,-35.0291
47.866,-1.5,-0.00453297,-35.1475
47.868,-1.5,-0.00372711,-35.1042
47.87,-1.5,-0.00342491,-35.0958
47.872,-1.5,-0.00372711,-35.2133
47.874,-1.5,-0.00312271,-35.2147
47.876,-1.5,-0.00271978,-35.2344
47.878,-1.5,-0.00231685,-35.1251
47.88,-1.5,-0.00292125,-35.1447
47.882,-1.5,-0.00392857,-35.1377
47.884,-1.5,-0.00282051,-35.1251
47.886,-1.5,-0.00352564,-35.1447
47.888,-1.5,-0.00342491,-35.0833
47.89,-1.5,-0.0040293,-35.1503
47.892,-1.5,-0.00282051,-35.0304
47.894,-1.5,-0.00271978,-34.9847
47.896,-1.5,-0.00302198,-34.9694
47.898,-1.5,-0.00423077,-34.9777
47.9,-1.5,-0.00382784,-34.9459
47.902,-1.5,-0.00322344,-34.9764
47.904,-1.5,-0.00352564,-34.9847
47.906,-1.5,-0.0040293,-35.0096
47.908,-1.5,-0.00241758,-35.0249
47.91,-1.5,-0.00251832,-34.9487
47.912,-1.5,-0.00271978,-34.9681
47.914,-1.5,-0.00342491,-34.9861
47.916,-1.5,-0.00372711,-35.0722
47.918,-1.5,-0.00271978,-34.9999
47.92,-1.5,-0.00312271,-35.0013
47.922,-1.5,-0.00453297,-34.9902
47.924,-1.5,-0.00282051,-34.9376
47.926,-1.5,-0.00241758,-34.9639
47.928,-1.5,-0.00271978,-34.9004
47.93,-1.5,-0.00413004,-34.9764
47.932,-1.5,-0.00483516,-34.9211
47.934,-1.5,-0.00372711,-34.9611
47.936,-1.5,-0.00352564,-34.9819
47.938,-1.5,-0.00503663,-34.9653
47.94,-1.5,-0.0043315,-34.9459
47.942,-1.5,-0.00382784,-34.957
47.944,-1.5,-0.00292125,-34.9128
47.946,-1.5,-0.00362637,-34.9791
47.948,-1.5,-0.0046337,-35.0332
47.95,-1.5,-0.00342491,-35.0221
47.952,-1.5,-0.00332418,-35.0457
47.954,-1.5,-0.00413004,-35.0277
47.956,-1.5,-0.00382784,-35.1056
47.958,-1.5,-0.00261905,-35.1
47.96,-1.5,-0.00221612,-35.0485
47.962,-1.5,-0.00332418,-35.0457
47.964,-1.5,-0.00372711,-35.0388
47.966,-1.5,-0.00332418,-35.0569
47.968,-1.5,-0.00362637,-35.0429
47.97,-1.5,-0.00332418,-35.0555
47.972,-1.5,-0.00231685,-35.0569
47.974,-1.5,-0.00292125,-34.9625
47.976,-1.5,-0.00251832,-34.9211
47.978,-1.5,-0.00302198,-34.6907
47.98,-1.5,-0.00382784,-34.7781
47.982,-1.5,-0.00312271,-34.8783
47.984,-1.5,-0.00261905,-34.7235
47.986,-1.5,-0.00251832,-34.7726
47.988,-1.5,-0.0040293,-34.9294
47.99,-1.5,-0.00302198,-34.8247
47.992,-1.5,-0.00312271,-34.759
47.994,-1.5,-0.00312271,-34.7235
47.996,-1.5,-0.00362637,-34.7644
47.998,-1.5,-0.00423077,-34.7672
48,-1.4,-0.00231685,-34.7836
48.002,-1.4,0.0040293,-34.5794
48.004,-1.4,0.00282051,-34.3015
48.006,-1.4,0.00181319,-34.128
48.008,-1.4,0.00231685,-33.865
48.01,-1.4,0.00100733,-33.6458
48.012,-1.4,0.000100733,-33.4661
48.014,-1.4,0.000503663,-33.1336
48.016,-1.4,0.000503663,-33.0963
48.018,-1.4,-0.00040293,-33.0221
48.02,-1.4,-0.00100733,-32.9495
48.022,-1.4,-0.00161172,-32.8124
48.024,-1.4,-0.00100733,-32.714
48.026,-1.4,-0.00151099,-32.6018
48.028,-1.4,-0.00151099,-32.5154
48.03,-1.4,-0.00382784,-32.4783
48.032,-1.4,-0.00282051,-32.5094
48.034,-1.4,-0.00171245,-32.4152
48.036,-1.4,-0.00261905,-32.3819
48.038,-1.4,-0.00342491,-32.3701
48.04,-1.4,-0.00322344,-32.4342
48.042,-1.4,-0.00201465,-32.4092
48.044,-1.4,-0.00292125,-32.3239
48.046,-1.4,-0.00282051,-32.3345
48.048,-1.4,-0.00443223,-32.4009
48.05,-1.4,-0.00302198,-32.4057
48.052,-1.4,-0.00352564,-32.3594
48.054,-1.4,-0.00292125,-32.3464
48.056,-1.4,-0.00372711,-32.3558
48.058,-1.4,-0.00251832,-32.4378
48.06,-1.4,-0.00231685,-32.312
48.062,-1.4,-0.00302198,-32.3061
48.064,-1.4,-0.00251832,-32.2979
48.066,-1.4,-0.00392857,-32.2884
48.068,-1.4,-0.00352564,-32.2696
48.07,-1.4,-0.00282051,-32.2672
48.072,-1.4,-0.00251832,-32.2213
48.074,-1.4,-0.00332418,-32.1451
48.076,-1.4,-0.00241758,-32.172
48.078,-1.4,-0.00231685,-32.151
48.08,-1.4,-0.00231685,-32.0693
48.082,-1.4,-0.00322344,-32.0751
48.084,-1.4,-0.00392857,-32.0332
48.086,-1.4,-0.00302198,-32.0274
48.088,-1.4,-0.00322344,-32.0728
48.09,-1.4,-0.00352564,-32.0611
48.092,-1.4,-0.00282051,-32.1182
48.094,-1.4,-0.00191392,-32.1101
48.096,-1.4,-0.00251832,-32.0728
48.098,-1.4,-0.00241758,-32.0483
48.1,-1.4,-0.00271978,-32.1124
48.102,-1.4,-0.00413004,-32.1346
48.104,-1.4,-0.00342491,-32.1182
48.106,-1.4,-0.00261905,-32.1264
48.108,-1.4,-0.00282051,-32.0309
48.11,-1.4,-0.00312271,-32.1124
48.112,-1.4,-0.00322344,-32.1615
48.114,-1.4,-0.00332418,-32.0518
48.116,-1.4,-0.00322344,-32.0298
48.118,-1.4,-0.00322344,-32.0972
48.12,-1.4,-0.00392857,-32.0984
48.122,-1.4,-0.00382784,-32.0367
48.124,-1.4,-0.0040293,-31.9845
48.126,-1.4,-0.00362637,-32.0251
48.128,-1.4,-0.00503663,-32.0833
48.13,-1.4,-0.00271978,-32.0786
48.132,-1.4,-0.00302198,-32.0972
48.134,-1.4,-0.00382784,-32.0182
48.136,-1.4,-0.00362637,-32.0658
48.138,-1.4,-0.0043315,-32.1486
48.14,-1.4,-0.00362637,-32.1381
48.142,-1.4,-0.00322344,-32.1498
48.144,-1.4,-0.00342491,-32.1428
48.146,-1.4,-0.00302198,-32.2531
48.148,-1.4,-0.00282051,-32.2178
48.15,-1.4,-0.00261905,-32.2248
48.152,-1.4,-0.00362637,-32.1756
48.154,-1.4,-0.00352564,-32.2084
48.156,-1.4,-0.00362637,-32.165
48.158,-1.4,-0.00302198,-32.2319
48.16,-1.4,-0.00322344,-32.1229
48.162,-1.4,-0.00352564,-32.1556
48.164,-1.4,-0.00282051,-32.1486
48.166,-1.4,-0.00211538,-32.0868
48.168,-1.4,-0.00261905,-32.0391
48.17,-1.4,-0.00332418,-32.206
48.172,-1.4,-0.0043315,-32.0344
48.174,-1.4,-0.00332418,-32.0693
48.176,-1.4,-0.00231685,-31.9579
48.178,-1.4,-0.00251832,-31.8749
48.18,-1.4,-0.00352564,-32.0124
48.182,-1.4,-0.00322344,-31.9106
48.184,-1.4,-0.00292125,-31.8818
48.186,-1.4,-0.00211538,-31.9533
48.188,-1.4,-0.00282051,-31.8531
48.19,-1.4,-0.0040293,-31.8945
48.192,-1.4,-0.00382784,-31.9118
48.194,-1.4,-0.00342491,-31.9302
48.196,-1.4,-0.00312271,-31.9579
48.198,-1.4,-0.00332418,-31.936
48.2,-1.4,-0.00312271,-31.9141
48.202,-1.4,-0.00251832,-31.9441
48.204,-1.4,-0.00292125,-31.9568
48.206,-1.4,-0.00271978,-31.9418
48.208,-1.4,-0.00372711,-31.8657
48.21,-1.4,-0.00342491,-31.9926
48.212,-1.4,-0.00282051,-31.9556
48.214,-1.4,-0.00282051,-31.9522
48.216,-1.4,-0.00382784,-31.9371
48.218,-1.4,-0.00322344,-31.9394
48.22,-1.4,-0.00271978,-31.9869
48.222,-1.4,-0.00322344,-31.9256
48.224,-1.4,-0.00352564,-31.9314
48.226,-1.4,-0.00453297,-31.9233
48.228,-1.4,-0.0046337,-31.936
48.23,-1.4,-0.00413004,-31.9961
48.232,-1.4,-0.00392857,-32.0321
48.234,-1.4,-0.00453297,-32.0646
48.236,-1.4,-0.00413004,-32.0996
48.238,-1.4,-0.00322344,-32.1603
48.24,-1.4,-0.00302198,-32.144
48.242,-1.4,-0.00372711,-32.144
48.244,-1.4,-0.0043315,-32.2284
48.246,-1.4,-0.00332418,-32.2601
48.248,-1.4,-0.00352564,-32.3321
48.25,-1.4,-0.00342491,-32.2319
48.252,-1.4,-0.00282051,-32.259
48.254,-1.4,-0.00241758,-32.3392
48.256,-1.4,-0.00302198,-32.2731
48.258,-1.4,-0.00221612,-32.2366
48.26,-1.4,-0.00211538,-32.2331
48.262,-1.4,-0.00322344,-32.2366
48.264,-1.4,-0.00332418,-32.206
48.266,-1.4,-0.00221612,-32.2284
48.268,-1.4,-0.00312271,-32.1873
48.27,-1.4,-0.00302198,-32.1054
48.272,-1.4,-0.00302198,-32.0681
48.274,-1.4,-0.00221612,-32.1171
48.276,-1.4,-0.00261905,-32.0367
48.278,-1.4,-0.00332418,-32.0472
48.28,-1.4,-0.00443223,-32.0031
48.282,-1.4,-0.00312271,-32.0809
48.284,-1.4,-0.00322344,-32.0623
48.286,-1.4,-0.00322344,-32.0425
48.288,-1.4,-0.00362637,-32.0984
48.29,-1.4,-0.00271978,-32.1276
48.292,-1.4,-0.00352564,-32.0565
48.294,-1.4,-0.00241758,-32.0344
48.296,-1.4,-0.00372711,-32.0984
48.298,-1.4,-0.00292125,-32.1066
48.3,-1.4,-0.00332418,-32.1066
48.302,-1.4,-0.00261905,-32.1124
48.304,-1.4,-0.00282051,-32.0193
48.306,-1.4,-0.00382784,-32.0972
48.308,-1.4,-0.00282051,-32.0879
48.31,-1.4,-0.00231685,-32.0472
48.312,-1.4,-0.00312271,-32.0263
48.314,-1.4,-0.0043315,-32.0984
48.316,-1.4,-0.00423077,-32.0495
48.318,-1.4,-0.00372711,-32.0367
48.32,-1.4,-0.00392857,-31.9926
48.322,-1.4,-0.00362637,-32.0379
48.324,-1.4,-0.00362637,-32.0856
48.326,-1.4,-0.00342491,-32.06
48.328,-1.4,-0.00332418,-32.0996
48.33,-1.4,-0.00362637,-32.0147
48.332,-1.4,-0.00443223,-32.0693
48.334,-1.4,-0.00423077,-32.0902
48.336,-1.4,-0.00443223,-32.1486
48.338,-1.4,-0.0040293,-32.165
48.34,-1.4,-0.00392857,-32.1568
48.342,-1.4,-0.00392857,-32.2354
48.344,-1.4,-0.00251832,-32.2295
48.346,-1.4,-0.00282051,-32.2342
48.348,-1.4,-0.00282051,-32.1791
48.35,-1.4,-0.00413004,-32.1744
48.352,-1.4,-0.00352564,-32.1791
48.354,-1.4,-0.00302198,-32.2437
48.356,-1.4,-0.00292125,-32.1334
48.358,-1.4,-0.00352564,-32.1767
48.36,-1.4,-0.00302198,-32.1638
48.362,-1.4,-0.00251832,-32.0996
48.364,-1.4,-0.00251832,-32.0495
48.366,-1.4,-0.00322344,-32.2237
48.368,-1.4,-0.00423077,-31.9452
48.37,-1.4,-0.00251832,-32.0763
48.372,-1.4,-0.00261905,-31.9764
48.374,-1.4,-0.00322344,-31.891
48.376,-1.4,-0.00382784,-31.9961
48.378,-1.4,-0.00292125,-31.9129
48.38,-1.4,-0.00251832,-31.8956
48.382,-1.4,-0.00231685,-31.9788
48.384,-1.4,-0.00261905,-31.8726
48.386,-1.4,-0.00453297,-31.9348
48.388,-1.4,-0.00312271,-31.9279
48.39,-1.4,-0.00271978,-31.9545
48.392,-1.4,-0.00423077,-31.9903
48.394,-1.4,-0.0043315,-31.9707
48.396,-1.4,-0.00322344,-31.9926
48.398,-1.4,-0.00251832,-31.9718
48.4,-1.4,-0.00211538,-31.9869
48.402,-1.4,-0.00211538,-31.9857
48.404,-1.4,-0.00352564,-31.9095
48.406,-1.4,-0.00362637,-31.8519
48.408,-1.4,-0.00282051,-31.9973
48.41,-1.4,-0.00342491,-31.9915
48.412,-1.4,-0.00342491,-31.9788
48.414,-1.4,-0.00271978,-31.9695
48.416,-1.4,-0.00211538,-31.9707
48.418,-1.4,-0.00382784,-31.9568
48.42,-1.4,-0.0040293,-31.9672
48.422,-1.4,-0.0043315,-31.9556
48.424,-1.4,-0.00413004,-32.0089
48.426,-1.4,-0.00292125,-32.0739
48.428,-1.4,-0.00352564,-32.0379
48.43,-1.4,-0.0049359,-32.0658
48.432,-1.4,-0.00382784,-32.0961
48.434,-1.4,-0.00322344,-32.2354
48.436,-1.4,-0.00261905,-32.1404
48.438,-1.4,-0.00362637,-32.1299
48.44,-1.4,-0.0043315,-32.2248
48.442,-1.4,-0.00362637,-32.2014
48.444,-1.4,-0.00372711,-32.3156
48.446,-1.4,-0.00342491,-32.2072
48.448,-1.4,-0.00362637,-32.2425
48.45,-1.4,-0.00282051,-32.2908
48.452,-1.4,-0.00251832,-32.259
48.454,-1.4,-0.00271978,-32.2248
48.456,-1.4,-0.00352564,-32.2295
48.458,-1.4,-0.00352564,-32.2213
48.46,-1.4,-0.00312271,-32.2049
48.462,-1.4,-0.00261905,-32.226
48.464,-1.4,-0.00322344,-32.1838
48.466,-1.4,-0.00312271,-32.2366
48.468,-1.4,-0.00302198,-32.0809
48.47,-1.4,-0.00282051,-32.1264
48.472,-1.4,-0.00251832,-32.0414
48.474,-1.4,-0.00342491,-32.0321
48.476,-1.4,-0.0043315,-32.0809
48.478,-1.4,-0.00292125,-32.0821
48.48,-1.4,-0.00362637,-32.0623
48.482,-1.4,-0.00322344,-32.0414
48.484,-1.4,-0.00332418,-32.1323
48.486,-1.4,-0.00282051,-32.1299
48.488,-1.4,-0.00201465,-32.0623
48.49,-1.4,-0.00302198,-32.046
48.492,-1.4,-0.00282051,-32.0704
48.494,-1.4,-0.00322344,-32.0251
48.496,-1.4,-0.00282051,-32.1182
48.498,-1.4,-0.00372711,-32.1206
48.5,-1.4,-0.00302198,-32.0809
48.502,-1.4,-0.00312271,-32.1779
48.504,-1.4,-0.00261905,-32.0914
48.506,-1.4,-0.00251832,-32.0507
48.508,-1.4,-0.00312271,-32.024
48.51,-1.4,-0.00413004,-32.0216
48.512,-1.4,-0.00533883,-32.0321
48.514,-1.4,-0.00332418,-32.024
48.516,-1.4,-0.00443223,-31.9811
48.518,-1.4,-0.0046337,-32.0588
48.52,-1.4,-0.00413004,-32.0786
48.522,-1.4,-0.00352564,-32.0565
48.524,-1.4,-0.00382784,-32.0868
48.526,-1.4,-0.00332418,-32.0147
48.528,-1.4,-0.00453297,-32.0042
48.53,-1.4,-0.00423077,-32.0786
48.532,-1.4,-0.0040293,-32.1428
48.534,-1.4,-0.00362637,-32.1568
48.536,-1.4,-0.00413004,-32.1486
48.538,-1.4,-0.00443223,-32.2237
48.54,-1.4,-0.00271978,-32.2248
48.542,-1.4,-0.00211538,-32.226
48.544,-1.4,-0.00312271,-32.1615
48.546,-1.4,-0.00392857,-32.1627
48.548,-1.4,-0.00332418,-32.1744
48.55,-1.4,-0.00261905,-32.2331
48.552,-1.4,-0.00241758,-32.2072
48.554,-1.4,-0.00302198,-32.158
48.556,-1.4,-0.00322344,-32.1416
48.558,-1.4,-0.00241758,-32.0728
48.56,-1.4,-0.00211538,-32.0182
48.562,-1.4,-0.00342491,-31.8026
48.564,-1.4,-0.00342491,-31.9083
48.566,-1.4,-0.00352564,-32.0321
48.568,-1.4,-0.00342491,-31.9152
48.57,-1.4,-0.00342491,-31.8991
48.572,-1.4,-0.00312271,-31.9314
48.574,-1.4,-0.00292125,-31.8451
48.576,-1.4,-0.00342491,-31.8244
48.578,-1.4,-0.00251832,-31.8991
48.58,-1.4,-0.00251832,-31.8244
48.582,-1.4,-0.0040293,-31.8531
48.584,-1.4,-0.00352564,-31.837
48.586,-1.4,-0.00312271,-31.8634
48.588,-1.4,-0.00261905,-31.8991
48.59,-1.4,-0.00413004,-31.8703
48.592,-1.4,-0.00261905,-31.9037
48.594,-1.4,-0.00292125,-31.8807
48.596,-1.4,-0.00251832,-31.9072
48.598,-1.4,-0.00271978,-31.9014
48.6,-1.4,-0.0046337,-31.8175
48.602,-1.4,-0.00282051,-31.7752
48.604,-1.4,-0.00302198,-31.9187
48.606,-1.4,-0.00322344,-31.9187
48.608,-1.4,-0.00322344,-31.9129
48.61,-1.4,-0.00282051,-31.8979
48.612,-1.4,-0.00392857,-31.9129
48.614,-1.4,-0.00362637,-31.9095
48.616,-1.4,-0.00413004,-31.9221
48.618,-1.4,-0.00443223,-31.9152
48.62,-1.4,-0.00382784,-31.9244
48.622,-1.4,-0.00382784,-32.0472
48.624,-1.4,-0.00413004,-32.0251
48.626,-1.4,-0.00503663,-32.0507
48.628,-1.4,-0.00382784,-32.0844
48.63,-1.4,-0.00352564,-32.2272
48.632,-1.4,-0.00423077,-32.1299
48.634,-1.4,-0.00332418,-32.1358
48.636,-1.4,-0.00423077,-32.2178
48.638,-1.4,-0.00332418,-32.2014
48.64,-1.4,-0.00362637,-32.3215
48.642,-1.4,-0.00342491,-32.219
48.644,-1.4,-0.00322344,-32.246
48.646,-1.4,-0.00261905,-32.2979
48.648,-1.4,-0.00231685,-32.2637
48.65,-1.4,-0.00302198,-32.2225
48.652,-1.4,-0.00282051,-32.2201
48.654,-1.4,-0.00423077,-32.2178
48.656,-1.4,-0.00342491,-32.1967
48.658,-1.4,-0.00372711,-32.2166
48.66,-1.4,-0.00282051,-32.1744
48.662,-1.4,-0.00292125,-32.2284
48.664,-1.4,-0.00312271,-32.0693
48.666,-1.4,-0.00231685,-32.1147
48.668,-1.4,-0.00231685,-32.0391
48.67,-1.4,-0.00382784,-32.0263
48.672,-1.4,-0.00332418,-32.0704
48.674,-1.4,-0.00352564,-32.0763
48.676,-1.4,-0.00322344,-32.0553
48.678,-1.4,-0.00292125,-32.0402
48.68,-1.4,-0.0040293,-32.1288
48.682,-1.4,-0.00191392,-32.1264
48.684,-1.4,-0.00191392,-32.0553
48.686,-1.4,-0.00282051,-32.0391
48.688,-1.4,-0.00282051,-32.0658
48.69,-1.4,-0.00372711,-32.0135
48.692,-1.4,-0.00423077,-32.1019
48.694,-1.4,-0.00342491,-32.1042
48.696,-1.4,-0.00342491,-32.0182
48.698,-1.4,-0.00443223,-32.1556
48.7,-1.4,-0.0040293,-32.0821
48.702,-1.4,-0.00332418,-32.0298
48.704,-1.4,-0.00312271,-31.9926
48.706,-1.4,-0.00453297,-31.9984
48.708,-1.4,-0.00443223,-32.017
48.71,-1.4,-0.00362637,-32.0054
48.712,-1.4,-0.0043315,-31.9568
48.714,-1.4,-0.00372711,-31.9984
48.716,-1.4,-0.00423077,-32.0518
48.718,-1.4,-0.00352564,-32.0263
48.72,-1.4,-0.00332418,-32.06
48.722,-1.4,-0.00382784,-31.9857
48.724,-1.4,-0.00473443,-31.9845
48.726,-1.4,-0.00413004,-32.0437
48.728,-1.4,-0.00382784,-32.1101
48.73,-1.4,-0.00332418,-32.1276
48.732,-1.4,-0.00423077,-32.1206
48.734,-1.4,-0.00413004,-32.2096
48.736,-1.4,-0.00322344,-32.2014
48.738,-1.4,-0.00251832,-32.2178
48.74,-1.4,-0.00342491,-32.1627
48.742,-1.4,-0.00453297,-32.1603
48.744,-1.4,-0.00322344,-32.1674
48.746,-1.4,-0.00271978,-32.2342
48.748,-1.4,-0.00312271,-32.1253
48.75,-1.4,-0.00312271,-32.1674
48.752,-1.4,-0.00312271,-32.1521
48.754,-1.4,-0.00201465,-32.0891
48.756,-1.4,-0.00271978,-32.053
48.758,-1.4,-0.00312271,-31.8416
48.76,-1.4,-0.00372711,-31.9452
48.762,-1.4,-0.00292125,-32.0809
48.764,-1.4,-0.00332418,-31.9764
48.766,-1.4,-0.00241758,-31.8968
48.768,-1.4,-0.00342491,-32.0031
48.77,-1.4,-0.00312271,-31.9187
48.772,-1.4,-0.00201465,-31.9002
48.774,-1.4,-0.00251832,-31.9707
48.776,-1.4,-0.00312271,-31.9152
48.778,-1.4,-0.00413004,-31.9314
48.78,-1.4,-0.00282051,-31.921
48.782,-1.4,-0.00332418,-31.9464
48.784,-1.4,-0.00261905,-31.9753
48.786,-1.4,-0.00352564,-31.9926
48.788,-1.4,-0.00362637,-31.9741
48.79,-1.4,-0.00292125,-31.9556
48.792,-1.4,-0.00221612,-31.9695
48.794,-1.4,-0.00302198,-31.9626
48.796,-1.4,-0.00382784,-32.0379
48.798,-1.4,-0.00372711,-31.8267
48.8,-1.4,-0.00362637,-31.9718
48.802,-1.4,-0.00392857,-31.9672
48.804,-1.4,-0.00392857,-31.9545
48.806,-1.4,-0.00302198,-31.9753
48.808,-1.4,-0.00282051,-31.9371
48.81,-1.4,-0.00392857,-31.9337
48.812,-1.4,-0.00342491,-31.9348
48.814,-1.4,-0.00423077,-31.9337
48.816,-1.4,-0.00392857,-31.9903
48.818,-1.4,-0.00362637,-32.0611
48.82,-1.4,-0.00332418,-32.0402
48.822,-1.4,-0.00413004,-32.0728
48.824,-1.4,-0.00382784,-32.0518
48.826,-1.4,-0.00302198,-32.2448
48.828,-1.4,-0.00292125,-32.1533
48.83,-1.4,-0.00352564,-32.1428
48.832,-1.4,-0.00423077,-32.2731
48.834,-1.4,-0.00282051,-32.2213
48.836,-1.4,-0.00342491,-32.3428
48.838,-1.4,-0.00352564,-32.2413
48.84,-1.4,-0.00392857,-32.3546
48.842,-1.4,-0.00282051,-32.3132
48.844,-1.4,-0.00302198,-32.2755
48.846,-1.4,-0.00282051,-32.2401
48.848,-1.4,-0.00231685,-32.2696
48.85,-1.4,-0.00302198,-32.2331
48.852,-1.4,-0.00251832,-32.2119
48.854,-1.4,-0.00221612,-32.2331
48.856,-1.4,-0.00352564,-32.1732
48.858,-1.4,-0.00271978,-32.2284
48.86,-1.4,-0.00241758,-32.0716
48.862,-1.4,-0.00322344,-32.1182
48.864,-1.4,-0.00302198,-32.06
48.866,-1.4,-0.00372711,-32.0298
48.868,-1.4,-0.00423077,-32.0844
48.87,-1.4,-0.00352564,-32.0891
48.872,-1.4,-0.00271978,-32.0646
48.874,-1.4,-0.00382784,-32.1077
48.876,-1.4,-0.00342491,-32.1323
48.878,-1.4,-0.00211538,-32.1346
48.88,-1.4,-0.00312271,-32.06
48.882,-1.4,-0.00282051,-32.0704
48.884,-1.4,-0.00251832,-32.0658
48.886,-1.4,-0.00413004,-32.0182
48.888,-1.4,-0.00352564,-32.1112
48.89,-1.4,-0.00362637,-32.1124
48.892,-1.4,-0.0040293,-32.0844
48.894,-1.4,-0.00372711,-32.1756
48.896,-1.4,-0.00312271,-32.0972
48.898,-1.4,-0.00292125,-32.0588
48.9,-1.4,-0.00322344,-32.0391
48.902,-1.4,-0.00342491,-32.0425
48.904,-1.4,-0.00443223,-32.06
48.906,-1.4,-0.0043315,-32.06
48.908,-1.4,-0.00342491,-32.1241
48.91,-1.4,-0.00352564,-32.0844
48.912,-1.4,-0.00332418,-32.0996
48.914,-1.4,-0.00251832,-32.0739
48.916,-1.4,-0.00302198,-32.1124
48.918,-1.4,-0.00292125,-32.067
48.92,-1.4,-0.00453297,-32.0344
48.922,-1.4,-0.00372711,-32.0972
48.924,-1.4,-0.00362637,-32.1627
48.926,-1.4,-0.00322344,-32.1873
48.928,-1.4,-0.00342491,-32.158
48.93,-1.4,-0.00271978,-32.2413
48.932,-1.4,-0.00292125,-32.2307
48.934,-1.4,-0.00221612,-32.199
48.936,-1.4,-0.00312271,-32.1674
48.938,-1.4,-0.0043315,-32.1697
48.94,-1.4,-0.00352564,-32.1709
48.942,-1.4,-0.00332418,-32.1849
48.944,-1.4,-0.00322344,-32.2154
48.946,-1.4,-0.00332418,-32.1568
48.948,-1.4,-0.00271978,-32.1451
48.95,-1.4,-0.00332418,-32.1124
48.952,-1.4,-0.00181319,-32.0274
48.954,-1.4,-0.00282051,-31.8175
48.956,-1.4,-0.00392857,-31.9233
48.958,-1.4,-0.00473443,-32.0542
48.96,-1.4,-0.00302198,-32.017
48.962,-1.4,-0.00382784,-31.9279
48.964,-1.4,-0.00352564,-31.9568
48.966,-1.4,-0.00302198,-31.8818
48.968,-1.4,-0.00221612,-31.8657
48.97,-1.4,-0.00271978,-31.8152
48.972,-1.4,-0.00342491,-31.8634
48.974,-1.4,-0.00372711,-31.8853
48.976,-1.4,-0.00271978,-31.8784
48.978,-1.4,-0.00261905,-31.9049
48.98,-1.4,-0.00241758,-31.8749
48.982,-1.4,-0.00372711,-31.9545
48.984,-1.4,-0.00312271,-31.9325
48.986,-1.4,-0.00302198,-31.9118
48.988,-1.4,-0.00332418,-31.9394
48.99,-1.4,-0.00302198,-31.9244
48.992,-1.4,-0.00392857,-31.9938
48.994,-1.4,-0.00342491,-31.7981
48.996,-1.4,-0.00332418,-31.9406
48.998,-1.4,-0.0043315,-31.9406
49,-1.3,-0.00342491,-31.9244
49.002,-1.3,0.00392857,-31.7512
49.004,-1.3,0.00342491,-31.436
49.006,-1.3,0.00231685,-31.1798
49.008,-1.3,0.00161172,-30.9504
49.01,-1.3,0.000100733,-30.7394
49.012,-1.3,0.000302198,-30.5671
49.014,-1.3,-0.000604396,-30.4491
49.016,-1.3,-0.000201465,-30.3206
49.018,-1.3,-0.000805861,-30.2138
49.02,-1.3,-0.000100733,-30.1808
49.022,-1.3,-0.00100733,-29.9273
49.024,-1.3,-0.000705128,-30.0137
49.026,-1.3,-0.00161172,-29.9202
49.028,-1.3,-0.00211538,-29.8817
49.03,-1.3,-0.00261905,-29.8706
49.032,-1.3,-0.00221612,-29.776
49.034,-1.3,-0.00201465,-29.7099
49.036,-1.3,-0.00141026,-29.7209
49.038,-1.3,-0.00282051,-29.7549
49.04,-1.3,-0.00211538,-29.7109
49.042,-1.3,-0.00191392,-29.5767
49.044,-1.3,-0.00151099,-29.6024
49.046,-1.3,-0.00241758,-29.5164
49.048,-1.3,-0.00282051,-29.5046
49.05,-1.3,-0.00241758,-29.4456
49.052,-1.3,-0.00241758,-29.4201
49.054,-1.3,-0.00282051,-29.4024
49.056,-1.3,-0.00282051,-29.3224
49.058,-1.3,-0.00322344,-29.3254
49.06,-1.3,-0.00312271,-29.2574
49.062,-1.3,-0.00261905,-29.2865
49.064,-1.3,-0.00271978,-29.1965
49.066,-1.3,-0.00322344,-29.1936
49.068,-1.3,-0.00372711,-29.1416
49.07,-1.3,-0.00302198,-29.1589
49.072,-1.3,-0.00181319,-29.1859
49.074,-1.3,-0.00292125,-29.1608
49.076,-1.3,-0.00382784,-29.183
49.078,-1.3,-0.00352564,-29.1926
49.08,-1.3,-0.00241758,-29.1733
49.082,-1.3,-0.00251832,-29.2235
49.084,-1.3,-0.00191392,-29.1637
49.086,-1.3,-0.00352564,-29.1878
49.088,-1.3,-0.00382784,-29.1917
49.09,-1.3,-0.00312271,-29.211
49.092,-1.3,-0.00312271,-29.1253
49.094,-1.3,-0.00332418,-29.1791
49.096,-1.3,-0.0040293,-29.1685
49.098,-1.3,-0.00352564,-29.1772
49.1,-1.3,-0.00282051,-29.1878
49.102,-1.3,-0.00312271,-29.1589
49.104,-1.3,-0.00292125,-29.0831
49.106,-1.3,-0.00342491,-29.0735
49.108,-1.3,-0.00453297,-29.0869
49.11,-1.3,-0.00282051,-29.0831
49.112,-1.3,-0.00392857,-29.0907
49.114,-1.3,-0.00453297,-29.1157
49.116,-1.3,-0.00382784,-29.1032
49.118,-1.3,-0.00382784,-29.1061
49.12,-1.3,-0.00302198,-29.1157
49.122,-1.3,-0.00332418,-29.0869
49.124,-1.3,-0.0040293,-29.1157
49.126,-1.3,-0.00614469,-29.0821
49.128,-1.3,-0.0040293,-29.1464
49.13,-1.3,-0.00392857,-29.2003
49.132,-1.3,-0.00382784,-29.2303
49.134,-1.3,-0.00342491,-29.2865
49.136,-1.3,-0.00382784,-29.2797
49.138,-1.3,-0.00271978,-29.3059
49.14,-1.3,-0.00251832,-29.2991
49.142,-1.3,-0.00251832,-29.2458
49.144,-1.3,-0.00312271,-29.3195
49.146,-1.3,-0.00332418,-29.3224
49.148,-1.3,-0.00302198,-29.304
49.15,-1.3,-0.00292125,-29.3108
49.152,-1.3,-0.00362637,-29.2042
49.154,-1.3,-0.00231685,-29.2409
49.156,-1.3,-0.00302198,-29.2613
49.158,-1.3,-0.00271978,-29.2023
49.16,-1.3,-0.00302198,-29.1502
49.162,-1.3,-0.00282051,-28.9449
49.164,-1.3,-0.00322344,-29.0869
49.166,-1.3,-0.00342491,-28.9896
49.168,-1.3,-0.00302198,-28.9592
49.17,-1.3,-0.00362637,-29.0898
49.172,-1.3,-0.00302198,-29.0191
49.174,-1.3,-0.00312271,-29.0821
49.176,-1.3,-0.00413004,-28.9924
49.178,-1.3,-0.00332418,-29.0086
49.18,-1.3,-0.00231685,-28.9696
49.182,-1.3,-0.00312271,-28.9877
49.184,-1.3,-0.00241758,-29.0143
49.186,-1.3,-0.00372711,-28.9772
49.188,-1.3,-0.00342491,-29.0563
49.19,-1.3,-0.00302198,-29.02
49.192,-1.3,-0.00251832,-29.0086
49.194,-1.3,-0.00352564,-29.0869
49.196,-1.3,-0.00302198,-29.0467
49.198,-1.3,-0.00282051,-29.0639
49.2,-1.3,-0.00191392,-29.0372
49.202,-1.3,-0.00261905,-29.0401
49.204,-1.3,-0.00392857,-29.0745
49.206,-1.3,-0.00271978,-28.9165
49.208,-1.3,-0.00261905,-29.0668
49.21,-1.3,-0.00372711,-29.0831
49.212,-1.3,-0.00312271,-29.0907
49.214,-1.3,-0.00382784,-29.0573
49.216,-1.3,-0.00392857,-29.0936
49.218,-1.3,-0.00271978,-29.0534
49.22,-1.3,-0.00292125,-29.0955
49.222,-1.3,-0.00392857,-29.0315
49.224,-1.3,-0.00413004,-29.0506
49.226,-1.3,-0.00382784,-29.0639
49.228,-1.3,-0.0040293,-29.1541
49.23,-1.3,-0.00362637,-29.1176
49.232,-1.3,-0.00423077,-29.1118
49.234,-1.3,-0.0040293,-29.1897
49.236,-1.3,-0.00322344,-29.1425
49.238,-1.3,-0.00282051,-29.3127
49.24,-1.3,-0.00302198,-29.2283
49.242,-1.3,-0.00332418,-29.2254
49.244,-1.3,-0.00423077,-29.2622
49.246,-1.3,-0.00302198,-29.3108
49.248,-1.3,-0.00302198,-29.2894
49.25,-1.3,-0.00282051,-29.3829
49.252,-1.3,-0.00423077,-29.3819
49.254,-1.3,-0.00322344,-29.3917
49.256,-1.3,-0.00322344,-29.3176
49.258,-1.3,-0.00161172,-29.3848
49.26,-1.3,-0.00261905,-29.3078
49.262,-1.3,-0.00302198,-29.3049
49.264,-1.3,-0.00342491,-29.3059
49.266,-1.3,-0.00261905,-29.2855
49.268,-1.3,-0.00292125,-29.2419
49.27,-1.3,-0.00271978,-29.2361
49.272,-1.3,-0.00322344,-29.2554
49.274,-1.3,-0.00342491,-29.1907
49.276,-1.3,-0.00231685,-29.2467
49.278,-1.3,-0.00241758,-29.1397
49.28,-1.3,-0.00271978,-29.1368
49.282,-1.3,-0.00292125,-29.1137
49.284,-1.3,-0.00443223,-29.157
49.286,-1.3,-0.00302198,-29.1099
49.288,-1.3,-0.00322344,-29.1137
49.29,-1.3,-0.00332418,-29.1705
49.292,-1.3,-0.00382784,-29.2245
49.294,-1.3,-0.00312271,-29.2023
49.296,-1.3,-0.00251832,-29.1965
49.298,-1.3,-0.00241758,-29.2129
49.3,-1.3,-0.00251832,-29.2032
49.302,-1.3,-0.00322344,-29.1666
49.304,-1.3,-0.00382784,-29.1291
49.306,-1.3,-0.00392857,-29.2129
49.308,-1.3,-0.00362637,-29.2158
49.31,-1.3,-0.00352564,-29.2516
49.312,-1.3,-0.0046337,-29.211
49.314,-1.3,-0.00251832,-29.1627
49.316,-1.3,-0.00241758,-29.1782
49.318,-1.3,-0.00261905,-29.1166
49.32,-1.3,-0.00271978,-29.1945
49.322,-1.3,-0.00372711,-29.1051
49.324,-1.3,-0.00392857,-29.107
49.326,-1.3,-0.00302198,-29.1243
49.328,-1.3,-0.00413004,-29.0869
49.33,-1.3,-0.00413004,-29.1253
49.332,-1.3,-0.0043315,-29.181
49.334,-1.3,-0.00362637,-29.1743
49.336,-1.3,-0.00271978,-29.1666
49.338,-1.3,-0.00342491,-29.1349
49.34,-1.3,-0.00453297,-29.1454
49.342,-1.3,-0.0043315,-29.1637
49.344,-1.3,-0.0046337,-29.2061
49.346,-1.3,-0.00413004,-29.2467
49.348,-1.3,-0.00342491,-29.2632
49.35,-1.3,-0.00362637,-29.2487
49.352,-1.3,-0.00382784,-29.3526
49.354,-1.3,-0.00282051,-29.3244
49.356,-1.3,-0.00241758,-29.3215
49.358,-1.3,-0.00181319,-29.2719
49.36,-1.3,-0.00302198,-29.2651
49.362,-1.3,-0.00342491,-29.2651
49.364,-1.3,-0.00352564,-29.303
49.366,-1.3,-0.00261905,-29.2419
49.368,-1.3,-0.00261905,-29.2719
49.37,-1.3,-0.00372711,-29.2593
49.372,-1.3,-0.00302198,-29.2506
49.374,-1.3,-0.00292125,-29.181
49.376,-1.3,-0.00221612,-29.1368
49.378,-1.3,-0.00241758,-29.1695
49.38,-1.3,-0.00332418,-29.0678
49.382,-1.3,-0.00332418,-29.0649
49.384,-1.3,-0.00271978,-29.1003
49.386,-1.3,-0.00292125,-28.9535
49.388,-1.3,-0.00312271,-29.0334
49.39,-1.3,-0.00322344,-28.9364
49.392,-1.3,-0.00282051,-29.0764
49.394,-1.3,-0.00292125,-28.9867
49.396,-1.3,-0.00271978,-29.0525
49.398,-1.3,-0.00282051,-28.9715
49.4,-1.3,-0.00372711,-28.9839
49.402,-1.3,-0.00342491,-29.0601
49.404,-1.3,-0.00322344,-28.9991
49.406,-1.3,-0.00302198,-29.0238
49.408,-1.3,-0.00332418,-29.0067
49.41,-1.3,-0.00312271,-29.0611
49.412,-1.3,-0.00302198,-29.0994
49.414,-1.3,-0.00332418,-29.0506
49.416,-1.3,-0.00241758,-29.085
49.418,-1.3,-0.00302198,-29.0764
49.42,-1.3,-0.00382784,-29.0105
49.422,-1.3,-0.00282051,-29.1888
49.424,-1.3,-0.00271978,-29.0277
49.426,-1.3,-0.00221612,-29.0649
49.428,-1.3,-0.00302198,-29.0984
49.43,-1.3,-0.00352564,-29.0601
49.432,-1.3,-0.00352564,-29.1157
49.434,-1.3,-0.00282051,-29.0668
49.436,-1.3,-0.00292125,-29.0019
49.438,-1.3,-0.00332418,-29.0506
49.44,-1.3,-0.00413004,-29.0525
49.442,-1.3,-0.00372711,-29.0573
49.444,-1.3,-0.00352564,-29.1099
49.446,-1.3,-0.00322344,-29.1349
49.448,-1.3,-0.00453297,-29.2003
49.45,-1.3,-0.00282051,-29.2129
49.452,-1.3,-0.00312271,-29.2981
49.454,-1.3,-0.00322344,-29.1743
49.456,-1.3,-0.00271978,-29.2371
49.458,-1.3,-0.00392857,-29.3049
49.46,-1.3,-0.00312271,-29.3643
49.462,-1.3,-0.00342491,-29.3302
49.464,-1.3,-0.00322344,-29.3448
49.466,-1.3,-0.00332418,-29.3517
49.468,-1.3,-0.00302198,-29.4044
49.47,-1.3,-0.00241758,-29.3809
49.472,-1.3,-0.00241758,-29.4289
49.474,-1.3,-0.00211538,-29.339
49.476,-1.3,-0.00302198,-29.3575
49.478,-1.3,-0.00362637,-29.3302
49.48,-1.3,-0.00302198,-29.3663
49.482,-1.3,-0.00352564,-29.3001
49.484,-1.3,-0.00241758,-29.3176
49.486,-1.3,-0.00241758,-29.2729
49.488,-1.3,-0.00382784,-29.209
49.49,-1.3,-0.00261905,-29.2661
49.492,-1.3,-0.00271978,-29.1666
49.494,-1.3,-0.00261905,-29.1339
49.496,-1.3,-0.00221612,-29.1099
49.498,-1.3,-0.0043315,-29.1118
49.5,-1.3,-0.0040293,-29.1349
49.502,-1.3,-0.00322344,-29.1243
49.504,-1.3,-0.00241758,-29.1695
49.506,-1.3,-0.00302198,-29.1339
49.508,-1.3,-0.00382784,-29.2003
49.51,-1.3,-0.00261905,-29.1926
49.512,-1.3,-0.00261905,-29.1685
49.514,-1.3,-0.00261905,-29.1358
49.516,-1.3,-0.00241758,-29.131
49.518,-1.3,-0.00413004,-29.1705
49.52,-1.3,-0.00362637,-29.2187
49.522,-1.3,-0.00282051,-29.1128
49.524,-1.3,-0.00392857,-29.1974
49.526,-1.3,-0.00342491,-29.1618
49.528,-1.3,-0.00382784,-29.2467
49.53,-1.3,-0.00201465,-29.1772
49.532,-1.3,-0.00282051,-29.1608
49.534,-1.3,-0.00271978,-29.2061
49.536,-1.3,-0.00271978,-29.0946
49.538,-1.3,-0.0046337,-29.1281
49.54,-1.3,-0.00392857,-29.156
49.542,-1.3,-0.00352564,-29.0936
49.544,-1.3,-0.00423077,-29.1118
49.546,-1.3,-0.00483516,-29.1425
49.548,-1.3,-0.00312271,-29.1637
49.55,-1.3,-0.00392857,-29.1301
49.552,-1.3,-0.00292125,-29.1647
49.554,-1.3,-0.00261905,-29.2023
49.556,-1.3,-0.00292125,-29.1762
49.558,-1.3,-0.0040293,-29.1627
49.56,-1.3,-0.00392857,-29.1945
49.562,-1.3,-0.00302198,-29.209
49.564,-1.3,-0.00312271,-29.2429
49.566,-1.3,-0.00372711,-29.3322
49.568,-1.3,-0.00372711,-29.3088
49.57,-1.3,-0.00221612,-29.2913
49.572,-1.3,-0.00312271,-29.3117
49.574,-1.3,-0.00322344,-29.2661
49.576,-1.3,-0.00201465,-29.2972
49.578,-1.3,-0.00372711,-29.2787
49.58,-1.3,-0.00261905,-29.2661
49.582,-1.3,-0.00241758,-29.3224
49.584,-1.3,-0.00312271,-29.2438
49.586,-1.3,-0.0040293,-29.2332
49.588,-1.3,-0.00271978,-29.2613
49.59,-1.3,-0.00251832,-29.2081
49.592,-1.3,-0.00211538,-29.1243
49.594,-1.3,-0.00221612,-28.9307
49.596,-1.3,-0.00372711,-29.0353
49.598,-1.3,-0.00221612,-28.943
49.6,-1.3,-0.00322344,-28.9506
49.602,-1.3,-0.00282051,-29.0974
49.604,-1.3,-0.00322344,-28.9791
49.606,-1.3,-0.00352564,-28.9943
49.608,-1.3,-0.00292125,-28.9782
49.61,-1.3,-0.00221612,-29.0458
49.612,-1.3,-0.00322344,-28.9336
49.614,-1.3,-0.00362637,-28.981
49.616,-1.3,-0.00352564,-29.0115
49.618,-1.3,-0.00302198,-29.0105
49.62,-1.3,-0.00271978,-29.041
49.622,-1.3,-0.00241758,-29.0096
49.624,-1.3,-0.00382784,-29.0229
49.626,-1.3,-0.00271978,-29.0792
49.628,-1.3,-0.00241758,-29.0391
49.63,-1.3,-0.00211538,-29.0821
49.632,-1.3,-0.00282051,-29.0467
49.634,-1.3,-0.00292125,-29.0582
49.636,-1.3,-0.0043315,-29.1214
49.638,-1.3,-0.00342491,-28.9373
49.64,-1.3,-0.00362637,-29.0573
49.642,-1.3,-0.00392857,-29.0181
49.644,-1.3,-0.00332418,-29.0334
49.646,-1.3,-0.00382784,-29.0467
49.648,-1.3,-0.00352564,-29.0172
49.65,-1.3,-0.00292125,-29.0401
49.652,-1.3,-0.00322344,-29.0353
49.654,-1.3,-0.00342491,-29.0134
49.656,-1.3,-0.00453297,-29.1137
49.658,-1.3,-0.00312271,-29.0544
49.66,-1.3,-0.00392857,-29.1272
49.662,-1.3,-0.00352564,-29.1013
49.664,-1.3,-0.0046337,-29.1195
49.666,-1.3,-0.00322344,-29.2023
49.668,-1.3,-0.00322344,-29.063
49.67,-1.3,-0.00261905,-29.2477
49.672,-1.3,-0.00332418,-29.2245
49.674,-1.3,-0.0043315,-29.268
49.676,-1.3,-0.00292125,-29.3292
49.678,-1.3,-0.00292125,-29.2826
49.68,-1.3,-0.00271978,-29.2807
49.682,-1.3,-0.00261905,-29.2933
49.684,-1.3,-0.0043315,-29.3137
49.686,-1.3,-0.00271978,-29.3995
49.688,-1.3,-0.00261905,-29.2952
49.69,-1.3,-0.00332418,-29.2826
49.692,-1.3,-0.00332418,-29.2855
49.694,-1.3,-0.00392857,-29.2913
49.696,-1.3,-0.00302198,-29.2894
49.698,-1.3,-0.00322344,-29.2748
49.7,-1.3,-0.00342491,-29.1945
49.702,-1.3,-0.00352564,-29.2283
49.704,-1.3,-0.00332418,-29.2923
49.706,-1.3,-0.00302198,-29.1445
49.708,-1.3,-0.00261905,-29.1339
49.71,-1.3,-0.00231685,-29.1435
49.712,-1.3,-0.00261905,-29.1099
49.714,-1.3,-0.00392857,-29.1425
49.716,-1.3,-0.00332418,-29.1349
49.718,-1.3,-0.00342491,-29.1329
49.72,-1.3,-0.00322344,-29.1137
49.722,-1.3,-0.00282051,-29.1531
49.724,-1.3,-0.00362637,-29.2023
49.726,-1.3,-0.00261905,-29.2013
49.728,-1.3,-0.00161172,-29.1493
49.73,-1.3,-0.00292125,-29.1358
49.732,-1.3,-0.00312271,-29.1733
49.734,-1.3,-0.00392857,-29.2158
49.736,-1.3,-0.00362637,-29.1166
49.738,-1.3,-0.00302198,-29.2013
49.74,-1.3,-0.00261905,-29.1233
49.742,-1.3,-0.00473443,-29.2671
49.744,-1.3,-0.00312271,-29.1965
49.746,-1.3,-0.00352564,-29.1868
49.748,-1.3,-0.00302198,-29.1493
49.75,-1.3,-0.00362637,-29.1118
49.752,-1.3,-0.00362637,-29.1801
49.754,-1.3,-0.00423077,-29.1772
49.756,-1.3,-0.00352564,-29.1349
49.758,-1.3,-0.00322344,-29.1666
49.76,-1.3,-0.00322344,-29.0946
49.762,-1.3,-0.00473443,-29.1656
49.764,-1.3,-0.0040293,-29.1753
49.766,-1.3,-0.00302198,-29.1695
49.768,-1.3,-0.00282051,-29.1541
49.77,-1.3,-0.00362637,-29.131
49.772,-1.3,-0.0043315,-29.1531
49.774,-1.3,-0.00392857,-29.2274
49.776,-1.3,-0.00342491,-29.2254
49.778,-1.3,-0.00392857,-29.2216
49.78,-1.3,-0.00332418,-29.2574
49.782,-1.3,-0.00392857,-29.3117
49.784,-1.3,-0.00322344,-29.3409
49.786,-1.3,-0.00221612,-29.3263
49.788,-1.3,-0.00241758,-29.2719
49.79,-1.3,-0.00231685,-29.27
49.792,-1.3,-0.00362637,-29.271
49.794,-1.3,-0.00292125,-29.2865
49.796,-1.3,-0.00261905,-29.3341
49.798,-1.3,-0.00352564,-29.2719
49.8,-1.3,-0.00362637,-29.2768
49.802,-1.3,-0.00322344,-29.2913
49.804,-1.3,-0.00241758,-29.2293
49.806,-1.3,-0.00201465,-29.2023
49.808,-1.3,-0.00181319,-29.2332
49.81,-1.3,-0.00312271,-29.108
49.812,-1.3,-0.00392857,-29.0162
49.814,-1.3,-0.00362637,-29.1522
49.816,-1.3,-0.00271978,-29.0525
49.818,-1.3,-0.00322344,-28.9744
49.82,-1.3,-0.00352564,-29.0946
49.822,-1.3,-0.00362637,-29.1358
49.824,-1.3,-0.00271978,-29.0353
49.826,-1.3,-0.00251832,-28.9744
49.828,-1.3,-0.00201465,-29
49.83,-1.3,-0.00342491,-28.9497
49.832,-1.3,-0.00332418,-29.001
49.834,-1.3,-0.00282051,-29.0563
49.836,-1.3,-0.00231685,-29.0401
49.838,-1.3,-0.00231685,-29.0687
49.84,-1.3,-0.00342491,-29.0487
49.842,-1.3,-0.00312271,-29.0439
49.844,-1.3,-0.00251832,-29.1061
49.846,-1.3,-0.00282051,-29.0649
49.848,-1.3,-0.00271978,-29.0191
49.85,-1.3,-0.00382784,-29.063
49.852,-1.3,-0.00382784,-29.0955
49.854,-1.3,-0.00332418,-29.107
49.856,-1.3,-0.00292125,-29.0057
49.858,-1.3,-0.00332418,-29.0764
49.86,-1.3,-0.00362637,-29.0439
49.862,-1.3,-0.00392857,-29.0382
49.864,-1.3,-0.00352564,-29.0812
49.866,-1.3,-0.00302198,-29.0124
49.868,-1.3,-0.00392857,-29.0391
49.87,-1.3,-0.00453297,-29.0659
49.872,-1.3,-0.00382784,-29.0487
49.874,-1.3,-0.00322344,-29.0735
49.876,-1.3,-0.00392857,-29.0401
49.878,-1.3,-0.00352564,-29.0888
49.88,-1.3,-0.00483516,-29.1839
49.882,-1.3,-0.00392857,-29.1888
49.884,-1.3,-0.00282051,-29.2516
49.886,-1.3,-0.00352564,-29.1984
49.888,-1.3,-0.00322344,-29.2312
49.89,-1.3,-0.00423077,-29.2923
49.892,-1.3,-0.00352564,-29.2865
49.894,-1.3,-0.00271978,-29.3468
49.896,-1.3,-0.00282051,-29.2942
49.898,-1.3,-0.00362637,-29.3809
49.9,-1.3,-0.00282051,-29.4191
49.902,-1.3,-0.00201465,-29.3809
49.904,-1.3,-0.00231685,-29.3312
49.906,-1.3,-0.00352564,-29.302
49.908,-1.3,-0.00251832,-29.2972
49.91,-1.3,-0.00372711,-29.2991
49.912,-1.3,-0.00292125,-29.2613
49.914,-1.3,-0.00292125,-29.2419
49.916,-1.3,-0.00282051,-29.2177
49.918,-1.3,-0.00342491,-29.1878
49.92,-1.3,-0.00282051,-29.1917
49.922,-1.3,-0.00161172,-29.1685
49.924,-1.3,-0.00271978,-29.1147
49.926,-1.3,-0.00312271,-29.1003
49.928,-1.3,-0.00382784,-29.1089
49.93,-1.3,-0.00382784,-29.0812
49.932,-1.3,-0.00392857,-29.0812
49.934,-1.3,-0.00302198,-29.1377
49.936,-1.3,-0.00292125,-29.1301
49.938,-1.3,-0.00352564,-29.1666
49.94,-1.3,-0.00312271,-29.183
49.942,-1.3,-0.00292125,-29.1666
49.944,-1.3,-0.00181319,-29.2303
49.946,-1.3,-0.00261905,-29.155
49.948,-1.3,-0.00332418,-29.1579
49.95,-1.3,-0.00413004,-29.2061
49.952,-1.3,-0.00302198,-29.2293
49.954,-1.3,-0.00261905,-29.1512
49.956,-1.3,-0.00362637,-29.2545
49.958,-1.3,-0.00382784,-29.1965
49.96,-1.3,-0.00362637,-29.2158
49.962,-1.3,-0.00292125,-29.2351
49.964,-1.3,-0.00342491,-29.1705
49.966,-1.3,-0.00271978,-29.1358
49.968,-1.3,-0.00322344,-29.1358
49.97,-1.3,-0.00332418,-29.1397
49.972,-1.3,-0.00352564,-29.1349
49.974,-1.3,-0.00322344,-29.1512
49.976,-1.3,-0.00332418,-29.1695
49.978,-1.3,-0.00382784,-29.1627
49.98,-1.3,-0.00322344,-29.1801
49.982,-1.3,-0.00282051,-29.1685
49.984,-1.3,-0.00372711,-29.1301
49.986,-1.3,-0.00322344,-29.1599
49.988,-1.3,-0.00473443,-29.2332
49.99,-1.3,-0.00352564,-29.182
49.992,-1.3,-0.00362637,-29.2283
49.994,-1.3,-0.00352564,-29.2506
49.996,-1.3,-0.00302198,-29.2506
49.998,-1.3,-0.00352564,-29.3458
50,-1.2,-0.00271978,-29.3215
50.002,-1.2,0.00443223,-29.1541
50.004,-1.2,0.00362637,-28.8844
50.006,-1.2,0.00221612,-28.6744
50.008,-1.2,0.00130952,-28.4455
50.01,-1.2,0.00141026,-28.2211
50.012,-1.2,0.00100733,-28.0767
50.014,-1.2,0.000604396,-27.8133
50.016,-1.2,0,-27.7295
50.018,-1.2,-0.000100733,-27.6091
50.02,-1.2,-0.000604396,-27.4957
50.022,-1.2,-0.00040293,-27.3104
50.024,-1.2,-0.000906593,-27.1718
50.026,-1.2,-0.00120879,-26.9013
50.028,-1.2,-0.00211538,-27.0173
50.03,-1.2,-0.00120879,-26.8931
50.032,-1.2,-0.00181319,-26.8588
50.034,-1.2,-0.000906593,-26.6876
50.036,-1.2,-0.00171245,-26.7215
50.038,-1.2,-0.00241758,-26.7102
50.04,-1.2,-0.00181319,-26.6185
50.042,-1.2,-0.00261905,-26.6225
50.044,-1.2,-0.00181319,-26.5258
50.046,-1.2,-0.00171245,-26.5098
50.048,-1.2,-0.00161172,-26.5003
50.05,-1.2,-0.00271978,-26.5059
50.052,-1.2,-0.00342491,-26.4924
50.054,-1.2,-0.00241758,-26.4511
50.056,-1.2,-0.00201465,-26.4654
50.058,-1.2,-0.00161172,-26.4377
50.06,-1.2,-0.00312271,-26.5075
50.062,-1.2,-0.00292125,-26.4844
50.064,-1.2,-0.00282051,-26.4574
50.066,-1.2,-0.00282051,-26.4448
50.068,-1.2,-0.00292125,-26.399
50.07,-1.2,-0.00312271,-26.3848
50.072,-1.2,-0.00372711,-26.4812
50.074,-1.2,-0.00342491,-26.4551
50.076,-1.2,-0.00352564,-26.3934
50.078,-1.2,-0.00231685,-26.38
50.08,-1.2,-0.00302198,-26.3274
50.082,-1.2,-0.00362637,-26.3611
50.084,-1.2,-0.00312271,-26.3895
50.086,-1.2,-0.00312271,-26.3911
50.088,-1.2,-0.00352564,-26.3816
50.09,-1.2,-0.00312271,-26.3321
50.092,-1.2,-0.00382784,-26.3305
50.094,-1.2,-0.00342491,-26.4195
50.096,-1.2,-0.00352564,-26.3611
50.098,-1.2,-0.00322344,-26.3659
50.1,-1.2,-0.00382784,-26.3887
50.102,-1.2,-0.00362637,-26.4543
50.104,-1.2,-0.00392857,-26.463
50.106,-1.2,-0.00382784,-26.4266
50.108,-1.2,-0.00362637,-26.5816
50.11,-1.2,-0.00332418,-26.482
50.112,-1.2,-0.00251832,-26.5449
50.114,-1.2,-0.00413004,-26.5912
50.116,-1.2,-0.00322344,-26.6297
50.118,-1.2,-0.00342491,-26.5888
50.12,-1.2,-0.00312271,-26.6852
50.122,-1.2,-0.00372711,-26.6048
50.124,-1.2,-0.00362637,-26.6136
50.126,-1.2,-0.00322344,-26.6731
50.128,-1.2,-0.00251832,-26.608
50.13,-1.2,-0.00322344,-26.6217
50.132,-1.2,-0.00261905,-26.5856
50.134,-1.2,-0.00312271,-26.5872
50.136,-1.2,-0.00362637,-26.588
50.138,-1.2,-0.00342491,-26.5672
50.14,-1.2,-0.00312271,-26.5521
50.142,-1.2,-0.00362637,-26.5473
50.144,-1.2,-0.00322344,-26.5067
50.146,-1.2,-0.00372711,-26.4995
50.148,-1.2,-0.00332418,-26.44
50.15,-1.2,-0.00282051,-26.5003
50.152,-1.2,-0.00221612,-26.3879
50.154,-1.2,-0.00292125,-26.3777
50.156,-1.2,-0.00261905,-26.3651
50.158,-1.2,-0.00443223,-26.4021
50.16,-1.2,-0.00312271,-26.4045
50.162,-1.2,-0.00382784,-26.3761
50.164,-1.2,-0.00423077,-26.4179
50.166,-1.2,-0.00312271,-26.3966
50.168,-1.2,-0.00342491,-26.4773
50.17,-1.2,-0.00312271,-26.4638
50.172,-1.2,-0.00221612,-26.4638
50.174,-1.2,-0.00211538,-26.4963
50.176,-1.2,-0.00211538,-26.4092
50.178,-1.2,-0.00231685,-26.4614
50.18,-1.2,-0.00382784,-26.486
50.182,-1.2,-0.00302198,-26.4947
50.184,-1.2,-0.00282051,-26.4685
50.186,-1.2,-0.00312271,-26.4765
50.188,-1.2,-0.00292125,-26.4021
50.19,-1.2,-0.00382784,-26.4757
50.192,-1.2,-0.00241758,-26.4226
50.194,-1.2,-0.00282051,-26.4844
50.196,-1.2,-0.00231685,-26.4234
50.198,-1.2,-0.00261905,-26.3911
50.2,-1.2,-0.00261905,-26.4464
50.202,-1.2,-0.00372711,-26.4195
50.204,-1.2,-0.00392857,-26.4139
50.206,-1.2,-0.00362637,-26.384
50.208,-1.2,-0.00372711,-26.4479
50.21,-1.2,-0.00392857,-26.4187
50.212,-1.2,-0.0040293,-26.4424
50.214,-1.2,-0.0040293,-26.4384
50.216,-1.2,-0.00302198,-26.4187
50.218,-1.2,-0.00332418,-26.3958
50.22,-1.2,-0.00322344,-26.4021
50.222,-1.2,-0.00503663,-26.3911
50.224,-1.2,-0.00423077,-26.4979
50.226,-1.2,-0.00372711,-26.4828
50.228,-1.2,-0.00241758,-26.5289
50.23,-1.2,-0.00342491,-26.5297
50.232,-1.2,-0.0040293,-26.5114
50.234,-1.2,-0.00352564,-26.6168
50.236,-1.2,-0.00322344,-26.588
50.238,-1.2,-0.00191392,-26.5776
50.24,-1.2,-0.00231685,-26.5289
50.242,-1.2,-0.00231685,-26.5864
50.244,-1.2,-0.00413004,-26.5202
50.246,-1.2,-0.00342491,-26.5441
50.248,-1.2,-0.00261905,-26.5457
50.25,-1.2,-0.00261905,-26.5712
50.252,-1.2,-0.00312271,-26.509
50.254,-1.2,-0.00372711,-26.4804
50.256,-1.2,-0.00332418,-26.4741
50.258,-1.2,-0.00271978,-26.4487
50.26,-1.2,-0.00241758,-26.3745
50.262,-1.2,-0.00271978,-26.1955
50.264,-1.2,-0.00261905,-26.3148
50.266,-1.2,-0.00292125,-26.2336
50.268,-1.2,-0.00332418,-26.3431
50.27,-1.2,-0.00322344,-26.1768
50.272,-1.2,-0.00352564,-26.2375
50.274,-1.2,-0.00443223,-26.2056
50.276,-1.2,-0.0043315,-26.1474
50.278,-1.2,-0.00362637,-26.2149
50.28,-1.2,-0.00271978,-26.2297
50.282,-1.2,-0.00322344,-26.1916
50.284,-1.2,-0.00322344,-26.2133
50.286,-1.2,-0.00292125,-26.1737
50.288,-1.2,-0.00292125,-26.2336
50.29,-1.2,-0.00322344,-26.2421
50.292,-1.2,-0.00312271,-26.2687
50.294,-1.2,-0.00312271,-26.2562
50.296,-1.2,-0.00352564,-26.3093
50.298,-1.2,-0.00382784,-26.289
50.3,-1.2,-0.00271978,-26.325
50.302,-1.2,-0.00211538,-26.3007
50.304,-1.2,-0.00342491,-26.2788
50.306,-1.2,-0.00261905,-26.2757
50.308,-1.2,-0.00271978,-26.2749
50.31,-1.2,-0.00382784,-26.3556
50.312,-1.2,-0.00362637,-26.211
50.314,-1.2,-0.00332418,-26.3062
50.316,-1.2,-0.00362637,-26.2851
50.318,-1.2,-0.00372711,-26.3384
50.32,-1.2,-0.00362637,-26.3101
50.322,-1.2,-0.00342491,-26.3384
50.324,-1.2,-0.00282051,-26.2952
50.326,-1.2,-0.00342491,-26.3376
50.328,-1.2,-0.00322344,-26.2968
50.33,-1.2,-0.0046337,-26.3227
50.332,-1.2,-0.0043315,-26.2827
50.334,-1.2,-0.00372711,-26.3344
50.336,-1.2,-0.00302198,-26.3431
50.338,-1.2,-0.0040293,-26.3619
50.34,-1.2,-0.00332418,-26.4337
50.342,-1.2,-0.00382784,-26.4345
50.344,-1.2,-0.00372711,-26.5003
50.346,-1.2,-0.00312271,-26.5624
50.348,-1.2,-0.00322344,-26.4567
50.35,-1.2,-0.00282051,-26.4939
50.352,-1.2,-0.00423077,-26.5608
50.354,-1.2,-0.00382784,-26.5944
50.356,-1.2,-0.00302198,-26.5664
50.358,-1.2,-0.00292125,-26.6546
50.36,-1.2,-0.00282051,-26.5752
50.362,-1.2,-0.00382784,-26.6305
50.364,-1.2,-0.00261905,-26.6449
50.366,-1.2,-0.00201465,-26.5816
50.368,-1.2,-0.00201465,-26.6417
50.37,-1.2,-0.00191392,-26.564
50.372,-1.2,-0.00322344,-26.5608
50.374,-1.2,-0.00392857,-26.5712
50.376,-1.2,-0.00271978,-26.5608
50.378,-1.2,-0.00362637,-26.5329
50.38,-1.2,-0.00332418,-26.4567
50.382,-1.2,-0.00191392,-26.4971
50.384,-1.2,-0.00312271,-26.4812
50.386,-1.2,-0.00322344,-26.4884
50.388,-1.2,-0.00282051,-26.4757
50.39,-1.2,-0.00221612,-26.3737
50.392,-1.2,-0.00292125,-26.3556
50.394,-1.2,-0.00352564,-26.3596
50.396,-1.2,-0.00413004,-26.38
50.398,-1.2,-0.00362637,-26.3816
50.4,-1.2,-0.00322344,-26.3737
50.402,-1.2,-0.00292125,-26.3919
50.404,-1.2,-0.00453297,-26.3674
50.406,-1.2,-0.00352564,-26.4432
50.408,-1.2,-0.00322344,-26.4266
50.41,-1.2,-0.00231685,-26.425
50.412,-1.2,-0.00302198,-26.4551
50.414,-1.2,-0.00271978,-26.3974
50.416,-1.2,-0.00392857,-26.4234
50.418,-1.2,-0.0040293,-26.4487
50.42,-1.2,-0.00372711,-26.3486
50.422,-1.2,-0.00342491,-26.4313
50.424,-1.2,-0.00362637,-26.4456
50.426,-1.2,-0.00332418,-26.4108
50.428,-1.2,-0.00382784,-26.4416
50.43,-1.2,-0.00342491,-26.384
50.432,-1.2,-0.00332418,-26.444
50.434,-1.2,-0.00211538,-26.3816
50.436,-1.2,-0.00342491,-26.3415
50.438,-1.2,-0.00392857,-26.399
50.44,-1.2,-0.00423077,-26.3958
50.442,-1.2,-0.00342491,-26.3556
50.444,-1.2,-0.00352564,-26.3274
50.446,-1.2,-0.00332418,-26.3431
50.448,-1.2,-0.00332418,-26.3737
50.45,-1.2,-0.00382784,-26.3919
50.452,-1.2,-0.00332418,-26.3942
50.454,-1.2,-0.00282051,-26.3863
50.456,-1.2,-0.00302198,-26.3549
50.458,-1.2,-0.00382784,-26.3682
50.46,-1.2,-0.00453297,-26.3572
50.462,-1.2,-0.00382784,-26.4685
50.464,-1.2,-0.00312271,-26.4606
50.466,-1.2,-0.00251832,-26.509
50.468,-1.2,-0.00292125,-26.5106
50.47,-1.2,-0.00453297,-26.5043
50.472,-1.2,-0.00392857,-26.584
50.474,-1.2,-0.00292125,-26.5856
50.476,-1.2,-0.00251832,-26.5816
50.478,-1.2,-0.00312271,-26.5984
50.48,-1.2,-0.00352564,-26.6
50.482,-1.2,-0.00332418,-26.5417
50.484,-1.2,-0.00312271,-26.5481
50.486,-1.2,-0.00312271,-26.5728
50.488,-1.2,-0.00302198,-26.6008
50.49,-1.2,-0.00251832,-26.5258
50.492,-1.2,-0.00322344,-26.5258
50.494,-1.2,-0.00372711,-26.521
50.496,-1.2,-0.00271978,-26.4939
50.498,-1.2,-0.00241758,-26.4234
50.5,-1.2,-0.00261905,-26.2577
50.502,-1.2,-0.00261905,-26.3706
50.504,-1.2,-0.00332418,-26.2913
50.506,-1.2,-0.00271978,-26.4076
50.508,-1.2,-0.00322344,-26.239
50.51,-1.2,-0.00413004,-26.3729
50.512,-1.2,-0.00251832,-26.2734
50.514,-1.2,-0.00392857,-26.2094
50.516,-1.2,-0.00342491,-26.2734
50.518,-1.2,-0.00241758,-26.2593
50.52,-1.2,-0.00171245,-26.2585
50.522,-1.2,-0.00231685,-26.2812
50.524,-1.2,-0.00271978,-26.3054
50.526,-1.2,-0.00382784,-26.2937
50.528,-1.2,-0.00302198,-26.2976
50.53,-1.2,-0.00201465,-26.3336
50.532,-1.2,-0.00292125,-26.3109
50.534,-1.2,-0.00322344,-26.3674
50.536,-1.2,-0.00392857,-26.3501
50.538,-1.2,-0.00322344,-26.3934
50.54,-1.2,-0.00221612,-26.3541
50.542,-1.2,-0.00211538,-26.3297
50.544,-1.2,-0.00292125,-26.3187
50.546,-1.2,-0.00332418,-26.3588
50.548,-1.2,-0.00292125,-26.3942
50.55,-1.2,-0.00342491,-26.2421
50.552,-1.2,-0.00352564,-26.3541
50.554,-1.2,-0.00292125,-26.314
50.556,-1.2,-0.00413004,-26.3635
50.558,-1.2,-0.00332418,-26.3352
50.56,-1.2,-0.00342491,-26.3879
50.562,-1.2,-0.00332418,-26.3305
50.564,-1.2,-0.00332418,-26.3745
50.566,-1.2,-0.00392857,-26.3133
50.568,-1.2,-0.00483516,-26.3556
50.57,-1.2,-0.0040293,-26.3117
50.572,-1.2,-0.0040293,-26.3533
50.574,-1.2,-0.00322344,-26.4266
50.576,-1.2,-0.00312271,-26.3919
50.578,-1.2,-0.00392857,-26.4551
50.58,-1.2,-0.00372711,-26.4638
50.582,-1.2,-0.00312271,-26.525
50.584,-1.2,-0.00352564,-26.588
50.586,-1.2,-0.00322344,-26.5098
50.588,-1.2,-0.00322344,-26.5162
50.59,-1.2,-0.00332418,-26.58
50.592,-1.2,-0.00362637,-26.5784
50.594,-1.2,-0.00261905,-26.5864
50.596,-1.2,-0.00282051,-26.6803
50.598,-1.2,-0.00362637,-26.5904
50.6,-1.2,-0.00312271,-26.649
50.602,-1.2,-0.00282051,-26.6626
50.604,-1.2,-0.00261905,-26.6658
50.606,-1.2,-0.00221612,-26.6586
50.608,-1.2,-0.00241758,-26.5832
50.61,-1.2,-0.00221612,-26.5792
50.612,-1.2,-0.00292125,-26.5824
50.614,-1.2,-0.00251832,-26.5696
50.616,-1.2,-0.00241758,-26.5281
50.618,-1.2,-0.00322344,-26.4741
50.62,-1.2,-0.00352564,-26.5218
50.622,-1.2,-0.00352564,-26.4614
50.624,-1.2,-0.00292125,-26.521
50.626,-1.2,-0.00312271,-26.5067
50.628,-1.2,-0.00251832,-26.4163
50.63,-1.2,-0.00342491,-26.4061
50.632,-1.2,-0.00342491,-26.3982
50.634,-1.2,-0.00332418,-26.3737
50.636,-1.2,-0.00282051,-26.3911
50.638,-1.2,-0.00332418,-26.4163
50.64,-1.2,-0.00261905,-26.4345
50.642,-1.2,-0.00322344,-26.4638
50.644,-1.2,-0.00362637,-26.4733
50.646,-1.2,-0.00282051,-26.4796
50.648,-1.2,-0.00251832,-26.49
50.65,-1.2,-0.00171245,-26.4876
50.652,-1.2,-0.00271978,-26.4567
50.654,-1.2,-0.00292125,-26.4551
50.656,-1.2,-0.00322344,-26.4963
50.658,-1.2,-0.00282051,-26.41
50.66,-1.2,-0.00302198,-26.4828
50.662,-1.2,-0.00322344,-26.4179
50.664,-1.2,-0.00322344,-26.4701
50.666,-1.2,-0.00352564,-26.5489
50.668,-1.2,-0.00282051,-26.5273
50.67,-1.2,-0.00251832,-26.4472
50.672,-1.2,-0.00271978,-26.4369
50.674,-1.2,-0.00332418,-26.4519
50.676,-1.2,-0.00261905,-26.3958
50.678,-1.2,-0.00423077,-26.4487
50.68,-1.2,-0.00372711,-26.4005
50.682,-1.2,-0.00332418,-26.4337
50.684,-1.2,-0.00382784,-26.3958
50.686,-1.2,-0.00413004,-26.4361
50.688,-1.2,-0.00382784,-26.4384
50.69,-1.2,-0.00271978,-26.4226
50.692,-1.2,-0.00342491,-26.3895
50.694,-1.2,-0.00352564,-26.3856
50.696,-1.2,-0.00322344,-26.4029
50.698,-1.2,-0.0043315,-26.38
50.7,-1.2,-0.00392857,-26.4313
50.702,-1.2,-0.00352564,-26.4804
50.704,-1.2,-0.00352564,-26.509
50.706,-1.2,-0.00271978,-26.5051
50.708,-1.2,-0.0043315,-26.5944
50.71,-1.2,-0.00362637,-26.5728
50.712,-1.2,-0.00261905,-26.5592
50.714,-1.2,-0.00282051,-26.5529
50.716,-1.2,-0.00292125,-26.5648
50.718,-1.2,-0.00342491,-26.5114
50.72,-1.2,-0.00362637,-26.5688
50.722,-1.2,-0.00312271,-26.5035
50.724,-1.2,-0.00261905,-26.5568
50.726,-1.2,-0.00322344,-26.4916
50.728,-1.2,-0.00211538,-26.4916
50.73,-1.2,-0.00342491,-26.4812
50.732,-1.2,-0.00211538,-26.4479
50.734,-1.2,-0.00241758,-26.4132
50.736,-1.2,-0.00292125,-26.3619
50.738,-1.2,-0.00231685,-26.3785
50.74,-1.2,-0.00282051,-26.3376
50.742,-1.2,-0.00342491,-26.2382
50.744,-1.2,-0.00342491,-26.2009
50.746,-1.2,-0.00302198,-26.2601
50.748,-1.2,-0.00312271,-26.3133
50.75,-1.2,-0.00372711,-26.1737
50.752,-1.2,-0.00312271,-26.2196
50.754,-1.2,-0.00352564,-26.2827
50.756,-1.2,-0.00332418,-26.2071
50.758,-1.2,-0.00211538,-26.2796
50.76,-1.2,-0.00241758,-26.2219
50.762,-1.2,-0.00332418,-26.2648
50.764,-1.2,-0.00332418,-26.2515
50.766,-1.2,-0.00282051,-26.307
50.768,-1.2,-0.00312271,-26.2929
50.77,-1.2,-0.00302198,-26.2773
50.772,-1.2,-0.00322344,-26.2929
50.774,-1.2,-0.00282051,-26.3517
50.776,-1.2,-0.00241758,-26.3604
50.778,-1.2,-0.00231685,-26.3235
50.78,-1.2,-0.00292125,-26.3321
50.782,-1.2,-0.00221612,-26.2999
50.784,-1.2,-0.0049359,-26.3376
50.786,-1.2,-0.00372711,-26.1869
50.788,-1.2,-0.00332418,-26.3777
50.79,-1.2,-0.00312271,-26.3329
50.792,-1.2,-0.00322344,-26.2898
50.794,-1.2,-0.00372711,-26.3164
50.796,-1.2,-0.00322344,-26.3478
50.798,-1.2,-0.00282051,-26.3556
50.8,-1.2,-0.00271978,-26.3078
50.802,-1.2,-0.00302198,-26.2874
50.804,-1.2,-0.00372711,-26.2788
50.806,-1.2,-0.0046337,-26.3219
50.808,-1.2,-0.00362637,-26.3086
50.81,-1.2,-0.00372711,-26.3266
50.812,-1.2,-0.00392857,-26.3942
50.814,-1.2,-0.00302198,-26.3792
50.816,-1.2,-0.00453297,-26.4005
50.818,-1.2,-0.00413004,-26.4464
50.82,-1.2,-0.00352564,-26.5202
50.822,-1.2,-0.00282051,-26.4226
50.824,-1.2,-0.00231685,-26.5019
50.826,-1.2,-0.00211538,-26.5154
50.828,-1.2,-0.00362637,-26.5489
50.83,-1.2,-0.00332418,-26.5744
50.832,-1.2,-0.00322344,-26.6313
50.834,-1.2,-0.00271978,-26.5776
50.836,-1.2,-0.00302198,-26.6008
50.838,-1.2,-0.00382784,-26.6265
50.84,-1.2,-0.00221612,-26.6297
50.842,-1.2,-0.00221612,-26.6771
50.844,-1.2,-0.00282051,-26.5936
50.846,-1.2,-0.00292125,-26.596
50.848,-1.2,-0.00312271,-26.5928
50.85,-1.2,-0.00352564,-26.588
50.852,-1.2,-0.00271978,-26.5537
50.854,-1.2,-0.00282051,-26.5313
50.856,-1.2,-0.00292125,-26.5234
50.858,-1.2,-0.00322344,-26.4955
50.86,-1.2,-0.00312271,-26.4408
50.862,-1.2,-0.00282051,-26.4939
50.864,-1.2,-0.00181319,-26.3911
50.866,-1.2,-0.00282051,-26.3785
50.868,-1.2,-0.00282051,-26.3635
50.87,-1.2,-0.00251832,-26.336
50.872,-1.2,-0.00362637,-26.3274
50.874,-1.2,-0.00302198,-26.3486
50.876,-1.2,-0.00382784,-26.3816
50.878,-1.2,-0.00251832,-26.3541
50.88,-1.2,-0.00372711,-26.4147
50.882,-1.2,-0.00352564,-26.4297
50.884,-1.2,-0.00261905,-26.4258
50.886,-1.2,-0.00211538,-26.4369
50.888,-1.2,-0.00292125,-26.4377
50.89,-1.2,-0.00312271,-26.4337
50.892,-1.2,-0.00282051,-26.4116
50.894,-1.2,-0.0040293,-26.4543
50.896,-1.2,-0.0040293,-26.4717
50.898,-1.2,-0.00302198,-26.4321
50.9,-1.2,-0.00302198,-26.3667
50.902,-1.2,-0.00322344,-26.4971
50.904,-1.2,-0.00322344,-26.4947
50.906,-1.2,-0.00352564,-26.4733
50.908,-1.2,-0.00261905,-26.3982
50.91,-1.2,-0.00261905,-26.3494
50.912,-1.2,-0.00271978,-26.4108
50.914,-1.2,-0.00372711,-26.3533
50.916,-1.2,-0.00382784,-26.3659
50.918,-1.2,-0.00382784,-26.3611
50.92,-1.2,-0.00392857,-26.4068
50.922,-1.2,-0.00362637,-26.3439
50.924,-1.2,-0.00483516,-26.4092
50.926,-1.2,-0.00392857,-26.4037
50.928,-1.2,-0.00352564,-26.3926
50.93,-1.2,-0.00322344,-26.3667
50.932,-1.2,-0.00352564,-26.3627
50.934,-1.2,-0.00352564,-26.3911
50.936,-1.2,-0.0040293,-26.4574
50.938,-1.2,-0.00423077,-26.4195
50.94,-1.2,-0.00413004,-26.4662
50.942,-1.2,-0.00413004,-26.4574
50.944,-1.2,-0.00342491,-26.4987
50.946,-1.2,-0.0046337,-26.588
50.948,-1.2,-0.00352564,-26.5648
50.95,-1.2,-0.00282051,-26.5608
50.952,-1.2,-0.00241758,-26.56
50.954,-1.2,-0.00312271,-26.5218
50.956,-1.2,-0.00261905,-26.5194
50.958,-1.2,-0.00292125,-26.5816
50.96,-1.2,-0.00342491,-26.5568
50.962,-1.2,-0.00231685,-26.5704
50.964,-1.2,-0.00211538,-26.509
50.966,-1.2,-0.00332418,-26.5098
50.968,-1.2,-0.0040293,-26.4979
50.97,-1.2,-0.00261905,-26.4701
50.972,-1.2,-0.00231685,-26.4369
50.974,-1.2,-0.00282051,-26.3887
50.976,-1.2,-0.00271978,-26.4124
50.978,-1.2,-0.00302198,-26.3667
50.98,-1.2,-0.00342491,-26.5281
50.982,-1.2,-0.00352564,-26.2382
50.984,-1.2,-0.00322344,-26.2921
50.986,-1.2,-0.00312271,-26.3454
50.988,-1.2,-0.00352564,-26.204
50.99,-1.2,-0.00352564,-26.2577
50.992,-1.2,-0.00312271,-26.3242
50.994,-1.2,-0.00211538,-26.2726
50.996,-1.2,-0.00302198,-26.3086
50.998,-1.2,-0.00302198,-26.2546
51,-1.1,-0.00302198,-26.2913
51.002,-1.1,0.00312271,-26.1142
51.004,-1.1,0.00211538,-25.9439
51.006,-1.1,0.00171245,-25.7226
51.008,-1.1,0.00191392,-25.5125
51.01,-1.1,0.00100733,-25.3973
51.012,-1.1,-0.000503663,-25.2212
51.014,-1.1,0,-25.0887
51.016,-1.1,0.00040293,-24.9364
51.018,-1.1,-0.000100733,-24.8027
51.02,-1.1,-0.000302198,-24.6939
51.022,-1.1,-0.00130952,-24.5984
51.024,-1.1,-0.00171245,-24.6127
51.026,-1.1,-0.00231685,-24.5171
51.028,-1.1,-0.00181319,-24.3717
51.03,-1.1,-0.00151099,-24.3717
51.032,-1.1,-0.00251832,-24.3181
51.034,-1.1,-0.00261905,-24.2507
51.036,-1.1,-0.00292125,-24.2108
51.038,-1.1,-0.00271978,-24.1347
51.04,-1.1,-0.00171245,-24.1183
51.042,-1.1,-0.00221612,-24.1249
51.044,-1.1,-0.00282051,-24.0546
51.046,-1.1,-0.0046337,-24.0304
51.048,-1.1,-0.00352564,-24.0972
51.05,-1.1,-0.00372711,-23.9854
51.052,-1.1,-0.00322344,-23.9632
51.054,-1.1,-0.00322344,-24.0134
51.056,-1.1,-0.00302198,-23.9938
51.058,-1.1,-0.00443223,-24.0467
51.06,-1.1,-0.00362637,-24.1005
51.062,-1.1,-0.00312271,-24.1209
51.064,-1.1,-0.00282051,-24.0232
51.066,-1.1,-0.00191392,-24.0559
51.068,-1.1,-0.00332418,-24.111
51.07,-1.1,-0.0040293,-24.1334
51.072,-1.1,-0.00302198,-24.1783
51.074,-1.1,-0.00211538,-24.1704
51.076,-1.1,-0.00292125,-24.1282
51.078,-1.1,-0.00261905,-24.1268
51.08,-1.1,-0.00302198,-24.1704
51.082,-1.1,-0.00382784,-24.1611
51.084,-1.1,-0.00332418,-24.1651
51.086,-1.1,-0.00292125,-24.2042
51.088,-1.1,-0.00261905,-24.1896
51.09,-1.1,-0.00312271,-24.117
51.092,-1.1,-0.00271978,-24.113
51.094,-1.1,-0.00362637,-24.117
51.096,-1.1,-0.00302198,-24.0979
51.098,-1.1,-0.00312271,-24.0775
51.1,-1.1,-0.00271978,-24.0376
51.102,-1.1,-0.00271978,-24.0402
51.104,-1.1,-0.00413004,-24.0154
51.106,-1.1,-0.00372711,-23.9782
51.108,-1.1,-0.00342491,-24.0154
51.11,-1.1,-0.00261905,-24.0023
51.112,-1.1,-0.00241758,-23.9062
51.114,-1.1,-0.00282051,-23.8946
51.116,-1.1,-0.00282051,-23.8881
51.118,-1.1,-0.00453297,-23.8803
51.12,-1.1,-0.00382784,-23.9321
51.122,-1.1,-0.00352564,-23.8823
51.124,-1.1,-0.00352564,-23.9256
51.126,-1.1,-0.00221612,-23.912
51.128,-1.1,-0.00342491,-23.9769
51.13,-1.1,-0.00322344,-23.9964
51.132,-1.1,-0.00352564,-24.003
51.134,-1.1,-0.00292125,-23.9977
51.136,-1.1,-0.00261905,-24.0323
51.138,-1.1,-0.00191392,-24.0075
51.14,-1.1,-0.00342491,-23.9587
51.142,-1.1,-0.00423077,-24.0127
51.144,-1.1,-0.0043315,-23.9561
51.146,-1.1,-0.00322344,-24.0363
51.148,-1.1,-0.00302198,-24.0049
51.15,-1.1,-0.00332418,-23.9457
51.152,-1.1,-0.00342491,-23.9945
51.154,-1.1,-0.0040293,-24.0336
51.156,-1.1,-0.00423077,-23.9776
51.158,-1.1,-0.00282051,-24.0173
51.16,-1.1,-0.00342491,-23.986
51.162,-1.1,-0.00312271,-24.0023
51.164,-1.1,-0.00312271,-23.9191
51.166,-1.1,-0.00443223,-23.8991
51.168,-1.1,-0.00453297,-23.9146
51.17,-1.1,-0.0043315,-23.9062
51.172,-1.1,-0.00382784,-23.9302
51.174,-1.1,-0.00413004,-23.8881
51.176,-1.1,-0.00453297,-23.9114
51.178,-1.1,-0.00503663,-23.9386
51.18,-1.1,-0.00413004,-23.9088
51.182,-1.1,-0.00382784,-23.9334
51.184,-1.1,-0.00423077,-23.9327
51.186,-1.1,-0.00342491,-23.9658
51.188,-1.1,-0.0046337,-23.9094
51.19,-1.1,-0.00443223,-23.9886
51.192,-1.1,-0.0046337,-23.9574
51.194,-1.1,-0.00453297,-23.9997
51.196,-1.1,-0.00352564,-24.033
51.198,-1.1,-0.00413004,-24.0395
51.2,-1.1,-0.00332418,-24.0356
51.202,-1.1,-0.00443223,-24.0907
51.204,-1.1,-0.00332418,-24.117
51.206,-1.1,-0.00362637,-24.0953
51.208,-1.1,-0.00302198,-24.1064
51.21,-1.1,-0.00423077,-24.0618
51.212,-1.1,-0.00302198,-24.0605
51.214,-1.1,-0.00352564,-24.1163
51.216,-1.1,-0.00362637,-24.0585
51.218,-1.1,-0.00292125,-24.0775
51.22,-1.1,-0.00453297,-24.1025
51.222,-1.1,-0.00392857,-24.052
51.224,-1.1,-0.0040293,-24.0441
51.226,-1.1,-0.00342491,-24.0624
51.228,-1.1,-0.00382784,-24.0428
51.23,-1.1,-0.00292125,-23.9782
51.232,-1.1,-0.00241758,-23.9153
51.234,-1.1,-0.00251832,-23.9334
51.236,-1.1,-0.00312271,-23.89
51.238,-1.1,-0.00372711,-23.8134
51.24,-1.1,-0.00372711,-23.9172
51.242,-1.1,-0.0046337,-23.7552
51.244,-1.1,-0.0040293,-23.8147
51.246,-1.1,-0.00332418,-23.8237
51.248,-1.1,-0.0049359,-23.8707
51.25,-1.1,-0.00392857,-23.9165
51.252,-1.1,-0.00332418,-23.7897
51.254,-1.1,-0.00382784,-23.8064
51.256,-1.1,-0.00271978,-23.8333
51.258,-1.1,-0.00372711,-23.7839
51.26,-1.1,-0.00413004,-23.8288
51.262,-1.1,-0.00342491,-23.8218
51.264,-1.1,-0.00322344,-23.8295
51.266,-1.1,-0.00342491,-23.8038
51.268,-1.1,-0.00282051,-23.8359
51.27,-1.1,-0.00392857,-23.8333
51.272,-1.1,-0.00342491,-23.8662
51.274,-1.1,-0.00332418,-23.9198
51.276,-1.1,-0.00352564,-23.8604
51.278,-1.1,-0.00271978,-23.852
51.28,-1.1,-0.00362637,-23.8733
51.282,-1.1,-0.00342491,-23.8372
51.284,-1.1,-0.0043315,-23.834
51.286,-1.1,-0.00453297,-23.9256
51.288,-1.1,-0.00332418,-23.8971
51.29,-1.1,-0.00342491,-23.8237
51.292,-1.1,-0.00382784,-23.8778
51.294,-1.1,-0.00302198,-23.8849
51.296,-1.1,-0.00443223,-23.8597
51.298,-1.1,-0.00483516,-23.8778
51.3,-1.1,-0.00382784,-23.9036
51.302,-1.1,-0.00352564,-23.8501
51.304,-1.1,-0.00372711,-23.8907
51.306,-1.1,-0.00362637,-23.8565
51.308,-1.1,-0.0049359,-23.8597
51.31,-1.1,-0.0040293,-23.9483
51.312,-1.1,-0.00352564,-23.8649
51.314,-1.1,-0.00382784,-23.861
51.316,-1.1,-0.00392857,-23.9321
51.318,-1.1,-0.00413004,-23.9457
51.32,-1.1,-0.00413004,-23.9665
51.322,-1.1,-0.00392857,-24.0154
51.324,-1.1,-0.00352564,-24.0638
51.326,-1.1,-0.00382784,-24.1222
51.328,-1.1,-0.00322344,-24.0271
51.33,-1.1,-0.00362637,-24.0893
51.332,-1.1,-0.0043315,-24.1183
51.334,-1.1,-0.0043315,-24.1724
51.336,-1.1,-0.00362637,-24.1664
51.338,-1.1,-0.00302198,-24.1328
51.34,-1.1,-0.00312271,-24.1295
51.342,-1.1,-0.00372711,-24.1737
51.344,-1.1,-0.00392857,-24.1989
51.346,-1.1,-0.00292125,-24.2108
51.348,-1.1,-0.00271978,-24.146
51.35,-1.1,-0.00282051,-24.1684
51.352,-1.1,-0.00312271,-24.173
51.354,-1.1,-0.00362637,-24.1123
51.356,-1.1,-0.00423077,-24.1137
51.358,-1.1,-0.00322344,-24.1143
51.36,-1.1,-0.00382784,-24.0953
51.362,-1.1,-0.00292125,-24.0565
51.364,-1.1,-0.00282051,-24.0579
51.366,-1.1,-0.00322344,-24.033
51.368,-1.1,-0.00342491,-23.9841
51.37,-1.1,-0.00312271,-24.0336
51.372,-1.1,-0.00292125,-23.973
51.374,-1.1,-0.00292125,-23.9671
51.376,-1.1,-0.00261905,-23.934
51.378,-1.1,-0.00302198,-23.892
51.38,-1.1,-0.0043315,-23.892
51.382,-1.1,-0.00382784,-23.9412
51.384,-1.1,-0.00443223,-23.8913
51.386,-1.1,-0.00342491,-23.9405
51.388,-1.1,-0.00362637,-23.9178
51.39,-1.1,-0.00372711,-23.9795
51.392,-1.1,-0.00423077,-24.0101
51.394,-1.1,-0.00382784,-23.9997
51.396,-1.1,-0.00362637,-23.9854
51.398,-1.1,-0.00251832,-23.9678
51.4,-1.1,-0.00201465,-23.999
51.402,-1.1,-0.00332418,-23.9477
51.404,-1.1,-0.00483516,-24.0049
51.406,-1.1,-0.00413004,-23.9457
51.408,-1.1,-0.00292125,-24.031
51.41,-1.1,-0.00423077,-23.9997
51.412,-1.1,-0.00392857,-23.9418
51.414,-1.1,-0.00392857,-23.9503
51.416,-1.1,-0.00392857,-24.0167
51.418,-1.1,-0.00413004,-24.0069
51.42,-1.1,-0.00332418,-23.9867
51.422,-1.1,-0.00322344,-23.9529
51.424,-1.1,-0.00312271,-24.0049
51.426,-1.1,-0.00362637,-23.9204
51.428,-1.1,-0.00443223,-23.9159
51.43,-1.1,-0.00423077,-23.9405
51.432,-1.1,-0.00332418,-23.9334
51.434,-1.1,-0.00382784,-23.973
51.436,-1.1,-0.00362637,-23.9756
51.438,-1.1,-0.00413004,-23.9263
51.44,-1.1,-0.0046337,-23.9587
51.442,-1.1,-0.00372711,-23.9568
51.444,-1.1,-0.00352564,-23.975
51.446,-1.1,-0.0040293,-23.9717
51.448,-1.1,-0.0040293,-24.0036
51.45,-1.1,-0.00322344,-23.9425
51.452,-1.1,-0.0046337,-24.0251
51.454,-1.1,-0.00372711,-23.9873
51.456,-1.1,-0.00443223,-24.0369
51.458,-1.1,-0.00392857,-24.0369
51.46,-1.1,-0.00413004,-24.0605
51.462,-1.1,-0.0043315,-24.0552
51.464,-1.1,-0.00352564,-24.1137
51.466,-1.1,-0.00413004,-24.1361
51.468,-1.1,-0.00332418,-24.1117
51.47,-1.1,-0.00342491,-24.117
51.472,-1.1,-0.00261905,-24.0677
51.474,-1.1,-0.00342491,-24.067
51.476,-1.1,-0.00372711,-24.1308
51.478,-1.1,-0.00332418,-24.0723
51.48,-1.1,-0.00251832,-24.0946
51.482,-1.1,-0.00322344,-24.1176
51.484,-1.1,-0.00362637,-24.0953
51.486,-1.1,-0.00362637,-24.0559
51.488,-1.1,-0.00282051,-24.0795
51.49,-1.1,-0.00332418,-24.0546
51.492,-1.1,-0.00332418,-23.9932
51.494,-1.1,-0.00201465,-23.9263
51.496,-1.1,-0.00231685,-23.9438
51.498,-1.1,-0.0040293,-23.8997
51.5,-1.1,-0.00423077,-23.8192
51.502,-1.1,-0.00352564,-23.9295
51.504,-1.1,-0.00322344,-23.8875
51.506,-1.1,-0.0040293,-23.766
51.508,-1.1,-0.00362637,-23.8372
51.51,-1.1,-0.00332418,-23.89
51.512,-1.1,-0.00443223,-23.936
51.514,-1.1,-0.0043315,-23.8128
51.516,-1.1,-0.00332418,-23.8256
51.518,-1.1,-0.00312271,-23.8571
51.52,-1.1,-0.00332418,-23.8025
51.522,-1.1,-0.0040293,-23.7878
51.524,-1.1,-0.0043315,-23.8501
51.526,-1.1,-0.0040293,-23.8449
51.528,-1.1,-0.00382784,-23.8205
51.53,-1.1,-0.00271978,-23.8539
51.532,-1.1,-0.00342491,-23.8417
51.534,-1.1,-0.0046337,-23.881
51.536,-1.1,-0.00362637,-23.9269
51.538,-1.1,-0.00261905,-23.8681
51.54,-1.1,-0.00352564,-23.8791
51.542,-1.1,-0.00372711,-23.8546
51.544,-1.1,-0.00292125,-23.8481
51.546,-1.1,-0.00322344,-23.834
51.548,-1.1,-0.00413004,-23.9256
51.55,-1.1,-0.00372711,-23.8971
51.552,-1.1,-0.00382784,-23.8211
51.554,-1.1,-0.00322344,-23.8713
51.556,-1.1,-0.00352564,-23.8784
51.558,-1.1,-0.0046337,-23.8533
51.56,-1.1,-0.00372711,-23.8926
51.562,-1.1,-0.0043315,-23.8958
51.564,-1.1,-0.00413004,-23.8443
51.566,-1.1,-0.00392857,-23.8778
51.568,-1.1,-0.00382784,-23.8391
51.57,-1.1,-0.0043315,-23.841
51.572,-1.1,-0.00443223,-23.9204
51.574,-1.1,-0.00453297,-23.834
51.576,-1.1,-0.0040293,-23.9237
51.578,-1.1,-0.00241758,-23.8353
51.58,-1.1,-0.00473443,-23.9127
51.582,-1.1,-0.00342491,-23.9282
51.584,-1.1,-0.00382784,-23.9756
51.586,-1.1,-0.0040293,-24.0336
51.588,-1.1,-0.00372711,-24.0907
51.59,-1.1,-0.00332418,-24.0004
51.592,-1.1,-0.00241758,-24.0631
51.594,-1.1,-0.0040293,-24.0972
51.596,-1.1,-0.00382784,-24.1565
51.598,-1.1,-0.00342491,-24.1347
51.6,-1.1,-0.00342491,-24.1684
51.602,-1.1,-0.00332418,-24.1196
51.604,-1.1,-0.00342491,-24.1394
51.606,-1.1,-0.0040293,-24.1896
51.608,-1.1,-0.00352564,-24.2108
51.61,-1.1,-0.00241758,-24.1486
51.612,-1.1,-0.00211538,-24.1697
51.614,-1.1,-0.00352564,-24.1797
51.616,-1.1,-0.00261905,-24.1249
51.618,-1.1,-0.00251832,-24.1262
51.62,-1.1,-0.0040293,-24.1268
51.622,-1.1,-0.00302198,-24.1084
51.624,-1.1,-0.00443223,-24.0729
51.626,-1.1,-0.00271978,-24.0736
51.628,-1.1,-0.00342491,-24.0611
51.63,-1.1,-0.00362637,-24.0579
51.632,-1.1,-0.00332418,-24.0108
51.634,-1.1,-0.00211538,-24.0004
51.636,-1.1,-0.00282051,-24.001
51.638,-1.1,-0.00271978,-23.9619
51.64,-1.1,-0.00271978,-23.9211
51.642,-1.1,-0.00362637,-23.9224
51.644,-1.1,-0.00352564,-23.9717
51.646,-1.1,-0.0040293,-23.9243
51.648,-1.1,-0.0040293,-23.9743
51.65,-1.1,-0.00392857,-23.9893
51.652,-1.1,-0.00382784,-23.9711
51.654,-1.1,-0.0046337,-24.0533
51.656,-1.1,-0.00322344,-24.0356
51.658,-1.1,-0.00292125,-24.0193
51.66,-1.1,-0.00241758,-24.0114
51.662,-1.1,-0.00221612,-24.0395
51.664,-1.1,-0.00342491,-23.9893
51.666,-1.1,-0.00382784,-24.0402
51.668,-1.1,-0.00453297,-23.9841
51.67,-1.1,-0.00302198,-24.0657
51.672,-1.1,-0.00352564,-24.035
51.674,-1.1,-0.00423077,-24.0579
51.676,-1.1,-0.00352564,-23.9834
51.678,-1.1,-0.00342491,-24.0493
51.68,-1.1,-0.00342491,-24.0461
51.682,-1.1,-0.00271978,-24.0193
51.684,-1.1,-0.00261905,-23.9834
51.686,-1.1,-0.00362637,-24.0428
51.688,-1.1,-0.00352564,-23.96
51.69,-1.1,-0.0043315,-23.9451
51.692,-1.1,-0.00443223,-23.9671
51.694,-1.1,-0.00332418,-23.9607
51.696,-1.1,-0.00392857,-23.9438
51.698,-1.1,-0.00413004,-24.0069
51.7,-1.1,-0.00413004,-23.9496
51.702,-1.1,-0.00503663,-23.9782
51.704,-1.1,-0.00372711,-23.9724
51.706,-1.1,-0.00392857,-23.9938
51.708,-1.1,-0.00382784,-23.9899
51.71,-1.1,-0.00362637,-24.0193
51.712,-1.1,-0.00332418,-23.9568
51.714,-1.1,-0.0049359,-24.0356
51.716,-1.1,-0.00413004,-23.9971
51.718,-1.1,-0.00423077,-24.0278
51.72,-1.1,-0.00392857,-24.0493
51.722,-1.1,-0.00332418,-24.0762
51.724,-1.1,-0.00443223,-24.0697
51.726,-1.1,-0.00362637,-24.1242
51.728,-1.1,-0.00362637,-24.1486
51.73,-1.1,-0.00282051,-24.1249
51.732,-1.1,-0.00332418,-24.1314
51.734,-1.1,-0.00261905,-24.0808
51.736,-1.1,-0.00342491,-24.0762
51.738,-1.1,-0.00392857,-24.1374
51.74,-1.1,-0.00342491,-24.0742
51.742,-1.1,-0.00342491,-24.09
51.744,-1.1,-0.00282051,-24.117
51.746,-1.1,-0.00392857,-24.0887
51.748,-1.1,-0.00392857,-24.0454
51.75,-1.1,-0.0043315,-24.0723
51.752,-1.1,-0.00352564,-24.048
51.754,-1.1,-0.00271978,-23.9847
51.756,-1.1,-0.00231685,-23.9159
51.758,-1.1,-0.00312271,-23.9302
51.76,-1.1,-0.00392857,-23.8868
51.762,-1.1,-0.00503663,-23.8064
51.764,-1.1,-0.00372711,-23.9088
51.766,-1.1,-0.00312271,-23.8655
51.768,-1.1,-0.00342491,-23.7449
51.77,-1.1,-0.00382784,-23.8108
51.772,-1.1,-0.00423077,-23.8642
51.774,-1.1,-0.0046337,-23.9043
51.776,-1.1,-0.00382784,-23.7814
51.778,-1.1,-0.00292125,-23.7967
51.78,-1.1,-0.00332418,-23.825
51.782,-1.1,-0.00382784,-23.7929
51.784,-1.1,-0.00392857,-23.7641
51.786,-1.1,-0.00382784,-23.8314
51.788,-1.1,-0.00332418,-23.8333
51.79,-1.1,-0.00342491,-23.8096
51.792,-1.1,-0.00322344,-23.8455
51.794,-1.1,-0.00413004,-23.841
51.796,-1.1,-0.00342491,-23.8803
51.798,-1.1,-0.00382784,-23.9347
51.8,-1.1,-0.00352564,-23.9178
51.802,-1.1,-0.00443223,-23.8939
51.804,-1.1,-0.00332418,-23.8662
51.806,-1.1,-0.00302198,-23.861
51.808,-1.1,-0.00332418,-23.8565
51.81,-1.1,-0.00362637,-23.9529
51.812,-1.1,-0.00372711,-23.9334
51.814,-1.1,-0.00352564,-23.8475
51.816,-1.1,-0.00352564,-23.9023
51.818,-1.1,-0.00322344,-23.89
51.82,-1.1,-0.0040293,-23.8829
51.822,-1.1,-0.00423077,-23.9217
51.824,-1.1,-0.00302198,-23.9237
51.826,-1.1,-0.00382784,-23.8649
51.828,-1.1,-0.00332418,-23.9055
51.83,-1.1,-0.00352564,-23.8642
51.832,-1.1,-0.00423077,-23.8642
51.834,-1.1,-0.00413004,-23.9555
51.836,-1.1,-0.00342491,-23.8636
51.838,-1.1,-0.00332418,-23.9522
51.84,-1.1,-0.00443223,-23.8616
51.842,-1.1,-0.00453297,-23.9366
51.844,-1.1,-0.00352564,-23.9542
51.846,-1.1,-0.00413004,-23.9958
51.848,-1.1,-0.0040293,-24.052
51.85,-1.1,-0.00302198,-24.1117
51.852,-1.1,-0.00302198,-24.0114
51.854,-1.1,-0.00372711,-24.0756
51.856,-1.1,-0.00332418,-24.1031
51.858,-1.1,-0.00423077,-24.1592
51.86,-1.1,-0.00352564,-24.1321
51.862,-1.1,-0.00322344,-24.1611
51.864,-1.1,-0.00282051,-24.111
51.866,-1.1,-0.00352564,-24.1235
51.868,-1.1,-0.00413004,-24.1783
51.87,-1.1,-0.00342491,-24.1989
51.872,-1.1,-0.00251832,-24.1341
51.874,-1.1,-0.00211538,-24.1532
51.876,-1.1,-0.00302198,-24.1605
51.878,-1.1,-0.00322344,-24.1051
51.88,-1.1,-0.00362637,-24.1051
51.882,-1.1,-0.00322344,-24.1058
51.884,-1.1,-0.00292125,-24.0834
51.886,-1.1,-0.00282051,-24.0474
51.888,-1.1,-0.00302198,-24.0539
51.89,-1.1,-0.00302198,-24.0395
51.892,-1.1,-0.00443223,-24.035
51.894,-1.1,-0.00392857,-23.9834
51.896,-1.1,-0.00342491,-23.9808
51.898,-1.1,-0.00221612,-23.9828
51.9,-1.1,-0.00302198,-23.9457
51.902,-1.1,-0.00231685,-23.903
51.904,-1.1,-0.00302198,-23.9133
51.906,-1.1,-0.00413004,-23.9658
51.908,-1.1,-0.00312271,-23.9185
51.91,-1.1,-0.00362637,-23.9561
51.912,-1.1,-0.00312271,-23.9795
51.914,-1.1,-0.00312271,-23.9626
51.916,-1.1,-0.00372711,-24.0408
51.918,-1.1,-0.00352564,-24.0304
51.92,-1.1,-0.00332418,-24.0108
51.922,-1.1,-0.00372711,-23.9997
51.924,-1.1,-0.00261905,-24.0278
51.926,-1.1,-0.00322344,-23.9808
51.928,-1.1,-0.00382784,-24.0382
51.93,-1.1,-0.00413004,-23.9821
51.932,-1.1,-0.00392857,-24.0664
51.934,-1.1,-0.00342491,-24.0402
51.936,-1.1,-0.00292125,-24.0454
51.938,-1.1,-0.00372711,-23.9821
51.94,-1.1,-0.00342491,-24.0572
51.942,-1.1,-0.00372711,-24.0415
51.944,-1.1,-0.00322344,-24.0186
51.946,-1.1,-0.00261905,-23.9828
51.948,-1.1,-0.00312271,-24.0317
51.95,-1.1,-0.00302198,-23.9496
51.952,-1.1,-0.00332418,-23.9347
51.954,-1.1,-0.00443223,-23.9594
51.956,-1.1,-0.0043315,-23.9574
51.958,-1.1,-0.00322344,-23.9289
51.96,-1.1,-0.00362637,-23.9893
51.962,-1.1,-0.00423077,-23.9308
51.964,-1.1,-0.0046337,-23.9652
51.966,-1.1,-0.00332418,-23.96
51.968,-1.1,-0.00322344,-23.9821
51.97,-1.1,-0.00302198,-23.9854
51.972,-1.1,-0.00332418,-24.0232
51.974,-1.1,-0.00342491,-23.9613
51.976,-1.1,-0.00594322,-24.0487
51.978,-1.1,-0.00473443,-24.0559
51.98,-1.1,-0.0040293,-24.0428
51.982,-1.1,-0.00423077,-24.0703
51.984,-1.1,-0.00423077,-24.0985
51.986,-1.1,-0.0040293,-24.0926
51.988,-1.1,-0.00332418,-24.1545
51.99,-1.1,-0.00241758,-24.1757
51.992,-1.1,-0.00312271,-24.1532
51.994,-1.1,-0.00282051,-24.1625
51.996,-1.1,-0.00292125,-24.1216
51.998,-1.1,-0.00312271,-24.1189
52,-1,-0.00342491,-24.1783
52.002,-1,0.00181319,-23.9763
52.004,-1,0.00161172,-23.7507
52.006,-1,0.000906593,-23.5444
52.008,-1,0.000906593,-23.3886
52.01,-1,0.000906593,-23.1666
52.012,-1,0.000503663,-23.0289
52.014,-1,-0.00040293,-22.8485
52.016,-1,-0.000604396,-22.6784
52.018,-1,0,-22.524
52.02,-1,-0.00100733,-22.4931
52.022,-1,-0.00141026,-22.1619
52.024,-1,-0.00211538,-22.2271
52.026,-1,-0.00181319,-22.2911
52.028,-1,-0.00141026,-21.9641
52.03,-1,-0.00161172,-21.9026
52.032,-1,-0.00231685,-21.8983
52.034,-1,-0.00271978,-21.843
52.036,-1,-0.00282051,-21.863
52.038,-1,-0.00292125,-21.8674
52.04,-1,-0.00201465,-21.7779
52.042,-1,-0.00251832,-21.6806
52.044,-1,-0.00211538,-21.6583
52.046,-1,-0.00251832,-21.6371
52.048,-1,-0.00282051,-21.6085
52.05,-1,-0.0040293,-21.6191
52.052,-1,-0.00352564,-21.626
52.054,-1,-0.00292125,-21.6143
52.056,-1,-0.00271978,-21.5853
52.058,-1,-0.00231685,-21.6059
52.06,-1,-0.00241758,-21.5885
52.062,-1,-0.00241758,-21.5959
52.064,-1,-0.00382784,-21.6366
52.066,-1,-0.00282051,-21.6202
52.068,-1,-0.00211538,-21.5901
52.07,-1,-0.00282051,-21.5974
52.072,-1,-0.00261905,-21.5353
52.074,-1,-0.00332418,-21.5374
52.076,-1,-0.00392857,-21.56
52.078,-1,-0.0040293,-21.6091
52.08,-1,-0.00362637,-21.5674
52.082,-1,-0.00342491,-21.5217
52.084,-1,-0.00302198,-21.4725
52.086,-1,-0.0040293,-21.4767
52.088,-1,-0.00382784,-21.5102
52.09,-1,-0.00473443,-21.4898
52.092,-1,-0.00372711,-21.4788
52.094,-1,-0.00352564,-21.4616
52.096,-1,-0.00362637,-21.4689
52.098,-1,-0.00332418,-21.4903
52.1,-1,-0.00302198,-21.4569
52.102,-1,-0.00443223,-21.4751
52.104,-1,-0.00392857,-21.4673
52.106,-1,-0.00453297,-21.4772
52.108,-1,-0.00473443,-21.4929
52.11,-1,-0.0040293,-21.507
52.112,-1,-0.00342491,-21.5248
52.114,-1,-0.0043315,-21.5201
52.116,-1,-0.00473443,-21.5785
52.118,-1,-0.00423077,-21.6069
52.12,-1,-0.00251832,-21.6477
52.122,-1,-0.00261905,-21.6509
52.124,-1,-0.00332418,-21.6716
52.126,-1,-0.00312271,-21.6382
52.128,-1,-0.00392857,-21.6631
52.13,-1,-0.00443223,-21.7206
52.132,-1,-0.00382784,-21.7591
52.134,-1,-0.00352564,-21.7211
52.136,-1,-0.00312271,-21.7195
52.138,-1,-0.00362637,-21.7105
52.14,-1,-0.00332418,-21.7249
52.142,-1,-0.00423077,-21.7774
52.144,-1,-0.0040293,-21.8021
52.146,-1,-0.00271978,-21.7741
52.148,-1,-0.00271978,-21.779
52.15,-1,-0.00302198,-21.7035
52.152,-1,-0.00292125,-21.6961
52.154,-1,-0.00362637,-21.6934
52.156,-1,-0.00342491,-21.694
52.158,-1,-0.00292125,-21.6817
52.16,-1,-0.00342491,-21.6546
52.162,-1,-0.00382784,-21.6196
52.164,-1,-0.00423077,-21.5727
52.166,-1,-0.0043315,-21.5748
52.168,-1,-0.00362637,-21.6027
52.17,-1,-0.00423077,-21.6376
52.172,-1,-0.00271978,-21.5669
52.174,-1,-0.00362637,-21.5816
52.176,-1,-0.00372711,-21.4924
52.178,-1,-0.00342491,-21.5034
52.18,-1,-0.00271978,-21.4673
52.182,-1,-0.00362637,-21.4809
52.184,-1,-0.00453297,-21.4804
52.186,-1,-0.00392857,-21.5159
52.188,-1,-0.00312271,-21.4992
52.19,-1,-0.00382784,-21.4955
52.192,-1,-0.00322344,-21.5269
52.194,-1,-0.00392857,-21.5669
52.196,-1,-0.00372711,-21.598
52.198,-1,-0.00261905,-21.6017
52.2,-1,-0.00201465,-21.5837
52.202,-1,-0.00261905,-21.5785
52.204,-1,-0.00312271,-21.5606
52.206,-1,-0.00322344,-21.579
52.208,-1,-0.00292125,-21.6096
52.21,-1,-0.00312271,-21.6085
52.212,-1,-0.00352564,-21.6721
52.214,-1,-0.00352564,-21.6424
52.216,-1,-0.00382784,-21.6138
52.218,-1,-0.00372711,-21.6297
52.22,-1,-0.00342491,-21.5663
52.222,-1,-0.00453297,-21.6371
52.224,-1,-0.00342491,-21.6255
52.226,-1,-0.00322344,-21.608
52.228,-1,-0.00261905,-21.5827
52.23,-1,-0.00362637,-21.5679
52.232,-1,-0.00292125,-21.529
52.234,-1,-0.00382784,-21.518
52.236,-1,-0.0040293,-21.5102
52.238,-1,-0.00443223,-21.529
52.24,-1,-0.0040293,-21.5275
52.242,-1,-0.00392857,-21.4976
52.244,-1,-0.00382784,-21.4746
52.246,-1,-0.00392857,-21.5327
52.248,-1,-0.00483516,-21.5458
52.25,-1,-0.00382784,-21.5516
52.252,-1,-0.00352564,-21.539
52.254,-1,-0.00322344,-21.5275
52.256,-1,-0.00372711,-21.5343
52.258,-1,-0.00352564,-21.5637
52.26,-1,-0.00342491,-21.5201
52.262,-1,-0.00443223,-21.5044
52.264,-1,-0.00453297,-21.5569
52.266,-1,-0.00342491,-21.5969
52.268,-1,-0.00362637,-21.5964
52.27,-1,-0.00362637,-21.5953
52.272,-1,-0.00382784,-21.6244
52.274,-1,-0.00423077,-21.6318
52.276,-1,-0.0043315,-21.6865
52.278,-1,-0.00342491,-21.6987
52.28,-1,-0.00322344,-21.6833
52.282,-1,-0.00342491,-21.6822
52.284,-1,-0.00302198,-21.6897
52.286,-1,-0.00352564,-21.6371
52.288,-1,-0.00362637,-21.6828
52.29,-1,-0.00342491,-21.6578
52.292,-1,-0.00362637,-21.6748
52.294,-1,-0.00372711,-21.6695
52.296,-1,-0.00282051,-21.6876
52.298,-1,-0.00392857,-21.67
52.3,-1,-0.00342491,-21.6286
52.302,-1,-0.00292125,-21.6239
52.304,-1,-0.00352564,-21.5916
52.306,-1,-0.00282051,-21.5895
52.308,-1,-0.00251832,-21.5322
52.31,-1,-0.00211538,-21.4898
52.312,-1,-0.00312271,-21.5964
52.314,-1,-0.00382784,-21.4657
52.316,-1,-0.00392857,-21.3935
52.318,-1,-0.00251832,-21.3392
52.32,-1,-0.00362637,-21.4418
52.322,-1,-0.00413004,-21.4517
52.324,-1,-0.00382784,-21.3511
52.326,-1,-0.00342491,-21.3728
52.328,-1,-0.0043315,-21.3336
52.33,-1,-0.00362637,-21.3971
52.332,-1,-0.00322344,-21.4194
52.334,-1,-0.00362637,-21.4002
52.336,-1,-0.0040293,-21.4241
52.338,-1,-0.00382784,-21.3961
52.34,-1,-0.00282051,-21.3764
52.342,-1,-0.00302198,-21.4262
52.344,-1,-0.00372711,-21.4616
52.346,-1,-0.00271978,-21.4678
52.348,-1,-0.00282051,-21.4548
52.35,-1,-0.0040293,-21.4423
52.352,-1,-0.00251832,-21.4418
52.354,-1,-0.00312271,-21.4882
52.356,-1,-0.00292125,-21.539
52.358,-1,-0.00302198,-21.5296
52.36,-1,-0.00211538,-21.5013
52.362,-1,-0.00261905,-21.5055
52.364,-1,-0.00352564,-21.4945
52.366,-1,-0.00332418,-21.5055
52.368,-1,-0.00413004,-21.5432
52.37,-1,-0.00372711,-21.5458
52.372,-1,-0.00322344,-21.4148
52.374,-1,-0.00352564,-21.4626
52.376,-1,-0.00372711,-21.5044
52.378,-1,-0.00282051,-21.4924
52.38,-1,-0.00342491,-21.4882
52.382,-1,-0.00362637,-21.483
52.384,-1,-0.00392857,-21.5044
52.386,-1,-0.00352564,-21.4699
52.388,-1,-0.00282051,-21.4767
52.39,-1,-0.00312271,-21.4496
52.392,-1,-0.0046337,-21.4381
52.394,-1,-0.00543956,-21.4569
52.396,-1,-0.00382784,-21.5359
52.398,-1,-0.00443223,-21.5159
52.4,-1,-0.00362637,-21.5317
52.402,-1,-0.00362637,-21.5275
52.404,-1,-0.00372711,-21.5013
52.406,-1,-0.00413004,-21.5185
52.408,-1,-0.0046337,-21.5832
52.41,-1,-0.00342491,-21.6212
52.412,-1,-0.00372711,-21.6504
52.414,-1,-0.00332418,-21.6854
52.416,-1,-0.00342491,-21.6064
52.418,-1,-0.00322344,-21.6466
52.42,-1,-0.00332418,-21.6881
52.422,-1,-0.00443223,-21.7009
52.424,-1,-0.00322344,-21.711
52.426,-1,-0.00372711,-21.7121
52.428,-1,-0.00332418,-21.7244
52.43,-1,-0.00352564,-21.7827
52.432,-1,-0.00342491,-21.7522
52.434,-1,-0.00372711,-21.7522
52.436,-1,-0.00322344,-21.7903
52.438,-1,-0.00221612,-21.7297
52.44,-1,-0.00261905,-21.7158
52.442,-1,-0.00241758,-21.7003
52.444,-1,-0.00312271,-21.6998
52.446,-1,-0.00362637,-21.7014
52.448,-1,-0.00413004,-21.7115
52.45,-1,-0.00342491,-21.7126
52.452,-1,-0.00332418,-21.6535
52.454,-1,-0.00312271,-21.6318
52.456,-1,-0.00372711,-21.6233
52.458,-1,-0.00362637,-21.6117
52.46,-1,-0.0043315,-21.6017
52.462,-1,-0.00362637,-21.5763
52.464,-1,-0.00392857,-21.5149
52.466,-1,-0.00322344,-21.5159
52.468,-1,-0.00342491,-21.4939
52.47,-1,-0.00342491,-21.4772
52.472,-1,-0.00342491,-21.4689
52.474,-1,-0.00483516,-21.4621
52.476,-1,-0.00322344,-21.5028
52.478,-1,-0.00352564,-21.471
52.48,-1,-0.00392857,-21.495
52.482,-1,-0.0040293,-21.5055
52.484,-1,-0.00352564,-21.5248
52.486,-1,-0.00423077,-21.5369
52.488,-1,-0.00302198,-21.5895
52.49,-1,-0.00302198,-21.58
52.492,-1,-0.00282051,-21.5763
52.494,-1,-0.00342491,-21.5516
52.496,-1,-0.00282051,-21.5821
52.498,-1,-0.00352564,-21.58
52.5,-1,-0.00352564,-21.5679
52.502,-1,-0.00413004,-21.6202
52.504,-1,-0.00332418,-21.6143
52.506,-1,-0.00392857,-21.5932
52.508,-1,-0.00292125,-21.5532
52.51,-1,-0.00282051,-21.5322
52.512,-1,-0.00423077,-21.5769
52.514,-1,-0.00332418,-21.6069
52.516,-1,-0.00282051,-21.5927
52.518,-1,-0.00362637,-21.5753
52.52,-1,-0.0040293,-21.5516
52.522,-1,-0.00372711,-21.5039
52.524,-1,-0.00332418,-21.5065
52.526,-1,-0.00382784,-21.5553
52.528,-1,-0.00423077,-21.5469
52.53,-1,-0.00392857,-21.4929
52.532,-1,-0.00382784,-21.5185
52.534,-1,-0.00372711,-21.5469
52.536,-1,-0.00392857,-21.5532
52.538,-1,-0.0040293,-21.506
52.54,-1,-0.00443223,-21.5621
52.542,-1,-0.00362637,-21.5616
52.544,-1,-0.0040293,-21.5411
52.546,-1,-0.00382784,-21.5411
52.548,-1,-0.0040293,-21.5437
52.55,-1,-0.00282051,-21.5133
52.552,-1,-0.00392857,-21.5437
52.554,-1,-0.00483516,-21.6218
52.556,-1,-0.00443223,-21.6329
52.558,-1,-0.00342491,-21.618
52.56,-1,-0.00423077,-21.6451
52.562,-1,-0.00312271,-21.6604
52.564,-1,-0.00392857,-21.6727
52.566,-1,-0.00473443,-21.7532
52.568,-1,-0.00413004,-21.7704
52.57,-1,-0.00312271,-21.7415
52.572,-1,-0.00271978,-21.726
52.574,-1,-0.00312271,-21.7286
52.576,-1,-0.00372711,-21.686
52.578,-1,-0.00261905,-21.7366
52.58,-1,-0.00282051,-21.6955
52.582,-1,-0.00382784,-21.7441
52.584,-1,-0.00261905,-21.7094
52.586,-1,-0.00312271,-21.7254
52.588,-1,-0.00332418,-21.6636
52.59,-1,-0.00413004,-21.6732
52.592,-1,-0.00302198,-21.6689
52.594,-1,-0.00312271,-21.6886
52.596,-1,-0.00332418,-21.6652
52.598,-1,-0.00322344,-21.5821
52.6,-1,-0.00282051,-21.5474
52.602,-1,-0.00292125,-21.5964
52.604,-1,-0.00292125,-21.3723
52.606,-1,-0.00352564,-21.472
52.608,-1,-0.00362637,-21.6392
52.61,-1,-0.00302198,-21.5238
52.612,-1,-0.00443223,-21.3863
52.614,-1,-0.00342491,-21.3723
52.616,-1,-0.00342491,-21.4439
52.618,-1,-0.00372711,-21.3873
52.62,-1,-0.00443223,-21.4355
52.622,-1,-0.00423077,-21.4335
52.624,-1,-0.00372711,-21.4449
52.626,-1,-0.00271978,-21.4736
52.628,-1,-0.00302198,-21.3873
52.63,-1,-0.00352564,-21.4215
52.632,-1,-0.00322344,-21.4715
52.634,-1,-0.00443223,-21.4877
52.636,-1,-0.00352564,-21.4856
52.638,-1,-0.00392857,-21.4595
52.64,-1,-0.00352564,-21.5023
52.642,-1,-0.00342491,-21.4918
52.644,-1,-0.00271978,-21.5458
52.646,-1,-0.0043315,-21.5674
52.648,-1,-0.00382784,-21.5427
52.65,-1,-0.00352564,-21.5306
52.652,-1,-0.00302198,-21.5248
52.654,-1,-0.00261905,-21.5243
52.656,-1,-0.00312271,-21.5128
52.658,-1,-0.00332418,-21.5353
52.66,-1,-0.00332418,-21.496
52.662,-1,-0.00352564,-21.4148
52.664,-1,-0.00352564,-21.5616
52.666,-1,-0.00362637,-21.5191
52.668,-1,-0.00342491,-21.5018
52.67,-1,-0.00362637,-21.5275
52.672,-1,-0.00372711,-21.5023
52.674,-1,-0.00443223,-21.5175
52.676,-1,-0.00342491,-21.5359
52.678,-1,-0.0043315,-21.4819
52.68,-1,-0.00352564,-21.4564
52.682,-1,-0.00362637,-21.4793
52.684,-1,-0.00332418,-21.4652
52.686,-1,-0.00443223,-21.4866
52.688,-1,-0.00352564,-21.4621
52.69,-1,-0.0043315,-21.5081
52.692,-1,-0.00443223,-21.4694
52.694,-1,-0.00372711,-21.5317
52.696,-1,-0.00372711,-21.5464
52.698,-1,-0.00322344,-21.5727
52.7,-1,-0.0046337,-21.6133
52.702,-1,-0.00413004,-21.5869
52.704,-1,-0.00312271,-21.5416
52.706,-1,-0.00231685,-21.6255
52.708,-1,-0.00312271,-21.6573
52.71,-1,-0.00382784,-21.6679
52.712,-1,-0.00503663,-21.7228
52.714,-1,-0.00392857,-21.7699
52.716,-1,-0.00392857,-21.7425
52.718,-1,-0.00332418,-21.7699
52.72,-1,-0.00392857,-21.8026
52.722,-1,-0.00332418,-21.7399
52.724,-1,-0.00271978,-21.7484
52.726,-1,-0.00302198,-21.8328
52.728,-1,-0.00282051,-21.8107
52.73,-1,-0.00221612,-21.7956
52.732,-1,-0.00251832,-21.7833
52.734,-1,-0.00271978,-21.7522
52.736,-1,-0.00261905,-21.6987
52.738,-1,-0.00362637,-21.7195
52.74,-1,-0.00312271,-21.7046
52.742,-1,-0.00332418,-21.6929
52.744,-1,-0.00372711,-21.6583
52.746,-1,-0.00322344,-21.6228
52.748,-1,-0.0043315,-21.6133
52.75,-1,-0.00423077,-21.5874
52.752,-1,-0.00372711,-21.5832
52.754,-1,-0.00332418,-21.6154
52.756,-1,-0.00302198,-21.5632
52.758,-1,-0.00312271,-21.559
52.76,-1,-0.00342491,-21.5096
52.762,-1,-0.00322344,-21.5159
52.764,-1,-0.00342491,-21.518
52.766,-1,-0.00372711,-21.5511
52.768,-1,-0.00382784,-21.5233
52.77,-1,-0.00352564,-21.5506
52.772,-1,-0.00413004,-21.5579
52.774,-1,-0.00413004,-21.5411
52.776,-1,-0.00322344,-21.5569
52.778,-1,-0.0040293,-21.6366
52.78,-1,-0.00392857,-21.6196
52.782,-1,-0.00261905,-21.644
52.784,-1,-0.00332418,-21.6366
52.786,-1,-0.00372711,-21.635
52.788,-1,-0.00292125,-21.5832
52.79,-1,-0.00261905,-21.6202
52.792,-1,-0.00332418,-21.6424
52.794,-1,-0.00292125,-21.5943
52.796,-1,-0.00382784,-21.5821
52.798,-1,-0.00282051,-21.6419
52.8,-1,-0.00382784,-21.6477
52.802,-1,-0.00332418,-21.6748
52.804,-1,-0.00342491,-21.6461
52.806,-1,-0.00372711,-21.6934
52.808,-1,-0.00332418,-21.6631
52.81,-1,-0.00201465,-21.6419
52.812,-1,-0.00332418,-21.6075
52.814,-1,-0.00261905,-21.6212
52.816,-1,-0.00382784,-21.5369
52.818,-1,-0.00282051,-21.5406
52.82,-1,-0.00413004,-21.5869
52.822,-1,-0.00392857,-21.5748
52.824,-1,-0.00382784,-21.5742
52.826,-1,-0.00362637,-21.5427
52.828,-1,-0.00423077,-21.5107
52.83,-1,-0.00473443,-21.5569
52.832,-1,-0.00392857,-21.5779
52.834,-1,-0.00282051,-21.5453
52.836,-1,-0.00332418,-21.5679
52.838,-1,-0.00352564,-21.5269
52.84,-1,-0.00362637,-21.5212
52.842,-1,-0.00332418,-21.5332
52.844,-1,-0.0043315,-21.5637
52.846,-1,-0.00372711,-21.5742
52.848,-1,-0.00372711,-21.5911
52.85,-1,-0.00271978,-21.626
52.852,-1,-0.00392857,-21.6567
52.854,-1,-0.00322344,-21.6636
52.856,-1,-0.00332418,-21.67
52.858,-1,-0.00352564,-21.726
52.86,-1,-0.00322344,-21.742
52.862,-1,-0.00352564,-21.7217
52.864,-1,-0.00312271,-21.7222
52.866,-1,-0.00211538,-21.678
52.868,-1,-0.00312271,-21.6833
52.87,-1,-0.00322344,-21.7105
52.872,-1,-0.00332418,-21.7436
52.874,-1,-0.00322344,-21.6844
52.876,-1,-0.00302198,-21.6849
52.878,-1,-0.00312271,-21.6525
52.88,-1,-0.00322344,-21.6308
52.882,-1,-0.00342491,-21.6557
52.884,-1,-0.0040293,-21.6551
52.886,-1,-0.00352564,-21.6424
52.888,-1,-0.00342491,-21.608
52.89,-1,-0.00312271,-21.5642
52.892,-1,-0.00251832,-21.5086
52.894,-1,-0.00322344,-21.5243
52.896,-1,-0.00332418,-21.484
52.898,-1,-0.00392857,-21.4345
52.9,-1,-0.00342491,-21.3558
52.902,-1,-0.00312271,-21.4564
52.904,-1,-0.00342491,-21.4751
52.906,-1,-0.00282051,-21.4678
52.908,-1,-0.00372711,-21.3966
52.91,-1,-0.00302198,-21.4611
52.912,-1,-0.00362637,-21.518
52.914,-1,-0.00372711,-21.4049
52.916,-1,-0.00382784,-21.3987
52.918,-1,-0.00322344,-21.3992
52.92,-1,-0.00423077,-21.407
52.922,-1,-0.00342491,-21.421
52.924,-1,-0.00332418,-21.4272
52.926,-1,-0.00332418,-21.4454
52.928,-1,-0.00362637,-21.4584
52.93,-1,-0.00332418,-21.4903
52.932,-1,-0.00271978,-21.4814
52.934,-1,-0.00322344,-21.4777
52.936,-1,-0.00352564,-21.4903
52.938,-1,-0.00413004,-21.5422
52.94,-1,-0.00382784,-21.5322
52.942,-1,-0.00282051,-21.5096
52.944,-1,-0.00342491,-21.5269
52.946,-1,-0.00382784,-21.4725
52.948,-1,-0.00372711,-21.4757
52.95,-1,-0.00423077,-21.5065
52.952,-1,-0.00392857,-21.5548
52.954,-1,-0.0040293,-21.5206
52.956,-1,-0.00342491,-21.4777
52.958,-1,-0.00342491,-21.4303
52.96,-1,-0.00362637,-21.4371
52.962,-1,-0.00312271,-21.472
52.964,-1,-0.00342491,-21.4465
52.966,-1,-0.0046337,-21.4444
52.968,-1,-0.00322344,-21.4298
52.97,-1,-0.00332418,-21.4407
52.972,-1,-0.00332418,-21.4652
52.974,-1,-0.00392857,-21.4324
52.976,-1,-0.0043315,-21.4454
52.978,-1,-0.00473443,-21.4465
52.98,-1,-0.00453297,-21.4522
52.982,-1,-0.00372711,-21.4715
52.984,-1,-0.00362637,-21.4887
52.986,-1,-0.00352564,-21.5123
52.988,-1,-0.00413004,-21.5123
52.99,-1,-0.00443223,-21.5742
52.992,-1,-0.00322344,-21.6011
52.994,-1,-0.00292125,-21.6477
52.996,-1,-0.00342491,-21.7041
52.998,-1,-0.00261905,-21.6684
53,-0.9,-0.00251832,-21.6583
53.002,-0.9,0.00191392,-21.5537
53.004,-0.9,0.00141026,-21.3171
53.006,-0.9,0.000201465,-21.1741
53.008,-0.9,0.00100733,-20.995
53.01,-0.9,0.000100733,-20.7538
53.012,-0.9,0.000503663,-20.611
53.014,-0.9,-0.000906593,-20.4512
53.016,-0.9,-0.00040293,-20.3476
53.018,-0.9,-0.00130952,-20.327
53.02,-0.9,-0.00120879,-20.1642
53.022,-0.9,-0.000604396,-20.0703
53.024,-0.9,-0.00100733,-19.9484
53.026,-0.9,-0.000604396,-19.8382
53.028,-0.9,-0.00130952,-19.7738
53.03,-0.9,-0.00211538,-19.698
53.032,-0.9,-0.00292125,-19.6585
53.034,-0.9,-0.00322344,-19.5936
53.036,-0.9,-0.00332418,-19.5178
53.038,-0.9,-0.00292125,-19.4765
53.04,-0.9,-0.00241758,-19.429
53.042,-0.9,-0.00271978,-19.3558
53.044,-0.9,-0.00322344,-19.3317
53.046,-0.9,-0.0043315,-19.316
53.048,-0.9,-0.00332418,-19.2709
53.05,-0.9,-0.00251832,-19.2399
53.052,-0.9,-0.00292125,-19.2298
53.054,-0.9,-0.00352564,-19.1349
53.056,-0.9,-0.00382784,-19.1283
53.058,-0.9,-0.00292125,-19.1092
53.06,-0.9,-0.00312271,-19.0985
53.062,-0.9,-0.00423077,-19.1204
53.064,-0.9,-0.00382784,-19.1154
53.066,-0.9,-0.00362637,-19.0836
53.068,-0.9,-0.00312271,-19.0746
53.07,-0.9,-0.00332418,-19.0713
53.072,-0.9,-0.00352564,-19.0993
53.074,-0.9,-0.00413004,-19.1374
53.076,-0.9,-0.00372711,-19.1752
53.078,-0.9,-0.00271978,-19.1552
53.08,-0.9,-0.00282051,-19.1515
53.082,-0.9,-0.00221612,-19.149
53.084,-0.9,-0.00251832,-19.12
53.086,-0.9,-0.00362637,-19.1076
53.088,-0.9,-0.00271978,-19.139
53.09,-0.9,-0.00332418,-19.1494
53.092,-0.9,-0.0040293,-19.1519
53.094,-0.9,-0.00322344,-19.1088
53.096,-0.9,-0.00251832,-19.0907
53.098,-0.9,-0.00352564,-19.0931
53.1,-0.9,-0.00382784,-19.1063
53.102,-0.9,-0.00271978,-19.0857
53.104,-0.9,-0.00372711,-19.0948
53.106,-0.9,-0.00372711,-19.1602
53.108,-0.9,-0.00362637,-19.1308
53.11,-0.9,-0.00292125,-19.1527
53.112,-0.9,-0.00332418,-19.1291
53.114,-0.9,-0.00332418,-19.0717
53.116,-0.9,-0.00322344,-19.0438
53.118,-0.9,-0.00312271,-19.0413
53.12,-0.9,-0.0043315,-19.0347
53.122,-0.9,-0.00453297,-19.0335
53.124,-0.9,-0.00423077,-19.0483
53.126,-0.9,-0.00413004,-19.0479
53.128,-0.9,-0.00372711,-19.0705
53.13,-0.9,-0.00372711,-19.0438
53.132,-0.9,-0.00332418,-19.0401
53.134,-0.9,-0.00372711,-19.0335
53.136,-0.9,-0.0043315,-19.0836
53.138,-0.9,-0.00413004,-19.0841
53.14,-0.9,-0.00342491,-19.0742
53.142,-0.9,-0.00372711,-19.061
53.144,-0.9,-0.00413004,-19.0742
53.146,-0.9,-0.00312271,-19.0433
53.148,-0.9,-0.0040293,-19.0553
53.15,-0.9,-0.0043315,-19.1097
53.152,-0.9,-0.00443223,-19.1469
53.154,-0.9,-0.00382784,-19.1507
53.156,-0.9,-0.00413004,-19.1444
53.158,-0.9,-0.00332418,-19.1519
53.16,-0.9,-0.00342491,-19.1552
53.162,-0.9,-0.00392857,-19.191
53.164,-0.9,-0.00322344,-19.1985
53.166,-0.9,-0.00382784,-19.2562
53.168,-0.9,-0.00372711,-19.2701
53.17,-0.9,-0.00372711,-19.2672
53.172,-0.9,-0.00251832,-19.2512
53.174,-0.9,-0.00221612,-19.2491
53.176,-0.9,-0.00342491,-19.2533
53.178,-0.9,-0.00292125,-19.2052
53.18,-0.9,-0.00372711,-19.2357
53.182,-0.9,-0.00392857,-19.2722
53.184,-0.9,-0.00322344,-19.2257
53.186,-0.9,-0.00322344,-19.2244
53.188,-0.9,-0.00322344,-19.2378
53.19,-0.9,-0.00392857,-19.1852
53.192,-0.9,-0.00362637,-19.1906
53.194,-0.9,-0.00261905,-19.1823
53.196,-0.9,-0.00382784,-19.1814
53.198,-0.9,-0.00271978,-19.1752
53.2,-0.9,-0.00322344,-19.1424
53.202,-0.9,-0.00251832,-19.1134
53.204,-0.9,-0.00241758,-19.0643
53.206,-0.9,-0.00352564,-18.9271
53.208,-0.9,-0.00312271,-18.9052
53.21,-0.9,-0.0040293,-18.9934
53.212,-0.9,-0.00392857,-18.962
53.214,-0.9,-0.00423077,-18.9141
53.216,-0.9,-0.00413004,-18.9971
53.218,-0.9,-0.00342491,-18.9693
53.22,-0.9,-0.00382784,-18.9645
53.222,-0.9,-0.00342491,-18.9689
53.224,-0.9,-0.00342491,-18.9283
53.226,-0.9,-0.00453297,-18.9295
53.228,-0.9,-0.00352564,-18.9755
53.23,-0.9,-0.00352564,-19.0003
53.232,-0.9,-0.00312271,-18.9799
53.234,-0.9,-0.00282051,-18.9665
53.236,-0.9,-0.00282051,-18.9689
53.238,-0.9,-0.00362637,-18.9616
53.24,-0.9,-0.00332418,-19.0245
53.242,-0.9,-0.00372711,-19.036
53.244,-0.9,-0.00392857,-19.0544
53.246,-0.9,-0.00342491,-19.0614
53.248,-0.9,-0.00302198,-19.0495
53.25,-0.9,-0.00322344,-19.0376
53.252,-0.9,-0.00292125,-19.0364
53.254,-0.9,-0.00382784,-19.0511
53.256,-0.9,-0.00413004,-19.0804
53.258,-0.9,-0.00332418,-19.0799
53.26,-0.9,-0.00352564,-19.0647
53.262,-0.9,-0.00332418,-19.0705
53.264,-0.9,-0.00251832,-19.0733
53.266,-0.9,-0.00221612,-19.038
53.268,-0.9,-0.00261905,-19.0696
53.27,-0.9,-0.0040293,-19.0791
53.272,-0.9,-0.00362637,-19.1221
53.274,-0.9,-0.00413004,-19.1353
53.276,-0.9,-0.00221612,-19.0919
53.278,-0.9,-0.00413004,-19.0454
53.28,-0.9,-0.00382784,-19.0565
53.282,-0.9,-0.00332418,-19.0433
53.284,-0.9,-0.00322344,-19.0557
53.286,-0.9,-0.0040293,-19.0458
53.288,-0.9,-0.00392857,-19.0376
53.29,-0.9,-0.00413004,-19.0118
53.292,-0.9,-0.00453297,-19.0171
53.294,-0.9,-0.00362637,-18.9938
53.296,-0.9,-0.00292125,-18.9624
53.298,-0.9,-0.00342491,-18.9905
53.3,-0.9,-0.00453297,-19.0097
53.302,-0.9,-0.00372711,-19.0179
53.304,-0.9,-0.00413004,-19.0142
53.306,-0.9,-0.00372711,-19.022
53.308,-0.9,-0.00322344,-19.0331
53.31,-0.9,-0.00382784,-19.052
53.312,-0.9,-0.00423077,-19.0659
53.314,-0.9,-0.00413004,-19.1092
53.316,-0.9,-0.00413004,-19.137
53.318,-0.9,-0.00362637,-19.1648
53.32,-0.9,-0.00372711,-19.1781
53.322,-0.9,-0.00352564,-19.1789
53.324,-0.9,-0.00302198,-19.1927
53.326,-0.9,-0.00261905,-19.1631
53.328,-0.9,-0.00362637,-19.1856
53.33,-0.9,-0.00423077,-19.2424
53.332,-0.9,-0.00352564,-19.2823
53.334,-0.9,-0.00342491,-19.2491
53.336,-0.9,-0.00382784,-19.2558
53.338,-0.9,-0.00342491,-19.2592
53.34,-0.9,-0.00352564,-19.2462
53.342,-0.9,-0.00302198,-19.26
53.344,-0.9,-0.00382784,-19.2777
53.346,-0.9,-0.00413004,-19.3596
53.348,-0.9,-0.00201465,-19.3013
53.35,-0.9,-0.00352564,-19.276
53.352,-0.9,-0.00342491,-19.2777
53.354,-0.9,-0.00251832,-19.2412
53.356,-0.9,-0.00271978,-19.2424
53.358,-0.9,-0.00312271,-19.2428
53.36,-0.9,-0.00392857,-19.2416
53.362,-0.9,-0.00392857,-19.2516
53.364,-0.9,-0.00332418,-19.229
53.366,-0.9,-0.00332418,-19.1998
53.368,-0.9,-0.00332418,-19.166
53.37,-0.9,-0.00282051,-19.1731
53.372,-0.9,-0.00423077,-19.1631
53.374,-0.9,-0.00392857,-19.1702
53.376,-0.9,-0.00302198,-19.201
53.378,-0.9,-0.00292125,-19.1569
53.38,-0.9,-0.00332418,-19.1018
53.382,-0.9,-0.00372711,-19.0668
53.384,-0.9,-0.00292125,-19.047
53.386,-0.9,-0.00302198,-19.0573
53.388,-0.9,-0.00292125,-19.0466
53.39,-0.9,-0.00342491,-19.0466
53.392,-0.9,-0.00302198,-19.0511
53.394,-0.9,-0.00352564,-19.0779
53.396,-0.9,-0.00413004,-19.0898
53.398,-0.9,-0.00342491,-19.0923
53.4,-0.9,-0.00382784,-19.108
53.402,-0.9,-0.00271978,-19.1097
53.404,-0.9,-0.00362637,-19.1548
53.406,-0.9,-0.00271978,-19.1943
53.408,-0.9,-0.00342491,-19.1852
53.41,-0.9,-0.00271978,-19.1685
53.412,-0.9,-0.00271978,-19.1714
53.414,-0.9,-0.00231685,-19.1914
53.416,-0.9,-0.00352564,-19.1502
53.418,-0.9,-0.00322344,-19.1789
53.42,-0.9,-0.00362637,-19.2006
53.422,-0.9,-0.0040293,-19.2227
53.424,-0.9,-0.00413004,-19.2148
53.426,-0.9,-0.0040293,-19.1968
53.428,-0.9,-0.00312271,-19.186
53.43,-0.9,-0.00352564,-19.1943
53.432,-0.9,-0.00382784,-19.2148
53.434,-0.9,-0.00362637,-19.1935
53.436,-0.9,-0.00282051,-19.2382
53.438,-0.9,-0.00392857,-19.1448
53.44,-0.9,-0.00322344,-19.1507
53.442,-0.9,-0.00302198,-19.1295
53.444,-0.9,-0.00322344,-19.1088
53.446,-0.9,-0.00392857,-19.075
53.448,-0.9,-0.00332418,-19.0701
53.45,-0.9,-0.00292125,-19.0725
53.452,-0.9,-0.00443223,-19.1159
53.454,-0.9,-0.00453297,-19.0952
53.456,-0.9,-0.00372711,-19.0536
53.458,-0.9,-0.00382784,-19.0865
53.46,-0.9,-0.00423077,-19.0894
53.462,-0.9,-0.00413004,-19.0783
53.464,-0.9,-0.00362637,-19.094
53.466,-0.9,-0.00392857,-19.1022
53.468,-0.9,-0.00392857,-19.0754
53.47,-0.9,-0.00443223,-19.0886
53.472,-0.9,-0.00352564,-19.0569
53.474,-0.9,-0.00332418,-19.0647
53.476,-0.9,-0.00342491,-19.0557
53.478,-0.9,-0.00372711,-19.0832
53.48,-0.9,-0.00413004,-19.0799
53.482,-0.9,-0.0040293,-19.1353
53.484,-0.9,-0.00352564,-19.1419
53.486,-0.9,-0.00362637,-19.1673
53.488,-0.9,-0.00382784,-19.1998
53.49,-0.9,-0.00282051,-19.2006
53.492,-0.9,-0.00342491,-19.2449
53.494,-0.9,-0.00362637,-19.2836
53.496,-0.9,-0.0043315,-19.3046
53.498,-0.9,-0.00292125,-19.2802
53.5,-0.9,-0.00302198,-19.2625
53.502,-0.9,-0.00261905,-19.2512
53.504,-0.9,-0.00302198,-19.2089
53.506,-0.9,-0.00261905,-19.2169
53.508,-0.9,-0.00271978,-19.2127
53.51,-0.9,-0.00423077,-19.2202
53.512,-0.9,-0.00443223,-19.2638
53.514,-0.9,-0.00362637,-19.2345
53.516,-0.9,-0.00332418,-19.2332
53.518,-0.9,-0.00372711,-19.2365
53.52,-0.9,-0.00282051,-19.2081
53.522,-0.9,-0.00282051,-19.1806
53.524,-0.9,-0.00392857,-19.1768
53.526,-0.9,-0.00392857,-19.1964
53.528,-0.9,-0.00271978,-19.1673
53.53,-0.9,-0.00251832,-19.0915
53.532,-0.9,-0.00282051,-19.0635
53.534,-0.9,-0.00362637,-19.0869
53.536,-0.9,-0.00372711,-19.1167
53.538,-0.9,-0.00342491,-19.0069
53.54,-0.9,-0.00423077,-18.9677
53.542,-0.9,-0.00483516,-18.9628
53.544,-0.9,-0.00302198,-18.9068
53.546,-0.9,-0.00372711,-18.8943
53.548,-0.9,-0.00352564,-18.8899
53.55,-0.9,-0.00392857,-18.904
53.552,-0.9,-0.00352564,-18.9291
53.554,-0.9,-0.00392857,-18.9901
53.556,-0.9,-0.00392857,-18.962
53.558,-0.9,-0.00362637,-18.9417
53.56,-0.9,-0.00382784,-18.9348
53.562,-0.9,-0.00302198,-18.9328
53.564,-0.9,-0.00352564,-18.9161
53.566,-0.9,-0.00352564,-18.951
53.568,-0.9,-0.00382784,-18.9478
53.57,-0.9,-0.00443223,-18.9983
53.572,-0.9,-0.00352564,-18.9897
53.574,-0.9,-0.00352564,-19.0077
53.576,-0.9,-0.00312271,-19.0409
53.578,-0.9,-0.00312271,-19.0392
53.58,-0.9,-0.00332418,-19.0733
53.582,-0.9,-0.00342491,-19.0853
53.584,-0.9,-0.00382784,-19.1047
53.586,-0.9,-0.00322344,-19.1241
53.588,-0.9,-0.00271978,-19.1088
53.59,-0.9,-0.00372711,-19.0816
53.592,-0.9,-0.00413004,-19.0894
53.594,-0.9,-0.00312271,-19.0799
53.596,-0.9,-0.00352564,-19.054
53.598,-0.9,-0.00241758,-19.0516
53.6,-0.9,-0.00342491,-19.0466
53.602,-0.9,-0.00352564,-18.9706
53.604,-0.9,-0.00352564,-18.9836
53.606,-0.9,-0.00382784,-19.0241
53.608,-0.9,-0.00322344,-19.0126
53.61,-0.9,-0.00372711,-19.0208
53.612,-0.9,-0.00362637,-18.9995
53.614,-0.9,-0.0043315,-19.0396
53.616,-0.9,-0.00392857,-19.0528
53.618,-0.9,-0.00342491,-19.0684
53.62,-0.9,-0.00362637,-19.0507
53.622,-0.9,-0.00352564,-19.0278
53.624,-0.9,-0.00362637,-19.0016
53.626,-0.9,-0.00362637,-19.0097
53.628,-0.9,-0.00392857,-19.0237
53.63,-0.9,-0.00423077,-19.0314
53.632,-0.9,-0.0040293,-19.0028
53.634,-0.9,-0.00362637,-19.0384
53.636,-0.9,-0.00352564,-19.002
53.638,-0.9,-0.00392857,-19.0155
53.64,-0.9,-0.00413004,-19.0651
53.642,-0.9,-0.00413004,-19.0771
53.644,-0.9,-0.00423077,-19.1241
53.646,-0.9,-0.00322344,-19.1511
53.648,-0.9,-0.00271978,-19.1283
53.65,-0.9,-0.00352564,-19.094
53.652,-0.9,-0.00312271,-19.1635
53.654,-0.9,-0.00231685,-19.1948
53.656,-0.9,-0.00292125,-19.2194
53.658,-0.9,-0.00342491,-19.2466
53.66,-0.9,-0.00382784,-19.2697
53.662,-0.9,-0.00322344,-19.3051
53.664,-0.9,-0.00302198,-19.2987
53.666,-0.9,-0.00352564,-19.2688
53.668,-0.9,-0.00292125,-19.2625
53.67,-0.9,-0.00332418,-19.2773
53.672,-0.9,-0.00282051,-19.3295
53.674,-0.9,-0.00312271,-19.3055
53.676,-0.9,-0.00241758,-19.3384
53.678,-0.9,-0.00231685,-19.3236
53.68,-0.9,-0.00292125,-19.2642
53.682,-0.9,-0.00312271,-19.2562
53.684,-0.9,-0.00322344,-19.2432
53.686,-0.9,-0.00362637,-19.2378
53.688,-0.9,-0.00231685,-19.2583
53.69,-0.9,-0.00392857,-19.2554
53.692,-0.9,-0.00392857,-19.255
53.694,-0.9,-0.00332418,-19.1952
53.696,-0.9,-0.00282051,-19.1677
53.698,-0.9,-0.00292125,-19.1308
53.7,-0.9,-0.00392857,-19.1299
53.702,-0.9,-0.00382784,-19.1245
53.704,-0.9,-0.00352564,-19.1241
53.706,-0.9,-0.00332418,-19.1076
53.708,-0.9,-0.00332418,-19.0804
53.71,-0.9,-0.00332418,-19.0701
53.712,-0.9,-0.00292125,-19.0573
53.714,-0.9,-0.00322344,-19.0405
53.716,-0.9,-0.00261905,-19.0302
53.718,-0.9,-0.00332418,-19.0462
53.72,-0.9,-0.00312271,-19.0882
53.722,-0.9,-0.00413004,-19.0594
53.724,-0.9,-0.00372711,-19.0446
53.726,-0.9,-0.00352564,-19.0795
53.728,-0.9,-0.00322344,-19.0845
53.73,-0.9,-0.00312271,-19.1179
53.732,-0.9,-0.00251832,-19.1312
53.734,-0.9,-0.00372711,-19.1789
53.736,-0.9,-0.00282051,-19.1764
53.738,-0.9,-0.00352564,-19.1927
53.74,-0.9,-0.00282051,-19.1864
53.742,-0.9,-0.00332418,-19.2052
53.744,-0.9,-0.00261905,-19.1827
53.746,-0.9,-0.00282051,-19.1411
53.748,-0.9,-0.00271978,-19.1756
53.75,-0.9,-0.00382784,-19.2269
53.752,-0.9,-0.00312271,-19.2441
53.754,-0.9,-0.00312271,-19.2144
53.756,-0.9,-0.00332418,-19.1973
53.758,-0.9,-0.00362637,-19.1931
53.76,-0.9,-0.00342491,-19.1898
53.762,-0.9,-0.00322344,-19.2424
53.764,-0.9,-0.00372711,-19.2089
53.766,-0.9,-0.00413004,-19.1906
53.768,-0.9,-0.00332418,-19.1685
53.77,-0.9,-0.00271978,-19.1407
53.772,-0.9,-0.00292125,-19.1465
53.774,-0.9,-0.00292125,-19.159
53.776,-0.9,-0.00413004,-19.1287
53.778,-0.9,-0.00413004,-19.0836
53.78,-0.9,-0.00352564,-19.1068
53.782,-0.9,-0.0043315,-19.061
53.784,-0.9,-0.00332418,-19.0754
53.786,-0.9,-0.00332418,-19.0565
53.788,-0.9,-0.0040293,-19.0331
53.79,-0.9,-0.00342491,-19.0442
53.792,-0.9,-0.00352564,-19.0861
53.794,-0.9,-0.00453297,-19.0927
53.796,-0.9,-0.0043315,-19.0808
53.798,-0.9,-0.00332418,-19.0729
53.8,-0.9,-0.00362637,-19.0783
53.802,-0.9,-0.00372711,-19.0733
53.804,-0.9,-0.00342491,-19.1171
53.806,-0.9,-0.00302198,-19.0816
53.808,-0.9,-0.00352564,-19.1026
53.81,-0.9,-0.00382784,-19.1196
53.812,-0.9,-0.00382784,-19.1279
53.814,-0.9,-0.00302198,-19.1656
53.816,-0.9,-0.00342491,-19.1773
53.818,-0.9,-0.00362637,-19.2027
53.82,-0.9,-0.00392857,-19.2194
53.822,-0.9,-0.00443223,-19.2303
53.824,-0.9,-0.00382784,-19.2874
53.826,-0.9,-0.00241758,-19.3034
53.828,-0.9,-0.00302198,-19.289
53.83,-0.9,-0.00322344,-19.2861
53.832,-0.9,-0.00342491,-19.263
53.834,-0.9,-0.00332418,-19.2487
53.836,-0.9,-0.00322344,-19.297
53.838,-0.9,-0.00362637,-19.2852
53.84,-0.9,-0.00372711,-19.2659
53.842,-0.9,-0.00312271,-19.255
53.844,-0.9,-0.00392857,-19.2663
53.846,-0.9,-0.00271978,-19.2257
53.848,-0.9,-0.00332418,-19.2014
53.85,-0.9,-0.00322344,-19.2206
53.852,-0.9,-0.00382784,-19.2294
53.854,-0.9,-0.00312271,-19.2575
53.856,-0.9,-0.00261905,-19.1981
53.858,-0.9,-0.00342491,-19.1548
53.86,-0.9,-0.00362637,-19.1279
53.862,-0.9,-0.00292125,-19.0907
53.864,-0.9,-0.00292125,-19.0973
53.866,-0.9,-0.00302198,-19.0577
53.868,-0.9,-0.0040293,-19.0845
53.87,-0.9,-0.00382784,-19.1856
53.872,-0.9,-0.00372711,-19.0725
53.874,-0.9,-0.0043315,-19.0343
53.876,-0.9,-0.00292125,-19.0425
53.878,-0.9,-0.00302198,-18.9486
53.88,-0.9,-0.00332418,-18.9669
53.882,-0.9,-0.0040293,-19.0302
53.884,-0.9,-0.00352564,-19.0836
53.886,-0.9,-0.00332418,-19.0253
53.888,-0.9,-0.00261905,-18.9881
53.89,-0.9,-0.00352564,-19.0089
53.892,-0.9,-0.00251832,-19.0061
53.894,-0.9,-0.00312271,-18.9734
53.896,-0.9,-0.00362637,-18.9799
53.898,-0.9,-0.00362637,-19.0126
53.9,-0.9,-0.00332418,-19.0003
53.902,-0.9,-0.00372711,-19.0155
53.904,-0.9,-0.00342491,-19.002
53.906,-0.9,-0.00312271,-19.0278
53.908,-0.9,-0.00251832,-19.0216
53.91,-0.9,-0.00312271,-19.0163
53.912,-0.9,-0.00322344,-19.0581
53.914,-0.9,-0.00382784,-19.0894
53.916,-0.9,-0.00342491,-19.0787
53.918,-0.9,-0.00271978,-19.0594
53.92,-0.9,-0.00292125,-19.0655
53.922,-0.9,-0.00372711,-19.0516
53.924,-0.9,-0.00292125,-19.0212
53.926,-0.9,-0.00322344,-19.0458
53.928,-0.9,-0.00413004,-19.0824
53.93,-0.9,-0.00372711,-19.0771
53.932,-0.9,-0.00322344,-19.0594
53.934,-0.9,-0.00322344,-19.0187
53.936,-0.9,-0.00322344,-19.02
53.938,-0.9,-0.00332418,-18.9771
53.94,-0.9,-0.00443223,-18.9584
53.942,-0.9,-0.00372711,-18.9999
53.944,-0.9,-0.00413004,-19.029
53.946,-0.9,-0.00382784,-19.0102
53.948,-0.9,-0.00342491,-18.975
53.95,-0.9,-0.00352564,-18.9783
53.952,-0.9,-0.00352564,-18.9995
53.954,-0.9,-0.00352564,-18.9795
53.956,-0.9,-0.00372711,-18.9734
53.958,-0.9,-0.0040293,-19.0057
53.96,-0.9,-0.00342491,-18.9848
53.962,-0.9,-0.00332418,-18.9983
53.964,-0.9,-0.00413004,-19.0808
53.966,-0.9,-0.00413004,-19.0832
53.968,-0.9,-0.00372711,-19.061
53.97,-0.9,-0.00342491,-19.0651
53.972,-0.9,-0.00322344,-19.1179
53.974,-0.9,-0.00392857,-19.1677
53.976,-0.9,-0.00362637,-19.1415
53.978,-0.9,-0.00413004,-19.1039
53.98,-0.9,-0.00332418,-19.1507
53.982,-0.9,-0.00332418,-19.1885
53.984,-0.9,-0.00392857,-19.2257
53.986,-0.9,-0.00322344,-19.2365
53.988,-0.9,-0.00362637,-19.2987
53.99,-0.9,-0.00332418,-19.3295
53.992,-0.9,-0.00312271,-19.3224
53.994,-0.9,-0.00302198,-19.3266
53.996,-0.9,-0.00352564,-19.3571
53.998,-0.9,-0.00413004,-19.3511
54,-0.8,-0.00312271,-19.3308
54.002,-0.8,0.00302198,-19.2718
54.004,-0.8,0.00292125,-19.0524
54.006,-0.8,0.00231685,-18.7301
54.008,-0.8,0.00141026,-18.5329
54.01,-0.8,0.000604396,-18.3352
54.012,-0.8,0.000805861,-18.1626
54.014,-0.8,0,-18.002
54.016,-0.8,0.000302198,-17.8655
54.018,-0.8,-0.000503663,-17.7364
54.02,-0.8,-0.00110806,-17.633
54.022,-0.8,-0.00110806,-17.5072
54.024,-0.8,-0.00191392,-17.3843
54.026,-0.8,-0.00181319,-17.2752
54.028,-0.8,-0.00211538,-17.2452
54.03,-0.8,-0.00302198,-17.1404
54.032,-0.8,-0.00191392,-17.0831
54.034,-0.8,-0.00231685,-17.0396
54.036,-0.8,-0.00312271,-16.9657
54.038,-0.8,-0.00282051,-16.952
54.04,-0.8,-0.00251832,-16.8672
54.042,-0.8,-0.00181319,-16.7983
54.044,-0.8,-0.00322344,-16.767
54.046,-0.8,-0.00292125,-16.7461
54.048,-0.8,-0.00332418,-16.7179
54.05,-0.8,-0.00302198,-16.6983
54.052,-0.8,-0.00362637,-16.6831
54.054,-0.8,-0.0040293,-16.674
54.056,-0.8,-0.00362637,-16.6772
54.058,-0.8,-0.00392857,-16.674
54.06,-0.8,-0.00251832,-16.663
54.062,-0.8,-0.00231685,-16.6649
54.064,-0.8,-0.00302198,-16.6684
54.066,-0.8,-0.00352564,-16.6684
54.068,-0.8,-0.00261905,-16.7055
54.07,-0.8,-0.00271978,-16.7419
54.072,-0.8,-0.00352564,-16.7229
54.074,-0.8,-0.00271978,-16.7312
54.076,-0.8,-0.00211538,-16.7229
54.078,-0.8,-0.00261905,-16.7372
54.08,-0.8,-0.00362637,-16.6828
54.082,-0.8,-0.00332418,-16.6907
54.084,-0.8,-0.00251832,-16.7008
54.086,-0.8,-0.00332418,-16.7245
54.088,-0.8,-0.0043315,-16.7489
54.09,-0.8,-0.00372711,-16.7556
54.092,-0.8,-0.00322344,-16.7255
54.094,-0.8,-0.00352564,-16.7024
54.096,-0.8,-0.00372711,-16.6724
54.098,-0.8,-0.00362637,-16.6536
54.1,-0.8,-0.00302198,-16.6655
54.102,-0.8,-0.00302198,-16.7559
54.104,-0.8,-0.00312271,-16.7309
54.106,-0.8,-0.00302198,-16.7062
54.108,-0.8,-0.00282051,-16.6781
54.11,-0.8,-0.00362637,-16.6936
54.112,-0.8,-0.00292125,-16.6323
54.114,-0.8,-0.00251832,-16.6032
54.116,-0.8,-0.00392857,-16.5963
54.118,-0.8,-0.00362637,-16.5914
54.12,-0.8,-0.00413004,-16.5917
54.122,-0.8,-0.00392857,-16.6163
54.124,-0.8,-0.00413004,-16.591
54.126,-0.8,-0.00332418,-16.5836
54.128,-0.8,-0.00392857,-16.5917
54.13,-0.8,-0.00392857,-16.5886
54.132,-0.8,-0.00352564,-16.587
54.134,-0.8,-0.00453297,-16.5755
54.136,-0.8,-0.0043315,-16.5761
54.138,-0.8,-0.00453297,-16.5861
54.14,-0.8,-0.00473443,-16.5848
54.142,-0.8,-0.00382784,-16.5665
54.144,-0.8,-0.00382784,-16.5718
54.146,-0.8,-0.00413004,-16.5441
54.148,-0.8,-0.0040293,-16.541
54.15,-0.8,-0.00362637,-16.5973
54.152,-0.8,-0.00362637,-16.5714
54.154,-0.8,-0.00322344,-16.5907
54.156,-0.8,-0.00423077,-16.6454
54.158,-0.8,-0.00362637,-16.6492
54.16,-0.8,-0.0040293,-16.6501
54.162,-0.8,-0.00322344,-16.6536
54.164,-0.8,-0.00302198,-16.6589
54.166,-0.8,-0.00312271,-16.6816
54.168,-0.8,-0.00352564,-16.6964
54.17,-0.8,-0.00352564,-16.7033
54.172,-0.8,-0.00322344,-16.7639
54.174,-0.8,-0.00312271,-16.7747
54.176,-0.8,-0.00201465,-16.7616
54.178,-0.8,-0.00292125,-16.7556
54.18,-0.8,-0.00392857,-16.7483
54.182,-0.8,-0.00352564,-16.7277
54.184,-0.8,-0.00392857,-16.7176
54.186,-0.8,-0.00261905,-16.7119
54.188,-0.8,-0.00372711,-16.7445
54.19,-0.8,-0.00382784,-16.7804
54.192,-0.8,-0.00342491,-16.7362
54.194,-0.8,-0.00312271,-16.7394
54.196,-0.8,-0.00302198,-16.7255
54.198,-0.8,-0.00362637,-16.6841
54.2,-0.8,-0.00251832,-16.686
54.202,-0.8,-0.00271978,-16.691
54.204,-0.8,-0.00362637,-16.686
54.206,-0.8,-0.00312271,-16.6917
54.208,-0.8,-0.00352564,-16.7097
54.21,-0.8,-0.00312271,-16.6756
54.212,-0.8,-0.00362637,-16.6048
54.214,-0.8,-0.00342491,-16.602
54.216,-0.8,-0.00322344,-16.5475
54.218,-0.8,-0.00332418,-16.4428
54.22,-0.8,-0.00332418,-16.6176
54.222,-0.8,-0.00392857,-16.5231
54.224,-0.8,-0.00372711,-16.4895
54.226,-0.8,-0.00413004,-16.4793
54.228,-0.8,-0.00312271,-16.5228
54.23,-0.8,-0.00332418,-16.4901
54.232,-0.8,-0.00352564,-16.4984
54.234,-0.8,-0.00382784,-16.4563
54.236,-0.8,-0.0043315,-16.4637
54.238,-0.8,-0.00352564,-16.4413
54.24,-0.8,-0.00382784,-16.5135
54.242,-0.8,-0.00372711,-16.5705
54.244,-0.8,-0.0040293,-16.5188
54.246,-0.8,-0.00322344,-16.5
54.248,-0.8,-0.00352564,-16.4855
54.25,-0.8,-0.00302198,-16.4738
54.252,-0.8,-0.00282051,-16.4511
54.254,-0.8,-0.00332418,-16.4809
54.256,-0.8,-0.00423077,-16.4892
54.258,-0.8,-0.00382784,-16.5432
54.26,-0.8,-0.00382784,-16.542
54.262,-0.8,-0.00312271,-16.5491
54.264,-0.8,-0.00352564,-16.5302
54.266,-0.8,-0.00312271,-16.5693
54.268,-0.8,-0.00322344,-16.5634
54.27,-0.8,-0.00292125,-16.5939
54.272,-0.8,-0.00282051,-16.5627
54.274,-0.8,-0.00322344,-16.6057
54.276,-0.8,-0.00282051,-16.6436
54.278,-0.8,-0.00241758,-16.6282
54.28,-0.8,-0.00312271,-16.5985
54.282,-0.8,-0.00241758,-16.5979
54.284,-0.8,-0.00292125,-16.5982
54.286,-0.8,-0.00241758,-16.5967
54.288,-0.8,-0.00271978,-16.5696
54.29,-0.8,-0.00261905,-16.5917
54.292,-0.8,-0.0040293,-16.6035
54.294,-0.8,-0.00342491,-16.6382
54.296,-0.8,-0.00342491,-16.6417
54.298,-0.8,-0.00322344,-16.602
54.3,-0.8,-0.00312271,-16.5342
54.302,-0.8,-0.00332418,-16.5256
54.304,-0.8,-0.00292125,-16.5271
54.306,-0.8,-0.00362637,-16.5646
54.308,-0.8,-0.00352564,-16.5448
54.31,-0.8,-0.00372711,-16.5497
54.312,-0.8,-0.00352564,-16.555
54.314,-0.8,-0.00282051,-16.5562
54.316,-0.8,-0.00251832,-16.5392
54.318,-0.8,-0.00423077,-16.5145
54.32,-0.8,-0.00443223,-16.5234
54.322,-0.8,-0.00332418,-16.4978
54.324,-0.8,-0.0040293,-16.4926
54.326,-0.8,-0.00372711,-16.5114
54.328,-0.8,-0.00423077,-16.5092
54.33,-0.8,-0.0040293,-16.5049
54.332,-0.8,-0.00382784,-16.4947
54.334,-0.8,-0.00332418,-16.56
54.336,-0.8,-0.00382784,-16.5575
54.338,-0.8,-0.00352564,-16.5414
54.34,-0.8,-0.00392857,-16.5559
54.342,-0.8,-0.00312271,-16.6054
54.344,-0.8,-0.00362637,-16.6382
54.346,-0.8,-0.00413004,-16.6351
54.348,-0.8,-0.00362637,-16.6151
54.35,-0.8,-0.00362637,-16.5839
54.352,-0.8,-0.00362637,-16.7125
54.354,-0.8,-0.00312271,-16.6882
54.356,-0.8,-0.00332418,-16.6687
54.358,-0.8,-0.00271978,-16.6932
54.36,-0.8,-0.0040293,-16.7331
54.362,-0.8,-0.00392857,-16.7578
54.364,-0.8,-0.00413004,-16.7833
54.366,-0.8,-0.00261905,-16.7753
54.368,-0.8,-0.00332418,-16.754
54.37,-0.8,-0.00352564,-16.7543
54.372,-0.8,-0.00312271,-16.7461
54.374,-0.8,-0.00292125,-16.7591
54.376,-0.8,-0.00352564,-16.8095
54.378,-0.8,-0.00362637,-16.7967
54.38,-0.8,-0.00271978,-16.8229
54.382,-0.8,-0.00261905,-16.8258
54.384,-0.8,-0.00271978,-16.8111
54.386,-0.8,-0.00261905,-16.7648
54.388,-0.8,-0.00271978,-16.7312
54.39,-0.8,-0.00261905,-16.728
54.392,-0.8,-0.00342491,-16.7179
54.394,-0.8,-0.00312271,-16.7366
54.396,-0.8,-0.0043315,-16.7419
54.398,-0.8,-0.00282051,-16.7166
54.4,-0.8,-0.00423077,-16.6753
54.402,-0.8,-0.00322344,-16.663
54.404,-0.8,-0.00362637,-16.6404
54.406,-0.8,-0.00322344,-16.5973
54.408,-0.8,-0.00342491,-16.6016
54.41,-0.8,-0.00302198,-16.6179
54.412,-0.8,-0.00322344,-16.6301
54.414,-0.8,-0.00332418,-16.6016
54.416,-0.8,-0.00302198,-16.5858
54.418,-0.8,-0.00342491,-16.5677
54.42,-0.8,-0.00322344,-16.5333
54.422,-0.8,-0.00271978,-16.5277
54.424,-0.8,-0.00312271,-16.5321
54.426,-0.8,-0.00302198,-16.5246
54.428,-0.8,-0.00322344,-16.528
54.43,-0.8,-0.00382784,-16.5256
54.432,-0.8,-0.00453297,-16.5336
54.434,-0.8,-0.00443223,-16.5534
54.436,-0.8,-0.00322344,-16.5659
54.438,-0.8,-0.00332418,-16.5634
54.44,-0.8,-0.00382784,-16.5746
54.442,-0.8,-0.00302198,-16.5854
54.444,-0.8,-0.00352564,-16.597
54.446,-0.8,-0.00382784,-16.6448
54.448,-0.8,-0.00312271,-16.6942
54.45,-0.8,-0.00292125,-16.6762
54.452,-0.8,-0.00382784,-16.6838
54.454,-0.8,-0.00261905,-16.6854
54.456,-0.8,-0.00282051,-16.7043
54.458,-0.8,-0.00312271,-16.6545
54.46,-0.8,-0.00292125,-16.6684
54.462,-0.8,-0.00261905,-16.6831
54.464,-0.8,-0.00302198,-16.7074
54.466,-0.8,-0.00372711,-16.7347
54.468,-0.8,-0.00332418,-16.7397
54.47,-0.8,-0.00312271,-16.7115
54.472,-0.8,-0.0040293,-16.6505
54.474,-0.8,-0.00271978,-16.6583
54.476,-0.8,-0.00261905,-16.6385
54.478,-0.8,-0.00302198,-16.6483
54.48,-0.8,-0.00453297,-16.7435
54.482,-0.8,-0.00362637,-16.7131
54.484,-0.8,-0.00292125,-16.6888
54.486,-0.8,-0.00382784,-16.6954
54.488,-0.8,-0.00302198,-16.6602
54.49,-0.8,-0.00261905,-16.602
54.492,-0.8,-0.00362637,-16.5714
54.494,-0.8,-0.00292125,-16.5693
54.496,-0.8,-0.00312271,-16.5631
54.498,-0.8,-0.00392857,-16.5792
54.5,-0.8,-0.00483516,-16.607
54.502,-0.8,-0.0043315,-16.5739
54.504,-0.8,-0.00372711,-16.5702
54.506,-0.8,-0.00372711,-16.5848
54.508,-0.8,-0.00382784,-16.5839
54.51,-0.8,-0.00362637,-16.5886
54.512,-0.8,-0.0040293,-16.5783
54.514,-0.8,-0.0046337,-16.5808
54.516,-0.8,-0.00322344,-16.5926
54.518,-0.8,-0.00332418,-16.597
54.52,-0.8,-0.00231685,-16.5901
54.522,-0.8,-0.00362637,-16.5858
54.524,-0.8,-0.00362637,-16.56
54.526,-0.8,-0.00271978,-16.5624
54.528,-0.8,-0.00332418,-16.6207
54.53,-0.8,-0.00312271,-16.6007
54.532,-0.8,-0.00251832,-16.6223
54.534,-0.8,-0.00423077,-16.6734
54.536,-0.8,-0.00372711,-16.6809
54.538,-0.8,-0.00392857,-16.6797
54.54,-0.8,-0.00302198,-16.6891
54.542,-0.8,-0.00382784,-16.6967
54.544,-0.8,-0.00322344,-16.715
54.546,-0.8,-0.00382784,-16.734
54.548,-0.8,-0.00322344,-16.7407
54.55,-0.8,-0.00392857,-16.8056
54.552,-0.8,-0.00382784,-16.8152
54.554,-0.8,-0.00302198,-16.8034
54.556,-0.8,-0.00271978,-16.7948
54.558,-0.8,-0.00322344,-16.7836
54.56,-0.8,-0.00322344,-16.76
54.562,-0.8,-0.00292125,-16.7438
54.564,-0.8,-0.00342491,-16.7419
54.566,-0.8,-0.00372711,-16.7709
54.568,-0.8,-0.00282051,-16.8079
54.57,-0.8,-0.00322344,-16.7626
54.572,-0.8,-0.00292125,-16.7645
54.574,-0.8,-0.00302198,-16.7464
54.576,-0.8,-0.00271978,-16.7074
54.578,-0.8,-0.00261905,-16.7087
54.58,-0.8,-0.00392857,-16.7125
54.582,-0.8,-0.00312271,-16.7043
54.584,-0.8,-0.00322344,-16.7071
54.586,-0.8,-0.00241758,-16.7217
54.588,-0.8,-0.00322344,-16.6828
54.59,-0.8,-0.00261905,-16.6082
54.592,-0.8,-0.00322344,-16.5976
54.594,-0.8,-0.00322344,-16.5466
54.596,-0.8,-0.00302198,-16.4389
54.598,-0.8,-0.00332418,-16.4157
54.6,-0.8,-0.00322344,-16.5219
54.602,-0.8,-0.0046337,-16.4886
54.604,-0.8,-0.00372711,-16.4793
54.606,-0.8,-0.00302198,-16.5237
54.608,-0.8,-0.00342491,-16.4913
54.61,-0.8,-0.00382784,-16.5018
54.612,-0.8,-0.00322344,-16.4585
54.614,-0.8,-0.00352564,-16.4683
54.616,-0.8,-0.00352564,-16.4358
54.618,-0.8,-0.00453297,-16.5154
54.62,-0.8,-0.00352564,-16.5724
54.622,-0.8,-0.00392857,-16.5225
54.624,-0.8,-0.00312271,-16.5074
54.626,-0.8,-0.00292125,-16.4916
54.628,-0.8,-0.00282051,-16.4766
54.63,-0.8,-0.00332418,-16.4787
54.632,-0.8,-0.00352564,-16.488
54.634,-0.8,-0.00271978,-16.495
54.636,-0.8,-0.00332418,-16.5488
54.638,-0.8,-0.00443223,-16.5497
54.64,-0.8,-0.00382784,-16.5575
54.642,-0.8,-0.00302198,-16.5367
54.644,-0.8,-0.00312271,-16.5764
54.646,-0.8,-0.00322344,-16.5727
54.648,-0.8,-0.00342491,-16.5988
54.65,-0.8,-0.00342491,-16.5693
54.652,-0.8,-0.00362637,-16.6088
54.654,-0.8,-0.00312271,-16.6473
54.656,-0.8,-0.00261905,-16.6323
54.658,-0.8,-0.00221612,-16.6023
54.66,-0.8,-0.00322344,-16.601
54.662,-0.8,-0.00251832,-16.5995
54.664,-0.8,-0.00382784,-16.5995
54.666,-0.8,-0.00251832,-16.569
54.668,-0.8,-0.00332418,-16.5948
54.67,-0.8,-0.00362637,-16.636
54.672,-0.8,-0.00382784,-16.6429
54.674,-0.8,-0.00392857,-16.6511
54.676,-0.8,-0.00312271,-16.5979
54.678,-0.8,-0.00342491,-16.5321
54.68,-0.8,-0.00372711,-16.5216
54.682,-0.8,-0.00241758,-16.5197
54.684,-0.8,-0.00443223,-16.5609
54.686,-0.8,-0.00322344,-16.541
54.688,-0.8,-0.00453297,-16.5445
54.69,-0.8,-0.00372711,-16.5349
54.692,-0.8,-0.00352564,-16.5572
54.694,-0.8,-0.00261905,-16.5386
54.696,-0.8,-0.00423077,-16.5154
54.698,-0.8,-0.00382784,-16.5209
54.7,-0.8,-0.00382784,-16.5021
54.702,-0.8,-0.00312271,-16.4963
54.704,-0.8,-0.0046337,-16.5095
54.706,-0.8,-0.0040293,-16.5108
54.708,-0.8,-0.00332418,-16.508
54.71,-0.8,-0.00362637,-16.4975
54.712,-0.8,-0.00322344,-16.5637
54.714,-0.8,-0.00282051,-16.5652
54.716,-0.8,-0.0040293,-16.5522
54.718,-0.8,-0.00423077,-16.5683
54.72,-0.8,-0.00413004,-16.6129
54.722,-0.8,-0.00362637,-16.6451
54.724,-0.8,-0.00413004,-16.6448
54.726,-0.8,-0.00282051,-16.6204
54.728,-0.8,-0.00332418,-16.5886
54.73,-0.8,-0.00271978,-16.7182
54.732,-0.8,-0.00251832,-16.6973
54.734,-0.8,-0.00332418,-16.6743
54.736,-0.8,-0.00372711,-16.6958
54.738,-0.8,-0.00271978,-16.741
54.74,-0.8,-0.00312271,-16.7626
54.742,-0.8,-0.00332418,-16.7878
54.744,-0.8,-0.00251832,-16.7744
54.746,-0.8,-0.00352564,-16.7486
54.748,-0.8,-0.00292125,-16.7505
54.75,-0.8,-0.00352564,-16.7385
54.752,-0.8,-0.00302198,-16.7477
54.754,-0.8,-0.00362637,-16.797
54.756,-0.8,-0.0040293,-16.7811
54.758,-0.8,-0.00292125,-16.8056
54.76,-0.8,-0.00261905,-16.8123
54.762,-0.8,-0.00261905,-16.7919
54.764,-0.8,-0.00201465,-16.7426
54.766,-0.8,-0.00302198,-16.7036
54.768,-0.8,-0.00382784,-16.7002
54.77,-0.8,-0.00342491,-16.6895
54.772,-0.8,-0.00292125,-16.7141
54.774,-0.8,-0.00302198,-16.721
54.776,-0.8,-0.00362637,-16.6986
54.778,-0.8,-0.00392857,-16.6599
54.78,-0.8,-0.00322344,-16.6501
54.782,-0.8,-0.00443223,-16.6232
54.784,-0.8,-0.0040293,-16.5876
54.786,-0.8,-0.00352564,-16.591
54.788,-0.8,-0.00312271,-16.5873
54.79,-0.8,-0.00443223,-16.6173
54.792,-0.8,-0.00362637,-16.592
54.794,-0.8,-0.00261905,-16.5786
54.796,-0.8,-0.00231685,-16.5559
54.798,-0.8,-0.00332418,-16.524
54.8,-0.8,-0.00322344,-16.5228
54.802,-0.8,-0.00352564,-16.5256
54.804,-0.8,-0.00282051,-16.5182
54.806,-0.8,-0.00372711,-16.5206
54.808,-0.8,-0.00372711,-16.5182
54.81,-0.8,-0.00362637,-16.5274
54.812,-0.8,-0.00382784,-16.5513
54.814,-0.8,-0.00342491,-16.5609
54.816,-0.8,-0.00392857,-16.5544
54.818,-0.8,-0.00392857,-16.5665
54.82,-0.8,-0.00382784,-16.5798
54.822,-0.8,-0.00392857,-16.5836
54.824,-0.8,-0.00322344,-16.6351
54.826,-0.8,-0.00302198,-16.6772
54.828,-0.8,-0.00372711,-16.6627
54.83,-0.8,-0.00362637,-16.6724
54.832,-0.8,-0.00342491,-16.6715
54.834,-0.8,-0.00302198,-16.6901
54.836,-0.8,-0.00271978,-16.6348
54.838,-0.8,-0.00292125,-16.6526
54.84,-0.8,-0.00302198,-16.663
54.842,-0.8,-0.00332418,-16.6838
54.844,-0.8,-0.00322344,-16.7103
54.846,-0.8,-0.00282051,-16.7229
54.848,-0.8,-0.00332418,-16.6929
54.85,-0.8,-0.00362637,-16.6266
54.852,-0.8,-0.00352564,-16.631
54.854,-0.8,-0.00312271,-16.6119
54.856,-0.8,-0.00362637,-16.6207
54.858,-0.8,-0.00342491,-16.7068
54.86,-0.8,-0.00302198,-16.6816
54.862,-0.8,-0.00282051,-16.6561
54.864,-0.8,-0.00332418,-16.6674
54.866,-0.8,-0.00362637,-16.6354
54.868,-0.8,-0.00312271,-16.5746
54.87,-0.8,-0.00282051,-16.5448
54.872,-0.8,-0.00392857,-16.5401
54.874,-0.8,-0.00312271,-16.5339
54.876,-0.8,-0.00342491,-16.5423
54.878,-0.8,-0.00413004,-16.5727
54.88,-0.8,-0.0043315,-16.541
54.882,-0.8,-0.00302198,-16.5352
54.884,-0.8,-0.00413004,-16.5157
54.886,-0.8,-0.00352564,-16.5395
54.888,-0.8,-0.00423077,-16.5432
54.89,-0.8,-0.0043315,-16.4953
54.892,-0.8,-0.00423077,-16.5308
54.894,-0.8,-0.00483516,-16.5386
54.896,-0.8,-0.00362637,-16.5358
54.898,-0.8,-0.00382784,-16.5308
54.9,-0.8,-0.00392857,-16.524
54.902,-0.8,-0.00342491,-16.4947
54.904,-0.8,-0.00352564,-16.508
54.906,-0.8,-0.00342491,-16.5469
54.908,-0.8,-0.00322344,-16.5212
54.91,-0.8,-0.00292125,-16.5553
54.912,-0.8,-0.00443223,-16.5923
54.914,-0.8,-0.00292125,-16.6007
54.916,-0.8,-0.00392857,-16.5795
54.918,-0.8,-0.00302198,-16.6104
54.92,-0.8,-0.00342491,-16.6241
54.922,-0.8,-0.00271978,-16.6495
54.924,-0.8,-0.00392857,-16.6649
54.926,-0.8,-0.0040293,-16.6816
54.928,-0.8,-0.00332418,-16.7467
54.93,-0.8,-0.00352564,-16.7639
54.932,-0.8,-0.00302198,-16.762
54.934,-0.8,-0.00181319,-16.7477
54.936,-0.8,-0.00282051,-16.7407
54.938,-0.8,-0.00312271,-16.7461
54.94,-0.8,-0.00322344,-16.7473
54.942,-0.8,-0.00352564,-16.7078
54.944,-0.8,-0.00282051,-16.741
54.946,-0.8,-0.00382784,-16.7331
54.948,-0.8,-0.00342491,-16.7635
54.95,-0.8,-0.00261905,-16.7366
54.952,-0.8,-0.00312271,-16.7239
54.954,-0.8,-0.00221612,-16.709
54.956,-0.8,-0.00221612,-16.6863
54.958,-0.8,-0.00282051,-16.6951
54.96,-0.8,-0.00302198,-16.6904
54.962,-0.8,-0.00332418,-16.6898
54.964,-0.8,-0.00302198,-16.709
54.966,-0.8,-0.00261905,-16.6784
54.968,-0.8,-0.00271978,-16.6348
54.97,-0.8,-0.00332418,-16.5967
54.972,-0.8,-0.00372711,-16.5525
54.974,-0.8,-0.00392857,-16.5967
54.976,-0.8,-0.00241758,-16.6226
54.978,-0.8,-0.00282051,-16.5311
54.98,-0.8,-0.00362637,-16.5494
54.982,-0.8,-0.00352564,-16.6351
54.984,-0.8,-0.00382784,-16.5376
54.986,-0.8,-0.0040293,-16.5058
54.988,-0.8,-0.00302198,-16.4766
54.99,-0.8,-0.00312271,-16.4717
54.992,-0.8,-0.00312271,-16.4818
54.994,-0.8,-0.00362637,-16.4714
54.996,-0.8,-0.00271978,-16.5296
54.998,-0.8,-0.00312271,-16.5882
55,-0.7,-0.00322344,-16.5021
55.002,-0.7,0.00332418,-16.4404
55.004,-0.7,0.00181319,-16.1563
55.006,-0.7,0.00120879,-15.972
55.008,-0.7,0.00100733,-15.7368
55.01,-0.7,0.000201465,-15.6354
55.012,-0.7,0.000201465,-15.4641
55.014,-0.7,-0.000100733,-15.3887
55.016,-0.7,-0.00040293,-15.2627
55.018,-0.7,-0.000906593,-15.1538
55.02,-0.7,-0.000805861,-15.0449
55.022,-0.7,-0.000705128,-14.9639
55.024,-0.7,-0.000906593,-14.8975
55.026,-0.7,-0.00120879,-14.8328
55.028,-0.7,-0.00141026,-14.7747
55.03,-0.7,-0.00171245,-14.7054
55.032,-0.7,-0.00261905,-14.6841
55.034,-0.7,-0.00171245,-14.6585
55.036,-0.7,-0.00100733,-14.6554
55.038,-0.7,-0.00241758,-14.5953
55.04,-0.7,-0.00261905,-14.5523
55.042,-0.7,-0.00372711,-14.495
55.044,-0.7,-0.00251832,-14.4786
55.046,-0.7,-0.00292125,-14.4349
55.048,-0.7,-0.00271978,-14.4022
55.05,-0.7,-0.00312271,-14.3881
55.052,-0.7,-0.00261905,-14.3577
55.054,-0.7,-0.00342491,-14.4019
55.056,-0.7,-0.00362637,-14.3605
55.058,-0.7,-0.00342491,-14.3659
55.06,-0.7,-0.00322344,-14.231
55.062,-0.7,-0.00251832,-14.2436
55.064,-0.7,-0.00271978,-14.2592
55.066,-0.7,-0.00392857,-14.2461
55.068,-0.7,-0.00292125,-14.2131
55.07,-0.7,-0.00342491,-14.1887
55.072,-0.7,-0.00312271,-14.2129
55.074,-0.7,-0.00352564,-14.2113
55.076,-0.7,-0.00382784,-14.2113
55.078,-0.7,-0.00372711,-14.2006
55.08,-0.7,-0.0043315,-14.1594
55.082,-0.7,-0.00312271,-14.1485
55.084,-0.7,-0.00322344,-14.1494
55.086,-0.7,-0.00322344,-14.1571
55.088,-0.7,-0.00443223,-14.1338
55.09,-0.7,-0.00302198,-14.1173
55.092,-0.7,-0.00382784,-14.1428
55.094,-0.7,-0.00413004,-14.156
55.096,-0.7,-0.00413004,-14.191
55.098,-0.7,-0.00362637,-14.1333
55.1,-0.7,-0.0043315,-14.1216
55.102,-0.7,-0.00352564,-14.1775
55.104,-0.7,-0.00362637,-14.1437
55.106,-0.7,-0.0040293,-14.1254
55.108,-0.7,-0.00342491,-14.1678
55.11,-0.7,-0.00342491,-14.175
55.112,-0.7,-0.00322344,-14.2317
55.114,-0.7,-0.00312271,-14.2696
55.116,-0.7,-0.00362637,-14.2717
55.118,-0.7,-0.00362637,-14.2636
55.12,-0.7,-0.00282051,-14.3035
55.122,-0.7,-0.00312271,-14.298
55.124,-0.7,-0.00342491,-14.2558
55.126,-0.7,-0.00282051,-14.2871
55.128,-0.7,-0.00271978,-14.301
55.13,-0.7,-0.00302198,-14.3351
55.132,-0.7,-0.00332418,-14.3687
55.134,-0.7,-0.00392857,-14.4043
55.136,-0.7,-0.00382784,-14.4179
55.138,-0.7,-0.00332418,-14.382
55.14,-0.7,-0.00292125,-14.4008
55.142,-0.7,-0.00302198,-14.3717
55.144,-0.7,-0.00342491,-14.3726
55.146,-0.7,-0.00292125,-14.3579
55.148,-0.7,-0.00312271,-14.4038
55.15,-0.7,-0.00342491,-14.3869
55.152,-0.7,-0.00312271,-14.3832
55.154,-0.7,-0.00282051,-14.3991
55.156,-0.7,-0.00251832,-14.413
55.158,-0.7,-0.00251832,-14.4111
55.16,-0.7,-0.00282051,-14.3544
55.162,-0.7,-0.00292125,-14.33
55.164,-0.7,-0.00251832,-14.3572
55.166,-0.7,-0.00332418,-14.3015
55.168,-0.7,-0.00322344,-14.2908
55.17,-0.7,-0.00342491,-14.2827
55.172,-0.7,-0.00312271,-14.2927
55.174,-0.7,-0.00302198,-14.3105
55.176,-0.7,-0.00423077,-14.3001
55.178,-0.7,-0.00302198,-14.2876
55.18,-0.7,-0.00292125,-14.2344
55.182,-0.7,-0.00342491,-14.2179
55.184,-0.7,-0.00271978,-14.1951
55.186,-0.7,-0.00352564,-14.1612
55.188,-0.7,-0.00302198,-14.1725
55.19,-0.7,-0.00382784,-14.181
55.192,-0.7,-0.00392857,-14.1912
55.194,-0.7,-0.0040293,-14.1694
55.196,-0.7,-0.00282051,-14.1637
55.198,-0.7,-0.00382784,-14.1417
55.2,-0.7,-0.00362637,-14.1223
55.202,-0.7,-0.00362637,-14.097
55.204,-0.7,-0.0040293,-14.1175
55.206,-0.7,-0.00382784,-14.0831
55.208,-0.7,-0.00302198,-14.0829
55.21,-0.7,-0.00282051,-14.0939
55.212,-0.7,-0.00443223,-14.1008
55.214,-0.7,-0.00332418,-14.1033
55.216,-0.7,-0.00251832,-14.1496
55.218,-0.7,-0.00362637,-14.1198
55.22,-0.7,-0.00322344,-14.1139
55.222,-0.7,-0.00382784,-14.1403
55.224,-0.7,-0.00372711,-14.1408
55.226,-0.7,-0.00292125,-14.1635
55.228,-0.7,-0.00372711,-14.1571
55.23,-0.7,-0.00342491,-14.1839
55.232,-0.7,-0.00382784,-14.2131
55.234,-0.7,-0.00423077,-14.2613
55.236,-0.7,-0.00342491,-14.277
55.238,-0.7,-0.00342491,-14.2608
55.24,-0.7,-0.00292125,-14.2698
55.242,-0.7,-0.00261905,-14.2581
55.244,-0.7,-0.0040293,-14.242
55.246,-0.7,-0.00282051,-14.2677
55.248,-0.7,-0.00292125,-14.2638
55.25,-0.7,-0.00322344,-14.2624
55.252,-0.7,-0.00332418,-14.259
55.254,-0.7,-0.00322344,-14.2666
55.256,-0.7,-0.00322344,-14.3156
55.258,-0.7,-0.00382784,-14.2468
55.26,-0.7,-0.00261905,-14.2832
55.262,-0.7,-0.00282051,-14.2599
55.264,-0.7,-0.00292125,-14.2537
55.266,-0.7,-0.00312271,-14.2269
55.268,-0.7,-0.00292125,-14.2618
55.27,-0.7,-0.00312271,-14.282
55.272,-0.7,-0.0040293,-14.2629
55.274,-0.7,-0.00372711,-14.286
55.276,-0.7,-0.00352564,-14.3151
55.278,-0.7,-0.00332418,-14.271
55.28,-0.7,-0.00362637,-14.2677
55.282,-0.7,-0.00342491,-14.2418
55.284,-0.7,-0.00392857,-14.2072
55.286,-0.7,-0.00352564,-14.2083
55.288,-0.7,-0.00261905,-14.2152
55.29,-0.7,-0.00322344,-14.1585
55.292,-0.7,-0.00372711,-14.1532
55.294,-0.7,-0.00372711,-14.1637
55.296,-0.7,-0.00392857,-14.2003
55.298,-0.7,-0.00453297,-14.1939
55.3,-0.7,-0.00332418,-14.1696
55.302,-0.7,-0.00382784,-14.1453
55.304,-0.7,-0.00413004,-14.1628
55.306,-0.7,-0.0040293,-14.1616
55.308,-0.7,-0.00372711,-14.1639
55.31,-0.7,-0.00332418,-14.1256
55.312,-0.7,-0.00413004,-14.1388
55.314,-0.7,-0.00392857,-14.1844
55.316,-0.7,-0.0040293,-14.1873
55.318,-0.7,-0.00423077,-14.1723
55.32,-0.7,-0.00392857,-14.1598
55.322,-0.7,-0.00372711,-14.158
55.324,-0.7,-0.00392857,-14.148
55.326,-0.7,-0.00382784,-14.1539
55.328,-0.7,-0.00282051,-14.1494
55.33,-0.7,-0.00392857,-14.1408
55.332,-0.7,-0.00423077,-14.1766
55.334,-0.7,-0.00332418,-14.2106
55.336,-0.7,-0.0043315,-14.2638
55.338,-0.7,-0.00413004,-14.242
55.34,-0.7,-0.00392857,-14.2459
55.342,-0.7,-0.00362637,-14.2581
55.344,-0.7,-0.00312271,-14.273
55.346,-0.7,-0.00342491,-14.2938
55.348,-0.7,-0.00302198,-14.2945
55.35,-0.7,-0.00221612,-14.3098
55.352,-0.7,-0.00342491,-14.3286
55.354,-0.7,-0.00342491,-14.3989
55.356,-0.7,-0.00271978,-14.3933
55.358,-0.7,-0.00271978,-14.3928
55.36,-0.7,-0.00322344,-14.3841
55.362,-0.7,-0.00271978,-14.3717
55.364,-0.7,-0.00292125,-14.3628
55.366,-0.7,-0.00211538,-14.3593
55.368,-0.7,-0.00312271,-14.3256
55.37,-0.7,-0.00302198,-14.3302
55.372,-0.7,-0.00372711,-14.3619
55.374,-0.7,-0.00302198,-14.3542
55.376,-0.7,-0.00332418,-14.3921
55.378,-0.7,-0.00282051,-14.3736
55.38,-0.7,-0.00312271,-14.3398
55.382,-0.7,-0.00302198,-14.3168
55.384,-0.7,-0.00392857,-14.33
55.386,-0.7,-0.0040293,-14.3253
55.388,-0.7,-0.00342491,-14.2657
55.39,-0.7,-0.00282051,-14.2892
55.392,-0.7,-0.00382784,-14.2885
55.394,-0.7,-0.00322344,-14.295
55.396,-0.7,-0.00261905,-14.3179
55.398,-0.7,-0.00312271,-14.276
55.4,-0.7,-0.00342491,-14.236
55.402,-0.7,-0.00352564,-14.1985
55.404,-0.7,-0.00302198,-14.1862
55.406,-0.7,-0.00261905,-14.1374
55.408,-0.7,-0.00342491,-14.1746
55.41,-0.7,-0.00423077,-14.1367
55.412,-0.7,-0.00302198,-14.1056
55.414,-0.7,-0.00382784,-14.0993
55.416,-0.7,-0.00413004,-14.0975
55.418,-0.7,-0.0040293,-14.077
55.42,-0.7,-0.00362637,-14.1159
55.422,-0.7,-0.00342491,-14.0775
55.424,-0.7,-0.00392857,-14.0196
55.426,-0.7,-0.00312271,-14.0183
55.428,-0.7,-0.00362637,-14.0934
55.43,-0.7,-0.00302198,-14.066
55.432,-0.7,-0.00322344,-14.0482
55.434,-0.7,-0.0043315,-14.1157
55.436,-0.7,-0.00392857,-14.102
55.438,-0.7,-0.00362637,-14.1074
55.44,-0.7,-0.00322344,-14.0883
55.442,-0.7,-0.00352564,-14.1026
55.444,-0.7,-0.0040293,-14.0993
55.446,-0.7,-0.00292125,-14.0925
55.448,-0.7,-0.00312271,-14.0815
55.45,-0.7,-0.00312271,-14.1126
55.452,-0.7,-0.00342491,-14.129
55.454,-0.7,-0.00322344,-14.1639
55.456,-0.7,-0.00322344,-14.1866
55.458,-0.7,-0.00362637,-14.1878
55.46,-0.7,-0.00312271,-14.1903
55.462,-0.7,-0.00342491,-14.2166
55.464,-0.7,-0.00382784,-14.1791
55.466,-0.7,-0.00241758,-14.2033
55.468,-0.7,-0.00241758,-14.2026
55.47,-0.7,-0.00322344,-14.2301
55.472,-0.7,-0.00292125,-14.2385
55.474,-0.7,-0.00382784,-14.2397
55.476,-0.7,-0.00312271,-14.2555
55.478,-0.7,-0.00312271,-14.2544
55.48,-0.7,-0.00201465,-14.262
55.482,-0.7,-0.00251832,-14.2608
55.484,-0.7,-0.00292125,-14.2198
55.486,-0.7,-0.00261905,-14.2269
55.488,-0.7,-0.00241758,-14.2275
55.49,-0.7,-0.00342491,-14.2049
55.492,-0.7,-0.00332418,-14.2269
55.494,-0.7,-0.00271978,-14.2122
55.496,-0.7,-0.00392857,-14.2131
55.498,-0.7,-0.00423077,-14.2482
55.5,-0.7,-0.00292125,-14.2643
55.502,-0.7,-0.00342491,-14.1433
55.504,-0.7,-0.00322344,-14.1671
55.506,-0.7,-0.00362637,-14.1864
55.508,-0.7,-0.00322344,-14.1866
55.51,-0.7,-0.00211538,-14.1753
55.512,-0.7,-0.00352564,-14.1451
55.514,-0.7,-0.00382784,-14.1732
55.516,-0.7,-0.00423077,-14.1844
55.518,-0.7,-0.00392857,-14.1869
55.52,-0.7,-0.00413004,-14.1766
55.522,-0.7,-0.00362637,-14.1397
55.524,-0.7,-0.00332418,-14.1313
55.526,-0.7,-0.00362637,-14.1383
55.528,-0.7,-0.00362637,-14.144
55.53,-0.7,-0.00372711,-14.1209
55.532,-0.7,-0.00372711,-14.104
55.534,-0.7,-0.00423077,-14.1274
55.536,-0.7,-0.00423077,-14.144
55.538,-0.7,-0.00443223,-14.1766
55.54,-0.7,-0.00413004,-14.1153
55.542,-0.7,-0.00443223,-14.1245
55.544,-0.7,-0.00372711,-14.1566
55.546,-0.7,-0.00392857,-14.132
55.548,-0.7,-0.00443223,-14.1517
55.55,-0.7,-0.0043315,-14.1528
55.552,-0.7,-0.00372711,-14.16
55.554,-0.7,-0.0043315,-14.2145
55.556,-0.7,-0.0040293,-14.2537
55.558,-0.7,-0.00423077,-14.2532
55.56,-0.7,-0.00362637,-14.2473
55.562,-0.7,-0.00362637,-14.2885
55.564,-0.7,-0.00362637,-14.2807
55.566,-0.7,-0.00372711,-14.2363
55.568,-0.7,-0.00332418,-14.2705
55.57,-0.7,-0.00292125,-14.2837
55.572,-0.7,-0.00352564,-14.3202
55.574,-0.7,-0.00332418,-14.3512
55.576,-0.7,-0.00362637,-14.386
55.578,-0.7,-0.00473443,-14.4043
55.58,-0.7,-0.00322344,-14.3694
55.582,-0.7,-0.00282051,-14.3869
55.584,-0.7,-0.00292125,-14.3591
55.586,-0.7,-0.00292125,-14.361
55.588,-0.7,-0.00271978,-14.3512
55.59,-0.7,-0.00251832,-14.3972
55.592,-0.7,-0.00271978,-14.3804
55.594,-0.7,-0.00332418,-14.3741
55.596,-0.7,-0.00322344,-14.446
55.598,-0.7,-0.00332418,-14.4113
55.6,-0.7,-0.00241758,-14.4104
55.602,-0.7,-0.00312271,-14.3881
55.604,-0.7,-0.00271978,-14.3319
55.606,-0.7,-0.00271978,-14.3607
55.608,-0.7,-0.00302198,-14.3328
55.61,-0.7,-0.00221612,-14.3012
55.612,-0.7,-0.00342491,-14.2927
55.614,-0.7,-0.0040293,-14.3135
55.616,-0.7,-0.00312271,-14.3188
55.618,-0.7,-0.00312271,-14.3098
55.62,-0.7,-0.00382784,-14.271
55.622,-0.7,-0.00322344,-14.2443
55.624,-0.7,-0.00372711,-14.2294
55.626,-0.7,-0.00382784,-14.2097
55.628,-0.7,-0.00332418,-14.1735
55.63,-0.7,-0.00282051,-14.1864
55.632,-0.7,-0.00292125,-14.1933
55.634,-0.7,-0.00413004,-14.2033
55.636,-0.7,-0.00372711,-14.1841
55.638,-0.7,-0.00322344,-14.17
55.64,-0.7,-0.00372711,-14.1508
55.642,-0.7,-0.00282051,-14.1286
55.644,-0.7,-0.00282051,-14.1062
55.646,-0.7,-0.00292125,-14.0952
55.648,-0.7,-0.00312271,-14.0898
55.65,-0.7,-0.00362637,-14.0918
55.652,-0.7,-0.00362637,-14.0995
55.654,-0.7,-0.00342491,-14.1099
55.656,-0.7,-0.00372711,-14.1135
55.658,-0.7,-0.00382784,-14.1566
55.66,-0.7,-0.00423077,-14.1281
55.662,-0.7,-0.00372711,-14.1245
55.664,-0.7,-0.00392857,-14.1471
55.666,-0.7,-0.00362637,-14.1576
55.668,-0.7,-0.00302198,-14.1632
55.67,-0.7,-0.00392857,-14.1632
55.672,-0.7,-0.00423077,-14.1914
55.674,-0.7,-0.00312271,-14.222
55.676,-0.7,-0.00241758,-14.2747
55.678,-0.7,-0.00352564,-14.2883
55.68,-0.7,-0.00332418,-14.2724
55.682,-0.7,-0.00251832,-14.2811
55.684,-0.7,-0.00271978,-14.2717
55.686,-0.7,-0.00211538,-14.2562
55.688,-0.7,-0.00261905,-14.2797
55.69,-0.7,-0.00241758,-14.279
55.692,-0.7,-0.00322344,-14.2811
55.694,-0.7,-0.00282051,-14.2781
55.696,-0.7,-0.00342491,-14.288
55.698,-0.7,-0.00362637,-14.3323
55.7,-0.7,-0.00352564,-14.2668
55.702,-0.7,-0.00342491,-14.301
55.704,-0.7,-0.00332418,-14.2804
55.706,-0.7,-0.00352564,-14.2751
55.708,-0.7,-0.00322344,-14.2422
55.71,-0.7,-0.00302198,-14.2305
55.712,-0.7,-0.00332418,-14.2938
55.714,-0.7,-0.00443223,-14.2694
55.716,-0.7,-0.00362637,-14.3019
55.718,-0.7,-0.00282051,-14.313
55.72,-0.7,-0.00342491,-14.2622
55.722,-0.7,-0.00382784,-14.2319
55.724,-0.7,-0.00352564,-14.2344
55.726,-0.7,-0.00372711,-14.1969
55.728,-0.7,-0.00322344,-14.1782
55.73,-0.7,-0.00413004,-14.2003
55.732,-0.7,-0.00312271,-14.1467
55.734,-0.7,-0.00312271,-14.1442
55.736,-0.7,-0.00332418,-14.1442
55.738,-0.7,-0.00473443,-14.1775
55.74,-0.7,-0.00413004,-14.1725
55.742,-0.7,-0.00423077,-14.1424
55.744,-0.7,-0.00423077,-14.1218
55.746,-0.7,-0.00413004,-14.134
55.748,-0.7,-0.00372711,-14.1171
55.75,-0.7,-0.00322344,-14.1365
55.752,-0.7,-0.00362637,-14.0979
55.754,-0.7,-0.00423077,-14.1335
55.756,-0.7,-0.00483516,-14.1555
55.758,-0.7,-0.00382784,-14.1587
55.76,-0.7,-0.00382784,-14.1426
55.762,-0.7,-0.00352564,-14.1302
55.764,-0.7,-0.00322344,-14.1247
55.766,-0.7,-0.00352564,-14.115
55.768,-0.7,-0.00312271,-14.1171
55.77,-0.7,-0.00362637,-14.1103
55.772,-0.7,-0.00332418,-14.1092
55.774,-0.7,-0.0046337,-14.1408
55.776,-0.7,-0.00413004,-14.175
55.778,-0.7,-0.00372711,-14.2296
55.78,-0.7,-0.00413004,-14.2278
55.782,-0.7,-0.00392857,-14.2074
55.784,-0.7,-0.00302198,-14.22
55.786,-0.7,-0.00382784,-14.2328
55.788,-0.7,-0.00332418,-14.2604
55.79,-0.7,-0.00342491,-14.2613
55.792,-0.7,-0.00352564,-14.2765
55.794,-0.7,-0.00342491,-14.2978
55.796,-0.7,-0.00413004,-14.3666
55.798,-0.7,-0.00312271,-14.367
55.8,-0.7,-0.00292125,-14.3659
55.802,-0.7,-0.00352564,-14.3563
55.804,-0.7,-0.00332418,-14.3419
55.806,-0.7,-0.00292125,-14.3337
55.808,-0.7,-0.00302198,-14.3321
55.81,-0.7,-0.00271978,-14.3033
55.812,-0.7,-0.00372711,-14.3031
55.814,-0.7,-0.00312271,-14.3344
55.816,-0.7,-0.00352564,-14.3265
55.818,-0.7,-0.00312271,-14.3682
55.82,-0.7,-0.00382784,-14.3451
55.822,-0.7,-0.00271978,-14.3012
55.824,-0.7,-0.00271978,-14.2887
55.826,-0.7,-0.00251832,-14.3042
55.828,-0.7,-0.00382784,-14.2599
55.83,-0.7,-0.00322344,-14.2399
55.832,-0.7,-0.00322344,-14.2638
55.834,-0.7,-0.00362637,-14.2608
55.836,-0.7,-0.00342491,-14.2673
55.838,-0.7,-0.0043315,-14.2927
55.84,-0.7,-0.00332418,-14.2484
55.842,-0.7,-0.00322344,-14.206
55.844,-0.7,-0.00382784,-14.1664
55.846,-0.7,-0.00372711,-14.156
55.848,-0.7,-0.00372711,-14.1049
55.85,-0.7,-0.00392857,-14.1421
55.852,-0.7,-0.00342491,-14.1015
55.854,-0.7,-0.00423077,-14.0708
55.856,-0.7,-0.00372711,-14.0672
55.858,-0.7,-0.00413004,-14.0613
55.86,-0.7,-0.00423077,-14.1678
55.862,-0.7,-0.00413004,-14.0782
55.864,-0.7,-0.00241758,-14.0417
55.866,-0.7,-0.00362637,-13.9786
55.868,-0.7,-0.00413004,-13.9759
55.87,-0.7,-0.00332418,-14.0517
55.872,-0.7,-0.00392857,-14.0305
55.874,-0.7,-0.00413004,-14.0232
55.876,-0.7,-0.00392857,-14.0782
55.878,-0.7,-0.00392857,-14.0629
55.88,-0.7,-0.00352564,-14.0687
55.882,-0.7,-0.00362637,-14.0473
55.884,-0.7,-0.00332418,-14.0622
55.886,-0.7,-0.00271978,-14.06
55.888,-0.7,-0.00382784,-14.0473
55.89,-0.7,-0.00413004,-14.0368
55.892,-0.7,-0.00352564,-14.0712
55.894,-0.7,-0.00382784,-14.0643
55.896,-0.7,-0.00332418,-14.1254
55.898,-0.7,-0.00362637,-14.144
55.9,-0.7,-0.00352564,-14.1458
55.902,-0.7,-0.00312271,-14.1471
55.904,-0.7,-0.00322344,-14.1719
55.906,-0.7,-0.00292125,-14.1383
55.908,-0.7,-0.00261905,-14.1671
55.91,-0.7,-0.00271978,-14.1623
55.912,-0.7,-0.00271978,-14.1882
55.914,-0.7,-0.00372711,-14.161
55.916,-0.7,-0.00322344,-14.1983
55.918,-0.7,-0.00352564,-14.2081
55.92,-0.7,-0.00352564,-14.2438
55.922,-0.7,-0.00292125,-14.214
55.924,-0.7,-0.00282051,-14.2127
55.926,-0.7,-0.00292125,-14.1837
55.928,-0.7,-0.00302198,-14.1785
55.93,-0.7,-0.00282051,-14.176
55.932,-0.7,-0.00352564,-14.166
55.934,-0.7,-0.00312271,-14.1778
55.936,-0.7,-0.00282051,-14.1675
55.938,-0.7,-0.00292125,-14.223
55.94,-0.7,-0.00312271,-14.2191
55.942,-0.7,-0.00423077,-14.2056
55.944,-0.7,-0.00322344,-14.084
55.946,-0.7,-0.00382784,-14.1335
55.948,-0.7,-0.00302198,-14.127
55.95,-0.7,-0.00362637,-14.1259
55.952,-0.7,-0.00342491,-14.1011
55.954,-0.7,-0.00342491,-14.0903
55.956,-0.7,-0.00322344,-14.1177
55.958,-0.7,-0.00382784,-14.1229
55.96,-0.7,-0.00382784,-14.1591
55.962,-0.7,-0.00382784,-14.1236
55.964,-0.7,-0.0043315,-14.0885
55.966,-0.7,-0.00413004,-14.1103
55.968,-0.7,-0.00392857,-14.0892
55.97,-0.7,-0.00382784,-14.0993
55.972,-0.7,-0.00362637,-14.0412
55.974,-0.7,-0.0040293,-14.0636
55.976,-0.7,-0.00372711,-14.0889
55.978,-0.7,-0.00392857,-14.1137
55.98,-0.7,-0.00413004,-14.0963
55.982,-0.7,-0.0040293,-14.0847
55.984,-0.7,-0.00382784,-14.0748
55.986,-0.7,-0.00372711,-14.0916
55.988,-0.7,-0.00362637,-14.1076
55.99,-0.7,-0.00352564,-14.0858
55.992,-0.7,-0.00382784,-14.1302
55.994,-0.7,-0.00423077,-14.1412
55.996,-0.7,-0.00372711,-14.1969
55.998,-0.7,-0.00352564,-14.2088
56,-0.6,-0.00362637,-14.2372
56.002,-0.6,0.00312271,-14.139
56.004,-0.6,0.00211538,-13.9321
56.006,-0.6,0.00211538,-13.6364
56.008,-0.6,0.00211538,-13.5434
56.01,-0.6,0.000805861,-13.2486
56.012,-0.6,0.000805861,-13.0731
56.014,-0.6,0.000302198,-12.9363
56.016,-0.6,-0.000100733,-12.8078
56.018,-0.6,-0.000100733,-12.7235
56.02,-0.6,-0.000302198,-12.6512
56.022,-0.6,-0.000705128,-12.5625
56.024,-0.6,-0.00130952,-12.4531
56.026,-0.6,-0.00231685,-12.3464
56.028,-0.6,-0.00171245,-12.2567
56.03,-0.6,-0.00201465,-12.1987
56.032,-0.6,-0.00151099,-12.1164
56.034,-0.6,-0.00221612,-12.0519
56.036,-0.6,-0.00161172,-12.0381
56.038,-0.6,-0.00191392,-11.9652
56.04,-0.6,-0.00382784,-11.9641
56.042,-0.6,-0.00292125,-11.9336
56.044,-0.6,-0.00241758,-11.9455
56.046,-0.6,-0.00231685,-11.8816
56.048,-0.6,-0.00201465,-11.8441
56.05,-0.6,-0.00231685,-11.7694
56.052,-0.6,-0.00261905,-11.7822
56.054,-0.6,-0.00231685,-11.7116
56.056,-0.6,-0.00241758,-11.7127
56.058,-0.6,-0.00372711,-11.6494
56.06,-0.6,-0.00292125,-11.626
56.062,-0.6,-0.00342491,-11.6118
56.064,-0.6,-0.00342491,-11.6014
56.066,-0.6,-0.00352564,-11.6089
56.068,-0.6,-0.00352564,-11.615
56.07,-0.6,-0.00332418,-11.5918
56.072,-0.6,-0.00413004,-11.5662
56.074,-0.6,-0.00332418,-11.5359
56.076,-0.6,-0.00372711,-11.5011
56.078,-0.6,-0.00312271,-11.4803
56.08,-0.6,-0.00282051,-11.4555
56.082,-0.6,-0.0043315,-11.4565
56.084,-0.6,-0.00372711,-11.4375
56.086,-0.6,-0.00362637,-11.4129
56.088,-0.6,-0.0043315,-11.4272
56.09,-0.6,-0.00362637,-11.414
56.092,-0.6,-0.0040293,-11.4418
56.094,-0.6,-0.00392857,-11.4625
56.096,-0.6,-0.00483516,-11.3867
56.098,-0.6,-0.00292125,-11.3846
56.1,-0.6,-0.00382784,-11.3624
56.102,-0.6,-0.00372711,-11.3807
56.104,-0.6,-0.00302198,-11.3373
56.106,-0.6,-0.00372711,-11.3313
56.108,-0.6,-0.00413004,-11.3255
56.11,-0.6,-0.00312271,-11.3296
56.112,-0.6,-0.00382784,-11.3385
56.114,-0.6,-0.00362637,-11.3257
56.116,-0.6,-0.00372711,-11.3491
56.118,-0.6,-0.00372711,-11.359
56.12,-0.6,-0.00473443,-11.4045
56.122,-0.6,-0.00392857,-11.386
56.124,-0.6,-0.00392857,-11.3671
56.126,-0.6,-0.00362637,-11.3511
56.128,-0.6,-0.00362637,-11.3786
56.13,-0.6,-0.00322344,-11.3839
56.132,-0.6,-0.00362637,-11.3804
56.134,-0.6,-0.00362637,-11.4115
56.136,-0.6,-0.00382784,-11.421
56.138,-0.6,-0.00413004,-11.4409
56.14,-0.6,-0.00382784,-11.4699
56.142,-0.6,-0.00423077,-11.4896
56.144,-0.6,-0.00382784,-11.5281
56.146,-0.6,-0.00372711,-11.5103
56.148,-0.6,-0.00322344,-11.5149
56.15,-0.6,-0.00473443,-11.5208
56.152,-0.6,-0.00271978,-11.513
56.154,-0.6,-0.00342491,-11.5097
56.156,-0.6,-0.00362637,-11.5332
56.158,-0.6,-0.00302198,-11.4962
56.16,-0.6,-0.0040293,-11.5194
56.162,-0.6,-0.00322344,-11.5083
56.164,-0.6,-0.00342491,-11.5047
56.166,-0.6,-0.00332418,-11.5468
56.168,-0.6,-0.0040293,-11.5705
56.17,-0.6,-0.00241758,-11.5894
56.172,-0.6,-0.00332418,-11.5295
56.174,-0.6,-0.00342491,-11.542
56.176,-0.6,-0.00352564,-11.4924
56.178,-0.6,-0.00382784,-11.5176
56.18,-0.6,-0.00372711,-11.513
56.182,-0.6,-0.00382784,-11.4878
56.184,-0.6,-0.00413004,-11.5149
56.186,-0.6,-0.00423077,-11.514
56.188,-0.6,-0.00362637,-11.4962
56.19,-0.6,-0.00332418,-11.5655
56.192,-0.6,-0.00342491,-11.5479
56.194,-0.6,-0.0040293,-11.5557
56.196,-0.6,-0.00372711,-11.5139
56.198,-0.6,-0.00413004,-11.4823
56.2,-0.6,-0.00362637,-11.476
56.202,-0.6,-0.0040293,-11.473
56.204,-0.6,-0.00322344,-11.4365
56.206,-0.6,-0.00342491,-11.4318
56.208,-0.6,-0.00382784,-11.4158
56.21,-0.6,-0.0040293,-11.4344
56.212,-0.6,-0.00362637,-11.3849
56.214,-0.6,-0.00382784,-11.3833
56.216,-0.6,-0.00382784,-11.4132
56.218,-0.6,-0.0043315,-11.3934
56.22,-0.6,-0.00453297,-11.4185
56.222,-0.6,-0.00443223,-11.4154
56.224,-0.6,-0.0046337,-11.3599
56.226,-0.6,-0.0043315,-11.3671
56.228,-0.6,-0.00352564,-11.3514
56.23,-0.6,-0.0040293,-11.3446
56.232,-0.6,-0.00392857,-11.3557
56.234,-0.6,-0.00453297,-11.3707
56.236,-0.6,-0.0040293,-11.3507
56.238,-0.6,-0.00372711,-11.3636
56.24,-0.6,-0.00342491,-11.3744
56.242,-0.6,-0.00423077,-11.3996
56.244,-0.6,-0.00473443,-11.4008
56.246,-0.6,-0.00483516,-11.3785
56.248,-0.6,-0.00453297,-11.363
56.25,-0.6,-0.00392857,-11.3625
56.252,-0.6,-0.00413004,-11.3646
56.254,-0.6,-0.00352564,-11.3568
56.256,-0.6,-0.00413004,-11.3659
56.258,-0.6,-0.00372711,-11.3522
56.26,-0.6,-0.00443223,-11.3952
56.262,-0.6,-0.0040293,-11.3584
56.264,-0.6,-0.00342491,-11.3914
56.266,-0.6,-0.00352564,-11.4312
56.268,-0.6,-0.0043315,-11.4296
56.27,-0.6,-0.00483516,-11.4634
56.272,-0.6,-0.0040293,-11.478
56.274,-0.6,-0.0043315,-11.4607
56.276,-0.6,-0.00362637,-11.4721
56.278,-0.6,-0.00382784,-11.4802
56.28,-0.6,-0.0040293,-11.4929
56.282,-0.6,-0.00392857,-11.5068
56.284,-0.6,-0.00362637,-11.5104
56.286,-0.6,-0.00322344,-11.5287
56.288,-0.6,-0.00271978,-11.5693
56.29,-0.6,-0.00382784,-11.5657
56.292,-0.6,-0.00352564,-11.6183
56.294,-0.6,-0.00332418,-11.6275
56.296,-0.6,-0.00342491,-11.6241
56.298,-0.6,-0.00342491,-11.6093
56.3,-0.6,-0.00352564,-11.5916
56.302,-0.6,-0.00231685,-11.5739
56.304,-0.6,-0.00392857,-11.5652
56.306,-0.6,-0.00362637,-11.5619
56.308,-0.6,-0.00271978,-11.5337
56.31,-0.6,-0.00362637,-11.5334
56.312,-0.6,-0.00282051,-11.5301
56.314,-0.6,-0.00352564,-11.558
56.316,-0.6,-0.00372711,-11.559
56.318,-0.6,-0.00372711,-11.5652
56.32,-0.6,-0.00372711,-11.5625
56.322,-0.6,-0.00372711,-11.5432
56.324,-0.6,-0.00292125,-11.534
56.326,-0.6,-0.00342491,-11.5098
56.328,-0.6,-0.00362637,-11.5154
56.33,-0.6,-0.00302198,-11.5023
56.332,-0.6,-0.00332418,-11.5136
56.334,-0.6,-0.00362637,-11.4637
56.336,-0.6,-0.00312271,-11.4799
56.338,-0.6,-0.00382784,-11.4848
56.34,-0.6,-0.0040293,-11.4906
56.342,-0.6,-0.00372711,-11.4986
56.344,-0.6,-0.00372711,-11.5212
56.346,-0.6,-0.00312271,-11.4712
56.348,-0.6,-0.00342491,-11.4495
56.35,-0.6,-0.00332418,-11.4062
56.352,-0.6,-0.00372711,-11.3773
56.354,-0.6,-0.00342491,-11.3441
56.356,-0.6,-0.00392857,-11.3194
56.358,-0.6,-0.00453297,-11.3087
56.36,-0.6,-0.0040293,-11.234
56.362,-0.6,-0.00352564,-11.3548
56.364,-0.6,-0.00453297,-11.2872
56.366,-0.6,-0.00342491,-11.2896
56.368,-0.6,-0.00453297,-11.2915
56.37,-0.6,-0.00372711,-11.2714
56.372,-0.6,-0.00342491,-11.2629
56.374,-0.6,-0.00372711,-11.2931
56.376,-0.6,-0.00392857,-11.2636
56.378,-0.6,-0.00362637,-11.2151
56.38,-0.6,-0.00342491,-11.278
56.382,-0.6,-0.00453297,-11.2141
56.384,-0.6,-0.0040293,-11.2852
56.386,-0.6,-0.00382784,-11.2701
56.388,-0.6,-0.00443223,-11.2767
56.39,-0.6,-0.0040293,-11.3302
56.392,-0.6,-0.0043315,-11.2836
56.394,-0.6,-0.00382784,-11.3886
56.396,-0.6,-0.00382784,-11.3276
56.398,-0.6,-0.00392857,-11.3363
56.4,-0.6,-0.00413004,-11.3228
56.402,-0.6,-0.00372711,-11.2999
56.404,-0.6,-0.00282051,-11.3325
56.406,-0.6,-0.00362637,-11.3093
56.408,-0.6,-0.00413004,-11.3369
56.41,-0.6,-0.00322344,-11.3173
56.412,-0.6,-0.0040293,-11.3287
56.414,-0.6,-0.00413004,-11.3514
56.416,-0.6,-0.00362637,-11.3899
56.418,-0.6,-0.00382784,-11.4186
56.42,-0.6,-0.00362637,-11.4121
56.422,-0.6,-0.0040293,-11.4052
56.424,-0.6,-0.00413004,-11.4166
56.426,-0.6,-0.00322344,-11.4307
56.428,-0.6,-0.00322344,-11.3958
56.43,-0.6,-0.00342491,-11.4254
56.432,-0.6,-0.00362637,-11.4236
56.434,-0.6,-0.0040293,-11.4248
56.436,-0.6,-0.00382784,-11.4504
56.438,-0.6,-0.00292125,-11.4296
56.44,-0.6,-0.00352564,-11.451
56.442,-0.6,-0.00372711,-11.4941
56.444,-0.6,-0.00352564,-11.5148
56.446,-0.6,-0.00332418,-11.4808
56.448,-0.6,-0.00372711,-11.4781
56.45,-0.6,-0.00282051,-11.473
56.452,-0.6,-0.00342491,-11.4528
56.454,-0.6,-0.00312271,-11.4341
56.456,-0.6,-0.00362637,-11.4402
56.458,-0.6,-0.00332418,-11.4343
56.46,-0.6,-0.00302198,-11.4235
56.462,-0.6,-0.00241758,-11.4183
56.464,-0.6,-0.00352564,-11.4359
56.466,-0.6,-0.00322344,-11.4267
56.468,-0.6,-0.00362637,-11.4777
56.47,-0.6,-0.00332418,-11.4712
56.472,-0.6,-0.00372711,-11.3479
56.474,-0.6,-0.00362637,-11.4099
56.476,-0.6,-0.00362637,-11.4031
56.478,-0.6,-0.0043315,-11.3507
56.48,-0.6,-0.00332418,-11.3666
56.482,-0.6,-0.00382784,-11.3393
56.484,-0.6,-0.00382784,-11.3481
56.486,-0.6,-0.00332418,-11.3501
56.488,-0.6,-0.00372711,-11.3277
56.49,-0.6,-0.00362637,-11.3507
56.492,-0.6,-0.00392857,-11.3562
56.494,-0.6,-0.00392857,-11.3611
56.496,-0.6,-0.00413004,-11.359
56.498,-0.6,-0.0046337,-11.3411
56.5,-0.6,-0.00423077,-11.305
56.502,-0.6,-0.00423077,-11.3181
56.504,-0.6,-0.00372711,-11.2934
56.506,-0.6,-0.00392857,-11.2959
56.508,-0.6,-0.0040293,-11.3032
56.51,-0.6,-0.00423077,-11.2624
56.512,-0.6,-0.0043315,-11.2908
56.514,-0.6,-0.00352564,-11.3011
56.516,-0.6,-0.00372711,-11.3222
56.518,-0.6,-0.00423077,-11.346
56.52,-0.6,-0.00382784,-11.3345
56.522,-0.6,-0.00443223,-11.309
56.524,-0.6,-0.00453297,-11.3392
56.526,-0.6,-0.00392857,-11.3231
56.528,-0.6,-0.00413004,-11.3536
56.53,-0.6,-0.0040293,-11.3345
56.532,-0.6,-0.0040293,-11.3637
56.534,-0.6,-0.00413004,-11.36
56.536,-0.6,-0.00372711,-11.3734
56.538,-0.6,-0.0043315,-11.388
56.54,-0.6,-0.00352564,-11.4451
56.542,-0.6,-0.00423077,-11.4695
56.544,-0.6,-0.0040293,-11.5056
56.546,-0.6,-0.00392857,-11.504
56.548,-0.6,-0.00352564,-11.5016
56.55,-0.6,-0.00392857,-11.525
56.552,-0.6,-0.00362637,-11.4669
56.554,-0.6,-0.00322344,-11.5583
56.556,-0.6,-0.00322344,-11.5155
56.558,-0.6,-0.00342491,-11.5248
56.56,-0.6,-0.0040293,-11.5418
56.562,-0.6,-0.00372711,-11.5778
56.564,-0.6,-0.00271978,-11.5728
56.566,-0.6,-0.00322344,-11.6197
56.568,-0.6,-0.00342491,-11.6613
56.57,-0.6,-0.00282051,-11.6762
56.572,-0.6,-0.00322344,-11.6596
56.574,-0.6,-0.00211538,-11.6374
56.576,-0.6,-0.00282051,-11.6261
56.578,-0.6,-0.00352564,-11.6362
56.58,-0.6,-0.00342491,-11.6176
56.582,-0.6,-0.00322344,-11.6531
56.584,-0.6,-0.00322344,-11.6114
56.586,-0.6,-0.00362637,-11.6191
56.588,-0.6,-0.00362637,-11.6385
56.59,-0.6,-0.00191392,-11.6367
56.592,-0.6,-0.00372711,-11.6591
56.594,-0.6,-0.00322344,-11.6884
56.596,-0.6,-0.00282051,-11.642
56.598,-0.6,-0.00322344,-11.6381
56.6,-0.6,-0.00271978,-11.6309
56.602,-0.6,-0.00342491,-11.6224
56.604,-0.6,-0.00302198,-11.5881
56.606,-0.6,-0.00282051,-11.5595
56.608,-0.6,-0.00282051,-11.5665
56.61,-0.6,-0.00352564,-11.5363
56.612,-0.6,-0.00362637,-11.5322
56.614,-0.6,-0.00392857,-11.5418
56.616,-0.6,-0.00352564,-11.5495
56.618,-0.6,-0.00423077,-11.5728
56.62,-0.6,-0.00372711,-11.5559
56.622,-0.6,-0.00443223,-11.535
56.624,-0.6,-0.00453297,-11.485
56.626,-0.6,-0.00382784,-11.4663
56.628,-0.6,-0.00312271,-11.446
56.63,-0.6,-0.00372711,-11.4313
56.632,-0.6,-0.00382784,-11.4079
56.634,-0.6,-0.00372711,-11.4287
56.636,-0.6,-0.00372711,-11.4093
56.638,-0.6,-0.00382784,-11.4245
56.64,-0.6,-0.00382784,-11.4432
56.642,-0.6,-0.0040293,-11.4355
56.644,-0.6,-0.00332418,-11.4174
56.646,-0.6,-0.00392857,-11.4183
56.648,-0.6,-0.00322344,-11.3998
56.65,-0.6,-0.00382784,-11.3801
56.652,-0.6,-0.0046337,-11.3592
56.654,-0.6,-0.00352564,-11.3742
56.656,-0.6,-0.00332418,-11.3554
56.658,-0.6,-0.00342491,-11.3628
56.66,-0.6,-0.0040293,-11.3627
56.662,-0.6,-0.00322344,-11.3688
56.664,-0.6,-0.00372711,-11.3698
56.666,-0.6,-0.0040293,-11.3885
56.668,-0.6,-0.00392857,-11.4355
56.67,-0.6,-0.00342491,-11.4132
56.672,-0.6,-0.00453297,-11.409
56.674,-0.6,-0.00352564,-11.4031
56.676,-0.6,-0.00453297,-11.3945
56.678,-0.6,-0.00332418,-11.4061
56.68,-0.6,-0.0040293,-11.4337
56.682,-0.6,-0.00292125,-11.4455
56.684,-0.6,-0.00342491,-11.4536
56.686,-0.6,-0.00211538,-11.4854
56.688,-0.6,-0.00231685,-11.5146
56.69,-0.6,-0.00352564,-11.5403
56.692,-0.6,-0.00322344,-11.5722
56.694,-0.6,-0.00352564,-11.5831
56.696,-0.6,-0.00312271,-11.5687
56.698,-0.6,-0.0040293,-11.5622
56.7,-0.6,-0.00251832,-11.5568
56.702,-0.6,-0.00271978,-11.5699
56.704,-0.6,-0.00302198,-11.5503
56.706,-0.6,-0.00352564,-11.5669
56.708,-0.6,-0.00392857,-11.5649
56.71,-0.6,-0.00362637,-11.5423
56.712,-0.6,-0.00332418,-11.5693
56.714,-0.6,-0.00332418,-11.5669
56.716,-0.6,-0.00282051,-11.5796
56.718,-0.6,-0.0040293,-11.606
56.72,-0.6,-0.00342491,-11.6078
56.722,-0.6,-0.00382784,-11.5991
56.724,-0.6,-0.00251832,-11.5265
56.726,-0.6,-0.00282051,-11.5645
56.728,-0.6,-0.00352564,-11.5169
56.73,-0.6,-0.00271978,-11.5409
56.732,-0.6,-0.00352564,-11.5427
56.734,-0.6,-0.00282051,-11.5076
56.736,-0.6,-0.00322344,-11.5642
56.738,-0.6,-0.00362637,-11.5551
56.74,-0.6,-0.00292125,-11.5802
56.742,-0.6,-0.00322344,-11.5883
56.744,-0.6,-0.00302198,-11.5926
56.746,-0.6,-0.00332418,-11.5442
56.748,-0.6,-0.00322344,-11.5435
56.75,-0.6,-0.00382784,-11.5064
56.752,-0.6,-0.00352564,-11.4839
56.754,-0.6,-0.00302198,-11.4657
56.756,-0.6,-0.00342491,-11.4641
56.758,-0.6,-0.00271978,-11.4832
56.76,-0.6,-0.00382784,-11.4359
56.762,-0.6,-0.00352564,-11.4561
56.764,-0.6,-0.00423077,-11.4294
56.766,-0.6,-0.00392857,-11.4424
56.768,-0.6,-0.00362637,-11.4763
56.77,-0.6,-0.00362637,-11.4602
56.772,-0.6,-0.00372711,-11.4018
56.774,-0.6,-0.0040293,-11.4231
56.776,-0.6,-0.00392857,-11.4008
56.778,-0.6,-0.00382784,-11.4167
56.78,-0.6,-0.0040293,-11.4138
56.782,-0.6,-0.00332418,-11.377
56.784,-0.6,-0.00332418,-11.3948
56.786,-0.6,-0.00423077,-11.4107
56.788,-0.6,-0.0046337,-11.3986
56.79,-0.6,-0.0043315,-11.4324
56.792,-0.6,-0.00392857,-11.4429
56.794,-0.6,-0.00352564,-11.4335
56.796,-0.6,-0.0040293,-11.4042
56.798,-0.6,-0.00362637,-11.4049
56.8,-0.6,-0.00382784,-11.412
56.802,-0.6,-0.00372711,-11.3968
56.804,-0.6,-0.0043315,-11.383
56.806,-0.6,-0.0040293,-11.3964
56.808,-0.6,-0.00362637,-11.3876
56.81,-0.6,-0.0043315,-11.3917
56.812,-0.6,-0.00392857,-11.4263
56.814,-0.6,-0.00392857,-11.4631
56.816,-0.6,-0.00372711,-11.4605
56.818,-0.6,-0.0043315,-11.5169
56.82,-0.6,-0.00473443,-11.4905
56.822,-0.6,-0.00392857,-11.4844
56.824,-0.6,-0.00362637,-11.5001
56.826,-0.6,-0.00362637,-11.5032
56.828,-0.6,-0.00362637,-11.516
56.83,-0.6,-0.00332418,-11.5293
56.832,-0.6,-0.00332418,-11.5364
56.834,-0.6,-0.00413004,-11.5468
56.836,-0.6,-0.00392857,-11.5631
56.838,-0.6,-0.00362637,-11.5798
56.84,-0.6,-0.00342491,-11.6447
56.842,-0.6,-0.00271978,-11.654
56.844,-0.6,-0.00332418,-11.6463
56.846,-0.6,-0.00382784,-11.6287
56.848,-0.6,-0.00332418,-11.6122
56.85,-0.6,-0.00322344,-11.5976
56.852,-0.6,-0.00322344,-11.5993
56.854,-0.6,-0.00322344,-11.5853
56.856,-0.6,-0.00261905,-11.5674
56.858,-0.6,-0.00413004,-11.5812
56.86,-0.6,-0.00302198,-11.5541
56.862,-0.6,-0.00282051,-11.5822
56.864,-0.6,-0.00382784,-11.5824
56.866,-0.6,-0.00322344,-11.5888
56.868,-0.6,-0.00302198,-11.5862
56.87,-0.6,-0.00342491,-11.5986
56.872,-0.6,-0.00372711,-11.5518
56.874,-0.6,-0.00342491,-11.5506
56.876,-0.6,-0.00332418,-11.5408
56.878,-0.6,-0.00322344,-11.526
56.88,-0.6,-0.00322344,-11.5399
56.882,-0.6,-0.00372711,-11.4896
56.884,-0.6,-0.00342491,-11.5083
56.886,-0.6,-0.0040293,-11.5016
56.888,-0.6,-0.00362637,-11.5127
56.89,-0.6,-0.00332418,-11.5208
56.892,-0.6,-0.00392857,-11.5462
56.894,-0.6,-0.00302198,-11.498
56.896,-0.6,-0.00282051,-11.4815
56.898,-0.6,-0.00332418,-11.4408
56.9,-0.6,-0.00453297,-11.4127
56.902,-0.6,-0.00362637,-11.3977
56.904,-0.6,-0.00332418,-11.3684
56.906,-0.6,-0.00332418,-11.3492
56.908,-0.6,-0.00372711,-11.2788
56.91,-0.6,-0.00342491,-11.4027
56.912,-0.6,-0.00342491,-11.3383
56.914,-0.6,-0.00342491,-11.3516
56.916,-0.6,-0.00473443,-11.3788
56.918,-0.6,-0.00332418,-11.3197
56.92,-0.6,-0.00382784,-11.3197
56.922,-0.6,-0.00372711,-11.3469
56.924,-0.6,-0.00352564,-11.3248
56.926,-0.6,-0.0040293,-11.2729
56.928,-0.6,-0.00362637,-11.3063
56.93,-0.6,-0.00413004,-11.2734
56.932,-0.6,-0.00332418,-11.3375
56.934,-0.6,-0.00382784,-11.3229
56.936,-0.6,-0.00382784,-11.329
56.938,-0.6,-0.00423077,-11.3843
56.94,-0.6,-0.00413004,-11.3389
56.942,-0.6,-0.00322344,-11.3826
56.944,-0.6,-0.00392857,-11.386
56.946,-0.6,-0.00392857,-11.3955
56.948,-0.6,-0.00342491,-11.3848
56.95,-0.6,-0.00352564,-11.3619
56.952,-0.6,-0.00292125,-11.3979
56.954,-0.6,-0.00322344,-11.3681
56.956,-0.6,-0.00413004,-11.4018
56.958,-0.6,-0.00342491,-11.386
56.96,-0.6,-0.00322344,-11.3999
56.962,-0.6,-0.00312271,-11.4236
56.964,-0.6,-0.00392857,-11.4623
56.966,-0.6,-0.00292125,-11.4909
56.968,-0.6,-0.00292125,-11.4844
56.97,-0.6,-0.00342491,-11.4745
56.972,-0.6,-0.00332418,-11.4799
56.974,-0.6,-0.00342491,-11.499
56.976,-0.6,-0.00312271,-11.4707
56.978,-0.6,-0.00342491,-11.4968
56.98,-0.6,-0.00302198,-11.4965
56.982,-0.6,-0.00352564,-11.4959
56.984,-0.6,-0.00332418,-11.4995
56.986,-0.6,-0.00302198,-11.5017
56.988,-0.6,-0.00342491,-11.5218
56.99,-0.6,-0.00362637,-11.5651
56.992,-0.6,-0.00322344,-11.5804
56.994,-0.6,-0.00372711,-11.5492
56.996,-0.6,-0.00292125,-11.5459
56.998,-0.6,-0.00231685,-11.5372
57,-0.5,-0.00322344,-11.5089
57.002,-0.5,0.0040293,-11.4905
57.004,-0.5,0.00261905,-11.2454
57.006,-0.5,0.00231685,-10.9656
57.008,-0.5,0.00211538,-10.7047
57.01,-0.5,0.00100733,-10.5798
57.012,-0.5,0.00151099,-10.3856
57.014,-0.5,0.000302198,-10.1906
57.016,-0.5,-0.000201465,-10.1271
57.018,-0.5,-0.00040293,-9.94768
57.02,-0.5,-0.00130952,-9.80495
57.022,-0.5,-0.00181319,-9.65622
57.024,-0.5,-0.00141026,-9.58582
57.026,-0.5,-0.00191392,-9.468
57.028,-0.5,-0.00191392,-9.40161
57.03,-0.5,-0.00211538,-9.33447
57.032,-0.5,-0.00261905,-9.264
57.034,-0.5,-0.00251832,-9.20513
57.036,-0.5,-0.00302198,-9.14975
57.038,-0.5,-0.00332418,-9.11191
57.04,-0.5,-0.00271978,-9.08437
57.042,-0.5,-0.00352564,-9.03745
57.044,-0.5,-0.00342491,-9.01973
57.046,-0.5,-0.00392857,-9.00971
57.048,-0.5,-0.00332418,-8.99055
57.05,-0.5,-0.00312271,-9.00209
57.052,-0.5,-0.00352564,-8.91543
57.054,-0.5,-0.00362637,-8.90295
57.056,-0.5,-0.00362637,-8.88871
57.058,-0.5,-0.00372711,-8.84183
57.06,-0.5,-0.00392857,-8.85033
57.062,-0.5,-0.00392857,-8.82047
57.064,-0.5,-0.00372711,-8.81009
57.066,-0.5,-0.0040293,-8.80053
57.068,-0.5,-0.0040293,-8.77004
57.07,-0.5,-0.0040293,-8.76639
57.072,-0.5,-0.00392857,-8.7643
57.074,-0.5,-0.00382784,-8.75996
57.076,-0.5,-0.00352564,-8.78556
57.078,-0.5,-0.00453297,-8.79317
57.08,-0.5,-0.00453297,-8.81528
57.082,-0.5,-0.0040293,-8.79711
57.084,-0.5,-0.00382784,-8.75761
57.086,-0.5,-0.0040293,-8.75657
57.088,-0.5,-0.00382784,-8.77074
57.09,-0.5,-0.0043315,-8.75345
57.092,-0.5,-0.00382784,-8.74937
57.094,-0.5,-0.00332418,-8.73761
57.096,-0.5,-0.0046337,-8.75397
57.098,-0.5,-0.00392857,-8.74764
57.1,-0.5,-0.00423077,-8.77509
57.102,-0.5,-0.0040293,-8.78242
57.104,-0.5,-0.0040293,-8.80412
57.106,-0.5,-0.00332418,-8.80798
57.108,-0.5,-0.00362637,-8.86232
57.11,-0.5,-0.0043315,-8.86721
57.112,-0.5,-0.00382784,-8.91453
57.114,-0.5,-0.00382784,-8.91984
57.116,-0.5,-0.0040293,-8.90699
57.118,-0.5,-0.00342491,-8.89112
57.12,-0.5,-0.0046337,-8.87781
57.122,-0.5,-0.00362637,-8.91462
57.124,-0.5,-0.00352564,-8.85938
57.126,-0.5,-0.00372711,-8.93283
57.128,-0.5,-0.00322344,-8.88165
57.13,-0.5,-0.00332418,-8.91723
57.132,-0.5,-0.00382784,-8.90133
57.134,-0.5,-0.00312271,-8.91624
57.136,-0.5,-0.00332418,-8.93464
57.138,-0.5,-0.00332418,-8.94966
57.14,-0.5,-0.00302198,-8.96555
57.142,-0.5,-0.00292125,-8.99448
57.144,-0.5,-0.00292125,-9.04003
57.146,-0.5,-0.00282051,-9.04142
57.148,-0.5,-0.00302198,-9.03126
57.15,-0.5,-0.00342491,-9.01099
57.152,-0.5,-0.00362637,-8.97739
57.154,-0.5,-0.00392857,-8.97986
57.156,-0.5,-0.0040293,-8.95138
57.158,-0.5,-0.00352564,-8.96309
57.16,-0.5,-0.00372711,-8.94685
57.162,-0.5,-0.00382784,-8.97311
57.164,-0.5,-0.00332418,-8.9378
57.166,-0.5,-0.00382784,-8.96664
57.168,-0.5,-0.00362637,-8.94685
57.17,-0.5,-0.00362637,-8.9671
57.172,-0.5,-0.00372711,-8.98479
57.174,-0.5,-0.00312271,-8.99925
57.176,-0.5,-0.00251832,-9.00154
57.178,-0.5,-0.00382784,-9.02305
57.18,-0.5,-0.00322344,-8.99677
57.182,-0.5,-0.00352564,-8.98168
57.184,-0.5,-0.00342491,-8.96228
57.186,-0.5,-0.00372711,-8.95365
57.188,-0.5,-0.00312271,-8.94468
57.19,-0.5,-0.00342491,-8.91327
57.192,-0.5,-0.00292125,-8.91831
57.194,-0.5,-0.00413004,-8.88549
57.196,-0.5,-0.00382784,-8.88924
57.198,-0.5,-0.00332418,-8.86543
57.2,-0.5,-0.00332418,-8.86418
57.202,-0.5,-0.00362637,-8.85761
57.204,-0.5,-0.00352564,-8.86881
57.206,-0.5,-0.00352564,-8.88683
57.208,-0.5,-0.00322344,-8.91921
57.21,-0.5,-0.0040293,-8.92155
57.212,-0.5,-0.0043315,-8.89658
57.214,-0.5,-0.00372711,-8.85264
57.216,-0.5,-0.0043315,-8.82346
57.218,-0.5,-0.00372711,-8.78583
57.22,-0.5,-0.0043315,-8.77265
57.222,-0.5,-0.00392857,-8.75085
57.224,-0.5,-0.00392857,-8.74418
57.226,-0.5,-0.0043315,-8.73562
57.228,-0.5,-0.00413004,-8.71847
57.23,-0.5,-0.00453297,-8.73614
57.232,-0.5,-0.00362637,-8.72992
57.234,-0.5,-0.00332418,-8.7434
57.236,-0.5,-0.00342491,-8.74305
57.238,-0.5,-0.00362637,-8.76935
57.24,-0.5,-0.00443223,-8.78041
57.242,-0.5,-0.00342491,-8.80053
57.244,-0.5,-0.00443223,-8.75111
57.246,-0.5,-0.00372711,-8.74357
57.248,-0.5,-0.0040293,-8.7301
57.25,-0.5,-0.00382784,-8.71924
57.252,-0.5,-0.00413004,-8.73631
57.254,-0.5,-0.00352564,-8.70755
57.256,-0.5,-0.0040293,-8.72389
57.258,-0.5,-0.00453297,-8.70936
57.26,-0.5,-0.00342491,-8.71279
57.262,-0.5,-0.00382784,-8.72768
57.264,-0.5,-0.00372711,-8.73079
57.266,-0.5,-0.00423077,-8.74842
57.268,-0.5,-0.00362637,-8.74357
57.27,-0.5,-0.00392857,-8.77213
57.272,-0.5,-0.0040293,-8.77788
57.274,-0.5,-0.00443223,-8.83034
57.276,-0.5,-0.0046337,-8.84307
57.278,-0.5,-0.00392857,-8.81317
57.28,-0.5,-0.00423077,-8.79063
57.282,-0.5,-0.00443223,-8.79098
57.284,-0.5,-0.00362637,-8.77684
57.286,-0.5,-0.00392857,-8.80158
57.288,-0.5,-0.00342491,-8.80553
57.29,-0.5,-0.00413004,-8.81106
57.292,-0.5,-0.00322344,-8.82267
57.294,-0.5,-0.00322344,-8.839
57.296,-0.5,-0.00322344,-8.83873
57.298,-0.5,-0.00352564,-8.87335
57.3,-0.5,-0.00312271,-8.87745
57.302,-0.5,-0.00332418,-8.91552
57.304,-0.5,-0.00302198,-8.93861
57.306,-0.5,-0.00362637,-8.98543
57.308,-0.5,-0.00261905,-8.98415
57.31,-0.5,-0.00251832,-8.96064
57.312,-0.5,-0.00352564,-8.95347
57.314,-0.5,-0.00302198,-8.95374
57.316,-0.5,-0.00352564,-8.93952
57.318,-0.5,-0.00282051,-8.94386
57.32,-0.5,-0.00332418,-8.93626
57.322,-0.5,-0.00292125,-8.92949
57.324,-0.5,-0.00342491,-8.94413
57.326,-0.5,-0.00342491,-8.9257
57.328,-0.5,-0.00271978,-8.92336
57.33,-0.5,-0.00352564,-8.93211
57.332,-0.5,-0.00342491,-8.93319
57.334,-0.5,-0.00251832,-8.95047
57.336,-0.5,-0.00322344,-8.96737
57.338,-0.5,-0.00362637,-8.99
57.34,-0.5,-0.00302198,-9.0087
57.342,-0.5,-0.00352564,-8.98826
57.344,-0.5,-0.00342491,-8.93771
57.346,-0.5,-0.00342491,-8.93916
57.348,-0.5,-0.00282051,-8.89927
57.35,-0.5,-0.00332418,-8.91166
57.352,-0.5,-0.00362637,-8.88415
57.354,-0.5,-0.00382784,-8.90061
57.356,-0.5,-0.00362637,-8.88558
57.358,-0.5,-0.00392857,-8.90725
57.36,-0.5,-0.00342491,-8.8771
57.362,-0.5,-0.00372711,-8.92354
57.364,-0.5,-0.00362637,-8.8947
57.366,-0.5,-0.00352564,-8.92372
57.368,-0.5,-0.00322344,-8.94984
57.37,-0.5,-0.00292125,-8.96364
57.372,-0.5,-0.00261905,-8.94314
57.374,-0.5,-0.00443223,-8.89918
57.376,-0.5,-0.00362637,-8.86303
57.378,-0.5,-0.00443223,-8.87808
57.38,-0.5,-0.00342491,-8.84254
57.382,-0.5,-0.00392857,-8.84927
57.384,-0.5,-0.00261905,-8.82426
57.386,-0.5,-0.00392857,-8.80728
57.388,-0.5,-0.00362637,-8.81475
57.39,-0.5,-0.00392857,-8.78888
57.392,-0.5,-0.00382784,-8.81827
57.394,-0.5,-0.00332418,-8.77963
57.396,-0.5,-0.00342491,-8.7958
57.398,-0.5,-0.00392857,-8.77736
57.4,-0.5,-0.00413004,-8.81
57.402,-0.5,-0.00362637,-8.79895
57.404,-0.5,-0.0043315,-8.83962
57.406,-0.5,-0.00392857,-8.82858
57.408,-0.5,-0.00413004,-8.77814
57.41,-0.5,-0.00443223,-8.7557
57.412,-0.5,-0.00423077,-8.75839
57.414,-0.5,-0.0046337,-8.75215
57.416,-0.5,-0.00332418,-8.75093
57.418,-0.5,-0.00362637,-8.7447
57.42,-0.5,-0.00413004,-8.76413
57.422,-0.5,-0.0040293,-8.73657
57.424,-0.5,-0.00352564,-8.76691
57.426,-0.5,-0.00382784,-8.75822
57.428,-0.5,-0.00392857,-8.77396
57.43,-0.5,-0.00423077,-8.76865
57.432,-0.5,-0.0040293,-8.80202
57.434,-0.5,-0.00453297,-8.81572
57.436,-0.5,-0.0043315,-8.81326
57.438,-0.5,-0.00453297,-8.7979
57.44,-0.5,-0.00382784,-8.77091
57.442,-0.5,-0.0040293,-8.77474
57.444,-0.5,-0.00413004,-8.77013
57.446,-0.5,-0.00413004,-8.77152
57.448,-0.5,-0.00382784,-8.76587
57.45,-0.5,-0.00332418,-8.76317
57.452,-0.5,-0.00332418,-8.78059
57.454,-0.5,-0.00342491,-8.77553
57.456,-0.5,-0.0040293,-8.77832
57.458,-0.5,-0.00382784,-8.81713
57.46,-0.5,-0.00382784,-8.80851
57.462,-0.5,-0.00392857,-8.82646
57.464,-0.5,-0.00392857,-8.86783
57.466,-0.5,-0.00342491,-8.8762
57.468,-0.5,-0.00392857,-8.92949
57.47,-0.5,-0.00372711,-8.90779
57.472,-0.5,-0.00271978,-8.8999
57.474,-0.5,-0.00413004,-8.87772
57.476,-0.5,-0.00392857,-8.88111
57.478,-0.5,-0.00322344,-8.88826
57.48,-0.5,-0.00332418,-8.89372
57.482,-0.5,-0.00362637,-8.89784
57.484,-0.5,-0.00352564,-8.89882
57.486,-0.5,-0.00312271,-8.89864
57.488,-0.5,-0.00392857,-8.91139
57.49,-0.5,-0.00392857,-8.93039
57.492,-0.5,-0.00382784,-8.94422
57.494,-0.5,-0.00292125,-8.96746
57.496,-0.5,-0.00362637,-8.9794
57.498,-0.5,-0.00372711,-9.02766
57.5,-0.5,-0.00221612,-9.05003
57.502,-0.5,-0.00332418,-9.05671
57.504,-0.5,-0.00292125,-9.01449
57.506,-0.5,-0.00302198,-9.00016
57.508,-0.5,-0.00271978,-8.98123
57.51,-0.5,-0.00332418,-8.9753
57.512,-0.5,-0.00292125,-8.96655
57.514,-0.5,-0.00302198,-8.96046
57.516,-0.5,-0.00282051,-8.95664
57.518,-0.5,-0.00392857,-8.94359
57.52,-0.5,-0.00382784,-8.95428
57.522,-0.5,-0.00352564,-8.93202
57.524,-0.5,-0.00342491,-8.93138
57.526,-0.5,-0.00302198,-8.9522
57.528,-0.5,-0.00302198,-8.93744
57.53,-0.5,-0.00332418,-8.96974
57.532,-0.5,-0.00332418,-8.97174
57.534,-0.5,-0.00382784,-8.96146
57.536,-0.5,-0.00302198,-8.95973
57.538,-0.5,-0.00352564,-8.90977
57.54,-0.5,-0.00372711,-8.90995
57.542,-0.5,-0.00332418,-8.88808
57.544,-0.5,-0.00423077,-8.88611
57.546,-0.5,-0.00332418,-8.8896
57.548,-0.5,-0.00372711,-8.85477
57.55,-0.5,-0.00423077,-8.87674
57.552,-0.5,-0.00231685,-8.83688
57.554,-0.5,-0.00302198,-8.86498
57.556,-0.5,-0.00372711,-8.84821
57.558,-0.5,-0.00342491,-8.85317
57.56,-0.5,-0.00322344,-8.86116
57.562,-0.5,-0.00392857,-8.86747
57.564,-0.5,-0.00332418,-8.87772
57.566,-0.5,-0.00413004,-8.87202
57.568,-0.5,-0.00312271,-8.8382
57.57,-0.5,-0.00332418,-8.80939
57.572,-0.5,-0.00392857,-8.78015
57.574,-0.5,-0.00342491,-8.74106
57.576,-0.5,-0.00302198,-8.73614
57.578,-0.5,-0.0043315,-8.72165
57.58,-0.5,-0.00443223,-8.69299
57.582,-0.5,-0.00392857,-8.68103
57.584,-0.5,-0.00392857,-8.69479
57.586,-0.5,-0.00342491,-8.61098
57.588,-0.5,-0.00362637,-8.70927
57.59,-0.5,-0.00372711,-8.60838
57.592,-0.5,-0.00413004,-8.66554
57.594,-0.5,-0.00382784,-8.67669
57.596,-0.5,-0.0040293,-8.71228
57.598,-0.5,-0.00453297,-8.66104
57.6,-0.5,-0.00453297,-8.7282
57.602,-0.5,-0.00423077,-8.64384
57.604,-0.5,-0.00473443,-8.6573
57.606,-0.5,-0.00423077,-8.60159
57.608,-0.5,-0.00322344,-8.63319
57.61,-0.5,-0.00302198,-8.5959
57.612,-0.5,-0.00382784,-8.62359
57.614,-0.5,-0.00443223,-8.60143
57.616,-0.5,-0.00342491,-8.63294
57.618,-0.5,-0.0043315,-8.62755
57.62,-0.5,-0.00372711,-8.6562
57.622,-0.5,-0.0043315,-8.67183
57.624,-0.5,-0.00352564,-8.66375
57.626,-0.5,-0.0043315,-8.71804
57.628,-0.5,-0.00392857,-8.69513
57.63,-0.5,-0.00362637,-8.737
57.632,-0.5,-0.00342491,-8.73691
57.634,-0.5,-0.00352564,-8.72139
57.636,-0.5,-0.00443223,-8.72975
57.638,-0.5,-0.00372711,-8.71847
57.64,-0.5,-0.0040293,-8.71494
57.642,-0.5,-0.00382784,-8.7189
57.644,-0.5,-0.00362637,-8.73286
57.646,-0.5,-0.00413004,-8.71666
57.648,-0.5,-0.00342491,-8.73968
57.65,-0.5,-0.00362637,-8.71399
57.652,-0.5,-0.00362637,-8.74426
57.654,-0.5,-0.0040293,-8.74825
57.656,-0.5,-0.00423077,-8.77902
57.658,-0.5,-0.00332418,-8.786
57.66,-0.5,-0.00322344,-8.83105
57.662,-0.5,-0.00312271,-8.86605
57.664,-0.5,-0.00332418,-8.8721
57.666,-0.5,-0.00292125,-8.83714
57.668,-0.5,-0.00211538,-8.8514
57.67,-0.5,-0.00382784,-8.83193
57.672,-0.5,-0.00271978,-8.84696
57.674,-0.5,-0.00392857,-8.82593
57.676,-0.5,-0.00312271,-8.84891
57.678,-0.5,-0.00332418,-8.85122
57.68,-0.5,-0.00332418,-8.85352
57.682,-0.5,-0.0043315,-8.85477
57.684,-0.5,-0.00352564,-8.87398
57.686,-0.5,-0.00352564,-8.85947
57.688,-0.5,-0.00322344,-8.88602
57.69,-0.5,-0.00322344,-8.87977
57.692,-0.5,-0.00332418,-8.9211
57.694,-0.5,-0.00332418,-8.92056
57.696,-0.5,-0.00332418,-8.93916
57.698,-0.5,-0.00352564,-8.8999
57.7,-0.5,-0.00342491,-8.89148
57.702,-0.5,-0.00332418,-8.85548
57.704,-0.5,-0.0040293,-8.86836
57.706,-0.5,-0.00302198,-8.84033
57.708,-0.5,-0.00372711,-8.83087
57.71,-0.5,-0.00362637,-8.8292
57.712,-0.5,-0.00302198,-8.81317
57.714,-0.5,-0.00362637,-8.80632
57.716,-0.5,-0.00332418,-8.81449
57.718,-0.5,-0.00342491,-8.80711
57.72,-0.5,-0.00413004,-8.82258
57.722,-0.5,-0.00392857,-8.82496
57.724,-0.5,-0.00322344,-8.84033
57.726,-0.5,-0.00392857,-8.86632
57.728,-0.5,-0.00382784,-8.84201
57.73,-0.5,-0.00382784,-8.81018
57.732,-0.5,-0.00453297,-8.7313
57.734,-0.5,-0.0043315,-8.77143
57.736,-0.5,-0.00413004,-8.71365
57.738,-0.5,-0.0040293,-8.73622
57.74,-0.5,-0.00413004,-8.71597
57.742,-0.5,-0.00332418,-8.72251
57.744,-0.5,-0.00392857,-8.70121
57.746,-0.5,-0.00382784,-8.71657
57.748,-0.5,-0.00392857,-8.70035
57.75,-0.5,-0.00483516,-8.7146
57.752,-0.5,-0.0043315,-8.70644
57.754,-0.5,-0.00342491,-8.73329
57.756,-0.5,-0.00372711,-8.73277
57.758,-0.5,-0.00332418,-8.73761
57.76,-0.5,-0.00362637,-8.75388
57.762,-0.5,-0.00362637,-8.74981
57.764,-0.5,-0.0043315,-8.72294
57.766,-0.5,-0.0043315,-8.71967
57.768,-0.5,-0.00372711,-8.69119
57.77,-0.5,-0.00352564,-8.69077
57.772,-0.5,-0.00392857,-8.68325
57.774,-0.5,-0.0046337,-8.68317
57.776,-0.5,-0.00352564,-8.66996
57.778,-0.5,-0.0040293,-8.68726
57.78,-0.5,-0.00302198,-8.65154
57.782,-0.5,-0.00312271,-8.67507
57.784,-0.5,-0.00372711,-8.67405
57.786,-0.5,-0.00382784,-8.68769
57.788,-0.5,-0.00362637,-8.70695
57.79,-0.5,-0.00382784,-8.73994
57.792,-0.5,-0.00443223,-8.73968
57.794,-0.5,-0.00483516,-8.72354
57.796,-0.5,-0.00423077,-8.68872
57.798,-0.5,-0.0043315,-8.68855
57.8,-0.5,-0.00423077,-8.68214
57.802,-0.5,-0.0043315,-8.69641
57.804,-0.5,-0.00362637,-8.72423
57.806,-0.5,-0.00342491,-8.69025
57.808,-0.5,-0.00423077,-8.71039
57.81,-0.5,-0.00473443,-8.7067
57.812,-0.5,-0.00352564,-8.73838
57.814,-0.5,-0.00392857,-8.75145
57.816,-0.5,-0.0040293,-8.77004
57.818,-0.5,-0.00392857,-8.79212
57.82,-0.5,-0.00362637,-8.82761
57.822,-0.5,-0.00372711,-8.83202
57.824,-0.5,-0.00372711,-8.87843
57.826,-0.5,-0.0040293,-8.88183
57.828,-0.5,-0.00342491,-8.86979
57.83,-0.5,-0.0040293,-8.85397
57.832,-0.5,-0.00362637,-8.87157
57.834,-0.5,-0.00352564,-8.87683
57.836,-0.5,-0.00312271,-8.87389
57.838,-0.5,-0.00332418,-8.89936
57.84,-0.5,-0.00413004,-8.84759
57.842,-0.5,-0.00342491,-8.88799
57.844,-0.5,-0.00322344,-8.86881
57.846,-0.5,-0.00282051,-8.88486
57.848,-0.5,-0.00362637,-8.90411
57.85,-0.5,-0.00342491,-8.92228
57.852,-0.5,-0.00332418,-8.93482
57.854,-0.5,-0.00342491,-8.9847
57.856,-0.5,-0.00241758,-9.0109
57.858,-0.5,-0.00372711,-9.01771
57.86,-0.5,-0.00302198,-9.00594
57.862,-0.5,-0.00302198,-8.98744
57.864,-0.5,-0.00302198,-8.95555
57.866,-0.5,-0.00302198,-8.95619
57.868,-0.5,-0.00251832,-8.93382
57.87,-0.5,-0.00322344,-8.94305
57.872,-0.5,-0.00342491,-8.92345
57.874,-0.5,-0.00332418,-8.95011
57.876,-0.5,-0.00312271,-8.91426
57.878,-0.5,-0.00352564,-8.94341
57.88,-0.5,-0.00382784,-8.92615
57.882,-0.5,-0.00342491,-8.94359
57.884,-0.5,-0.00352564,-8.95211
57.886,-0.5,-0.00271978,-8.97311
57.888,-0.5,-0.00372711,-8.97648
57.89,-0.5,-0.00372711,-8.99961
57.892,-0.5,-0.00271978,-8.97347
57.894,-0.5,-0.00322344,-8.95973
57.896,-0.5,-0.00372711,-8.93897
57.898,-0.5,-0.00332418,-8.92777
57.9,-0.5,-0.00392857,-8.91786
57.902,-0.5,-0.00322344,-8.88692
57.904,-0.5,-0.00382784,-8.89327
57.906,-0.5,-0.00251832,-8.85317
57.908,-0.5,-0.00392857,-8.86552
57.91,-0.5,-0.00261905,-8.84307
57.912,-0.5,-0.00322344,-8.84581
57.914,-0.5,-0.00332418,-8.84245
57.916,-0.5,-0.00382784,-8.85397
57.918,-0.5,-0.0040293,-8.87077
57.92,-0.5,-0.00423077,-8.89694
57.922,-0.5,-0.00332418,-8.89927
57.924,-0.5,-0.0043315,-8.84962
57.926,-0.5,-0.00423077,-8.84024
57.928,-0.5,-0.00443223,-8.81299
57.93,-0.5,-0.0040293,-8.77518
57.932,-0.5,-0.00413004,-8.76569
57.934,-0.5,-0.00423077,-8.74903
57.936,-0.5,-0.00312271,-8.74288
57.938,-0.5,-0.00372711,-8.74955
57.94,-0.5,-0.00392857,-8.72122
57.942,-0.5,-0.00443223,-8.73519
57.944,-0.5,-0.00413004,-8.72535
57.946,-0.5,-0.0043315,-8.74037
57.948,-0.5,-0.00443223,-8.74253
57.95,-0.5,-0.00382784,-8.76943
57.952,-0.5,-0.00312271,-8.77745
57.954,-0.5,-0.00382784,-8.79834
57.956,-0.5,-0.0043315,-8.74539
57.958,-0.5,-0.00372711,-8.73838
57.96,-0.5,-0.0040293,-8.72596
57.962,-0.5,-0.0040293,-8.7085
57.964,-0.5,-0.00372711,-8.7257
57.966,-0.5,-0.00362637,-8.69573
57.968,-0.5,-0.00413004,-8.71228
57.97,-0.5,-0.00423077,-8.69735
57.972,-0.5,-0.0040293,-8.69676
57.974,-0.5,-0.00372711,-8.7097
57.976,-0.5,-0.00423077,-8.71743
57.978,-0.5,-0.00382784,-8.72363
57.98,-0.5,-0.00413004,-8.72139
57.982,-0.5,-0.00352564,-8.75041
57.984,-0.5,-0.00413004,-8.75648
57.986,-0.5,-0.00382784,-8.80992
57.988,-0.5,-0.00413004,-8.82417
57.99,-0.5,-0.00362637,-8.79816
57.992,-0.5,-0.00453297,-8.77457
57.994,-0.5,-0.00332418,-8.77457
57.996,-0.5,-0.00322344,-8.76395
57.998,-0.5,-0.00392857,-8.78801
58,-0.4,-0.00362637,-8.79046
58.002,-0.4,0.00312271,-8.79273
58.004,-0.4,0.00271978,-8.54428
58.006,-0.4,0.00181319,-8.31019
58.008,-0.4,0.00191392,-8.1382
58.01,-0.4,0.00141026,-7.98826
58.012,-0.4,0.000201465,-7.72192
58.014,-0.4,0,-7.62226
58.016,-0.4,-0.000201465,-7.51497
58.018,-0.4,0.000100733,-7.42867
58.02,-0.4,-0.00151099,-7.35906
58.022,-0.4,-0.00110806,-7.18685
58.024,-0.4,-0.000705128,-7.08604
58.026,-0.4,-0.00120879,-7.0112
58.028,-0.4,-0.00191392,-6.93798
58.03,-0.4,-0.00282051,-6.86868
58.032,-0.4,-0.00221612,-6.82027
58.034,-0.4,-0.00221612,-6.76233
58.036,-0.4,-0.00161172,-6.72205
58.038,-0.4,-0.00201465,-6.64296
58.04,-0.4,-0.00181319,-6.6067
58.042,-0.4,-0.00271978,-6.59407
58.044,-0.4,-0.00302198,-6.56287
58.046,-0.4,-0.00261905,-6.52493
58.048,-0.4,-0.00251832,-6.51468
58.05,-0.4,-0.00261905,-6.48361
58.052,-0.4,-0.00251832,-6.47743
58.054,-0.4,-0.00282051,-6.47624
58.056,-0.4,-0.00241758,-6.44967
58.058,-0.4,-0.00282051,-6.45033
58.06,-0.4,-0.00362637,-6.45547
58.062,-0.4,-0.00231685,-6.45207
58.064,-0.4,-0.00251832,-6.45627
58.066,-0.4,-0.00382784,-6.45476
58.068,-0.4,-0.00362637,-6.44079
58.07,-0.4,-0.00372711,-6.39746
58.072,-0.4,-0.00372711,-6.33231
58.074,-0.4,-0.00382784,-6.32651
58.076,-0.4,-0.00332418,-6.29599
58.078,-0.4,-0.00372711,-6.25175
58.08,-0.4,-0.00413004,-6.25959
58.082,-0.4,-0.00372711,-6.21351
58.084,-0.4,-0.00332418,-6.22546
58.086,-0.4,-0.00392857,-6.22081
58.088,-0.4,-0.00413004,-6.20792
58.09,-0.4,-0.00332418,-6.22199
58.092,-0.4,-0.00372711,-6.22383
58.094,-0.4,-0.0040293,-6.20352
58.096,-0.4,-0.00312271,-6.22616
58.098,-0.4,-0.00332418,-6.24499
58.1,-0.4,-0.0043315,-6.22923
58.102,-0.4,-0.00322344,-6.25406
58.104,-0.4,-0.00362637,-6.28837
58.106,-0.4,-0.00251832,-6.28869
58.108,-0.4,-0.00372711,-6.30052
58.11,-0.4,-0.00362637,-6.28055
58.112,-0.4,-0.00322344,-6.24795
58.114,-0.4,-0.00342491,-6.20016
58.116,-0.4,-0.00362637,-6.18272
58.118,-0.4,-0.00352564,-6.1567
58.12,-0.4,-0.00382784,-6.15674
58.122,-0.4,-0.00423077,-6.13286
58.124,-0.4,-0.00392857,-6.1224
58.126,-0.4,-0.00413004,-6.12151
58.128,-0.4,-0.00382784,-6.09832
58.13,-0.4,-0.00413004,-6.09344
58.132,-0.4,-0.0043315,-6.08467
58.134,-0.4,-0.00342491,-6.08748
58.136,-0.4,-0.00362637,-6.07864
58.138,-0.4,-0.00342491,-6.06687
58.14,-0.4,-0.00392857,-6.08375
58.142,-0.4,-0.00392857,-6.0576
58.144,-0.4,-0.00322344,-6.05668
58.146,-0.4,-0.00392857,-6.072
58.148,-0.4,-0.00392857,-6.06454
58.15,-0.4,-0.00342491,-6.067
58.152,-0.4,-0.00271978,-6.09319
58.154,-0.4,-0.00352564,-6.0897
58.156,-0.4,-0.00362637,-6.09651
58.158,-0.4,-0.00332418,-6.13196
58.16,-0.4,-0.0046337,-6.11516
58.162,-0.4,-0.00372711,-6.08157
58.164,-0.4,-0.00342491,-6.03859
58.166,-0.4,-0.00443223,-6.01217
58.168,-0.4,-0.0040293,-6.01491
58.17,-0.4,-0.00372711,-6.00494
58.172,-0.4,-0.0043315,-6.00005
58.174,-0.4,-0.0046337,-6.00005
58.176,-0.4,-0.00423077,-5.99724
58.178,-0.4,-0.00392857,-6.00625
58.18,-0.4,-0.0043315,-5.99756
58.182,-0.4,-0.0049359,-6.01295
58.184,-0.4,-0.0040293,-6.00719
58.186,-0.4,-0.00352564,-5.99638
58.188,-0.4,-0.00372711,-6.0234
58.19,-0.4,-0.0043315,-6.01725
58.192,-0.4,-0.00392857,-6.01713
58.194,-0.4,-0.0040293,-6.03521
58.196,-0.4,-0.0040293,-6.03859
58.198,-0.4,-0.00352564,-6.05971
58.2,-0.4,-0.00483516,-6.0814
58.202,-0.4,-0.0046337,-6.10131
58.204,-0.4,-0.00372711,-6.10249
58.206,-0.4,-0.00392857,-6.08723
58.208,-0.4,-0.00423077,-6.05743
58.21,-0.4,-0.00453297,-6.03612
58.212,-0.4,-0.00413004,-6.01618
58.214,-0.4,-0.00423077,-6.01532
58.216,-0.4,-0.00453297,-6.01099
58.218,-0.4,-0.0043315,-6.00657
58.22,-0.4,-0.0040293,-6.01246
58.222,-0.4,-0.00362637,-6.01205
58.224,-0.4,-0.00342491,-6.01791
58.226,-0.4,-0.00453297,-6.02057
58.228,-0.4,-0.0043315,-6.03781
58.23,-0.4,-0.0040293,-6.04227
58.232,-0.4,-0.00423077,-6.04574
58.234,-0.4,-0.00332418,-6.05635
58.236,-0.4,-0.00362637,-6.08869
58.238,-0.4,-0.00312271,-6.07973
58.24,-0.4,-0.00413004,-6.10105
58.242,-0.4,-0.00332418,-6.12792
58.244,-0.4,-0.00332418,-6.14694
58.246,-0.4,-0.00292125,-6.18004
58.248,-0.4,-0.00362637,-6.19955
58.25,-0.4,-0.00372711,-6.21145
58.252,-0.4,-0.00352564,-6.25888
58.254,-0.4,-0.0040293,-6.23305
58.256,-0.4,-0.00382784,-6.20936
58.258,-0.4,-0.00372711,-6.1999
58.26,-0.4,-0.0043315,-6.17564
58.262,-0.4,-0.00443223,-6.17469
58.264,-0.4,-0.00342491,-6.17732
58.266,-0.4,-0.00302198,-6.17646
58.268,-0.4,-0.00473443,-6.18082
58.27,-0.4,-0.00282051,-6.18242
58.272,-0.4,-0.00302198,-6.18653
58.274,-0.4,-0.00352564,-6.1887
58.276,-0.4,-0.00362637,-6.20343
58.278,-0.4,-0.00352564,-6.20012
58.28,-0.4,-0.00312271,-6.21294
58.282,-0.4,-0.00372711,-6.22572
58.284,-0.4,-0.00423077,-6.24054
58.286,-0.4,-0.00312271,-6.25933
58.288,-0.4,-0.00312271,-6.28707
58.29,-0.4,-0.00352564,-6.29061
58.292,-0.4,-0.00292125,-6.30795
58.294,-0.4,-0.00231685,-6.35481
58.296,-0.4,-0.0040293,-6.37007
58.298,-0.4,-0.00302198,-6.38046
58.3,-0.4,-0.00312271,-6.3686
58.302,-0.4,-0.00292125,-6.31715
58.304,-0.4,-0.00423077,-6.28985
58.306,-0.4,-0.00352564,-6.27975
58.308,-0.4,-0.00312271,-6.27204
58.31,-0.4,-0.00322344,-6.26452
58.312,-0.4,-0.00342491,-6.25144
58.314,-0.4,-0.00302198,-6.24764
58.316,-0.4,-0.00382784,-6.24098
58.318,-0.4,-0.0040293,-6.23913
58.32,-0.4,-0.00312271,-6.23631
58.322,-0.4,-0.0040293,-6.22682
58.324,-0.4,-0.00332418,-6.22265
58.326,-0.4,-0.00392857,-6.239
58.328,-0.4,-0.00332418,-6.22967
58.33,-0.4,-0.00302198,-6.23349
58.332,-0.4,-0.00282051,-6.23759
58.334,-0.4,-0.00282051,-6.26283
58.336,-0.4,-0.00282051,-6.26194
58.338,-0.4,-0.00221612,-6.28399
58.34,-0.4,-0.00332418,-6.30331
58.342,-0.4,-0.00342491,-6.32004
58.344,-0.4,-0.00322344,-6.35307
58.346,-0.4,-0.00292125,-6.3084
58.348,-0.4,-0.00332418,-6.28837
58.35,-0.4,-0.00362637,-6.25428
58.352,-0.4,-0.00392857,-6.23354
58.354,-0.4,-0.00362637,-6.22603
58.356,-0.4,-0.0040293,-6.21469
58.358,-0.4,-0.00332418,-6.20504
58.36,-0.4,-0.00322344,-6.20487
58.362,-0.4,-0.00413004,-6.20635
58.364,-0.4,-0.00392857,-6.19425
58.366,-0.4,-0.00352564,-6.18112
58.368,-0.4,-0.00413004,-6.19564
58.37,-0.4,-0.00352564,-6.17447
58.372,-0.4,-0.00382784,-6.1656
58.374,-0.4,-0.00382784,-6.18671
58.376,-0.4,-0.00382784,-6.18091
58.378,-0.4,-0.00352564,-6.18
58.38,-0.4,-0.00392857,-6.18913
58.382,-0.4,-0.00372711,-6.19408
58.384,-0.4,-0.00423077,-6.20338
58.386,-0.4,-0.00332418,-6.21556
58.388,-0.4,-0.00332418,-6.2298
58.39,-0.4,-0.00382784,-6.2423
58.392,-0.4,-0.00392857,-6.20556
58.394,-0.4,-0.00312271,-6.17089
58.396,-0.4,-0.00362637,-6.1395
58.398,-0.4,-0.00392857,-6.12801
58.4,-0.4,-0.00413004,-6.09663
58.402,-0.4,-0.00362637,-6.07262
58.404,-0.4,-0.00342491,-6.0457
58.406,-0.4,-0.00302198,-6.03467
58.408,-0.4,-0.00372711,-6.02151
58.41,-0.4,-0.00392857,-6.00976
58.412,-0.4,-0.00382784,-6.00245
58.414,-0.4,-0.00392857,-5.99561
58.416,-0.4,-0.00372711,-5.98919
58.418,-0.4,-0.00352564,-6.00531
58.42,-0.4,-0.00423077,-5.94967
58.422,-0.4,-0.00423077,-5.99585
58.424,-0.4,-0.0040293,-6.02907
58.426,-0.4,-0.00332418,-5.96727
58.428,-0.4,-0.00352564,-6.01475
58.43,-0.4,-0.00332418,-6.0348
58.432,-0.4,-0.00372711,-6.04388
58.434,-0.4,-0.00362637,-6.08036
58.436,-0.4,-0.00453297,-6.06654
58.438,-0.4,-0.0040293,-6.02648
58.44,-0.4,-0.00352564,-6.05801
58.442,-0.4,-0.0040293,-5.99016
58.444,-0.4,-0.00473443,-5.95829
58.446,-0.4,-0.0043315,-5.98931
58.448,-0.4,-0.00382784,-5.95083
58.45,-0.4,-0.00372711,-5.97243
58.452,-0.4,-0.00362637,-5.97477
58.454,-0.4,-0.00362637,-5.9481
58.456,-0.4,-0.0040293,-5.97029
58.458,-0.4,-0.00453297,-5.98988
58.46,-0.4,-0.0040293,-5.96203
58.462,-0.4,-0.0040293,-5.98919
58.464,-0.4,-0.00352564,-5.98919
58.466,-0.4,-0.00382784,-6.01401
58.468,-0.4,-0.00352564,-5.99756
58.47,-0.4,-0.00312271,-6.02624
58.472,-0.4,-0.00392857,-6.04487
58.474,-0.4,-0.00382784,-6.05311
58.476,-0.4,-0.00332418,-6.05577
58.478,-0.4,-0.0040293,-6.09554
58.48,-0.4,-0.00392857,-6.10303
58.482,-0.4,-0.00392857,-6.0897
58.484,-0.4,-0.00362637,-6.12499
58.486,-0.4,-0.00292125,-6.15992
58.488,-0.4,-0.00423077,-6.10696
58.49,-0.4,-0.00413004,-6.08178
58.492,-0.4,-0.00342491,-6.08077
58.494,-0.4,-0.00362637,-6.06125
58.496,-0.4,-0.0040293,-6.06783
58.498,-0.4,-0.00362637,-6.06171
58.5,-0.4,-0.0040293,-6.05461
58.502,-0.4,-0.00413004,-6.067
58.504,-0.4,-0.0040293,-6.08287
58.506,-0.4,-0.00392857,-6.07208
58.508,-0.4,-0.00312271,-6.07509
58.51,-0.4,-0.0040293,-6.0923
58.512,-0.4,-0.00362637,-6.08065
58.514,-0.4,-0.00322344,-6.09626
58.516,-0.4,-0.00372711,-6.11076
58.518,-0.4,-0.00342491,-6.12007
58.52,-0.4,-0.00332418,-6.13115
58.522,-0.4,-0.00382784,-6.16009
58.524,-0.4,-0.00443223,-6.17996
58.526,-0.4,-0.00271978,-6.2234
58.528,-0.4,-0.00413004,-6.24574
58.53,-0.4,-0.00372711,-6.28667
58.532,-0.4,-0.0040293,-6.28202
58.534,-0.4,-0.00332418,-6.24345
58.536,-0.4,-0.00382784,-6.21687
58.538,-0.4,-0.00292125,-6.21429
58.54,-0.4,-0.00372711,-6.19677
58.542,-0.4,-0.00302198,-6.18965
58.544,-0.4,-0.00302198,-6.19999
58.546,-0.4,-0.00322344,-6.18164
58.548,-0.4,-0.0043315,-6.18346
58.55,-0.4,-0.00332418,-6.20195
58.552,-0.4,-0.00302198,-6.20591
58.554,-0.4,-0.00332418,-6.21176
58.556,-0.4,-0.00332418,-6.22121
58.558,-0.4,-0.00332418,-6.22313
58.56,-0.4,-0.00443223,-6.23521
58.562,-0.4,-0.00332418,-6.22791
58.564,-0.4,-0.00271978,-6.23187
58.566,-0.4,-0.00292125,-6.25432
58.568,-0.4,-0.00342491,-6.25658
58.57,-0.4,-0.00362637,-6.27596
58.572,-0.4,-0.00271978,-6.29832
58.574,-0.4,-0.00292125,-6.30723
58.576,-0.4,-0.00282051,-6.32855
58.578,-0.4,-0.00352564,-6.31277
58.58,-0.4,-0.00292125,-6.27293
58.582,-0.4,-0.00362637,-6.2529
58.584,-0.4,-0.00292125,-6.23935
58.586,-0.4,-0.00382784,-6.21915
58.588,-0.4,-0.00352564,-6.22217
58.59,-0.4,-0.00362637,-6.2033
58.592,-0.4,-0.00352564,-6.19595
58.594,-0.4,-0.00382784,-6.18779
58.596,-0.4,-0.00292125,-6.19586
58.598,-0.4,-0.00241758,-6.18861
58.6,-0.4,-0.00271978,-6.17577
58.602,-0.4,-0.00382784,-6.18039
58.604,-0.4,-0.0040293,-6.1662
58.606,-0.4,-0.00382784,-6.17339
58.608,-0.4,-0.00352564,-6.17352
58.61,-0.4,-0.00382784,-6.17974
58.612,-0.4,-0.00332418,-6.19712
58.614,-0.4,-0.00382784,-6.2043
58.616,-0.4,-0.00332418,-6.20984
58.618,-0.4,-0.00332418,-6.2324
58.62,-0.4,-0.00312271,-6.2627
58.622,-0.4,-0.00332418,-6.223
58.624,-0.4,-0.00392857,-6.21556
58.626,-0.4,-0.00423077,-6.17637
58.628,-0.4,-0.00392857,-6.10603
58.63,-0.4,-0.00292125,-6.14463
58.632,-0.4,-0.00342491,-6.11808
58.634,-0.4,-0.00342491,-6.07371
58.636,-0.4,-0.00362637,-6.10299
58.638,-0.4,-0.00271978,-6.08404
58.64,-0.4,-0.00362637,-6.0665
58.642,-0.4,-0.00382784,-6.07162
58.644,-0.4,-0.00382784,-6.06845
58.646,-0.4,-0.00362637,-6.0527
58.648,-0.4,-0.00342491,-6.06483
58.65,-0.4,-0.00372711,-6.05739
58.652,-0.4,-0.00362637,-6.05245
58.654,-0.4,-0.00362637,-6.06387
58.656,-0.4,-0.0046337,-6.07551
58.658,-0.4,-0.00362637,-6.06167
58.66,-0.4,-0.0040293,-6.0809
58.662,-0.4,-0.00443223,-6.07881
58.664,-0.4,-0.00332418,-6.08463
58.666,-0.4,-0.00352564,-6.09407
58.668,-0.4,-0.00352564,-6.10721
58.67,-0.4,-0.00332418,-6.12852
58.672,-0.4,-0.0043315,-6.08538
58.674,-0.4,-0.00443223,-6.05125
58.676,-0.4,-0.00423077,-6.04268
58.678,-0.4,-0.00413004,-6.03171
58.68,-0.4,-0.00261905,-6.00474
58.682,-0.4,-0.00423077,-5.99903
58.684,-0.4,-0.00372711,-6.00233
58.686,-0.4,-0.00342491,-5.98533
58.688,-0.4,-0.00443223,-5.98744
58.69,-0.4,-0.0040293,-5.98501
58.692,-0.4,-0.00312271,-5.97388
58.694,-0.4,-0.00332418,-5.98379
58.696,-0.4,-0.00392857,-5.96993
58.698,-0.4,-0.0046337,-5.96993
58.7,-0.4,-0.00352564,-5.96227
58.702,-0.4,-0.00362637,-5.98424
58.704,-0.4,-0.0040293,-5.98606
58.706,-0.4,-0.00413004,-5.9937
58.708,-0.4,-0.00362637,-6.00817
58.71,-0.4,-0.00423077,-6.02554
58.712,-0.4,-0.0040293,-6.04086
58.714,-0.4,-0.00443223,-6.07592
58.716,-0.4,-0.00413004,-6.07488
58.718,-0.4,-0.0046337,-6.05129
58.72,-0.4,-0.00503663,-6.04582
58.722,-0.4,-0.00382784,-5.99488
58.724,-0.4,-0.0040293,-5.98765
58.726,-0.4,-0.0046337,-5.99797
58.728,-0.4,-0.00443223,-5.98323
58.73,-0.4,-0.00443223,-5.99268
58.732,-0.4,-0.0046337,-5.9926
58.734,-0.4,-0.0046337,-6.01107
58.736,-0.4,-0.00382784,-5.98692
58.738,-0.4,-0.00362637,-5.99825
58.74,-0.4,-0.00352564,-6.01467
58.742,-0.4,-0.0040293,-6.00384
58.744,-0.4,-0.00362637,-6.03282
58.746,-0.4,-0.00423077,-6.04649
58.748,-0.4,-0.00392857,-6.06287
58.75,-0.4,-0.00413004,-6.0866
58.752,-0.4,-0.00352564,-6.1011
58.754,-0.4,-0.00261905,-6.12661
58.756,-0.4,-0.00382784,-6.16366
58.758,-0.4,-0.00282051,-6.17628
58.76,-0.4,-0.00362637,-6.20896
58.762,-0.4,-0.00382784,-6.24544
58.764,-0.4,-0.00372711,-6.24526
58.766,-0.4,-0.00332418,-6.21692
58.768,-0.4,-0.00352564,-6.20574
58.77,-0.4,-0.00382784,-6.192
58.772,-0.4,-0.00312271,-6.17836
58.774,-0.4,-0.00322344,-6.1999
58.776,-0.4,-0.00413004,-6.20521
58.778,-0.4,-0.00443223,-6.16732
58.78,-0.4,-0.00352564,-6.20578
58.782,-0.4,-0.00372711,-6.22787
58.784,-0.4,-0.00332418,-6.19543
58.786,-0.4,-0.00332418,-6.21102
58.788,-0.4,-0.00362637,-6.23508
58.79,-0.4,-0.00292125,-6.23055
58.792,-0.4,-0.00392857,-6.25171
58.794,-0.4,-0.00342491,-6.25755
58.796,-0.4,-0.00271978,-6.27346
58.798,-0.4,-0.00332418,-6.28904
58.8,-0.4,-0.00342491,-6.29635
58.802,-0.4,-0.00322344,-6.31511
58.804,-0.4,-0.00231685,-6.34486
58.806,-0.4,-0.00251832,-6.37117
58.808,-0.4,-0.00302198,-6.40623
58.81,-0.4,-0.00372711,-6.39672
58.812,-0.4,-0.00332418,-6.37328
58.814,-0.4,-0.00332418,-6.33926
58.816,-0.4,-0.00322344,-6.30714
58.818,-0.4,-0.00241758,-6.29814
58.82,-0.4,-0.00241758,-6.29473
58.822,-0.4,-0.00342491,-6.27734
58.824,-0.4,-0.00342491,-6.26763
58.826,-0.4,-0.00282051,-6.27444
58.828,-0.4,-0.00392857,-6.25884
58.83,-0.4,-0.00322344,-6.25853
58.832,-0.4,-0.00312271,-6.27966
58.834,-0.4,-0.00322344,-6.25685
58.836,-0.4,-0.00382784,-6.25764
58.838,-0.4,-0.00342491,-6.28234
58.84,-0.4,-0.00352564,-6.27132
58.842,-0.4,-0.00271978,-6.27761
58.844,-0.4,-0.00292125,-6.29586
58.846,-0.4,-0.00251832,-6.31259
58.848,-0.4,-0.00322344,-6.31033
58.85,-0.4,-0.00352564,-6.33417
58.852,-0.4,-0.00312271,-6.34354
58.854,-0.4,-0.00342491,-6.38355
58.856,-0.4,-0.00423077,-6.35669
58.858,-0.4,-0.00312271,-6.31959
58.86,-0.4,-0.00372711,-6.29469
58.862,-0.4,-0.00322344,-6.29608
58.864,-0.4,-0.00292125,-6.27783
58.866,-0.4,-0.00413004,-6.2545
58.868,-0.4,-0.00423077,-6.26372
58.87,-0.4,-0.00392857,-6.25379
58.872,-0.4,-0.00423077,-6.2287
58.874,-0.4,-0.00312271,-6.2259
58.876,-0.4,-0.00362637,-6.22515
58.878,-0.4,-0.00342491,-6.20025
58.88,-0.4,-0.00372711,-6.19312
58.882,-0.4,-0.0040293,-6.19725
58.884,-0.4,-0.00362637,-6.18225
58.886,-0.4,-0.00382784,-6.18056
58.888,-0.4,-0.0043315,-6.18584
58.89,-0.4,-0.00372711,-6.18857
58.892,-0.4,-0.00413004,-6.20034
58.894,-0.4,-0.00362637,-6.20944
58.896,-0.4,-0.00322344,-6.22721
58.898,-0.4,-0.00342491,-6.23653
58.9,-0.4,-0.00443223,-6.2635
58.902,-0.4,-0.00392857,-6.22655
58.904,-0.4,-0.00382784,-6.18567
58.906,-0.4,-0.00423077,-6.16065
58.908,-0.4,-0.00443223,-6.13273
58.91,-0.4,-0.00443223,-6.10169
58.912,-0.4,-0.00312271,-6.08333
58.914,-0.4,-0.00332418,-6.08333
58.916,-0.4,-0.00413004,-6.07221
58.918,-0.4,-0.00372711,-6.06204
58.92,-0.4,-0.0040293,-6.05025
58.922,-0.4,-0.00413004,-6.04425
58.924,-0.4,-0.00392857,-6.03983
58.926,-0.4,-0.00362637,-6.04789
58.928,-0.4,-0.00372711,-6.02513
58.93,-0.4,-0.00413004,-6.03418
58.932,-0.4,-0.0040293,-6.02805
58.934,-0.4,-0.00362637,-6.02924
58.936,-0.4,-0.00362637,-6.04206
58.938,-0.4,-0.00443223,-6.05204
58.94,-0.4,-0.00372711,-6.05739
58.942,-0.4,-0.00332418,-6.08249
58.944,-0.4,-0.00413004,-6.09613
58.946,-0.4,-0.00372711,-6.09773
58.948,-0.4,-0.0040293,-6.09525
58.95,-0.4,-0.0043315,-6.03777
58.952,-0.4,-0.00372711,-6.0161
58.954,-0.4,-0.00352564,-6.01778
58.956,-0.4,-0.0043315,-6.00315
58.958,-0.4,-0.00362637,-5.98497
58.96,-0.4,-0.00413004,-5.98825
58.962,-0.4,-0.00362637,-5.99834
58.964,-0.4,-0.00372711,-5.98088
58.966,-0.4,-0.00372711,-5.981
58.968,-0.4,-0.00372711,-5.99492
58.97,-0.4,-0.0040293,-5.98817
58.972,-0.4,-0.00413004,-5.99374
58.974,-0.4,-0.00423077,-5.99537
58.976,-0.4,-0.00443223,-6.00939
58.978,-0.4,-0.00362637,-6.01606
58.98,-0.4,-0.00292125,-6.02953
58.982,-0.4,-0.0040293,-6.04016
58.984,-0.4,-0.00352564,-6.04384
58.986,-0.4,-0.00312271,-6.06046
58.988,-0.4,-0.0043315,-6.07923
58.99,-0.4,-0.00392857,-6.09651
58.992,-0.4,-0.00362637,-6.11791
58.994,-0.4,-0.00352564,-6.16547
58.996,-0.4,-0.00372711,-6.18073
58.998,-0.4,-0.00342491,-6.14484
59,-0.3,-0.00382784,-6.12465
59.002,-0.3,0.00282051,-6.09201
59.004,-0.3,0.00302198,-5.91787
59.006,-0.3,0.00181319,-5.62148
59.008,-0.3,0.000705128,-5.3546
59.01,-0.3,0.000604396,-5.3546
59.012,-0.3,-0.000604396,-5.12585
59.014,-0.3,-0.000302198,-4.90345
59.016,-0.3,-0.000100733,-4.70897
59.018,-0.3,-0.000302198,-4.70897
59.02,-0.3,-0.000906593,-4.53212
59.022,-0.3,-0.00120879,-4.36917
59.024,-0.3,-0.00161172,-4.36917
59.026,-0.3,-0.00191392,-4.23792
59.028,-0.3,-0.00171245,-4.12353
59.03,-0.3,-0.00151099,-4.12353
59.032,-0.3,-0.00161172,-4.01768
59.034,-0.3,-0.00241758,-3.93675
59.036,-0.3,-0.00221612,-3.93675
59.038,-0.3,-0.00241758,-3.8704
59.04,-0.3,-0.00161172,-3.81279
59.042,-0.3,-0.00261905,-3.81279
59.044,-0.3,-0.00271978,-3.77369
59.046,-0.3,-0.00241758,-3.77369
59.048,-0.3,-0.00231685,-3.7353
59.05,-0.3,-0.00201465,-3.71181
59.052,-0.3,-0.00292125,-3.71181
59.054,-0.3,-0.00171245,-3.70395
59.056,-0.3,-0.00261905,-3.70395
59.058,-0.3,-0.00282051,-3.69425
59.06,-0.3,-0.00221612,-3.61709
59.062,-0.3,-0.00312271,-3.61709
59.064,-0.3,-0.00271978,-3.54211
59.066,-0.3,-0.00261905,-3.54211
59.068,-0.3,-0.00312271,-3.50749
59.07,-0.3,-0.00282051,-3.50749
59.072,-0.3,-0.00292125,-3.47787
59.074,-0.3,-0.00211538,-3.44746
59.076,-0.3,-0.00382784,-3.44746
59.078,-0.3,-0.00352564,-3.4325
59.08,-0.3,-0.00282051,-3.4325
59.082,-0.3,-0.00372711,-3.41809
59.084,-0.3,-0.00352564,-3.41809
59.086,-0.3,-0.00392857,-3.41244
59.088,-0.3,-0.00413004,-3.41244
59.09,-0.3,-0.00362637,-3.41073
59.092,-0.3,-0.00322344,-3.40921
59.094,-0.3,-0.00352564,-3.40921
59.096,-0.3,-0.00271978,-3.40424
59.098,-0.3,-0.00392857,-3.40424
59.1,-0.3,-0.00322344,-3.41467
59.102,-0.3,-0.00332418,-3.41467
59.104,-0.3,-0.00342491,-3.41649
59.106,-0.3,-0.00372711,-3.41649
59.108,-0.3,-0.00312271,-3.41096
59.11,-0.3,-0.00302198,-3.41615
59.112,-0.3,-0.00332418,-3.41615
59.114,-0.3,-0.00342491,-3.40084
59.116,-0.3,-0.00191392,-3.40084
59.118,-0.3,-0.00322344,-3.4018
59.12,-0.3,-0.00322344,-3.4018
59.122,-0.3,-0.00322344,-3.41182
59.124,-0.3,-0.00302198,-3.41182
59.126,-0.3,-0.00352564,-3.41528
59.128,-0.3,-0.00332418,-3.43975
59.13,-0.3,-0.00292125,-3.43975
59.132,-0.3,-0.00292125,-3.46017
59.134,-0.3,-0.00302198,-3.46017
59.136,-0.3,-0.00282051,-3.47895
59.138,-0.3,-0.00302198,-3.47895
59.14,-0.3,-0.00332418,-3.50645
59.142,-0.3,-0.00352564,-3.53289
59.144,-0.3,-0.00312271,-3.53289
59.146,-0.3,-0.00322344,-3.50853
59.148,-0.3,-0.00372711,-3.50853
59.15,-0.3,-0.00382784,-3.43951
59.152,-0.3,-0.00352564,-3.43951
59.154,-0.3,-0.00332418,-3.35566
59.156,-0.3,-0.00423077,-3.35566
59.158,-0.3,-0.00342491,-3.31789
59.16,-0.3,-0.00362637,-3.31789
59.162,-0.3,-0.00372711,-3.28801
59.164,-0.3,-0.00392857,-3.26012
59.166,-0.3,-0.0043315,-3.26012
59.168,-0.3,-0.00413004,-3.25702
59.17,-0.3,-0.00362637,-3.25702
59.172,-0.3,-0.00342491,-3.23908
59.174,-0.3,-0.00342491,-3.23908
59.176,-0.3,-0.00392857,-3.23094
59.178,-0.3,-0.0040293,-3.23094
59.18,-0.3,-0.00372711,-3.24597
59.182,-0.3,-0.00352564,-3.24597
59.184,-0.3,-0.00302198,-3.25281
59.186,-0.3,-0.00302198,-3.25281
59.188,-0.3,-0.00322344,-3.25155
59.19,-0.3,-0.00362637,-3.25155
59.192,-0.3,-0.00362637,-3.26181
59.194,-0.3,-0.00392857,-3.26181
59.196,-0.3,-0.00312271,-3.26239
59.198,-0.3,-0.00312271,-3.2574
59.2,-0.3,-0.00342491,-3.2574
59.202,-0.3,-0.00332418,-3.28418
59.204,-0.3,-0.00362637,-3.28418
59.206,-0.3,-0.00362637,-3.30146
59.208,-0.3,-0.00392857,-3.30146
59.21,-0.3,-0.00282051,-3.3036
59.212,-0.3,-0.00352564,-3.3036
59.214,-0.3,-0.00322344,-3.33024
59.216,-0.3,-0.00332418,-3.33024
59.218,-0.3,-0.00332418,-3.36123
59.22,-0.3,-0.00322344,-3.37686
59.222,-0.3,-0.00362637,-3.37686
59.224,-0.3,-0.0040293,-3.39363
59.226,-0.3,-0.00443223,-3.39363
59.228,-0.3,-0.00392857,-3.35629
59.23,-0.3,-0.00413004,-3.35629
59.232,-0.3,-0.00322344,-3.2811
59.234,-0.3,-0.00413004,-3.2811
59.236,-0.3,-0.00382784,-3.22684
59.238,-0.3,-0.00392857,-3.22684
59.24,-0.3,-0.00413004,-3.19737
59.242,-0.3,-0.0040293,-3.19737
59.244,-0.3,-0.00372711,-3.17475
59.246,-0.3,-0.00392857,-3.17475
59.248,-0.3,-0.00382784,-3.16649
59.25,-0.3,-0.0040293,-3.16649
59.252,-0.3,-0.0040293,-3.14738
59.254,-0.3,-0.00292125,-3.14738
59.256,-0.3,-0.00312271,-3.13839
59.258,-0.3,-0.0040293,-3.13839
59.26,-0.3,-0.00392857,-3.1335
59.262,-0.3,-0.00362637,-3.1335
59.264,-0.3,-0.00352564,-3.11781
59.266,-0.3,-0.00413004,-3.11781
59.268,-0.3,-0.00382784,-3.11332
59.27,-0.3,-0.00312271,-3.11332
59.272,-0.3,-0.00312271,-3.11275
59.274,-0.3,-0.00392857,-3.12062
59.276,-0.3,-0.0046337,-3.12062
59.278,-0.3,-0.00332418,-3.12253
59.28,-0.3,-0.00382784,-3.12253
59.282,-0.3,-0.00362637,-3.12357
59.284,-0.3,-0.0040293,-3.12357
59.286,-0.3,-0.0049359,-3.13499
59.288,-0.3,-0.00372711,-3.13499
59.29,-0.3,-0.00332418,-3.12817
59.292,-0.3,-0.00352564,-3.12817
59.294,-0.3,-0.00392857,-3.13428
59.296,-0.3,-0.00372711,-3.13428
59.298,-0.3,-0.00423077,-3.14076
59.3,-0.3,-0.00453297,-3.14076
59.302,-0.3,-0.00382784,-3.13679
59.304,-0.3,-0.00413004,-3.13679
59.306,-0.3,-0.00362637,-3.14709
59.308,-0.3,-0.00423077,-3.14709
59.31,-0.3,-0.00362637,-3.17773
59.312,-0.3,-0.00423077,-3.17773
59.314,-0.3,-0.00362637,-3.18611
59.316,-0.3,-0.00312271,-3.18611
59.318,-0.3,-0.0040293,-3.1991
59.32,-0.3,-0.00372711,-3.1991
59.322,-0.3,-0.00453297,-3.24071
59.324,-0.3,-0.00372711,-3.24071
59.326,-0.3,-0.00413004,-3.19976
59.328,-0.3,-0.00443223,-3.19976
59.33,-0.3,-0.00453297,-3.11635
59.332,-0.3,-0.00352564,-3.11635
59.334,-0.3,-0.00423077,-3.0466
59.336,-0.3,-0.00413004,-3.0466
59.338,-0.3,-0.00483516,-3.00764
59.34,-0.3,-0.00443223,-3.00764
59.342,-0.3,-0.00423077,-3.00623
59.344,-0.3,-0.00473443,-3.00623
59.346,-0.3,-0.00483516,-3.01354
59.348,-0.3,-0.0040293,-3.01354
59.35,-0.3,-0.00372711,-3.02152
59.352,-0.3,-0.00443223,-3.02152
59.354,-0.3,-0.00362637,-3.02832
59.356,-0.3,-0.0052381,-3.02832
59.358,-0.3,-0.00443223,-3.03942
59.36,-0.3,-0.00513736,-3.03942
59.362,-0.3,-0.00392857,-3.04221
59.364,-0.3,-0.00503663,-3.04221
59.366,-0.3,-0.00392857,-3.05084
59.368,-0.3,-0.0040293,-3.05084
59.37,-0.3,-0.00352564,-3.04926
59.372,-0.3,-0.0046337,-3.04926
59.374,-0.3,-0.0046337,-3.0471
59.376,-0.3,-0.00423077,-3.0471
59.378,-0.3,-0.00413004,-3.06909
59.38,-0.3,-0.00362637,-3.06909
59.382,-0.3,-0.00413004,-3.076
59.384,-0.3,-0.00413004,-3.076
59.386,-0.3,-0.00352564,-3.08701
59.388,-0.3,-0.00443223,-3.08701
59.39,-0.3,-0.0043315,-3.10524
59.392,-0.3,-0.00443223,-3.10524
59.394,-0.3,-0.00423077,-3.11902
59.396,-0.3,-0.00372711,-3.11902
59.398,-0.3,-0.00453297,-3.14347
59.4,-0.3,-0.00443223,-3.14347
59.402,-0.3,-0.00362637,-3.16948
59.404,-0.3,-0.00392857,-3.16948
59.406,-0.3,-0.00372711,-3.19496
59.408,-0.3,-0.00453297,-3.19496
59.41,-0.3,-0.00453297,-3.19696
59.412,-0.3,-0.0043315,-3.19696
59.414,-0.3,-0.0040293,-3.15305
59.416,-0.3,-0.00352564,-3.15305
59.418,-0.3,-0.00453297,-3.10858
59.42,-0.3,-0.0043315,-3.10858
59.422,-0.3,-0.00423077,-3.07685
59.424,-0.3,-0.00423077,-3.07685
59.426,-0.3,-0.00443223,-3.0511
59.428,-0.3,-0.0043315,-3.0511
59.43,-0.3,-0.00261905,-3.04137
59.432,-0.3,-0.0043315,-3.04137
59.434,-0.3,-0.00423077,-3.03936
59.436,-0.3,-0.0040293,-3.03936
59.438,-0.3,-0.00413004,-3.03486
59.44,-0.3,-0.00423077,-3.03486
59.442,-0.3,-0.00483516,-3.03513
59.444,-0.3,-0.00362637,-3.03513
59.446,-0.3,-0.0040293,-3.04105
59.448,-0.3,-0.00413004,-3.04105
59.45,-0.3,-0.00392857,-3.05712
59.452,-0.3,-0.00382784,-3.05712
59.454,-0.3,-0.00413004,-3.07298
59.456,-0.3,-0.00413004,-3.07298
59.458,-0.3,-0.00413004,-3.0956
59.46,-0.3,-0.00413004,-3.0956
59.462,-0.3,-0.00382784,-3.10873
59.464,-0.3,-0.00382784,-3.10873
59.466,-0.3,-0.00382784,-3.12146
59.468,-0.3,-0.00392857,-3.14303
59.47,-0.3,-0.0040293,-3.14303
59.472,-0.3,-0.00322344,-3.17546
59.474,-0.3,-0.00382784,-3.17546
59.476,-0.3,-0.00372711,-3.18044
59.478,-0.3,-0.00372711,-3.18044
59.48,-0.3,-0.00443223,-3.2097
59.482,-0.3,-0.00392857,-3.2097
59.484,-0.3,-0.00362637,-3.24423
59.486,-0.3,-0.00332418,-3.24423
59.488,-0.3,-0.00352564,-3.28033
59.49,-0.3,-0.0040293,-3.28033
59.492,-0.3,-0.00382784,-3.3187
59.494,-0.3,-0.00372711,-3.3187
59.496,-0.3,-0.00332418,-3.35093
59.498,-0.3,-0.00332418,-3.38469
59.5,-0.3,-0.00342491,-3.38469
59.502,-0.3,-0.00342491,-3.42845
59.504,-0.3,-0.00392857,-3.42845
59.506,-0.3,-0.00352564,-3.38438
59.508,-0.3,-0.00372711,-3.38438
59.51,-0.3,-0.00332418,-3.3163
59.512,-0.3,-0.00443223,-3.3163
59.514,-0.3,-0.0040293,-3.27842
59.516,-0.3,-0.00332418,-3.27842
59.518,-0.3,-0.0046337,-3.24836
59.52,-0.3,-0.00352564,-3.24836
59.522,-0.3,-0.0043315,-3.23501
59.524,-0.3,-0.00302198,-3.23501
59.526,-0.3,-0.00473443,-3.22922
59.528,-0.3,-0.00342491,-3.23182
59.53,-0.3,-0.00322344,-3.23182
59.532,-0.3,-0.00382784,-3.24351
59.534,-0.3,-0.00382784,-3.24351
59.536,-0.3,-0.00362637,-3.25154
59.538,-0.3,-0.00372711,-3.25154
59.54,-0.3,-0.00322344,-3.2595
59.542,-0.3,-0.00443223,-3.2595
59.544,-0.3,-0.00342491,-3.26445
59.546,-0.3,-0.00372711,-3.26445
59.548,-0.3,-0.00352564,-3.27357
59.55,-0.3,-0.00352564,-3.27357
59.552,-0.3,-0.00332418,-3.27963
59.554,-0.3,-0.00241758,-3.27963
59.556,-0.3,-0.00382784,-3.29473
59.558,-0.3,-0.00342491,-3.30976
59.56,-0.3,-0.0040293,-3.30976
59.562,-0.3,-0.00312271,-3.33708
59.564,-0.3,-0.00302198,-3.33708
59.566,-0.3,-0.00322344,-3.37236
59.568,-0.3,-0.00332418,-3.37236
59.57,-0.3,-0.00342491,-3.4066
59.572,-0.3,-0.00342491,-3.4066
59.574,-0.3,-0.00342491,-3.42104
59.576,-0.3,-0.00271978,-3.44446
59.578,-0.3,-0.00322344,-3.44446
59.58,-0.3,-0.00362637,-3.48336
59.582,-0.3,-0.00292125,-3.48336
59.584,-0.3,-0.00352564,-3.50524
59.586,-0.3,-0.00342491,-3.50524
59.588,-0.3,-0.00302198,-3.5157
59.59,-0.3,-0.00261905,-3.47379
59.592,-0.3,-0.00322344,-3.47379
59.594,-0.3,-0.00352564,-3.4126
59.596,-0.3,-0.00362637,-3.4126
59.598,-0.3,-0.00372711,-3.35282
59.6,-0.3,-0.00342491,-3.35282
59.602,-0.3,-0.00251832,-3.31059
59.604,-0.3,-0.00312271,-3.31059
59.606,-0.3,-0.00392857,-3.28623
59.608,-0.3,-0.0043315,-3.28623
59.61,-0.3,-0.00332418,-3.26574
59.612,-0.3,-0.00372711,-3.26574
59.614,-0.3,-0.00413004,-3.24933
59.616,-0.3,-0.00392857,-3.23754
59.618,-0.3,-0.00392857,-3.23754
59.62,-0.3,-0.00382784,-3.23059
59.622,-0.3,-0.00413004,-3.23059
59.624,-0.3,-0.00392857,-3.22348
59.626,-0.3,-0.00392857,-3.22348
59.628,-0.3,-0.00382784,-3.22638
59.63,-0.3,-0.00372711,-3.22638
59.632,-0.3,-0.00382784,-3.22057
59.634,-0.3,-0.00423077,-3.22057
59.636,-0.3,-0.00382784,-3.21397
59.638,-0.3,-0.00362637,-3.21397
59.64,-0.3,-0.00362637,-3.20902
59.642,-0.3,-0.00413004,-3.20902
59.644,-0.3,-0.00382784,-3.21887
59.646,-0.3,-0.00322344,-3.21887
59.648,-0.3,-0.0040293,-3.22856
59.65,-0.3,-0.00352564,-3.22856
59.652,-0.3,-0.00292125,-3.24414
59.654,-0.3,-0.00392857,-3.26097
59.656,-0.3,-0.0040293,-3.26097
59.658,-0.3,-0.00261905,-3.28781
59.66,-0.3,-0.00332418,-3.28781
59.662,-0.3,-0.00261905,-3.31223
59.664,-0.3,-0.00392857,-3.31223
59.666,-0.3,-0.00322344,-3.34736
59.668,-0.3,-0.00352564,-3.34736
59.67,-0.3,-0.00312271,-3.37715
59.672,-0.3,-0.00282051,-3.37715
59.674,-0.3,-0.00322344,-3.40964
59.676,-0.3,-0.00362637,-3.44091
59.678,-0.3,-0.00372711,-3.44091
59.68,-0.3,-0.00352564,-3.36361
59.682,-0.3,-0.00382784,-3.36361
59.684,-0.3,-0.00332418,-3.30415
59.686,-0.3,-0.00392857,-3.30415
59.688,-0.3,-0.00392857,-3.25256
59.69,-0.3,-0.00352564,-3.25256
59.692,-0.3,-0.00282051,-3.22301
59.694,-0.3,-0.0043315,-3.22301
59.696,-0.3,-0.0043315,-3.19379
59.698,-0.3,-0.00312271,-3.19379
59.7,-0.3,-0.00443223,-3.17298
59.702,-0.3,-0.00352564,-3.17298
59.704,-0.3,-0.00362637,-3.16755
59.706,-0.3,-0.00372711,-3.16755
59.708,-0.3,-0.00392857,-3.16683
59.71,-0.3,-0.00453297,-3.16683
59.712,-0.3,-0.00362637,-3.1613
59.714,-0.3,-0.00413004,-3.1613
59.716,-0.3,-0.00362637,-3.1533
59.718,-0.3,-0.00352564,-3.1533
59.72,-0.3,-0.00382784,-3.14967
59.722,-0.3,-0.00392857,-3.15796
59.724,-0.3,-0.0040293,-3.15796
59.726,-0.3,-0.00413004,-3.14722
59.728,-0.3,-0.00292125,-3.14722
59.73,-0.3,-0.0040293,-3.15195
59.732,-0.3,-0.00423077,-3.15195
59.734,-0.3,-0.0040293,-3.17391
59.736,-0.3,-0.00413004,-3.17391
59.738,-0.3,-0.00372711,-3.17293
59.74,-0.3,-0.00413004,-3.17293
59.742,-0.3,-0.00352564,-3.17577
59.744,-0.3,-0.00382784,-3.17577
59.746,-0.3,-0.00332418,-3.19648
59.748,-0.3,-0.0040293,-3.19648
59.75,-0.3,-0.00312271,-3.2138
59.752,-0.3,-0.00443223,-3.2138
59.754,-0.3,-0.00382784,-3.23242
59.756,-0.3,-0.00372711,-3.23242
59.758,-0.3,-0.00352564,-3.257
59.76,-0.3,-0.00372711,-3.257
59.762,-0.3,-0.00372711,-3.28256
59.764,-0.3,-0.00342491,-3.28715
59.766,-0.3,-0.0040293,-3.28715
59.768,-0.3,-0.00443223,-3.21516
59.77,-0.3,-0.00382784,-3.21516
59.772,-0.3,-0.00392857,-3.14794
59.774,-0.3,-0.0040293,-3.14794
59.776,-0.3,-0.00362637,-3.09729
59.778,-0.3,-0.00392857,-3.09729
59.78,-0.3,-0.0046337,-3.07193
59.782,-0.3,-0.00423077,-3.07193
59.784,-0.3,-0.00382784,-3.0457
59.786,-0.3,-0.00392857,-3.0457
59.788,-0.3,-0.00423077,-3.02315
59.79,-0.3,-0.00413004,-3.02315
59.792,-0.3,-0.00413004,-3.00336
59.794,-0.3,-0.00443223,-3.00336
59.796,-0.3,-0.0046337,-3.00336
59.798,-0.3,-0.00423077,-2.99353
59.8,-0.3,-0.0049359,-2.99353
59.802,-0.3,-0.0046337,-2.98728
59.804,-0.3,-0.0046337,-2.98728
59.806,-0.3,-0.00423077,-2.99067
59.808,-0.3,-0.00392857,-2.99067
59.81,-0.3,-0.00533883,-3.00001
59.812,-0.3,-0.00443223,-3.00001
59.814,-0.3,-0.0043315,-3.00629
59.816,-0.3,-0.00423077,-3.00629
59.818,-0.3,-0.00423077,-3.00953
59.82,-0.3,-0.0049359,-3.00953
59.822,-0.3,-0.00302198,-3.02178
59.824,-0.3,-0.00362637,-3.02178
59.826,-0.3,-0.00453297,-3.00134
59.828,-0.3,-0.00392857,-3.00134
59.83,-0.3,-0.00382784,-3.03636
59.832,-0.3,-0.0043315,-3.03636
59.834,-0.3,-0.00392857,-3.06154
59.836,-0.3,-0.00423077,-3.06154
59.838,-0.3,-0.00362637,-3.0432
59.84,-0.3,-0.0043315,-3.0432
59.842,-0.3,-0.00352564,-3.08151
59.844,-0.3,-0.00382784,-3.08151
59.846,-0.3,-0.00453297,-3.11158
59.848,-0.3,-0.00372711,-3.11158
59.85,-0.3,-0.00372711,-3.13496
59.852,-0.3,-0.0046337,-3.13496
59.854,-0.3,-0.00382784,-3.17501
59.856,-0.3,-0.00453297,-3.17501
59.858,-0.3,-0.0043315,-3.16893
59.86,-0.3,-0.0040293,-3.16893
59.862,-0.3,-0.0040293,-3.08441
59.864,-0.3,-0.00392857,-3.08441
59.866,-0.3,-0.0046337,-3.04967
59.868,-0.3,-0.00413004,-3.04967
59.87,-0.3,-0.0043315,-2.99096
59.872,-0.3,-0.0052381,-2.99096
59.874,-0.3,-0.00483516,-2.96547
59.876,-0.3,-0.0040293,-2.96547
59.878,-0.3,-0.00423077,-2.98093
59.88,-0.3,-0.00382784,-2.98093
59.882,-0.3,-0.00413004,-2.97386
59.884,-0.3,-0.0046337,-2.97386
59.886,-0.3,-0.00473443,-2.98462
59.888,-0.3,-0.00413004,-2.98462
59.89,-0.3,-0.00423077,-2.97157
59.892,-0.3,-0.0043315,-2.97157
59.894,-0.3,-0.00362637,-2.95537
59.896,-0.3,-0.00382784,-2.95537
59.898,-0.3,-0.00453297,-2.97433
59.9,-0.3,-0.00392857,-2.97433
59.902,-0.3,-0.00413004,-2.99652
59.904,-0.3,-0.0043315,-2.99652
59.906,-0.3,-0.00453297,-2.99338
59.908,-0.3,-0.0043315,-2.99338
59.91,-0.3,-0.0040293,-3.02079
59.912,-0.3,-0.00423077,-3.02079
59.914,-0.3,-0.00392857,-3.04497
59.916,-0.3,-0.00342491,-3.04497
59.918,-0.3,-0.00423077,-3.05256
59.92,-0.3,-0.00453297,-3.05256
59.922,-0.3,-0.00332418,-3.07984
59.924,-0.3,-0.00392857,-3.07984
59.926,-0.3,-0.00382784,-3.11267
59.928,-0.3,-0.00413004,-3.11267
59.93,-0.3,-0.00342491,-3.13453
59.932,-0.3,-0.00342491,-3.13453
59.934,-0.3,-0.00312271,-3.14395
59.936,-0.3,-0.00342491,-3.14395
59.938,-0.3,-0.00382784,-3.17936
59.94,-0.3,-0.00423077,-3.17936
59.942,-0.3,-0.00382784,-3.19475
59.944,-0.3,-0.00342491,-3.19475
59.946,-0.3,-0.0040293,-3.20556
59.948,-0.3,-0.00413004,-3.20556
59.95,-0.3,-0.00392857,-3.2475
59.952,-0.3,-0.00382784,-3.2475
59.954,-0.3,-0.0046337,-3.26845
59.956,-0.3,-0.0043315,-3.26845
59.958,-0.3,-0.00342491,-3.19969
59.96,-0.3,-0.0043315,-3.19969
59.962,-0.3,-0.0043315,-3.15158
59.964,-0.3,-0.00362637,-3.13388
59.966,-0.3,-0.0040293,-3.13148
59.968,-0.3,-0.00342491,-3.11858
59.97,-0.3,-0.00443223,-3.11858
59.972,-0.3,-0.00423077,-3.11943
59.974,-0.3,-0.00372711,-3.11943
59.976,-0.3,-0.00382784,-3.1215
59.978,-0.3,-0.00382784,-3.1215
59.98,-0.3,-0.00382784,-3.1208
59.982,-0.3,-0.00382784,-3.1208
59.984,-0.3,-0.00362637,-3.13179
59.986,-0.3,-0.0040293,-3.13179
59.988,-0.3,-0.00413004,-3.146
59.99,-0.3,-0.00342491,-3.146
59.992,-0.3,-0.00423077,-3.14429
59.994,-0.3,-0.00413004,-3.14429
59.996,-0.3,-0.00382784,-3.14385
59.998,-0.3,-0.00332418,-3.14385
60,-0.2,-0.00362637,-3.15443
