"Time","data"
0,0
0.002,0
0.004,0
0.006,0
0.008,0
0.01,0
0.012,0
0.014,0
0.016,0
0.018,0
0.02,0
0.022,0
0.024,0
0.026,0
0.028,0
0.03,0
0.032,0
0.034,0
0.036,0
0.038,0
0.04,0
0.042,0
0.044,0
0.046,0
0.048,0
0.05,0
0.052,0
0.054,0
0.056,0
0.058,0
0.06,0
0.062,0
0.064,0
0.066,0
0.068,0
0.07,0
0.072,0
0.074,0
0.076,0
0.078,0
0.08,0
0.082,0
0.084,0
0.086,0
0.088,0
0.09,0
0.092,0
0.094,0
0.096,0
0.098,0
0.1,0
0.102,0
0.104,0
0.106,0
0.108,0
0.11,0
0.112,0
0.114,0
0.116,0
0.118,0
0.12,0
0.122,0
0.124,0
0.126,0
0.128,0
0.13,0
0.132,0
0.134,0
0.136,0
0.138,0
0.14,0
0.142,0
0.144,0
0.146,0
0.148,0
0.15,0
0.152,0
0.154,0
0.156,0
0.158,0
0.16,0
0.162,0
0.164,0
0.166,0
0.168,0
0.17,0
0.172,0
0.174,0
0.176,0
0.178,0
0.18,0
0.182,0
0.184,0
0.186,0
0.188,0
0.19,0
0.192,0
0.194,0
0.196,0
0.198,0
0.2,0
0.202,0
0.204,0
0.206,0
0.208,0
0.21,0
0.212,0
0.214,0
0.216,0
0.218,0
0.22,0
0.222,0
0.224,0
0.226,0
0.228,0
0.23,0
0.232,0
0.234,0
0.236,0
0.238,0
0.24,0
0.242,0
0.244,0
0.246,0
0.248,0
0.25,0
0.252,0
0.254,0
0.256,0
0.258,0
0.26,0
0.262,0
0.264,0
0.266,0
0.268,0
0.27,0
0.272,0
0.274,0
0.276,0
0.278,0
0.28,0
0.282,0
0.284,0
0.286,0
0.288,0
0.29,0
0.292,0
0.294,0
0.296,0
0.298,0
0.3,0
0.302,0
0.304,0
0.306,0
0.308,0
0.31,0
0.312,0
0.314,0
0.316,0
0.318,0
0.32,0
0.322,0
0.324,0
0.326,0
0.328,0
0.33,0
0.332,0
0.334,0
0.336,0
0.338,0
0.34,0
0.342,0
0.344,0
0.346,0
0.348,0
0.35,0
0.352,0
0.354,0
0.356,0
0.358,0
0.36,0
0.362,0
0.364,0
0.366,0
0.368,0
0.37,0
0.372,0
0.374,0
0.376,0
0.378,0
0.38,0
0.382,0
0.384,0
0.386,0
0.388,0
0.39,0
0.392,0
0.394,0
0.396,0
0.398,0
0.4,0
0.402,0
0.404,0
0.406,0
0.408,0
0.41,0
0.412,0
0.414,0
0.416,0
0.418,0
0.42,0
0.422,0
0.424,0
0.426,0
0.428,0
0.43,0
0.432,0
0.434,0
0.436,0
0.438,0
0.44,0
0.442,0
0.444,0
0.446,0
0.448,0
0.45,0
0.452,0
0.454,0
0.456,0
0.458,0
0.46,0
0.462,0
0.464,0
0.466,0
0.468,0
0.47,0
0.472,0
0.474,0
0.476,0
0.478,0
0.48,0
0.482,0
0.484,0
0.486,0
0.488,0
0.49,0
0.492,0
0.494,0
0.496,0
0.498,0
0.5,0
0.502,0
0.504,-0.00306796
0.506,-0.00306796
0.508,-0.00306796
0.51,-0.00306796
0.512,-0.00306796
0.514,-0.00306796
0.516,-0.00306796
0.518,-0.00306796
0.52,-0.00306796
0.522,-0.00306796
0.524,-0.00306796
0.526,-0.00306796
0.528,-0.00306796
0.53,-0.00306796
0.532,-0.00306796
0.534,-0.00306796
0.536,-0.00306796
0.538,-0.00306796
0.54,-0.00306796
0.542,-0.00306796
0.544,-0.00306796
0.546,-0.00306796
0.548,-0.00306796
0.55,-0.00306796
0.552,-0.00306796
0.554,-0.00306796
0.556,-0.00306796
0.558,-0.00306796
0.56,-0.00306796
0.562,-0.00306796
0.564,-0.00306796
0.566,-0.00306796
0.568,-0.00306796
0.57,-0.00306796
0.572,-0.00306796
0.574,-0.00306796
0.576,-0.00306796
0.578,-0.00306796
0.58,-0.00306796
0.582,-0.00306796
0.584,-0.00306796
0.586,-0.00306796
0.588,-0.00306796
0.59,-0.00306796
0.592,-0.00306796
0.594,-0.00306796
0.596,-0.00306796
0.598,-0.00306796
0.6,-0.00306796
0.602,-0.00306796
0.604,-0.00306796
0.606,-0.00306796
0.608,-0.00306796
0.61,-0.00306796
0.612,-0.00306796
0.614,-0.00306796
0.616,-0.00306796
0.618,-0.00306796
0.62,-0.00306796
0.622,-0.00306796
0.624,-0.00306796
0.626,-0.00306796
0.628,-0.00306796
0.63,-0.00306796
0.632,-0.00306796
0.634,-0.00306796
0.636,-0.00306796
0.638,-0.00306796
0.64,-0.00306796
0.642,-0.00306796
0.644,-0.00306796
0.646,-0.00306796
0.648,-0.00306796
0.65,-0.00306796
0.652,-0.00306796
0.654,-0.00306796
0.656,-0.00306796
0.658,-0.00306796
0.66,-0.00306796
0.662,-0.00306796
0.664,-0.00306796
0.666,-0.00306796
0.668,-0.00306796
0.67,-0.00306796
0.672,-0.00306796
0.674,-0.00306796
0.676,-0.00306796
0.678,-0.00306796
0.68,-0.00306796
0.682,-0.00306796
0.684,-0.00306796
0.686,-0.00306796
0.688,-0.00306796
0.69,-0.00306796
0.692,-0.00306796
0.694,-0.00306796
0.696,-0.00306796
0.698,-0.00306796
0.7,-0.00306796
0.702,-0.00306796
0.704,-0.00306796
0.706,-0.00306796
0.708,-0.00306796
0.71,-0.00306796
0.712,-0.00306796
0.714,-0.00306796
0.716,-0.00306796
0.718,-0.00306796
0.72,-0.00306796
0.722,-0.00306796
0.724,-0.00306796
0.726,-0.00306796
0.728,-0.00306796
0.73,-0.00306796
0.732,-0.00306796
0.734,-0.00306796
0.736,-0.00306796
0.738,-0.00306796
0.74,-0.00306796
0.742,-0.00306796
0.744,-0.00306796
0.746,-0.00306796
0.748,-0.00306796
0.75,-0.00306796
0.752,-0.00306796
0.754,-0.00306796
0.756,-0.00306796
0.758,-0.00306796
0.76,-0.00306796
0.762,-0.00306796
0.764,-0.00306796
0.766,-0.00306796
0.768,-0.00306796
0.77,-0.00306796
0.772,-0.00306796
0.774,-0.00306796
0.776,-0.00306796
0.778,-0.00306796
0.78,-0.00306796
0.782,-0.00306796
0.784,-0.00306796
0.786,-0.00306796
0.788,-0.00306796
0.79,-0.00306796
0.792,-0.00306796
0.794,-0.00306796
0.796,-0.00306796
0.798,-0.00306796
0.8,-0.00306796
0.802,-0.00306796
0.804,-0.00306796
0.806,-0.00306796
0.808,-0.00306796
0.81,-0.00306796
0.812,-0.00306796
0.814,-0.00306796
0.816,-0.00306796
0.818,-0.00306796
0.82,-0.00306796
0.822,-0.00306796
0.824,-0.00306796
0.826,-0.00306796
0.828,-0.00306796
0.83,-0.00306796
0.832,-0.00306796
0.834,-0.00306796
0.836,-0.00306796
0.838,-0.00306796
0.84,-0.00306796
0.842,-0.00306796
0.844,-0.00306796
0.846,-0.00306796
0.848,-0.00306796
0.85,-0.00306796
0.852,-0.00306796
0.854,-0.00306796
0.856,-0.00306796
0.858,-0.00306796
0.86,-0.00306796
0.862,-0.00306796
0.864,-0.00306796
0.866,-0.00306796
0.868,-0.00306796
0.87,-0.00306796
0.872,-0.00306796
0.874,-0.00306796
0.876,-0.00306796
0.878,-0.00306796
0.88,-0.00306796
0.882,-0.00306796
0.884,-0.00306796
0.886,-0.00306796
0.888,-0.00306796
0.89,-0.00306796
0.892,-0.00306796
0.894,-0.00306796
0.896,-0.00306796
0.898,-0.00306796
0.9,-0.00306796
0.902,-0.00306796
0.904,-0.00306796
0.906,-0.00306796
0.908,-0.00306796
0.91,-0.00306796
0.912,-0.00306796
0.914,-0.00306796
0.916,-0.00306796
0.918,-0.00306796
0.92,-0.00306796
0.922,-0.00306796
0.924,-0.00306796
0.926,-0.00306796
0.928,-0.00306796
0.93,-0.00306796
0.932,-0.00306796
0.934,-0.00306796
0.936,-0.00306796
0.938,-0.00306796
0.94,-0.00306796
0.942,-0.00306796
0.944,-0.00306796
0.946,-0.00306796
0.948,-0.00306796
0.95,-0.00306796
0.952,-0.00306796
0.954,-0.00306796
0.956,-0.00306796
0.958,-0.00306796
0.96,-0.00306796
0.962,-0.00306796
0.964,-0.00306796
0.966,-0.00306796
0.968,-0.00306796
0.97,-0.00306796
0.972,-0.00306796
0.974,-0.00306796
0.976,-0.00306796
0.978,-0.00306796
0.98,-0.00306796
0.982,-0.00306796
0.984,-0.00306796
0.986,-0.00306796
0.988,-0.00306796
0.99,-0.00306796
0.992,-0.00306796
0.994,-0.00306796
0.996,-0.00306796
0.998,-0.00306796
1,-0.00306796
1.002,-0.00306796
1.004,-0.00306796
1.006,-0.00306796
1.008,-0.00306796
1.01,-0.00306796
1.012,-0.00306796
1.014,-0.00306796
1.016,-0.00306796
1.018,-0.00306796
1.02,-0.00306796
1.022,-0.00306796
1.024,-0.00306796
1.026,-0.00306796
1.028,-0.00306796
1.03,-0.00306796
1.032,-0.00306796
1.034,-0.00306796
1.036,-0.00306796
1.038,-0.00306796
1.04,-0.00306796
1.042,-0.00306796
1.044,-0.00306796
1.046,-0.00306796
1.048,-0.00306796
1.05,-0.00306796
1.052,-0.00306796
1.054,-0.00306796
1.056,-0.00306796
1.058,-0.00306796
1.06,-0.00306796
1.062,-0.00306796
1.064,-0.00306796
1.066,-0.00306796
1.068,-0.00306796
1.07,-0.00306796
1.072,-0.00306796
1.074,-0.00306796
1.076,-0.00306796
1.078,-0.00306796
1.08,-0.00306796
1.082,-0.00306796
1.084,-0.00306796
1.086,-0.00306796
1.088,-0.00306796
1.09,-0.00306796
1.092,-0.00306796
1.094,-0.00306796
1.096,-0.00306796
1.098,-0.00306796
1.1,-0.00306796
1.102,-0.00306796
1.104,-0.00306796
1.106,-0.00306796
1.108,-0.00306796
1.11,-0.00306796
1.112,-0.00306796
1.114,-0.00306796
1.116,-0.00306796
1.118,-0.00306796
1.12,-0.00306796
1.122,-0.00306796
1.124,-0.00306796
1.126,-0.00306796
1.128,-0.00306796
1.13,-0.00306796
1.132,-0.00306796
1.134,-0.00306796
1.136,-0.00306796
1.138,-0.00306796
1.14,-0.00306796
1.142,-0.00306796
1.144,-0.00306796
1.146,-0.00306796
1.148,-0.00306796
1.15,-0.00306796
1.152,-0.00306796
1.154,-0.00306796
1.156,-0.00306796
1.158,-0.00306796
1.16,-0.00306796
1.162,-0.00306796
1.164,-0.00306796
1.166,-0.00306796
1.168,-0.00306796
1.17,-0.00306796
1.172,-0.00306796
1.174,-0.00306796
1.176,-0.00306796
1.178,-0.00306796
1.18,-0.00306796
1.182,-0.00306796
1.184,-0.00306796
1.186,-0.00306796
1.188,-0.00306796
1.19,-0.00306796
1.192,-0.00306796
1.194,-0.00306796
1.196,-0.00306796
1.198,-0.00306796
1.2,-0.00306796
1.202,-0.00306796
1.204,-0.00306796
1.206,-0.00306796
1.208,-0.00306796
1.21,-0.00306796
1.212,-0.00306796
1.214,-0.00306796
1.216,-0.00306796
1.218,-0.00306796
1.22,-0.00306796
1.222,-0.00306796
1.224,-0.00306796
1.226,-0.00306796
1.228,-0.00306796
1.23,-0.00306796
1.232,-0.00306796
1.234,-0.00306796
1.236,-0.00306796
1.238,-0.00306796
1.24,-0.00306796
1.242,-0.00306796
1.244,-0.00306796
1.246,-0.00306796
1.248,-0.00306796
1.25,-0.00306796
1.252,-0.00306796
1.254,-0.00306796
1.256,-0.00306796
1.258,-0.00306796
1.26,-0.00306796
1.262,-0.00306796
1.264,-0.00306796
1.266,-0.00306796
1.268,-0.00306796
1.27,-0.00306796
1.272,-0.00306796
1.274,-0.00306796
1.276,-0.00306796
1.278,-0.00306796
1.28,-0.00306796
1.282,-0.00306796
1.284,-0.00306796
1.286,-0.00306796
1.288,-0.00306796
1.29,-0.00306796
1.292,-0.00306796
1.294,-0.00306796
1.296,-0.00306796
1.298,-0.00306796
1.3,-0.00306796
1.302,-0.00306796
1.304,-0.00306796
1.306,-0.00306796
1.308,-0.00306796
1.31,-0.00306796
1.312,-0.00306796
1.314,-0.00306796
1.316,-0.00306796
1.318,-0.00306796
1.32,-0.00306796
1.322,-0.00306796
1.324,-0.00306796
1.326,-0.00306796
1.328,-0.00306796
1.33,-0.00306796
1.332,-0.00306796
1.334,-0.00306796
1.336,-0.00306796
1.338,-0.00306796
1.34,-0.00306796
1.342,-0.00306796
1.344,-0.00306796
1.346,-0.00306796
1.348,-0.00306796
1.35,-0.00306796
1.352,-0.00306796
1.354,-0.00306796
1.356,-0.00306796
1.358,-0.00306796
1.36,-0.00306796
1.362,-0.00306796
1.364,-0.00306796
1.366,-0.00306796
1.368,-0.00306796
1.37,-0.00306796
1.372,-0.00306796
1.374,-0.00306796
1.376,-0.00306796
1.378,-0.00306796
1.38,-0.00306796
1.382,-0.00306796
1.384,-0.00306796
1.386,-0.00306796
1.388,-0.00306796
1.39,-0.00306796
1.392,-0.00306796
1.394,-0.00306796
1.396,-0.00306796
1.398,-0.00306796
1.4,-0.00306796
1.402,-0.00306796
1.404,-0.00306796
1.406,-0.00306796
1.408,-0.00306796
1.41,-0.00306796
1.412,-0.00306796
1.414,-0.00306796
1.416,-0.00306796
1.418,-0.00306796
1.42,-0.00306796
1.422,-0.00306796
1.424,-0.00306796
1.426,-0.00306796
1.428,-0.00306796
1.43,-0.00306796
1.432,-0.00306796
1.434,-0.00306796
1.436,-0.00306796
1.438,-0.00306796
1.44,-0.00306796
1.442,-0.00306796
1.444,-0.00306796
1.446,-0.00306796
1.448,-0.00306796
1.45,-0.00306796
1.452,-0.00306796
1.454,-0.00306796
1.456,-0.00306796
1.458,-0.00306796
1.46,-0.00306796
1.462,-0.00306796
1.464,-0.00306796
1.466,-0.00306796
1.468,-0.00306796
1.47,-0.00306796
1.472,-0.00306796
1.474,-0.00306796
1.476,-0.00306796
1.478,-0.00306796
1.48,-0.00306796
1.482,-0.00306796
1.484,-0.00306796
1.486,-0.00306796
1.488,-0.00306796
1.49,-0.00306796
1.492,-0.00306796
1.494,-0.00306796
1.496,-0.00306796
1.498,-0.00306796
1.5,-0.00306796
1.502,-0.00306796
1.504,-0.00306796
1.506,0
1.508,0
1.51,0
1.512,0
1.514,0.00306796
1.516,0.00306796
1.518,0.00306796
1.52,0.00613592
1.522,0.00613592
1.524,0.00920388
1.526,0.00920388
1.528,0.0122718
1.53,0.0122718
1.532,0.0153398
1.534,0.0153398
1.536,0.0184078
1.538,0.0184078
1.54,0.0214757
1.542,0.0245437
1.544,0.0245437
1.546,0.0276117
1.548,0.0276117
1.55,0.0306796
1.552,0.0337476
1.554,0.0337476
1.556,0.0368155
1.558,0.0368155
1.56,0.0398835
1.562,0.0429515
1.564,0.0429515
1.566,0.0460194
1.568,0.0460194
1.57,0.0490874
1.572,0.0521553
1.574,0.0521553
1.576,0.0552233
1.578,0.0552233
1.58,0.0582913
1.582,0.0582913
1.584,0.0613592
1.586,0.0613592
1.588,0.0644272
1.59,0.0674952
1.592,0.0674952
1.594,0.0674952
1.596,0.0705631
1.598,0.0705631
1.6,0.0736311
1.602,0.0736311
1.604,0.076699
1.606,0.076699
1.608,0.079767
1.61,0.079767
1.612,0.082835
1.614,0.082835
1.616,0.0859029
1.618,0.0859029
1.62,0.0889709
1.622,0.0889709
1.624,0.0920388
1.626,0.0920388
1.628,0.0951068
1.63,0.0951068
1.632,0.0981748
1.634,0.101243
1.636,0.101243
1.638,0.104311
1.64,0.104311
1.642,0.107379
1.644,0.107379
1.646,0.110447
1.648,0.113515
1.65,0.113515
1.652,0.116583
1.654,0.119651
1.656,0.119651
1.658,0.122718
1.66,0.125786
1.662,0.125786
1.664,0.128854
1.666,0.131922
1.668,0.131922
1.67,0.13499
1.672,0.138058
1.674,0.138058
1.676,0.141126
1.678,0.144194
1.68,0.144194
1.682,0.147262
1.684,0.15033
1.686,0.153398
1.688,0.153398
1.69,0.156466
1.692,0.159534
1.694,0.159534
1.696,0.162602
1.698,0.16567
1.7,0.16567
1.702,0.168738
1.704,0.171806
1.706,0.174874
1.708,0.177942
1.71,0.177942
1.712,0.18101
1.714,0.184078
1.716,0.184078
1.718,0.187146
1.72,0.190214
1.722,0.193282
1.724,0.193282
1.726,0.19635
1.728,0.199418
1.73,0.199418
1.732,0.202485
1.734,0.205553
1.736,0.205553
1.738,0.208621
1.74,0.211689
1.742,0.214757
1.744,0.214757
1.746,0.217825
1.748,0.220893
1.75,0.220893
1.752,0.223961
1.754,0.227029
1.756,0.227029
1.758,0.230097
1.76,0.233165
1.762,0.236233
1.764,0.236233
1.766,0.239301
1.768,0.242369
1.77,0.242369
1.772,0.245437
1.774,0.248505
1.776,0.251573
1.778,0.251573
1.78,0.254641
1.782,0.257709
1.784,0.260777
1.786,0.260777
1.788,0.263845
1.79,0.266913
1.792,0.269981
1.794,0.273049
1.796,0.273049
1.798,0.276117
1.8,0.279185
1.802,0.282252
1.804,0.28532
1.806,0.28532
1.808,0.288388
1.81,0.291456
1.812,0.294524
1.814,0.297592
1.816,0.30066
1.818,0.303728
1.82,0.303728
1.822,0.306796
1.824,0.309864
1.826,0.312932
1.828,0.316
1.83,0.319068
1.832,0.322136
1.834,0.325204
1.836,0.328272
1.838,0.33134
1.84,0.334408
1.842,0.334408
1.844,0.337476
1.846,0.340544
1.848,0.343612
1.85,0.34668
1.852,0.349748
1.854,0.352816
1.856,0.355884
1.858,0.358952
1.86,0.358952
1.862,0.362019
1.864,0.365087
1.866,0.368155
1.868,0.371223
1.87,0.374291
1.872,0.374291
1.874,0.377359
1.876,0.380427
1.878,0.383495
1.88,0.386563
1.882,0.389631
1.884,0.389631
1.886,0.392699
1.888,0.395767
1.89,0.398835
1.892,0.401903
1.894,0.401903
1.896,0.404971
1.898,0.408039
1.9,0.411107
1.902,0.411107
1.904,0.414175
1.906,0.417243
1.908,0.420311
1.91,0.423379
1.912,0.423379
1.914,0.426447
1.916,0.429515
1.918,0.432583
1.92,0.435651
1.922,0.435651
1.924,0.438719
1.926,0.441786
1.928,0.444854
1.93,0.444854
1.932,0.447922
1.934,0.45099
1.936,0.454058
1.938,0.457126
1.94,0.457126
1.942,0.460194
1.944,0.463262
1.946,0.46633
1.948,0.46633
1.95,0.469398
1.952,0.472466
1.954,0.475534
1.956,0.475534
1.958,0.478602
1.96,0.48167
1.962,0.484738
1.964,0.484738
1.966,0.487806
1.968,0.490874
1.97,0.493942
1.972,0.49701
1.974,0.49701
1.976,0.500078
1.978,0.503146
1.98,0.503146
1.982,0.506214
1.984,0.509282
1.986,0.509282
1.988,0.51235
1.99,0.515418
1.992,0.515418
1.994,0.518486
1.996,0.521553
1.998,0.521553
2,0.524621
2.002,0.524621
2.004,0.527689
2.006,0.530757
2.008,0.530757
2.01,0.533825
2.012,0.536893
2.014,0.536893
2.016,0.539961
2.018,0.543029
2.02,0.543029
2.022,0.546097
2.024,0.546097
2.026,0.549165
2.028,0.552233
2.03,0.555301
2.032,0.555301
2.034,0.558369
2.036,0.561437
2.038,0.561437
2.04,0.564505
2.042,0.567573
2.044,0.570641
2.046,0.570641
2.048,0.573709
2.05,0.576777
2.052,0.576777
2.054,0.579845
2.056,0.582913
2.058,0.585981
2.06,0.585981
2.062,0.589049
2.064,0.592117
2.066,0.595185
2.068,0.598253
2.07,0.598253
2.072,0.60132
2.074,0.604388
2.076,0.607456
2.078,0.610524
2.08,0.610524
2.082,0.613592
2.084,0.61666
2.086,0.619728
2.088,0.619728
2.09,0.622796
2.092,0.625864
2.094,0.628932
2.096,0.632
2.098,0.632
2.1,0.635068
2.102,0.638136
2.104,0.638136
2.106,0.641204
2.108,0.644272
2.11,0.644272
2.112,0.64734
2.114,0.650408
2.116,0.650408
2.118,0.653476
2.12,0.656544
2.122,0.656544
2.124,0.659612
2.126,0.659612
2.128,0.66268
2.13,0.66268
2.132,0.665748
2.134,0.665748
2.136,0.668816
2.138,0.668816
2.14,0.668816
2.142,0.671884
2.144,0.671884
2.146,0.674952
2.148,0.674952
2.15,0.67802
2.152,0.67802
2.154,0.681087
2.156,0.681087
2.158,0.684155
2.16,0.684155
2.162,0.687223
2.164,0.690291
2.166,0.690291
2.168,0.693359
2.17,0.696427
2.172,0.696427
2.174,0.699495
2.176,0.702563
2.178,0.705631
2.18,0.705631
2.182,0.708699
2.184,0.711767
2.186,0.714835
2.188,0.717903
2.19,0.720971
2.192,0.720971
2.194,0.724039
2.196,0.727107
2.198,0.730175
2.2,0.733243
2.202,0.733243
2.204,0.736311
2.206,0.739379
2.208,0.742447
2.21,0.745515
2.212,0.745515
2.214,0.748583
2.216,0.751651
2.218,0.754719
2.22,0.757787
2.222,0.757787
2.224,0.760854
2.226,0.763922
2.228,0.763922
2.23,0.76699
2.232,0.770058
2.234,0.770058
2.236,0.773126
2.238,0.773126
2.24,0.776194
2.242,0.779262
2.244,0.779262
2.246,0.78233
2.248,0.78233
2.25,0.785398
2.252,0.785398
2.254,0.788466
2.256,0.791534
2.258,0.791534
2.26,0.794602
2.262,0.794602
2.264,0.79767
2.266,0.800738
2.268,0.800738
2.27,0.803806
2.272,0.803806
2.274,0.806874
2.276,0.809942
2.278,0.809942
2.28,0.81301
2.282,0.816078
2.284,0.816078
2.286,0.819146
2.288,0.822214
2.29,0.822214
2.292,0.825282
2.294,0.82835
2.296,0.831418
2.298,0.831418
2.3,0.834486
2.302,0.837554
2.304,0.837554
2.306,0.840621
2.308,0.843689
2.31,0.846757
2.312,0.846757
2.314,0.849825
2.316,0.852893
2.318,0.855961
2.32,0.859029
2.322,0.862097
2.324,0.865165
2.326,0.865165
2.328,0.868233
2.33,0.871301
2.332,0.871301
2.334,0.874369
2.336,0.877437
2.338,0.877437
2.34,0.880505
2.342,0.880505
2.344,0.883573
2.346,0.886641
2.348,0.886641
2.35,0.889709
2.352,0.889709
2.354,0.892777
2.356,0.892777
2.358,0.892777
2.36,0.895845
2.362,0.895845
2.364,0.898913
2.366,0.898913
2.368,0.901981
2.37,0.901981
2.372,0.905049
2.374,0.905049
2.376,0.908117
2.378,0.908117
2.38,0.911185
2.382,0.914253
2.384,0.914253
2.386,0.917321
2.388,0.917321
2.39,0.920388
2.392,0.920388
2.394,0.923456
2.396,0.926524
2.398,0.926524
2.4,0.929592
2.402,0.93266
2.404,0.93266
2.406,0.935728
2.408,0.938796
2.41,0.938796
2.412,0.941864
2.414,0.941864
2.416,0.944932
2.418,0.948
2.42,0.951068
2.422,0.951068
2.424,0.954136
2.426,0.957204
2.428,0.957204
2.43,0.960272
2.432,0.96334
2.434,0.96334
2.436,0.966408
2.438,0.969476
2.44,0.969476
2.442,0.972544
2.444,0.975612
2.446,0.97868
2.448,0.97868
2.45,0.981748
2.452,0.981748
2.454,0.984816
2.456,0.987884
2.458,0.987884
2.46,0.990952
2.462,0.990952
2.464,0.99402
2.466,0.99402
2.468,0.997088
2.47,0.997088
2.472,1.00016
2.474,1.00016
2.476,1.00322
2.478,1.00322
2.48,1.00322
2.482,1.00629
2.484,1.00629
2.486,1.00936
2.488,1.00936
2.49,1.01243
2.492,1.01243
2.494,1.0155
2.496,1.0155
2.498,1.01856
2.5,1.01856
2.502,1.02163
2.504,1.02163
2.506,1.0247
2.508,1.0247
2.51,1.02777
2.512,1.02777
2.514,1.03084
2.516,1.03084
2.518,1.0339
2.52,1.03697
2.522,1.03697
2.524,1.04004
2.526,1.04311
2.528,1.04311
2.53,1.04617
2.532,1.04924
2.534,1.04924
2.536,1.05231
2.538,1.05538
2.54,1.05538
2.542,1.05845
2.544,1.06151
2.546,1.06151
2.548,1.06458
2.55,1.06765
2.552,1.06765
2.554,1.07072
2.556,1.07379
2.558,1.07379
2.56,1.07685
2.562,1.07685
2.564,1.07992
2.566,1.07992
2.568,1.08299
2.57,1.08606
2.572,1.08606
2.574,1.08913
2.576,1.08913
2.578,1.09219
2.58,1.09219
2.582,1.09219
2.584,1.09526
2.586,1.09526
2.588,1.09833
2.59,1.09833
2.592,1.1014
2.594,1.1014
2.596,1.1014
2.598,1.10447
2.6,1.10447
2.602,1.10753
2.604,1.10753
2.606,1.1106
2.608,1.1106
2.61,1.1106
2.612,1.11367
2.614,1.11367
2.616,1.11674
2.618,1.11674
2.62,1.11981
2.622,1.11981
2.624,1.12287
2.626,1.12287
2.628,1.12594
2.63,1.12594
2.632,1.12901
2.634,1.12901
2.636,1.13208
2.638,1.13208
2.64,1.13515
2.642,1.13515
2.644,1.13821
2.646,1.13821
2.648,1.14128
2.65,1.14128
2.652,1.14435
2.654,1.14435
2.656,1.14742
2.658,1.14742
2.66,1.15049
2.662,1.15049
2.664,1.15355
2.666,1.15355
2.668,1.15662
2.67,1.15662
2.672,1.15969
2.674,1.15969
2.676,1.16276
2.678,1.16276
2.68,1.16276
2.682,1.16583
2.684,1.16583
2.686,1.16889
2.688,1.16889
2.69,1.16889
2.692,1.17196
2.694,1.17196
2.696,1.17503
2.698,1.17503
2.7,1.17503
2.702,1.1781
2.704,1.1781
2.706,1.18117
2.708,1.18117
2.71,1.18423
2.712,1.18423
2.714,1.18423
2.716,1.1873
2.718,1.1873
2.72,1.19037
2.722,1.19037
2.724,1.19037
2.726,1.19344
2.728,1.19344
2.73,1.19651
2.732,1.19651
2.734,1.19957
2.736,1.19957
2.738,1.19957
2.74,1.20264
2.742,1.20264
2.744,1.20571
2.746,1.20571
2.748,1.20878
2.75,1.20878
2.752,1.21184
2.754,1.21184
2.756,1.21491
2.758,1.21491
2.76,1.21798
2.762,1.21798
2.764,1.22105
2.766,1.22105
2.768,1.22412
2.77,1.22412
2.772,1.22412
2.774,1.22718
2.776,1.22718
2.778,1.23025
2.78,1.23025
2.782,1.23332
2.784,1.23332
2.786,1.23332
2.788,1.23639
2.79,1.23639
2.792,1.23639
2.794,1.23946
2.796,1.23946
2.798,1.23946
2.8,1.24252
2.802,1.24252
2.804,1.24252
2.806,1.24559
2.808,1.24559
2.81,1.24559
2.812,1.24866
2.814,1.24866
2.816,1.24866
2.818,1.24866
2.82,1.25173
2.822,1.25173
2.824,1.25173
2.826,1.25173
2.828,1.2548
2.83,1.2548
2.832,1.2548
2.834,1.2548
2.836,1.25786
2.838,1.25786
2.84,1.25786
2.842,1.25786
2.844,1.26093
2.846,1.26093
2.848,1.26093
2.85,1.26093
2.852,1.264
2.854,1.264
2.856,1.264
2.858,1.26707
2.86,1.26707
2.862,1.26707
2.864,1.27014
2.866,1.27014
2.868,1.27014
2.87,1.27014
2.872,1.2732
2.874,1.2732
2.876,1.2732
2.878,1.2732
2.88,1.27627
2.882,1.27627
2.884,1.27627
2.886,1.27627
2.888,1.27934
2.89,1.27934
2.892,1.27934
2.894,1.27934
2.896,1.28241
2.898,1.28241
2.9,1.28241
2.902,1.28241
2.904,1.28241
2.906,1.28548
2.908,1.28548
2.91,1.28548
2.912,1.28548
2.914,1.28548
2.916,1.28854
2.918,1.28854
2.92,1.28854
2.922,1.28854
2.924,1.28854
2.926,1.29161
2.928,1.29161
2.93,1.29161
2.932,1.29161
2.934,1.29468
2.936,1.29468
2.938,1.29468
2.94,1.29468
2.942,1.29775
2.944,1.29775
2.946,1.29775
2.948,1.29775
2.95,1.30082
2.952,1.30082
2.954,1.30082
2.956,1.30082
2.958,1.30388
2.96,1.30388
2.962,1.30388
2.964,1.30388
2.966,1.30695
2.968,1.30695
2.97,1.30695
2.972,1.30695
2.974,1.31002
2.976,1.31002
2.978,1.31002
2.98,1.31002
2.982,1.31002
2.984,1.31309
2.986,1.31309
2.988,1.31309
2.99,1.31309
2.992,1.31309
2.994,1.31616
2.996,1.31616
2.998,1.31616
3,1.31616
3.002,1.31922
3.004,1.31922
3.006,1.31922
3.008,1.31922
3.01,1.32229
3.012,1.32229
3.014,1.32229
3.016,1.32229
3.018,1.32229
3.02,1.32536
3.022,1.32536
3.024,1.32536
3.026,1.32536
3.028,1.32536
3.03,1.32843
3.032,1.32843
3.034,1.32843
3.036,1.32843
3.038,1.3315
3.04,1.3315
3.042,1.3315
3.044,1.3315
3.046,1.3315
3.048,1.3315
3.05,1.33456
3.052,1.33456
3.054,1.33456
3.056,1.33456
3.058,1.33456
3.06,1.33456
3.062,1.33763
3.064,1.33763
3.066,1.33763
3.068,1.33763
3.07,1.33763
3.072,1.33763
3.074,1.33763
3.076,1.3407
3.078,1.3407
3.08,1.3407
3.082,1.3407
3.084,1.3407
3.086,1.3407
3.088,1.34377
3.09,1.34377
3.092,1.34377
3.094,1.34377
3.096,1.34377
3.098,1.34377
3.1,1.34377
3.102,1.34684
3.104,1.34684
3.106,1.34684
3.108,1.34684
3.11,1.34684
3.112,1.34684
3.114,1.34684
3.116,1.34684
3.118,1.34684
3.12,1.3499
3.122,1.3499
3.124,1.3499
3.126,1.3499
3.128,1.3499
3.13,1.3499
3.132,1.3499
3.134,1.3499
3.136,1.35297
3.138,1.35297
3.14,1.35297
3.142,1.35297
3.144,1.35297
3.146,1.35297
3.148,1.35297
3.15,1.35604
3.152,1.35604
3.154,1.35604
3.156,1.35604
3.158,1.35604
3.16,1.35604
3.162,1.35604
3.164,1.35604
3.166,1.35911
3.168,1.35911
3.17,1.35911
3.172,1.35911
3.174,1.35911
3.176,1.35911
3.178,1.35911
3.18,1.35911
3.182,1.35911
3.184,1.35911
3.186,1.36217
3.188,1.36217
3.19,1.36217
3.192,1.36217
3.194,1.36217
3.196,1.36217
3.198,1.36217
3.2,1.36524
3.202,1.36524
3.204,1.36524
3.206,1.36524
3.208,1.36524
3.21,1.36524
3.212,1.36831
3.214,1.36831
3.216,1.36831
3.218,1.36831
3.22,1.36831
3.222,1.36831
3.224,1.36831
3.226,1.37138
3.228,1.37138
3.23,1.37138
3.232,1.37138
3.234,1.37138
3.236,1.37138
3.238,1.37138
3.24,1.37445
3.242,1.37445
3.244,1.37445
3.246,1.37445
3.248,1.37445
3.25,1.37445
3.252,1.37445
3.254,1.37751
3.256,1.37751
3.258,1.37751
3.26,1.37751
3.262,1.37751
3.264,1.37751
3.266,1.37751
3.268,1.38058
3.27,1.38058
3.272,1.38058
3.274,1.38058
3.276,1.38058
3.278,1.38058
3.28,1.38058
3.282,1.38058
3.284,1.38058
3.286,1.38365
3.288,1.38365
3.29,1.38365
3.292,1.38365
3.294,1.38365
3.296,1.38365
3.298,1.38365
3.3,1.38365
3.302,1.38672
3.304,1.38672
3.306,1.38672
3.308,1.38672
3.31,1.38672
3.312,1.38672
3.314,1.38672
3.316,1.38672
3.318,1.38979
3.32,1.38979
3.322,1.38979
3.324,1.38979
3.326,1.38979
3.328,1.38979
3.33,1.38979
3.332,1.38979
3.334,1.39285
3.336,1.39285
3.338,1.39285
3.34,1.39285
3.342,1.39285
3.344,1.39285
3.346,1.39285
3.348,1.39592
3.35,1.39592
3.352,1.39592
3.354,1.39592
3.356,1.39592
3.358,1.39592
3.36,1.39592
3.362,1.39592
3.364,1.39899
3.366,1.39899
3.368,1.39899
3.37,1.39899
3.372,1.39899
3.374,1.39899
3.376,1.39899
3.378,1.40206
3.38,1.40206
3.382,1.40206
3.384,1.40206
3.386,1.40206
3.388,1.40206
3.39,1.40206
3.392,1.40513
3.394,1.40513
3.396,1.40513
3.398,1.40513
3.4,1.40513
3.402,1.40513
3.404,1.40513
3.406,1.40513
3.408,1.40513
3.41,1.40819
3.412,1.40819
3.414,1.40819
3.416,1.40819
3.418,1.40819
3.42,1.40819
3.422,1.40819
3.424,1.40819
3.426,1.40819
3.428,1.40819
3.43,1.41126
3.432,1.41126
3.434,1.41126
3.436,1.41126
3.438,1.41126
3.44,1.41126
3.442,1.41126
3.444,1.41126
3.446,1.41126
3.448,1.41433
3.45,1.41433
3.452,1.41433
3.454,1.41433
3.456,1.41433
3.458,1.41433
3.46,1.41433
3.462,1.4174
3.464,1.4174
3.466,1.4174
3.468,1.4174
3.47,1.4174
3.472,1.4174
3.474,1.4174
3.476,1.4174
3.478,1.4174
3.48,1.4174
3.482,1.4174
3.484,1.42047
3.486,1.42047
3.488,1.42047
3.49,1.42047
3.492,1.42047
3.494,1.42047
3.496,1.42047
3.498,1.42047
3.5,1.42047
3.502,1.42047
3.504,1.42047
3.506,1.42047
3.508,1.42047
3.51,1.42047
3.512,1.42047
3.514,1.42353
3.516,1.42353
3.518,1.42353
3.52,1.42353
3.522,1.42353
3.524,1.42353
3.526,1.42353
3.528,1.42353
3.53,1.42353
3.532,1.42353
3.534,1.42353
3.536,1.42353
3.538,1.42353
3.54,1.42353
3.542,1.42353
3.544,1.42353
3.546,1.4266
3.548,1.4266
3.55,1.4266
3.552,1.4266
3.554,1.4266
3.556,1.4266
3.558,1.4266
3.56,1.4266
3.562,1.4266
3.564,1.4266
3.566,1.4266
3.568,1.4266
3.57,1.4266
3.572,1.42967
3.574,1.42967
3.576,1.42967
3.578,1.42967
3.58,1.42967
3.582,1.42967
3.584,1.42967
3.586,1.42967
3.588,1.42967
3.59,1.42967
3.592,1.42967
3.594,1.42967
3.596,1.42967
3.598,1.43274
3.6,1.43274
3.602,1.43274
3.604,1.43274
3.606,1.43274
3.608,1.43274
3.61,1.43274
3.612,1.43274
3.614,1.43274
3.616,1.43274
3.618,1.43274
3.62,1.43274
3.622,1.43274
3.624,1.43274
3.626,1.43274
3.628,1.43274
3.63,1.43274
3.632,1.43274
3.634,1.43581
3.636,1.43581
3.638,1.43581
3.64,1.43581
3.642,1.43581
3.644,1.43581
3.646,1.43581
3.648,1.43581
3.65,1.43581
3.652,1.43581
3.654,1.43581
3.656,1.43581
3.658,1.43581
3.66,1.43887
3.662,1.43887
3.664,1.43887
3.666,1.43887
3.668,1.43887
3.67,1.43887
3.672,1.43887
3.674,1.43887
3.676,1.43887
3.678,1.43887
3.68,1.43887
3.682,1.44194
3.684,1.44194
3.686,1.44194
3.688,1.44194
3.69,1.44194
3.692,1.44194
3.694,1.44194
3.696,1.44194
3.698,1.44194
3.7,1.44194
3.702,1.44194
3.704,1.44194
3.706,1.44194
3.708,1.44194
3.71,1.44501
3.712,1.44501
3.714,1.44501
3.716,1.44501
3.718,1.44501
3.72,1.44501
3.722,1.44501
3.724,1.44501
3.726,1.44501
3.728,1.44501
3.73,1.44501
3.732,1.44501
3.734,1.44501
3.736,1.44501
3.738,1.44501
3.74,1.44501
3.742,1.44501
3.744,1.44501
3.746,1.44501
3.748,1.44501
3.75,1.44501
3.752,1.44808
3.754,1.44808
3.756,1.44808
3.758,1.44808
3.76,1.44808
3.762,1.44808
3.764,1.44808
3.766,1.44808
3.768,1.44808
3.77,1.44808
3.772,1.44808
3.774,1.44808
3.776,1.44808
3.778,1.44808
3.78,1.44808
3.782,1.44808
3.784,1.44808
3.786,1.44808
3.788,1.44808
3.79,1.44808
3.792,1.44808
3.794,1.44808
3.796,1.44808
3.798,1.44808
3.8,1.45115
3.802,1.45115
3.804,1.45115
3.806,1.45115
3.808,1.45115
3.81,1.45115
3.812,1.45115
3.814,1.45115
3.816,1.45115
3.818,1.45115
3.82,1.45115
3.822,1.45115
3.824,1.45115
3.826,1.45115
3.828,1.45115
3.83,1.45115
3.832,1.45115
3.834,1.45115
3.836,1.45115
3.838,1.45115
3.84,1.45115
3.842,1.45115
3.844,1.45115
3.846,1.45115
3.848,1.45115
3.85,1.45115
3.852,1.45115
3.854,1.45115
3.856,1.45115
3.858,1.45115
3.86,1.45421
3.862,1.45421
3.864,1.45421
3.866,1.45421
3.868,1.45421
3.87,1.45421
3.872,1.45421
3.874,1.45421
3.876,1.45421
3.878,1.45421
3.88,1.45421
3.882,1.45421
3.884,1.45421
3.886,1.45421
3.888,1.45421
3.89,1.45421
3.892,1.45421
3.894,1.45421
3.896,1.45421
3.898,1.45421
3.9,1.45728
3.902,1.45728
3.904,1.45728
3.906,1.45728
3.908,1.45728
3.91,1.45728
3.912,1.45728
3.914,1.45728
3.916,1.45728
3.918,1.45728
3.92,1.45728
3.922,1.45728
3.924,1.45728
3.926,1.45728
3.928,1.45728
3.93,1.45728
3.932,1.45728
3.934,1.45728
3.936,1.45728
3.938,1.46035
3.94,1.46035
3.942,1.46035
3.944,1.46035
3.946,1.46035
3.948,1.46035
3.95,1.46035
3.952,1.46035
3.954,1.46035
3.956,1.46035
3.958,1.46035
3.96,1.46035
3.962,1.46035
3.964,1.46035
3.966,1.46035
3.968,1.46035
3.97,1.46342
3.972,1.46342
3.974,1.46342
3.976,1.46342
3.978,1.46342
3.98,1.46342
3.982,1.46342
3.984,1.46342
3.986,1.46342
3.988,1.46342
3.99,1.46342
3.992,1.46342
3.994,1.46342
3.996,1.46342
3.998,1.46342
4,1.46342
4.002,1.46649
4.004,1.46649
4.006,1.46649
4.008,1.46649
4.01,1.46649
4.012,1.46649
4.014,1.46649
4.016,1.46649
4.018,1.46649
4.02,1.46649
4.022,1.46649
4.024,1.46649
4.026,1.46649
4.028,1.46649
4.03,1.46649
4.032,1.46649
4.034,1.46649
4.036,1.46649
4.038,1.46649
4.04,1.46649
4.042,1.46649
4.044,1.46649
4.046,1.46955
4.048,1.46955
4.05,1.46955
4.052,1.46955
4.054,1.46955
4.056,1.46955
4.058,1.46955
4.06,1.46955
4.062,1.46955
4.064,1.46955
4.066,1.46955
4.068,1.46955
4.07,1.46955
4.072,1.46955
4.074,1.46955
4.076,1.46955
4.078,1.46955
4.08,1.46955
4.082,1.47262
4.084,1.47262
4.086,1.47262
4.088,1.47262
4.09,1.47262
4.092,1.47262
4.094,1.47262
4.096,1.47262
4.098,1.47262
4.1,1.47262
4.102,1.47262
4.104,1.47262
4.106,1.47262
4.108,1.47262
4.11,1.47262
4.112,1.47262
4.114,1.47262
4.116,1.47569
4.118,1.47569
4.12,1.47569
4.122,1.47569
4.124,1.47569
4.126,1.47569
4.128,1.47569
4.13,1.47569
4.132,1.47569
4.134,1.47569
4.136,1.47569
4.138,1.47569
4.14,1.47569
4.142,1.47569
4.144,1.47569
4.146,1.47569
4.148,1.47569
4.15,1.47569
4.152,1.47876
4.154,1.47876
4.156,1.47876
4.158,1.47876
4.16,1.47876
4.162,1.47876
4.164,1.47876
4.166,1.47876
4.168,1.47876
4.17,1.47876
4.172,1.47876
4.174,1.47876
4.176,1.47876
4.178,1.47876
4.18,1.47876
4.182,1.47876
4.184,1.48183
4.186,1.48183
4.188,1.48183
4.19,1.48183
4.192,1.48183
4.194,1.48183
4.196,1.48183
4.198,1.48183
4.2,1.48183
4.202,1.48183
4.204,1.48183
4.206,1.48183
4.208,1.48183
4.21,1.48183
4.212,1.48183
4.214,1.48183
4.216,1.48183
4.218,1.48183
4.22,1.48183
4.222,1.48489
4.224,1.48489
4.226,1.48489
4.228,1.48489
4.23,1.48489
4.232,1.48489
4.234,1.48489
4.236,1.48489
4.238,1.48489
4.24,1.48489
4.242,1.48489
4.244,1.48489
4.246,1.48489
4.248,1.48489
4.25,1.48489
4.252,1.48489
4.254,1.48489
4.256,1.48489
4.258,1.48489
4.26,1.48489
4.262,1.48489
4.264,1.48796
4.266,1.48796
4.268,1.48796
4.27,1.48796
4.272,1.48796
4.274,1.48796
4.276,1.48796
4.278,1.48796
4.28,1.48796
4.282,1.48796
4.284,1.48796
4.286,1.48796
4.288,1.48796
4.29,1.48796
4.292,1.48796
4.294,1.48796
4.296,1.48796
4.298,1.49103
4.3,1.49103
4.302,1.49103
4.304,1.49103
4.306,1.49103
4.308,1.49103
4.31,1.49103
4.312,1.49103
4.314,1.49103
4.316,1.49103
4.318,1.49103
4.32,1.49103
4.322,1.49103
4.324,1.49103
4.326,1.4941
4.328,1.4941
4.33,1.4941
4.332,1.4941
4.334,1.4941
4.336,1.4941
4.338,1.4941
4.34,1.4941
4.342,1.4941
4.344,1.4941
4.346,1.4941
4.348,1.4941
4.35,1.4941
4.352,1.4941
4.354,1.4941
4.356,1.49717
4.358,1.49717
4.36,1.49717
4.362,1.49717
4.364,1.49717
4.366,1.49717
4.368,1.49717
4.37,1.49717
4.372,1.49717
4.374,1.49717
4.376,1.49717
4.378,1.49717
4.38,1.49717
4.382,1.49717
4.384,1.49717
4.386,1.49717
4.388,1.49717
4.39,1.49717
4.392,1.50023
4.394,1.50023
4.396,1.50023
4.398,1.50023
4.4,1.50023
4.402,1.50023
4.404,1.50023
4.406,1.50023
4.408,1.50023
4.41,1.50023
4.412,1.50023
4.414,1.50023
4.416,1.50023
4.418,1.50023
4.42,1.5033
4.422,1.5033
4.424,1.5033
4.426,1.5033
4.428,1.5033
4.43,1.5033
4.432,1.5033
4.434,1.5033
4.436,1.5033
4.438,1.5033
4.44,1.5033
4.442,1.5033
4.444,1.5033
4.446,1.5033
4.448,1.50637
4.45,1.50637
4.452,1.50637
4.454,1.50637
4.456,1.50637
4.458,1.50637
4.46,1.50637
4.462,1.50637
4.464,1.50637
4.466,1.50637
4.468,1.50637
4.47,1.50637
4.472,1.50637
4.474,1.50637
4.476,1.50637
4.478,1.50944
4.48,1.50944
4.482,1.50944
4.484,1.50944
4.486,1.50944
4.488,1.50944
4.49,1.50944
4.492,1.50944
4.494,1.50944
4.496,1.50944
4.498,1.50944
4.5,1.50944
4.502,1.50944
4.504,1.50944
4.506,1.50944
4.508,1.50944
4.51,1.51251
4.512,1.51251
4.514,1.51251
4.516,1.51251
4.518,1.51251
4.52,1.51251
4.522,1.51251
4.524,1.51251
4.526,1.51251
4.528,1.51251
4.53,1.51251
4.532,1.51251
4.534,1.51251
4.536,1.51251
4.538,1.51557
4.54,1.51557
4.542,1.51557
4.544,1.51557
4.546,1.51557
4.548,1.51557
4.55,1.51557
4.552,1.51557
4.554,1.51557
4.556,1.51557
4.558,1.51557
4.56,1.51557
4.562,1.51864
4.564,1.51864
4.566,1.51864
4.568,1.51864
4.57,1.51864
4.572,1.51864
4.574,1.51864
4.576,1.51864
4.578,1.51864
4.58,1.51864
4.582,1.51864
4.584,1.51864
4.586,1.51864
4.588,1.52171
4.59,1.52171
4.592,1.52171
4.594,1.52171
4.596,1.52171
4.598,1.52171
4.6,1.52171
4.602,1.52171
4.604,1.52171
4.606,1.52171
4.608,1.52171
4.61,1.52171
4.612,1.52171
4.614,1.52171
4.616,1.52478
4.618,1.52478
4.62,1.52478
4.622,1.52478
4.624,1.52478
4.626,1.52478
4.628,1.52478
4.63,1.52478
4.632,1.52478
4.634,1.52478
4.636,1.52478
4.638,1.52478
4.64,1.52478
4.642,1.52478
4.644,1.52478
4.646,1.52478
4.648,1.52784
4.65,1.52784
4.652,1.52784
4.654,1.52784
4.656,1.52784
4.658,1.52784
4.66,1.52784
4.662,1.52784
4.664,1.52784
4.666,1.52784
4.668,1.52784
4.67,1.52784
4.672,1.52784
4.674,1.52784
4.676,1.52784
4.678,1.52784
4.68,1.53091
4.682,1.53091
4.684,1.53091
4.686,1.53091
4.688,1.53091
4.69,1.53091
4.692,1.53091
4.694,1.53091
4.696,1.53091
4.698,1.53091
4.7,1.53091
4.702,1.53091
4.704,1.53091
4.706,1.53091
4.708,1.53091
4.71,1.53091
4.712,1.53091
4.714,1.53091
4.716,1.53398
4.718,1.53398
4.72,1.53398
4.722,1.53398
4.724,1.53398
4.726,1.53398
4.728,1.53398
4.73,1.53398
4.732,1.53398
4.734,1.53398
4.736,1.53398
4.738,1.53398
4.74,1.53398
4.742,1.53398
4.744,1.53398
4.746,1.53398
4.748,1.53398
4.75,1.53398
4.752,1.53398
4.754,1.53705
4.756,1.53705
4.758,1.53705
4.76,1.53705
4.762,1.53705
4.764,1.53705
4.766,1.53705
4.768,1.53705
4.77,1.53705
4.772,1.53705
4.774,1.53705
4.776,1.53705
4.778,1.53705
4.78,1.53705
4.782,1.53705
4.784,1.53705
4.786,1.54012
4.788,1.54012
4.79,1.54012
4.792,1.54012
4.794,1.54012
4.796,1.54012
4.798,1.54012
4.8,1.54012
4.802,1.54012
4.804,1.54012
4.806,1.54012
4.808,1.54012
4.81,1.54012
4.812,1.54012
4.814,1.54012
4.816,1.54318
4.818,1.54318
4.82,1.54318
4.822,1.54318
4.824,1.54318
4.826,1.54318
4.828,1.54318
4.83,1.54318
4.832,1.54318
4.834,1.54318
4.836,1.54318
4.838,1.54318
4.84,1.54318
4.842,1.54318
4.844,1.54318
4.846,1.54318
4.848,1.54318
4.85,1.54318
4.852,1.54318
4.854,1.54318
4.856,1.54625
4.858,1.54625
4.86,1.54625
4.862,1.54625
4.864,1.54625
4.866,1.54625
4.868,1.54625
4.87,1.54625
4.872,1.54625
4.874,1.54625
4.876,1.54625
4.878,1.54625
4.88,1.54625
4.882,1.54625
4.884,1.54625
4.886,1.54625
4.888,1.54625
4.89,1.54625
4.892,1.54625
4.894,1.54625
4.896,1.54625
4.898,1.54625
4.9,1.54625
4.902,1.54625
4.904,1.54932
4.906,1.54932
4.908,1.54932
4.91,1.54932
4.912,1.54932
4.914,1.54932
4.916,1.54932
4.918,1.54932
4.92,1.54932
4.922,1.54932
4.924,1.54932
4.926,1.54932
4.928,1.54932
4.93,1.54932
4.932,1.54932
4.934,1.54932
4.936,1.54932
4.938,1.54932
4.94,1.54932
4.942,1.54932
4.944,1.54932
4.946,1.54932
4.948,1.54932
4.95,1.55239
4.952,1.55239
4.954,1.55239
4.956,1.55239
4.958,1.55239
4.96,1.55239
4.962,1.55239
4.964,1.55239
4.966,1.55239
4.968,1.55239
4.97,1.55239
4.972,1.55239
4.974,1.55239
4.976,1.55239
4.978,1.55239
4.98,1.55239
4.982,1.55239
4.984,1.55546
4.986,1.55546
4.988,1.55546
4.99,1.55546
4.992,1.55546
4.994,1.55546
4.996,1.55546
4.998,1.55546
5,1.55546
5.002,1.55546
5.004,1.55546
5.006,1.55546
5.008,1.55546
5.01,1.55546
5.012,1.55546
5.014,1.55546
5.016,1.55546
5.018,1.55546
5.02,1.55546
5.022,1.55546
5.024,1.55546
5.026,1.55546
5.028,1.55546
5.03,1.55546
5.032,1.55546
5.034,1.55546
5.036,1.55546
5.038,1.55852
5.04,1.55852
5.042,1.55852
5.044,1.55852
5.046,1.55852
5.048,1.55852
5.05,1.55852
5.052,1.55852
5.054,1.55852
5.056,1.55852
5.058,1.55852
5.06,1.55852
5.062,1.55852
5.064,1.55852
5.066,1.55852
5.068,1.55852
5.07,1.55852
5.072,1.55852
5.074,1.55852
5.076,1.55852
5.078,1.55852
5.08,1.55852
5.082,1.55852
5.084,1.55852
5.086,1.55852
5.088,1.55852
5.09,1.55852
5.092,1.55852
5.094,1.56159
5.096,1.56159
5.098,1.56159
5.1,1.56159
5.102,1.56159
5.104,1.56159
5.106,1.56159
5.108,1.56159
5.11,1.56159
5.112,1.56159
5.114,1.56159
5.116,1.56159
5.118,1.56159
5.12,1.56159
5.122,1.56159
5.124,1.56159
5.126,1.56159
5.128,1.56159
5.13,1.56159
5.132,1.56159
5.134,1.56466
5.136,1.56466
5.138,1.56466
5.14,1.56466
5.142,1.56466
5.144,1.56466
5.146,1.56466
5.148,1.56466
5.15,1.56466
5.152,1.56466
5.154,1.56466
5.156,1.56466
5.158,1.56466
5.16,1.56466
5.162,1.56466
5.164,1.56466
5.166,1.56466
5.168,1.56466
5.17,1.56466
5.172,1.56466
5.174,1.56466
5.176,1.56466
5.178,1.56466
5.18,1.56466
5.182,1.56466
5.184,1.56466
5.186,1.56466
5.188,1.56466
5.19,1.56466
5.192,1.56466
5.194,1.56466
5.196,1.56773
5.198,1.56773
5.2,1.56773
5.202,1.56773
5.204,1.56773
5.206,1.56773
5.208,1.56773
5.21,1.56773
5.212,1.56773
5.214,1.56773
5.216,1.56773
5.218,1.56773
5.22,1.56773
5.222,1.56773
5.224,1.56773
5.226,1.56773
5.228,1.56773
5.23,1.56773
5.232,1.56773
5.234,1.56773
5.236,1.56773
5.238,1.56773
5.24,1.56773
5.242,1.56773
5.244,1.56773
5.246,1.56773
5.248,1.56773
5.25,1.56773
5.252,1.56773
5.254,1.56773
5.256,1.56773
5.258,1.56773
5.26,1.56773
5.262,1.56773
5.264,1.56773
5.266,1.56773
5.268,1.56773
5.27,1.56773
5.272,1.56773
5.274,1.56773
5.276,1.56773
5.278,1.56773
5.28,1.56773
5.282,1.56773
5.284,1.56773
5.286,1.56773
5.288,1.56773
5.29,1.56773
5.292,1.56773
5.294,1.56773
5.296,1.56773
5.298,1.56773
5.3,1.56773
5.302,1.56773
5.304,1.56773
5.306,1.56773
5.308,1.56773
5.31,1.5708
5.312,1.5708
5.314,1.5708
5.316,1.5708
5.318,1.5708
5.32,1.5708
5.322,1.5708
5.324,1.5708
5.326,1.5708
5.328,1.5708
5.33,1.5708
5.332,1.5708
5.334,1.5708
5.336,1.5708
5.338,1.5708
5.34,1.5708
5.342,1.5708
5.344,1.5708
5.346,1.5708
5.348,1.5708
5.35,1.5708
5.352,1.5708
5.354,1.5708
5.356,1.5708
5.358,1.5708
5.36,1.5708
5.362,1.5708
5.364,1.5708
5.366,1.5708
5.368,1.5708
5.37,1.5708
5.372,1.5708
5.374,1.5708
5.376,1.5708
5.378,1.5708
5.38,1.5708
5.382,1.5708
5.384,1.5708
5.386,1.5708
5.388,1.5708
5.39,1.5708
5.392,1.5708
5.394,1.5708
5.396,1.5708
5.398,1.5708
5.4,1.5708
5.402,1.5708
5.404,1.5708
5.406,1.5708
5.408,1.5708
5.41,1.5708
5.412,1.5708
5.414,1.5708
5.416,1.5708
5.418,1.5708
5.42,1.5708
5.422,1.5708
5.424,1.5708
5.426,1.5708
5.428,1.5708
5.43,1.5708
5.432,1.5708
5.434,1.5708
5.436,1.5708
5.438,1.5708
5.44,1.5708
5.442,1.5708
5.444,1.5708
5.446,1.5708
5.448,1.5708
5.45,1.5708
5.452,1.5708
5.454,1.5708
5.456,1.5708
5.458,1.5708
5.46,1.5708
5.462,1.5708
5.464,1.5708
5.466,1.5708
5.468,1.5708
5.47,1.5708
5.472,1.5708
5.474,1.5708
5.476,1.5708
5.478,1.5708
5.48,1.5708
5.482,1.5708
5.484,1.5708
5.486,1.5708
5.488,1.5708
5.49,1.5708
5.492,1.5708
5.494,1.57386
5.496,1.57386
5.498,1.57386
5.5,1.57386
5.502,1.57386
5.504,1.57386
5.506,1.57386
5.508,1.57386
5.51,1.57386
5.512,1.57386
5.514,1.57386
5.516,1.57386
5.518,1.57386
5.52,1.57386
5.522,1.57386
5.524,1.57386
5.526,1.57386
5.528,1.57386
5.53,1.57386
5.532,1.57386
5.534,1.57386
5.536,1.57386
5.538,1.57386
5.54,1.57386
5.542,1.57386
5.544,1.57386
5.546,1.57386
5.548,1.57386
5.55,1.57386
5.552,1.57386
5.554,1.57386
5.556,1.57386
5.558,1.57386
5.56,1.57386
5.562,1.57386
5.564,1.57386
5.566,1.57386
5.568,1.57386
5.57,1.57386
5.572,1.57386
5.574,1.57386
5.576,1.57386
5.578,1.57386
5.58,1.57386
5.582,1.57386
5.584,1.57386
5.586,1.57386
5.588,1.57386
5.59,1.57386
5.592,1.57386
5.594,1.57386
5.596,1.57386
5.598,1.57386
5.6,1.57386
5.602,1.57386
5.604,1.57386
5.606,1.57386
5.608,1.57386
5.61,1.57386
5.612,1.57386
5.614,1.57386
5.616,1.57386
5.618,1.57386
5.62,1.57386
5.622,1.57386
5.624,1.57386
5.626,1.57386
5.628,1.57386
5.63,1.57386
5.632,1.57386
5.634,1.57386
5.636,1.57386
5.638,1.57386
5.64,1.57386
5.642,1.57386
5.644,1.57386
5.646,1.57386
5.648,1.57386
5.65,1.57386
5.652,1.57386
5.654,1.57386
5.656,1.57386
5.658,1.57386
5.66,1.57386
5.662,1.57386
5.664,1.57386
5.666,1.57386
5.668,1.57386
5.67,1.57386
5.672,1.57386
5.674,1.57386
5.676,1.57386
5.678,1.57386
5.68,1.57386
5.682,1.57386
5.684,1.57386
5.686,1.57386
5.688,1.57386
5.69,1.57386
5.692,1.57386
5.694,1.57386
5.696,1.57386
5.698,1.57386
5.7,1.57386
5.702,1.57386
5.704,1.57386
5.706,1.57386
5.708,1.57386
5.71,1.57386
5.712,1.57386
5.714,1.57386
5.716,1.57386
5.718,1.57386
5.72,1.57386
5.722,1.57386
5.724,1.57386
5.726,1.57386
5.728,1.57386
5.73,1.57386
5.732,1.57386
5.734,1.57386
5.736,1.57386
5.738,1.57386
5.74,1.57386
5.742,1.57386
5.744,1.57386
5.746,1.57386
5.748,1.57386
5.75,1.57386
5.752,1.57386
5.754,1.57386
5.756,1.57386
5.758,1.57386
5.76,1.57386
5.762,1.57386
5.764,1.57386
5.766,1.57386
5.768,1.57386
5.77,1.57386
5.772,1.57386
5.774,1.57386
5.776,1.57386
5.778,1.57386
5.78,1.57386
5.782,1.57386
5.784,1.57386
5.786,1.57386
5.788,1.57386
5.79,1.57386
5.792,1.57386
5.794,1.57386
5.796,1.57386
5.798,1.57386
5.8,1.57386
5.802,1.57386
5.804,1.57386
5.806,1.57386
5.808,1.57386
5.81,1.57386
5.812,1.57386
5.814,1.57386
5.816,1.57386
5.818,1.57386
5.82,1.57386
5.822,1.57386
5.824,1.57386
5.826,1.57386
5.828,1.57386
5.83,1.57386
5.832,1.57386
5.834,1.57386
5.836,1.57386
5.838,1.57386
5.84,1.57386
5.842,1.57386
5.844,1.57386
5.846,1.57386
5.848,1.57386
5.85,1.57386
5.852,1.57386
5.854,1.57386
5.856,1.57386
5.858,1.57386
5.86,1.57386
5.862,1.57386
5.864,1.57386
5.866,1.57386
5.868,1.57386
5.87,1.57386
5.872,1.57386
5.874,1.57386
5.876,1.57386
5.878,1.57386
5.88,1.57386
5.882,1.57386
5.884,1.57693
5.886,1.57693
5.888,1.57693
5.89,1.57693
5.892,1.57693
5.894,1.57693
5.896,1.57693
5.898,1.57693
5.9,1.57693
5.902,1.57693
5.904,1.57693
5.906,1.57693
5.908,1.57693
5.91,1.57693
5.912,1.57693
5.914,1.57693
5.916,1.57693
5.918,1.57693
5.92,1.57693
5.922,1.57693
5.924,1.57693
5.926,1.57693
5.928,1.57693
5.93,1.57693
5.932,1.57693
5.934,1.57693
5.936,1.57693
5.938,1.57693
5.94,1.57693
5.942,1.57693
5.944,1.57693
5.946,1.57693
5.948,1.57693
5.95,1.57693
5.952,1.57693
5.954,1.57693
5.956,1.57693
5.958,1.57693
5.96,1.57693
5.962,1.57693
5.964,1.57693
5.966,1.57693
5.968,1.57693
5.97,1.57693
5.972,1.57693
5.974,1.57693
5.976,1.57693
5.978,1.57693
5.98,1.57693
5.982,1.57693
5.984,1.57693
5.986,1.57693
5.988,1.57693
5.99,1.57693
5.992,1.57693
5.994,1.57693
5.996,1.57693
5.998,1.57693
6,1.57693
6.002,1.57693
6.004,1.57693
6.006,1.57693
6.008,1.57693
6.01,1.57693
6.012,1.57693
6.014,1.57693
6.016,1.57693
6.018,1.57693
6.02,1.57693
6.022,1.57693
6.024,1.57693
6.026,1.57693
6.028,1.57693
6.03,1.57693
6.032,1.57693
6.034,1.57693
6.036,1.57693
6.038,1.57693
6.04,1.57693
6.042,1.57693
6.044,1.57693
6.046,1.57693
6.048,1.57693
6.05,1.57693
6.052,1.57693
6.054,1.57693
6.056,1.57693
6.058,1.57693
6.06,1.57693
6.062,1.57693
6.064,1.57693
6.066,1.57693
6.068,1.57693
6.07,1.57693
6.072,1.57693
6.074,1.57693
6.076,1.57693
6.078,1.57693
6.08,1.57693
6.082,1.57693
6.084,1.57693
6.086,1.57693
6.088,1.57693
6.09,1.57693
6.092,1.57693
6.094,1.57693
6.096,1.57693
6.098,1.57693
6.1,1.57693
6.102,1.57693
6.104,1.57693
6.106,1.57693
6.108,1.57693
6.11,1.57693
6.112,1.57693
6.114,1.57693
6.116,1.57693
6.118,1.57693
6.12,1.57693
6.122,1.57693
6.124,1.57693
6.126,1.57693
6.128,1.57693
6.13,1.57693
6.132,1.57693
6.134,1.57693
6.136,1.57693
6.138,1.57693
6.14,1.57693
6.142,1.57693
6.144,1.57693
6.146,1.57693
6.148,1.57693
6.15,1.57693
6.152,1.57693
6.154,1.57693
6.156,1.57693
6.158,1.57693
6.16,1.57693
6.162,1.57693
6.164,1.57693
6.166,1.57693
6.168,1.57693
6.17,1.57693
6.172,1.57693
6.174,1.57693
6.176,1.57693
6.178,1.57693
6.18,1.57693
6.182,1.57693
6.184,1.57693
6.186,1.57693
6.188,1.57693
6.19,1.57693
6.192,1.57693
6.194,1.57693
6.196,1.57693
6.198,1.57693
6.2,1.57693
6.202,1.57693
6.204,1.57693
6.206,1.57693
6.208,1.57693
6.21,1.57693
6.212,1.57693
6.214,1.57693
6.216,1.57693
6.218,1.57693
6.22,1.57693
6.222,1.57693
6.224,1.57693
6.226,1.57693
6.228,1.57693
6.23,1.57693
6.232,1.57693
6.234,1.57693
6.236,1.57693
6.238,1.57693
6.24,1.57693
6.242,1.57693
6.244,1.57693
6.246,1.57693
6.248,1.57693
6.25,1.57693
6.252,1.57693
6.254,1.57693
6.256,1.57693
6.258,1.57693
6.26,1.57386
6.262,1.57386
6.264,1.57386
6.266,1.57386
6.268,1.57386
6.27,1.57386
6.272,1.57386
6.274,1.57386
6.276,1.57386
6.278,1.57386
6.28,1.57386
6.282,1.57386
6.284,1.57386
6.286,1.57386
6.288,1.57386
6.29,1.57386
6.292,1.57386
6.294,1.57386
6.296,1.57386
6.298,1.57386
6.3,1.57386
6.302,1.57386
6.304,1.57386
6.306,1.57386
6.308,1.5708
6.31,1.5708
6.312,1.5708
6.314,1.5708
6.316,1.5708
6.318,1.56773
6.32,1.56773
6.322,1.56773
6.324,1.56773
6.326,1.56466
6.328,1.56466
6.33,1.56466
6.332,1.56159
6.334,1.56159
6.336,1.55852
6.338,1.55852
6.34,1.55852
6.342,1.55546
6.344,1.55546
6.346,1.55239
6.348,1.55239
6.35,1.54932
6.352,1.54625
6.354,1.54625
6.356,1.54318
6.358,1.54318
6.36,1.54012
6.362,1.53705
6.364,1.53705
6.366,1.53398
6.368,1.53091
6.37,1.53091
6.372,1.52784
6.374,1.52478
6.376,1.52171
6.378,1.52171
6.38,1.51864
6.382,1.51557
6.384,1.51251
6.386,1.50944
6.388,1.50944
6.39,1.50637
6.392,1.5033
6.394,1.50023
6.396,1.49717
6.398,1.4941
6.4,1.49103
6.402,1.49103
6.404,1.48796
6.406,1.48489
6.408,1.48183
6.41,1.47876
6.412,1.47569
6.414,1.47262
6.416,1.46955
6.418,1.46649
6.42,1.46342
6.422,1.46035
6.424,1.45728
6.426,1.45421
6.428,1.45115
6.43,1.44808
6.432,1.44501
6.434,1.44501
6.436,1.44194
6.438,1.43887
6.44,1.43581
6.442,1.43274
6.444,1.42967
6.446,1.4266
6.448,1.42353
6.45,1.42047
6.452,1.4174
6.454,1.41433
6.456,1.41126
6.458,1.40819
6.46,1.40513
6.462,1.40206
6.464,1.39899
6.466,1.39592
6.468,1.39285
6.47,1.38979
6.472,1.38672
6.474,1.38365
6.476,1.38058
6.478,1.37751
6.48,1.37445
6.482,1.37138
6.484,1.36831
6.486,1.36524
6.488,1.36217
6.49,1.35911
6.492,1.35604
6.494,1.35297
6.496,1.3499
6.498,1.34684
6.5,1.34377
6.502,1.3407
6.504,1.33763
6.506,1.33456
6.508,1.3315
6.51,1.32843
6.512,1.32536
6.514,1.32229
6.516,1.31922
6.518,1.31616
6.52,1.31309
6.522,1.31002
6.524,1.31002
6.526,1.30695
6.528,1.30082
6.53,1.30082
6.532,1.29775
6.534,1.29468
6.536,1.29161
6.538,1.28854
6.54,1.28548
6.542,1.28241
6.544,1.27934
6.546,1.27627
6.548,1.2732
6.55,1.27014
6.552,1.26707
6.554,1.264
6.556,1.26093
6.558,1.25786
6.56,1.2548
6.562,1.25173
6.564,1.24866
6.566,1.24559
6.568,1.24252
6.57,1.23946
6.572,1.23639
6.574,1.23332
6.576,1.23025
6.578,1.22718
6.58,1.22412
6.582,1.22105
6.584,1.21491
6.586,1.21184
6.588,1.20878
6.59,1.20571
6.592,1.20264
6.594,1.19957
6.596,1.19651
6.598,1.19344
6.6,1.19037
6.602,1.1873
6.604,1.18423
6.606,1.1781
6.608,1.17503
6.61,1.17196
6.612,1.16889
6.614,1.16583
6.616,1.16276
6.618,1.15969
6.62,1.15355
6.622,1.15049
6.624,1.14742
6.626,1.14435
6.628,1.14128
6.63,1.13515
6.632,1.13208
6.634,1.12901
6.636,1.12594
6.638,1.11981
6.64,1.11674
6.642,1.11367
6.644,1.1106
6.646,1.10447
6.648,1.1014
6.65,1.09833
6.652,1.09219
6.654,1.08913
6.656,1.08606
6.658,1.07992
6.66,1.07685
6.662,1.07379
6.664,1.06765
6.666,1.06458
6.668,1.05845
6.67,1.05538
6.672,1.05231
6.674,1.04617
6.676,1.04311
6.678,1.03697
6.68,1.0339
6.682,1.02777
6.684,1.0247
6.686,1.01856
6.688,1.0155
6.69,1.00936
6.692,1.00629
6.694,1.00016
6.696,0.997088
6.698,0.990952
6.7,0.987884
6.702,0.981748
6.704,0.97868
6.706,0.972544
6.708,0.966408
6.71,0.96334
6.712,0.957204
6.714,0.954136
6.716,0.948
6.718,0.941864
6.72,0.938796
6.722,0.93266
6.724,0.929592
6.726,0.923456
6.728,0.917321
6.73,0.914253
6.732,0.908117
6.734,0.905049
6.736,0.898913
6.738,0.892777
6.74,0.889709
6.742,0.883573
6.744,0.877437
6.746,0.871301
6.748,0.868233
6.75,0.862097
6.752,0.859029
6.754,0.852893
6.756,0.846757
6.758,0.843689
6.76,0.837554
6.762,0.831418
6.764,0.825282
6.766,0.822214
6.768,0.816078
6.77,0.809942
6.772,0.806874
6.774,0.800738
6.776,0.794602
6.778,0.791534
6.78,0.785398
6.782,0.779262
6.784,0.776194
6.786,0.770058
6.788,0.763922
6.79,0.760854
6.792,0.754719
6.794,0.748583
6.796,0.745515
6.798,0.739379
6.8,0.733243
6.802,0.730175
6.804,0.724039
6.806,0.720971
6.808,0.714835
6.81,0.708699
6.812,0.705631
6.814,0.699495
6.816,0.693359
6.818,0.690291
6.82,0.684155
6.822,0.681087
6.824,0.674952
6.826,0.671884
6.828,0.665748
6.83,0.659612
6.832,0.656544
6.834,0.650408
6.836,0.64734
6.838,0.641204
6.84,0.638136
6.842,0.632
6.844,0.628932
6.846,0.622796
6.848,0.619728
6.85,0.613592
6.852,0.610524
6.854,0.604388
6.856,0.60132
6.858,0.595185
6.86,0.592117
6.862,0.585981
6.864,0.582913
6.866,0.579845
6.868,0.573709
6.87,0.570641
6.872,0.564505
6.874,0.561437
6.876,0.558369
6.878,0.552233
6.88,0.549165
6.882,0.546097
6.884,0.539961
6.886,0.536893
6.888,0.533825
6.89,0.527689
6.892,0.524621
6.894,0.521553
6.896,0.518486
6.898,0.51235
6.9,0.509282
6.902,0.506214
6.904,0.503146
6.906,0.49701
6.908,0.493942
6.91,0.490874
6.912,0.487806
6.914,0.484738
6.916,0.478602
6.918,0.475534
6.92,0.472466
6.922,0.469398
6.924,0.46633
6.926,0.463262
6.928,0.460194
6.93,0.454058
6.932,0.45099
6.934,0.447922
6.936,0.444854
6.938,0.441786
6.94,0.438719
6.942,0.435651
6.944,0.432583
6.946,0.429515
6.948,0.426447
6.95,0.423379
6.952,0.420311
6.954,0.417243
6.956,0.414175
6.958,0.411107
6.96,0.408039
6.962,0.404971
6.964,0.401903
6.966,0.398835
6.968,0.395767
6.97,0.392699
6.972,0.389631
6.974,0.386563
6.976,0.383495
6.978,0.380427
6.98,0.377359
6.982,0.374291
6.984,0.371223
6.986,0.368155
6.988,0.365087
6.99,0.362019
6.992,0.358952
6.994,0.355884
6.996,0.352816
6.998,0.349748
7,0.34668
7.002,0.343612
7.004,0.343612
7.006,0.340544
7.008,0.337476
7.01,0.334408
7.012,0.33134
7.014,0.328272
7.016,0.325204
7.018,0.322136
7.02,0.319068
7.022,0.316
7.024,0.316
7.026,0.312932
7.028,0.309864
7.03,0.306796
7.032,0.303728
7.034,0.30066
7.036,0.297592
7.038,0.294524
7.04,0.291456
7.042,0.291456
7.044,0.288388
7.046,0.28532
7.048,0.282252
7.05,0.279185
7.052,0.276117
7.054,0.273049
7.056,0.269981
7.058,0.266913
7.06,0.263845
7.062,0.260777
7.064,0.257709
7.066,0.257709
7.068,0.254641
7.07,0.251573
7.072,0.248505
7.074,0.245437
7.076,0.242369
7.078,0.239301
7.08,0.236233
7.082,0.233165
7.084,0.230097
7.086,0.227029
7.088,0.223961
7.09,0.220893
7.092,0.220893
7.094,0.217825
7.096,0.214757
7.098,0.211689
7.1,0.208621
7.102,0.205553
7.104,0.202485
7.106,0.199418
7.108,0.19635
7.11,0.193282
7.112,0.190214
7.114,0.187146
7.116,0.184078
7.118,0.18101
7.12,0.18101
7.122,0.177942
7.124,0.174874
7.126,0.171806
7.128,0.168738
7.13,0.16567
7.132,0.162602
7.134,0.159534
7.136,0.156466
7.138,0.153398
7.14,0.15033
7.142,0.147262
7.144,0.144194
7.146,0.144194
7.148,0.141126
7.15,0.138058
7.152,0.13499
7.154,0.131922
7.156,0.128854
7.158,0.125786
7.16,0.122718
7.162,0.119651
7.164,0.116583
7.166,0.113515
7.168,0.113515
7.17,0.110447
7.172,0.107379
7.174,0.104311
7.176,0.101243
7.178,0.0981748
7.18,0.0951068
7.182,0.0920388
7.184,0.0920388
7.186,0.0889709
7.188,0.0859029
7.19,0.082835
7.192,0.079767
7.194,0.076699
7.196,0.0736311
7.198,0.0736311
7.2,0.0705631
7.202,0.0674952
7.204,0.0644272
7.206,0.0613592
7.208,0.0613592
7.21,0.0582913
7.212,0.0552233
7.214,0.0521553
7.216,0.0490874
7.218,0.0490874
7.22,0.0460194
7.222,0.0429515
7.224,0.0429515
7.226,0.0398835
7.228,0.0368155
7.23,0.0337476
7.232,0.0337476
7.234,0.0306796
7.236,0.0276117
7.238,0.0276117
7.24,0.0245437
7.242,0.0214757
7.244,0.0214757
7.246,0.0184078
7.248,0.0153398
7.25,0.0153398
7.252,0.0122718
7.254,0.00920388
7.256,0.00920388
7.258,0.00613592
7.26,0.00613592
7.262,0.00306796
7.264,0.00306796
7.266,0
7.268,0
7.27,-0.00306796
7.272,-0.00306796
7.274,-0.00613592
7.276,-0.00920388
7.278,-0.00920388
7.28,-0.0122718
7.282,-0.0122718
7.284,-0.0122718
7.286,-0.0153398
7.288,-0.0153398
7.29,-0.0184078
7.292,-0.0184078
7.294,-0.0214757
7.296,-0.0214757
7.298,-0.0214757
7.3,-0.0245437
7.302,-0.0245437
7.304,-0.0276117
7.306,-0.0276117
7.308,-0.0276117
7.31,-0.0306796
7.312,-0.0306796
7.314,-0.0306796
7.316,-0.0337476
7.318,-0.0337476
7.32,-0.0337476
7.322,-0.0368155
7.324,-0.0368155
7.326,-0.0368155
7.328,-0.0368155
7.33,-0.0398835
7.332,-0.0398835
7.334,-0.0398835
7.336,-0.0398835
7.338,-0.0398835
7.34,-0.0429515
7.342,-0.0429515
7.344,-0.0429515
7.346,-0.0429515
7.348,-0.0460194
7.35,-0.0460194
7.352,-0.0460194
7.354,-0.0460194
7.356,-0.0460194
7.358,-0.0460194
7.36,-0.0490874
7.362,-0.0490874
7.364,-0.0490874
7.366,-0.0490874
7.368,-0.0490874
7.37,-0.0490874
7.372,-0.0490874
7.374,-0.0490874
7.376,-0.0521553
7.378,-0.0521553
7.38,-0.0521553
7.382,-0.0521553
7.384,-0.0521553
7.386,-0.0521553
7.388,-0.0521553
7.39,-0.0521553
7.392,-0.0521553
7.394,-0.0521553
7.396,-0.0521553
7.398,-0.0521553
7.4,-0.0521553
7.402,-0.0521553
7.404,-0.0552233
7.406,-0.0552233
7.408,-0.0552233
7.41,-0.0552233
7.412,-0.0552233
7.414,-0.0552233
7.416,-0.0552233
7.418,-0.0552233
7.42,-0.0552233
7.422,-0.0552233
7.424,-0.0552233
7.426,-0.0552233
7.428,-0.0552233
7.43,-0.0552233
7.432,-0.0552233
7.434,-0.0552233
7.436,-0.0552233
7.438,-0.0552233
7.44,-0.0552233
7.442,-0.0552233
7.444,-0.0552233
7.446,-0.0552233
7.448,-0.0552233
7.45,-0.0552233
7.452,-0.0552233
7.454,-0.0552233
7.456,-0.0552233
7.458,-0.0552233
7.46,-0.0552233
7.462,-0.0552233
7.464,-0.0552233
7.466,-0.0552233
7.468,-0.0552233
7.47,-0.0552233
7.472,-0.0552233
7.474,-0.0552233
7.476,-0.0582913
7.478,-0.0582913
7.48,-0.0582913
7.482,-0.0582913
7.484,-0.0582913
7.486,-0.0582913
7.488,-0.0582913
7.49,-0.0582913
7.492,-0.0582913
7.494,-0.0582913
7.496,-0.0582913
7.498,-0.0582913
7.5,-0.0582913
7.502,-0.0582913
7.504,-0.0582913
7.506,-0.0582913
7.508,-0.0582913
7.51,-0.0582913
7.512,-0.0582913
7.514,-0.0582913
7.516,-0.0582913
7.518,-0.0582913
7.52,-0.0582913
7.522,-0.0582913
7.524,-0.0582913
7.526,-0.0582913
7.528,-0.0582913
7.53,-0.0582913
7.532,-0.0582913
7.534,-0.0582913
7.536,-0.0613592
7.538,-0.0613592
7.54,-0.0613592
7.542,-0.0613592
7.544,-0.0613592
7.546,-0.0613592
7.548,-0.0613592
7.55,-0.0613592
7.552,-0.0613592
7.554,-0.0613592
7.556,-0.0613592
7.558,-0.0613592
7.56,-0.0613592
7.562,-0.0613592
7.564,-0.0613592
7.566,-0.0613592
7.568,-0.0613592
7.57,-0.0613592
7.572,-0.0613592
7.574,-0.0613592
7.576,-0.0613592
7.578,-0.0613592
7.58,-0.0613592
7.582,-0.0613592
7.584,-0.0613592
7.586,-0.0613592
7.588,-0.0613592
7.59,-0.0613592
7.592,-0.0613592
7.594,-0.0613592
7.596,-0.0613592
7.598,-0.0613592
7.6,-0.0613592
7.602,-0.0613592
7.604,-0.0613592
7.606,-0.0613592
7.608,-0.0613592
7.61,-0.0613592
7.612,-0.0613592
7.614,-0.0613592
7.616,-0.0613592
7.618,-0.0613592
7.62,-0.0613592
7.622,-0.0582913
7.624,-0.0582913
7.626,-0.0582913
7.628,-0.0582913
7.63,-0.0582913
7.632,-0.0582913
7.634,-0.0582913
7.636,-0.0582913
7.638,-0.0582913
7.64,-0.0582913
7.642,-0.0582913
7.644,-0.0582913
7.646,-0.0552233
7.648,-0.0552233
7.65,-0.0552233
7.652,-0.0552233
7.654,-0.0552233
7.656,-0.0552233
7.658,-0.0552233
7.66,-0.0552233
7.662,-0.0521553
7.664,-0.0521553
7.666,-0.0521553
7.668,-0.0521553
7.67,-0.0521553
7.672,-0.0521553
7.674,-0.0521553
7.676,-0.0490874
7.678,-0.0490874
7.68,-0.0490874
7.682,-0.0490874
7.684,-0.0490874
7.686,-0.0490874
7.688,-0.0460194
7.69,-0.0460194
7.692,-0.0460194
7.694,-0.0460194
7.696,-0.0460194
7.698,-0.0429515
7.7,-0.0429515
7.702,-0.0429515
7.704,-0.0429515
7.706,-0.0398835
7.708,-0.0398835
7.71,-0.0398835
7.712,-0.0398835
7.714,-0.0398835
7.716,-0.0368155
7.718,-0.0368155
7.72,-0.0368155
7.722,-0.0368155
7.724,-0.0337476
7.726,-0.0337476
7.728,-0.0337476
7.73,-0.0337476
7.732,-0.0306796
7.734,-0.0306796
7.736,-0.0306796
7.738,-0.0276117
7.74,-0.0276117
7.742,-0.0276117
7.744,-0.0276117
7.746,-0.0245437
7.748,-0.0245437
7.75,-0.0245437
7.752,-0.0214757
7.754,-0.0214757
7.756,-0.0214757
7.758,-0.0184078
7.76,-0.0184078
7.762,-0.0184078
7.764,-0.0153398
7.766,-0.0153398
7.768,-0.0153398
7.77,-0.0153398
7.772,-0.0122718
7.774,-0.0122718
7.776,-0.0122718
7.778,-0.00920388
7.78,-0.00920388
7.782,-0.00920388
7.784,-0.00613592
7.786,-0.00613592
7.788,-0.00613592
7.79,-0.00306796
7.792,-0.00306796
7.794,-0.00306796
7.796,0
7.798,0
7.8,0
7.802,0.00306796
7.804,0.00306796
7.806,0.00306796
7.808,0.00613592
7.81,0.00613592
7.812,0.00920388
7.814,0.00920388
7.816,0.00920388
7.818,0.00920388
7.82,0.0122718
7.822,0.0122718
7.824,0.0122718
7.826,0.0153398
7.828,0.0153398
7.83,0.0184078
7.832,0.0184078
7.834,0.0184078
7.836,0.0214757
7.838,0.0214757
7.84,0.0214757
7.842,0.0214757
7.844,0.0245437
7.846,0.0245437
7.848,0.0245437
7.85,0.0276117
7.852,0.0276117
7.854,0.0276117
7.856,0.0306796
7.858,0.0306796
7.86,0.0306796
7.862,0.0337476
7.864,0.0337476
7.866,0.0337476
7.868,0.0337476
7.87,0.0368155
7.872,0.0368155
7.874,0.0368155
7.876,0.0398835
7.878,0.0398835
7.88,0.0398835
7.882,0.0398835
7.884,0.0429515
7.886,0.0429515
7.888,0.0429515
7.89,0.0460194
7.892,0.0460194
7.894,0.0460194
7.896,0.0460194
7.898,0.0490874
7.9,0.0490874
7.902,0.0490874
7.904,0.0490874
7.906,0.0490874
7.908,0.0521553
7.91,0.0521553
7.912,0.0521553
7.914,0.0521553
7.916,0.0552233
7.918,0.0552233
7.92,0.0552233
7.922,0.0552233
7.924,0.0582913
7.926,0.0582913
7.928,0.0582913
7.93,0.0582913
7.932,0.0582913
7.934,0.0582913
7.936,0.0613592
7.938,0.0613592
7.94,0.0613592
7.942,0.0613592
7.944,0.0613592
7.946,0.0644272
7.948,0.0644272
7.95,0.0644272
7.952,0.0644272
7.954,0.0644272
7.956,0.0644272
7.958,0.0674952
7.96,0.0674952
7.962,0.0674952
7.964,0.0674952
7.966,0.0674952
7.968,0.0674952
7.97,0.0705631
7.972,0.0705631
7.974,0.0705631
7.976,0.0705631
7.978,0.0705631
7.98,0.0705631
7.982,0.0705631
7.984,0.0705631
7.986,0.0736311
7.988,0.0736311
7.99,0.0736311
7.992,0.0736311
7.994,0.0736311
7.996,0.0736311
7.998,0.0736311
8,0.0736311
8.002,0.0736311
8.004,0.076699
8.006,0.076699
8.008,0.076699
8.01,0.076699
8.012,0.076699
8.014,0.076699
8.016,0.076699
8.018,0.076699
8.02,0.079767
8.022,0.079767
8.024,0.079767
8.026,0.079767
8.028,0.079767
8.03,0.079767
8.032,0.079767
8.034,0.079767
8.036,0.082835
8.038,0.082835
8.04,0.082835
8.042,0.082835
8.044,0.082835
8.046,0.082835
8.048,0.082835
8.05,0.082835
8.052,0.082835
8.054,0.082835
8.056,0.0859029
8.058,0.0859029
8.06,0.0859029
8.062,0.0859029
8.064,0.0859029
8.066,0.0859029
8.068,0.0859029
8.07,0.0859029
8.072,0.0859029
8.074,0.0889709
8.076,0.0889709
8.078,0.0889709
8.08,0.0889709
8.082,0.0889709
8.084,0.0889709
8.086,0.0889709
8.088,0.0889709
8.09,0.0920388
8.092,0.0920388
8.094,0.0920388
8.096,0.0920388
8.098,0.0920388
8.1,0.0920388
8.102,0.0920388
8.104,0.0951068
8.106,0.0951068
8.108,0.0951068
8.11,0.0951068
8.112,0.0951068
8.114,0.0951068
8.116,0.0951068
8.118,0.0951068
8.12,0.0981748
8.122,0.0981748
8.124,0.0981748
8.126,0.0981748
8.128,0.0981748
8.13,0.0981748
8.132,0.0981748
8.134,0.101243
8.136,0.101243
8.138,0.101243
8.14,0.101243
8.142,0.101243
8.144,0.101243
8.146,0.101243
8.148,0.104311
8.15,0.104311
8.152,0.104311
8.154,0.104311
8.156,0.104311
8.158,0.104311
8.16,0.107379
8.162,0.107379
8.164,0.107379
8.166,0.107379
8.168,0.107379
8.17,0.107379
8.172,0.107379
8.174,0.107379
8.176,0.110447
8.178,0.110447
8.18,0.110447
8.182,0.110447
8.184,0.110447
8.186,0.110447
8.188,0.113515
8.19,0.113515
8.192,0.113515
8.194,0.113515
8.196,0.113515
8.198,0.113515
8.2,0.113515
8.202,0.116583
8.204,0.116583
8.206,0.116583
8.208,0.116583
8.21,0.116583
8.212,0.116583
8.214,0.116583
8.216,0.119651
8.218,0.119651
8.22,0.119651
8.222,0.119651
8.224,0.119651
8.226,0.119651
8.228,0.119651
8.23,0.119651
8.232,0.119651
8.234,0.122718
8.236,0.122718
8.238,0.122718
8.24,0.122718
8.242,0.122718
8.244,0.122718
8.246,0.122718
8.248,0.122718
8.25,0.122718
8.252,0.122718
8.254,0.125786
8.256,0.125786
8.258,0.125786
8.26,0.125786
8.262,0.125786
8.264,0.125786
8.266,0.125786
8.268,0.125786
8.27,0.125786
8.272,0.125786
8.274,0.125786
8.276,0.125786
8.278,0.125786
8.28,0.128854
8.282,0.128854
8.284,0.128854
8.286,0.128854
8.288,0.128854
8.29,0.128854
8.292,0.128854
8.294,0.128854
8.296,0.128854
8.298,0.128854
8.3,0.128854
8.302,0.128854
8.304,0.128854
8.306,0.128854
8.308,0.128854
8.31,0.128854
8.312,0.128854
8.314,0.128854
8.316,0.128854
8.318,0.128854
8.32,0.128854
8.322,0.128854
8.324,0.128854
8.326,0.128854
8.328,0.128854
8.33,0.128854
8.332,0.128854
8.334,0.128854
8.336,0.128854
8.338,0.128854
8.34,0.128854
8.342,0.128854
8.344,0.128854
8.346,0.128854
8.348,0.128854
8.35,0.125786
8.352,0.125786
8.354,0.125786
8.356,0.125786
8.358,0.125786
8.36,0.125786
8.362,0.125786
8.364,0.125786
8.366,0.125786
8.368,0.125786
8.37,0.125786
8.372,0.125786
8.374,0.125786
8.376,0.125786
8.378,0.125786
8.38,0.125786
8.382,0.122718
8.384,0.122718
8.386,0.122718
8.388,0.122718
8.39,0.122718
8.392,0.122718
8.394,0.122718
8.396,0.122718
8.398,0.122718
8.4,0.122718
8.402,0.122718
8.404,0.122718
8.406,0.122718
8.408,0.122718
8.41,0.122718
8.412,0.119651
8.414,0.119651
8.416,0.119651
8.418,0.119651
8.42,0.119651
8.422,0.119651
8.424,0.119651
8.426,0.119651
8.428,0.119651
8.43,0.119651
8.432,0.119651
8.434,0.119651
8.436,0.119651
8.438,0.119651
8.44,0.119651
8.442,0.119651
8.444,0.119651
8.446,0.119651
8.448,0.116583
8.45,0.116583
8.452,0.116583
8.454,0.116583
8.456,0.116583
8.458,0.116583
8.46,0.116583
8.462,0.116583
8.464,0.116583
8.466,0.116583
8.468,0.116583
8.47,0.116583
8.472,0.116583
8.474,0.116583
8.476,0.116583
8.478,0.116583
8.48,0.116583
8.482,0.116583
8.484,0.116583
8.486,0.116583
8.488,0.116583
8.49,0.116583
8.492,0.116583
8.494,0.116583
8.496,0.116583
8.498,0.116583
8.5,0.116583
8.502,0.116583
8.504,0.116583
8.506,0.116583
8.508,0.116583
8.51,0.116583
8.512,0.116583
8.514,0.116583
8.516,0.116583
8.518,0.113515
8.52,0.113515
8.522,0.113515
8.524,0.113515
8.526,0.113515
8.528,0.113515
8.53,0.113515
8.532,0.113515
8.534,0.113515
8.536,0.113515
8.538,0.113515
8.54,0.113515
8.542,0.113515
8.544,0.113515
8.546,0.113515
8.548,0.113515
8.55,0.113515
8.552,0.113515
8.554,0.113515
8.556,0.113515
8.558,0.113515
8.56,0.113515
8.562,0.113515
8.564,0.113515
8.566,0.113515
8.568,0.113515
8.57,0.113515
8.572,0.113515
8.574,0.113515
8.576,0.113515
8.578,0.113515
8.58,0.113515
8.582,0.113515
8.584,0.113515
8.586,0.113515
8.588,0.113515
8.59,0.113515
8.592,0.113515
8.594,0.113515
8.596,0.113515
8.598,0.113515
8.6,0.113515
8.602,0.113515
8.604,0.113515
8.606,0.113515
8.608,0.113515
8.61,0.113515
8.612,0.113515
8.614,0.113515
8.616,0.113515
8.618,0.113515
8.62,0.113515
8.622,0.113515
8.624,0.113515
8.626,0.113515
8.628,0.113515
8.63,0.113515
8.632,0.113515
8.634,0.113515
8.636,0.113515
8.638,0.113515
8.64,0.113515
8.642,0.113515
8.644,0.113515
8.646,0.113515
8.648,0.113515
8.65,0.113515
8.652,0.113515
8.654,0.113515
8.656,0.113515
8.658,0.113515
8.66,0.113515
8.662,0.113515
8.664,0.113515
8.666,0.113515
8.668,0.113515
8.67,0.113515
8.672,0.113515
8.674,0.113515
8.676,0.110447
8.678,0.110447
8.68,0.110447
8.682,0.110447
8.684,0.110447
8.686,0.110447
8.688,0.110447
8.69,0.110447
8.692,0.110447
8.694,0.110447
8.696,0.110447
8.698,0.110447
8.7,0.110447
8.702,0.110447
8.704,0.110447
8.706,0.110447
8.708,0.110447
8.71,0.110447
8.712,0.110447
8.714,0.110447
8.716,0.110447
8.718,0.110447
8.72,0.110447
8.722,0.110447
8.724,0.110447
8.726,0.107379
8.728,0.107379
8.73,0.107379
8.732,0.107379
8.734,0.107379
8.736,0.107379
8.738,0.107379
8.74,0.107379
8.742,0.107379
8.744,0.107379
8.746,0.107379
8.748,0.107379
8.75,0.107379
8.752,0.107379
8.754,0.107379
8.756,0.107379
8.758,0.107379
8.76,0.107379
8.762,0.107379
8.764,0.107379
8.766,0.107379
8.768,0.107379
8.77,0.107379
8.772,0.107379
8.774,0.107379
8.776,0.107379
8.778,0.104311
8.78,0.104311
8.782,0.104311
8.784,0.104311
8.786,0.104311
8.788,0.104311
8.79,0.104311
8.792,0.104311
8.794,0.104311
8.796,0.104311
8.798,0.104311
8.8,0.104311
8.802,0.104311
8.804,0.104311
8.806,0.104311
8.808,0.104311
8.81,0.104311
8.812,0.104311
8.814,0.104311
8.816,0.104311
8.818,0.104311
8.82,0.104311
8.822,0.104311
8.824,0.104311
8.826,0.104311
8.828,0.104311
8.83,0.104311
8.832,0.104311
8.834,0.101243
8.836,0.101243
8.838,0.101243
8.84,0.101243
8.842,0.101243
8.844,0.101243
8.846,0.101243
8.848,0.101243
8.85,0.101243
8.852,0.101243
8.854,0.101243
8.856,0.101243
8.858,0.101243
8.86,0.101243
8.862,0.101243
8.864,0.101243
8.866,0.101243
8.868,0.101243
8.87,0.101243
8.872,0.101243
8.874,0.101243
8.876,0.101243
8.878,0.101243
8.88,0.101243
8.882,0.101243
8.884,0.101243
8.886,0.101243
8.888,0.101243
8.89,0.101243
8.892,0.101243
8.894,0.101243
8.896,0.101243
8.898,0.101243
8.9,0.101243
8.902,0.101243
8.904,0.101243
8.906,0.101243
8.908,0.101243
8.91,0.101243
8.912,0.101243
8.914,0.101243
8.916,0.101243
8.918,0.101243
8.92,0.101243
8.922,0.101243
8.924,0.101243
8.926,0.101243
8.928,0.101243
8.93,0.101243
8.932,0.101243
8.934,0.101243
8.936,0.101243
8.938,0.101243
8.94,0.101243
8.942,0.101243
8.944,0.101243
8.946,0.101243
8.948,0.101243
8.95,0.101243
8.952,0.101243
8.954,0.101243
8.956,0.101243
8.958,0.101243
8.96,0.101243
8.962,0.101243
8.964,0.101243
8.966,0.101243
8.968,0.101243
8.97,0.101243
8.972,0.101243
8.974,0.101243
8.976,0.101243
8.978,0.101243
8.98,0.101243
8.982,0.101243
8.984,0.101243
8.986,0.101243
8.988,0.101243
8.99,0.101243
8.992,0.101243
8.994,0.101243
8.996,0.101243
8.998,0.101243
9,0.101243
9.002,0.101243
9.004,0.101243
9.006,0.101243
9.008,0.101243
9.01,0.101243
9.012,0.101243
9.014,0.101243
9.016,0.101243
9.018,0.101243
9.02,0.101243
9.022,0.101243
9.024,0.101243
9.026,0.101243
9.028,0.101243
9.03,0.101243
9.032,0.101243
9.034,0.101243
9.036,0.101243
9.038,0.101243
9.04,0.101243
9.042,0.101243
9.044,0.101243
9.046,0.101243
9.048,0.101243
9.05,0.101243
9.052,0.101243
9.054,0.101243
9.056,0.101243
9.058,0.101243
9.06,0.101243
9.062,0.101243
9.064,0.101243
9.066,0.101243
9.068,0.101243
9.07,0.101243
9.072,0.101243
9.074,0.101243
9.076,0.101243
9.078,0.101243
9.08,0.101243
9.082,0.101243
9.084,0.101243
9.086,0.101243
9.088,0.101243
9.09,0.101243
9.092,0.101243
9.094,0.101243
9.096,0.101243
9.098,0.101243
9.1,0.101243
9.102,0.101243
9.104,0.101243
9.106,0.101243
9.108,0.101243
9.11,0.101243
9.112,0.101243
9.114,0.101243
9.116,0.101243
9.118,0.101243
9.12,0.101243
9.122,0.101243
9.124,0.101243
9.126,0.101243
9.128,0.101243
9.13,0.101243
9.132,0.101243
9.134,0.101243
9.136,0.101243
9.138,0.101243
9.14,0.101243
9.142,0.101243
9.144,0.101243
9.146,0.101243
9.148,0.101243
9.15,0.101243
9.152,0.101243
9.154,0.101243
9.156,0.101243
9.158,0.101243
9.16,0.101243
9.162,0.101243
9.164,0.101243
9.166,0.101243
9.168,0.101243
9.17,0.101243
9.172,0.101243
9.174,0.101243
9.176,0.101243
9.178,0.101243
9.18,0.101243
9.182,0.101243
9.184,0.101243
9.186,0.101243
9.188,0.101243
9.19,0.101243
9.192,0.101243
9.194,0.101243
9.196,0.101243
9.198,0.101243
9.2,0.101243
9.202,0.101243
9.204,0.101243
9.206,0.101243
9.208,0.101243
9.21,0.101243
9.212,0.101243
9.214,0.101243
9.216,0.101243
9.218,0.101243
9.22,0.101243
9.222,0.101243
9.224,0.101243
9.226,0.101243
9.228,0.101243
9.23,0.101243
9.232,0.101243
9.234,0.101243
9.236,0.101243
9.238,0.101243
9.24,0.101243
9.242,0.101243
9.244,0.101243
9.246,0.101243
9.248,0.101243
9.25,0.101243
9.252,0.101243
9.254,0.101243
9.256,0.101243
9.258,0.101243
9.26,0.101243
9.262,0.101243
9.264,0.101243
9.266,0.101243
9.268,0.101243
9.27,0.101243
9.272,0.101243
9.274,0.101243
9.276,0.101243
9.278,0.101243
9.28,0.101243
9.282,0.101243
9.284,0.101243
9.286,0.101243
9.288,0.101243
9.29,0.101243
9.292,0.101243
9.294,0.101243
9.296,0.101243
9.298,0.101243
9.3,0.101243
9.302,0.101243
9.304,0.101243
9.306,0.101243
9.308,0.101243
9.31,0.101243
9.312,0.101243
9.314,0.101243
9.316,0.101243
9.318,0.101243
9.32,0.101243
9.322,0.101243
9.324,0.101243
9.326,0.101243
9.328,0.101243
9.33,0.101243
9.332,0.101243
9.334,0.101243
9.336,0.101243
9.338,0.101243
9.34,0.101243
9.342,0.101243
9.344,0.101243
9.346,0.101243
9.348,0.101243
9.35,0.101243
9.352,0.101243
9.354,0.101243
9.356,0.101243
9.358,0.101243
9.36,0.0981748
9.362,0.0981748
9.364,0.0981748
9.366,0.0981748
9.368,0.0981748
9.37,0.0981748
9.372,0.0981748
9.374,0.0981748
9.376,0.0981748
9.378,0.0981748
9.38,0.0981748
9.382,0.0981748
9.384,0.0981748
9.386,0.0981748
9.388,0.0981748
9.39,0.0981748
9.392,0.0981748
9.394,0.0981748
9.396,0.0981748
9.398,0.0981748
9.4,0.0981748
9.402,0.0981748
9.404,0.0981748
9.406,0.0981748
9.408,0.0981748
9.41,0.0981748
9.412,0.0981748
9.414,0.0981748
9.416,0.0981748
9.418,0.0981748
9.42,0.0981748
9.422,0.0981748
9.424,0.0981748
9.426,0.0981748
9.428,0.0981748
9.43,0.0981748
9.432,0.0981748
9.434,0.0981748
9.436,0.0981748
9.438,0.0981748
9.44,0.0981748
9.442,0.0981748
9.444,0.0981748
9.446,0.0981748
9.448,0.0981748
9.45,0.0981748
9.452,0.0981748
9.454,0.0981748
9.456,0.0981748
9.458,0.0981748
9.46,0.0981748
9.462,0.0981748
9.464,0.0981748
9.466,0.0981748
9.468,0.0981748
9.47,0.0981748
9.472,0.0981748
9.474,0.0981748
9.476,0.0981748
9.478,0.0981748
9.48,0.0981748
9.482,0.0981748
9.484,0.0981748
9.486,0.0981748
9.488,0.0981748
9.49,0.0981748
9.492,0.0981748
9.494,0.0981748
9.496,0.0981748
9.498,0.0981748
9.5,0.0981748
9.502,0.0981748
9.504,0.0981748
9.506,0.0981748
9.508,0.0981748
9.51,0.0981748
9.512,0.0981748
9.514,0.0981748
9.516,0.0981748
9.518,0.0981748
9.52,0.0981748
9.522,0.0981748
9.524,0.0981748
9.526,0.0981748
9.528,0.0981748
9.53,0.0981748
9.532,0.0981748
9.534,0.0981748
9.536,0.0981748
9.538,0.0981748
9.54,0.0981748
9.542,0.0981748
9.544,0.0981748
9.546,0.0981748
9.548,0.0981748
9.55,0.0981748
9.552,0.0981748
9.554,0.0981748
9.556,0.0981748
9.558,0.0981748
9.56,0.0981748
9.562,0.0981748
9.564,0.0981748
9.566,0.0981748
9.568,0.0981748
9.57,0.0981748
9.572,0.0981748
9.574,0.0981748
9.576,0.0981748
9.578,0.0981748
9.58,0.0981748
9.582,0.0981748
9.584,0.0981748
9.586,0.0981748
9.588,0.0981748
9.59,0.0981748
9.592,0.0981748
9.594,0.0981748
9.596,0.0981748
9.598,0.0981748
9.6,0.0981748
9.602,0.0981748
9.604,0.0981748
9.606,0.0981748
9.608,0.0981748
9.61,0.0981748
9.612,0.0981748
9.614,0.0981748
9.616,0.0981748
9.618,0.0981748
9.62,0.0981748
9.622,0.0981748
9.624,0.0981748
9.626,0.0981748
9.628,0.0981748
9.63,0.0981748
9.632,0.0981748
9.634,0.0981748
9.636,0.0981748
9.638,0.0981748
9.64,0.0981748
9.642,0.0981748
9.644,0.0981748
9.646,0.0981748
9.648,0.0981748
9.65,0.0981748
9.652,0.0981748
9.654,0.0981748
9.656,0.0981748
9.658,0.0981748
9.66,0.0981748
9.662,0.0981748
9.664,0.0981748
9.666,0.0981748
9.668,0.0981748
9.67,0.0981748
9.672,0.0981748
9.674,0.0981748
9.676,0.0981748
9.678,0.0981748
9.68,0.0981748
9.682,0.0981748
9.684,0.0981748
9.686,0.0981748
9.688,0.0981748
9.69,0.0981748
9.692,0.0981748
9.694,0.0981748
9.696,0.0981748
9.698,0.0981748
9.7,0.0981748
9.702,0.0981748
9.704,0.0981748
9.706,0.0981748
9.708,0.0981748
9.71,0.0981748
9.712,0.0981748
9.714,0.0981748
9.716,0.0981748
9.718,0.0981748
9.72,0.0981748
9.722,0.0981748
9.724,0.0981748
9.726,0.0981748
9.728,0.0981748
9.73,0.0981748
9.732,0.0981748
9.734,0.0981748
9.736,0.0981748
9.738,0.0981748
9.74,0.0981748
9.742,0.0981748
9.744,0.0981748
9.746,0.0981748
9.748,0.0981748
9.75,0.0981748
9.752,0.0981748
9.754,0.0981748
9.756,0.0981748
9.758,0.0981748
9.76,0.0981748
9.762,0.0981748
9.764,0.0981748
9.766,0.0981748
9.768,0.0981748
9.77,0.0981748
9.772,0.0981748
9.774,0.0981748
9.776,0.0981748
9.778,0.0981748
9.78,0.0981748
9.782,0.0981748
9.784,0.0981748
9.786,0.0981748
9.788,0.0981748
9.79,0.0981748
9.792,0.0981748
9.794,0.0981748
9.796,0.0981748
9.798,0.0981748
9.8,0.0981748
9.802,0.0981748
9.804,0.0981748
9.806,0.0981748
9.808,0.0981748
9.81,0.0981748
9.812,0.0981748
9.814,0.0981748
9.816,0.0981748
9.818,0.0981748
9.82,0.0981748
9.822,0.0981748
9.824,0.0981748
9.826,0.0981748
9.828,0.0981748
9.83,0.0981748
9.832,0.0981748
9.834,0.0981748
9.836,0.0981748
9.838,0.0981748
9.84,0.0981748
9.842,0.0981748
9.844,0.0981748
9.846,0.0981748
9.848,0.0981748
9.85,0.0981748
9.852,0.0981748
9.854,0.0981748
9.856,0.0981748
9.858,0.0981748
9.86,0.0981748
9.862,0.0981748
9.864,0.0981748
9.866,0.0981748
9.868,0.0981748
9.87,0.0981748
9.872,0.0981748
9.874,0.0981748
9.876,0.0981748
9.878,0.0981748
9.88,0.0981748
9.882,0.0981748
9.884,0.0981748
9.886,0.0981748
9.888,0.0981748
9.89,0.0981748
9.892,0.0981748
9.894,0.0981748
9.896,0.0981748
9.898,0.0981748
9.9,0.0981748
9.902,0.0981748
9.904,0.0981748
9.906,0.0981748
9.908,0.0981748
9.91,0.0981748
9.912,0.0981748
9.914,0.0981748
9.916,0.0981748
9.918,0.0981748
9.92,0.0981748
9.922,0.0981748
9.924,0.0981748
9.926,0.0981748
9.928,0.0981748
9.93,0.0981748
9.932,0.0981748
9.934,0.0981748
9.936,0.0981748
9.938,0.0981748
9.94,0.0981748
9.942,0.0981748
9.944,0.0981748
9.946,0.0981748
9.948,0.0981748
9.95,0.0981748
9.952,0.0981748
9.954,0.0981748
9.956,0.0981748
9.958,0.0981748
9.96,0.0981748
9.962,0.0981748
9.964,0.0981748
9.966,0.0981748
9.968,0.0981748
9.97,0.0981748
9.972,0.0981748
9.974,0.0981748
9.976,0.0981748
9.978,0.0981748
9.98,0.0981748
9.982,0.0981748
9.984,0.0981748
9.986,0.0981748
9.988,0.0981748
9.99,0.0981748
9.992,0.0981748
9.994,0.0981748
9.996,0.0981748
9.998,0.0981748
10,0.0981748
10.002,0.0981748
10.004,0.0981748
10.006,0.0981748
10.008,0.0981748
10.01,0.0981748
10.012,0.0981748
10.014,0.0981748
10.016,0.0981748
10.018,0.0981748
10.02,0.0981748
10.022,0.0981748
10.024,0.0981748
10.026,0.0981748
10.028,0.0981748
10.03,0.0981748
10.032,0.0981748
10.034,0.0981748
10.036,0.0981748
10.038,0.0981748
10.04,0.0981748
10.042,0.0981748
10.044,0.0981748
10.046,0.0981748
10.048,0.0981748
10.05,0.0981748
10.052,0.0981748
10.054,0.0981748
10.056,0.0981748
10.058,0.0981748
10.06,0.0981748
10.062,0.0981748
10.064,0.0981748
10.066,0.0981748
10.068,0.0981748
10.07,0.0981748
10.072,0.0981748
10.074,0.0981748
10.076,0.0981748
10.078,0.0981748
10.08,0.0981748
10.082,0.0981748
10.084,0.0981748
10.086,0.0981748
10.088,0.0981748
10.09,0.0981748
10.092,0.0981748
10.094,0.0981748
10.096,0.0981748
10.098,0.0981748
10.1,0.0981748
10.102,0.0981748
10.104,0.0981748
10.106,0.0981748
10.108,0.0981748
10.11,0.0981748
10.112,0.0981748
10.114,0.0981748
10.116,0.0981748
10.118,0.0981748
10.12,0.0981748
10.122,0.0981748
10.124,0.0981748
10.126,0.0981748
10.128,0.0981748
10.13,0.0981748
10.132,0.0981748
10.134,0.0981748
10.136,0.0981748
10.138,0.0981748
10.14,0.0981748
10.142,0.0981748
10.144,0.0981748
10.146,0.0981748
10.148,0.0981748
10.15,0.0981748
10.152,0.0981748
10.154,0.0981748
10.156,0.0981748
10.158,0.0981748
10.16,0.0981748
10.162,0.0981748
10.164,0.0981748
10.166,0.0981748
10.168,0.0981748
10.17,0.0981748
10.172,0.0981748
10.174,0.0981748
10.176,0.0981748
10.178,0.0981748
10.18,0.0981748
10.182,0.0981748
10.184,0.0951068
10.186,0.0951068
10.188,0.0951068
10.19,0.0951068
10.192,0.0951068
10.194,0.0951068
10.196,0.0951068
10.198,0.0951068
10.2,0.0951068
10.202,0.0951068
10.204,0.0951068
10.206,0.0951068
10.208,0.0951068
10.21,0.0951068
10.212,0.0951068
10.214,0.0951068
10.216,0.0951068
10.218,0.0951068
10.22,0.0951068
10.222,0.0951068
10.224,0.0951068
10.226,0.0951068
10.228,0.0951068
10.23,0.0951068
10.232,0.0951068
10.234,0.0951068
10.236,0.0951068
10.238,0.0951068
10.24,0.0951068
10.242,0.0951068
10.244,0.0951068
10.246,0.0951068
10.248,0.0951068
10.25,0.0951068
10.252,0.0951068
10.254,0.0951068
10.256,0.0951068
10.258,0.0951068
10.26,0.0951068
10.262,0.0951068
10.264,0.0951068
10.266,0.0951068
10.268,0.0951068
10.27,0.0951068
10.272,0.0951068
10.274,0.0951068
10.276,0.0951068
10.278,0.0951068
10.28,0.0951068
10.282,0.0951068
10.284,0.0951068
10.286,0.0951068
10.288,0.0951068
10.29,0.0951068
10.292,0.0951068
10.294,0.0951068
10.296,0.0951068
10.298,0.0951068
10.3,0.0951068
10.302,0.0951068
10.304,0.0951068
10.306,0.0951068
10.308,0.0951068
10.31,0.0951068
10.312,0.0951068
10.314,0.0951068
10.316,0.0951068
10.318,0.0951068
10.32,0.0951068
10.322,0.0951068
10.324,0.0951068
10.326,0.0951068
10.328,0.0951068
10.33,0.0951068
10.332,0.0951068
10.334,0.0951068
10.336,0.0951068
10.338,0.0951068
10.34,0.0951068
10.342,0.0951068
10.344,0.0951068
10.346,0.0951068
10.348,0.0951068
10.35,0.0951068
10.352,0.0951068
10.354,0.0951068
10.356,0.0951068
10.358,0.0951068
10.36,0.0951068
10.362,0.0951068
10.364,0.0951068
10.366,0.0951068
10.368,0.0951068
10.37,0.0951068
10.372,0.0951068
10.374,0.0951068
10.376,0.0951068
10.378,0.0951068
10.38,0.0951068
10.382,0.0951068
10.384,0.0951068
10.386,0.0951068
10.388,0.0951068
10.39,0.0951068
10.392,0.0951068
10.394,0.0951068
10.396,0.0951068
10.398,0.0951068
10.4,0.0951068
10.402,0.0951068
10.404,0.0951068
10.406,0.0951068
10.408,0.0951068
10.41,0.0951068
10.412,0.0951068
10.414,0.0951068
10.416,0.0951068
10.418,0.0951068
10.42,0.0951068
10.422,0.0951068
10.424,0.0951068
10.426,0.0951068
10.428,0.0951068
10.43,0.0951068
10.432,0.0951068
10.434,0.0951068
10.436,0.0951068
10.438,0.0951068
10.44,0.0951068
10.442,0.0951068
10.444,0.0951068
10.446,0.0951068
10.448,0.0951068
10.45,0.0951068
10.452,0.0951068
10.454,0.0951068
10.456,0.0951068
10.458,0.0951068
10.46,0.0951068
10.462,0.0951068
10.464,0.0951068
10.466,0.0951068
10.468,0.0951068
10.47,0.0951068
10.472,0.0951068
10.474,0.0951068
10.476,0.0951068
10.478,0.0951068
10.48,0.0951068
10.482,0.0951068
10.484,0.0951068
10.486,0.0951068
10.488,0.0951068
10.49,0.0951068
10.492,0.0951068
10.494,0.0951068
10.496,0.0951068
10.498,0.0951068
10.5,0.0951068
10.502,0.0951068
10.504,0.0951068
10.506,0.0951068
10.508,0.0951068
10.51,0.0951068
10.512,0.0951068
10.514,0.0951068
10.516,0.0951068
10.518,0.0951068
10.52,0.0951068
10.522,0.0951068
10.524,0.0951068
10.526,0.0951068
10.528,0.0951068
10.53,0.0951068
10.532,0.0951068
10.534,0.0951068
10.536,0.0951068
10.538,0.0951068
10.54,0.0951068
10.542,0.0951068
10.544,0.0951068
10.546,0.0951068
10.548,0.0951068
10.55,0.0951068
10.552,0.0951068
10.554,0.0951068
10.556,0.0951068
10.558,0.0951068
10.56,0.0951068
10.562,0.0951068
10.564,0.0951068
10.566,0.0951068
10.568,0.0951068
10.57,0.0951068
10.572,0.0951068
10.574,0.0951068
10.576,0.0920388
10.578,0.0920388
10.58,0.0920388
10.582,0.0920388
10.584,0.0920388
10.586,0.0920388
10.588,0.0920388
10.59,0.0920388
10.592,0.0920388
10.594,0.0920388
10.596,0.0920388
10.598,0.0920388
10.6,0.0920388
10.602,0.0920388
10.604,0.0920388
10.606,0.0920388
10.608,0.0920388
10.61,0.0920388
10.612,0.0920388
10.614,0.0920388
10.616,0.0920388
10.618,0.0920388
10.62,0.0920388
10.622,0.0920388
10.624,0.0920388
10.626,0.0920388
10.628,0.0920388
10.63,0.0920388
10.632,0.0920388
10.634,0.0920388
10.636,0.0920388
10.638,0.0920388
10.64,0.0920388
10.642,0.0920388
10.644,0.0920388
10.646,0.0920388
10.648,0.0920388
10.65,0.0920388
10.652,0.0920388
10.654,0.0920388
10.656,0.0920388
10.658,0.0920388
10.66,0.0920388
10.662,0.0920388
10.664,0.0920388
10.666,0.0920388
10.668,0.0920388
10.67,0.0920388
10.672,0.0920388
10.674,0.0920388
10.676,0.0920388
10.678,0.0920388
10.68,0.0920388
10.682,0.0920388
10.684,0.0920388
10.686,0.0920388
10.688,0.0920388
10.69,0.0920388
10.692,0.0920388
10.694,0.0920388
10.696,0.0920388
10.698,0.0920388
10.7,0.0920388
10.702,0.0920388
10.704,0.0920388
10.706,0.0920388
10.708,0.0920388
10.71,0.0920388
10.712,0.0920388
10.714,0.0920388
10.716,0.0920388
10.718,0.0920388
10.72,0.0920388
10.722,0.0920388
10.724,0.0920388
10.726,0.0920388
10.728,0.0920388
10.73,0.0920388
10.732,0.0920388
10.734,0.0920388
10.736,0.0920388
10.738,0.0920388
10.74,0.0920388
10.742,0.0920388
10.744,0.0920388
10.746,0.0920388
10.748,0.0920388
10.75,0.0920388
10.752,0.0920388
10.754,0.0920388
10.756,0.0920388
10.758,0.0920388
10.76,0.0920388
10.762,0.0920388
10.764,0.0920388
10.766,0.0920388
10.768,0.0920388
10.77,0.0920388
10.772,0.0920388
10.774,0.0920388
10.776,0.0920388
10.778,0.0920388
10.78,0.0920388
10.782,0.0920388
10.784,0.0920388
10.786,0.0920388
10.788,0.0920388
10.79,0.0920388
10.792,0.0920388
10.794,0.0920388
10.796,0.0920388
10.798,0.0920388
10.8,0.0920388
10.802,0.0920388
10.804,0.0920388
10.806,0.0920388
10.808,0.0920388
10.81,0.0920388
10.812,0.0920388
10.814,0.0920388
10.816,0.0920388
10.818,0.0889709
10.82,0.0889709
10.822,0.0889709
10.824,0.0889709
10.826,0.0889709
10.828,0.0889709
10.83,0.0889709
10.832,0.0889709
10.834,0.0889709
10.836,0.0889709
10.838,0.0889709
10.84,0.0889709
10.842,0.0889709
10.844,0.0889709
10.846,0.0889709
10.848,0.0889709
10.85,0.0889709
10.852,0.0889709
10.854,0.0889709
10.856,0.0889709
10.858,0.0889709
10.86,0.0889709
10.862,0.0889709
10.864,0.0889709
10.866,0.0889709
10.868,0.0889709
10.87,0.0889709
10.872,0.0889709
10.874,0.0889709
10.876,0.0889709
10.878,0.0889709
10.88,0.0889709
10.882,0.0889709
10.884,0.0889709
10.886,0.0889709
10.888,0.0889709
10.89,0.0889709
10.892,0.0889709
10.894,0.0889709
10.896,0.0889709
10.898,0.0889709
10.9,0.0889709
10.902,0.0889709
10.904,0.0889709
10.906,0.0889709
10.908,0.0889709
10.91,0.0889709
10.912,0.0889709
10.914,0.0889709
10.916,0.0889709
10.918,0.0889709
10.92,0.0889709
10.922,0.0889709
10.924,0.0889709
10.926,0.0889709
10.928,0.0889709
10.93,0.0889709
10.932,0.0889709
10.934,0.0889709
10.936,0.0889709
10.938,0.0889709
10.94,0.0889709
10.942,0.0889709
10.944,0.0889709
10.946,0.0889709
10.948,0.0889709
10.95,0.0889709
10.952,0.0889709
10.954,0.0889709
10.956,0.0889709
10.958,0.0889709
10.96,0.0889709
10.962,0.0889709
10.964,0.0889709
10.966,0.0889709
10.968,0.0889709
10.97,0.0889709
10.972,0.0889709
10.974,0.0889709
10.976,0.0889709
10.978,0.0889709
10.98,0.0889709
10.982,0.0889709
10.984,0.0889709
10.986,0.0859029
10.988,0.0859029
10.99,0.0859029
10.992,0.0859029
10.994,0.0859029
10.996,0.0859029
10.998,0.0859029
11,0.0859029
11.002,0.0859029
11.004,0.0859029
11.006,0.0859029
11.008,0.0859029
11.01,0.0859029
11.012,0.0859029
11.014,0.0859029
11.016,0.0859029
11.018,0.0859029
11.02,0.0859029
11.022,0.0859029
11.024,0.0859029
11.026,0.0859029
11.028,0.0859029
11.03,0.0859029
11.032,0.0859029
11.034,0.0859029
11.036,0.0859029
11.038,0.0859029
11.04,0.0859029
11.042,0.0859029
11.044,0.0859029
11.046,0.0859029
11.048,0.0859029
11.05,0.0859029
11.052,0.0859029
11.054,0.0859029
11.056,0.0859029
11.058,0.0859029
11.06,0.0859029
11.062,0.0859029
11.064,0.0859029
11.066,0.0859029
11.068,0.0859029
11.07,0.0859029
11.072,0.0859029
11.074,0.0859029
11.076,0.0859029
11.078,0.0859029
11.08,0.0859029
11.082,0.0859029
11.084,0.0859029
11.086,0.0859029
11.088,0.0859029
11.09,0.0859029
11.092,0.0859029
11.094,0.0859029
11.096,0.0859029
11.098,0.0859029
11.1,0.0859029
11.102,0.0859029
11.104,0.0859029
11.106,0.0859029
11.108,0.0859029
11.11,0.0859029
11.112,0.0859029
11.114,0.0859029
11.116,0.0859029
11.118,0.0859029
11.12,0.0859029
11.122,0.0859029
11.124,0.0859029
11.126,0.0859029
11.128,0.0859029
11.13,0.0859029
11.132,0.0859029
11.134,0.0859029
11.136,0.0859029
11.138,0.082835
11.14,0.082835
11.142,0.082835
11.144,0.082835
11.146,0.082835
11.148,0.082835
11.15,0.082835
11.152,0.082835
11.154,0.082835
11.156,0.082835
11.158,0.082835
11.16,0.082835
11.162,0.082835
11.164,0.082835
11.166,0.082835
11.168,0.082835
11.17,0.082835
11.172,0.082835
11.174,0.082835
11.176,0.082835
11.178,0.082835
11.18,0.082835
11.182,0.082835
11.184,0.082835
11.186,0.082835
11.188,0.082835
11.19,0.082835
11.192,0.082835
11.194,0.082835
11.196,0.082835
11.198,0.082835
11.2,0.082835
11.202,0.082835
11.204,0.082835
11.206,0.082835
11.208,0.082835
11.21,0.082835
11.212,0.082835
11.214,0.082835
11.216,0.082835
11.218,0.082835
11.22,0.082835
11.222,0.082835
11.224,0.082835
11.226,0.082835
11.228,0.082835
11.23,0.082835
11.232,0.082835
11.234,0.082835
11.236,0.082835
11.238,0.082835
11.24,0.082835
11.242,0.082835
11.244,0.082835
11.246,0.082835
11.248,0.082835
11.25,0.082835
11.252,0.082835
11.254,0.082835
11.256,0.082835
11.258,0.082835
11.26,0.082835
11.262,0.082835
11.264,0.082835
11.266,0.082835
11.268,0.082835
11.27,0.082835
11.272,0.082835
11.274,0.082835
11.276,0.082835
11.278,0.082835
11.28,0.082835
11.282,0.082835
11.284,0.082835
11.286,0.082835
11.288,0.082835
11.29,0.082835
11.292,0.079767
11.294,0.079767
11.296,0.079767
11.298,0.079767
11.3,0.079767
11.302,0.079767
11.304,0.079767
11.306,0.079767
11.308,0.079767
11.31,0.079767
11.312,0.079767
11.314,0.079767
11.316,0.079767
11.318,0.079767
11.32,0.079767
11.322,0.079767
11.324,0.079767
11.326,0.079767
11.328,0.079767
11.33,0.079767
11.332,0.079767
11.334,0.079767
11.336,0.079767
11.338,0.079767
11.34,0.079767
11.342,0.079767
11.344,0.079767
11.346,0.079767
11.348,0.079767
11.35,0.079767
11.352,0.079767
11.354,0.079767
11.356,0.079767
11.358,0.079767
11.36,0.079767
11.362,0.079767
11.364,0.079767
11.366,0.079767
11.368,0.079767
11.37,0.079767
11.372,0.079767
11.374,0.079767
11.376,0.079767
11.378,0.079767
11.38,0.079767
11.382,0.079767
11.384,0.079767
11.386,0.079767
11.388,0.079767
11.39,0.079767
11.392,0.079767
11.394,0.079767
11.396,0.079767
11.398,0.079767
11.4,0.079767
11.402,0.079767
11.404,0.079767
11.406,0.079767
11.408,0.079767
11.41,0.079767
11.412,0.079767
11.414,0.079767
11.416,0.079767
11.418,0.079767
11.42,0.079767
11.422,0.079767
11.424,0.079767
11.426,0.079767
11.428,0.079767
11.43,0.079767
11.432,0.076699
11.434,0.076699
11.436,0.076699
11.438,0.076699
11.44,0.076699
11.442,0.076699
11.444,0.076699
11.446,0.076699
11.448,0.076699
11.45,0.076699
11.452,0.076699
11.454,0.076699
11.456,0.076699
11.458,0.076699
11.46,0.076699
11.462,0.076699
11.464,0.076699
11.466,0.076699
11.468,0.076699
11.47,0.076699
11.472,0.076699
11.474,0.076699
11.476,0.076699
11.478,0.076699
11.48,0.076699
11.482,0.076699
11.484,0.076699
11.486,0.076699
11.488,0.076699
11.49,0.076699
11.492,0.076699
11.494,0.076699
11.496,0.076699
11.498,0.076699
11.5,0.076699
11.502,0.076699
11.504,0.076699
11.506,0.076699
11.508,0.076699
11.51,0.076699
11.512,0.076699
11.514,0.076699
11.516,0.076699
11.518,0.076699
11.52,0.076699
11.522,0.076699
11.524,0.076699
11.526,0.076699
11.528,0.076699
11.53,0.076699
11.532,0.076699
11.534,0.076699
11.536,0.076699
11.538,0.076699
11.54,0.076699
11.542,0.076699
11.544,0.076699
11.546,0.076699
11.548,0.076699
11.55,0.076699
11.552,0.076699
11.554,0.076699
11.556,0.076699
11.558,0.076699
11.56,0.076699
11.562,0.076699
11.564,0.076699
11.566,0.076699
11.568,0.076699
11.57,0.076699
11.572,0.076699
11.574,0.076699
11.576,0.076699
11.578,0.076699
11.58,0.0736311
11.582,0.0736311
11.584,0.0736311
11.586,0.0736311
11.588,0.0736311
11.59,0.0736311
11.592,0.0736311
11.594,0.0736311
11.596,0.0736311
11.598,0.0736311
11.6,0.0736311
11.602,0.0736311
11.604,0.0736311
11.606,0.0736311
11.608,0.0736311
11.61,0.0736311
11.612,0.0736311
11.614,0.0736311
11.616,0.0736311
11.618,0.0736311
11.62,0.0736311
11.622,0.0736311
11.624,0.0736311
11.626,0.0736311
11.628,0.0736311
11.63,0.0736311
11.632,0.0736311
11.634,0.0736311
11.636,0.0736311
11.638,0.0736311
11.64,0.0736311
11.642,0.0736311
11.644,0.0736311
11.646,0.0736311
11.648,0.0736311
11.65,0.0736311
11.652,0.0736311
11.654,0.0736311
11.656,0.0736311
11.658,0.0736311
11.66,0.0736311
11.662,0.0736311
11.664,0.0736311
11.666,0.0736311
11.668,0.0736311
11.67,0.0736311
11.672,0.0736311
11.674,0.0736311
11.676,0.0736311
11.678,0.0736311
11.68,0.0736311
11.682,0.0736311
11.684,0.0736311
11.686,0.0736311
11.688,0.0736311
11.69,0.0736311
11.692,0.0736311
11.694,0.0736311
11.696,0.0736311
11.698,0.0736311
11.7,0.0736311
11.702,0.0736311
11.704,0.0736311
11.706,0.0736311
11.708,0.0736311
11.71,0.0736311
11.712,0.0736311
11.714,0.0736311
11.716,0.0736311
11.718,0.0736311
11.72,0.0736311
11.722,0.0736311
11.724,0.0736311
11.726,0.0736311
11.728,0.0736311
11.73,0.0736311
11.732,0.0736311
11.734,0.0736311
11.736,0.0736311
11.738,0.0736311
11.74,0.0736311
11.742,0.0736311
11.744,0.0736311
11.746,0.0736311
11.748,0.0736311
11.75,0.0736311
11.752,0.0736311
11.754,0.0736311
11.756,0.0736311
11.758,0.0736311
11.76,0.0736311
11.762,0.0736311
11.764,0.0736311
11.766,0.0736311
11.768,0.0736311
11.77,0.0736311
11.772,0.0736311
11.774,0.0736311
11.776,0.0736311
11.778,0.0736311
11.78,0.0736311
11.782,0.0736311
11.784,0.0736311
11.786,0.0736311
11.788,0.0736311
11.79,0.0736311
11.792,0.0736311
11.794,0.0736311
11.796,0.0736311
11.798,0.0736311
11.8,0.0705631
11.802,0.0705631
11.804,0.0705631
11.806,0.0705631
11.808,0.0705631
11.81,0.0705631
11.812,0.0705631
11.814,0.0705631
11.816,0.0705631
11.818,0.0705631
11.82,0.0705631
11.822,0.0705631
11.824,0.0705631
11.826,0.0705631
11.828,0.0705631
11.83,0.0705631
11.832,0.0705631
11.834,0.0705631
11.836,0.0705631
11.838,0.0705631
11.84,0.0705631
11.842,0.0705631
11.844,0.0705631
11.846,0.0705631
11.848,0.0705631
11.85,0.0705631
11.852,0.0705631
11.854,0.0705631
11.856,0.0705631
11.858,0.0705631
11.86,0.0705631
11.862,0.0705631
11.864,0.0705631
11.866,0.0705631
11.868,0.0705631
11.87,0.0705631
11.872,0.0705631
11.874,0.0705631
11.876,0.0705631
11.878,0.0705631
11.88,0.0705631
11.882,0.0705631
11.884,0.0705631
11.886,0.0705631
11.888,0.0705631
11.89,0.0705631
11.892,0.0705631
11.894,0.0705631
11.896,0.0705631
11.898,0.0705631
11.9,0.0705631
11.902,0.0705631
11.904,0.0705631
11.906,0.0705631
11.908,0.0705631
11.91,0.0705631
11.912,0.0705631
11.914,0.0705631
11.916,0.0705631
11.918,0.0705631
11.92,0.0705631
11.922,0.0705631
11.924,0.0705631
11.926,0.0705631
11.928,0.0705631
11.93,0.0705631
11.932,0.0705631
11.934,0.0705631
11.936,0.0705631
11.938,0.0705631
11.94,0.0705631
11.942,0.0705631
11.944,0.0705631
11.946,0.0705631
11.948,0.0705631
11.95,0.0705631
11.952,0.0705631
11.954,0.0705631
11.956,0.0705631
11.958,0.0705631
11.96,0.0705631
11.962,0.0705631
11.964,0.0705631
11.966,0.0705631
11.968,0.0705631
11.97,0.0705631
11.972,0.0705631
11.974,0.0705631
11.976,0.0705631
11.978,0.0705631
11.98,0.0705631
11.982,0.0705631
11.984,0.0705631
11.986,0.0705631
11.988,0.0705631
11.99,0.0705631
11.992,0.0705631
11.994,0.0705631
11.996,0.0705631
11.998,0.0705631
12,0.0705631
12.002,0.0705631
12.004,0.0705631
12.006,0.0705631
12.008,0.0705631
12.01,0.0705631
12.012,0.0705631
12.014,0.0705631
12.016,0.0705631
12.018,0.0705631
12.02,0.0705631
12.022,0.0705631
12.024,0.0705631
12.026,0.0705631
12.028,0.0705631
12.03,0.0705631
12.032,0.0705631
12.034,0.0705631
12.036,0.0705631
12.038,0.0705631
12.04,0.0705631
12.042,0.0705631
12.044,0.0705631
12.046,0.0705631
12.048,0.0705631
12.05,0.0705631
12.052,0.0705631
12.054,0.0705631
12.056,0.0705631
12.058,0.0705631
12.06,0.0705631
12.062,0.0705631
12.064,0.0705631
12.066,0.0705631
12.068,0.0705631
12.07,0.0705631
12.072,0.0705631
12.074,0.0705631
12.076,0.0705631
12.078,0.0705631
12.08,0.0705631
12.082,0.0705631
12.084,0.0705631
12.086,0.0705631
12.088,0.0705631
12.09,0.0705631
12.092,0.0705631
12.094,0.0705631
12.096,0.0705631
12.098,0.0705631
12.1,0.0705631
12.102,0.0705631
12.104,0.0705631
12.106,0.0705631
12.108,0.0705631
12.11,0.0705631
12.112,0.0705631
12.114,0.0705631
12.116,0.0705631
12.118,0.0705631
12.12,0.0705631
12.122,0.0705631
12.124,0.0705631
12.126,0.0705631
12.128,0.0705631
12.13,0.0705631
12.132,0.0705631
12.134,0.0705631
12.136,0.0705631
12.138,0.0705631
12.14,0.0705631
12.142,0.0705631
12.144,0.0705631
12.146,0.0705631
12.148,0.0705631
12.15,0.0705631
12.152,0.0705631
12.154,0.0705631
12.156,0.0705631
12.158,0.0705631
12.16,0.0705631
12.162,0.0705631
12.164,0.0705631
12.166,0.0705631
12.168,0.0705631
12.17,0.0705631
12.172,0.0705631
12.174,0.0705631
12.176,0.0705631
12.178,0.0705631
12.18,0.0705631
12.182,0.0705631
12.184,0.0705631
12.186,0.0705631
12.188,0.0705631
12.19,0.0705631
12.192,0.0705631
12.194,0.0705631
12.196,0.0705631
12.198,0.0705631
12.2,0.0705631
12.202,0.0705631
12.204,0.0705631
12.206,0.0705631
12.208,0.0705631
12.21,0.0705631
12.212,0.0705631
12.214,0.0705631
12.216,0.0705631
12.218,0.0705631
12.22,0.0705631
12.222,0.0705631
12.224,0.0705631
12.226,0.0705631
12.228,0.0705631
12.23,0.0705631
12.232,0.0705631
12.234,0.0705631
12.236,0.0705631
12.238,0.0705631
12.24,0.0705631
12.242,0.0705631
12.244,0.0705631
12.246,0.0705631
12.248,0.0705631
12.25,0.0705631
12.252,0.0705631
12.254,0.0705631
12.256,0.0705631
12.258,0.0705631
12.26,0.0705631
12.262,0.0705631
12.264,0.0705631
12.266,0.0705631
12.268,0.0705631
12.27,0.0705631
12.272,0.0705631
12.274,0.0705631
12.276,0.0705631
12.278,0.0705631
12.28,0.0705631
12.282,0.0705631
12.284,0.0705631
12.286,0.0705631
12.288,0.0705631
12.29,0.0705631
12.292,0.0705631
12.294,0.0705631
12.296,0.0705631
12.298,0.0705631
12.3,0.0705631
12.302,0.0705631
12.304,0.0705631
12.306,0.0705631
12.308,0.0705631
12.31,0.0705631
12.312,0.0705631
12.314,0.0705631
12.316,0.0705631
12.318,0.0705631
12.32,0.0705631
12.322,0.0705631
12.324,0.0705631
12.326,0.0705631
12.328,0.0705631
12.33,0.0705631
12.332,0.0705631
12.334,0.0705631
12.336,0.0705631
12.338,0.0705631
12.34,0.0705631
12.342,0.0705631
12.344,0.0705631
12.346,0.0705631
12.348,0.0705631
12.35,0.0705631
12.352,0.0705631
12.354,0.0705631
12.356,0.0705631
12.358,0.0705631
12.36,0.0705631
12.362,0.0705631
12.364,0.0705631
12.366,0.0705631
12.368,0.0705631
12.37,0.0705631
12.372,0.0705631
12.374,0.0705631
12.376,0.0705631
12.378,0.0705631
12.38,0.0705631
12.382,0.0705631
12.384,0.0705631
12.386,0.0705631
12.388,0.0705631
12.39,0.0674952
12.392,0.0674952
12.394,0.0674952
12.396,0.0674952
12.398,0.0674952
12.4,0.0674952
12.402,0.0674952
12.404,0.0674952
12.406,0.0674952
12.408,0.0674952
12.41,0.0674952
12.412,0.0674952
12.414,0.0674952
12.416,0.0674952
12.418,0.0674952
12.42,0.0674952
12.422,0.0674952
12.424,0.0674952
12.426,0.0674952
12.428,0.0674952
12.43,0.0674952
12.432,0.0674952
12.434,0.0674952
12.436,0.0674952
12.438,0.0674952
12.44,0.0674952
12.442,0.0674952
12.444,0.0674952
12.446,0.0674952
12.448,0.0674952
12.45,0.0674952
12.452,0.0674952
12.454,0.0674952
12.456,0.0674952
12.458,0.0674952
12.46,0.0674952
12.462,0.0674952
12.464,0.0674952
12.466,0.0674952
12.468,0.0674952
12.47,0.0674952
12.472,0.0674952
12.474,0.0674952
12.476,0.0674952
12.478,0.0674952
12.48,0.0674952
12.482,0.0674952
12.484,0.0674952
12.486,0.0674952
12.488,0.0674952
12.49,0.0674952
12.492,0.0674952
12.494,0.0674952
12.496,0.0674952
12.498,0.0674952
12.5,0.0674952
12.502,0.0674952
12.504,0.0674952
12.506,0.0674952
12.508,0.0674952
12.51,0.0674952
12.512,0.0674952
12.514,0.0674952
12.516,0.0674952
12.518,0.0674952
12.52,0.0674952
12.522,0.0674952
12.524,0.0674952
12.526,0.0674952
12.528,0.0674952
12.53,0.0674952
12.532,0.0674952
12.534,0.0674952
12.536,0.0674952
12.538,0.0674952
12.54,0.0674952
12.542,0.0674952
12.544,0.0674952
12.546,0.0674952
12.548,0.0674952
12.55,0.0674952
12.552,0.0674952
12.554,0.0674952
12.556,0.0674952
12.558,0.0674952
12.56,0.0674952
12.562,0.0674952
12.564,0.0674952
12.566,0.0674952
12.568,0.0674952
12.57,0.0674952
12.572,0.0674952
12.574,0.0674952
12.576,0.0674952
12.578,0.0674952
12.58,0.0674952
12.582,0.0674952
12.584,0.0674952
12.586,0.0674952
12.588,0.0674952
12.59,0.0674952
12.592,0.0674952
12.594,0.0674952
12.596,0.0674952
12.598,0.0674952
12.6,0.0674952
12.602,0.0674952
12.604,0.0674952
12.606,0.0674952
12.608,0.0674952
12.61,0.0674952
12.612,0.0674952
12.614,0.0674952
12.616,0.0674952
12.618,0.0674952
12.62,0.0674952
12.622,0.0674952
12.624,0.0674952
12.626,0.0674952
12.628,0.0674952
12.63,0.0674952
12.632,0.0674952
12.634,0.0674952
12.636,0.0674952
12.638,0.0674952
12.64,0.0674952
12.642,0.0674952
12.644,0.0674952
12.646,0.0674952
12.648,0.0674952
12.65,0.0674952
12.652,0.0674952
12.654,0.0674952
12.656,0.0674952
12.658,0.0674952
12.66,0.0674952
12.662,0.0674952
12.664,0.0674952
12.666,0.0674952
12.668,0.0674952
12.67,0.0674952
12.672,0.0674952
12.674,0.0674952
12.676,0.0674952
12.678,0.0674952
12.68,0.0674952
12.682,0.0674952
12.684,0.0674952
12.686,0.0674952
12.688,0.0674952
12.69,0.0674952
12.692,0.0674952
12.694,0.0674952
12.696,0.0674952
12.698,0.0674952
12.7,0.0674952
12.702,0.0674952
12.704,0.0674952
12.706,0.0674952
12.708,0.0674952
12.71,0.0674952
12.712,0.0674952
12.714,0.0674952
12.716,0.0674952
12.718,0.0674952
12.72,0.0674952
12.722,0.0674952
12.724,0.0674952
12.726,0.0674952
12.728,0.0674952
12.73,0.0674952
12.732,0.0674952
12.734,0.0674952
12.736,0.0674952
12.738,0.0674952
12.74,0.0674952
12.742,0.0674952
12.744,0.0674952
12.746,0.0674952
12.748,0.0674952
12.75,0.0674952
12.752,0.0674952
12.754,0.0674952
12.756,0.0674952
12.758,0.0674952
12.76,0.0674952
12.762,0.0674952
12.764,0.0674952
12.766,0.0674952
12.768,0.0674952
12.77,0.0674952
12.772,0.0674952
12.774,0.0674952
12.776,0.0674952
12.778,0.0674952
12.78,0.0674952
12.782,0.0674952
12.784,0.0674952
12.786,0.0674952
12.788,0.0674952
12.79,0.0674952
12.792,0.0674952
12.794,0.0674952
12.796,0.0674952
12.798,0.0674952
12.8,0.0674952
12.802,0.0674952
12.804,0.0674952
12.806,0.0674952
12.808,0.0674952
12.81,0.0674952
12.812,0.0674952
12.814,0.0674952
12.816,0.0674952
12.818,0.0674952
12.82,0.0674952
12.822,0.0674952
12.824,0.0674952
12.826,0.0674952
12.828,0.0674952
12.83,0.0674952
12.832,0.0674952
12.834,0.0674952
12.836,0.0674952
12.838,0.0674952
12.84,0.0674952
12.842,0.0674952
12.844,0.0674952
12.846,0.0674952
12.848,0.0674952
12.85,0.0674952
12.852,0.0674952
12.854,0.0674952
12.856,0.0674952
12.858,0.0674952
12.86,0.0674952
12.862,0.0674952
12.864,0.0674952
12.866,0.0674952
12.868,0.0674952
12.87,0.0674952
12.872,0.0674952
12.874,0.0674952
12.876,0.0674952
12.878,0.0674952
12.88,0.0674952
12.882,0.0674952
12.884,0.0674952
12.886,0.0674952
12.888,0.0674952
12.89,0.0674952
12.892,0.0674952
12.894,0.0674952
12.896,0.0674952
12.898,0.0674952
12.9,0.0674952
12.902,0.0674952
12.904,0.0674952
12.906,0.0674952
12.908,0.0674952
12.91,0.0674952
12.912,0.0674952
12.914,0.0674952
12.916,0.0674952
12.918,0.0674952
12.92,0.0674952
12.922,0.0674952
12.924,0.0674952
12.926,0.0674952
12.928,0.0674952
12.93,0.0674952
12.932,0.0674952
12.934,0.0674952
12.936,0.0674952
12.938,0.0674952
12.94,0.0674952
12.942,0.0674952
12.944,0.0674952
12.946,0.0674952
12.948,0.0674952
12.95,0.0674952
12.952,0.0674952
12.954,0.0674952
12.956,0.0674952
12.958,0.0674952
12.96,0.0674952
12.962,0.0674952
12.964,0.0674952
12.966,0.0674952
12.968,0.0674952
12.97,0.0674952
12.972,0.0674952
12.974,0.0674952
12.976,0.0674952
12.978,0.0674952
12.98,0.0674952
12.982,0.0674952
12.984,0.0674952
12.986,0.0674952
12.988,0.0674952
12.99,0.0674952
12.992,0.0674952
12.994,0.0674952
12.996,0.0674952
12.998,0.0674952
13,0.0674952
13.002,0.0674952
13.004,0.0674952
13.006,0.0674952
13.008,0.0674952
13.01,0.0674952
13.012,0.0674952
13.014,0.0674952
13.016,0.0674952
13.018,0.0674952
13.02,0.0674952
13.022,0.0674952
13.024,0.0674952
13.026,0.0674952
13.028,0.0674952
13.03,0.0674952
13.032,0.0674952
13.034,0.0674952
13.036,0.0674952
13.038,0.0674952
13.04,0.0674952
13.042,0.0674952
13.044,0.0674952
13.046,0.0674952
13.048,0.0674952
13.05,0.0674952
13.052,0.0674952
13.054,0.0674952
13.056,0.0674952
13.058,0.0644272
13.06,0.0644272
13.062,0.0644272
13.064,0.0644272
13.066,0.0644272
13.068,0.0644272
13.07,0.0644272
13.072,0.0644272
13.074,0.0644272
13.076,0.0644272
13.078,0.0644272
13.08,0.0644272
13.082,0.0644272
13.084,0.0644272
13.086,0.0644272
13.088,0.0644272
13.09,0.0644272
13.092,0.0644272
13.094,0.0644272
13.096,0.0644272
13.098,0.0644272
13.1,0.0644272
13.102,0.0644272
13.104,0.0644272
13.106,0.0644272
13.108,0.0644272
13.11,0.0644272
13.112,0.0644272
13.114,0.0644272
13.116,0.0644272
13.118,0.0644272
13.12,0.0644272
13.122,0.0644272
13.124,0.0644272
13.126,0.0644272
13.128,0.0644272
13.13,0.0644272
13.132,0.0644272
13.134,0.0644272
13.136,0.0644272
13.138,0.0644272
13.14,0.0644272
13.142,0.0644272
13.144,0.0644272
13.146,0.0644272
13.148,0.0644272
13.15,0.0644272
13.152,0.0644272
13.154,0.0644272
13.156,0.0644272
13.158,0.0644272
13.16,0.0644272
13.162,0.0644272
13.164,0.0644272
13.166,0.0644272
13.168,0.0644272
13.17,0.0644272
13.172,0.0644272
13.174,0.0644272
13.176,0.0644272
13.178,0.0644272
13.18,0.0644272
13.182,0.0644272
13.184,0.0644272
13.186,0.0644272
13.188,0.0644272
13.19,0.0644272
13.192,0.0644272
13.194,0.0644272
13.196,0.0644272
13.198,0.0644272
13.2,0.0644272
13.202,0.0644272
13.204,0.0644272
13.206,0.0644272
13.208,0.0644272
13.21,0.0644272
13.212,0.0644272
13.214,0.0644272
13.216,0.0644272
13.218,0.0644272
13.22,0.0644272
13.222,0.0644272
13.224,0.0644272
13.226,0.0644272
13.228,0.0644272
13.23,0.0644272
13.232,0.0644272
13.234,0.0644272
13.236,0.0644272
13.238,0.0644272
13.24,0.0644272
13.242,0.0644272
13.244,0.0644272
13.246,0.0644272
13.248,0.0644272
13.25,0.0644272
13.252,0.0644272
13.254,0.0644272
13.256,0.0644272
13.258,0.0644272
13.26,0.0644272
13.262,0.0644272
13.264,0.0644272
13.266,0.0644272
13.268,0.0644272
13.27,0.0644272
13.272,0.0644272
13.274,0.0644272
13.276,0.0644272
13.278,0.0644272
13.28,0.0644272
13.282,0.0644272
13.284,0.0644272
13.286,0.0644272
13.288,0.0644272
13.29,0.0644272
13.292,0.0644272
13.294,0.0644272
13.296,0.0644272
13.298,0.0644272
13.3,0.0644272
13.302,0.0644272
13.304,0.0644272
13.306,0.0644272
13.308,0.0644272
13.31,0.0644272
13.312,0.0644272
13.314,0.0644272
13.316,0.0644272
13.318,0.0644272
13.32,0.0644272
13.322,0.0644272
13.324,0.0644272
13.326,0.0644272
13.328,0.0644272
13.33,0.0644272
13.332,0.0644272
13.334,0.0644272
13.336,0.0644272
13.338,0.0644272
13.34,0.0644272
13.342,0.0644272
13.344,0.0644272
13.346,0.0644272
13.348,0.0644272
13.35,0.0644272
13.352,0.0644272
13.354,0.0644272
13.356,0.0644272
13.358,0.0644272
13.36,0.0644272
13.362,0.0644272
13.364,0.0644272
13.366,0.0644272
13.368,0.0644272
13.37,0.0644272
13.372,0.0644272
13.374,0.0644272
13.376,0.0644272
13.378,0.0644272
13.38,0.0644272
13.382,0.0644272
13.384,0.0644272
13.386,0.0644272
13.388,0.0644272
13.39,0.0644272
13.392,0.0644272
13.394,0.0644272
13.396,0.0644272
13.398,0.0644272
13.4,0.0644272
13.402,0.0644272
13.404,0.0644272
13.406,0.0644272
13.408,0.0644272
13.41,0.0644272
13.412,0.0644272
13.414,0.0644272
13.416,0.0644272
13.418,0.0644272
13.42,0.0644272
13.422,0.0644272
13.424,0.0644272
13.426,0.0644272
13.428,0.0644272
13.43,0.0644272
13.432,0.0644272
13.434,0.0644272
13.436,0.0644272
13.438,0.0644272
13.44,0.0644272
13.442,0.0644272
13.444,0.0644272
13.446,0.0644272
13.448,0.0644272
13.45,0.0644272
13.452,0.0644272
13.454,0.0644272
13.456,0.0644272
13.458,0.0644272
13.46,0.0644272
13.462,0.0644272
13.464,0.0613592
13.466,0.0613592
13.468,0.0613592
13.47,0.0613592
13.472,0.0613592
13.474,0.0613592
13.476,0.0613592
13.478,0.0613592
13.48,0.0613592
13.482,0.0613592
13.484,0.0613592
13.486,0.0613592
13.488,0.0613592
13.49,0.0613592
13.492,0.0613592
13.494,0.0613592
13.496,0.0613592
13.498,0.0613592
13.5,0.0613592
13.502,0.0613592
13.504,0.0613592
13.506,0.0613592
13.508,0.0613592
13.51,0.0613592
13.512,0.0613592
13.514,0.0613592
13.516,0.0613592
13.518,0.0613592
13.52,0.0613592
13.522,0.0613592
13.524,0.0613592
13.526,0.0613592
13.528,0.0613592
13.53,0.0613592
13.532,0.0613592
13.534,0.0613592
13.536,0.0613592
13.538,0.0613592
13.54,0.0613592
13.542,0.0613592
13.544,0.0613592
13.546,0.0613592
13.548,0.0613592
13.55,0.0613592
13.552,0.0613592
13.554,0.0613592
13.556,0.0613592
13.558,0.0613592
13.56,0.0613592
13.562,0.0613592
13.564,0.0613592
13.566,0.0613592
13.568,0.0613592
13.57,0.0613592
13.572,0.0613592
13.574,0.0613592
13.576,0.0613592
13.578,0.0613592
13.58,0.0613592
13.582,0.0613592
13.584,0.0613592
13.586,0.0613592
13.588,0.0613592
13.59,0.0613592
13.592,0.0613592
13.594,0.0613592
13.596,0.0613592
13.598,0.0613592
13.6,0.0613592
13.602,0.0613592
13.604,0.0613592
13.606,0.0613592
13.608,0.0613592
13.61,0.0613592
13.612,0.0613592
13.614,0.0613592
13.616,0.0613592
13.618,0.0613592
13.62,0.0613592
13.622,0.0613592
13.624,0.0613592
13.626,0.0613592
13.628,0.0613592
13.63,0.0613592
13.632,0.0613592
13.634,0.0613592
13.636,0.0613592
13.638,0.0613592
13.64,0.0613592
13.642,0.0613592
13.644,0.0613592
13.646,0.0613592
13.648,0.0613592
13.65,0.0613592
13.652,0.0613592
13.654,0.0613592
13.656,0.0613592
13.658,0.0613592
13.66,0.0613592
13.662,0.0613592
13.664,0.0613592
13.666,0.0613592
13.668,0.0613592
13.67,0.0613592
13.672,0.0613592
13.674,0.0613592
13.676,0.0613592
13.678,0.0613592
13.68,0.0613592
13.682,0.0613592
13.684,0.0613592
13.686,0.0613592
13.688,0.0613592
13.69,0.0613592
13.692,0.0613592
13.694,0.0613592
13.696,0.0613592
13.698,0.0613592
13.7,0.0613592
13.702,0.0613592
13.704,0.0613592
13.706,0.0613592
13.708,0.0613592
13.71,0.0613592
13.712,0.0613592
13.714,0.0613592
13.716,0.0613592
13.718,0.0613592
13.72,0.0613592
13.722,0.0613592
13.724,0.0613592
13.726,0.0613592
13.728,0.0613592
13.73,0.0613592
13.732,0.0613592
13.734,0.0613592
13.736,0.0613592
13.738,0.0613592
13.74,0.0613592
13.742,0.0613592
13.744,0.0613592
13.746,0.0613592
13.748,0.0613592
13.75,0.0613592
13.752,0.0613592
13.754,0.0613592
13.756,0.0613592
13.758,0.0613592
13.76,0.0613592
13.762,0.0613592
13.764,0.0613592
13.766,0.0613592
13.768,0.0613592
13.77,0.0613592
13.772,0.0613592
13.774,0.0613592
13.776,0.0613592
13.778,0.0613592
13.78,0.0613592
13.782,0.0613592
13.784,0.0613592
13.786,0.0613592
13.788,0.0613592
13.79,0.0613592
13.792,0.0613592
13.794,0.0613592
13.796,0.0613592
13.798,0.0613592
13.8,0.0613592
13.802,0.0613592
13.804,0.0613592
13.806,0.0613592
13.808,0.0613592
13.81,0.0613592
13.812,0.0613592
13.814,0.0613592
13.816,0.0613592
13.818,0.0613592
13.82,0.0613592
13.822,0.0613592
13.824,0.0613592
13.826,0.0613592
13.828,0.0613592
13.83,0.0613592
13.832,0.0613592
13.834,0.0613592
13.836,0.0613592
13.838,0.0613592
13.84,0.0613592
13.842,0.0613592
13.844,0.0613592
13.846,0.0613592
13.848,0.0613592
13.85,0.0613592
13.852,0.0613592
13.854,0.0613592
13.856,0.0613592
13.858,0.0613592
13.86,0.0613592
13.862,0.0613592
13.864,0.0613592
13.866,0.0613592
13.868,0.0613592
13.87,0.0613592
13.872,0.0613592
13.874,0.0613592
13.876,0.0613592
13.878,0.0613592
13.88,0.0613592
13.882,0.0613592
13.884,0.0613592
13.886,0.0613592
13.888,0.0613592
13.89,0.0613592
13.892,0.0613592
13.894,0.0613592
13.896,0.0613592
13.898,0.0613592
13.9,0.0613592
13.902,0.0613592
13.904,0.0613592
13.906,0.0613592
13.908,0.0613592
13.91,0.0613592
13.912,0.0613592
13.914,0.0613592
13.916,0.0613592
13.918,0.0613592
13.92,0.0613592
13.922,0.0613592
13.924,0.0613592
13.926,0.0613592
13.928,0.0613592
13.93,0.0613592
13.932,0.0613592
13.934,0.0613592
13.936,0.0613592
13.938,0.0613592
13.94,0.0613592
13.942,0.0613592
13.944,0.0613592
13.946,0.0613592
13.948,0.0613592
13.95,0.0613592
13.952,0.0613592
13.954,0.0613592
13.956,0.0613592
13.958,0.0613592
13.96,0.0613592
13.962,0.0613592
13.964,0.0613592
13.966,0.0613592
13.968,0.0613592
13.97,0.0613592
13.972,0.0613592
13.974,0.0613592
13.976,0.0613592
13.978,0.0613592
13.98,0.0613592
13.982,0.0613592
13.984,0.0613592
13.986,0.0613592
13.988,0.0613592
13.99,0.0613592
13.992,0.0613592
13.994,0.0613592
13.996,0.0613592
13.998,0.0613592
14,0.0613592
14.002,0.0582913
14.004,0.0582913
14.006,0.0582913
14.008,0.0582913
14.01,0.0582913
14.012,0.0582913
14.014,0.0582913
14.016,0.0582913
14.018,0.0582913
14.02,0.0582913
14.022,0.0582913
14.024,0.0582913
14.026,0.0582913
14.028,0.0582913
14.03,0.0582913
14.032,0.0582913
14.034,0.0582913
14.036,0.0582913
14.038,0.0582913
14.04,0.0582913
14.042,0.0582913
14.044,0.0582913
14.046,0.0582913
14.048,0.0582913
14.05,0.0582913
14.052,0.0582913
14.054,0.0582913
14.056,0.0582913
14.058,0.0582913
14.06,0.0582913
14.062,0.0582913
14.064,0.0582913
14.066,0.0582913
14.068,0.0582913
14.07,0.0582913
14.072,0.0582913
14.074,0.0582913
14.076,0.0582913
14.078,0.0582913
14.08,0.0582913
14.082,0.0582913
14.084,0.0582913
14.086,0.0582913
14.088,0.0582913
14.09,0.0582913
14.092,0.0582913
14.094,0.0582913
14.096,0.0582913
14.098,0.0582913
14.1,0.0582913
14.102,0.0582913
14.104,0.0582913
14.106,0.0582913
14.108,0.0582913
14.11,0.0582913
14.112,0.0582913
14.114,0.0582913
14.116,0.0582913
14.118,0.0582913
14.12,0.0582913
14.122,0.0582913
14.124,0.0582913
14.126,0.0582913
14.128,0.0582913
14.13,0.0582913
14.132,0.0582913
14.134,0.0582913
14.136,0.0582913
14.138,0.0582913
14.14,0.0582913
14.142,0.0582913
14.144,0.0582913
14.146,0.0582913
14.148,0.0582913
14.15,0.0582913
14.152,0.0582913
14.154,0.0582913
14.156,0.0582913
14.158,0.0582913
14.16,0.0582913
14.162,0.0582913
14.164,0.0582913
14.166,0.0582913
14.168,0.0582913
14.17,0.0582913
14.172,0.0582913
14.174,0.0582913
14.176,0.0582913
14.178,0.0582913
14.18,0.0582913
14.182,0.0582913
14.184,0.0582913
14.186,0.0582913
14.188,0.0582913
14.19,0.0582913
14.192,0.0582913
14.194,0.0582913
14.196,0.0582913
14.198,0.0582913
14.2,0.0582913
14.202,0.0582913
14.204,0.0582913
14.206,0.0582913
14.208,0.0582913
14.21,0.0582913
14.212,0.0582913
14.214,0.0582913
14.216,0.0582913
14.218,0.0582913
14.22,0.0582913
14.222,0.0582913
14.224,0.0582913
14.226,0.0582913
14.228,0.0582913
14.23,0.0582913
14.232,0.0582913
14.234,0.0582913
14.236,0.0582913
14.238,0.0582913
14.24,0.0582913
14.242,0.0582913
14.244,0.0582913
14.246,0.0582913
14.248,0.0582913
14.25,0.0582913
14.252,0.0582913
14.254,0.0582913
14.256,0.0582913
14.258,0.0582913
14.26,0.0582913
14.262,0.0582913
14.264,0.0582913
14.266,0.0582913
14.268,0.0582913
14.27,0.0582913
14.272,0.0582913
14.274,0.0582913
14.276,0.0582913
14.278,0.0582913
14.28,0.0582913
14.282,0.0582913
14.284,0.0582913
14.286,0.0582913
14.288,0.0582913
14.29,0.0582913
14.292,0.0582913
14.294,0.0582913
14.296,0.0582913
14.298,0.0582913
14.3,0.0582913
14.302,0.0582913
14.304,0.0582913
14.306,0.0582913
14.308,0.0582913
14.31,0.0582913
14.312,0.0582913
14.314,0.0582913
14.316,0.0582913
14.318,0.0582913
14.32,0.0582913
14.322,0.0582913
14.324,0.0582913
14.326,0.0582913
14.328,0.0582913
14.33,0.0582913
14.332,0.0582913
14.334,0.0582913
14.336,0.0582913
14.338,0.0582913
14.34,0.0582913
14.342,0.0582913
14.344,0.0582913
14.346,0.0582913
14.348,0.0582913
14.35,0.0582913
14.352,0.0582913
14.354,0.0582913
14.356,0.0582913
14.358,0.0582913
14.36,0.0582913
14.362,0.0582913
14.364,0.0582913
14.366,0.0582913
14.368,0.0582913
14.37,0.0582913
14.372,0.0582913
14.374,0.0582913
14.376,0.0582913
14.378,0.0582913
14.38,0.0582913
14.382,0.0582913
14.384,0.0582913
14.386,0.0582913
14.388,0.0582913
14.39,0.0582913
14.392,0.0582913
14.394,0.0582913
14.396,0.0582913
14.398,0.0582913
14.4,0.0582913
14.402,0.0582913
14.404,0.0582913
14.406,0.0582913
14.408,0.0582913
14.41,0.0582913
14.412,0.0582913
14.414,0.0582913
14.416,0.0582913
14.418,0.0582913
14.42,0.0582913
14.422,0.0582913
14.424,0.0552233
14.426,0.0552233
14.428,0.0552233
14.43,0.0552233
14.432,0.0552233
14.434,0.0552233
14.436,0.0552233
14.438,0.0552233
14.44,0.0552233
14.442,0.0552233
14.444,0.0552233
14.446,0.0552233
14.448,0.0552233
14.45,0.0552233
14.452,0.0552233
14.454,0.0552233
14.456,0.0552233
14.458,0.0552233
14.46,0.0552233
14.462,0.0552233
14.464,0.0552233
14.466,0.0552233
14.468,0.0552233
14.47,0.0552233
14.472,0.0552233
14.474,0.0552233
14.476,0.0552233
14.478,0.0552233
14.48,0.0552233
14.482,0.0552233
14.484,0.0552233
14.486,0.0552233
14.488,0.0552233
14.49,0.0552233
14.492,0.0552233
14.494,0.0552233
14.496,0.0552233
14.498,0.0552233
14.5,0.0552233
14.502,0.0552233
14.504,0.0552233
14.506,0.0552233
14.508,0.0552233
14.51,0.0552233
14.512,0.0552233
14.514,0.0552233
14.516,0.0552233
14.518,0.0552233
14.52,0.0552233
14.522,0.0552233
14.524,0.0552233
14.526,0.0552233
14.528,0.0552233
14.53,0.0552233
14.532,0.0552233
14.534,0.0552233
14.536,0.0552233
14.538,0.0552233
14.54,0.0552233
14.542,0.0552233
14.544,0.0552233
14.546,0.0552233
14.548,0.0552233
14.55,0.0552233
14.552,0.0552233
14.554,0.0552233
14.556,0.0552233
14.558,0.0552233
14.56,0.0552233
14.562,0.0552233
14.564,0.0552233
14.566,0.0552233
14.568,0.0552233
14.57,0.0552233
14.572,0.0552233
14.574,0.0552233
14.576,0.0552233
14.578,0.0552233
14.58,0.0552233
14.582,0.0552233
14.584,0.0552233
14.586,0.0552233
14.588,0.0552233
14.59,0.0552233
14.592,0.0552233
14.594,0.0552233
14.596,0.0552233
14.598,0.0552233
14.6,0.0552233
14.602,0.0552233
14.604,0.0552233
14.606,0.0552233
14.608,0.0552233
14.61,0.0552233
14.612,0.0552233
14.614,0.0552233
14.616,0.0552233
14.618,0.0552233
14.62,0.0552233
14.622,0.0552233
14.624,0.0552233
14.626,0.0552233
14.628,0.0552233
14.63,0.0552233
14.632,0.0552233
14.634,0.0552233
14.636,0.0552233
14.638,0.0552233
14.64,0.0552233
14.642,0.0552233
14.644,0.0552233
14.646,0.0552233
14.648,0.0552233
14.65,0.0552233
14.652,0.0552233
14.654,0.0552233
14.656,0.0552233
14.658,0.0552233
14.66,0.0552233
14.662,0.0552233
14.664,0.0552233
14.666,0.0552233
14.668,0.0552233
14.67,0.0552233
14.672,0.0552233
14.674,0.0552233
14.676,0.0552233
14.678,0.0552233
14.68,0.0552233
14.682,0.0552233
14.684,0.0552233
14.686,0.0552233
14.688,0.0552233
14.69,0.0552233
14.692,0.0552233
14.694,0.0552233
14.696,0.0552233
14.698,0.0552233
14.7,0.0552233
14.702,0.0552233
14.704,0.0552233
14.706,0.0552233
14.708,0.0552233
14.71,0.0552233
14.712,0.0552233
14.714,0.0552233
14.716,0.0552233
14.718,0.0552233
14.72,0.0521553
14.722,0.0521553
14.724,0.0521553
14.726,0.0521553
14.728,0.0521553
14.73,0.0521553
14.732,0.0521553
14.734,0.0521553
14.736,0.0521553
14.738,0.0521553
14.74,0.0521553
14.742,0.0521553
14.744,0.0521553
14.746,0.0521553
14.748,0.0521553
14.75,0.0521553
14.752,0.0521553
14.754,0.0521553
14.756,0.0521553
14.758,0.0521553
14.76,0.0521553
14.762,0.0521553
14.764,0.0521553
14.766,0.0521553
14.768,0.0521553
14.77,0.0521553
14.772,0.0521553
14.774,0.0521553
14.776,0.0521553
14.778,0.0521553
14.78,0.0521553
14.782,0.0521553
14.784,0.0521553
14.786,0.0521553
14.788,0.0521553
14.79,0.0521553
14.792,0.0521553
14.794,0.0521553
14.796,0.0521553
14.798,0.0521553
14.8,0.0521553
14.802,0.0521553
14.804,0.0521553
14.806,0.0521553
14.808,0.0521553
14.81,0.0521553
14.812,0.0521553
14.814,0.0521553
14.816,0.0521553
14.818,0.0521553
14.82,0.0521553
14.822,0.0521553
14.824,0.0521553
14.826,0.0521553
14.828,0.0521553
14.83,0.0521553
14.832,0.0521553
14.834,0.0521553
14.836,0.0521553
14.838,0.0521553
14.84,0.0521553
14.842,0.0521553
14.844,0.0521553
14.846,0.0521553
14.848,0.0521553
14.85,0.0521553
14.852,0.0521553
14.854,0.0521553
14.856,0.0521553
14.858,0.0521553
14.86,0.0521553
14.862,0.0521553
14.864,0.0521553
14.866,0.0521553
14.868,0.0521553
14.87,0.0521553
14.872,0.0521553
14.874,0.0521553
14.876,0.0521553
14.878,0.0521553
14.88,0.0521553
14.882,0.0521553
14.884,0.0521553
14.886,0.0521553
14.888,0.0521553
14.89,0.0521553
14.892,0.0521553
14.894,0.0521553
14.896,0.0521553
14.898,0.0521553
14.9,0.0521553
14.902,0.0521553
14.904,0.0521553
14.906,0.0521553
14.908,0.0521553
14.91,0.0521553
14.912,0.0521553
14.914,0.0521553
14.916,0.0521553
14.918,0.0521553
14.92,0.0521553
14.922,0.0521553
14.924,0.0521553
14.926,0.0521553
14.928,0.0521553
14.93,0.0521553
14.932,0.0521553
14.934,0.0521553
14.936,0.0521553
14.938,0.0521553
14.94,0.0521553
14.942,0.0521553
14.944,0.0521553
14.946,0.0521553
14.948,0.0521553
14.95,0.0521553
14.952,0.0521553
14.954,0.0521553
14.956,0.0521553
14.958,0.0521553
14.96,0.0521553
14.962,0.0521553
14.964,0.0521553
14.966,0.0521553
14.968,0.0521553
14.97,0.0521553
14.972,0.0521553
14.974,0.0521553
14.976,0.0521553
14.978,0.0521553
14.98,0.0521553
14.982,0.0521553
14.984,0.0521553
14.986,0.0521553
14.988,0.0521553
14.99,0.0521553
14.992,0.0521553
14.994,0.0521553
14.996,0.0521553
14.998,0.0521553
15,0.0521553
15.002,0.0521553
15.004,0.0521553
15.006,0.0521553
15.008,0.0521553
15.01,0.0521553
15.012,0.0521553
15.014,0.0521553
15.016,0.0521553
15.018,0.0521553
15.02,0.0521553
15.022,0.0521553
15.024,0.0521553
15.026,0.0521553
15.028,0.0521553
15.03,0.0521553
15.032,0.0521553
15.034,0.0521553
15.036,0.0521553
15.038,0.0521553
15.04,0.0521553
15.042,0.0521553
15.044,0.0521553
15.046,0.0521553
15.048,0.0521553
15.05,0.0521553
15.052,0.0521553
15.054,0.0521553
15.056,0.0521553
15.058,0.0521553
15.06,0.0521553
15.062,0.0521553
15.064,0.0521553
15.066,0.0521553
15.068,0.0521553
15.07,0.0521553
15.072,0.0521553
15.074,0.0521553
15.076,0.0521553
15.078,0.0521553
15.08,0.0521553
15.082,0.0521553
15.084,0.0521553
15.086,0.0521553
15.088,0.0521553
15.09,0.0490874
15.092,0.0490874
15.094,0.0490874
15.096,0.0490874
15.098,0.0490874
15.1,0.0490874
15.102,0.0490874
15.104,0.0490874
15.106,0.0490874
15.108,0.0490874
15.11,0.0490874
15.112,0.0490874
15.114,0.0490874
15.116,0.0490874
15.118,0.0490874
15.12,0.0490874
15.122,0.0490874
15.124,0.0490874
15.126,0.0490874
15.128,0.0490874
15.13,0.0490874
15.132,0.0490874
15.134,0.0490874
15.136,0.0490874
15.138,0.0490874
15.14,0.0490874
15.142,0.0490874
15.144,0.0490874
15.146,0.0490874
15.148,0.0490874
15.15,0.0490874
15.152,0.0490874
15.154,0.0490874
15.156,0.0490874
15.158,0.0490874
15.16,0.0490874
15.162,0.0490874
15.164,0.0490874
15.166,0.0490874
15.168,0.0490874
15.17,0.0490874
15.172,0.0490874
15.174,0.0490874
15.176,0.0490874
15.178,0.0490874
15.18,0.0490874
15.182,0.0490874
15.184,0.0490874
15.186,0.0490874
15.188,0.0490874
15.19,0.0490874
15.192,0.0490874
15.194,0.0490874
15.196,0.0490874
15.198,0.0490874
15.2,0.0490874
15.202,0.0490874
15.204,0.0490874
15.206,0.0490874
15.208,0.0490874
15.21,0.0490874
15.212,0.0490874
15.214,0.0490874
15.216,0.0490874
15.218,0.0490874
15.22,0.0490874
15.222,0.0490874
15.224,0.0490874
15.226,0.0490874
15.228,0.0490874
15.23,0.0490874
15.232,0.0490874
15.234,0.0490874
15.236,0.0490874
15.238,0.0490874
15.24,0.0490874
15.242,0.0490874
15.244,0.0490874
15.246,0.0490874
15.248,0.0490874
15.25,0.0490874
15.252,0.0490874
15.254,0.0490874
15.256,0.0490874
15.258,0.0490874
15.26,0.0490874
15.262,0.0490874
15.264,0.0490874
15.266,0.0490874
15.268,0.0490874
15.27,0.0490874
15.272,0.0490874
15.274,0.0490874
15.276,0.0490874
15.278,0.0490874
15.28,0.0490874
15.282,0.0490874
15.284,0.0490874
15.286,0.0490874
15.288,0.0490874
15.29,0.0490874
15.292,0.0490874
15.294,0.0490874
15.296,0.0490874
15.298,0.0490874
15.3,0.0490874
15.302,0.0490874
15.304,0.0490874
15.306,0.0490874
15.308,0.0490874
15.31,0.0490874
15.312,0.0490874
15.314,0.0490874
15.316,0.0490874
15.318,0.0490874
15.32,0.0490874
15.322,0.0490874
15.324,0.0490874
15.326,0.0490874
15.328,0.0490874
15.33,0.0490874
15.332,0.0490874
15.334,0.0490874
15.336,0.0490874
15.338,0.0490874
15.34,0.0490874
15.342,0.0490874
15.344,0.0490874
15.346,0.0490874
15.348,0.0490874
15.35,0.0490874
15.352,0.0490874
15.354,0.0490874
15.356,0.0490874
15.358,0.0490874
15.36,0.0490874
15.362,0.0490874
15.364,0.0490874
15.366,0.0490874
15.368,0.0490874
15.37,0.0490874
15.372,0.0490874
15.374,0.0490874
15.376,0.0490874
15.378,0.0490874
15.38,0.0490874
15.382,0.0490874
15.384,0.0490874
15.386,0.0490874
15.388,0.0490874
15.39,0.0490874
15.392,0.0490874
15.394,0.0490874
15.396,0.0490874
15.398,0.0490874
15.4,0.0490874
15.402,0.0490874
15.404,0.0490874
15.406,0.0490874
15.408,0.0490874
15.41,0.0490874
15.412,0.0490874
15.414,0.0490874
15.416,0.0490874
15.418,0.0490874
15.42,0.0490874
15.422,0.0490874
15.424,0.0490874
15.426,0.0490874
15.428,0.0490874
15.43,0.0490874
15.432,0.0490874
15.434,0.0490874
15.436,0.0490874
15.438,0.0490874
15.44,0.0490874
15.442,0.0490874
15.444,0.0490874
15.446,0.0490874
15.448,0.0490874
15.45,0.0490874
15.452,0.0490874
15.454,0.0490874
15.456,0.0490874
15.458,0.0490874
15.46,0.0490874
15.462,0.0490874
15.464,0.0490874
15.466,0.0490874
15.468,0.0490874
15.47,0.0490874
15.472,0.0490874
15.474,0.0490874
15.476,0.0490874
15.478,0.0490874
15.48,0.0490874
15.482,0.0490874
15.484,0.0490874
15.486,0.0490874
15.488,0.0490874
15.49,0.0490874
15.492,0.0490874
15.494,0.0490874
15.496,0.0490874
15.498,0.0490874
15.5,0.0490874
15.502,0.0490874
15.504,0.0490874
15.506,0.0490874
15.508,0.0490874
15.51,0.0490874
15.512,0.0490874
15.514,0.0490874
15.516,0.0490874
15.518,0.0490874
15.52,0.0490874
15.522,0.0490874
15.524,0.0490874
15.526,0.0490874
15.528,0.0490874
15.53,0.0490874
15.532,0.0490874
15.534,0.0490874
15.536,0.0490874
15.538,0.0490874
15.54,0.0490874
15.542,0.0490874
15.544,0.0490874
15.546,0.0490874
15.548,0.0490874
15.55,0.0490874
15.552,0.0490874
15.554,0.0490874
15.556,0.0490874
15.558,0.0490874
15.56,0.0490874
15.562,0.0490874
15.564,0.0490874
15.566,0.0490874
15.568,0.0490874
15.57,0.0490874
15.572,0.0490874
15.574,0.0490874
15.576,0.0490874
15.578,0.0490874
15.58,0.0490874
15.582,0.0490874
15.584,0.0490874
15.586,0.0490874
15.588,0.0490874
15.59,0.0490874
15.592,0.0490874
15.594,0.0490874
15.596,0.0490874
15.598,0.0490874
15.6,0.0490874
15.602,0.0490874
15.604,0.0490874
15.606,0.0490874
15.608,0.0490874
15.61,0.0490874
15.612,0.0490874
15.614,0.0490874
15.616,0.0490874
15.618,0.0490874
15.62,0.0490874
15.622,0.0490874
15.624,0.0490874
15.626,0.0490874
15.628,0.0490874
15.63,0.0490874
15.632,0.0490874
15.634,0.0490874
15.636,0.0490874
15.638,0.0490874
15.64,0.0490874
15.642,0.0490874
15.644,0.0490874
15.646,0.0490874
15.648,0.0490874
15.65,0.0490874
15.652,0.0490874
15.654,0.0490874
15.656,0.0490874
15.658,0.0490874
15.66,0.0490874
15.662,0.0490874
15.664,0.0490874
15.666,0.0490874
15.668,0.0490874
15.67,0.0490874
15.672,0.0490874
15.674,0.0490874
15.676,0.0490874
15.678,0.0490874
15.68,0.0490874
15.682,0.0490874
15.684,0.0490874
15.686,0.0490874
15.688,0.0490874
15.69,0.0490874
15.692,0.0490874
15.694,0.0490874
15.696,0.0490874
15.698,0.0490874
15.7,0.0490874
15.702,0.0490874
15.704,0.0490874
15.706,0.0490874
15.708,0.0490874
15.71,0.0490874
15.712,0.0490874
15.714,0.0490874
15.716,0.0490874
15.718,0.0490874
15.72,0.0490874
15.722,0.0490874
15.724,0.0490874
15.726,0.0490874
15.728,0.0490874
15.73,0.0490874
15.732,0.0490874
15.734,0.0490874
15.736,0.0490874
15.738,0.0490874
15.74,0.0490874
15.742,0.0490874
15.744,0.0490874
15.746,0.0490874
15.748,0.0490874
15.75,0.0490874
15.752,0.0490874
15.754,0.0490874
15.756,0.0490874
15.758,0.0490874
15.76,0.0490874
15.762,0.0490874
15.764,0.0490874
15.766,0.0490874
15.768,0.0490874
15.77,0.0490874
15.772,0.0490874
15.774,0.0460194
15.776,0.0460194
15.778,0.0460194
15.78,0.0460194
15.782,0.0460194
15.784,0.0460194
15.786,0.0460194
15.788,0.0460194
15.79,0.0460194
15.792,0.0460194
15.794,0.0460194
15.796,0.0460194
15.798,0.0460194
15.8,0.0460194
15.802,0.0460194
15.804,0.0460194
15.806,0.0460194
15.808,0.0460194
15.81,0.0460194
15.812,0.0460194
15.814,0.0460194
15.816,0.0460194
15.818,0.0460194
15.82,0.0460194
15.822,0.0460194
15.824,0.0460194
15.826,0.0460194
15.828,0.0460194
15.83,0.0460194
15.832,0.0460194
15.834,0.0460194
15.836,0.0460194
15.838,0.0460194
15.84,0.0460194
15.842,0.0460194
15.844,0.0460194
15.846,0.0460194
15.848,0.0460194
15.85,0.0460194
15.852,0.0460194
15.854,0.0460194
15.856,0.0460194
15.858,0.0460194
15.86,0.0460194
15.862,0.0460194
15.864,0.0460194
15.866,0.0460194
15.868,0.0460194
15.87,0.0460194
15.872,0.0460194
15.874,0.0460194
15.876,0.0460194
15.878,0.0460194
15.88,0.0460194
15.882,0.0460194
15.884,0.0460194
15.886,0.0460194
15.888,0.0460194
15.89,0.0460194
15.892,0.0460194
15.894,0.0460194
15.896,0.0460194
15.898,0.0460194
15.9,0.0460194
15.902,0.0460194
15.904,0.0460194
15.906,0.0460194
15.908,0.0460194
15.91,0.0460194
15.912,0.0460194
15.914,0.0460194
15.916,0.0460194
15.918,0.0460194
15.92,0.0460194
15.922,0.0460194
15.924,0.0460194
15.926,0.0460194
15.928,0.0460194
15.93,0.0460194
15.932,0.0460194
15.934,0.0460194
15.936,0.0460194
15.938,0.0460194
15.94,0.0460194
15.942,0.0460194
15.944,0.0460194
15.946,0.0460194
15.948,0.0460194
15.95,0.0460194
15.952,0.0460194
15.954,0.0460194
15.956,0.0460194
15.958,0.0460194
15.96,0.0460194
15.962,0.0460194
15.964,0.0460194
15.966,0.0460194
15.968,0.0460194
15.97,0.0460194
15.972,0.0460194
15.974,0.0460194
15.976,0.0460194
15.978,0.0460194
15.98,0.0460194
15.982,0.0460194
15.984,0.0460194
15.986,0.0460194
15.988,0.0460194
15.99,0.0460194
15.992,0.0460194
15.994,0.0460194
15.996,0.0460194
15.998,0.0460194
16,0.0460194
16.002,0.0460194
16.004,0.0460194
16.006,0.0460194
16.008,0.0460194
16.01,0.0460194
16.012,0.0460194
16.014,0.0460194
16.016,0.0460194
16.018,0.0460194
16.02,0.0460194
16.022,0.0460194
16.024,0.0460194
16.026,0.0460194
16.028,0.0460194
16.03,0.0460194
16.032,0.0460194
16.034,0.0460194
16.036,0.0460194
16.038,0.0460194
16.04,0.0460194
16.042,0.0460194
16.044,0.0460194
16.046,0.0460194
16.048,0.0460194
16.05,0.0460194
16.052,0.0460194
16.054,0.0460194
16.056,0.0460194
16.058,0.0460194
16.06,0.0460194
16.062,0.0460194
16.064,0.0460194
16.066,0.0460194
16.068,0.0460194
16.07,0.0460194
16.072,0.0460194
16.074,0.0460194
16.076,0.0460194
16.078,0.0460194
16.08,0.0460194
16.082,0.0460194
16.084,0.0460194
16.086,0.0460194
16.088,0.0460194
16.09,0.0460194
16.092,0.0460194
16.094,0.0460194
16.096,0.0460194
16.098,0.0460194
16.1,0.0460194
16.102,0.0460194
16.104,0.0460194
16.106,0.0460194
16.108,0.0460194
16.11,0.0460194
16.112,0.0460194
16.114,0.0460194
16.116,0.0460194
16.118,0.0460194
16.12,0.0460194
16.122,0.0460194
16.124,0.0460194
16.126,0.0460194
16.128,0.0460194
16.13,0.0460194
16.132,0.0460194
16.134,0.0460194
16.136,0.0460194
16.138,0.0460194
16.14,0.0460194
16.142,0.0460194
16.144,0.0460194
16.146,0.0460194
16.148,0.0460194
16.15,0.0460194
16.152,0.0460194
16.154,0.0460194
16.156,0.0460194
16.158,0.0460194
16.16,0.0460194
16.162,0.0460194
16.164,0.0460194
16.166,0.0460194
16.168,0.0460194
16.17,0.0460194
16.172,0.0460194
16.174,0.0460194
16.176,0.0460194
16.178,0.0460194
16.18,0.0460194
16.182,0.0460194
16.184,0.0460194
16.186,0.0460194
16.188,0.0460194
16.19,0.0460194
16.192,0.0460194
16.194,0.0460194
16.196,0.0460194
16.198,0.0460194
16.2,0.0460194
16.202,0.0460194
16.204,0.0460194
16.206,0.0460194
16.208,0.0460194
16.21,0.0460194
16.212,0.0460194
16.214,0.0460194
16.216,0.0460194
16.218,0.0460194
16.22,0.0460194
16.222,0.0460194
16.224,0.0460194
16.226,0.0460194
16.228,0.0460194
16.23,0.0460194
16.232,0.0460194
16.234,0.0460194
16.236,0.0460194
16.238,0.0460194
16.24,0.0460194
16.242,0.0460194
16.244,0.0460194
16.246,0.0460194
16.248,0.0460194
16.25,0.0460194
16.252,0.0460194
16.254,0.0460194
16.256,0.0460194
16.258,0.0460194
16.26,0.0460194
16.262,0.0460194
16.264,0.0460194
16.266,0.0460194
16.268,0.0460194
16.27,0.0460194
16.272,0.0460194
16.274,0.0460194
16.276,0.0460194
16.278,0.0460194
16.28,0.0460194
16.282,0.0460194
16.284,0.0460194
16.286,0.0460194
16.288,0.0460194
16.29,0.0460194
16.292,0.0460194
16.294,0.0460194
16.296,0.0460194
16.298,0.0460194
16.3,0.0460194
16.302,0.0460194
16.304,0.0460194
16.306,0.0460194
16.308,0.0460194
16.31,0.0460194
16.312,0.0460194
16.314,0.0460194
16.316,0.0460194
16.318,0.0460194
16.32,0.0460194
16.322,0.0460194
16.324,0.0460194
16.326,0.0460194
16.328,0.0460194
16.33,0.0460194
16.332,0.0460194
16.334,0.0460194
16.336,0.0460194
16.338,0.0460194
16.34,0.0460194
16.342,0.0460194
16.344,0.0460194
16.346,0.0460194
16.348,0.0460194
16.35,0.0460194
16.352,0.0460194
16.354,0.0460194
16.356,0.0460194
16.358,0.0460194
16.36,0.0460194
16.362,0.0460194
16.364,0.0460194
16.366,0.0460194
16.368,0.0460194
16.37,0.0460194
16.372,0.0460194
16.374,0.0460194
16.376,0.0460194
16.378,0.0460194
16.38,0.0460194
16.382,0.0460194
16.384,0.0460194
16.386,0.0460194
16.388,0.0460194
16.39,0.0460194
16.392,0.0460194
16.394,0.0460194
16.396,0.0460194
16.398,0.0460194
16.4,0.0460194
16.402,0.0460194
16.404,0.0460194
16.406,0.0460194
16.408,0.0460194
16.41,0.0460194
16.412,0.0460194
16.414,0.0460194
16.416,0.0460194
16.418,0.0460194
16.42,0.0460194
16.422,0.0460194
16.424,0.0460194
16.426,0.0460194
16.428,0.0460194
16.43,0.0460194
16.432,0.0460194
16.434,0.0460194
16.436,0.0460194
16.438,0.0460194
16.44,0.0460194
16.442,0.0460194
16.444,0.0460194
16.446,0.0460194
16.448,0.0460194
16.45,0.0460194
16.452,0.0460194
16.454,0.0460194
16.456,0.0460194
16.458,0.0460194
16.46,0.0460194
16.462,0.0460194
16.464,0.0460194
16.466,0.0460194
16.468,0.0460194
16.47,0.0460194
16.472,0.0460194
16.474,0.0460194
16.476,0.0460194
16.478,0.0460194
16.48,0.0460194
16.482,0.0460194
16.484,0.0460194
16.486,0.0460194
16.488,0.0460194
16.49,0.0460194
16.492,0.0460194
16.494,0.0460194
16.496,0.0460194
16.498,0.0460194
16.5,0.0460194
16.502,0.0460194
16.504,0.0460194
16.506,0.0460194
16.508,0.0460194
16.51,0.0460194
16.512,0.0460194
16.514,0.0460194
16.516,0.0460194
16.518,0.0460194
16.52,0.0460194
16.522,0.0460194
16.524,0.0460194
16.526,0.0460194
16.528,0.0460194
16.53,0.0460194
16.532,0.0460194
16.534,0.0460194
16.536,0.0460194
16.538,0.0460194
16.54,0.0460194
16.542,0.0460194
16.544,0.0460194
16.546,0.0460194
16.548,0.0460194
16.55,0.0460194
16.552,0.0460194
16.554,0.0460194
16.556,0.0460194
16.558,0.0460194
16.56,0.0460194
16.562,0.0460194
16.564,0.0460194
16.566,0.0460194
16.568,0.0460194
16.57,0.0460194
16.572,0.0460194
16.574,0.0460194
16.576,0.0460194
16.578,0.0460194
16.58,0.0460194
16.582,0.0460194
16.584,0.0460194
16.586,0.0460194
16.588,0.0460194
16.59,0.0460194
16.592,0.0460194
16.594,0.0460194
16.596,0.0460194
16.598,0.0460194
16.6,0.0460194
16.602,0.0460194
16.604,0.0460194
16.606,0.0460194
16.608,0.0460194
16.61,0.0460194
16.612,0.0460194
16.614,0.0460194
16.616,0.0460194
16.618,0.0460194
16.62,0.0460194
16.622,0.0460194
16.624,0.0460194
16.626,0.0460194
16.628,0.0460194
16.63,0.0460194
16.632,0.0460194
16.634,0.0460194
16.636,0.0460194
16.638,0.0460194
16.64,0.0460194
16.642,0.0460194
16.644,0.0460194
16.646,0.0460194
16.648,0.0460194
16.65,0.0429515
16.652,0.0429515
16.654,0.0429515
16.656,0.0429515
16.658,0.0429515
16.66,0.0429515
16.662,0.0429515
16.664,0.0429515
16.666,0.0429515
16.668,0.0429515
16.67,0.0429515
16.672,0.0429515
16.674,0.0429515
16.676,0.0429515
16.678,0.0429515
16.68,0.0429515
16.682,0.0429515
16.684,0.0429515
16.686,0.0429515
16.688,0.0429515
16.69,0.0429515
16.692,0.0429515
16.694,0.0429515
16.696,0.0429515
16.698,0.0429515
16.7,0.0429515
16.702,0.0429515
16.704,0.0429515
16.706,0.0429515
16.708,0.0429515
16.71,0.0429515
16.712,0.0429515
16.714,0.0429515
16.716,0.0429515
16.718,0.0429515
16.72,0.0429515
16.722,0.0429515
16.724,0.0429515
16.726,0.0429515
16.728,0.0429515
16.73,0.0429515
16.732,0.0429515
16.734,0.0429515
16.736,0.0429515
16.738,0.0429515
16.74,0.0429515
16.742,0.0429515
16.744,0.0429515
16.746,0.0429515
16.748,0.0429515
16.75,0.0429515
16.752,0.0429515
16.754,0.0429515
16.756,0.0429515
16.758,0.0429515
16.76,0.0429515
16.762,0.0429515
16.764,0.0429515
16.766,0.0429515
16.768,0.0429515
16.77,0.0429515
16.772,0.0429515
16.774,0.0429515
16.776,0.0429515
16.778,0.0429515
16.78,0.0429515
16.782,0.0429515
16.784,0.0429515
16.786,0.0429515
16.788,0.0429515
16.79,0.0429515
16.792,0.0429515
16.794,0.0429515
16.796,0.0429515
16.798,0.0429515
16.8,0.0429515
16.802,0.0429515
16.804,0.0429515
16.806,0.0429515
16.808,0.0429515
16.81,0.0429515
16.812,0.0429515
16.814,0.0429515
16.816,0.0429515
16.818,0.0429515
16.82,0.0429515
16.822,0.0429515
16.824,0.0429515
16.826,0.0429515
16.828,0.0429515
16.83,0.0429515
16.832,0.0429515
16.834,0.0429515
16.836,0.0429515
16.838,0.0429515
16.84,0.0429515
16.842,0.0429515
16.844,0.0429515
16.846,0.0429515
16.848,0.0429515
16.85,0.0429515
16.852,0.0429515
16.854,0.0429515
16.856,0.0429515
16.858,0.0429515
16.86,0.0429515
16.862,0.0429515
16.864,0.0429515
16.866,0.0429515
16.868,0.0429515
16.87,0.0429515
16.872,0.0429515
16.874,0.0429515
16.876,0.0429515
16.878,0.0429515
16.88,0.0429515
16.882,0.0429515
16.884,0.0429515
16.886,0.0429515
16.888,0.0429515
16.89,0.0429515
16.892,0.0429515
16.894,0.0429515
16.896,0.0429515
16.898,0.0429515
16.9,0.0429515
16.902,0.0429515
16.904,0.0429515
16.906,0.0429515
16.908,0.0429515
16.91,0.0429515
16.912,0.0429515
16.914,0.0429515
16.916,0.0429515
16.918,0.0429515
16.92,0.0429515
16.922,0.0429515
16.924,0.0429515
16.926,0.0429515
16.928,0.0429515
16.93,0.0429515
16.932,0.0429515
16.934,0.0429515
16.936,0.0429515
16.938,0.0429515
16.94,0.0429515
16.942,0.0429515
16.944,0.0429515
16.946,0.0429515
16.948,0.0429515
16.95,0.0429515
16.952,0.0429515
16.954,0.0429515
16.956,0.0429515
16.958,0.0429515
16.96,0.0429515
16.962,0.0429515
16.964,0.0429515
16.966,0.0429515
16.968,0.0429515
16.97,0.0429515
16.972,0.0429515
16.974,0.0429515
16.976,0.0429515
16.978,0.0429515
16.98,0.0429515
16.982,0.0429515
16.984,0.0429515
16.986,0.0429515
16.988,0.0429515
16.99,0.0429515
16.992,0.0429515
16.994,0.0429515
16.996,0.0429515
16.998,0.0429515
17,0.0429515
17.002,0.0429515
17.004,0.0429515
17.006,0.0429515
17.008,0.0429515
17.01,0.0429515
17.012,0.0429515
17.014,0.0429515
17.016,0.0429515
17.018,0.0429515
17.02,0.0429515
17.022,0.0429515
17.024,0.0429515
17.026,0.0429515
17.028,0.0429515
17.03,0.0429515
17.032,0.0429515
17.034,0.0429515
17.036,0.0429515
17.038,0.0429515
17.04,0.0429515
17.042,0.0429515
17.044,0.0429515
17.046,0.0429515
17.048,0.0429515
17.05,0.0429515
17.052,0.0429515
17.054,0.0429515
17.056,0.0429515
17.058,0.0429515
17.06,0.0429515
17.062,0.0429515
17.064,0.0429515
17.066,0.0429515
17.068,0.0429515
17.07,0.0429515
17.072,0.0429515
17.074,0.0429515
17.076,0.0429515
17.078,0.0429515
17.08,0.0429515
17.082,0.0429515
17.084,0.0429515
17.086,0.0429515
17.088,0.0429515
17.09,0.0429515
17.092,0.0429515
17.094,0.0429515
17.096,0.0429515
17.098,0.0429515
17.1,0.0429515
17.102,0.0429515
17.104,0.0429515
17.106,0.0429515
17.108,0.0429515
17.11,0.0429515
17.112,0.0429515
17.114,0.0429515
17.116,0.0429515
17.118,0.0429515
17.12,0.0429515
17.122,0.0429515
17.124,0.0429515
17.126,0.0429515
17.128,0.0429515
17.13,0.0429515
17.132,0.0429515
17.134,0.0429515
17.136,0.0429515
17.138,0.0429515
17.14,0.0429515
17.142,0.0429515
17.144,0.0429515
17.146,0.0429515
17.148,0.0429515
17.15,0.0429515
17.152,0.0429515
17.154,0.0429515
17.156,0.0429515
17.158,0.0429515
17.16,0.0429515
17.162,0.0429515
17.164,0.0429515
17.166,0.0429515
17.168,0.0429515
17.17,0.0429515
17.172,0.0429515
17.174,0.0429515
17.176,0.0429515
17.178,0.0429515
17.18,0.0429515
17.182,0.0429515
17.184,0.0429515
17.186,0.0429515
17.188,0.0429515
17.19,0.0429515
17.192,0.0429515
17.194,0.0429515
17.196,0.0429515
17.198,0.0429515
17.2,0.0429515
17.202,0.0429515
17.204,0.0429515
17.206,0.0429515
17.208,0.0429515
17.21,0.0429515
17.212,0.0429515
17.214,0.0429515
17.216,0.0429515
17.218,0.0429515
17.22,0.0429515
17.222,0.0429515
17.224,0.0429515
17.226,0.0429515
17.228,0.0429515
17.23,0.0429515
17.232,0.0429515
17.234,0.0429515
17.236,0.0429515
17.238,0.0429515
17.24,0.0429515
17.242,0.0429515
17.244,0.0429515
17.246,0.0429515
17.248,0.0429515
17.25,0.0429515
17.252,0.0429515
17.254,0.0429515
17.256,0.0429515
17.258,0.0429515
17.26,0.0429515
17.262,0.0429515
17.264,0.0429515
17.266,0.0429515
17.268,0.0429515
17.27,0.0429515
17.272,0.0429515
17.274,0.0429515
17.276,0.0429515
17.278,0.0429515
17.28,0.0429515
17.282,0.0429515
17.284,0.0429515
17.286,0.0429515
17.288,0.0429515
17.29,0.0429515
17.292,0.0429515
17.294,0.0429515
17.296,0.0429515
17.298,0.0429515
17.3,0.0429515
17.302,0.0429515
17.304,0.0429515
17.306,0.0429515
17.308,0.0429515
17.31,0.0429515
17.312,0.0429515
17.314,0.0429515
17.316,0.0429515
17.318,0.0429515
17.32,0.0429515
17.322,0.0429515
17.324,0.0429515
17.326,0.0429515
17.328,0.0429515
17.33,0.0429515
17.332,0.0429515
17.334,0.0429515
17.336,0.0429515
17.338,0.0429515
17.34,0.0429515
17.342,0.0429515
17.344,0.0429515
17.346,0.0429515
17.348,0.0429515
17.35,0.0429515
17.352,0.0429515
17.354,0.0429515
17.356,0.0429515
17.358,0.0429515
17.36,0.0429515
17.362,0.0429515
17.364,0.0429515
17.366,0.0429515
17.368,0.0429515
17.37,0.0429515
17.372,0.0429515
17.374,0.0429515
17.376,0.0429515
17.378,0.0429515
17.38,0.0429515
17.382,0.0429515
17.384,0.0429515
17.386,0.0429515
17.388,0.0429515
17.39,0.0429515
17.392,0.0429515
17.394,0.0429515
17.396,0.0429515
17.398,0.0429515
17.4,0.0429515
17.402,0.0429515
17.404,0.0429515
17.406,0.0429515
17.408,0.0429515
17.41,0.0429515
17.412,0.0429515
17.414,0.0429515
17.416,0.0429515
17.418,0.0429515
17.42,0.0429515
17.422,0.0429515
17.424,0.0429515
17.426,0.0429515
17.428,0.0429515
17.43,0.0429515
17.432,0.0429515
17.434,0.0429515
17.436,0.0429515
17.438,0.0429515
17.44,0.0429515
17.442,0.0429515
17.444,0.0429515
17.446,0.0429515
17.448,0.0429515
17.45,0.0429515
17.452,0.0429515
17.454,0.0429515
17.456,0.0429515
17.458,0.0429515
17.46,0.0429515
17.462,0.0429515
17.464,0.0429515
17.466,0.0429515
17.468,0.0429515
17.47,0.0429515
17.472,0.0429515
17.474,0.0429515
17.476,0.0429515
17.478,0.0429515
17.48,0.0429515
17.482,0.0429515
17.484,0.0429515
17.486,0.0429515
17.488,0.0429515
17.49,0.0429515
17.492,0.0429515
17.494,0.0429515
17.496,0.0429515
17.498,0.0429515
17.5,0.0429515
17.502,0.0429515
17.504,0.0429515
17.506,0.0429515
17.508,0.0429515
17.51,0.0429515
17.512,0.0429515
17.514,0.0429515
17.516,0.0429515
17.518,0.0429515
17.52,0.0429515
17.522,0.0429515
17.524,0.0429515
17.526,0.0429515
17.528,0.0429515
17.53,0.0429515
17.532,0.0429515
17.534,0.0429515
17.536,0.0429515
17.538,0.0429515
17.54,0.0429515
17.542,0.0429515
17.544,0.0429515
17.546,0.0429515
17.548,0.0429515
17.55,0.0429515
17.552,0.0429515
17.554,0.0429515
17.556,0.0429515
17.558,0.0429515
17.56,0.0429515
17.562,0.0429515
17.564,0.0429515
17.566,0.0429515
17.568,0.0429515
17.57,0.0429515
17.572,0.0429515
17.574,0.0429515
17.576,0.0429515
17.578,0.0429515
17.58,0.0429515
17.582,0.0429515
17.584,0.0429515
17.586,0.0429515
17.588,0.0429515
17.59,0.0429515
17.592,0.0429515
17.594,0.0429515
17.596,0.0429515
17.598,0.0429515
17.6,0.0429515
17.602,0.0429515
17.604,0.0429515
17.606,0.0429515
17.608,0.0429515
17.61,0.0429515
17.612,0.0429515
17.614,0.0429515
17.616,0.0429515
17.618,0.0429515
17.62,0.0429515
17.622,0.0429515
17.624,0.0429515
17.626,0.0429515
17.628,0.0429515
17.63,0.0429515
17.632,0.0429515
17.634,0.0429515
17.636,0.0429515
17.638,0.0429515
17.64,0.0429515
17.642,0.0429515
17.644,0.0429515
17.646,0.0429515
17.648,0.0429515
17.65,0.0429515
17.652,0.0429515
17.654,0.0429515
17.656,0.0429515
17.658,0.0429515
17.66,0.0429515
17.662,0.0429515
17.664,0.0429515
17.666,0.0429515
17.668,0.0429515
17.67,0.0429515
17.672,0.0429515
17.674,0.0429515
17.676,0.0429515
17.678,0.0429515
17.68,0.0429515
17.682,0.0429515
17.684,0.0429515
17.686,0.0429515
17.688,0.0429515
17.69,0.0429515
17.692,0.0429515
17.694,0.0429515
17.696,0.0429515
17.698,0.0429515
17.7,0.0429515
17.702,0.0429515
17.704,0.0429515
17.706,0.0429515
17.708,0.0429515
17.71,0.0429515
17.712,0.0429515
17.714,0.0429515
17.716,0.0429515
17.718,0.0429515
17.72,0.0429515
17.722,0.0429515
17.724,0.0429515
17.726,0.0429515
17.728,0.0429515
17.73,0.0429515
17.732,0.0429515
17.734,0.0429515
17.736,0.0429515
17.738,0.0429515
17.74,0.0429515
17.742,0.0429515
17.744,0.0429515
17.746,0.0429515
17.748,0.0429515
17.75,0.0429515
17.752,0.0429515
17.754,0.0429515
17.756,0.0429515
17.758,0.0429515
17.76,0.0429515
17.762,0.0429515
17.764,0.0429515
17.766,0.0429515
17.768,0.0429515
17.77,0.0429515
17.772,0.0429515
17.774,0.0429515
17.776,0.0429515
17.778,0.0429515
17.78,0.0429515
17.782,0.0429515
17.784,0.0429515
17.786,0.0429515
17.788,0.0429515
17.79,0.0429515
17.792,0.0429515
17.794,0.0429515
17.796,0.0429515
17.798,0.0429515
17.8,0.0429515
17.802,0.0429515
17.804,0.0429515
17.806,0.0429515
17.808,0.0429515
17.81,0.0429515
17.812,0.0429515
17.814,0.0429515
17.816,0.0429515
17.818,0.0429515
17.82,0.0429515
17.822,0.0429515
17.824,0.0429515
17.826,0.0429515
17.828,0.0429515
17.83,0.0429515
17.832,0.0429515
17.834,0.0429515
17.836,0.0429515
17.838,0.0429515
17.84,0.0429515
17.842,0.0429515
17.844,0.0429515
17.846,0.0429515
17.848,0.0429515
17.85,0.0429515
17.852,0.0429515
17.854,0.0429515
17.856,0.0429515
17.858,0.0429515
17.86,0.0429515
17.862,0.0429515
17.864,0.0429515
17.866,0.0429515
17.868,0.0429515
17.87,0.0429515
17.872,0.0429515
17.874,0.0429515
17.876,0.0429515
17.878,0.0429515
17.88,0.0398835
17.882,0.0398835
17.884,0.0398835
17.886,0.0398835
17.888,0.0398835
17.89,0.0398835
17.892,0.0398835
17.894,0.0398835
17.896,0.0398835
17.898,0.0398835
17.9,0.0398835
17.902,0.0398835
17.904,0.0398835
17.906,0.0398835
17.908,0.0398835
17.91,0.0398835
17.912,0.0398835
17.914,0.0398835
17.916,0.0398835
17.918,0.0398835
17.92,0.0398835
17.922,0.0398835
17.924,0.0398835
17.926,0.0398835
17.928,0.0398835
17.93,0.0398835
17.932,0.0398835
17.934,0.0398835
17.936,0.0398835
17.938,0.0398835
17.94,0.0398835
17.942,0.0398835
17.944,0.0398835
17.946,0.0398835
17.948,0.0398835
17.95,0.0398835
17.952,0.0398835
17.954,0.0398835
17.956,0.0398835
17.958,0.0398835
17.96,0.0398835
17.962,0.0398835
17.964,0.0398835
17.966,0.0398835
17.968,0.0398835
17.97,0.0398835
17.972,0.0398835
17.974,0.0398835
17.976,0.0398835
17.978,0.0398835
17.98,0.0398835
17.982,0.0398835
17.984,0.0398835
17.986,0.0398835
17.988,0.0398835
17.99,0.0398835
17.992,0.0398835
17.994,0.0398835
17.996,0.0398835
17.998,0.0398835
18,0.0398835
18.002,0.0398835
18.004,0.0398835
18.006,0.0398835
18.008,0.0398835
18.01,0.0398835
18.012,0.0398835
18.014,0.0398835
18.016,0.0398835
18.018,0.0398835
18.02,0.0398835
18.022,0.0398835
18.024,0.0398835
18.026,0.0398835
18.028,0.0398835
18.03,0.0398835
18.032,0.0398835
18.034,0.0398835
18.036,0.0398835
18.038,0.0398835
18.04,0.0398835
18.042,0.0398835
18.044,0.0398835
18.046,0.0398835
18.048,0.0398835
18.05,0.0398835
18.052,0.0398835
18.054,0.0398835
18.056,0.0398835
18.058,0.0398835
18.06,0.0398835
18.062,0.0398835
18.064,0.0398835
18.066,0.0398835
18.068,0.0398835
18.07,0.0398835
18.072,0.0398835
18.074,0.0398835
18.076,0.0398835
18.078,0.0398835
18.08,0.0398835
18.082,0.0398835
18.084,0.0398835
18.086,0.0398835
18.088,0.0398835
18.09,0.0398835
18.092,0.0398835
18.094,0.0398835
18.096,0.0398835
18.098,0.0398835
18.1,0.0398835
18.102,0.0398835
18.104,0.0398835
18.106,0.0398835
18.108,0.0398835
18.11,0.0398835
18.112,0.0398835
18.114,0.0398835
18.116,0.0398835
18.118,0.0398835
18.12,0.0398835
18.122,0.0398835
18.124,0.0398835
18.126,0.0398835
18.128,0.0398835
18.13,0.0398835
18.132,0.0398835
18.134,0.0398835
18.136,0.0398835
18.138,0.0398835
18.14,0.0398835
18.142,0.0398835
18.144,0.0398835
18.146,0.0398835
18.148,0.0398835
18.15,0.0398835
18.152,0.0398835
18.154,0.0398835
18.156,0.0398835
18.158,0.0398835
18.16,0.0398835
18.162,0.0398835
18.164,0.0398835
18.166,0.0398835
18.168,0.0398835
18.17,0.0398835
18.172,0.0398835
18.174,0.0398835
18.176,0.0398835
18.178,0.0398835
18.18,0.0398835
18.182,0.0398835
18.184,0.0398835
18.186,0.0398835
18.188,0.0398835
18.19,0.0398835
18.192,0.0398835
18.194,0.0398835
18.196,0.0398835
18.198,0.0398835
18.2,0.0398835
18.202,0.0398835
18.204,0.0398835
18.206,0.0398835
18.208,0.0398835
18.21,0.0398835
18.212,0.0398835
18.214,0.0398835
18.216,0.0398835
18.218,0.0398835
18.22,0.0398835
18.222,0.0398835
18.224,0.0398835
18.226,0.0398835
18.228,0.0398835
18.23,0.0398835
18.232,0.0398835
18.234,0.0398835
18.236,0.0398835
18.238,0.0398835
18.24,0.0398835
18.242,0.0398835
18.244,0.0398835
18.246,0.0398835
18.248,0.0398835
18.25,0.0398835
18.252,0.0398835
18.254,0.0398835
18.256,0.0398835
18.258,0.0398835
18.26,0.0398835
18.262,0.0398835
18.264,0.0398835
18.266,0.0398835
18.268,0.0398835
18.27,0.0398835
18.272,0.0398835
18.274,0.0398835
18.276,0.0398835
18.278,0.0398835
18.28,0.0398835
18.282,0.0398835
18.284,0.0398835
18.286,0.0398835
18.288,0.0398835
18.29,0.0398835
18.292,0.0398835
18.294,0.0398835
18.296,0.0398835
18.298,0.0398835
18.3,0.0398835
18.302,0.0398835
18.304,0.0398835
18.306,0.0398835
18.308,0.0398835
18.31,0.0398835
18.312,0.0398835
18.314,0.0398835
18.316,0.0398835
18.318,0.0398835
18.32,0.0398835
18.322,0.0398835
18.324,0.0398835
18.326,0.0398835
18.328,0.0398835
18.33,0.0398835
18.332,0.0398835
18.334,0.0398835
18.336,0.0398835
18.338,0.0398835
18.34,0.0398835
18.342,0.0398835
18.344,0.0398835
18.346,0.0398835
18.348,0.0398835
18.35,0.0398835
18.352,0.0398835
18.354,0.0398835
18.356,0.0398835
18.358,0.0398835
18.36,0.0398835
18.362,0.0398835
18.364,0.0398835
18.366,0.0398835
18.368,0.0398835
18.37,0.0398835
18.372,0.0398835
18.374,0.0398835
18.376,0.0398835
18.378,0.0398835
18.38,0.0398835
18.382,0.0398835
18.384,0.0398835
18.386,0.0398835
18.388,0.0398835
18.39,0.0398835
18.392,0.0398835
18.394,0.0398835
18.396,0.0398835
18.398,0.0398835
18.4,0.0398835
18.402,0.0398835
18.404,0.0398835
18.406,0.0398835
18.408,0.0398835
18.41,0.0398835
18.412,0.0398835
18.414,0.0398835
18.416,0.0398835
18.418,0.0398835
18.42,0.0398835
18.422,0.0398835
18.424,0.0398835
18.426,0.0398835
18.428,0.0398835
18.43,0.0398835
18.432,0.0398835
18.434,0.0398835
18.436,0.0398835
18.438,0.0398835
18.44,0.0398835
18.442,0.0398835
18.444,0.0398835
18.446,0.0398835
18.448,0.0398835
18.45,0.0398835
18.452,0.0398835
18.454,0.0398835
18.456,0.0398835
18.458,0.0398835
18.46,0.0398835
18.462,0.0398835
18.464,0.0398835
18.466,0.0398835
18.468,0.0398835
18.47,0.0398835
18.472,0.0398835
18.474,0.0398835
18.476,0.0398835
18.478,0.0398835
18.48,0.0398835
18.482,0.0398835
18.484,0.0398835
18.486,0.0398835
18.488,0.0398835
18.49,0.0398835
18.492,0.0398835
18.494,0.0398835
18.496,0.0398835
18.498,0.0398835
18.5,0.0398835
18.502,0.0398835
18.504,0.0398835
18.506,0.0398835
18.508,0.0398835
18.51,0.0398835
18.512,0.0398835
18.514,0.0398835
18.516,0.0398835
18.518,0.0398835
18.52,0.0398835
18.522,0.0398835
18.524,0.0398835
18.526,0.0398835
18.528,0.0398835
18.53,0.0398835
18.532,0.0398835
18.534,0.0398835
18.536,0.0398835
18.538,0.0398835
18.54,0.0398835
18.542,0.0398835
18.544,0.0398835
18.546,0.0398835
18.548,0.0398835
18.55,0.0398835
18.552,0.0398835
18.554,0.0398835
18.556,0.0398835
18.558,0.0398835
18.56,0.0398835
18.562,0.0398835
18.564,0.0398835
18.566,0.0398835
18.568,0.0398835
18.57,0.0398835
18.572,0.0398835
18.574,0.0398835
18.576,0.0398835
18.578,0.0398835
18.58,0.0398835
18.582,0.0398835
18.584,0.0398835
18.586,0.0398835
18.588,0.0398835
18.59,0.0398835
18.592,0.0398835
18.594,0.0398835
18.596,0.0398835
18.598,0.0398835
18.6,0.0398835
18.602,0.0398835
18.604,0.0398835
18.606,0.0398835
18.608,0.0398835
18.61,0.0398835
18.612,0.0398835
18.614,0.0398835
18.616,0.0398835
18.618,0.0398835
18.62,0.0398835
18.622,0.0398835
18.624,0.0398835
18.626,0.0398835
18.628,0.0398835
18.63,0.0398835
18.632,0.0398835
18.634,0.0398835
18.636,0.0398835
18.638,0.0398835
18.64,0.0398835
18.642,0.0398835
18.644,0.0398835
18.646,0.0398835
18.648,0.0398835
18.65,0.0398835
18.652,0.0398835
18.654,0.0398835
18.656,0.0398835
18.658,0.0398835
18.66,0.0398835
18.662,0.0398835
18.664,0.0398835
18.666,0.0398835
18.668,0.0398835
18.67,0.0398835
18.672,0.0398835
18.674,0.0398835
18.676,0.0398835
18.678,0.0398835
18.68,0.0398835
18.682,0.0398835
18.684,0.0398835
18.686,0.0398835
18.688,0.0398835
18.69,0.0398835
18.692,0.0398835
18.694,0.0398835
18.696,0.0398835
18.698,0.0398835
18.7,0.0398835
18.702,0.0398835
18.704,0.0398835
18.706,0.0398835
18.708,0.0398835
18.71,0.0398835
18.712,0.0398835
18.714,0.0398835
18.716,0.0398835
18.718,0.0398835
18.72,0.0398835
18.722,0.0398835
18.724,0.0398835
18.726,0.0398835
18.728,0.0398835
18.73,0.0398835
18.732,0.0398835
18.734,0.0398835
18.736,0.0398835
18.738,0.0398835
18.74,0.0398835
18.742,0.0398835
18.744,0.0398835
18.746,0.0398835
18.748,0.0398835
18.75,0.0398835
18.752,0.0398835
18.754,0.0398835
18.756,0.0398835
18.758,0.0398835
18.76,0.0398835
18.762,0.0398835
18.764,0.0398835
18.766,0.0398835
18.768,0.0398835
18.77,0.0398835
18.772,0.0398835
18.774,0.0398835
18.776,0.0398835
18.778,0.0398835
18.78,0.0398835
18.782,0.0398835
18.784,0.0398835
18.786,0.0398835
18.788,0.0398835
18.79,0.0398835
18.792,0.0398835
18.794,0.0398835
18.796,0.0398835
18.798,0.0398835
18.8,0.0398835
18.802,0.0398835
18.804,0.0398835
18.806,0.0398835
18.808,0.0398835
18.81,0.0398835
18.812,0.0398835
18.814,0.0398835
18.816,0.0398835
18.818,0.0398835
18.82,0.0398835
18.822,0.0398835
18.824,0.0398835
18.826,0.0398835
18.828,0.0398835
18.83,0.0398835
18.832,0.0398835
18.834,0.0398835
18.836,0.0398835
18.838,0.0398835
18.84,0.0398835
18.842,0.0398835
18.844,0.0398835
18.846,0.0398835
18.848,0.0398835
18.85,0.0398835
18.852,0.0398835
18.854,0.0398835
18.856,0.0398835
18.858,0.0398835
18.86,0.0398835
18.862,0.0398835
18.864,0.0398835
18.866,0.0398835
18.868,0.0398835
18.87,0.0398835
18.872,0.0398835
18.874,0.0398835
18.876,0.0398835
18.878,0.0398835
18.88,0.0398835
18.882,0.0398835
18.884,0.0398835
18.886,0.0398835
18.888,0.0398835
18.89,0.0398835
18.892,0.0398835
18.894,0.0398835
18.896,0.0398835
18.898,0.0398835
18.9,0.0398835
18.902,0.0398835
18.904,0.0398835
18.906,0.0398835
18.908,0.0398835
18.91,0.0398835
18.912,0.0398835
18.914,0.0398835
18.916,0.0398835
18.918,0.0398835
18.92,0.0398835
18.922,0.0398835
18.924,0.0398835
18.926,0.0398835
18.928,0.0398835
18.93,0.0398835
18.932,0.0398835
18.934,0.0398835
18.936,0.0398835
18.938,0.0398835
18.94,0.0398835
18.942,0.0398835
18.944,0.0398835
18.946,0.0398835
18.948,0.0398835
18.95,0.0398835
18.952,0.0398835
18.954,0.0398835
18.956,0.0398835
18.958,0.0398835
18.96,0.0398835
18.962,0.0398835
18.964,0.0398835
18.966,0.0398835
18.968,0.0398835
18.97,0.0398835
18.972,0.0398835
18.974,0.0398835
18.976,0.0398835
18.978,0.0398835
18.98,0.0398835
18.982,0.0398835
18.984,0.0398835
18.986,0.0398835
18.988,0.0398835
18.99,0.0398835
18.992,0.0398835
18.994,0.0398835
18.996,0.0368155
18.998,0.0368155
19,0.0368155
19.002,0.0368155
19.004,0.0368155
19.006,0.0368155
19.008,0.0368155
19.01,0.0368155
19.012,0.0368155
19.014,0.0368155
19.016,0.0368155
19.018,0.0368155
19.02,0.0368155
19.022,0.0368155
19.024,0.0368155
19.026,0.0368155
19.028,0.0368155
19.03,0.0368155
19.032,0.0368155
19.034,0.0368155
19.036,0.0368155
19.038,0.0368155
19.04,0.0368155
19.042,0.0368155
19.044,0.0368155
19.046,0.0368155
19.048,0.0368155
19.05,0.0368155
19.052,0.0368155
19.054,0.0368155
19.056,0.0368155
19.058,0.0368155
19.06,0.0368155
19.062,0.0368155
19.064,0.0368155
19.066,0.0368155
19.068,0.0368155
19.07,0.0368155
19.072,0.0368155
19.074,0.0368155
19.076,0.0368155
19.078,0.0368155
19.08,0.0368155
19.082,0.0368155
19.084,0.0368155
19.086,0.0368155
19.088,0.0368155
19.09,0.0368155
19.092,0.0368155
19.094,0.0368155
19.096,0.0368155
19.098,0.0368155
19.1,0.0368155
19.102,0.0368155
19.104,0.0368155
19.106,0.0368155
19.108,0.0368155
19.11,0.0368155
19.112,0.0368155
19.114,0.0368155
19.116,0.0368155
19.118,0.0368155
19.12,0.0368155
19.122,0.0368155
19.124,0.0368155
19.126,0.0368155
19.128,0.0368155
19.13,0.0368155
19.132,0.0368155
19.134,0.0368155
19.136,0.0368155
19.138,0.0368155
19.14,0.0368155
19.142,0.0368155
19.144,0.0368155
19.146,0.0368155
19.148,0.0368155
19.15,0.0368155
19.152,0.0368155
19.154,0.0368155
19.156,0.0368155
19.158,0.0368155
19.16,0.0368155
19.162,0.0368155
19.164,0.0368155
19.166,0.0368155
19.168,0.0368155
19.17,0.0368155
19.172,0.0368155
19.174,0.0368155
19.176,0.0368155
19.178,0.0368155
19.18,0.0368155
19.182,0.0368155
19.184,0.0368155
19.186,0.0368155
19.188,0.0368155
19.19,0.0368155
19.192,0.0368155
19.194,0.0368155
19.196,0.0368155
19.198,0.0368155
19.2,0.0368155
19.202,0.0368155
19.204,0.0368155
19.206,0.0368155
19.208,0.0368155
19.21,0.0368155
19.212,0.0368155
19.214,0.0368155
19.216,0.0368155
19.218,0.0368155
19.22,0.0368155
19.222,0.0368155
19.224,0.0368155
19.226,0.0368155
19.228,0.0368155
19.23,0.0368155
19.232,0.0368155
19.234,0.0368155
19.236,0.0368155
19.238,0.0368155
19.24,0.0368155
19.242,0.0368155
19.244,0.0368155
19.246,0.0368155
19.248,0.0368155
19.25,0.0368155
19.252,0.0368155
19.254,0.0368155
19.256,0.0368155
19.258,0.0368155
19.26,0.0368155
19.262,0.0368155
19.264,0.0368155
19.266,0.0368155
19.268,0.0368155
19.27,0.0368155
19.272,0.0368155
19.274,0.0368155
19.276,0.0368155
19.278,0.0368155
19.28,0.0368155
19.282,0.0368155
19.284,0.0368155
19.286,0.0368155
19.288,0.0368155
19.29,0.0368155
19.292,0.0368155
19.294,0.0368155
19.296,0.0368155
19.298,0.0368155
19.3,0.0368155
19.302,0.0368155
19.304,0.0368155
19.306,0.0368155
19.308,0.0368155
19.31,0.0368155
19.312,0.0368155
19.314,0.0368155
19.316,0.0368155
19.318,0.0368155
19.32,0.0368155
19.322,0.0368155
19.324,0.0368155
19.326,0.0368155
19.328,0.0368155
19.33,0.0368155
19.332,0.0368155
19.334,0.0368155
19.336,0.0368155
19.338,0.0368155
19.34,0.0368155
19.342,0.0368155
19.344,0.0368155
19.346,0.0368155
19.348,0.0368155
19.35,0.0368155
19.352,0.0368155
19.354,0.0368155
19.356,0.0368155
19.358,0.0368155
19.36,0.0368155
19.362,0.0368155
19.364,0.0368155
19.366,0.0368155
19.368,0.0368155
19.37,0.0368155
19.372,0.0368155
19.374,0.0368155
19.376,0.0368155
19.378,0.0368155
19.38,0.0368155
19.382,0.0368155
19.384,0.0368155
19.386,0.0368155
19.388,0.0368155
19.39,0.0368155
19.392,0.0368155
19.394,0.0368155
19.396,0.0368155
19.398,0.0368155
19.4,0.0368155
19.402,0.0368155
19.404,0.0368155
19.406,0.0368155
19.408,0.0368155
19.41,0.0368155
19.412,0.0368155
19.414,0.0368155
19.416,0.0368155
19.418,0.0368155
19.42,0.0368155
19.422,0.0368155
19.424,0.0368155
19.426,0.0368155
19.428,0.0368155
19.43,0.0368155
19.432,0.0368155
19.434,0.0368155
19.436,0.0368155
19.438,0.0368155
19.44,0.0368155
19.442,0.0368155
19.444,0.0368155
19.446,0.0368155
19.448,0.0368155
19.45,0.0368155
19.452,0.0368155
19.454,0.0368155
19.456,0.0368155
19.458,0.0368155
19.46,0.0368155
19.462,0.0368155
19.464,0.0368155
19.466,0.0368155
19.468,0.0368155
19.47,0.0368155
19.472,0.0368155
19.474,0.0368155
19.476,0.0368155
19.478,0.0368155
19.48,0.0368155
19.482,0.0368155
19.484,0.0368155
19.486,0.0368155
19.488,0.0368155
19.49,0.0368155
19.492,0.0368155
19.494,0.0368155
19.496,0.0368155
19.498,0.0368155
19.5,0.0368155
19.502,0.0368155
19.504,0.0368155
19.506,0.0368155
19.508,0.0368155
19.51,0.0368155
19.512,0.0368155
19.514,0.0368155
19.516,0.0368155
19.518,0.0368155
19.52,0.0368155
19.522,0.0368155
19.524,0.0368155
19.526,0.0368155
19.528,0.0368155
19.53,0.0368155
19.532,0.0368155
19.534,0.0368155
19.536,0.0368155
19.538,0.0368155
19.54,0.0368155
19.542,0.0368155
19.544,0.0368155
19.546,0.0368155
19.548,0.0368155
19.55,0.0368155
19.552,0.0368155
19.554,0.0368155
19.556,0.0368155
19.558,0.0368155
19.56,0.0368155
19.562,0.0368155
19.564,0.0368155
19.566,0.0368155
19.568,0.0368155
19.57,0.0368155
19.572,0.0368155
19.574,0.0368155
19.576,0.0368155
19.578,0.0368155
19.58,0.0368155
19.582,0.0368155
19.584,0.0368155
19.586,0.0368155
19.588,0.0368155
19.59,0.0368155
19.592,0.0368155
19.594,0.0368155
19.596,0.0368155
19.598,0.0368155
19.6,0.0368155
19.602,0.0368155
19.604,0.0368155
19.606,0.0368155
19.608,0.0368155
19.61,0.0368155
19.612,0.0368155
19.614,0.0368155
19.616,0.0368155
19.618,0.0368155
19.62,0.0368155
19.622,0.0368155
19.624,0.0368155
19.626,0.0368155
19.628,0.0368155
19.63,0.0368155
19.632,0.0368155
19.634,0.0368155
19.636,0.0368155
19.638,0.0368155
19.64,0.0368155
19.642,0.0368155
19.644,0.0368155
19.646,0.0368155
19.648,0.0368155
19.65,0.0368155
19.652,0.0368155
19.654,0.0368155
19.656,0.0368155
19.658,0.0368155
19.66,0.0368155
19.662,0.0368155
19.664,0.0368155
19.666,0.0368155
19.668,0.0368155
19.67,0.0368155
19.672,0.0368155
19.674,0.0368155
19.676,0.0368155
19.678,0.0368155
19.68,0.0368155
19.682,0.0368155
19.684,0.0368155
19.686,0.0368155
19.688,0.0368155
19.69,0.0368155
19.692,0.0368155
19.694,0.0368155
19.696,0.0368155
19.698,0.0368155
19.7,0.0368155
19.702,0.0368155
19.704,0.0368155
19.706,0.0368155
19.708,0.0368155
19.71,0.0368155
19.712,0.0368155
19.714,0.0368155
19.716,0.0368155
19.718,0.0368155
19.72,0.0368155
19.722,0.0368155
19.724,0.0368155
19.726,0.0368155
19.728,0.0368155
19.73,0.0368155
19.732,0.0368155
19.734,0.0368155
19.736,0.0368155
19.738,0.0368155
19.74,0.0368155
19.742,0.0368155
19.744,0.0368155
19.746,0.0368155
19.748,0.0368155
19.75,0.0368155
19.752,0.0368155
19.754,0.0368155
19.756,0.0368155
19.758,0.0368155
19.76,0.0368155
19.762,0.0368155
19.764,0.0368155
19.766,0.0368155
19.768,0.0368155
19.77,0.0368155
19.772,0.0368155
19.774,0.0368155
19.776,0.0368155
19.778,0.0368155
19.78,0.0368155
19.782,0.0368155
19.784,0.0368155
19.786,0.0368155
19.788,0.0368155
19.79,0.0368155
19.792,0.0368155
19.794,0.0368155
19.796,0.0368155
19.798,0.0368155
19.8,0.0368155
19.802,0.0368155
19.804,0.0368155
19.806,0.0368155
19.808,0.0368155
19.81,0.0368155
19.812,0.0368155
19.814,0.0368155
19.816,0.0368155
19.818,0.0368155
19.82,0.0368155
19.822,0.0368155
19.824,0.0368155
19.826,0.0368155
19.828,0.0368155
19.83,0.0368155
19.832,0.0368155
19.834,0.0368155
19.836,0.0368155
19.838,0.0368155
19.84,0.0368155
19.842,0.0368155
19.844,0.0368155
19.846,0.0368155
19.848,0.0368155
19.85,0.0368155
19.852,0.0368155
19.854,0.0368155
19.856,0.0368155
19.858,0.0368155
19.86,0.0368155
19.862,0.0368155
19.864,0.0368155
19.866,0.0368155
19.868,0.0368155
19.87,0.0368155
19.872,0.0368155
19.874,0.0368155
19.876,0.0368155
19.878,0.0368155
19.88,0.0368155
19.882,0.0368155
19.884,0.0368155
19.886,0.0368155
19.888,0.0368155
19.89,0.0368155
19.892,0.0368155
19.894,0.0368155
19.896,0.0368155
19.898,0.0368155
19.9,0.0368155
19.902,0.0368155
19.904,0.0368155
19.906,0.0368155
19.908,0.0368155
19.91,0.0368155
19.912,0.0368155
19.914,0.0368155
19.916,0.0368155
19.918,0.0368155
19.92,0.0368155
19.922,0.0368155
19.924,0.0368155
19.926,0.0368155
19.928,0.0368155
19.93,0.0368155
19.932,0.0368155
19.934,0.0368155
19.936,0.0368155
19.938,0.0368155
19.94,0.0368155
19.942,0.0368155
19.944,0.0368155
19.946,0.0368155
19.948,0.0368155
19.95,0.0368155
19.952,0.0368155
19.954,0.0368155
19.956,0.0368155
19.958,0.0368155
19.96,0.0368155
19.962,0.0368155
19.964,0.0368155
19.966,0.0368155
19.968,0.0368155
19.97,0.0368155
19.972,0.0368155
19.974,0.0368155
19.976,0.0368155
19.978,0.0368155
19.98,0.0368155
19.982,0.0368155
19.984,0.0368155
19.986,0.0368155
19.988,0.0368155
19.99,0.0368155
19.992,0.0368155
19.994,0.0368155
19.996,0.0368155
19.998,0.0368155
20,0.0368155
20.002,0.0368155
20.004,0.0368155
20.006,0.0368155
20.008,0.0368155
20.01,0.0368155
20.012,0.0368155
20.014,0.0368155
20.016,0.0368155
20.018,0.0368155
20.02,0.0368155
20.022,0.0368155
20.024,0.0368155
20.026,0.0368155
20.028,0.0368155
20.03,0.0368155
20.032,0.0368155
20.034,0.0368155
20.036,0.0368155
20.038,0.0368155
20.04,0.0368155
20.042,0.0368155
20.044,0.0368155
20.046,0.0368155
20.048,0.0368155
20.05,0.0368155
20.052,0.0368155
20.054,0.0368155
20.056,0.0368155
20.058,0.0368155
20.06,0.0337476
20.062,0.0337476
20.064,0.0337476
20.066,0.0337476
20.068,0.0337476
20.07,0.0337476
20.072,0.0337476
20.074,0.0337476
20.076,0.0337476
20.078,0.0337476
20.08,0.0337476
20.082,0.0337476
20.084,0.0337476
20.086,0.0337476
20.088,0.0337476
20.09,0.0337476
20.092,0.0337476
20.094,0.0337476
20.096,0.0337476
20.098,0.0337476
20.1,0.0337476
20.102,0.0337476
20.104,0.0337476
20.106,0.0337476
20.108,0.0337476
20.11,0.0337476
20.112,0.0337476
20.114,0.0337476
20.116,0.0337476
20.118,0.0337476
20.12,0.0337476
20.122,0.0337476
20.124,0.0337476
20.126,0.0337476
20.128,0.0337476
20.13,0.0337476
20.132,0.0337476
20.134,0.0337476
20.136,0.0337476
20.138,0.0337476
20.14,0.0337476
20.142,0.0337476
20.144,0.0337476
20.146,0.0337476
20.148,0.0337476
20.15,0.0337476
20.152,0.0337476
20.154,0.0337476
20.156,0.0337476
20.158,0.0337476
20.16,0.0337476
20.162,0.0337476
20.164,0.0337476
20.166,0.0337476
20.168,0.0337476
20.17,0.0337476
20.172,0.0337476
20.174,0.0337476
20.176,0.0337476
20.178,0.0337476
20.18,0.0337476
20.182,0.0337476
20.184,0.0337476
20.186,0.0337476
20.188,0.0337476
20.19,0.0337476
20.192,0.0337476
20.194,0.0337476
20.196,0.0337476
20.198,0.0337476
20.2,0.0337476
20.202,0.0337476
20.204,0.0337476
20.206,0.0337476
20.208,0.0337476
20.21,0.0337476
20.212,0.0337476
20.214,0.0337476
20.216,0.0337476
20.218,0.0337476
20.22,0.0337476
20.222,0.0337476
20.224,0.0337476
20.226,0.0337476
20.228,0.0337476
20.23,0.0337476
20.232,0.0337476
20.234,0.0337476
20.236,0.0337476
20.238,0.0337476
20.24,0.0337476
20.242,0.0337476
20.244,0.0337476
20.246,0.0337476
20.248,0.0337476
20.25,0.0337476
20.252,0.0337476
20.254,0.0337476
20.256,0.0337476
20.258,0.0337476
20.26,0.0337476
20.262,0.0337476
20.264,0.0337476
20.266,0.0337476
20.268,0.0337476
20.27,0.0337476
20.272,0.0337476
20.274,0.0337476
20.276,0.0337476
20.278,0.0337476
20.28,0.0337476
20.282,0.0337476
20.284,0.0337476
20.286,0.0337476
20.288,0.0337476
20.29,0.0337476
20.292,0.0337476
20.294,0.0337476
20.296,0.0337476
20.298,0.0337476
20.3,0.0337476
20.302,0.0337476
20.304,0.0337476
20.306,0.0337476
20.308,0.0337476
20.31,0.0337476
20.312,0.0337476
20.314,0.0337476
20.316,0.0337476
20.318,0.0337476
20.32,0.0337476
20.322,0.0337476
20.324,0.0337476
20.326,0.0337476
20.328,0.0337476
20.33,0.0337476
20.332,0.0337476
20.334,0.0337476
20.336,0.0337476
20.338,0.0337476
20.34,0.0337476
20.342,0.0337476
20.344,0.0337476
20.346,0.0337476
20.348,0.0337476
20.35,0.0337476
20.352,0.0337476
20.354,0.0337476
20.356,0.0337476
20.358,0.0337476
20.36,0.0337476
20.362,0.0337476
20.364,0.0337476
20.366,0.0337476
20.368,0.0337476
20.37,0.0337476
20.372,0.0337476
20.374,0.0337476
20.376,0.0337476
20.378,0.0337476
20.38,0.0337476
20.382,0.0337476
20.384,0.0337476
20.386,0.0337476
20.388,0.0337476
20.39,0.0337476
20.392,0.0337476
20.394,0.0337476
20.396,0.0337476
20.398,0.0337476
20.4,0.0337476
20.402,0.0337476
20.404,0.0337476
20.406,0.0337476
20.408,0.0337476
20.41,0.0337476
20.412,0.0337476
20.414,0.0337476
20.416,0.0337476
20.418,0.0337476
20.42,0.0337476
20.422,0.0337476
20.424,0.0337476
20.426,0.0337476
20.428,0.0337476
20.43,0.0337476
20.432,0.0337476
20.434,0.0337476
20.436,0.0337476
20.438,0.0337476
20.44,0.0337476
20.442,0.0337476
20.444,0.0337476
20.446,0.0337476
20.448,0.0337476
20.45,0.0337476
20.452,0.0337476
20.454,0.0337476
20.456,0.0337476
20.458,0.0337476
20.46,0.0337476
20.462,0.0337476
20.464,0.0337476
20.466,0.0337476
20.468,0.0337476
20.47,0.0337476
20.472,0.0337476
20.474,0.0337476
20.476,0.0337476
20.478,0.0337476
20.48,0.0337476
20.482,0.0337476
20.484,0.0337476
20.486,0.0337476
20.488,0.0337476
20.49,0.0337476
20.492,0.0337476
20.494,0.0337476
20.496,0.0337476
20.498,0.0337476
20.5,0.0337476
20.502,0.0337476
20.504,0.0337476
20.506,0.0337476
20.508,0.0337476
20.51,0.0337476
20.512,0.0337476
20.514,0.0337476
20.516,0.0337476
20.518,0.0337476
20.52,0.0337476
20.522,0.0337476
20.524,0.0337476
20.526,0.0337476
20.528,0.0337476
20.53,0.0337476
20.532,0.0337476
20.534,0.0337476
20.536,0.0337476
20.538,0.0337476
20.54,0.0337476
20.542,0.0337476
20.544,0.0337476
20.546,0.0337476
20.548,0.0337476
20.55,0.0337476
20.552,0.0337476
20.554,0.0337476
20.556,0.0337476
20.558,0.0337476
20.56,0.0337476
20.562,0.0337476
20.564,0.0337476
20.566,0.0337476
20.568,0.0337476
20.57,0.0337476
20.572,0.0337476
20.574,0.0337476
20.576,0.0337476
20.578,0.0337476
20.58,0.0337476
20.582,0.0337476
20.584,0.0337476
20.586,0.0337476
20.588,0.0337476
20.59,0.0337476
20.592,0.0337476
20.594,0.0337476
20.596,0.0337476
20.598,0.0337476
20.6,0.0337476
20.602,0.0337476
20.604,0.0337476
20.606,0.0337476
20.608,0.0337476
20.61,0.0337476
20.612,0.0337476
20.614,0.0337476
20.616,0.0337476
20.618,0.0337476
20.62,0.0337476
20.622,0.0337476
20.624,0.0337476
20.626,0.0337476
20.628,0.0337476
20.63,0.0337476
20.632,0.0337476
20.634,0.0337476
20.636,0.0337476
20.638,0.0337476
20.64,0.0337476
20.642,0.0337476
20.644,0.0337476
20.646,0.0337476
20.648,0.0337476
20.65,0.0337476
20.652,0.0337476
20.654,0.0337476
20.656,0.0337476
20.658,0.0337476
20.66,0.0337476
20.662,0.0337476
20.664,0.0337476
20.666,0.0337476
20.668,0.0337476
20.67,0.0337476
20.672,0.0337476
20.674,0.0337476
20.676,0.0337476
20.678,0.0337476
20.68,0.0337476
20.682,0.0337476
20.684,0.0337476
20.686,0.0337476
20.688,0.0337476
20.69,0.0337476
20.692,0.0337476
20.694,0.0337476
20.696,0.0337476
20.698,0.0337476
20.7,0.0337476
20.702,0.0337476
20.704,0.0337476
20.706,0.0337476
20.708,0.0337476
20.71,0.0337476
20.712,0.0337476
20.714,0.0337476
20.716,0.0337476
20.718,0.0337476
20.72,0.0337476
20.722,0.0337476
20.724,0.0337476
20.726,0.0337476
20.728,0.0337476
20.73,0.0337476
20.732,0.0337476
20.734,0.0337476
20.736,0.0337476
20.738,0.0337476
20.74,0.0337476
20.742,0.0337476
20.744,0.0337476
20.746,0.0337476
20.748,0.0337476
20.75,0.0337476
20.752,0.0337476
20.754,0.0337476
20.756,0.0337476
20.758,0.0337476
20.76,0.0337476
20.762,0.0337476
20.764,0.0337476
20.766,0.0337476
20.768,0.0337476
20.77,0.0337476
20.772,0.0337476
20.774,0.0337476
20.776,0.0337476
20.778,0.0337476
20.78,0.0337476
20.782,0.0337476
20.784,0.0337476
20.786,0.0337476
20.788,0.0337476
20.79,0.0337476
20.792,0.0337476
20.794,0.0337476
20.796,0.0337476
20.798,0.0337476
20.8,0.0337476
20.802,0.0337476
20.804,0.0337476
20.806,0.0337476
20.808,0.0337476
20.81,0.0337476
20.812,0.0337476
20.814,0.0337476
20.816,0.0337476
20.818,0.0337476
20.82,0.0337476
20.822,0.0337476
20.824,0.0337476
20.826,0.0337476
20.828,0.0337476
20.83,0.0337476
20.832,0.0337476
20.834,0.0337476
20.836,0.0337476
20.838,0.0337476
20.84,0.0337476
20.842,0.0337476
20.844,0.0337476
20.846,0.0337476
20.848,0.0337476
20.85,0.0337476
20.852,0.0337476
20.854,0.0337476
20.856,0.0337476
20.858,0.0337476
20.86,0.0337476
20.862,0.0337476
20.864,0.0337476
20.866,0.0337476
20.868,0.0337476
20.87,0.0337476
20.872,0.0337476
20.874,0.0337476
20.876,0.0337476
20.878,0.0337476
20.88,0.0337476
20.882,0.0337476
20.884,0.0337476
20.886,0.0337476
20.888,0.0337476
20.89,0.0337476
20.892,0.0337476
20.894,0.0337476
20.896,0.0337476
20.898,0.0337476
20.9,0.0337476
20.902,0.0337476
20.904,0.0337476
20.906,0.0337476
20.908,0.0337476
20.91,0.0337476
20.912,0.0337476
20.914,0.0337476
20.916,0.0337476
20.918,0.0337476
20.92,0.0337476
20.922,0.0337476
20.924,0.0337476
20.926,0.0337476
20.928,0.0337476
20.93,0.0337476
20.932,0.0337476
20.934,0.0337476
20.936,0.0337476
20.938,0.0337476
20.94,0.0337476
20.942,0.0337476
20.944,0.0337476
20.946,0.0337476
20.948,0.0337476
20.95,0.0337476
20.952,0.0337476
20.954,0.0337476
20.956,0.0337476
20.958,0.0337476
20.96,0.0337476
20.962,0.0337476
20.964,0.0337476
20.966,0.0337476
20.968,0.0337476
20.97,0.0337476
20.972,0.0337476
20.974,0.0337476
20.976,0.0337476
20.978,0.0337476
20.98,0.0337476
20.982,0.0337476
20.984,0.0337476
20.986,0.0337476
20.988,0.0306796
20.99,0.0306796
20.992,0.0306796
20.994,0.0306796
20.996,0.0306796
20.998,0.0306796
21,0.0306796
21.002,0.0306796
21.004,0.0306796
21.006,0.0306796
21.008,0.0306796
21.01,0.0306796
21.012,0.0306796
21.014,0.0306796
21.016,0.0306796
21.018,0.0306796
21.02,0.0306796
21.022,0.0306796
21.024,0.0306796
21.026,0.0306796
21.028,0.0306796
21.03,0.0306796
21.032,0.0306796
21.034,0.0306796
21.036,0.0306796
21.038,0.0306796
21.04,0.0306796
21.042,0.0306796
21.044,0.0306796
21.046,0.0306796
21.048,0.0306796
21.05,0.0306796
21.052,0.0306796
21.054,0.0306796
21.056,0.0306796
21.058,0.0306796
21.06,0.0306796
21.062,0.0306796
21.064,0.0306796
21.066,0.0306796
21.068,0.0306796
21.07,0.0306796
21.072,0.0306796
21.074,0.0306796
21.076,0.0306796
21.078,0.0306796
21.08,0.0306796
21.082,0.0306796
21.084,0.0306796
21.086,0.0306796
21.088,0.0306796
21.09,0.0306796
21.092,0.0306796
21.094,0.0306796
21.096,0.0306796
21.098,0.0306796
21.1,0.0306796
21.102,0.0306796
21.104,0.0306796
21.106,0.0306796
21.108,0.0306796
21.11,0.0306796
21.112,0.0306796
21.114,0.0306796
21.116,0.0306796
21.118,0.0306796
21.12,0.0306796
21.122,0.0306796
21.124,0.0306796
21.126,0.0306796
21.128,0.0306796
21.13,0.0306796
21.132,0.0306796
21.134,0.0306796
21.136,0.0306796
21.138,0.0306796
21.14,0.0306796
21.142,0.0306796
21.144,0.0306796
21.146,0.0306796
21.148,0.0306796
21.15,0.0306796
21.152,0.0306796
21.154,0.0306796
21.156,0.0306796
21.158,0.0306796
21.16,0.0306796
21.162,0.0306796
21.164,0.0306796
21.166,0.0306796
21.168,0.0306796
21.17,0.0306796
21.172,0.0306796
21.174,0.0306796
21.176,0.0306796
21.178,0.0306796
21.18,0.0306796
21.182,0.0306796
21.184,0.0306796
21.186,0.0306796
21.188,0.0306796
21.19,0.0306796
21.192,0.0306796
21.194,0.0306796
21.196,0.0306796
21.198,0.0306796
21.2,0.0306796
21.202,0.0306796
21.204,0.0306796
21.206,0.0306796
21.208,0.0306796
21.21,0.0306796
21.212,0.0306796
21.214,0.0306796
21.216,0.0306796
21.218,0.0306796
21.22,0.0306796
21.222,0.0306796
21.224,0.0306796
21.226,0.0306796
21.228,0.0306796
21.23,0.0306796
21.232,0.0306796
21.234,0.0306796
21.236,0.0306796
21.238,0.0306796
21.24,0.0306796
21.242,0.0306796
21.244,0.0306796
21.246,0.0306796
21.248,0.0306796
21.25,0.0306796
21.252,0.0306796
21.254,0.0306796
21.256,0.0306796
21.258,0.0306796
21.26,0.0306796
21.262,0.0306796
21.264,0.0306796
21.266,0.0306796
21.268,0.0306796
21.27,0.0306796
21.272,0.0306796
21.274,0.0306796
21.276,0.0306796
21.278,0.0306796
21.28,0.0306796
21.282,0.0306796
21.284,0.0306796
21.286,0.0306796
21.288,0.0306796
21.29,0.0306796
21.292,0.0306796
21.294,0.0306796
21.296,0.0306796
21.298,0.0306796
21.3,0.0306796
21.302,0.0306796
21.304,0.0306796
21.306,0.0306796
21.308,0.0306796
21.31,0.0306796
21.312,0.0306796
21.314,0.0306796
21.316,0.0306796
21.318,0.0306796
21.32,0.0306796
21.322,0.0306796
21.324,0.0306796
21.326,0.0306796
21.328,0.0306796
21.33,0.0306796
21.332,0.0306796
21.334,0.0306796
21.336,0.0306796
21.338,0.0306796
21.34,0.0306796
21.342,0.0306796
21.344,0.0306796
21.346,0.0306796
21.348,0.0306796
21.35,0.0306796
21.352,0.0306796
21.354,0.0306796
21.356,0.0306796
21.358,0.0306796
21.36,0.0306796
21.362,0.0306796
21.364,0.0306796
21.366,0.0306796
21.368,0.0306796
21.37,0.0306796
21.372,0.0306796
21.374,0.0306796
21.376,0.0306796
21.378,0.0306796
21.38,0.0306796
21.382,0.0306796
21.384,0.0306796
21.386,0.0306796
21.388,0.0306796
21.39,0.0306796
21.392,0.0306796
21.394,0.0306796
21.396,0.0306796
21.398,0.0306796
21.4,0.0306796
21.402,0.0306796
21.404,0.0306796
21.406,0.0306796
21.408,0.0306796
21.41,0.0306796
21.412,0.0306796
21.414,0.0306796
21.416,0.0306796
21.418,0.0306796
21.42,0.0306796
21.422,0.0306796
21.424,0.0306796
21.426,0.0306796
21.428,0.0306796
21.43,0.0306796
21.432,0.0306796
21.434,0.0306796
21.436,0.0306796
21.438,0.0306796
21.44,0.0306796
21.442,0.0306796
21.444,0.0306796
21.446,0.0306796
21.448,0.0306796
21.45,0.0306796
21.452,0.0306796
21.454,0.0306796
21.456,0.0306796
21.458,0.0306796
21.46,0.0306796
21.462,0.0306796
21.464,0.0306796
21.466,0.0306796
21.468,0.0306796
21.47,0.0306796
21.472,0.0306796
21.474,0.0306796
21.476,0.0306796
21.478,0.0306796
21.48,0.0306796
21.482,0.0306796
21.484,0.0306796
21.486,0.0306796
21.488,0.0306796
21.49,0.0306796
21.492,0.0306796
21.494,0.0306796
21.496,0.0306796
21.498,0.0306796
21.5,0.0306796
21.502,0.0306796
21.504,0.0306796
21.506,0.0306796
21.508,0.0306796
21.51,0.0306796
21.512,0.0306796
21.514,0.0306796
21.516,0.0306796
21.518,0.0306796
21.52,0.0306796
21.522,0.0306796
21.524,0.0306796
21.526,0.0306796
21.528,0.0306796
21.53,0.0306796
21.532,0.0306796
21.534,0.0306796
21.536,0.0306796
21.538,0.0306796
21.54,0.0306796
21.542,0.0306796
21.544,0.0306796
21.546,0.0306796
21.548,0.0306796
21.55,0.0306796
21.552,0.0306796
21.554,0.0306796
21.556,0.0306796
21.558,0.0306796
21.56,0.0306796
21.562,0.0306796
21.564,0.0306796
21.566,0.0306796
21.568,0.0306796
21.57,0.0306796
21.572,0.0306796
21.574,0.0306796
21.576,0.0306796
21.578,0.0306796
21.58,0.0306796
21.582,0.0306796
21.584,0.0306796
21.586,0.0306796
21.588,0.0306796
21.59,0.0306796
21.592,0.0306796
21.594,0.0306796
21.596,0.0306796
21.598,0.0306796
21.6,0.0306796
21.602,0.0306796
21.604,0.0306796
21.606,0.0306796
21.608,0.0306796
21.61,0.0306796
21.612,0.0306796
21.614,0.0306796
21.616,0.0306796
21.618,0.0306796
21.62,0.0306796
21.622,0.0306796
21.624,0.0306796
21.626,0.0306796
21.628,0.0306796
21.63,0.0306796
21.632,0.0306796
21.634,0.0306796
21.636,0.0306796
21.638,0.0306796
21.64,0.0306796
21.642,0.0306796
21.644,0.0306796
21.646,0.0306796
21.648,0.0306796
21.65,0.0306796
21.652,0.0306796
21.654,0.0306796
21.656,0.0306796
21.658,0.0306796
21.66,0.0306796
21.662,0.0306796
21.664,0.0306796
21.666,0.0306796
21.668,0.0306796
21.67,0.0306796
21.672,0.0306796
21.674,0.0306796
21.676,0.0306796
21.678,0.0306796
21.68,0.0306796
21.682,0.0306796
21.684,0.0306796
21.686,0.0306796
21.688,0.0306796
21.69,0.0306796
21.692,0.0306796
21.694,0.0306796
21.696,0.0306796
21.698,0.0306796
21.7,0.0306796
21.702,0.0306796
21.704,0.0306796
21.706,0.0306796
21.708,0.0306796
21.71,0.0306796
21.712,0.0306796
21.714,0.0306796
21.716,0.0306796
21.718,0.0306796
21.72,0.0306796
21.722,0.0306796
21.724,0.0306796
21.726,0.0306796
21.728,0.0306796
21.73,0.0306796
21.732,0.0306796
21.734,0.0306796
21.736,0.0306796
21.738,0.0306796
21.74,0.0306796
21.742,0.0306796
21.744,0.0306796
21.746,0.0306796
21.748,0.0306796
21.75,0.0306796
21.752,0.0306796
21.754,0.0306796
21.756,0.0306796
21.758,0.0306796
21.76,0.0306796
21.762,0.0306796
21.764,0.0306796
21.766,0.0306796
21.768,0.0306796
21.77,0.0306796
21.772,0.0306796
21.774,0.0306796
21.776,0.0306796
21.778,0.0306796
21.78,0.0306796
21.782,0.0306796
21.784,0.0306796
21.786,0.0306796
21.788,0.0306796
21.79,0.0306796
21.792,0.0306796
21.794,0.0306796
21.796,0.0306796
21.798,0.0306796
21.8,0.0306796
21.802,0.0306796
21.804,0.0306796
21.806,0.0306796
21.808,0.0306796
21.81,0.0306796
21.812,0.0306796
21.814,0.0306796
21.816,0.0306796
21.818,0.0306796
21.82,0.0306796
21.822,0.0306796
21.824,0.0306796
21.826,0.0306796
21.828,0.0306796
21.83,0.0306796
21.832,0.0306796
21.834,0.0306796
21.836,0.0306796
21.838,0.0306796
21.84,0.0306796
21.842,0.0306796
21.844,0.0306796
21.846,0.0306796
21.848,0.0306796
21.85,0.0306796
21.852,0.0306796
21.854,0.0306796
21.856,0.0306796
21.858,0.0306796
21.86,0.0306796
21.862,0.0306796
21.864,0.0306796
21.866,0.0306796
21.868,0.0306796
21.87,0.0306796
21.872,0.0306796
21.874,0.0306796
21.876,0.0306796
21.878,0.0306796
21.88,0.0306796
21.882,0.0306796
21.884,0.0306796
21.886,0.0306796
21.888,0.0306796
21.89,0.0306796
21.892,0.0306796
21.894,0.0306796
21.896,0.0306796
21.898,0.0306796
21.9,0.0306796
21.902,0.0306796
21.904,0.0306796
21.906,0.0306796
21.908,0.0306796
21.91,0.0306796
21.912,0.0306796
21.914,0.0306796
21.916,0.0306796
21.918,0.0306796
21.92,0.0306796
21.922,0.0306796
21.924,0.0306796
21.926,0.0306796
21.928,0.0306796
21.93,0.0306796
21.932,0.0306796
21.934,0.0306796
21.936,0.0306796
21.938,0.0306796
21.94,0.0306796
21.942,0.0306796
21.944,0.0306796
21.946,0.0306796
21.948,0.0306796
21.95,0.0306796
21.952,0.0306796
21.954,0.0306796
21.956,0.0306796
21.958,0.0306796
21.96,0.0306796
21.962,0.0306796
21.964,0.0306796
21.966,0.0306796
21.968,0.0306796
21.97,0.0306796
21.972,0.0306796
21.974,0.0306796
21.976,0.0306796
21.978,0.0306796
21.98,0.0306796
21.982,0.0306796
21.984,0.0306796
21.986,0.0306796
21.988,0.0306796
21.99,0.0306796
21.992,0.0306796
21.994,0.0306796
21.996,0.0306796
21.998,0.0306796
22,0.0306796
22.002,0.0306796
22.004,0.0306796
22.006,0.0306796
22.008,0.0306796
22.01,0.0306796
22.012,0.0306796
22.014,0.0306796
22.016,0.0306796
22.018,0.0306796
22.02,0.0306796
22.022,0.0306796
22.024,0.0306796
22.026,0.0306796
22.028,0.0306796
22.03,0.0306796
22.032,0.0306796
22.034,0.0306796
22.036,0.0306796
22.038,0.0306796
22.04,0.0306796
22.042,0.0306796
22.044,0.0306796
22.046,0.0306796
22.048,0.0306796
22.05,0.0306796
22.052,0.0306796
22.054,0.0306796
22.056,0.0306796
22.058,0.0306796
22.06,0.0306796
22.062,0.0306796
22.064,0.0306796
22.066,0.0306796
22.068,0.0306796
22.07,0.0306796
22.072,0.0306796
22.074,0.0306796
22.076,0.0306796
22.078,0.0306796
22.08,0.0306796
22.082,0.0306796
22.084,0.0306796
22.086,0.0306796
22.088,0.0306796
22.09,0.0306796
22.092,0.0306796
22.094,0.0306796
22.096,0.0306796
22.098,0.0306796
22.1,0.0306796
22.102,0.0306796
22.104,0.0306796
22.106,0.0306796
22.108,0.0306796
22.11,0.0306796
22.112,0.0306796
22.114,0.0306796
22.116,0.0306796
22.118,0.0306796
22.12,0.0306796
22.122,0.0306796
22.124,0.0306796
22.126,0.0306796
22.128,0.0306796
22.13,0.0306796
22.132,0.0306796
22.134,0.0306796
22.136,0.0306796
22.138,0.0306796
22.14,0.0306796
22.142,0.0306796
22.144,0.0306796
22.146,0.0306796
22.148,0.0306796
22.15,0.0306796
22.152,0.0306796
22.154,0.0306796
22.156,0.0306796
22.158,0.0306796
22.16,0.0306796
22.162,0.0306796
22.164,0.0306796
22.166,0.0306796
22.168,0.0306796
22.17,0.0306796
22.172,0.0306796
22.174,0.0306796
22.176,0.0306796
22.178,0.0306796
22.18,0.0306796
22.182,0.0306796
22.184,0.0306796
22.186,0.0306796
22.188,0.0306796
22.19,0.0306796
22.192,0.0306796
22.194,0.0306796
22.196,0.0306796
22.198,0.0306796
22.2,0.0306796
22.202,0.0306796
22.204,0.0306796
22.206,0.0306796
22.208,0.0306796
22.21,0.0306796
22.212,0.0306796
22.214,0.0306796
22.216,0.0306796
22.218,0.0306796
22.22,0.0306796
22.222,0.0306796
22.224,0.0306796
22.226,0.0306796
22.228,0.0306796
22.23,0.0306796
22.232,0.0306796
22.234,0.0306796
22.236,0.0306796
22.238,0.0306796
22.24,0.0306796
22.242,0.0306796
22.244,0.0306796
22.246,0.0306796
22.248,0.0306796
22.25,0.0306796
22.252,0.0306796
22.254,0.0306796
22.256,0.0306796
22.258,0.0306796
22.26,0.0306796
22.262,0.0306796
22.264,0.0306796
22.266,0.0306796
22.268,0.0306796
22.27,0.0306796
22.272,0.0306796
22.274,0.0306796
22.276,0.0306796
22.278,0.0306796
22.28,0.0306796
22.282,0.0306796
22.284,0.0306796
22.286,0.0306796
22.288,0.0306796
22.29,0.0306796
22.292,0.0306796
22.294,0.0306796
22.296,0.0306796
22.298,0.0306796
22.3,0.0306796
22.302,0.0306796
22.304,0.0306796
22.306,0.0306796
22.308,0.0306796
22.31,0.0306796
22.312,0.0306796
22.314,0.0306796
22.316,0.0306796
22.318,0.0306796
22.32,0.0306796
22.322,0.0306796
22.324,0.0306796
22.326,0.0306796
22.328,0.0306796
22.33,0.0306796
22.332,0.0306796
22.334,0.0306796
22.336,0.0306796
22.338,0.0306796
22.34,0.0306796
22.342,0.0306796
22.344,0.0306796
22.346,0.0306796
22.348,0.0306796
22.35,0.0306796
22.352,0.0306796
22.354,0.0306796
22.356,0.0306796
22.358,0.0306796
22.36,0.0306796
22.362,0.0306796
22.364,0.0306796
22.366,0.0306796
22.368,0.0306796
22.37,0.0306796
22.372,0.0306796
22.374,0.0306796
22.376,0.0306796
22.378,0.0306796
22.38,0.0306796
22.382,0.0306796
22.384,0.0306796
22.386,0.0306796
22.388,0.0306796
22.39,0.0306796
22.392,0.0306796
22.394,0.0306796
22.396,0.0306796
22.398,0.0306796
22.4,0.0306796
22.402,0.0306796
22.404,0.0306796
22.406,0.0306796
22.408,0.0306796
22.41,0.0306796
22.412,0.0306796
22.414,0.0306796
22.416,0.0306796
22.418,0.0306796
22.42,0.0306796
22.422,0.0306796
22.424,0.0306796
22.426,0.0306796
22.428,0.0306796
22.43,0.0306796
22.432,0.0306796
22.434,0.0306796
22.436,0.0306796
22.438,0.0306796
22.44,0.0306796
22.442,0.0306796
22.444,0.0306796
22.446,0.0306796
22.448,0.0306796
22.45,0.0306796
22.452,0.0306796
22.454,0.0306796
22.456,0.0306796
22.458,0.0306796
22.46,0.0306796
22.462,0.0306796
22.464,0.0306796
22.466,0.0306796
22.468,0.0306796
22.47,0.0306796
22.472,0.0306796
22.474,0.0306796
22.476,0.0306796
22.478,0.0306796
22.48,0.0306796
22.482,0.0306796
22.484,0.0306796
22.486,0.0276117
22.488,0.0276117
22.49,0.0276117
22.492,0.0276117
22.494,0.0276117
22.496,0.0276117
22.498,0.0276117
22.5,0.0276117
22.502,0.0276117
22.504,0.0276117
22.506,0.0276117
22.508,0.0276117
22.51,0.0276117
22.512,0.0276117
22.514,0.0276117
22.516,0.0276117
22.518,0.0276117
22.52,0.0276117
22.522,0.0276117
22.524,0.0276117
22.526,0.0276117
22.528,0.0276117
22.53,0.0276117
22.532,0.0276117
22.534,0.0276117
22.536,0.0276117
22.538,0.0276117
22.54,0.0276117
22.542,0.0276117
22.544,0.0276117
22.546,0.0276117
22.548,0.0276117
22.55,0.0276117
22.552,0.0276117
22.554,0.0276117
22.556,0.0276117
22.558,0.0276117
22.56,0.0276117
22.562,0.0276117
22.564,0.0276117
22.566,0.0276117
22.568,0.0276117
22.57,0.0276117
22.572,0.0276117
22.574,0.0276117
22.576,0.0276117
22.578,0.0276117
22.58,0.0276117
22.582,0.0276117
22.584,0.0276117
22.586,0.0276117
22.588,0.0276117
22.59,0.0276117
22.592,0.0276117
22.594,0.0276117
22.596,0.0276117
22.598,0.0276117
22.6,0.0276117
22.602,0.0276117
22.604,0.0276117
22.606,0.0276117
22.608,0.0276117
22.61,0.0276117
22.612,0.0276117
22.614,0.0276117
22.616,0.0276117
22.618,0.0276117
22.62,0.0276117
22.622,0.0276117
22.624,0.0276117
22.626,0.0276117
22.628,0.0276117
22.63,0.0276117
22.632,0.0276117
22.634,0.0276117
22.636,0.0276117
22.638,0.0276117
22.64,0.0276117
22.642,0.0276117
22.644,0.0276117
22.646,0.0276117
22.648,0.0276117
22.65,0.0276117
22.652,0.0276117
22.654,0.0276117
22.656,0.0276117
22.658,0.0276117
22.66,0.0276117
22.662,0.0276117
22.664,0.0276117
22.666,0.0276117
22.668,0.0276117
22.67,0.0276117
22.672,0.0276117
22.674,0.0276117
22.676,0.0276117
22.678,0.0276117
22.68,0.0276117
22.682,0.0276117
22.684,0.0276117
22.686,0.0276117
22.688,0.0276117
22.69,0.0276117
22.692,0.0276117
22.694,0.0276117
22.696,0.0276117
22.698,0.0276117
22.7,0.0276117
22.702,0.0276117
22.704,0.0276117
22.706,0.0276117
22.708,0.0276117
22.71,0.0276117
22.712,0.0276117
22.714,0.0276117
22.716,0.0276117
22.718,0.0276117
22.72,0.0276117
22.722,0.0276117
22.724,0.0276117
22.726,0.0276117
22.728,0.0276117
22.73,0.0276117
22.732,0.0276117
22.734,0.0276117
22.736,0.0276117
22.738,0.0276117
22.74,0.0276117
22.742,0.0276117
22.744,0.0276117
22.746,0.0276117
22.748,0.0276117
22.75,0.0276117
22.752,0.0276117
22.754,0.0276117
22.756,0.0276117
22.758,0.0276117
22.76,0.0276117
22.762,0.0276117
22.764,0.0276117
22.766,0.0276117
22.768,0.0276117
22.77,0.0276117
22.772,0.0276117
22.774,0.0276117
22.776,0.0276117
22.778,0.0276117
22.78,0.0276117
22.782,0.0276117
22.784,0.0276117
22.786,0.0276117
22.788,0.0276117
22.79,0.0276117
22.792,0.0276117
22.794,0.0276117
22.796,0.0276117
22.798,0.0276117
22.8,0.0276117
22.802,0.0276117
22.804,0.0276117
22.806,0.0276117
22.808,0.0276117
22.81,0.0276117
22.812,0.0276117
22.814,0.0276117
22.816,0.0276117
22.818,0.0276117
22.82,0.0276117
22.822,0.0276117
22.824,0.0276117
22.826,0.0276117
22.828,0.0276117
22.83,0.0276117
22.832,0.0276117
22.834,0.0276117
22.836,0.0276117
22.838,0.0276117
22.84,0.0276117
22.842,0.0276117
22.844,0.0276117
22.846,0.0276117
22.848,0.0276117
22.85,0.0276117
22.852,0.0276117
22.854,0.0276117
22.856,0.0276117
22.858,0.0276117
22.86,0.0276117
22.862,0.0276117
22.864,0.0276117
22.866,0.0276117
22.868,0.0276117
22.87,0.0276117
22.872,0.0276117
22.874,0.0276117
22.876,0.0276117
22.878,0.0276117
22.88,0.0276117
22.882,0.0276117
22.884,0.0276117
22.886,0.0276117
22.888,0.0276117
22.89,0.0276117
22.892,0.0276117
22.894,0.0276117
22.896,0.0276117
22.898,0.0276117
22.9,0.0276117
22.902,0.0276117
22.904,0.0276117
22.906,0.0276117
22.908,0.0276117
22.91,0.0276117
22.912,0.0276117
22.914,0.0276117
22.916,0.0276117
22.918,0.0276117
22.92,0.0276117
22.922,0.0276117
22.924,0.0276117
22.926,0.0276117
22.928,0.0276117
22.93,0.0276117
22.932,0.0276117
22.934,0.0276117
22.936,0.0276117
22.938,0.0276117
22.94,0.0276117
22.942,0.0276117
22.944,0.0276117
22.946,0.0276117
22.948,0.0276117
22.95,0.0276117
22.952,0.0276117
22.954,0.0276117
22.956,0.0276117
22.958,0.0276117
22.96,0.0276117
22.962,0.0276117
22.964,0.0276117
22.966,0.0276117
22.968,0.0276117
22.97,0.0276117
22.972,0.0276117
22.974,0.0276117
22.976,0.0276117
22.978,0.0276117
22.98,0.0276117
22.982,0.0276117
22.984,0.0276117
22.986,0.0276117
22.988,0.0276117
22.99,0.0276117
22.992,0.0276117
22.994,0.0276117
22.996,0.0276117
22.998,0.0276117
23,0.0276117
23.002,0.0276117
23.004,0.0276117
23.006,0.0276117
23.008,0.0276117
23.01,0.0276117
23.012,0.0276117
23.014,0.0276117
23.016,0.0276117
23.018,0.0276117
23.02,0.0276117
23.022,0.0276117
23.024,0.0276117
23.026,0.0276117
23.028,0.0276117
23.03,0.0276117
23.032,0.0276117
23.034,0.0276117
23.036,0.0276117
23.038,0.0276117
23.04,0.0276117
23.042,0.0276117
23.044,0.0276117
23.046,0.0276117
23.048,0.0276117
23.05,0.0276117
23.052,0.0276117
23.054,0.0276117
23.056,0.0276117
23.058,0.0276117
23.06,0.0276117
23.062,0.0276117
23.064,0.0276117
23.066,0.0276117
23.068,0.0276117
23.07,0.0276117
23.072,0.0276117
23.074,0.0276117
23.076,0.0276117
23.078,0.0276117
23.08,0.0276117
23.082,0.0276117
23.084,0.0276117
23.086,0.0276117
23.088,0.0276117
23.09,0.0276117
23.092,0.0276117
23.094,0.0276117
23.096,0.0276117
23.098,0.0276117
23.1,0.0276117
23.102,0.0276117
23.104,0.0276117
23.106,0.0276117
23.108,0.0276117
23.11,0.0276117
23.112,0.0276117
23.114,0.0276117
23.116,0.0276117
23.118,0.0276117
23.12,0.0276117
23.122,0.0276117
23.124,0.0276117
23.126,0.0276117
23.128,0.0276117
23.13,0.0276117
23.132,0.0276117
23.134,0.0276117
23.136,0.0276117
23.138,0.0276117
23.14,0.0276117
23.142,0.0276117
23.144,0.0276117
23.146,0.0276117
23.148,0.0276117
23.15,0.0276117
23.152,0.0276117
23.154,0.0276117
23.156,0.0276117
23.158,0.0276117
23.16,0.0276117
23.162,0.0276117
23.164,0.0276117
23.166,0.0276117
23.168,0.0276117
23.17,0.0276117
23.172,0.0276117
23.174,0.0276117
23.176,0.0276117
23.178,0.0276117
23.18,0.0276117
23.182,0.0276117
23.184,0.0276117
23.186,0.0276117
23.188,0.0276117
23.19,0.0276117
23.192,0.0276117
23.194,0.0276117
23.196,0.0276117
23.198,0.0276117
23.2,0.0276117
23.202,0.0276117
23.204,0.0276117
23.206,0.0276117
23.208,0.0276117
23.21,0.0276117
23.212,0.0276117
23.214,0.0276117
23.216,0.0276117
23.218,0.0276117
23.22,0.0276117
23.222,0.0276117
23.224,0.0276117
23.226,0.0276117
23.228,0.0276117
23.23,0.0276117
23.232,0.0276117
23.234,0.0276117
23.236,0.0276117
23.238,0.0276117
23.24,0.0276117
23.242,0.0276117
23.244,0.0276117
23.246,0.0276117
23.248,0.0276117
23.25,0.0276117
23.252,0.0276117
23.254,0.0276117
23.256,0.0276117
23.258,0.0276117
23.26,0.0276117
23.262,0.0276117
23.264,0.0276117
23.266,0.0276117
23.268,0.0276117
23.27,0.0276117
23.272,0.0276117
23.274,0.0276117
23.276,0.0276117
23.278,0.0276117
23.28,0.0276117
23.282,0.0276117
23.284,0.0276117
23.286,0.0276117
23.288,0.0276117
23.29,0.0276117
23.292,0.0276117
23.294,0.0276117
23.296,0.0276117
23.298,0.0276117
23.3,0.0276117
23.302,0.0276117
23.304,0.0276117
23.306,0.0276117
23.308,0.0276117
23.31,0.0276117
23.312,0.0276117
23.314,0.0276117
23.316,0.0276117
23.318,0.0276117
23.32,0.0276117
23.322,0.0276117
23.324,0.0276117
23.326,0.0276117
23.328,0.0276117
23.33,0.0276117
23.332,0.0276117
23.334,0.0276117
23.336,0.0276117
23.338,0.0276117
23.34,0.0276117
23.342,0.0276117
23.344,0.0276117
23.346,0.0276117
23.348,0.0276117
23.35,0.0276117
23.352,0.0276117
23.354,0.0276117
23.356,0.0276117
23.358,0.0276117
23.36,0.0276117
23.362,0.0276117
23.364,0.0276117
23.366,0.0276117
23.368,0.0276117
23.37,0.0276117
23.372,0.0276117
23.374,0.0276117
23.376,0.0276117
23.378,0.0276117
23.38,0.0276117
23.382,0.0276117
23.384,0.0276117
23.386,0.0276117
23.388,0.0276117
23.39,0.0276117
23.392,0.0276117
23.394,0.0276117
23.396,0.0276117
23.398,0.0276117
23.4,0.0276117
23.402,0.0276117
23.404,0.0276117
23.406,0.0276117
23.408,0.0276117
23.41,0.0276117
23.412,0.0276117
23.414,0.0276117
23.416,0.0276117
23.418,0.0276117
23.42,0.0276117
23.422,0.0276117
23.424,0.0276117
23.426,0.0276117
23.428,0.0276117
23.43,0.0276117
23.432,0.0276117
23.434,0.0276117
23.436,0.0276117
23.438,0.0276117
23.44,0.0276117
23.442,0.0276117
23.444,0.0276117
23.446,0.0276117
23.448,0.0276117
23.45,0.0276117
23.452,0.0276117
23.454,0.0276117
23.456,0.0276117
23.458,0.0276117
23.46,0.0276117
23.462,0.0276117
23.464,0.0276117
23.466,0.0276117
23.468,0.0276117
23.47,0.0276117
23.472,0.0276117
23.474,0.0276117
23.476,0.0276117
23.478,0.0276117
23.48,0.0276117
23.482,0.0276117
23.484,0.0276117
23.486,0.0276117
23.488,0.0276117
23.49,0.0276117
23.492,0.0276117
23.494,0.0276117
23.496,0.0276117
23.498,0.0276117
23.5,0.0276117
23.502,0.0276117
23.504,0.0276117
23.506,0.0276117
23.508,0.0276117
23.51,0.0276117
23.512,0.0276117
23.514,0.0276117
23.516,0.0276117
23.518,0.0276117
23.52,0.0276117
23.522,0.0276117
23.524,0.0276117
23.526,0.0276117
23.528,0.0276117
23.53,0.0276117
23.532,0.0276117
23.534,0.0276117
23.536,0.0276117
23.538,0.0276117
23.54,0.0276117
23.542,0.0276117
23.544,0.0276117
23.546,0.0276117
23.548,0.0276117
23.55,0.0276117
23.552,0.0276117
23.554,0.0276117
23.556,0.0276117
23.558,0.0276117
23.56,0.0276117
23.562,0.0276117
23.564,0.0276117
23.566,0.0276117
23.568,0.0276117
23.57,0.0276117
23.572,0.0276117
23.574,0.0276117
23.576,0.0276117
23.578,0.0276117
23.58,0.0276117
23.582,0.0276117
23.584,0.0276117
23.586,0.0276117
23.588,0.0276117
23.59,0.0276117
23.592,0.0276117
23.594,0.0276117
23.596,0.0276117
23.598,0.0276117
23.6,0.0276117
23.602,0.0276117
23.604,0.0276117
23.606,0.0276117
23.608,0.0276117
23.61,0.0276117
23.612,0.0276117
23.614,0.0276117
23.616,0.0276117
23.618,0.0276117
23.62,0.0276117
23.622,0.0276117
23.624,0.0276117
23.626,0.0276117
23.628,0.0276117
23.63,0.0276117
23.632,0.0276117
23.634,0.0276117
23.636,0.0276117
23.638,0.0276117
23.64,0.0276117
23.642,0.0276117
23.644,0.0276117
23.646,0.0276117
23.648,0.0276117
23.65,0.0276117
23.652,0.0276117
23.654,0.0276117
23.656,0.0276117
23.658,0.0276117
23.66,0.0276117
23.662,0.0276117
23.664,0.0276117
23.666,0.0276117
23.668,0.0276117
23.67,0.0276117
23.672,0.0276117
23.674,0.0276117
23.676,0.0276117
23.678,0.0276117
23.68,0.0276117
23.682,0.0276117
23.684,0.0276117
23.686,0.0276117
23.688,0.0276117
23.69,0.0276117
23.692,0.0276117
23.694,0.0276117
23.696,0.0276117
23.698,0.0276117
23.7,0.0276117
23.702,0.0276117
23.704,0.0276117
23.706,0.0276117
23.708,0.0276117
23.71,0.0276117
23.712,0.0276117
23.714,0.0276117
23.716,0.0276117
23.718,0.0276117
23.72,0.0276117
23.722,0.0276117
23.724,0.0276117
23.726,0.0276117
23.728,0.0276117
23.73,0.0276117
23.732,0.0276117
23.734,0.0276117
23.736,0.0276117
23.738,0.0276117
23.74,0.0276117
23.742,0.0276117
23.744,0.0276117
23.746,0.0276117
23.748,0.0276117
23.75,0.0276117
23.752,0.0276117
23.754,0.0276117
23.756,0.0276117
23.758,0.0276117
23.76,0.0276117
23.762,0.0276117
23.764,0.0276117
23.766,0.0276117
23.768,0.0276117
23.77,0.0276117
23.772,0.0276117
23.774,0.0276117
23.776,0.0276117
23.778,0.0276117
23.78,0.0276117
23.782,0.0276117
23.784,0.0276117
23.786,0.0276117
23.788,0.0276117
23.79,0.0276117
23.792,0.0276117
23.794,0.0276117
23.796,0.0276117
23.798,0.0276117
23.8,0.0276117
23.802,0.0276117
23.804,0.0276117
23.806,0.0276117
23.808,0.0276117
23.81,0.0276117
23.812,0.0276117
23.814,0.0276117
23.816,0.0276117
23.818,0.0276117
23.82,0.0276117
23.822,0.0276117
23.824,0.0276117
23.826,0.0276117
23.828,0.0276117
23.83,0.0276117
23.832,0.0276117
23.834,0.0276117
23.836,0.0276117
23.838,0.0276117
23.84,0.0276117
23.842,0.0276117
23.844,0.0276117
23.846,0.0276117
23.848,0.0276117
23.85,0.0276117
23.852,0.0276117
23.854,0.0276117
23.856,0.0276117
23.858,0.0276117
23.86,0.0276117
23.862,0.0276117
23.864,0.0276117
23.866,0.0276117
23.868,0.0276117
23.87,0.0276117
23.872,0.0276117
23.874,0.0276117
23.876,0.0276117
23.878,0.0276117
23.88,0.0276117
23.882,0.0276117
23.884,0.0276117
23.886,0.0276117
23.888,0.0276117
23.89,0.0276117
23.892,0.0276117
23.894,0.0276117
23.896,0.0276117
23.898,0.0276117
23.9,0.0276117
23.902,0.0276117
23.904,0.0276117
23.906,0.0276117
23.908,0.0276117
23.91,0.0276117
23.912,0.0276117
23.914,0.0276117
23.916,0.0276117
23.918,0.0276117
23.92,0.0276117
23.922,0.0276117
23.924,0.0276117
23.926,0.0276117
23.928,0.0276117
23.93,0.0276117
23.932,0.0276117
23.934,0.0276117
23.936,0.0276117
23.938,0.0276117
23.94,0.0276117
23.942,0.0276117
23.944,0.0276117
23.946,0.0276117
23.948,0.0276117
23.95,0.0276117
23.952,0.0276117
23.954,0.0276117
23.956,0.0276117
23.958,0.0276117
23.96,0.0276117
23.962,0.0276117
23.964,0.0276117
23.966,0.0276117
23.968,0.0276117
23.97,0.0276117
23.972,0.0276117
23.974,0.0276117
23.976,0.0276117
23.978,0.0276117
23.98,0.0276117
23.982,0.0276117
23.984,0.0276117
23.986,0.0276117
23.988,0.0276117
23.99,0.0276117
23.992,0.0276117
23.994,0.0276117
23.996,0.0276117
23.998,0.0276117
24,0.0276117
24.002,0.0276117
24.004,0.0276117
24.006,0.0276117
24.008,0.0276117
24.01,0.0276117
24.012,0.0276117
24.014,0.0276117
24.016,0.0276117
24.018,0.0276117
24.02,0.0276117
24.022,0.0276117
24.024,0.0276117
24.026,0.0276117
24.028,0.0276117
24.03,0.0276117
24.032,0.0276117
24.034,0.0276117
24.036,0.0276117
24.038,0.0276117
24.04,0.0276117
24.042,0.0276117
24.044,0.0276117
24.046,0.0276117
24.048,0.0276117
24.05,0.0276117
24.052,0.0276117
24.054,0.0276117
24.056,0.0276117
24.058,0.0276117
24.06,0.0276117
24.062,0.0276117
24.064,0.0276117
24.066,0.0276117
24.068,0.0276117
24.07,0.0276117
24.072,0.0276117
24.074,0.0276117
24.076,0.0276117
24.078,0.0276117
24.08,0.0276117
24.082,0.0276117
24.084,0.0276117
24.086,0.0276117
24.088,0.0276117
24.09,0.0276117
24.092,0.0276117
24.094,0.0276117
24.096,0.0276117
24.098,0.0276117
24.1,0.0276117
24.102,0.0276117
24.104,0.0276117
24.106,0.0276117
24.108,0.0276117
24.11,0.0276117
24.112,0.0276117
24.114,0.0276117
24.116,0.0276117
24.118,0.0276117
24.12,0.0276117
24.122,0.0276117
24.124,0.0276117
24.126,0.0276117
24.128,0.0276117
24.13,0.0276117
24.132,0.0276117
24.134,0.0276117
24.136,0.0276117
24.138,0.0276117
24.14,0.0276117
24.142,0.0276117
24.144,0.0276117
24.146,0.0276117
24.148,0.0276117
24.15,0.0276117
24.152,0.0276117
24.154,0.0276117
24.156,0.0276117
24.158,0.0276117
24.16,0.0276117
24.162,0.0276117
24.164,0.0276117
24.166,0.0276117
24.168,0.0276117
24.17,0.0276117
24.172,0.0276117
24.174,0.0276117
24.176,0.0276117
24.178,0.0276117
24.18,0.0276117
24.182,0.0276117
24.184,0.0276117
24.186,0.0276117
24.188,0.0276117
24.19,0.0276117
24.192,0.0276117
24.194,0.0276117
24.196,0.0276117
24.198,0.0276117
24.2,0.0276117
24.202,0.0276117
24.204,0.0276117
24.206,0.0276117
24.208,0.0276117
24.21,0.0276117
24.212,0.0276117
24.214,0.0276117
24.216,0.0276117
24.218,0.0276117
24.22,0.0276117
24.222,0.0276117
24.224,0.0276117
24.226,0.0276117
24.228,0.0276117
24.23,0.0276117
24.232,0.0276117
24.234,0.0276117
24.236,0.0276117
24.238,0.0276117
24.24,0.0245437
24.242,0.0245437
24.244,0.0245437
24.246,0.0245437
24.248,0.0245437
24.25,0.0245437
24.252,0.0245437
24.254,0.0245437
24.256,0.0245437
24.258,0.0245437
24.26,0.0245437
24.262,0.0245437
24.264,0.0245437
24.266,0.0245437
24.268,0.0245437
24.27,0.0245437
24.272,0.0245437
24.274,0.0245437
24.276,0.0245437
24.278,0.0245437
24.28,0.0245437
24.282,0.0245437
24.284,0.0245437
24.286,0.0245437
24.288,0.0245437
24.29,0.0245437
24.292,0.0245437
24.294,0.0245437
24.296,0.0245437
24.298,0.0245437
24.3,0.0245437
24.302,0.0245437
24.304,0.0245437
24.306,0.0245437
24.308,0.0245437
24.31,0.0245437
24.312,0.0245437
24.314,0.0245437
24.316,0.0245437
24.318,0.0245437
24.32,0.0245437
24.322,0.0245437
24.324,0.0245437
24.326,0.0245437
24.328,0.0245437
24.33,0.0245437
24.332,0.0245437
24.334,0.0245437
24.336,0.0245437
24.338,0.0245437
24.34,0.0245437
24.342,0.0245437
24.344,0.0245437
24.346,0.0245437
24.348,0.0245437
24.35,0.0245437
24.352,0.0245437
24.354,0.0245437
24.356,0.0245437
24.358,0.0245437
24.36,0.0245437
24.362,0.0245437
24.364,0.0245437
24.366,0.0245437
24.368,0.0245437
24.37,0.0245437
24.372,0.0245437
24.374,0.0245437
24.376,0.0245437
24.378,0.0245437
24.38,0.0245437
24.382,0.0245437
24.384,0.0245437
24.386,0.0245437
24.388,0.0245437
24.39,0.0245437
24.392,0.0245437
24.394,0.0245437
24.396,0.0245437
24.398,0.0245437
24.4,0.0245437
24.402,0.0245437
24.404,0.0245437
24.406,0.0245437
24.408,0.0245437
24.41,0.0245437
24.412,0.0245437
24.414,0.0245437
24.416,0.0245437
24.418,0.0245437
24.42,0.0245437
24.422,0.0245437
24.424,0.0245437
24.426,0.0245437
24.428,0.0245437
24.43,0.0245437
24.432,0.0245437
24.434,0.0245437
24.436,0.0245437
24.438,0.0245437
24.44,0.0245437
24.442,0.0245437
24.444,0.0245437
24.446,0.0245437
24.448,0.0245437
24.45,0.0245437
24.452,0.0245437
24.454,0.0245437
24.456,0.0245437
24.458,0.0245437
24.46,0.0245437
24.462,0.0245437
24.464,0.0245437
24.466,0.0245437
24.468,0.0245437
24.47,0.0245437
24.472,0.0245437
24.474,0.0245437
24.476,0.0245437
24.478,0.0245437
24.48,0.0245437
24.482,0.0245437
24.484,0.0245437
24.486,0.0245437
24.488,0.0245437
24.49,0.0245437
24.492,0.0245437
24.494,0.0245437
24.496,0.0245437
24.498,0.0245437
24.5,0.0245437
24.502,0.0245437
24.504,0.0245437
24.506,0.0245437
24.508,0.0245437
24.51,0.0245437
24.512,0.0245437
24.514,0.0245437
24.516,0.0245437
24.518,0.0245437
24.52,0.0245437
24.522,0.0245437
24.524,0.0245437
24.526,0.0245437
24.528,0.0245437
24.53,0.0245437
24.532,0.0245437
24.534,0.0245437
24.536,0.0245437
24.538,0.0245437
24.54,0.0245437
24.542,0.0245437
24.544,0.0245437
24.546,0.0245437
24.548,0.0245437
24.55,0.0245437
24.552,0.0245437
24.554,0.0245437
24.556,0.0245437
24.558,0.0245437
24.56,0.0245437
24.562,0.0245437
24.564,0.0245437
24.566,0.0245437
24.568,0.0245437
24.57,0.0245437
24.572,0.0245437
24.574,0.0245437
24.576,0.0245437
24.578,0.0245437
24.58,0.0245437
24.582,0.0245437
24.584,0.0245437
24.586,0.0245437
24.588,0.0245437
24.59,0.0245437
24.592,0.0245437
24.594,0.0245437
24.596,0.0245437
24.598,0.0245437
24.6,0.0245437
24.602,0.0245437
24.604,0.0245437
24.606,0.0245437
24.608,0.0245437
24.61,0.0245437
24.612,0.0245437
24.614,0.0245437
24.616,0.0245437
24.618,0.0245437
24.62,0.0245437
24.622,0.0245437
24.624,0.0245437
24.626,0.0245437
24.628,0.0245437
24.63,0.0245437
24.632,0.0245437
24.634,0.0245437
24.636,0.0245437
24.638,0.0245437
24.64,0.0245437
24.642,0.0245437
24.644,0.0245437
24.646,0.0245437
24.648,0.0245437
24.65,0.0245437
24.652,0.0245437
24.654,0.0245437
24.656,0.0245437
24.658,0.0245437
24.66,0.0245437
24.662,0.0245437
24.664,0.0245437
24.666,0.0245437
24.668,0.0245437
24.67,0.0245437
24.672,0.0245437
24.674,0.0245437
24.676,0.0245437
24.678,0.0245437
24.68,0.0245437
24.682,0.0245437
24.684,0.0245437
24.686,0.0245437
24.688,0.0245437
24.69,0.0245437
24.692,0.0245437
24.694,0.0245437
24.696,0.0245437
24.698,0.0245437
24.7,0.0245437
24.702,0.0245437
24.704,0.0245437
24.706,0.0245437
24.708,0.0245437
24.71,0.0245437
24.712,0.0245437
24.714,0.0245437
24.716,0.0245437
24.718,0.0245437
24.72,0.0245437
24.722,0.0245437
24.724,0.0245437
24.726,0.0245437
24.728,0.0245437
24.73,0.0245437
24.732,0.0245437
24.734,0.0245437
24.736,0.0245437
24.738,0.0245437
24.74,0.0245437
24.742,0.0245437
24.744,0.0245437
24.746,0.0245437
24.748,0.0245437
24.75,0.0245437
24.752,0.0245437
24.754,0.0245437
24.756,0.0245437
24.758,0.0245437
24.76,0.0245437
24.762,0.0245437
24.764,0.0245437
24.766,0.0245437
24.768,0.0245437
24.77,0.0245437
24.772,0.0245437
24.774,0.0245437
24.776,0.0245437
24.778,0.0245437
24.78,0.0245437
24.782,0.0245437
24.784,0.0245437
24.786,0.0245437
24.788,0.0245437
24.79,0.0245437
24.792,0.0245437
24.794,0.0245437
24.796,0.0245437
24.798,0.0245437
24.8,0.0245437
24.802,0.0245437
24.804,0.0245437
24.806,0.0245437
24.808,0.0245437
24.81,0.0245437
24.812,0.0245437
24.814,0.0245437
24.816,0.0245437
24.818,0.0245437
24.82,0.0245437
24.822,0.0245437
24.824,0.0245437
24.826,0.0245437
24.828,0.0245437
24.83,0.0245437
24.832,0.0245437
24.834,0.0245437
24.836,0.0245437
24.838,0.0245437
24.84,0.0245437
24.842,0.0245437
24.844,0.0245437
24.846,0.0245437
24.848,0.0245437
24.85,0.0245437
24.852,0.0245437
24.854,0.0245437
24.856,0.0245437
24.858,0.0245437
24.86,0.0245437
24.862,0.0245437
24.864,0.0245437
24.866,0.0245437
24.868,0.0245437
24.87,0.0245437
24.872,0.0245437
24.874,0.0245437
24.876,0.0245437
24.878,0.0245437
24.88,0.0245437
24.882,0.0245437
24.884,0.0245437
24.886,0.0245437
24.888,0.0245437
24.89,0.0245437
24.892,0.0245437
24.894,0.0245437
24.896,0.0245437
24.898,0.0245437
24.9,0.0245437
24.902,0.0245437
24.904,0.0245437
24.906,0.0245437
24.908,0.0245437
24.91,0.0245437
24.912,0.0245437
24.914,0.0245437
24.916,0.0245437
24.918,0.0245437
24.92,0.0245437
24.922,0.0245437
24.924,0.0245437
24.926,0.0245437
24.928,0.0245437
24.93,0.0245437
24.932,0.0245437
24.934,0.0245437
24.936,0.0245437
24.938,0.0245437
24.94,0.0245437
24.942,0.0245437
24.944,0.0245437
24.946,0.0245437
24.948,0.0245437
24.95,0.0245437
24.952,0.0245437
24.954,0.0245437
24.956,0.0245437
24.958,0.0245437
24.96,0.0245437
24.962,0.0245437
24.964,0.0245437
24.966,0.0245437
24.968,0.0245437
24.97,0.0245437
24.972,0.0245437
24.974,0.0245437
24.976,0.0245437
24.978,0.0245437
24.98,0.0245437
24.982,0.0245437
24.984,0.0245437
24.986,0.0245437
24.988,0.0245437
24.99,0.0245437
24.992,0.0245437
24.994,0.0245437
24.996,0.0245437
24.998,0.0245437
25,0.0245437
25.002,0.0245437
25.004,0.0245437
25.006,0.0245437
25.008,0.0245437
25.01,0.0245437
25.012,0.0245437
25.014,0.0245437
25.016,0.0245437
25.018,0.0245437
25.02,0.0245437
25.022,0.0245437
25.024,0.0245437
25.026,0.0245437
25.028,0.0245437
25.03,0.0245437
25.032,0.0245437
25.034,0.0245437
25.036,0.0245437
25.038,0.0245437
25.04,0.0245437
25.042,0.0245437
25.044,0.0245437
25.046,0.0245437
25.048,0.0245437
25.05,0.0245437
25.052,0.0245437
25.054,0.0245437
25.056,0.0245437
25.058,0.0245437
25.06,0.0245437
25.062,0.0245437
25.064,0.0245437
25.066,0.0245437
25.068,0.0245437
25.07,0.0245437
25.072,0.0245437
25.074,0.0245437
25.076,0.0245437
25.078,0.0245437
25.08,0.0245437
25.082,0.0245437
25.084,0.0245437
25.086,0.0245437
25.088,0.0245437
25.09,0.0245437
25.092,0.0245437
25.094,0.0245437
25.096,0.0245437
25.098,0.0245437
25.1,0.0245437
25.102,0.0245437
25.104,0.0245437
25.106,0.0245437
25.108,0.0245437
25.11,0.0245437
25.112,0.0245437
25.114,0.0245437
25.116,0.0245437
25.118,0.0245437
25.12,0.0245437
25.122,0.0245437
25.124,0.0245437
25.126,0.0245437
25.128,0.0245437
25.13,0.0245437
25.132,0.0245437
25.134,0.0245437
25.136,0.0245437
25.138,0.0245437
25.14,0.0245437
25.142,0.0245437
25.144,0.0245437
25.146,0.0245437
25.148,0.0245437
25.15,0.0245437
25.152,0.0245437
25.154,0.0245437
25.156,0.0245437
25.158,0.0245437
25.16,0.0245437
25.162,0.0245437
25.164,0.0245437
25.166,0.0245437
25.168,0.0245437
25.17,0.0245437
25.172,0.0245437
25.174,0.0245437
25.176,0.0245437
25.178,0.0245437
25.18,0.0245437
25.182,0.0245437
25.184,0.0245437
25.186,0.0245437
25.188,0.0245437
25.19,0.0245437
25.192,0.0245437
25.194,0.0245437
25.196,0.0245437
25.198,0.0245437
25.2,0.0245437
25.202,0.0245437
25.204,0.0245437
25.206,0.0245437
25.208,0.0245437
25.21,0.0245437
25.212,0.0245437
25.214,0.0245437
25.216,0.0245437
25.218,0.0245437
25.22,0.0245437
25.222,0.0245437
25.224,0.0245437
25.226,0.0245437
25.228,0.0245437
25.23,0.0245437
25.232,0.0245437
25.234,0.0245437
25.236,0.0245437
25.238,0.0245437
25.24,0.0245437
25.242,0.0245437
25.244,0.0245437
25.246,0.0245437
25.248,0.0245437
25.25,0.0245437
25.252,0.0245437
25.254,0.0245437
25.256,0.0245437
25.258,0.0245437
25.26,0.0245437
25.262,0.0245437
25.264,0.0245437
25.266,0.0245437
25.268,0.0245437
25.27,0.0245437
25.272,0.0245437
25.274,0.0245437
25.276,0.0245437
25.278,0.0245437
25.28,0.0245437
25.282,0.0245437
25.284,0.0245437
25.286,0.0245437
25.288,0.0245437
25.29,0.0245437
25.292,0.0245437
25.294,0.0245437
25.296,0.0245437
25.298,0.0245437
25.3,0.0245437
25.302,0.0245437
25.304,0.0245437
25.306,0.0245437
25.308,0.0245437
25.31,0.0245437
25.312,0.0245437
25.314,0.0245437
25.316,0.0245437
25.318,0.0245437
25.32,0.0245437
25.322,0.0245437
25.324,0.0245437
25.326,0.0245437
25.328,0.0245437
25.33,0.0245437
25.332,0.0245437
25.334,0.0245437
25.336,0.0245437
25.338,0.0245437
25.34,0.0245437
25.342,0.0245437
25.344,0.0245437
25.346,0.0245437
25.348,0.0245437
25.35,0.0245437
25.352,0.0245437
25.354,0.0245437
25.356,0.0245437
25.358,0.0245437
25.36,0.0245437
25.362,0.0245437
25.364,0.0245437
25.366,0.0245437
25.368,0.0245437
25.37,0.0245437
25.372,0.0245437
25.374,0.0245437
25.376,0.0245437
25.378,0.0245437
25.38,0.0245437
25.382,0.0245437
25.384,0.0245437
25.386,0.0245437
25.388,0.0245437
25.39,0.0245437
25.392,0.0245437
25.394,0.0245437
25.396,0.0245437
25.398,0.0245437
25.4,0.0245437
25.402,0.0245437
25.404,0.0245437
25.406,0.0245437
25.408,0.0245437
25.41,0.0245437
25.412,0.0245437
25.414,0.0245437
25.416,0.0245437
25.418,0.0245437
25.42,0.0245437
25.422,0.0245437
25.424,0.0245437
25.426,0.0245437
25.428,0.0245437
25.43,0.0245437
25.432,0.0245437
25.434,0.0245437
25.436,0.0245437
25.438,0.0245437
25.44,0.0245437
25.442,0.0245437
25.444,0.0245437
25.446,0.0245437
25.448,0.0245437
25.45,0.0245437
25.452,0.0245437
25.454,0.0245437
25.456,0.0245437
25.458,0.0245437
25.46,0.0245437
25.462,0.0245437
25.464,0.0245437
25.466,0.0245437
25.468,0.0245437
25.47,0.0245437
25.472,0.0245437
25.474,0.0245437
25.476,0.0245437
25.478,0.0245437
25.48,0.0245437
25.482,0.0245437
25.484,0.0245437
25.486,0.0245437
25.488,0.0245437
25.49,0.0245437
25.492,0.0245437
25.494,0.0245437
25.496,0.0245437
25.498,0.0245437
25.5,0.0245437
25.502,0.0245437
25.504,0.0245437
25.506,0.0245437
25.508,0.0245437
25.51,0.0245437
25.512,0.0245437
25.514,0.0245437
25.516,0.0245437
25.518,0.0245437
25.52,0.0245437
25.522,0.0245437
25.524,0.0245437
25.526,0.0245437
25.528,0.0245437
25.53,0.0245437
25.532,0.0245437
25.534,0.0245437
25.536,0.0245437
25.538,0.0245437
25.54,0.0245437
25.542,0.0245437
25.544,0.0245437
25.546,0.0245437
25.548,0.0245437
25.55,0.0245437
25.552,0.0245437
25.554,0.0245437
25.556,0.0245437
25.558,0.0245437
25.56,0.0245437
25.562,0.0245437
25.564,0.0245437
25.566,0.0245437
25.568,0.0245437
25.57,0.0245437
25.572,0.0245437
25.574,0.0245437
25.576,0.0245437
25.578,0.0245437
25.58,0.0245437
25.582,0.0245437
25.584,0.0245437
25.586,0.0245437
25.588,0.0245437
25.59,0.0245437
25.592,0.0245437
25.594,0.0245437
25.596,0.0245437
25.598,0.0245437
25.6,0.0245437
25.602,0.0245437
25.604,0.0245437
25.606,0.0245437
25.608,0.0245437
25.61,0.0245437
25.612,0.0245437
25.614,0.0245437
25.616,0.0245437
25.618,0.0245437
25.62,0.0245437
25.622,0.0245437
25.624,0.0245437
25.626,0.0245437
25.628,0.0245437
25.63,0.0245437
25.632,0.0245437
25.634,0.0245437
25.636,0.0245437
25.638,0.0245437
25.64,0.0245437
25.642,0.0245437
25.644,0.0245437
25.646,0.0245437
25.648,0.0245437
25.65,0.0245437
25.652,0.0245437
25.654,0.0245437
25.656,0.0245437
25.658,0.0245437
25.66,0.0245437
25.662,0.0245437
25.664,0.0245437
25.666,0.0245437
25.668,0.0245437
25.67,0.0245437
25.672,0.0245437
25.674,0.0245437
25.676,0.0245437
25.678,0.0245437
25.68,0.0245437
25.682,0.0245437
25.684,0.0245437
25.686,0.0245437
25.688,0.0245437
25.69,0.0245437
25.692,0.0245437
25.694,0.0245437
25.696,0.0245437
25.698,0.0245437
25.7,0.0245437
25.702,0.0245437
25.704,0.0245437
25.706,0.0245437
25.708,0.0245437
25.71,0.0245437
25.712,0.0245437
25.714,0.0245437
25.716,0.0245437
25.718,0.0245437
25.72,0.0245437
25.722,0.0245437
25.724,0.0245437
25.726,0.0245437
25.728,0.0245437
25.73,0.0245437
25.732,0.0245437
25.734,0.0245437
25.736,0.0245437
25.738,0.0245437
25.74,0.0245437
25.742,0.0245437
25.744,0.0245437
25.746,0.0245437
25.748,0.0245437
25.75,0.0245437
25.752,0.0245437
25.754,0.0245437
25.756,0.0245437
25.758,0.0245437
25.76,0.0245437
25.762,0.0245437
25.764,0.0245437
25.766,0.0245437
25.768,0.0245437
25.77,0.0245437
25.772,0.0245437
25.774,0.0245437
25.776,0.0245437
25.778,0.0245437
25.78,0.0245437
25.782,0.0245437
25.784,0.0245437
25.786,0.0245437
25.788,0.0245437
25.79,0.0245437
25.792,0.0245437
25.794,0.0245437
25.796,0.0245437
25.798,0.0245437
25.8,0.0245437
25.802,0.0245437
25.804,0.0245437
25.806,0.0245437
25.808,0.0245437
25.81,0.0245437
25.812,0.0245437
25.814,0.0245437
25.816,0.0245437
25.818,0.0245437
25.82,0.0245437
25.822,0.0245437
25.824,0.0245437
25.826,0.0245437
25.828,0.0245437
25.83,0.0245437
25.832,0.0245437
25.834,0.0245437
25.836,0.0245437
25.838,0.0245437
25.84,0.0245437
25.842,0.0245437
25.844,0.0245437
25.846,0.0245437
25.848,0.0245437
25.85,0.0245437
25.852,0.0245437
25.854,0.0245437
25.856,0.0245437
25.858,0.0245437
25.86,0.0245437
25.862,0.0245437
25.864,0.0245437
25.866,0.0245437
25.868,0.0245437
25.87,0.0245437
25.872,0.0245437
25.874,0.0245437
25.876,0.0245437
25.878,0.0245437
25.88,0.0245437
25.882,0.0245437
25.884,0.0245437
25.886,0.0245437
25.888,0.0245437
25.89,0.0245437
25.892,0.0245437
25.894,0.0245437
25.896,0.0245437
25.898,0.0245437
25.9,0.0245437
25.902,0.0245437
25.904,0.0245437
25.906,0.0245437
25.908,0.0245437
25.91,0.0245437
25.912,0.0245437
25.914,0.0245437
25.916,0.0245437
25.918,0.0245437
25.92,0.0245437
25.922,0.0245437
25.924,0.0245437
25.926,0.0245437
25.928,0.0245437
25.93,0.0245437
25.932,0.0245437
25.934,0.0245437
25.936,0.0245437
25.938,0.0245437
25.94,0.0245437
25.942,0.0245437
25.944,0.0245437
25.946,0.0245437
25.948,0.0245437
25.95,0.0245437
25.952,0.0245437
25.954,0.0245437
25.956,0.0245437
25.958,0.0245437
25.96,0.0245437
25.962,0.0245437
25.964,0.0245437
25.966,0.0245437
25.968,0.0245437
25.97,0.0245437
25.972,0.0245437
25.974,0.0245437
25.976,0.0245437
25.978,0.0245437
25.98,0.0245437
25.982,0.0245437
25.984,0.0245437
25.986,0.0245437
25.988,0.0245437
25.99,0.0245437
25.992,0.0245437
25.994,0.0245437
25.996,0.0245437
25.998,0.0245437
26,0.0245437
26.002,0.0245437
26.004,0.0245437
26.006,0.0245437
26.008,0.0245437
26.01,0.0245437
26.012,0.0245437
26.014,0.0245437
26.016,0.0245437
26.018,0.0245437
26.02,0.0245437
26.022,0.0245437
26.024,0.0245437
26.026,0.0245437
26.028,0.0245437
26.03,0.0245437
26.032,0.0245437
26.034,0.0245437
26.036,0.0245437
26.038,0.0245437
26.04,0.0245437
26.042,0.0245437
26.044,0.0245437
26.046,0.0245437
26.048,0.0245437
26.05,0.0245437
26.052,0.0245437
26.054,0.0245437
26.056,0.0245437
26.058,0.0245437
26.06,0.0245437
26.062,0.0245437
26.064,0.0245437
26.066,0.0245437
26.068,0.0245437
26.07,0.0245437
26.072,0.0245437
26.074,0.0245437
26.076,0.0245437
26.078,0.0245437
26.08,0.0245437
26.082,0.0245437
26.084,0.0245437
26.086,0.0245437
26.088,0.0245437
26.09,0.0245437
26.092,0.0245437
26.094,0.0245437
26.096,0.0245437
26.098,0.0245437
26.1,0.0245437
26.102,0.0245437
26.104,0.0245437
26.106,0.0245437
26.108,0.0245437
26.11,0.0245437
26.112,0.0245437
26.114,0.0245437
26.116,0.0245437
26.118,0.0245437
26.12,0.0245437
26.122,0.0245437
26.124,0.0245437
26.126,0.0245437
26.128,0.0245437
26.13,0.0245437
26.132,0.0245437
26.134,0.0245437
26.136,0.0245437
26.138,0.0245437
26.14,0.0245437
26.142,0.0245437
26.144,0.0245437
26.146,0.0245437
26.148,0.0245437
26.15,0.0245437
26.152,0.0245437
26.154,0.0245437
26.156,0.0245437
26.158,0.0245437
26.16,0.0245437
26.162,0.0245437
26.164,0.0245437
26.166,0.0245437
26.168,0.0245437
26.17,0.0245437
26.172,0.0245437
26.174,0.0245437
26.176,0.0245437
26.178,0.0245437
26.18,0.0245437
26.182,0.0245437
26.184,0.0245437
26.186,0.0245437
26.188,0.0245437
26.19,0.0245437
26.192,0.0245437
26.194,0.0245437
26.196,0.0245437
26.198,0.0245437
26.2,0.0245437
26.202,0.0245437
26.204,0.0245437
26.206,0.0245437
26.208,0.0245437
26.21,0.0245437
26.212,0.0245437
26.214,0.0245437
26.216,0.0245437
26.218,0.0245437
26.22,0.0245437
26.222,0.0245437
26.224,0.0245437
26.226,0.0245437
26.228,0.0245437
26.23,0.0245437
26.232,0.0245437
26.234,0.0245437
26.236,0.0245437
26.238,0.0245437
26.24,0.0245437
26.242,0.0245437
26.244,0.0245437
26.246,0.0245437
26.248,0.0245437
26.25,0.0245437
26.252,0.0245437
26.254,0.0245437
26.256,0.0245437
26.258,0.0245437
26.26,0.0245437
26.262,0.0245437
26.264,0.0245437
26.266,0.0245437
26.268,0.0245437
26.27,0.0245437
26.272,0.0245437
26.274,0.0245437
26.276,0.0245437
26.278,0.0245437
26.28,0.0245437
26.282,0.0245437
26.284,0.0245437
26.286,0.0245437
26.288,0.0245437
26.29,0.0245437
26.292,0.0245437
26.294,0.0245437
26.296,0.0245437
26.298,0.0245437
26.3,0.0245437
26.302,0.0245437
26.304,0.0245437
26.306,0.0245437
26.308,0.0245437
26.31,0.0245437
26.312,0.0245437
26.314,0.0245437
26.316,0.0245437
26.318,0.0245437
26.32,0.0245437
26.322,0.0245437
26.324,0.0245437
26.326,0.0245437
26.328,0.0245437
26.33,0.0245437
26.332,0.0245437
26.334,0.0245437
26.336,0.0245437
26.338,0.0245437
26.34,0.0245437
26.342,0.0245437
26.344,0.0245437
26.346,0.0245437
26.348,0.0245437
26.35,0.0245437
26.352,0.0245437
26.354,0.0245437
26.356,0.0245437
26.358,0.0245437
26.36,0.0245437
26.362,0.0245437
26.364,0.0245437
26.366,0.0245437
26.368,0.0245437
26.37,0.0245437
26.372,0.0245437
26.374,0.0245437
26.376,0.0245437
26.378,0.0245437
26.38,0.0245437
26.382,0.0245437
26.384,0.0245437
26.386,0.0245437
26.388,0.0245437
26.39,0.0245437
26.392,0.0245437
26.394,0.0245437
26.396,0.0245437
26.398,0.0245437
26.4,0.0245437
26.402,0.0245437
26.404,0.0245437
26.406,0.0245437
26.408,0.0245437
26.41,0.0245437
26.412,0.0245437
26.414,0.0245437
26.416,0.0245437
26.418,0.0245437
26.42,0.0245437
26.422,0.0245437
26.424,0.0245437
26.426,0.0245437
26.428,0.0245437
26.43,0.0245437
26.432,0.0245437
26.434,0.0245437
26.436,0.0245437
26.438,0.0245437
26.44,0.0245437
26.442,0.0245437
26.444,0.0245437
26.446,0.0245437
26.448,0.0245437
26.45,0.0245437
26.452,0.0245437
26.454,0.0245437
26.456,0.0245437
26.458,0.0245437
26.46,0.0245437
26.462,0.0245437
26.464,0.0245437
26.466,0.0245437
26.468,0.0245437
26.47,0.0245437
26.472,0.0245437
26.474,0.0245437
26.476,0.0245437
26.478,0.0245437
26.48,0.0245437
26.482,0.0245437
26.484,0.0245437
26.486,0.0245437
26.488,0.0245437
26.49,0.0245437
26.492,0.0245437
26.494,0.0245437
26.496,0.0245437
26.498,0.0245437
26.5,0.0245437
26.502,0.0245437
26.504,0.0245437
26.506,0.0245437
26.508,0.0245437
26.51,0.0245437
26.512,0.0245437
26.514,0.0245437
26.516,0.0245437
26.518,0.0245437
26.52,0.0245437
26.522,0.0245437
26.524,0.0245437
26.526,0.0245437
26.528,0.0245437
26.53,0.0245437
26.532,0.0245437
26.534,0.0245437
26.536,0.0245437
26.538,0.0245437
26.54,0.0245437
26.542,0.0245437
26.544,0.0245437
26.546,0.0245437
26.548,0.0245437
26.55,0.0245437
26.552,0.0245437
26.554,0.0245437
26.556,0.0245437
26.558,0.0245437
26.56,0.0245437
26.562,0.0245437
26.564,0.0245437
26.566,0.0245437
26.568,0.0245437
26.57,0.0245437
26.572,0.0245437
26.574,0.0245437
26.576,0.0245437
26.578,0.0245437
26.58,0.0245437
26.582,0.0245437
26.584,0.0245437
26.586,0.0245437
26.588,0.0245437
26.59,0.0245437
26.592,0.0245437
26.594,0.0245437
26.596,0.0245437
26.598,0.0245437
26.6,0.0245437
26.602,0.0245437
26.604,0.0245437
26.606,0.0245437
26.608,0.0245437
26.61,0.0245437
26.612,0.0245437
26.614,0.0245437
26.616,0.0245437
26.618,0.0245437
26.62,0.0245437
26.622,0.0245437
26.624,0.0245437
26.626,0.0245437
26.628,0.0245437
26.63,0.0245437
26.632,0.0245437
26.634,0.0245437
26.636,0.0245437
26.638,0.0245437
26.64,0.0245437
26.642,0.0245437
26.644,0.0245437
26.646,0.0245437
26.648,0.0245437
26.65,0.0245437
26.652,0.0245437
26.654,0.0245437
26.656,0.0245437
26.658,0.0245437
26.66,0.0245437
26.662,0.0245437
26.664,0.0245437
26.666,0.0245437
26.668,0.0245437
26.67,0.0245437
26.672,0.0245437
26.674,0.0245437
26.676,0.0245437
26.678,0.0245437
26.68,0.0245437
26.682,0.0245437
26.684,0.0245437
26.686,0.0245437
26.688,0.0245437
26.69,0.0245437
26.692,0.0245437
26.694,0.0245437
26.696,0.0245437
26.698,0.0245437
26.7,0.0245437
26.702,0.0245437
26.704,0.0245437
26.706,0.0245437
26.708,0.0245437
26.71,0.0245437
26.712,0.0245437
26.714,0.0245437
26.716,0.0245437
26.718,0.0245437
26.72,0.0245437
26.722,0.0245437
26.724,0.0245437
26.726,0.0245437
26.728,0.0245437
26.73,0.0245437
26.732,0.0245437
26.734,0.0245437
26.736,0.0245437
26.738,0.0245437
26.74,0.0245437
26.742,0.0245437
26.744,0.0245437
26.746,0.0245437
26.748,0.0245437
26.75,0.0245437
26.752,0.0245437
26.754,0.0245437
26.756,0.0245437
26.758,0.0245437
26.76,0.0245437
26.762,0.0245437
26.764,0.0245437
26.766,0.0245437
26.768,0.0245437
26.77,0.0245437
26.772,0.0245437
26.774,0.0245437
26.776,0.0245437
26.778,0.0245437
26.78,0.0245437
26.782,0.0245437
26.784,0.0245437
26.786,0.0245437
26.788,0.0245437
26.79,0.0245437
26.792,0.0245437
26.794,0.0245437
26.796,0.0245437
26.798,0.0245437
26.8,0.0245437
26.802,0.0245437
26.804,0.0245437
26.806,0.0245437
26.808,0.0245437
26.81,0.0245437
26.812,0.0245437
26.814,0.0245437
26.816,0.0245437
26.818,0.0245437
26.82,0.0245437
26.822,0.0245437
26.824,0.0245437
26.826,0.0245437
26.828,0.0245437
26.83,0.0245437
26.832,0.0245437
26.834,0.0245437
26.836,0.0245437
26.838,0.0245437
26.84,0.0245437
26.842,0.0245437
26.844,0.0245437
26.846,0.0245437
26.848,0.0245437
26.85,0.0245437
26.852,0.0245437
26.854,0.0245437
26.856,0.0245437
26.858,0.0245437
26.86,0.0245437
26.862,0.0245437
26.864,0.0245437
26.866,0.0245437
26.868,0.0245437
26.87,0.0245437
26.872,0.0245437
26.874,0.0245437
26.876,0.0245437
26.878,0.0245437
26.88,0.0245437
26.882,0.0245437
26.884,0.0245437
26.886,0.0245437
26.888,0.0245437
26.89,0.0245437
26.892,0.0245437
26.894,0.0245437
26.896,0.0245437
26.898,0.0245437
26.9,0.0245437
26.902,0.0245437
26.904,0.0245437
26.906,0.0245437
26.908,0.0245437
26.91,0.0245437
26.912,0.0245437
26.914,0.0245437
26.916,0.0245437
26.918,0.0245437
26.92,0.0245437
26.922,0.0245437
26.924,0.0245437
26.926,0.0245437
26.928,0.0245437
26.93,0.0245437
26.932,0.0245437
26.934,0.0245437
26.936,0.0245437
26.938,0.0245437
26.94,0.0245437
26.942,0.0245437
26.944,0.0245437
26.946,0.0245437
26.948,0.0245437
26.95,0.0245437
26.952,0.0245437
26.954,0.0245437
26.956,0.0245437
26.958,0.0245437
26.96,0.0245437
26.962,0.0245437
26.964,0.0245437
26.966,0.0245437
26.968,0.0245437
26.97,0.0245437
26.972,0.0245437
26.974,0.0245437
26.976,0.0245437
26.978,0.0245437
26.98,0.0245437
26.982,0.0245437
26.984,0.0245437
26.986,0.0245437
26.988,0.0245437
26.99,0.0245437
26.992,0.0245437
26.994,0.0245437
26.996,0.0245437
26.998,0.0245437
27,0.0245437
27.002,0.0245437
27.004,0.0245437
27.006,0.0245437
27.008,0.0245437
27.01,0.0245437
27.012,0.0245437
27.014,0.0245437
27.016,0.0245437
27.018,0.0245437
27.02,0.0245437
27.022,0.0245437
27.024,0.0245437
27.026,0.0245437
27.028,0.0245437
27.03,0.0245437
27.032,0.0245437
27.034,0.0245437
27.036,0.0245437
27.038,0.0245437
27.04,0.0245437
27.042,0.0245437
27.044,0.0245437
27.046,0.0245437
27.048,0.0245437
27.05,0.0245437
27.052,0.0245437
27.054,0.0245437
27.056,0.0245437
27.058,0.0245437
27.06,0.0245437
27.062,0.0245437
27.064,0.0245437
27.066,0.0245437
27.068,0.0245437
27.07,0.0245437
27.072,0.0245437
27.074,0.0245437
27.076,0.0245437
27.078,0.0245437
27.08,0.0245437
27.082,0.0245437
27.084,0.0245437
27.086,0.0245437
27.088,0.0245437
27.09,0.0245437
27.092,0.0245437
27.094,0.0245437
27.096,0.0245437
27.098,0.0245437
27.1,0.0245437
27.102,0.0245437
27.104,0.0245437
27.106,0.0245437
27.108,0.0245437
27.11,0.0245437
27.112,0.0245437
27.114,0.0245437
27.116,0.0245437
27.118,0.0245437
27.12,0.0245437
27.122,0.0245437
27.124,0.0245437
27.126,0.0245437
27.128,0.0245437
27.13,0.0245437
27.132,0.0245437
27.134,0.0245437
27.136,0.0214757
27.138,0.0214757
27.14,0.0214757
27.142,0.0214757
27.144,0.0214757
27.146,0.0214757
27.148,0.0214757
27.15,0.0214757
27.152,0.0214757
27.154,0.0214757
27.156,0.0214757
27.158,0.0214757
27.16,0.0214757
27.162,0.0214757
27.164,0.0214757
27.166,0.0214757
27.168,0.0214757
27.17,0.0214757
27.172,0.0214757
27.174,0.0214757
27.176,0.0214757
27.178,0.0214757
27.18,0.0214757
27.182,0.0214757
27.184,0.0214757
27.186,0.0214757
27.188,0.0214757
27.19,0.0214757
27.192,0.0214757
27.194,0.0214757
27.196,0.0214757
27.198,0.0214757
27.2,0.0214757
27.202,0.0214757
27.204,0.0214757
27.206,0.0214757
27.208,0.0214757
27.21,0.0214757
27.212,0.0214757
27.214,0.0214757
27.216,0.0214757
27.218,0.0214757
27.22,0.0214757
27.222,0.0214757
27.224,0.0214757
27.226,0.0214757
27.228,0.0214757
27.23,0.0214757
27.232,0.0214757
27.234,0.0214757
27.236,0.0214757
27.238,0.0214757
27.24,0.0214757
27.242,0.0214757
27.244,0.0214757
27.246,0.0214757
27.248,0.0214757
27.25,0.0214757
27.252,0.0214757
27.254,0.0214757
27.256,0.0214757
27.258,0.0214757
27.26,0.0214757
27.262,0.0214757
27.264,0.0214757
27.266,0.0214757
27.268,0.0214757
27.27,0.0214757
27.272,0.0214757
27.274,0.0214757
27.276,0.0214757
27.278,0.0214757
27.28,0.0214757
27.282,0.0214757
27.284,0.0214757
27.286,0.0214757
27.288,0.0214757
27.29,0.0214757
27.292,0.0214757
27.294,0.0214757
27.296,0.0214757
27.298,0.0214757
27.3,0.0214757
27.302,0.0214757
27.304,0.0214757
27.306,0.0214757
27.308,0.0214757
27.31,0.0214757
27.312,0.0214757
27.314,0.0214757
27.316,0.0214757
27.318,0.0214757
27.32,0.0214757
27.322,0.0214757
27.324,0.0214757
27.326,0.0214757
27.328,0.0214757
27.33,0.0214757
27.332,0.0214757
27.334,0.0214757
27.336,0.0214757
27.338,0.0214757
27.34,0.0214757
27.342,0.0214757
27.344,0.0214757
27.346,0.0214757
27.348,0.0214757
27.35,0.0214757
27.352,0.0214757
27.354,0.0214757
27.356,0.0214757
27.358,0.0214757
27.36,0.0214757
27.362,0.0214757
27.364,0.0214757
27.366,0.0214757
27.368,0.0214757
27.37,0.0214757
27.372,0.0214757
27.374,0.0214757
27.376,0.0214757
27.378,0.0214757
27.38,0.0214757
27.382,0.0214757
27.384,0.0214757
27.386,0.0214757
27.388,0.0214757
27.39,0.0214757
27.392,0.0214757
27.394,0.0214757
27.396,0.0214757
27.398,0.0214757
27.4,0.0214757
27.402,0.0214757
27.404,0.0214757
27.406,0.0214757
27.408,0.0214757
27.41,0.0214757
27.412,0.0214757
27.414,0.0214757
27.416,0.0214757
27.418,0.0214757
27.42,0.0214757
27.422,0.0214757
27.424,0.0214757
27.426,0.0214757
27.428,0.0214757
27.43,0.0214757
27.432,0.0214757
27.434,0.0214757
27.436,0.0214757
27.438,0.0214757
27.44,0.0214757
27.442,0.0214757
27.444,0.0214757
27.446,0.0214757
27.448,0.0214757
27.45,0.0214757
27.452,0.0214757
27.454,0.0214757
27.456,0.0214757
27.458,0.0214757
27.46,0.0214757
27.462,0.0214757
27.464,0.0214757
27.466,0.0214757
27.468,0.0214757
27.47,0.0214757
27.472,0.0214757
27.474,0.0214757
27.476,0.0214757
27.478,0.0214757
27.48,0.0214757
27.482,0.0214757
27.484,0.0214757
27.486,0.0214757
27.488,0.0214757
27.49,0.0214757
27.492,0.0214757
27.494,0.0214757
27.496,0.0214757
27.498,0.0214757
27.5,0.0214757
27.502,0.0214757
27.504,0.0214757
27.506,0.0214757
27.508,0.0214757
27.51,0.0214757
27.512,0.0214757
27.514,0.0214757
27.516,0.0214757
27.518,0.0214757
27.52,0.0214757
27.522,0.0214757
27.524,0.0214757
27.526,0.0214757
27.528,0.0214757
27.53,0.0214757
27.532,0.0214757
27.534,0.0214757
27.536,0.0214757
27.538,0.0214757
27.54,0.0214757
27.542,0.0214757
27.544,0.0214757
27.546,0.0214757
27.548,0.0214757
27.55,0.0214757
27.552,0.0214757
27.554,0.0214757
27.556,0.0214757
27.558,0.0214757
27.56,0.0214757
27.562,0.0214757
27.564,0.0214757
27.566,0.0214757
27.568,0.0214757
27.57,0.0214757
27.572,0.0214757
27.574,0.0214757
27.576,0.0214757
27.578,0.0214757
27.58,0.0214757
27.582,0.0214757
27.584,0.0214757
27.586,0.0214757
27.588,0.0214757
27.59,0.0214757
27.592,0.0214757
27.594,0.0214757
27.596,0.0214757
27.598,0.0214757
27.6,0.0214757
27.602,0.0214757
27.604,0.0214757
27.606,0.0214757
27.608,0.0214757
27.61,0.0214757
27.612,0.0214757
27.614,0.0214757
27.616,0.0214757
27.618,0.0214757
27.62,0.0214757
27.622,0.0214757
27.624,0.0214757
27.626,0.0214757
27.628,0.0214757
27.63,0.0214757
27.632,0.0214757
27.634,0.0214757
27.636,0.0214757
27.638,0.0214757
27.64,0.0214757
27.642,0.0214757
27.644,0.0214757
27.646,0.0214757
27.648,0.0214757
27.65,0.0214757
27.652,0.0214757
27.654,0.0214757
27.656,0.0214757
27.658,0.0214757
27.66,0.0214757
27.662,0.0214757
27.664,0.0214757
27.666,0.0214757
27.668,0.0214757
27.67,0.0214757
27.672,0.0214757
27.674,0.0214757
27.676,0.0214757
27.678,0.0214757
27.68,0.0214757
27.682,0.0214757
27.684,0.0214757
27.686,0.0214757
27.688,0.0214757
27.69,0.0214757
27.692,0.0214757
27.694,0.0214757
27.696,0.0214757
27.698,0.0214757
27.7,0.0214757
27.702,0.0214757
27.704,0.0214757
27.706,0.0214757
27.708,0.0214757
27.71,0.0214757
27.712,0.0214757
27.714,0.0214757
27.716,0.0214757
27.718,0.0214757
27.72,0.0214757
27.722,0.0214757
27.724,0.0214757
27.726,0.0214757
27.728,0.0214757
27.73,0.0214757
27.732,0.0214757
27.734,0.0214757
27.736,0.0214757
27.738,0.0214757
27.74,0.0214757
27.742,0.0214757
27.744,0.0214757
27.746,0.0214757
27.748,0.0214757
27.75,0.0214757
27.752,0.0214757
27.754,0.0214757
27.756,0.0214757
27.758,0.0214757
27.76,0.0214757
27.762,0.0214757
27.764,0.0214757
27.766,0.0214757
27.768,0.0214757
27.77,0.0214757
27.772,0.0214757
27.774,0.0214757
27.776,0.0214757
27.778,0.0214757
27.78,0.0214757
27.782,0.0214757
27.784,0.0214757
27.786,0.0214757
27.788,0.0214757
27.79,0.0214757
27.792,0.0214757
27.794,0.0214757
27.796,0.0214757
27.798,0.0214757
27.8,0.0214757
27.802,0.0214757
27.804,0.0214757
27.806,0.0214757
27.808,0.0214757
27.81,0.0214757
27.812,0.0214757
27.814,0.0214757
27.816,0.0214757
27.818,0.0214757
27.82,0.0214757
27.822,0.0214757
27.824,0.0214757
27.826,0.0214757
27.828,0.0214757
27.83,0.0214757
27.832,0.0214757
27.834,0.0214757
27.836,0.0214757
27.838,0.0214757
27.84,0.0214757
27.842,0.0214757
27.844,0.0214757
27.846,0.0214757
27.848,0.0214757
27.85,0.0214757
27.852,0.0214757
27.854,0.0214757
27.856,0.0214757
27.858,0.0214757
27.86,0.0214757
27.862,0.0214757
27.864,0.0214757
27.866,0.0214757
27.868,0.0214757
27.87,0.0214757
27.872,0.0214757
27.874,0.0214757
27.876,0.0214757
27.878,0.0214757
27.88,0.0214757
27.882,0.0214757
27.884,0.0214757
27.886,0.0214757
27.888,0.0214757
27.89,0.0214757
27.892,0.0214757
27.894,0.0214757
27.896,0.0214757
27.898,0.0214757
27.9,0.0214757
27.902,0.0214757
27.904,0.0214757
27.906,0.0214757
27.908,0.0214757
27.91,0.0214757
27.912,0.0214757
27.914,0.0214757
27.916,0.0214757
27.918,0.0214757
27.92,0.0214757
27.922,0.0214757
27.924,0.0214757
27.926,0.0214757
27.928,0.0214757
27.93,0.0214757
27.932,0.0214757
27.934,0.0214757
27.936,0.0214757
27.938,0.0214757
27.94,0.0214757
27.942,0.0214757
27.944,0.0214757
27.946,0.0214757
27.948,0.0214757
27.95,0.0214757
27.952,0.0214757
27.954,0.0214757
27.956,0.0214757
27.958,0.0214757
27.96,0.0214757
27.962,0.0214757
27.964,0.0214757
27.966,0.0214757
27.968,0.0214757
27.97,0.0214757
27.972,0.0214757
27.974,0.0214757
27.976,0.0214757
27.978,0.0214757
27.98,0.0214757
27.982,0.0214757
27.984,0.0214757
27.986,0.0214757
27.988,0.0214757
27.99,0.0214757
27.992,0.0214757
27.994,0.0214757
27.996,0.0214757
27.998,0.0214757
28,0.0214757
28.002,0.0214757
28.004,0.0214757
28.006,0.0214757
28.008,0.0214757
28.01,0.0214757
28.012,0.0214757
28.014,0.0214757
28.016,0.0214757
28.018,0.0214757
28.02,0.0214757
28.022,0.0214757
28.024,0.0214757
28.026,0.0214757
28.028,0.0214757
28.03,0.0214757
28.032,0.0214757
28.034,0.0214757
28.036,0.0214757
28.038,0.0214757
28.04,0.0214757
28.042,0.0214757
28.044,0.0214757
28.046,0.0214757
28.048,0.0214757
28.05,0.0214757
28.052,0.0214757
28.054,0.0214757
28.056,0.0214757
28.058,0.0214757
28.06,0.0214757
28.062,0.0214757
28.064,0.0214757
28.066,0.0214757
28.068,0.0214757
28.07,0.0214757
28.072,0.0214757
28.074,0.0214757
28.076,0.0214757
28.078,0.0214757
28.08,0.0214757
28.082,0.0214757
28.084,0.0214757
28.086,0.0214757
28.088,0.0214757
28.09,0.0214757
28.092,0.0214757
28.094,0.0214757
28.096,0.0214757
28.098,0.0214757
28.1,0.0214757
28.102,0.0214757
28.104,0.0214757
28.106,0.0214757
28.108,0.0214757
28.11,0.0214757
28.112,0.0214757
28.114,0.0214757
28.116,0.0214757
28.118,0.0214757
28.12,0.0214757
28.122,0.0214757
28.124,0.0214757
28.126,0.0214757
28.128,0.0214757
28.13,0.0214757
28.132,0.0214757
28.134,0.0214757
28.136,0.0214757
28.138,0.0214757
28.14,0.0214757
28.142,0.0214757
28.144,0.0214757
28.146,0.0214757
28.148,0.0214757
28.15,0.0214757
28.152,0.0214757
28.154,0.0214757
28.156,0.0214757
28.158,0.0214757
28.16,0.0214757
28.162,0.0214757
28.164,0.0214757
28.166,0.0214757
28.168,0.0214757
28.17,0.0214757
28.172,0.0214757
28.174,0.0214757
28.176,0.0214757
28.178,0.0214757
28.18,0.0214757
28.182,0.0214757
28.184,0.0214757
28.186,0.0214757
28.188,0.0214757
28.19,0.0214757
28.192,0.0214757
28.194,0.0214757
28.196,0.0214757
28.198,0.0214757
28.2,0.0214757
28.202,0.0214757
28.204,0.0214757
28.206,0.0214757
28.208,0.0214757
28.21,0.0214757
28.212,0.0214757
28.214,0.0214757
28.216,0.0214757
28.218,0.0214757
28.22,0.0214757
28.222,0.0214757
28.224,0.0214757
28.226,0.0214757
28.228,0.0214757
28.23,0.0214757
28.232,0.0214757
28.234,0.0214757
28.236,0.0214757
28.238,0.0214757
28.24,0.0214757
28.242,0.0214757
28.244,0.0214757
28.246,0.0214757
28.248,0.0214757
28.25,0.0214757
28.252,0.0214757
28.254,0.0214757
28.256,0.0214757
28.258,0.0214757
28.26,0.0214757
28.262,0.0214757
28.264,0.0214757
28.266,0.0214757
28.268,0.0214757
28.27,0.0214757
28.272,0.0214757
28.274,0.0214757
28.276,0.0214757
28.278,0.0214757
28.28,0.0214757
28.282,0.0214757
28.284,0.0214757
28.286,0.0214757
28.288,0.0214757
28.29,0.0214757
28.292,0.0214757
28.294,0.0214757
28.296,0.0214757
28.298,0.0214757
28.3,0.0214757
28.302,0.0214757
28.304,0.0214757
28.306,0.0214757
28.308,0.0214757
28.31,0.0214757
28.312,0.0214757
28.314,0.0214757
28.316,0.0214757
28.318,0.0214757
28.32,0.0214757
28.322,0.0214757
28.324,0.0214757
28.326,0.0214757
28.328,0.0214757
28.33,0.0214757
28.332,0.0214757
28.334,0.0214757
28.336,0.0214757
28.338,0.0214757
28.34,0.0214757
28.342,0.0214757
28.344,0.0214757
28.346,0.0214757
28.348,0.0214757
28.35,0.0214757
28.352,0.0214757
28.354,0.0214757
28.356,0.0214757
28.358,0.0214757
28.36,0.0214757
28.362,0.0214757
28.364,0.0214757
28.366,0.0214757
28.368,0.0214757
28.37,0.0214757
28.372,0.0214757
28.374,0.0214757
28.376,0.0214757
28.378,0.0214757
28.38,0.0214757
28.382,0.0214757
28.384,0.0214757
28.386,0.0214757
28.388,0.0214757
28.39,0.0214757
28.392,0.0214757
28.394,0.0214757
28.396,0.0214757
28.398,0.0214757
28.4,0.0214757
28.402,0.0214757
28.404,0.0214757
28.406,0.0214757
28.408,0.0214757
28.41,0.0214757
28.412,0.0214757
28.414,0.0214757
28.416,0.0214757
28.418,0.0214757
28.42,0.0214757
28.422,0.0214757
28.424,0.0214757
28.426,0.0214757
28.428,0.0214757
28.43,0.0214757
28.432,0.0214757
28.434,0.0214757
28.436,0.0214757
28.438,0.0214757
28.44,0.0214757
28.442,0.0214757
28.444,0.0214757
28.446,0.0214757
28.448,0.0214757
28.45,0.0214757
28.452,0.0214757
28.454,0.0214757
28.456,0.0214757
28.458,0.0214757
28.46,0.0214757
28.462,0.0214757
28.464,0.0214757
28.466,0.0214757
28.468,0.0214757
28.47,0.0214757
28.472,0.0214757
28.474,0.0214757
28.476,0.0214757
28.478,0.0214757
28.48,0.0214757
28.482,0.0214757
28.484,0.0214757
28.486,0.0214757
28.488,0.0214757
28.49,0.0214757
28.492,0.0214757
28.494,0.0214757
28.496,0.0214757
28.498,0.0214757
28.5,0.0214757
28.502,0.0214757
28.504,0.0214757
28.506,0.0214757
28.508,0.0214757
28.51,0.0214757
28.512,0.0214757
28.514,0.0214757
28.516,0.0214757
28.518,0.0214757
28.52,0.0214757
28.522,0.0214757
28.524,0.0214757
28.526,0.0214757
28.528,0.0214757
28.53,0.0214757
28.532,0.0214757
28.534,0.0214757
28.536,0.0214757
28.538,0.0214757
28.54,0.0214757
28.542,0.0214757
28.544,0.0214757
28.546,0.0214757
28.548,0.0214757
28.55,0.0214757
28.552,0.0214757
28.554,0.0214757
28.556,0.0214757
28.558,0.0214757
28.56,0.0214757
28.562,0.0214757
28.564,0.0214757
28.566,0.0214757
28.568,0.0214757
28.57,0.0214757
28.572,0.0214757
28.574,0.0214757
28.576,0.0214757
28.578,0.0214757
28.58,0.0214757
28.582,0.0214757
28.584,0.0214757
28.586,0.0214757
28.588,0.0214757
28.59,0.0214757
28.592,0.0214757
28.594,0.0214757
28.596,0.0214757
28.598,0.0214757
28.6,0.0214757
28.602,0.0214757
28.604,0.0214757
28.606,0.0214757
28.608,0.0214757
28.61,0.0214757
28.612,0.0214757
28.614,0.0214757
28.616,0.0214757
28.618,0.0214757
28.62,0.0214757
28.622,0.0214757
28.624,0.0214757
28.626,0.0214757
28.628,0.0214757
28.63,0.0214757
28.632,0.0214757
28.634,0.0214757
28.636,0.0214757
28.638,0.0214757
28.64,0.0214757
28.642,0.0214757
28.644,0.0214757
28.646,0.0214757
28.648,0.0214757
28.65,0.0214757
28.652,0.0214757
28.654,0.0214757
28.656,0.0214757
28.658,0.0214757
28.66,0.0214757
28.662,0.0214757
28.664,0.0214757
28.666,0.0214757
28.668,0.0214757
28.67,0.0214757
28.672,0.0214757
28.674,0.0214757
28.676,0.0214757
28.678,0.0214757
28.68,0.0214757
28.682,0.0214757
28.684,0.0214757
28.686,0.0214757
28.688,0.0214757
28.69,0.0214757
28.692,0.0214757
28.694,0.0214757
28.696,0.0214757
28.698,0.0214757
28.7,0.0214757
28.702,0.0214757
28.704,0.0214757
28.706,0.0214757
28.708,0.0214757
28.71,0.0214757
28.712,0.0214757
28.714,0.0214757
28.716,0.0214757
28.718,0.0214757
28.72,0.0214757
28.722,0.0214757
28.724,0.0214757
28.726,0.0214757
28.728,0.0214757
28.73,0.0214757
28.732,0.0214757
28.734,0.0214757
28.736,0.0214757
28.738,0.0214757
28.74,0.0214757
28.742,0.0214757
28.744,0.0214757
28.746,0.0214757
28.748,0.0214757
28.75,0.0214757
28.752,0.0214757
28.754,0.0214757
28.756,0.0214757
28.758,0.0214757
28.76,0.0214757
28.762,0.0214757
28.764,0.0214757
28.766,0.0214757
28.768,0.0214757
28.77,0.0214757
28.772,0.0214757
28.774,0.0214757
28.776,0.0214757
28.778,0.0214757
28.78,0.0214757
28.782,0.0214757
28.784,0.0214757
28.786,0.0214757
28.788,0.0214757
28.79,0.0214757
28.792,0.0214757
28.794,0.0214757
28.796,0.0214757
28.798,0.0214757
28.8,0.0214757
28.802,0.0214757
28.804,0.0214757
28.806,0.0214757
28.808,0.0214757
28.81,0.0214757
28.812,0.0214757
28.814,0.0214757
28.816,0.0214757
28.818,0.0214757
28.82,0.0214757
28.822,0.0214757
28.824,0.0214757
28.826,0.0214757
28.828,0.0214757
28.83,0.0214757
28.832,0.0214757
28.834,0.0214757
28.836,0.0214757
28.838,0.0214757
28.84,0.0214757
28.842,0.0214757
28.844,0.0214757
28.846,0.0214757
28.848,0.0214757
28.85,0.0214757
28.852,0.0214757
28.854,0.0214757
28.856,0.0214757
28.858,0.0214757
28.86,0.0214757
28.862,0.0214757
28.864,0.0214757
28.866,0.0214757
28.868,0.0214757
28.87,0.0214757
28.872,0.0214757
28.874,0.0214757
28.876,0.0214757
28.878,0.0214757
28.88,0.0214757
28.882,0.0214757
28.884,0.0214757
28.886,0.0214757
28.888,0.0214757
28.89,0.0214757
28.892,0.0214757
28.894,0.0214757
28.896,0.0214757
28.898,0.0214757
28.9,0.0214757
28.902,0.0214757
28.904,0.0214757
28.906,0.0214757
28.908,0.0214757
28.91,0.0214757
28.912,0.0214757
28.914,0.0214757
28.916,0.0214757
28.918,0.0214757
28.92,0.0214757
28.922,0.0214757
28.924,0.0214757
28.926,0.0214757
28.928,0.0214757
28.93,0.0214757
28.932,0.0214757
28.934,0.0214757
28.936,0.0214757
28.938,0.0214757
28.94,0.0214757
28.942,0.0214757
28.944,0.0214757
28.946,0.0214757
28.948,0.0214757
28.95,0.0214757
28.952,0.0214757
28.954,0.0214757
28.956,0.0214757
28.958,0.0214757
28.96,0.0214757
28.962,0.0214757
28.964,0.0214757
28.966,0.0214757
28.968,0.0214757
28.97,0.0214757
28.972,0.0214757
28.974,0.0214757
28.976,0.0214757
28.978,0.0214757
28.98,0.0214757
28.982,0.0214757
28.984,0.0214757
28.986,0.0214757
28.988,0.0214757
28.99,0.0214757
28.992,0.0214757
28.994,0.0214757
28.996,0.0214757
28.998,0.0214757
29,0.0214757
29.002,0.0214757
29.004,0.0214757
29.006,0.0214757
29.008,0.0214757
29.01,0.0214757
29.012,0.0214757
29.014,0.0214757
29.016,0.0214757
29.018,0.0214757
29.02,0.0214757
29.022,0.0214757
29.024,0.0214757
29.026,0.0214757
29.028,0.0214757
29.03,0.0214757
29.032,0.0214757
29.034,0.0214757
29.036,0.0214757
29.038,0.0214757
29.04,0.0214757
29.042,0.0214757
29.044,0.0214757
29.046,0.0214757
29.048,0.0214757
29.05,0.0214757
29.052,0.0214757
29.054,0.0214757
29.056,0.0214757
29.058,0.0214757
29.06,0.0214757
29.062,0.0214757
29.064,0.0214757
29.066,0.0214757
29.068,0.0214757
29.07,0.0214757
29.072,0.0214757
29.074,0.0214757
29.076,0.0214757
29.078,0.0214757
29.08,0.0214757
29.082,0.0214757
29.084,0.0214757
29.086,0.0214757
29.088,0.0214757
29.09,0.0214757
29.092,0.0214757
29.094,0.0214757
29.096,0.0214757
29.098,0.0214757
29.1,0.0214757
29.102,0.0214757
29.104,0.0214757
29.106,0.0214757
29.108,0.0214757
29.11,0.0214757
29.112,0.0214757
29.114,0.0214757
29.116,0.0214757
29.118,0.0214757
29.12,0.0214757
29.122,0.0214757
29.124,0.0214757
29.126,0.0214757
29.128,0.0214757
29.13,0.0214757
29.132,0.0214757
29.134,0.0214757
29.136,0.0214757
29.138,0.0214757
29.14,0.0214757
29.142,0.0214757
29.144,0.0214757
29.146,0.0214757
29.148,0.0214757
29.15,0.0214757
29.152,0.0214757
29.154,0.0214757
29.156,0.0214757
29.158,0.0214757
29.16,0.0214757
29.162,0.0214757
29.164,0.0214757
29.166,0.0214757
29.168,0.0214757
29.17,0.0214757
29.172,0.0214757
29.174,0.0214757
29.176,0.0214757
29.178,0.0214757
29.18,0.0214757
29.182,0.0214757
29.184,0.0214757
29.186,0.0214757
29.188,0.0214757
29.19,0.0214757
29.192,0.0214757
29.194,0.0214757
29.196,0.0214757
29.198,0.0214757
29.2,0.0214757
29.202,0.0214757
29.204,0.0214757
29.206,0.0214757
29.208,0.0214757
29.21,0.0214757
29.212,0.0214757
29.214,0.0214757
29.216,0.0214757
29.218,0.0214757
29.22,0.0214757
29.222,0.0214757
29.224,0.0214757
29.226,0.0214757
29.228,0.0214757
29.23,0.0214757
29.232,0.0214757
29.234,0.0214757
29.236,0.0214757
29.238,0.0214757
29.24,0.0214757
29.242,0.0214757
29.244,0.0214757
29.246,0.0214757
29.248,0.0214757
29.25,0.0214757
29.252,0.0214757
29.254,0.0214757
29.256,0.0214757
29.258,0.0214757
29.26,0.0214757
29.262,0.0214757
29.264,0.0214757
29.266,0.0214757
29.268,0.0214757
29.27,0.0214757
29.272,0.0214757
29.274,0.0214757
29.276,0.0214757
29.278,0.0214757
29.28,0.0214757
29.282,0.0214757
29.284,0.0214757
29.286,0.0214757
29.288,0.0214757
29.29,0.0214757
29.292,0.0214757
29.294,0.0214757
29.296,0.0214757
29.298,0.0214757
29.3,0.0214757
29.302,0.0214757
29.304,0.0214757
29.306,0.0214757
29.308,0.0214757
29.31,0.0214757
29.312,0.0214757
29.314,0.0214757
29.316,0.0214757
29.318,0.0214757
29.32,0.0214757
29.322,0.0214757
29.324,0.0214757
29.326,0.0214757
29.328,0.0214757
29.33,0.0214757
29.332,0.0214757
29.334,0.0214757
29.336,0.0214757
29.338,0.0214757
29.34,0.0214757
29.342,0.0214757
29.344,0.0214757
29.346,0.0214757
29.348,0.0214757
29.35,0.0214757
29.352,0.0214757
29.354,0.0214757
29.356,0.0214757
29.358,0.0214757
29.36,0.0214757
29.362,0.0214757
29.364,0.0214757
29.366,0.0214757
29.368,0.0214757
29.37,0.0214757
29.372,0.0214757
29.374,0.0214757
29.376,0.0214757
29.378,0.0214757
29.38,0.0214757
29.382,0.0214757
29.384,0.0214757
29.386,0.0214757
29.388,0.0214757
29.39,0.0214757
29.392,0.0214757
29.394,0.0214757
29.396,0.0214757
29.398,0.0214757
29.4,0.0214757
29.402,0.0214757
29.404,0.0214757
29.406,0.0214757
29.408,0.0214757
29.41,0.0214757
29.412,0.0214757
29.414,0.0214757
29.416,0.0214757
29.418,0.0214757
29.42,0.0214757
29.422,0.0214757
29.424,0.0214757
29.426,0.0214757
29.428,0.0214757
29.43,0.0214757
29.432,0.0214757
29.434,0.0214757
29.436,0.0214757
29.438,0.0214757
29.44,0.0214757
29.442,0.0214757
29.444,0.0214757
29.446,0.0214757
29.448,0.0214757
29.45,0.0214757
29.452,0.0214757
29.454,0.0214757
29.456,0.0214757
29.458,0.0214757
29.46,0.0214757
29.462,0.0214757
29.464,0.0214757
29.466,0.0214757
29.468,0.0214757
29.47,0.0214757
29.472,0.0214757
29.474,0.0214757
29.476,0.0214757
29.478,0.0214757
29.48,0.0214757
29.482,0.0214757
29.484,0.0214757
29.486,0.0214757
29.488,0.0214757
29.49,0.0214757
29.492,0.0214757
29.494,0.0214757
29.496,0.0214757
29.498,0.0214757
29.5,0.0214757
29.502,0.0214757
29.504,0.0214757
29.506,0.0214757
29.508,0.0214757
29.51,0.0214757
29.512,0.0214757
29.514,0.0214757
29.516,0.0214757
29.518,0.0214757
29.52,0.0214757
29.522,0.0214757
29.524,0.0214757
29.526,0.0214757
29.528,0.0214757
29.53,0.0214757
29.532,0.0214757
29.534,0.0214757
29.536,0.0214757
29.538,0.0214757
29.54,0.0214757
29.542,0.0214757
29.544,0.0214757
29.546,0.0214757
29.548,0.0214757
29.55,0.0214757
29.552,0.0214757
29.554,0.0214757
29.556,0.0214757
29.558,0.0214757
29.56,0.0214757
29.562,0.0214757
29.564,0.0214757
29.566,0.0214757
29.568,0.0214757
29.57,0.0214757
29.572,0.0214757
29.574,0.0214757
29.576,0.0214757
29.578,0.0214757
29.58,0.0214757
29.582,0.0214757
29.584,0.0214757
29.586,0.0214757
29.588,0.0214757
29.59,0.0214757
29.592,0.0214757
29.594,0.0214757
29.596,0.0214757
29.598,0.0214757
29.6,0.0214757
29.602,0.0214757
29.604,0.0214757
29.606,0.0214757
29.608,0.0214757
29.61,0.0214757
29.612,0.0214757
29.614,0.0214757
29.616,0.0214757
29.618,0.0214757
29.62,0.0214757
29.622,0.0214757
29.624,0.0214757
29.626,0.0214757
29.628,0.0214757
29.63,0.0214757
29.632,0.0214757
29.634,0.0214757
29.636,0.0214757
29.638,0.0214757
29.64,0.0214757
29.642,0.0214757
29.644,0.0214757
29.646,0.0214757
29.648,0.0214757
29.65,0.0214757
29.652,0.0214757
29.654,0.0214757
29.656,0.0214757
29.658,0.0214757
29.66,0.0214757
29.662,0.0214757
29.664,0.0214757
29.666,0.0214757
29.668,0.0214757
29.67,0.0214757
29.672,0.0214757
29.674,0.0214757
29.676,0.0214757
29.678,0.0214757
29.68,0.0214757
29.682,0.0214757
29.684,0.0214757
29.686,0.0214757
29.688,0.0214757
29.69,0.0214757
29.692,0.0214757
29.694,0.0214757
29.696,0.0214757
29.698,0.0214757
29.7,0.0214757
29.702,0.0214757
29.704,0.0214757
29.706,0.0214757
29.708,0.0214757
29.71,0.0214757
29.712,0.0214757
29.714,0.0214757
29.716,0.0214757
29.718,0.0214757
29.72,0.0214757
29.722,0.0214757
29.724,0.0214757
29.726,0.0214757
29.728,0.0214757
29.73,0.0214757
29.732,0.0214757
29.734,0.0214757
29.736,0.0214757
29.738,0.0214757
29.74,0.0214757
29.742,0.0214757
29.744,0.0214757
29.746,0.0214757
29.748,0.0214757
29.75,0.0214757
29.752,0.0214757
29.754,0.0214757
29.756,0.0214757
29.758,0.0214757
29.76,0.0214757
29.762,0.0214757
29.764,0.0214757
29.766,0.0214757
29.768,0.0214757
29.77,0.0214757
29.772,0.0214757
29.774,0.0214757
29.776,0.0214757
29.778,0.0214757
29.78,0.0214757
29.782,0.0214757
29.784,0.0214757
29.786,0.0214757
29.788,0.0214757
29.79,0.0214757
29.792,0.0214757
29.794,0.0214757
29.796,0.0214757
29.798,0.0214757
29.8,0.0214757
29.802,0.0214757
29.804,0.0214757
29.806,0.0214757
29.808,0.0214757
29.81,0.0214757
29.812,0.0214757
29.814,0.0214757
29.816,0.0214757
29.818,0.0214757
29.82,0.0214757
29.822,0.0214757
29.824,0.0214757
29.826,0.0214757
29.828,0.0214757
29.83,0.0214757
29.832,0.0214757
29.834,0.0214757
29.836,0.0214757
29.838,0.0214757
29.84,0.0214757
29.842,0.0214757
29.844,0.0214757
29.846,0.0214757
29.848,0.0214757
29.85,0.0214757
29.852,0.0214757
29.854,0.0214757
29.856,0.0214757
29.858,0.0214757
29.86,0.0214757
29.862,0.0214757
29.864,0.0214757
29.866,0.0214757
29.868,0.0214757
29.87,0.0214757
29.872,0.0214757
29.874,0.0214757
29.876,0.0214757
29.878,0.0214757
29.88,0.0214757
29.882,0.0214757
29.884,0.0214757
29.886,0.0214757
29.888,0.0214757
29.89,0.0214757
29.892,0.0214757
29.894,0.0214757
29.896,0.0214757
29.898,0.0214757
29.9,0.0214757
29.902,0.0214757
29.904,0.0214757
29.906,0.0214757
29.908,0.0214757
29.91,0.0214757
29.912,0.0214757
29.914,0.0214757
29.916,0.0214757
29.918,0.0214757
29.92,0.0214757
29.922,0.0214757
29.924,0.0214757
29.926,0.0214757
29.928,0.0214757
29.93,0.0214757
29.932,0.0214757
29.934,0.0214757
29.936,0.0214757
29.938,0.0214757
29.94,0.0214757
29.942,0.0214757
29.944,0.0214757
29.946,0.0214757
29.948,0.0214757
29.95,0.0214757
29.952,0.0214757
29.954,0.0214757
29.956,0.0214757
29.958,0.0214757
29.96,0.0214757
29.962,0.0214757
29.964,0.0214757
29.966,0.0214757
29.968,0.0214757
29.97,0.0214757
29.972,0.0214757
29.974,0.0214757
29.976,0.0214757
29.978,0.0214757
29.98,0.0214757
29.982,0.0214757
29.984,0.0214757
29.986,0.0214757
29.988,0.0214757
29.99,0.0214757
29.992,0.0214757
29.994,0.0214757
29.996,0.0214757
29.998,0.0214757
30,0.0214757
