0,0
0.002,0
0.004,0
0.006,0
0.008,0
0.01,0
0.012,0
0.014,0
0.016,0
0.018,0
0.02,0
0.022,0
0.024,0
0.026,0
0.028,0
0.03,0
0.032,0
0.034,0
0.036,0
0.038,0
0.04,0
0.042,0
0.044,0
0.046,0
0.048,0
0.05,0
0.052,0
0.054,0
0.056,0
0.058,0
0.06,0
0.062,0
0.064,0
0.066,0
0.068,0
0.07,0
0.072,0
0.074,0
0.076,0
0.078,0
0.08,0
0.082,0
0.084,0
0.086,0
0.088,0
0.09,0
0.092,0
0.094,0
0.096,0
0.098,0
0.1,0
0.102,0
0.104,0
0.106,0
0.108,0
0.11,0
0.112,0
0.114,0
0.116,0
0.118,0
0.12,0
0.122,0
0.124,0
0.126,0
0.128,0
0.13,0
0.132,0
0.134,0
0.136,0
0.138,0
0.14,0
0.142,0
0.144,0
0.146,0
0.148,0
0.15,0
0.152,0
0.154,0
0.156,0
0.158,0
0.16,0
0.162,0
0.164,0
0.166,0
0.168,0
0.17,0
0.172,0
0.174,0
0.176,0
0.178,0
0.18,0
0.182,0
0.184,0
0.186,0
0.188,0
0.19,0
0.192,0
0.194,0
0.196,0
0.198,0
0.2,0
0.202,0
0.204,0
0.206,0
0.208,0
0.21,0
0.212,0
0.214,0
0.216,0
0.218,0
0.22,0
0.222,0
0.224,0
0.226,0
0.228,0
0.23,0
0.232,0
0.234,0
0.236,0
0.238,0
0.24,0
0.242,0
0.244,0
0.246,0
0.248,0
0.25,0
0.252,0
0.254,0
0.256,0
0.258,0
0.26,0
0.262,0
0.264,0
0.266,0
0.268,0
0.27,0
0.272,0
0.274,0
0.276,0
0.278,0
0.28,0
0.282,0
0.284,0
0.286,0
0.288,0
0.29,0
0.292,0
0.294,0
0.296,0
0.298,0
0.3,0
0.302,0
0.304,0
0.306,0
0.308,0
0.31,0
0.312,0
0.314,0
0.316,0
0.318,0
0.32,0
0.322,0
0.324,0
0.326,0
0.328,0
0.33,0
0.332,0
0.334,0
0.336,0
0.338,0
0.34,0
0.342,0
0.344,0
0.346,0
0.348,0
0.35,0
0.352,0
0.354,0
0.356,0
0.358,0
0.36,0
0.362,0
0.364,0
0.366,0
0.368,0
0.37,0
0.372,0
0.374,0
0.376,0
0.378,0
0.38,0
0.382,0
0.384,0
0.386,0
0.388,0
0.39,0
0.392,0
0.394,0
0.396,0
0.398,0
0.4,0
0.402,0
0.404,0
0.406,0
0.408,0
0.41,0
0.412,0
0.414,0
0.416,0
0.418,0
0.42,0
0.422,0
0.424,0
0.426,0
0.428,0
0.43,0
0.432,0
0.434,0
0.436,0
0.438,0
0.44,0
0.442,0
0.444,0
0.446,0
0.448,0
0.45,0
0.452,0
0.454,0
0.456,0
0.458,0
0.46,0
0.462,0
0.464,0
0.466,0
0.468,0
0.47,0
0.472,0
0.474,0
0.476,0
0.478,0
0.48,0
0.482,0
0.484,0
0.486,0
0.488,0
0.49,0
0.492,0
0.494,0
0.496,0
0.498,0
0.5,0
0.502,0
0.504,0
0.506,0
0.508,0
0.51,0
0.512,0
0.514,0
0.516,0
0.518,0
0.52,0
0.522,0
0.524,0
0.526,0
0.528,0
0.53,0
0.532,0
0.534,0
0.536,0
0.538,0
0.54,0
0.542,0
0.544,0
0.546,0
0.548,0
0.55,0
0.552,0
0.554,0
0.556,0
0.558,0
0.56,0
0.562,0
0.564,0
0.566,0
0.568,0
0.57,0
0.572,0
0.574,0
0.576,0
0.578,0
0.58,0
0.582,0
0.584,0
0.586,0
0.588,0
0.59,0
0.592,0
0.594,0
0.596,0
0.598,0
0.6,0
0.602,0
0.604,0
0.606,0
0.608,0
0.61,0
0.612,0
0.614,0
0.616,0
0.618,0
0.62,0
0.622,0
0.624,0
0.626,0
0.628,0
0.63,0
0.632,0
0.634,0
0.636,0
0.638,0
0.64,0
0.642,0
0.644,0
0.646,0
0.648,0
0.65,0
0.652,0
0.654,0
0.656,0
0.658,0
0.66,0
0.662,0
0.664,0
0.666,0
0.668,0
0.67,0
0.672,0
0.674,0
0.676,0
0.678,0
0.68,0
0.682,0
0.684,0
0.686,0
0.688,0
0.69,0
0.692,0
0.694,0
0.696,0
0.698,0
0.7,0
0.702,0
0.704,0
0.706,0
0.708,0
0.71,0
0.712,0
0.714,0
0.716,0
0.718,0
0.72,0
0.722,0
0.724,0
0.726,0
0.728,0
0.73,0
0.732,0
0.734,0
0.736,0
0.738,0
0.74,0
0.742,0
0.744,0
0.746,0
0.748,0
0.75,0
0.752,0
0.754,0
0.756,0
0.758,0
0.76,0
0.762,0
0.764,0
0.766,0
0.768,0
0.77,0
0.772,0
0.774,0
0.776,0
0.778,0
0.78,0
0.782,0
0.784,0
0.786,0
0.788,0
0.79,0
0.792,0
0.794,0
0.796,0
0.798,0
0.8,0
0.802,0
0.804,0
0.806,0
0.808,0
0.81,0
0.812,0
0.814,0
0.816,0
0.818,0
0.82,0
0.822,0
0.824,0
0.826,0
0.828,0
0.83,0
0.832,0
0.834,0
0.836,0
0.838,0
0.84,0
0.842,0
0.844,0
0.846,0
0.848,0
0.85,0
0.852,0
0.854,0
0.856,0
0.858,0
0.86,0
0.862,0
0.864,0
0.866,0
0.868,0
0.87,0
0.872,0
0.874,0
0.876,0
0.878,0
0.88,0
0.882,0
0.884,0
0.886,0
0.888,0
0.89,0
0.892,0
0.894,0
0.896,0
0.898,0
0.9,0
0.902,0
0.904,0
0.906,0
0.908,0
0.91,0
0.912,0
0.914,0
0.916,0
0.918,0
0.92,0
0.922,0
0.924,0
0.926,0
0.928,0
0.93,0
0.932,0
0.934,0
0.936,0
0.938,0
0.94,0
0.942,0
0.944,0
0.946,0
0.948,0
0.95,0
0.952,0
0.954,0
0.956,0
0.958,0
0.96,0
0.962,0
0.964,0
0.966,0
0.968,0
0.97,0
0.972,0
0.974,0
0.976,0
0.978,0
0.98,0
0.982,0
0.984,0
0.986,0
0.988,0
0.99,0
0.992,0
0.994,0
0.996,0
0.998,0
1,0.5
1.002,0.5
1.004,0.5
1.006,0.5
1.008,0.5
1.01,0.5
1.012,0.5
1.014,0.5
1.016,0.5
1.018,0.5
1.02,0.5
1.022,0.5
1.024,0.5
1.026,0.5
1.028,0.5
1.03,0.5
1.032,0.5
1.034,0.5
1.036,0.5
1.038,0.5
1.04,0.5
1.042,0.5
1.044,0.5
1.046,0.5
1.048,0.5
1.05,0.5
1.052,0.5
1.054,0.5
1.056,0.5
1.058,0.5
1.06,0.5
1.062,0.5
1.064,0.5
1.066,0.5
1.068,0.5
1.07,0.5
1.072,0.5
1.074,0.5
1.076,0.5
1.078,0.5
1.08,0.5
1.082,0.5
1.084,0.5
1.086,0.5
1.088,0.5
1.09,0.5
1.092,0.5
1.094,0.5
1.096,0.5
1.098,0.5
1.1,0.5
1.102,0.5
1.104,0.5
1.106,0.5
1.108,0.5
1.11,0.5
1.112,0.5
1.114,0.5
1.116,0.5
1.118,0.5
1.12,0.5
1.122,0.5
1.124,0.5
1.126,0.5
1.128,0.5
1.13,0.5
1.132,0.5
1.134,0.5
1.136,0.5
1.138,0.5
1.14,0.5
1.142,0.5
1.144,0.5
1.146,0.5
1.148,0.5
1.15,0.5
1.152,0.5
1.154,0.5
1.156,0.5
1.158,0.5
1.16,0.5
1.162,0.5
1.164,0.5
1.166,0.5
1.168,0.5
1.17,0.5
1.172,0.5
1.174,0.5
1.176,0.5
1.178,0.5
1.18,0.5
1.182,0.5
1.184,0.5
1.186,0.5
1.188,0.5
1.19,0.5
1.192,0.5
1.194,0.5
1.196,0.5
1.198,0.5
1.2,0.5
1.202,0.5
1.204,0.5
1.206,0.5
1.208,0.5
1.21,0.5
1.212,0.5
1.214,0.5
1.216,0.5
1.218,0.5
1.22,0.5
1.222,0.5
1.224,0.5
1.226,0.5
1.228,0.5
1.23,0.5
1.232,0.5
1.234,0.5
1.236,0.5
1.238,0.5
1.24,0.5
1.242,0.5
1.244,0.5
1.246,0.5
1.248,0.5
1.25,0.5
1.252,0.5
1.254,0.5
1.256,0.5
1.258,0.5
1.26,0.5
1.262,0.5
1.264,0.5
1.266,0.5
1.268,0.5
1.27,0.5
1.272,0.5
1.274,0.5
1.276,0.5
1.278,0.5
1.28,0.5
1.282,0.5
1.284,0.5
1.286,0.5
1.288,0.5
1.29,0.5
1.292,0.5
1.294,0.5
1.296,0.5
1.298,0.5
1.3,0.5
1.302,0.5
1.304,0.5
1.306,0.5
1.308,0.5
1.31,0.5
1.312,0.5
1.314,0.5
1.316,0.5
1.318,0.5
1.32,0.5
1.322,0.5
1.324,0.5
1.326,0.5
1.328,0.5
1.33,0.5
1.332,0.5
1.334,0.5
1.336,0.5
1.338,0.5
1.34,0.5
1.342,0.5
1.344,0.5
1.346,0.5
1.348,0.5
1.35,0.5
1.352,0.5
1.354,0.5
1.356,0.5
1.358,0.5
1.36,0.5
1.362,0.5
1.364,0.5
1.366,0.5
1.368,0.5
1.37,0.5
1.372,0.5
1.374,0.5
1.376,0.5
1.378,0.5
1.38,0.5
1.382,0.5
1.384,0.5
1.386,0.5
1.388,0.5
1.39,0.5
1.392,0.5
1.394,0.5
1.396,0.5
1.398,0.5
1.4,0.5
1.402,0.5
1.404,0.5
1.406,0.5
1.408,0.5
1.41,0.5
1.412,0.5
1.414,0.5
1.416,0.5
1.418,0.5
1.42,0.5
1.422,0.5
1.424,0.5
1.426,0.5
1.428,0.5
1.43,0.5
1.432,0.5
1.434,0.5
1.436,0.5
1.438,0.5
1.44,0.5
1.442,0.5
1.444,0.5
1.446,0.5
1.448,0.5
1.45,0.5
1.452,0.5
1.454,0.5
1.456,0.5
1.458,0.5
1.46,0.5
1.462,0.5
1.464,0.5
1.466,0.5
1.468,0.5
1.47,0.5
1.472,0.5
1.474,0.5
1.476,0.5
1.478,0.5
1.48,0.5
1.482,0.5
1.484,0.5
1.486,0.5
1.488,0.5
1.49,0.5
1.492,0.5
1.494,0.5
1.496,0.5
1.498,0.5
1.5,0.5
1.502,0.5
1.504,0.5
1.506,0.5
1.508,0.5
1.51,0.5
1.512,0.5
1.514,0.5
1.516,0.5
1.518,0.5
1.52,0.5
1.522,0.5
1.524,0.5
1.526,0.5
1.528,0.5
1.53,0.5
1.532,0.5
1.534,0.5
1.536,0.5
1.538,0.5
1.54,0.5
1.542,0.5
1.544,0.5
1.546,0.5
1.548,0.5
1.55,0.5
1.552,0.5
1.554,0.5
1.556,0.5
1.558,0.5
1.56,0.5
1.562,0.5
1.564,0.5
1.566,0.5
1.568,0.5
1.57,0.5
1.572,0.5
1.574,0.5
1.576,0.5
1.578,0.5
1.58,0.5
1.582,0.5
1.584,0.5
1.586,0.5
1.588,0.5
1.59,0.5
1.592,0.5
1.594,0.5
1.596,0.5
1.598,0.5
1.6,0.5
1.602,0.5
1.604,0.5
1.606,0.5
1.608,0.5
1.61,0.5
1.612,0.5
1.614,0.5
1.616,0.5
1.618,0.5
1.62,0.5
1.622,0.5
1.624,0.5
1.626,0.5
1.628,0.5
1.63,0.5
1.632,0.5
1.634,0.5
1.636,0.5
1.638,0.5
1.64,0.5
1.642,0.5
1.644,0.5
1.646,0.5
1.648,0.5
1.65,0.5
1.652,0.5
1.654,0.5
1.656,0.5
1.658,0.5
1.66,0.5
1.662,0.5
1.664,0.5
1.666,0.5
1.668,0.5
1.67,0.5
1.672,0.5
1.674,0.5
1.676,0.5
1.678,0.5
1.68,0.5
1.682,0.5
1.684,0.5
1.686,0.5
1.688,0.5
1.69,0.5
1.692,0.5
1.694,0.5
1.696,0.5
1.698,0.5
1.7,0.5
1.702,0.5
1.704,0.5
1.706,0.5
1.708,0.5
1.71,0.5
1.712,0.5
1.714,0.5
1.716,0.5
1.718,0.5
1.72,0.5
1.722,0.5
1.724,0.5
1.726,0.5
1.728,0.5
1.73,0.5
1.732,0.5
1.734,0.5
1.736,0.5
1.738,0.5
1.74,0.5
1.742,0.5
1.744,0.5
1.746,0.5
1.748,0.5
1.75,0.5
1.752,0.5
1.754,0.5
1.756,0.5
1.758,0.5
1.76,0.5
1.762,0.5
1.764,0.5
1.766,0.5
1.768,0.5
1.77,0.5
1.772,0.5
1.774,0.5
1.776,0.5
1.778,0.5
1.78,0.5
1.782,0.5
1.784,0.5
1.786,0.5
1.788,0.5
1.79,0.5
1.792,0.5
1.794,0.5
1.796,0.5
1.798,0.5
1.8,0.5
1.802,0.5
1.804,0.5
1.806,0.5
1.808,0.5
1.81,0.5
1.812,0.5
1.814,0.5
1.816,0.5
1.818,0.5
1.82,0.5
1.822,0.5
1.824,0.5
1.826,0.5
1.828,0.5
1.83,0.5
1.832,0.5
1.834,0.5
1.836,0.5
1.838,0.5
1.84,0.5
1.842,0.5
1.844,0.5
1.846,0.5
1.848,0.5
1.85,0.5
1.852,0.5
1.854,0.5
1.856,0.5
1.858,0.5
1.86,0.5
1.862,0.5
1.864,0.5
1.866,0.5
1.868,0.5
1.87,0.5
1.872,0.5
1.874,0.5
1.876,0.5
1.878,0.5
1.88,0.5
1.882,0.5
1.884,0.5
1.886,0.5
1.888,0.5
1.89,0.5
1.892,0.5
1.894,0.5
1.896,0.5
1.898,0.5
1.9,0.5
1.902,0.5
1.904,0.5
1.906,0.5
1.908,0.5
1.91,0.5
1.912,0.5
1.914,0.5
1.916,0.5
1.918,0.5
1.92,0.5
1.922,0.5
1.924,0.5
1.926,0.5
1.928,0.5
1.93,0.5
1.932,0.5
1.934,0.5
1.936,0.5
1.938,0.5
1.94,0.5
1.942,0.5
1.944,0.5
1.946,0.5
1.948,0.5
1.95,0.5
1.952,0.5
1.954,0.5
1.956,0.5
1.958,0.5
1.96,0.5
1.962,0.5
1.964,0.5
1.966,0.5
1.968,0.5
1.97,0.5
1.972,0.5
1.974,0.5
1.976,0.5
1.978,0.5
1.98,0.5
1.982,0.5
1.984,0.5
1.986,0.5
1.988,0.5
1.99,0.5
1.992,0.5
1.994,0.5
1.996,0.5
1.998,0.5
2,0.5
2.002,0.5
2.004,0.5
2.006,0.5
2.008,0.5
2.01,0.5
2.012,0.5
2.014,0.5
2.016,0.5
2.018,0.5
2.02,0.5
2.022,0.5
2.024,0.5
2.026,0.5
2.028,0.5
2.03,0.5
2.032,0.5
2.034,0.5
2.036,0.5
2.038,0.5
2.04,0.5
2.042,0.5
2.044,0.5
2.046,0.5
2.048,0.5
2.05,0.5
2.052,0.5
2.054,0.5
2.056,0.5
2.058,0.5
2.06,0.5
2.062,0.5
2.064,0.5
2.066,0.5
2.068,0.5
2.07,0.5
2.072,0.5
2.074,0.5
2.076,0.5
2.078,0.5
2.08,0.5
2.082,0.5
2.084,0.5
2.086,0.5
2.088,0.5
2.09,0.5
2.092,0.5
2.094,0.5
2.096,0.5
2.098,0.5
2.1,0.5
2.102,0.5
2.104,0.5
2.106,0.5
2.108,0.5
2.11,0.5
2.112,0.5
2.114,0.5
2.116,0.5
2.118,0.5
2.12,0.5
2.122,0.5
2.124,0.5
2.126,0.5
2.128,0.5
2.13,0.5
2.132,0.5
2.134,0.5
2.136,0.5
2.138,0.5
2.14,0.5
2.142,0.5
2.144,0.5
2.146,0.5
2.148,0.5
2.15,0.5
2.152,0.5
2.154,0.5
2.156,0.5
2.158,0.5
2.16,0.5
2.162,0.5
2.164,0.5
2.166,0.5
2.168,0.5
2.17,0.5
2.172,0.5
2.174,0.5
2.176,0.5
2.178,0.5
2.18,0.5
2.182,0.5
2.184,0.5
2.186,0.5
2.188,0.5
2.19,0.5
2.192,0.5
2.194,0.5
2.196,0.5
2.198,0.5
2.2,0.5
2.202,0.5
2.204,0.5
2.206,0.5
2.208,0.5
2.21,0.5
2.212,0.5
2.214,0.5
2.216,0.5
2.218,0.5
2.22,0.5
2.222,0.5
2.224,0.5
2.226,0.5
2.228,0.5
2.23,0.5
2.232,0.5
2.234,0.5
2.236,0.5
2.238,0.5
2.24,0.5
2.242,0.5
2.244,0.5
2.246,0.5
2.248,0.5
2.25,0.5
2.252,0.5
2.254,0.5
2.256,0.5
2.258,0.5
2.26,0.5
2.262,0.5
2.264,0.5
2.266,0.5
2.268,0.5
2.27,0.5
2.272,0.5
2.274,0.5
2.276,0.5
2.278,0.5
2.28,0.5
2.282,0.5
2.284,0.5
2.286,0.5
2.288,0.5
2.29,0.5
2.292,0.5
2.294,0.5
2.296,0.5
2.298,0.5
2.3,0.5
2.302,0.5
2.304,0.5
2.306,0.5
2.308,0.5
2.31,0.5
2.312,0.5
2.314,0.5
2.316,0.5
2.318,0.5
2.32,0.5
2.322,0.5
2.324,0.5
2.326,0.5
2.328,0.5
2.33,0.5
2.332,0.5
2.334,0.5
2.336,0.5
2.338,0.5
2.34,0.5
2.342,0.5
2.344,0.5
2.346,0.5
2.348,0.5
2.35,0.5
2.352,0.5
2.354,0.5
2.356,0.5
2.358,0.5
2.36,0.5
2.362,0.5
2.364,0.5
2.366,0.5
2.368,0.5
2.37,0.5
2.372,0.5
2.374,0.5
2.376,0.5
2.378,0.5
2.38,0.5
2.382,0.5
2.384,0.5
2.386,0.5
2.388,0.5
2.39,0.5
2.392,0.5
2.394,0.5
2.396,0.5
2.398,0.5
2.4,0.5
2.402,0.5
2.404,0.5
2.406,0.5
2.408,0.5
2.41,0.5
2.412,0.5
2.414,0.5
2.416,0.5
2.418,0.5
2.42,0.5
2.422,0.5
2.424,0.5
2.426,0.5
2.428,0.5
2.43,0.5
2.432,0.5
2.434,0.5
2.436,0.5
2.438,0.5
2.44,0.5
2.442,0.5
2.444,0.5
2.446,0.5
2.448,0.5
2.45,0.5
2.452,0.5
2.454,0.5
2.456,0.5
2.458,0.5
2.46,0.5
2.462,0.5
2.464,0.5
2.466,0.5
2.468,0.5
2.47,0.5
2.472,0.5
2.474,0.5
2.476,0.5
2.478,0.5
2.48,0.5
2.482,0.5
2.484,0.5
2.486,0.5
2.488,0.5
2.49,0.5
2.492,0.5
2.494,0.5
2.496,0.5
2.498,0.5
2.5,-0.5
2.502,-0.5
2.504,-0.5
2.506,-0.5
2.508,-0.5
2.51,-0.5
2.512,-0.5
2.514,-0.5
2.516,-0.5
2.518,-0.5
2.52,-0.5
2.522,-0.5
2.524,-0.5
2.526,-0.5
2.528,-0.5
2.53,-0.5
2.532,-0.5
2.534,-0.5
2.536,-0.5
2.538,-0.5
2.54,-0.5
2.542,-0.5
2.544,-0.5
2.546,-0.5
2.548,-0.5
2.55,-0.5
2.552,-0.5
2.554,-0.5
2.556,-0.5
2.558,-0.5
2.56,-0.5
2.562,-0.5
2.564,-0.5
2.566,-0.5
2.568,-0.5
2.57,-0.5
2.572,-0.5
2.574,-0.5
2.576,-0.5
2.578,-0.5
2.58,-0.5
2.582,-0.5
2.584,-0.5
2.586,-0.5
2.588,-0.5
2.59,-0.5
2.592,-0.5
2.594,-0.5
2.596,-0.5
2.598,-0.5
2.6,-0.5
2.602,-0.5
2.604,-0.5
2.606,-0.5
2.608,-0.5
2.61,-0.5
2.612,-0.5
2.614,-0.5
2.616,-0.5
2.618,-0.5
2.62,-0.5
2.622,-0.5
2.624,-0.5
2.626,-0.5
2.628,-0.5
2.63,-0.5
2.632,-0.5
2.634,-0.5
2.636,-0.5
2.638,-0.5
2.64,-0.5
2.642,-0.5
2.644,-0.5
2.646,-0.5
2.648,-0.5
2.65,-0.5
2.652,-0.5
2.654,-0.5
2.656,-0.5
2.658,-0.5
2.66,-0.5
2.662,-0.5
2.664,-0.5
2.666,-0.5
2.668,-0.5
2.67,-0.5
2.672,-0.5
2.674,-0.5
2.676,-0.5
2.678,-0.5
2.68,-0.5
2.682,-0.5
2.684,-0.5
2.686,-0.5
2.688,-0.5
2.69,-0.5
2.692,-0.5
2.694,-0.5
2.696,-0.5
2.698,-0.5
2.7,-0.5
2.702,-0.5
2.704,-0.5
2.706,-0.5
2.708,-0.5
2.71,-0.5
2.712,-0.5
2.714,-0.5
2.716,-0.5
2.718,-0.5
2.72,-0.5
2.722,-0.5
2.724,-0.5
2.726,-0.5
2.728,-0.5
2.73,-0.5
2.732,-0.5
2.734,-0.5
2.736,-0.5
2.738,-0.5
2.74,-0.5
2.742,-0.5
2.744,-0.5
2.746,-0.5
2.748,-0.5
2.75,-0.5
2.752,-0.5
2.754,-0.5
2.756,-0.5
2.758,-0.5
2.76,-0.5
2.762,-0.5
2.764,-0.5
2.766,-0.5
2.768,-0.5
2.77,-0.5
2.772,-0.5
2.774,-0.5
2.776,-0.5
2.778,-0.5
2.78,-0.5
2.782,-0.5
2.784,-0.5
2.786,-0.5
2.788,-0.5
2.79,-0.5
2.792,-0.5
2.794,-0.5
2.796,-0.5
2.798,-0.5
2.8,-0.5
2.802,-0.5
2.804,-0.5
2.806,-0.5
2.808,-0.5
2.81,-0.5
2.812,-0.5
2.814,-0.5
2.816,-0.5
2.818,-0.5
2.82,-0.5
2.822,-0.5
2.824,-0.5
2.826,-0.5
2.828,-0.5
2.83,-0.5
2.832,-0.5
2.834,-0.5
2.836,-0.5
2.838,-0.5
2.84,-0.5
2.842,-0.5
2.844,-0.5
2.846,-0.5
2.848,-0.5
2.85,-0.5
2.852,-0.5
2.854,-0.5
2.856,-0.5
2.858,-0.5
2.86,-0.5
2.862,-0.5
2.864,-0.5
2.866,-0.5
2.868,-0.5
2.87,-0.5
2.872,-0.5
2.874,-0.5
2.876,-0.5
2.878,-0.5
2.88,-0.5
2.882,-0.5
2.884,-0.5
2.886,-0.5
2.888,-0.5
2.89,-0.5
2.892,-0.5
2.894,-0.5
2.896,-0.5
2.898,-0.5
2.9,-0.5
2.902,-0.5
2.904,-0.5
2.906,-0.5
2.908,-0.5
2.91,-0.5
2.912,-0.5
2.914,-0.5
2.916,-0.5
2.918,-0.5
2.92,-0.5
2.922,-0.5
2.924,-0.5
2.926,-0.5
2.928,-0.5
2.93,-0.5
2.932,-0.5
2.934,-0.5
2.936,-0.5
2.938,-0.5
2.94,-0.5
2.942,-0.5
2.944,-0.5
2.946,-0.5
2.948,-0.5
2.95,-0.5
2.952,-0.5
2.954,-0.5
2.956,-0.5
2.958,-0.5
2.96,-0.5
2.962,-0.5
2.964,-0.5
2.966,-0.5
2.968,-0.5
2.97,-0.5
2.972,-0.5
2.974,-0.5
2.976,-0.5
2.978,-0.5
2.98,-0.5
2.982,-0.5
2.984,-0.5
2.986,-0.5
2.988,-0.5
2.99,-0.5
2.992,-0.5
2.994,-0.5
2.996,-0.5
2.998,-0.5
3,-0.5
3.002,-0.5
3.004,-0.5
3.006,-0.5
3.008,-0.5
3.01,-0.5
3.012,-0.5
3.014,-0.5
3.016,-0.5
3.018,-0.5
3.02,-0.5
3.022,-0.5
3.024,-0.5
3.026,-0.5
3.028,-0.5
3.03,-0.5
3.032,-0.5
3.034,-0.5
3.036,-0.5
3.038,-0.5
3.04,-0.5
3.042,-0.5
3.044,-0.5
3.046,-0.5
3.048,-0.5
3.05,-0.5
3.052,-0.5
3.054,-0.5
3.056,-0.5
3.058,-0.5
3.06,-0.5
3.062,-0.5
3.064,-0.5
3.066,-0.5
3.068,-0.5
3.07,-0.5
3.072,-0.5
3.074,-0.5
3.076,-0.5
3.078,-0.5
3.08,-0.5
3.082,-0.5
3.084,-0.5
3.086,-0.5
3.088,-0.5
3.09,-0.5
3.092,-0.5
3.094,-0.5
3.096,-0.5
3.098,-0.5
3.1,-0.5
3.102,-0.5
3.104,-0.5
3.106,-0.5
3.108,-0.5
3.11,-0.5
3.112,-0.5
3.114,-0.5
3.116,-0.5
3.118,-0.5
3.12,-0.5
3.122,-0.5
3.124,-0.5
3.126,-0.5
3.128,-0.5
3.13,-0.5
3.132,-0.5
3.134,-0.5
3.136,-0.5
3.138,-0.5
3.14,-0.5
3.142,-0.5
3.144,-0.5
3.146,-0.5
3.148,-0.5
3.15,-0.5
3.152,-0.5
3.154,-0.5
3.156,-0.5
3.158,-0.5
3.16,-0.5
3.162,-0.5
3.164,-0.5
3.166,-0.5
3.168,-0.5
3.17,-0.5
3.172,-0.5
3.174,-0.5
3.176,-0.5
3.178,-0.5
3.18,-0.5
3.182,-0.5
3.184,-0.5
3.186,-0.5
3.188,-0.5
3.19,-0.5
3.192,-0.5
3.194,-0.5
3.196,-0.5
3.198,-0.5
3.2,-0.5
3.202,-0.5
3.204,-0.5
3.206,-0.5
3.208,-0.5
3.21,-0.5
3.212,-0.5
3.214,-0.5
3.216,-0.5
3.218,-0.5
3.22,-0.5
3.222,-0.5
3.224,-0.5
3.226,-0.5
3.228,-0.5
3.23,-0.5
3.232,-0.5
3.234,-0.5
3.236,-0.5
3.238,-0.5
3.24,-0.5
3.242,-0.5
3.244,-0.5
3.246,-0.5
3.248,-0.5
3.25,-0.5
3.252,-0.5
3.254,-0.5
3.256,-0.5
3.258,-0.5
3.26,-0.5
3.262,-0.5
3.264,-0.5
3.266,-0.5
3.268,-0.5
3.27,-0.5
3.272,-0.5
3.274,-0.5
3.276,-0.5
3.278,-0.5
3.28,-0.5
3.282,-0.5
3.284,-0.5
3.286,-0.5
3.288,-0.5
3.29,-0.5
3.292,-0.5
3.294,-0.5
3.296,-0.5
3.298,-0.5
3.3,-0.5
3.302,-0.5
3.304,-0.5
3.306,-0.5
3.308,-0.5
3.31,-0.5
3.312,-0.5
3.314,-0.5
3.316,-0.5
3.318,-0.5
3.32,-0.5
3.322,-0.5
3.324,-0.5
3.326,-0.5
3.328,-0.5
3.33,-0.5
3.332,-0.5
3.334,-0.5
3.336,-0.5
3.338,-0.5
3.34,-0.5
3.342,-0.5
3.344,-0.5
3.346,-0.5
3.348,-0.5
3.35,-0.5
3.352,-0.5
3.354,-0.5
3.356,-0.5
3.358,-0.5
3.36,-0.5
3.362,-0.5
3.364,-0.5
3.366,-0.5
3.368,-0.5
3.37,-0.5
3.372,-0.5
3.374,-0.5
3.376,-0.5
3.378,-0.5
3.38,-0.5
3.382,-0.5
3.384,-0.5
3.386,-0.5
3.388,-0.5
3.39,-0.5
3.392,-0.5
3.394,-0.5
3.396,-0.5
3.398,-0.5
3.4,-0.5
3.402,-0.5
3.404,-0.5
3.406,-0.5
3.408,-0.5
3.41,-0.5
3.412,-0.5
3.414,-0.5
3.416,-0.5
3.418,-0.5
3.42,-0.5
3.422,-0.5
3.424,-0.5
3.426,-0.5
3.428,-0.5
3.43,-0.5
3.432,-0.5
3.434,-0.5
3.436,-0.5
3.438,-0.5
3.44,-0.5
3.442,-0.5
3.444,-0.5
3.446,-0.5
3.448,-0.5
3.45,-0.5
3.452,-0.5
3.454,-0.5
3.456,-0.5
3.458,-0.5
3.46,-0.5
3.462,-0.5
3.464,-0.5
3.466,-0.5
3.468,-0.5
3.47,-0.5
3.472,-0.5
3.474,-0.5
3.476,-0.5
3.478,-0.5
3.48,-0.5
3.482,-0.5
3.484,-0.5
3.486,-0.5
3.488,-0.5
3.49,-0.5
3.492,-0.5
3.494,-0.5
3.496,-0.5
3.498,-0.5
3.5,-0.5
3.502,-0.5
3.504,-0.5
3.506,-0.5
3.508,-0.5
3.51,-0.5
3.512,-0.5
3.514,-0.5
3.516,-0.5
3.518,-0.5
3.52,-0.5
3.522,-0.5
3.524,-0.5
3.526,-0.5
3.528,-0.5
3.53,-0.5
3.532,-0.5
3.534,-0.5
3.536,-0.5
3.538,-0.5
3.54,-0.5
3.542,-0.5
3.544,-0.5
3.546,-0.5
3.548,-0.5
3.55,-0.5
3.552,-0.5
3.554,-0.5
3.556,-0.5
3.558,-0.5
3.56,-0.5
3.562,-0.5
3.564,-0.5
3.566,-0.5
3.568,-0.5
3.57,-0.5
3.572,-0.5
3.574,-0.5
3.576,-0.5
3.578,-0.5
3.58,-0.5
3.582,-0.5
3.584,-0.5
3.586,-0.5
3.588,-0.5
3.59,-0.5
3.592,-0.5
3.594,-0.5
3.596,-0.5
3.598,-0.5
3.6,-0.5
3.602,-0.5
3.604,-0.5
3.606,-0.5
3.608,-0.5
3.61,-0.5
3.612,-0.5
3.614,-0.5
3.616,-0.5
3.618,-0.5
3.62,-0.5
3.622,-0.5
3.624,-0.5
3.626,-0.5
3.628,-0.5
3.63,-0.5
3.632,-0.5
3.634,-0.5
3.636,-0.5
3.638,-0.5
3.64,-0.5
3.642,-0.5
3.644,-0.5
3.646,-0.5
3.648,-0.5
3.65,-0.5
3.652,-0.5
3.654,-0.5
3.656,-0.5
3.658,-0.5
3.66,-0.5
3.662,-0.5
3.664,-0.5
3.666,-0.5
3.668,-0.5
3.67,-0.5
3.672,-0.5
3.674,-0.5
3.676,-0.5
3.678,-0.5
3.68,-0.5
3.682,-0.5
3.684,-0.5
3.686,-0.5
3.688,-0.5
3.69,-0.5
3.692,-0.5
3.694,-0.5
3.696,-0.5
3.698,-0.5
3.7,-0.5
3.702,-0.5
3.704,-0.5
3.706,-0.5
3.708,-0.5
3.71,-0.5
3.712,-0.5
3.714,-0.5
3.716,-0.5
3.718,-0.5
3.72,-0.5
3.722,-0.5
3.724,-0.5
3.726,-0.5
3.728,-0.5
3.73,-0.5
3.732,-0.5
3.734,-0.5
3.736,-0.5
3.738,-0.5
3.74,-0.5
3.742,-0.5
3.744,-0.5
3.746,-0.5
3.748,-0.5
3.75,-0.5
3.752,-0.5
3.754,-0.5
3.756,-0.5
3.758,-0.5
3.76,-0.5
3.762,-0.5
3.764,-0.5
3.766,-0.5
3.768,-0.5
3.77,-0.5
3.772,-0.5
3.774,-0.5
3.776,-0.5
3.778,-0.5
3.78,-0.5
3.782,-0.5
3.784,-0.5
3.786,-0.5
3.788,-0.5
3.79,-0.5
3.792,-0.5
3.794,-0.5
3.796,-0.5
3.798,-0.5
3.8,-0.5
3.802,-0.5
3.804,-0.5
3.806,-0.5
3.808,-0.5
3.81,-0.5
3.812,-0.5
3.814,-0.5
3.816,-0.5
3.818,-0.5
3.82,-0.5
3.822,-0.5
3.824,-0.5
3.826,-0.5
3.828,-0.5
3.83,-0.5
3.832,-0.5
3.834,-0.5
3.836,-0.5
3.838,-0.5
3.84,-0.5
3.842,-0.5
3.844,-0.5
3.846,-0.5
3.848,-0.5
3.85,-0.5
3.852,-0.5
3.854,-0.5
3.856,-0.5
3.858,-0.5
3.86,-0.5
3.862,-0.5
3.864,-0.5
3.866,-0.5
3.868,-0.5
3.87,-0.5
3.872,-0.5
3.874,-0.5
3.876,-0.5
3.878,-0.5
3.88,-0.5
3.882,-0.5
3.884,-0.5
3.886,-0.5
3.888,-0.5
3.89,-0.5
3.892,-0.5
3.894,-0.5
3.896,-0.5
3.898,-0.5
3.9,-0.5
3.902,-0.5
3.904,-0.5
3.906,-0.5
3.908,-0.5
3.91,-0.5
3.912,-0.5
3.914,-0.5
3.916,-0.5
3.918,-0.5
3.92,-0.5
3.922,-0.5
3.924,-0.5
3.926,-0.5
3.928,-0.5
3.93,-0.5
3.932,-0.5
3.934,-0.5
3.936,-0.5
3.938,-0.5
3.94,-0.5
3.942,-0.5
3.944,-0.5
3.946,-0.5
3.948,-0.5
3.95,-0.5
3.952,-0.5
3.954,-0.5
3.956,-0.5
3.958,-0.5
3.96,-0.5
3.962,-0.5
3.964,-0.5
3.966,-0.5
3.968,-0.5
3.97,-0.5
3.972,-0.5
3.974,-0.5
3.976,-0.5
3.978,-0.5
3.98,-0.5
3.982,-0.5
3.984,-0.5
3.986,-0.5
3.988,-0.5
3.99,-0.5
3.992,-0.5
3.994,-0.5
3.996,-0.5
3.998,-0.5
4,1
4.002,1
4.004,1
4.006,1
4.008,1
4.01,1
4.012,1
4.014,1
4.016,1
4.018,1
4.02,1
4.022,1
4.024,1
4.026,1
4.028,1
4.03,1
4.032,1
4.034,1
4.036,1
4.038,1
4.04,1
4.042,1
4.044,1
4.046,1
4.048,1
4.05,1
4.052,1
4.054,1
4.056,1
4.058,1
4.06,1
4.062,1
4.064,1
4.066,1
4.068,1
4.07,1
4.072,1
4.074,1
4.076,1
4.078,1
4.08,1
4.082,1
4.084,1
4.086,1
4.088,1
4.09,1
4.092,1
4.094,1
4.096,1
4.098,1
4.1,1
4.102,1
4.104,1
4.106,1
4.108,1
4.11,1
4.112,1
4.114,1
4.116,1
4.118,1
4.12,1
4.122,1
4.124,1
4.126,1
4.128,1
4.13,1
4.132,1
4.134,1
4.136,1
4.138,1
4.14,1
4.142,1
4.144,1
4.146,1
4.148,1
4.15,1
4.152,1
4.154,1
4.156,1
4.158,1
4.16,1
4.162,1
4.164,1
4.166,1
4.168,1
4.17,1
4.172,1
4.174,1
4.176,1
4.178,1
4.18,1
4.182,1
4.184,1
4.186,1
4.188,1
4.19,1
4.192,1
4.194,1
4.196,1
4.198,1
4.2,1
4.202,1
4.204,1
4.206,1
4.208,1
4.21,1
4.212,1
4.214,1
4.216,1
4.218,1
4.22,1
4.222,1
4.224,1
4.226,1
4.228,1
4.23,1
4.232,1
4.234,1
4.236,1
4.238,1
4.24,1
4.242,1
4.244,1
4.246,1
4.248,1
4.25,1
4.252,1
4.254,1
4.256,1
4.258,1
4.26,1
4.262,1
4.264,1
4.266,1
4.268,1
4.27,1
4.272,1
4.274,1
4.276,1
4.278,1
4.28,1
4.282,1
4.284,1
4.286,1
4.288,1
4.29,1
4.292,1
4.294,1
4.296,1
4.298,1
4.3,1
4.302,1
4.304,1
4.306,1
4.308,1
4.31,1
4.312,1
4.314,1
4.316,1
4.318,1
4.32,1
4.322,1
4.324,1
4.326,1
4.328,1
4.33,1
4.332,1
4.334,1
4.336,1
4.338,1
4.34,1
4.342,1
4.344,1
4.346,1
4.348,1
4.35,1
4.352,1
4.354,1
4.356,1
4.358,1
4.36,1
4.362,1
4.364,1
4.366,1
4.368,1
4.37,1
4.372,1
4.374,1
4.376,1
4.378,1
4.38,1
4.382,1
4.384,1
4.386,1
4.388,1
4.39,1
4.392,1
4.394,1
4.396,1
4.398,1
4.4,1
4.402,1
4.404,1
4.406,1
4.408,1
4.41,1
4.412,1
4.414,1
4.416,1
4.418,1
4.42,1
4.422,1
4.424,1
4.426,1
4.428,1
4.43,1
4.432,1
4.434,1
4.436,1
4.438,1
4.44,1
4.442,1
4.444,1
4.446,1
4.448,1
4.45,1
4.452,1
4.454,1
4.456,1
4.458,1
4.46,1
4.462,1
4.464,1
4.466,1
4.468,1
4.47,1
4.472,1
4.474,1
4.476,1
4.478,1
4.48,1
4.482,1
4.484,1
4.486,1
4.488,1
4.49,1
4.492,1
4.494,1
4.496,1
4.498,1
4.5,1
4.502,1
4.504,1
4.506,1
4.508,1
4.51,1
4.512,1
4.514,1
4.516,1
4.518,1
4.52,1
4.522,1
4.524,1
4.526,1
4.528,1
4.53,1
4.532,1
4.534,1
4.536,1
4.538,1
4.54,1
4.542,1
4.544,1
4.546,1
4.548,1
4.55,1
4.552,1
4.554,1
4.556,1
4.558,1
4.56,1
4.562,1
4.564,1
4.566,1
4.568,1
4.57,1
4.572,1
4.574,1
4.576,1
4.578,1
4.58,1
4.582,1
4.584,1
4.586,1
4.588,1
4.59,1
4.592,1
4.594,1
4.596,1
4.598,1
4.6,1
4.602,1
4.604,1
4.606,1
4.608,1
4.61,1
4.612,1
4.614,1
4.616,1
4.618,1
4.62,1
4.622,1
4.624,1
4.626,1
4.628,1
4.63,1
4.632,1
4.634,1
4.636,1
4.638,1
4.64,1
4.642,1
4.644,1
4.646,1
4.648,1
4.65,1
4.652,1
4.654,1
4.656,1
4.658,1
4.66,1
4.662,1
4.664,1
4.666,1
4.668,1
4.67,1
4.672,1
4.674,1
4.676,1
4.678,1
4.68,1
4.682,1
4.684,1
4.686,1
4.688,1
4.69,1
4.692,1
4.694,1
4.696,1
4.698,1
4.7,1
4.702,1
4.704,1
4.706,1
4.708,1
4.71,1
4.712,1
4.714,1
4.716,1
4.718,1
4.72,1
4.722,1
4.724,1
4.726,1
4.728,1
4.73,1
4.732,1
4.734,1
4.736,1
4.738,1
4.74,1
4.742,1
4.744,1
4.746,1
4.748,1
4.75,1
4.752,1
4.754,1
4.756,1
4.758,1
4.76,1
4.762,1
4.764,1
4.766,1
4.768,1
4.77,1
4.772,1
4.774,1
4.776,1
4.778,1
4.78,1
4.782,1
4.784,1
4.786,1
4.788,1
4.79,1
4.792,1
4.794,1
4.796,1
4.798,1
4.8,1
4.802,1
4.804,1
4.806,1
4.808,1
4.81,1
4.812,1
4.814,1
4.816,1
4.818,1
4.82,1
4.822,1
4.824,1
4.826,1
4.828,1
4.83,1
4.832,1
4.834,1
4.836,1
4.838,1
4.84,1
4.842,1
4.844,1
4.846,1
4.848,1
4.85,1
4.852,1
4.854,1
4.856,1
4.858,1
4.86,1
4.862,1
4.864,1
4.866,1
4.868,1
4.87,1
4.872,1
4.874,1
4.876,1
4.878,1
4.88,1
4.882,1
4.884,1
4.886,1
4.888,1
4.89,1
4.892,1
4.894,1
4.896,1
4.898,1
4.9,1
4.902,1
4.904,1
4.906,1
4.908,1
4.91,1
4.912,1
4.914,1
4.916,1
4.918,1
4.92,1
4.922,1
4.924,1
4.926,1
4.928,1
4.93,1
4.932,1
4.934,1
4.936,1
4.938,1
4.94,1
4.942,1
4.944,1
4.946,1
4.948,1
4.95,1
4.952,1
4.954,1
4.956,1
4.958,1
4.96,1
4.962,1
4.964,1
4.966,1
4.968,1
4.97,1
4.972,1
4.974,1
4.976,1
4.978,1
4.98,1
4.982,1
4.984,1
4.986,1
4.988,1
4.99,1
4.992,1
4.994,1
4.996,1
4.998,1
5,1
5.002,1
5.004,1
5.006,1
5.008,1
5.01,1
5.012,1
5.014,1
5.016,1
5.018,1
5.02,1
5.022,1
5.024,1
5.026,1
5.028,1
5.03,1
5.032,1
5.034,1
5.036,1
5.038,1
5.04,1
5.042,1
5.044,1
5.046,1
5.048,1
5.05,1
5.052,1
5.054,1
5.056,1
5.058,1
5.06,1
5.062,1
5.064,1
5.066,1
5.068,1
5.07,1
5.072,1
5.074,1
5.076,1
5.078,1
5.08,1
5.082,1
5.084,1
5.086,1
5.088,1
5.09,1
5.092,1
5.094,1
5.096,1
5.098,1
5.1,1
5.102,1
5.104,1
5.106,1
5.108,1
5.11,1
5.112,1
5.114,1
5.116,1
5.118,1
5.12,1
5.122,1
5.124,1
5.126,1
5.128,1
5.13,1
5.132,1
5.134,1
5.136,1
5.138,1
5.14,1
5.142,1
5.144,1
5.146,1
5.148,1
5.15,1
5.152,1
5.154,1
5.156,1
5.158,1
5.16,1
5.162,1
5.164,1
5.166,1
5.168,1
5.17,1
5.172,1
5.174,1
5.176,1
5.178,1
5.18,1
5.182,1
5.184,1
5.186,1
5.188,1
5.19,1
5.192,1
5.194,1
5.196,1
5.198,1
5.2,1
5.202,1
5.204,1
5.206,1
5.208,1
5.21,1
5.212,1
5.214,1
5.216,1
5.218,1
5.22,1
5.222,1
5.224,1
5.226,1
5.228,1
5.23,1
5.232,1
5.234,1
5.236,1
5.238,1
5.24,1
5.242,1
5.244,1
5.246,1
5.248,1
5.25,1
5.252,1
5.254,1
5.256,1
5.258,1
5.26,1
5.262,1
5.264,1
5.266,1
5.268,1
5.27,1
5.272,1
5.274,1
5.276,1
5.278,1
5.28,1
5.282,1
5.284,1
5.286,1
5.288,1
5.29,1
5.292,1
5.294,1
5.296,1
5.298,1
5.3,1
5.302,1
5.304,1
5.306,1
5.308,1
5.31,1
5.312,1
5.314,1
5.316,1
5.318,1
5.32,1
5.322,1
5.324,1
5.326,1
5.328,1
5.33,1
5.332,1
5.334,1
5.336,1
5.338,1
5.34,1
5.342,1
5.344,1
5.346,1
5.348,1
5.35,1
5.352,1
5.354,1
5.356,1
5.358,1
5.36,1
5.362,1
5.364,1
5.366,1
5.368,1
5.37,1
5.372,1
5.374,1
5.376,1
5.378,1
5.38,1
5.382,1
5.384,1
5.386,1
5.388,1
5.39,1
5.392,1
5.394,1
5.396,1
5.398,1
5.4,1
5.402,1
5.404,1
5.406,1
5.408,1
5.41,1
5.412,1
5.414,1
5.416,1
5.418,1
5.42,1
5.422,1
5.424,1
5.426,1
5.428,1
5.43,1
5.432,1
5.434,1
5.436,1
5.438,1
5.44,1
5.442,1
5.444,1
5.446,1
5.448,1
5.45,1
5.452,1
5.454,1
5.456,1
5.458,1
5.46,1
5.462,1
5.464,1
5.466,1
5.468,1
5.47,1
5.472,1
5.474,1
5.476,1
5.478,1
5.48,1
5.482,1
5.484,1
5.486,1
5.488,1
5.49,1
5.492,1
5.494,1
5.496,1
5.498,1
5.5,-1
5.502,-1
5.504,-1
5.506,-1
5.508,-1
5.51,-1
5.512,-1
5.514,-1
5.516,-1
5.518,-1
5.52,-1
5.522,-1
5.524,-1
5.526,-1
5.528,-1
5.53,-1
5.532,-1
5.534,-1
5.536,-1
5.538,-1
5.54,-1
5.542,-1
5.544,-1
5.546,-1
5.548,-1
5.55,-1
5.552,-1
5.554,-1
5.556,-1
5.558,-1
5.56,-1
5.562,-1
5.564,-1
5.566,-1
5.568,-1
5.57,-1
5.572,-1
5.574,-1
5.576,-1
5.578,-1
5.58,-1
5.582,-1
5.584,-1
5.586,-1
5.588,-1
5.59,-1
5.592,-1
5.594,-1
5.596,-1
5.598,-1
5.6,-1
5.602,-1
5.604,-1
5.606,-1
5.608,-1
5.61,-1
5.612,-1
5.614,-1
5.616,-1
5.618,-1
5.62,-1
5.622,-1
5.624,-1
5.626,-1
5.628,-1
5.63,-1
5.632,-1
5.634,-1
5.636,-1
5.638,-1
5.64,-1
5.642,-1
5.644,-1
5.646,-1
5.648,-1
5.65,-1
5.652,-1
5.654,-1
5.656,-1
5.658,-1
5.66,-1
5.662,-1
5.664,-1
5.666,-1
5.668,-1
5.67,-1
5.672,-1
5.674,-1
5.676,-1
5.678,-1
5.68,-1
5.682,-1
5.684,-1
5.686,-1
5.688,-1
5.69,-1
5.692,-1
5.694,-1
5.696,-1
5.698,-1
5.7,-1
5.702,-1
5.704,-1
5.706,-1
5.708,-1
5.71,-1
5.712,-1
5.714,-1
5.716,-1
5.718,-1
5.72,-1
5.722,-1
5.724,-1
5.726,-1
5.728,-1
5.73,-1
5.732,-1
5.734,-1
5.736,-1
5.738,-1
5.74,-1
5.742,-1
5.744,-1
5.746,-1
5.748,-1
5.75,-1
5.752,-1
5.754,-1
5.756,-1
5.758,-1
5.76,-1
5.762,-1
5.764,-1
5.766,-1
5.768,-1
5.77,-1
5.772,-1
5.774,-1
5.776,-1
5.778,-1
5.78,-1
5.782,-1
5.784,-1
5.786,-1
5.788,-1
5.79,-1
5.792,-1
5.794,-1
5.796,-1
5.798,-1
5.8,-1
5.802,-1
5.804,-1
5.806,-1
5.808,-1
5.81,-1
5.812,-1
5.814,-1
5.816,-1
5.818,-1
5.82,-1
5.822,-1
5.824,-1
5.826,-1
5.828,-1
5.83,-1
5.832,-1
5.834,-1
5.836,-1
5.838,-1
5.84,-1
5.842,-1
5.844,-1
5.846,-1
5.848,-1
5.85,-1
5.852,-1
5.854,-1
5.856,-1
5.858,-1
5.86,-1
5.862,-1
5.864,-1
5.866,-1
5.868,-1
5.87,-1
5.872,-1
5.874,-1
5.876,-1
5.878,-1
5.88,-1
5.882,-1
5.884,-1
5.886,-1
5.888,-1
5.89,-1
5.892,-1
5.894,-1
5.896,-1
5.898,-1
5.9,-1
5.902,-1
5.904,-1
5.906,-1
5.908,-1
5.91,-1
5.912,-1
5.914,-1
5.916,-1
5.918,-1
5.92,-1
5.922,-1
5.924,-1
5.926,-1
5.928,-1
5.93,-1
5.932,-1
5.934,-1
5.936,-1
5.938,-1
5.94,-1
5.942,-1
5.944,-1
5.946,-1
5.948,-1
5.95,-1
5.952,-1
5.954,-1
5.956,-1
5.958,-1
5.96,-1
5.962,-1
5.964,-1
5.966,-1
5.968,-1
5.97,-1
5.972,-1
5.974,-1
5.976,-1
5.978,-1
5.98,-1
5.982,-1
5.984,-1
5.986,-1
5.988,-1
5.99,-1
5.992,-1
5.994,-1
5.996,-1
5.998,-1
6,-1
6.002,-1
6.004,-1
6.006,-1
6.008,-1
6.01,-1
6.012,-1
6.014,-1
6.016,-1
6.018,-1
6.02,-1
6.022,-1
6.024,-1
6.026,-1
6.028,-1
6.03,-1
6.032,-1
6.034,-1
6.036,-1
6.038,-1
6.04,-1
6.042,-1
6.044,-1
6.046,-1
6.048,-1
6.05,-1
6.052,-1
6.054,-1
6.056,-1
6.058,-1
6.06,-1
6.062,-1
6.064,-1
6.066,-1
6.068,-1
6.07,-1
6.072,-1
6.074,-1
6.076,-1
6.078,-1
6.08,-1
6.082,-1
6.084,-1
6.086,-1
6.088,-1
6.09,-1
6.092,-1
6.094,-1
6.096,-1
6.098,-1
6.1,-1
6.102,-1
6.104,-1
6.106,-1
6.108,-1
6.11,-1
6.112,-1
6.114,-1
6.116,-1
6.118,-1
6.12,-1
6.122,-1
6.124,-1
6.126,-1
6.128,-1
6.13,-1
6.132,-1
6.134,-1
6.136,-1
6.138,-1
6.14,-1
6.142,-1
6.144,-1
6.146,-1
6.148,-1
6.15,-1
6.152,-1
6.154,-1
6.156,-1
6.158,-1
6.16,-1
6.162,-1
6.164,-1
6.166,-1
6.168,-1
6.17,-1
6.172,-1
6.174,-1
6.176,-1
6.178,-1
6.18,-1
6.182,-1
6.184,-1
6.186,-1
6.188,-1
6.19,-1
6.192,-1
6.194,-1
6.196,-1
6.198,-1
6.2,-1
6.202,-1
6.204,-1
6.206,-1
6.208,-1
6.21,-1
6.212,-1
6.214,-1
6.216,-1
6.218,-1
6.22,-1
6.222,-1
6.224,-1
6.226,-1
6.228,-1
6.23,-1
6.232,-1
6.234,-1
6.236,-1
6.238,-1
6.24,-1
6.242,-1
6.244,-1
6.246,-1
6.248,-1
6.25,-1
6.252,-1
6.254,-1
6.256,-1
6.258,-1
6.26,-1
6.262,-1
6.264,-1
6.266,-1
6.268,-1
6.27,-1
6.272,-1
6.274,-1
6.276,-1
6.278,-1
6.28,-1
6.282,-1
6.284,-1
6.286,-1
6.288,-1
6.29,-1
6.292,-1
6.294,-1
6.296,-1
6.298,-1
6.3,-1
6.302,-1
6.304,-1
6.306,-1
6.308,-1
6.31,-1
6.312,-1
6.314,-1
6.316,-1
6.318,-1
6.32,-1
6.322,-1
6.324,-1
6.326,-1
6.328,-1
6.33,-1
6.332,-1
6.334,-1
6.336,-1
6.338,-1
6.34,-1
6.342,-1
6.344,-1
6.346,-1
6.348,-1
6.35,-1
6.352,-1
6.354,-1
6.356,-1
6.358,-1
6.36,-1
6.362,-1
6.364,-1
6.366,-1
6.368,-1
6.37,-1
6.372,-1
6.374,-1
6.376,-1
6.378,-1
6.38,-1
6.382,-1
6.384,-1
6.386,-1
6.388,-1
6.39,-1
6.392,-1
6.394,-1
6.396,-1
6.398,-1
6.4,-1
6.402,-1
6.404,-1
6.406,-1
6.408,-1
6.41,-1
6.412,-1
6.414,-1
6.416,-1
6.418,-1
6.42,-1
6.422,-1
6.424,-1
6.426,-1
6.428,-1
6.43,-1
6.432,-1
6.434,-1
6.436,-1
6.438,-1
6.44,-1
6.442,-1
6.444,-1
6.446,-1
6.448,-1
6.45,-1
6.452,-1
6.454,-1
6.456,-1
6.458,-1
6.46,-1
6.462,-1
6.464,-1
6.466,-1
6.468,-1
6.47,-1
6.472,-1
6.474,-1
6.476,-1
6.478,-1
6.48,-1
6.482,-1
6.484,-1
6.486,-1
6.488,-1
6.49,-1
6.492,-1
6.494,-1
6.496,-1
6.498,-1
6.5,-1
6.502,-1
6.504,-1
6.506,-1
6.508,-1
6.51,-1
6.512,-1
6.514,-1
6.516,-1
6.518,-1
6.52,-1
6.522,-1
6.524,-1
6.526,-1
6.528,-1
6.53,-1
6.532,-1
6.534,-1
6.536,-1
6.538,-1
6.54,-1
6.542,-1
6.544,-1
6.546,-1
6.548,-1
6.55,-1
6.552,-1
6.554,-1
6.556,-1
6.558,-1
6.56,-1
6.562,-1
6.564,-1
6.566,-1
6.568,-1
6.57,-1
6.572,-1
6.574,-1
6.576,-1
6.578,-1
6.58,-1
6.582,-1
6.584,-1
6.586,-1
6.588,-1
6.59,-1
6.592,-1
6.594,-1
6.596,-1
6.598,-1
6.6,-1
6.602,-1
6.604,-1
6.606,-1
6.608,-1
6.61,-1
6.612,-1
6.614,-1
6.616,-1
6.618,-1
6.62,-1
6.622,-1
6.624,-1
6.626,-1
6.628,-1
6.63,-1
6.632,-1
6.634,-1
6.636,-1
6.638,-1
6.64,-1
6.642,-1
6.644,-1
6.646,-1
6.648,-1
6.65,-1
6.652,-1
6.654,-1
6.656,-1
6.658,-1
6.66,-1
6.662,-1
6.664,-1
6.666,-1
6.668,-1
6.67,-1
6.672,-1
6.674,-1
6.676,-1
6.678,-1
6.68,-1
6.682,-1
6.684,-1
6.686,-1
6.688,-1
6.69,-1
6.692,-1
6.694,-1
6.696,-1
6.698,-1
6.7,-1
6.702,-1
6.704,-1
6.706,-1
6.708,-1
6.71,-1
6.712,-1
6.714,-1
6.716,-1
6.718,-1
6.72,-1
6.722,-1
6.724,-1
6.726,-1
6.728,-1
6.73,-1
6.732,-1
6.734,-1
6.736,-1
6.738,-1
6.74,-1
6.742,-1
6.744,-1
6.746,-1
6.748,-1
6.75,-1
6.752,-1
6.754,-1
6.756,-1
6.758,-1
6.76,-1
6.762,-1
6.764,-1
6.766,-1
6.768,-1
6.77,-1
6.772,-1
6.774,-1
6.776,-1
6.778,-1
6.78,-1
6.782,-1
6.784,-1
6.786,-1
6.788,-1
6.79,-1
6.792,-1
6.794,-1
6.796,-1
6.798,-1
6.8,-1
6.802,-1
6.804,-1
6.806,-1
6.808,-1
6.81,-1
6.812,-1
6.814,-1
6.816,-1
6.818,-1
6.82,-1
6.822,-1
6.824,-1
6.826,-1
6.828,-1
6.83,-1
6.832,-1
6.834,-1
6.836,-1
6.838,-1
6.84,-1
6.842,-1
6.844,-1
6.846,-1
6.848,-1
6.85,-1
6.852,-1
6.854,-1
6.856,-1
6.858,-1
6.86,-1
6.862,-1
6.864,-1
6.866,-1
6.868,-1
6.87,-1
6.872,-1
6.874,-1
6.876,-1
6.878,-1
6.88,-1
6.882,-1
6.884,-1
6.886,-1
6.888,-1
6.89,-1
6.892,-1
6.894,-1
6.896,-1
6.898,-1
6.9,-1
6.902,-1
6.904,-1
6.906,-1
6.908,-1
6.91,-1
6.912,-1
6.914,-1
6.916,-1
6.918,-1
6.92,-1
6.922,-1
6.924,-1
6.926,-1
6.928,-1
6.93,-1
6.932,-1
6.934,-1
6.936,-1
6.938,-1
6.94,-1
6.942,-1
6.944,-1
6.946,-1
6.948,-1
6.95,-1
6.952,-1
6.954,-1
6.956,-1
6.958,-1
6.96,-1
6.962,-1
6.964,-1
6.966,-1
6.968,-1
6.97,-1
6.972,-1
6.974,-1
6.976,-1
6.978,-1
6.98,-1
6.982,-1
6.984,-1
6.986,-1
6.988,-1
6.99,-1
6.992,-1
6.994,-1
6.996,-1
6.998,-1
7,1.5
7.002,1.5
7.004,1.5
7.006,1.5
7.008,1.5
7.01,1.5
7.012,1.5
7.014,1.5
7.016,1.5
7.018,1.5
7.02,1.5
7.022,1.5
7.024,1.5
7.026,1.5
7.028,1.5
7.03,1.5
7.032,1.5
7.034,1.5
7.036,1.5
7.038,1.5
7.04,1.5
7.042,1.5
7.044,1.5
7.046,1.5
7.048,1.5
7.05,1.5
7.052,1.5
7.054,1.5
7.056,1.5
7.058,1.5
7.06,1.5
7.062,1.5
7.064,1.5
7.066,1.5
7.068,1.5
7.07,1.5
7.072,1.5
7.074,1.5
7.076,1.5
7.078,1.5
7.08,1.5
7.082,1.5
7.084,1.5
7.086,1.5
7.088,1.5
7.09,1.5
7.092,1.5
7.094,1.5
7.096,1.5
7.098,1.5
7.1,1.5
7.102,1.5
7.104,1.5
7.106,1.5
7.108,1.5
7.11,1.5
7.112,1.5
7.114,1.5
7.116,1.5
7.118,1.5
7.12,1.5
7.122,1.5
7.124,1.5
7.126,1.5
7.128,1.5
7.13,1.5
7.132,1.5
7.134,1.5
7.136,1.5
7.138,1.5
7.14,1.5
7.142,1.5
7.144,1.5
7.146,1.5
7.148,1.5
7.15,1.5
7.152,1.5
7.154,1.5
7.156,1.5
7.158,1.5
7.16,1.5
7.162,1.5
7.164,1.5
7.166,1.5
7.168,1.5
7.17,1.5
7.172,1.5
7.174,1.5
7.176,1.5
7.178,1.5
7.18,1.5
7.182,1.5
7.184,1.5
7.186,1.5
7.188,1.5
7.19,1.5
7.192,1.5
7.194,1.5
7.196,1.5
7.198,1.5
7.2,1.5
7.202,1.5
7.204,1.5
7.206,1.5
7.208,1.5
7.21,1.5
7.212,1.5
7.214,1.5
7.216,1.5
7.218,1.5
7.22,1.5
7.222,1.5
7.224,1.5
7.226,1.5
7.228,1.5
7.23,1.5
7.232,1.5
7.234,1.5
7.236,1.5
7.238,1.5
7.24,1.5
7.242,1.5
7.244,1.5
7.246,1.5
7.248,1.5
7.25,1.5
7.252,1.5
7.254,1.5
7.256,1.5
7.258,1.5
7.26,1.5
7.262,1.5
7.264,1.5
7.266,1.5
7.268,1.5
7.27,1.5
7.272,1.5
7.274,1.5
7.276,1.5
7.278,1.5
7.28,1.5
7.282,1.5
7.284,1.5
7.286,1.5
7.288,1.5
7.29,1.5
7.292,1.5
7.294,1.5
7.296,1.5
7.298,1.5
7.3,1.5
7.302,1.5
7.304,1.5
7.306,1.5
7.308,1.5
7.31,1.5
7.312,1.5
7.314,1.5
7.316,1.5
7.318,1.5
7.32,1.5
7.322,1.5
7.324,1.5
7.326,1.5
7.328,1.5
7.33,1.5
7.332,1.5
7.334,1.5
7.336,1.5
7.338,1.5
7.34,1.5
7.342,1.5
7.344,1.5
7.346,1.5
7.348,1.5
7.35,1.5
7.352,1.5
7.354,1.5
7.356,1.5
7.358,1.5
7.36,1.5
7.362,1.5
7.364,1.5
7.366,1.5
7.368,1.5
7.37,1.5
7.372,1.5
7.374,1.5
7.376,1.5
7.378,1.5
7.38,1.5
7.382,1.5
7.384,1.5
7.386,1.5
7.388,1.5
7.39,1.5
7.392,1.5
7.394,1.5
7.396,1.5
7.398,1.5
7.4,1.5
7.402,1.5
7.404,1.5
7.406,1.5
7.408,1.5
7.41,1.5
7.412,1.5
7.414,1.5
7.416,1.5
7.418,1.5
7.42,1.5
7.422,1.5
7.424,1.5
7.426,1.5
7.428,1.5
7.43,1.5
7.432,1.5
7.434,1.5
7.436,1.5
7.438,1.5
7.44,1.5
7.442,1.5
7.444,1.5
7.446,1.5
7.448,1.5
7.45,1.5
7.452,1.5
7.454,1.5
7.456,1.5
7.458,1.5
7.46,1.5
7.462,1.5
7.464,1.5
7.466,1.5
7.468,1.5
7.47,1.5
7.472,1.5
7.474,1.5
7.476,1.5
7.478,1.5
7.48,1.5
7.482,1.5
7.484,1.5
7.486,1.5
7.488,1.5
7.49,1.5
7.492,1.5
7.494,1.5
7.496,1.5
7.498,1.5
7.5,1.5
7.502,1.5
7.504,1.5
7.506,1.5
7.508,1.5
7.51,1.5
7.512,1.5
7.514,1.5
7.516,1.5
7.518,1.5
7.52,1.5
7.522,1.5
7.524,1.5
7.526,1.5
7.528,1.5
7.53,1.5
7.532,1.5
7.534,1.5
7.536,1.5
7.538,1.5
7.54,1.5
7.542,1.5
7.544,1.5
7.546,1.5
7.548,1.5
7.55,1.5
7.552,1.5
7.554,1.5
7.556,1.5
7.558,1.5
7.56,1.5
7.562,1.5
7.564,1.5
7.566,1.5
7.568,1.5
7.57,1.5
7.572,1.5
7.574,1.5
7.576,1.5
7.578,1.5
7.58,1.5
7.582,1.5
7.584,1.5
7.586,1.5
7.588,1.5
7.59,1.5
7.592,1.5
7.594,1.5
7.596,1.5
7.598,1.5
7.6,1.5
7.602,1.5
7.604,1.5
7.606,1.5
7.608,1.5
7.61,1.5
7.612,1.5
7.614,1.5
7.616,1.5
7.618,1.5
7.62,1.5
7.622,1.5
7.624,1.5
7.626,1.5
7.628,1.5
7.63,1.5
7.632,1.5
7.634,1.5
7.636,1.5
7.638,1.5
7.64,1.5
7.642,1.5
7.644,1.5
7.646,1.5
7.648,1.5
7.65,1.5
7.652,1.5
7.654,1.5
7.656,1.5
7.658,1.5
7.66,1.5
7.662,1.5
7.664,1.5
7.666,1.5
7.668,1.5
7.67,1.5
7.672,1.5
7.674,1.5
7.676,1.5
7.678,1.5
7.68,1.5
7.682,1.5
7.684,1.5
7.686,1.5
7.688,1.5
7.69,1.5
7.692,1.5
7.694,1.5
7.696,1.5
7.698,1.5
7.7,1.5
7.702,1.5
7.704,1.5
7.706,1.5
7.708,1.5
7.71,1.5
7.712,1.5
7.714,1.5
7.716,1.5
7.718,1.5
7.72,1.5
7.722,1.5
7.724,1.5
7.726,1.5
7.728,1.5
7.73,1.5
7.732,1.5
7.734,1.5
7.736,1.5
7.738,1.5
7.74,1.5
7.742,1.5
7.744,1.5
7.746,1.5
7.748,1.5
7.75,1.5
7.752,1.5
7.754,1.5
7.756,1.5
7.758,1.5
7.76,1.5
7.762,1.5
7.764,1.5
7.766,1.5
7.768,1.5
7.77,1.5
7.772,1.5
7.774,1.5
7.776,1.5
7.778,1.5
7.78,1.5
7.782,1.5
7.784,1.5
7.786,1.5
7.788,1.5
7.79,1.5
7.792,1.5
7.794,1.5
7.796,1.5
7.798,1.5
7.8,1.5
7.802,1.5
7.804,1.5
7.806,1.5
7.808,1.5
7.81,1.5
7.812,1.5
7.814,1.5
7.816,1.5
7.818,1.5
7.82,1.5
7.822,1.5
7.824,1.5
7.826,1.5
7.828,1.5
7.83,1.5
7.832,1.5
7.834,1.5
7.836,1.5
7.838,1.5
7.84,1.5
7.842,1.5
7.844,1.5
7.846,1.5
7.848,1.5
7.85,1.5
7.852,1.5
7.854,1.5
7.856,1.5
7.858,1.5
7.86,1.5
7.862,1.5
7.864,1.5
7.866,1.5
7.868,1.5
7.87,1.5
7.872,1.5
7.874,1.5
7.876,1.5
7.878,1.5
7.88,1.5
7.882,1.5
7.884,1.5
7.886,1.5
7.888,1.5
7.89,1.5
7.892,1.5
7.894,1.5
7.896,1.5
7.898,1.5
7.9,1.5
7.902,1.5
7.904,1.5
7.906,1.5
7.908,1.5
7.91,1.5
7.912,1.5
7.914,1.5
7.916,1.5
7.918,1.5
7.92,1.5
7.922,1.5
7.924,1.5
7.926,1.5
7.928,1.5
7.93,1.5
7.932,1.5
7.934,1.5
7.936,1.5
7.938,1.5
7.94,1.5
7.942,1.5
7.944,1.5
7.946,1.5
7.948,1.5
7.95,1.5
7.952,1.5
7.954,1.5
7.956,1.5
7.958,1.5
7.96,1.5
7.962,1.5
7.964,1.5
7.966,1.5
7.968,1.5
7.97,1.5
7.972,1.5
7.974,1.5
7.976,1.5
7.978,1.5
7.98,1.5
7.982,1.5
7.984,1.5
7.986,1.5
7.988,1.5
7.99,1.5
7.992,1.5
7.994,1.5
7.996,1.5
7.998,1.5
8,1.5
8.002,1.5
8.004,1.5
8.006,1.5
8.008,1.5
8.01,1.5
8.012,1.5
8.014,1.5
8.016,1.5
8.018,1.5
8.02,1.5
8.022,1.5
8.024,1.5
8.026,1.5
8.028,1.5
8.03,1.5
8.032,1.5
8.034,1.5
8.036,1.5
8.038,1.5
8.04,1.5
8.042,1.5
8.044,1.5
8.046,1.5
8.048,1.5
8.05,1.5
8.052,1.5
8.054,1.5
8.056,1.5
8.058,1.5
8.06,1.5
8.062,1.5
8.064,1.5
8.066,1.5
8.068,1.5
8.07,1.5
8.072,1.5
8.074,1.5
8.076,1.5
8.078,1.5
8.08,1.5
8.082,1.5
8.084,1.5
8.086,1.5
8.088,1.5
8.09,1.5
8.092,1.5
8.094,1.5
8.096,1.5
8.098,1.5
8.1,1.5
8.102,1.5
8.104,1.5
8.106,1.5
8.108,1.5
8.11,1.5
8.112,1.5
8.114,1.5
8.116,1.5
8.118,1.5
8.12,1.5
8.122,1.5
8.124,1.5
8.126,1.5
8.128,1.5
8.13,1.5
8.132,1.5
8.134,1.5
8.136,1.5
8.138,1.5
8.14,1.5
8.142,1.5
8.144,1.5
8.146,1.5
8.148,1.5
8.15,1.5
8.152,1.5
8.154,1.5
8.156,1.5
8.158,1.5
8.16,1.5
8.162,1.5
8.164,1.5
8.166,1.5
8.168,1.5
8.17,1.5
8.172,1.5
8.174,1.5
8.176,1.5
8.178,1.5
8.18,1.5
8.182,1.5
8.184,1.5
8.186,1.5
8.188,1.5
8.19,1.5
8.192,1.5
8.194,1.5
8.196,1.5
8.198,1.5
8.2,1.5
8.202,1.5
8.204,1.5
8.206,1.5
8.208,1.5
8.21,1.5
8.212,1.5
8.214,1.5
8.216,1.5
8.218,1.5
8.22,1.5
8.222,1.5
8.224,1.5
8.226,1.5
8.228,1.5
8.23,1.5
8.232,1.5
8.234,1.5
8.236,1.5
8.238,1.5
8.24,1.5
8.242,1.5
8.244,1.5
8.246,1.5
8.248,1.5
8.25,1.5
8.252,1.5
8.254,1.5
8.256,1.5
8.258,1.5
8.26,1.5
8.262,1.5
8.264,1.5
8.266,1.5
8.268,1.5
8.27,1.5
8.272,1.5
8.274,1.5
8.276,1.5
8.278,1.5
8.28,1.5
8.282,1.5
8.284,1.5
8.286,1.5
8.288,1.5
8.29,1.5
8.292,1.5
8.294,1.5
8.296,1.5
8.298,1.5
8.3,1.5
8.302,1.5
8.304,1.5
8.306,1.5
8.308,1.5
8.31,1.5
8.312,1.5
8.314,1.5
8.316,1.5
8.318,1.5
8.32,1.5
8.322,1.5
8.324,1.5
8.326,1.5
8.328,1.5
8.33,1.5
8.332,1.5
8.334,1.5
8.336,1.5
8.338,1.5
8.34,1.5
8.342,1.5
8.344,1.5
8.346,1.5
8.348,1.5
8.35,1.5
8.352,1.5
8.354,1.5
8.356,1.5
8.358,1.5
8.36,1.5
8.362,1.5
8.364,1.5
8.366,1.5
8.368,1.5
8.37,1.5
8.372,1.5
8.374,1.5
8.376,1.5
8.378,1.5
8.38,1.5
8.382,1.5
8.384,1.5
8.386,1.5
8.388,1.5
8.39,1.5
8.392,1.5
8.394,1.5
8.396,1.5
8.398,1.5
8.4,1.5
8.402,1.5
8.404,1.5
8.406,1.5
8.408,1.5
8.41,1.5
8.412,1.5
8.414,1.5
8.416,1.5
8.418,1.5
8.42,1.5
8.422,1.5
8.424,1.5
8.426,1.5
8.428,1.5
8.43,1.5
8.432,1.5
8.434,1.5
8.436,1.5
8.438,1.5
8.44,1.5
8.442,1.5
8.444,1.5
8.446,1.5
8.448,1.5
8.45,1.5
8.452,1.5
8.454,1.5
8.456,1.5
8.458,1.5
8.46,1.5
8.462,1.5
8.464,1.5
8.466,1.5
8.468,1.5
8.47,1.5
8.472,1.5
8.474,1.5
8.476,1.5
8.478,1.5
8.48,1.5
8.482,1.5
8.484,1.5
8.486,1.5
8.488,1.5
8.49,1.5
8.492,1.5
8.494,1.5
8.496,1.5
8.498,1.5
8.5,-1.5
8.502,-1.5
8.504,-1.5
8.506,-1.5
8.508,-1.5
8.51,-1.5
8.512,-1.5
8.514,-1.5
8.516,-1.5
8.518,-1.5
8.52,-1.5
8.522,-1.5
8.524,-1.5
8.526,-1.5
8.528,-1.5
8.53,-1.5
8.532,-1.5
8.534,-1.5
8.536,-1.5
8.538,-1.5
8.54,-1.5
8.542,-1.5
8.544,-1.5
8.546,-1.5
8.548,-1.5
8.55,-1.5
8.552,-1.5
8.554,-1.5
8.556,-1.5
8.558,-1.5
8.56,-1.5
8.562,-1.5
8.564,-1.5
8.566,-1.5
8.568,-1.5
8.57,-1.5
8.572,-1.5
8.574,-1.5
8.576,-1.5
8.578,-1.5
8.58,-1.5
8.582,-1.5
8.584,-1.5
8.586,-1.5
8.588,-1.5
8.59,-1.5
8.592,-1.5
8.594,-1.5
8.596,-1.5
8.598,-1.5
8.6,-1.5
8.602,-1.5
8.604,-1.5
8.606,-1.5
8.608,-1.5
8.61,-1.5
8.612,-1.5
8.614,-1.5
8.616,-1.5
8.618,-1.5
8.62,-1.5
8.622,-1.5
8.624,-1.5
8.626,-1.5
8.628,-1.5
8.63,-1.5
8.632,-1.5
8.634,-1.5
8.636,-1.5
8.638,-1.5
8.64,-1.5
8.642,-1.5
8.644,-1.5
8.646,-1.5
8.648,-1.5
8.65,-1.5
8.652,-1.5
8.654,-1.5
8.656,-1.5
8.658,-1.5
8.66,-1.5
8.662,-1.5
8.664,-1.5
8.666,-1.5
8.668,-1.5
8.67,-1.5
8.672,-1.5
8.674,-1.5
8.676,-1.5
8.678,-1.5
8.68,-1.5
8.682,-1.5
8.684,-1.5
8.686,-1.5
8.688,-1.5
8.69,-1.5
8.692,-1.5
8.694,-1.5
8.696,-1.5
8.698,-1.5
8.7,-1.5
8.702,-1.5
8.704,-1.5
8.706,-1.5
8.708,-1.5
8.71,-1.5
8.712,-1.5
8.714,-1.5
8.716,-1.5
8.718,-1.5
8.72,-1.5
8.722,-1.5
8.724,-1.5
8.726,-1.5
8.728,-1.5
8.73,-1.5
8.732,-1.5
8.734,-1.5
8.736,-1.5
8.738,-1.5
8.74,-1.5
8.742,-1.5
8.744,-1.5
8.746,-1.5
8.748,-1.5
8.75,-1.5
8.752,-1.5
8.754,-1.5
8.756,-1.5
8.758,-1.5
8.76,-1.5
8.762,-1.5
8.764,-1.5
8.766,-1.5
8.768,-1.5
8.77,-1.5
8.772,-1.5
8.774,-1.5
8.776,-1.5
8.778,-1.5
8.78,-1.5
8.782,-1.5
8.784,-1.5
8.786,-1.5
8.788,-1.5
8.79,-1.5
8.792,-1.5
8.794,-1.5
8.796,-1.5
8.798,-1.5
8.8,-1.5
8.802,-1.5
8.804,-1.5
8.806,-1.5
8.808,-1.5
8.81,-1.5
8.812,-1.5
8.814,-1.5
8.816,-1.5
8.818,-1.5
8.82,-1.5
8.822,-1.5
8.824,-1.5
8.826,-1.5
8.828,-1.5
8.83,-1.5
8.832,-1.5
8.834,-1.5
8.836,-1.5
8.838,-1.5
8.84,-1.5
8.842,-1.5
8.844,-1.5
8.846,-1.5
8.848,-1.5
8.85,-1.5
8.852,-1.5
8.854,-1.5
8.856,-1.5
8.858,-1.5
8.86,-1.5
8.862,-1.5
8.864,-1.5
8.866,-1.5
8.868,-1.5
8.87,-1.5
8.872,-1.5
8.874,-1.5
8.876,-1.5
8.878,-1.5
8.88,-1.5
8.882,-1.5
8.884,-1.5
8.886,-1.5
8.888,-1.5
8.89,-1.5
8.892,-1.5
8.894,-1.5
8.896,-1.5
8.898,-1.5
8.9,-1.5
8.902,-1.5
8.904,-1.5
8.906,-1.5
8.908,-1.5
8.91,-1.5
8.912,-1.5
8.914,-1.5
8.916,-1.5
8.918,-1.5
8.92,-1.5
8.922,-1.5
8.924,-1.5
8.926,-1.5
8.928,-1.5
8.93,-1.5
8.932,-1.5
8.934,-1.5
8.936,-1.5
8.938,-1.5
8.94,-1.5
8.942,-1.5
8.944,-1.5
8.946,-1.5
8.948,-1.5
8.95,-1.5
8.952,-1.5
8.954,-1.5
8.956,-1.5
8.958,-1.5
8.96,-1.5
8.962,-1.5
8.964,-1.5
8.966,-1.5
8.968,-1.5
8.97,-1.5
8.972,-1.5
8.974,-1.5
8.976,-1.5
8.978,-1.5
8.98,-1.5
8.982,-1.5
8.984,-1.5
8.986,-1.5
8.988,-1.5
8.99,-1.5
8.992,-1.5
8.994,-1.5
8.996,-1.5
8.998,-1.5
9,-1.5
9.002,-1.5
9.004,-1.5
9.006,-1.5
9.008,-1.5
9.01,-1.5
9.012,-1.5
9.014,-1.5
9.016,-1.5
9.018,-1.5
9.02,-1.5
9.022,-1.5
9.024,-1.5
9.026,-1.5
9.028,-1.5
9.03,-1.5
9.032,-1.5
9.034,-1.5
9.036,-1.5
9.038,-1.5
9.04,-1.5
9.042,-1.5
9.044,-1.5
9.046,-1.5
9.048,-1.5
9.05,-1.5
9.052,-1.5
9.054,-1.5
9.056,-1.5
9.058,-1.5
9.06,-1.5
9.062,-1.5
9.064,-1.5
9.066,-1.5
9.068,-1.5
9.07,-1.5
9.072,-1.5
9.074,-1.5
9.076,-1.5
9.078,-1.5
9.08,-1.5
9.082,-1.5
9.084,-1.5
9.086,-1.5
9.088,-1.5
9.09,-1.5
9.092,-1.5
9.094,-1.5
9.096,-1.5
9.098,-1.5
9.1,-1.5
9.102,-1.5
9.104,-1.5
9.106,-1.5
9.108,-1.5
9.11,-1.5
9.112,-1.5
9.114,-1.5
9.116,-1.5
9.118,-1.5
9.12,-1.5
9.122,-1.5
9.124,-1.5
9.126,-1.5
9.128,-1.5
9.13,-1.5
9.132,-1.5
9.134,-1.5
9.136,-1.5
9.138,-1.5
9.14,-1.5
9.142,-1.5
9.144,-1.5
9.146,-1.5
9.148,-1.5
9.15,-1.5
9.152,-1.5
9.154,-1.5
9.156,-1.5
9.158,-1.5
9.16,-1.5
9.162,-1.5
9.164,-1.5
9.166,-1.5
9.168,-1.5
9.17,-1.5
9.172,-1.5
9.174,-1.5
9.176,-1.5
9.178,-1.5
9.18,-1.5
9.182,-1.5
9.184,-1.5
9.186,-1.5
9.188,-1.5
9.19,-1.5
9.192,-1.5
9.194,-1.5
9.196,-1.5
9.198,-1.5
9.2,-1.5
9.202,-1.5
9.204,-1.5
9.206,-1.5
9.208,-1.5
9.21,-1.5
9.212,-1.5
9.214,-1.5
9.216,-1.5
9.218,-1.5
9.22,-1.5
9.222,-1.5
9.224,-1.5
9.226,-1.5
9.228,-1.5
9.23,-1.5
9.232,-1.5
9.234,-1.5
9.236,-1.5
9.238,-1.5
9.24,-1.5
9.242,-1.5
9.244,-1.5
9.246,-1.5
9.248,-1.5
9.25,-1.5
9.252,-1.5
9.254,-1.5
9.256,-1.5
9.258,-1.5
9.26,-1.5
9.262,-1.5
9.264,-1.5
9.266,-1.5
9.268,-1.5
9.27,-1.5
9.272,-1.5
9.274,-1.5
9.276,-1.5
9.278,-1.5
9.28,-1.5
9.282,-1.5
9.284,-1.5
9.286,-1.5
9.288,-1.5
9.29,-1.5
9.292,-1.5
9.294,-1.5
9.296,-1.5
9.298,-1.5
9.3,-1.5
9.302,-1.5
9.304,-1.5
9.306,-1.5
9.308,-1.5
9.31,-1.5
9.312,-1.5
9.314,-1.5
9.316,-1.5
9.318,-1.5
9.32,-1.5
9.322,-1.5
9.324,-1.5
9.326,-1.5
9.328,-1.5
9.33,-1.5
9.332,-1.5
9.334,-1.5
9.336,-1.5
9.338,-1.5
9.34,-1.5
9.342,-1.5
9.344,-1.5
9.346,-1.5
9.348,-1.5
9.35,-1.5
9.352,-1.5
9.354,-1.5
9.356,-1.5
9.358,-1.5
9.36,-1.5
9.362,-1.5
9.364,-1.5
9.366,-1.5
9.368,-1.5
9.37,-1.5
9.372,-1.5
9.374,-1.5
9.376,-1.5
9.378,-1.5
9.38,-1.5
9.382,-1.5
9.384,-1.5
9.386,-1.5
9.388,-1.5
9.39,-1.5
9.392,-1.5
9.394,-1.5
9.396,-1.5
9.398,-1.5
9.4,-1.5
9.402,-1.5
9.404,-1.5
9.406,-1.5
9.408,-1.5
9.41,-1.5
9.412,-1.5
9.414,-1.5
9.416,-1.5
9.418,-1.5
9.42,-1.5
9.422,-1.5
9.424,-1.5
9.426,-1.5
9.428,-1.5
9.43,-1.5
9.432,-1.5
9.434,-1.5
9.436,-1.5
9.438,-1.5
9.44,-1.5
9.442,-1.5
9.444,-1.5
9.446,-1.5
9.448,-1.5
9.45,-1.5
9.452,-1.5
9.454,-1.5
9.456,-1.5
9.458,-1.5
9.46,-1.5
9.462,-1.5
9.464,-1.5
9.466,-1.5
9.468,-1.5
9.47,-1.5
9.472,-1.5
9.474,-1.5
9.476,-1.5
9.478,-1.5
9.48,-1.5
9.482,-1.5
9.484,-1.5
9.486,-1.5
9.488,-1.5
9.49,-1.5
9.492,-1.5
9.494,-1.5
9.496,-1.5
9.498,-1.5
9.5,-1.5
9.502,-1.5
9.504,-1.5
9.506,-1.5
9.508,-1.5
9.51,-1.5
9.512,-1.5
9.514,-1.5
9.516,-1.5
9.518,-1.5
9.52,-1.5
9.522,-1.5
9.524,-1.5
9.526,-1.5
9.528,-1.5
9.53,-1.5
9.532,-1.5
9.534,-1.5
9.536,-1.5
9.538,-1.5
9.54,-1.5
9.542,-1.5
9.544,-1.5
9.546,-1.5
9.548,-1.5
9.55,-1.5
9.552,-1.5
9.554,-1.5
9.556,-1.5
9.558,-1.5
9.56,-1.5
9.562,-1.5
9.564,-1.5
9.566,-1.5
9.568,-1.5
9.57,-1.5
9.572,-1.5
9.574,-1.5
9.576,-1.5
9.578,-1.5
9.58,-1.5
9.582,-1.5
9.584,-1.5
9.586,-1.5
9.588,-1.5
9.59,-1.5
9.592,-1.5
9.594,-1.5
9.596,-1.5
9.598,-1.5
9.6,-1.5
9.602,-1.5
9.604,-1.5
9.606,-1.5
9.608,-1.5
9.61,-1.5
9.612,-1.5
9.614,-1.5
9.616,-1.5
9.618,-1.5
9.62,-1.5
9.622,-1.5
9.624,-1.5
9.626,-1.5
9.628,-1.5
9.63,-1.5
9.632,-1.5
9.634,-1.5
9.636,-1.5
9.638,-1.5
9.64,-1.5
9.642,-1.5
9.644,-1.5
9.646,-1.5
9.648,-1.5
9.65,-1.5
9.652,-1.5
9.654,-1.5
9.656,-1.5
9.658,-1.5
9.66,-1.5
9.662,-1.5
9.664,-1.5
9.666,-1.5
9.668,-1.5
9.67,-1.5
9.672,-1.5
9.674,-1.5
9.676,-1.5
9.678,-1.5
9.68,-1.5
9.682,-1.5
9.684,-1.5
9.686,-1.5
9.688,-1.5
9.69,-1.5
9.692,-1.5
9.694,-1.5
9.696,-1.5
9.698,-1.5
9.7,-1.5
9.702,-1.5
9.704,-1.5
9.706,-1.5
9.708,-1.5
9.71,-1.5
9.712,-1.5
9.714,-1.5
9.716,-1.5
9.718,-1.5
9.72,-1.5
9.722,-1.5
9.724,-1.5
9.726,-1.5
9.728,-1.5
9.73,-1.5
9.732,-1.5
9.734,-1.5
9.736,-1.5
9.738,-1.5
9.74,-1.5
9.742,-1.5
9.744,-1.5
9.746,-1.5
9.748,-1.5
9.75,-1.5
9.752,-1.5
9.754,-1.5
9.756,-1.5
9.758,-1.5
9.76,-1.5
9.762,-1.5
9.764,-1.5
9.766,-1.5
9.768,-1.5
9.77,-1.5
9.772,-1.5
9.774,-1.5
9.776,-1.5
9.778,-1.5
9.78,-1.5
9.782,-1.5
9.784,-1.5
9.786,-1.5
9.788,-1.5
9.79,-1.5
9.792,-1.5
9.794,-1.5
9.796,-1.5
9.798,-1.5
9.8,-1.5
9.802,-1.5
9.804,-1.5
9.806,-1.5
9.808,-1.5
9.81,-1.5
9.812,-1.5
9.814,-1.5
9.816,-1.5
9.818,-1.5
9.82,-1.5
9.822,-1.5
9.824,-1.5
9.826,-1.5
9.828,-1.5
9.83,-1.5
9.832,-1.5
9.834,-1.5
9.836,-1.5
9.838,-1.5
9.84,-1.5
9.842,-1.5
9.844,-1.5
9.846,-1.5
9.848,-1.5
9.85,-1.5
9.852,-1.5
9.854,-1.5
9.856,-1.5
9.858,-1.5
9.86,-1.5
9.862,-1.5
9.864,-1.5
9.866,-1.5
9.868,-1.5
9.87,-1.5
9.872,-1.5
9.874,-1.5
9.876,-1.5
9.878,-1.5
9.88,-1.5
9.882,-1.5
9.884,-1.5
9.886,-1.5
9.888,-1.5
9.89,-1.5
9.892,-1.5
9.894,-1.5
9.896,-1.5
9.898,-1.5
9.9,-1.5
9.902,-1.5
9.904,-1.5
9.906,-1.5
9.908,-1.5
9.91,-1.5
9.912,-1.5
9.914,-1.5
9.916,-1.5
9.918,-1.5
9.92,-1.5
9.922,-1.5
9.924,-1.5
9.926,-1.5
9.928,-1.5
9.93,-1.5
9.932,-1.5
9.934,-1.5
9.936,-1.5
9.938,-1.5
9.94,-1.5
9.942,-1.5
9.944,-1.5
9.946,-1.5
9.948,-1.5
9.95,-1.5
9.952,-1.5
9.954,-1.5
9.956,-1.5
9.958,-1.5
9.96,-1.5
9.962,-1.5
9.964,-1.5
9.966,-1.5
9.968,-1.5
9.97,-1.5
9.972,-1.5
9.974,-1.5
9.976,-1.5
9.978,-1.5
9.98,-1.5
9.982,-1.5
9.984,-1.5
9.986,-1.5
9.988,-1.5
9.99,-1.5
9.992,-1.5
9.994,-1.5
9.996,-1.5
9.998,-1.5
10,0
10.002,0
10.004,0
10.006,0
10.008,0
10.01,0
10.012,0
10.014,0
10.016,0
10.018,0
10.02,0
10.022,0
10.024,0
10.026,0
10.028,0
10.03,0
10.032,0
10.034,0
10.036,0
10.038,0
10.04,0
10.042,0
10.044,0
10.046,0
10.048,0
10.05,0
10.052,0
10.054,0
10.056,0
10.058,0
10.06,0
10.062,0
10.064,0
10.066,0
10.068,0
10.07,0
10.072,0
10.074,0
10.076,0
10.078,0
10.08,0
10.082,0
10.084,0
10.086,0
10.088,0
10.09,0
10.092,0
10.094,0
10.096,0
10.098,0
10.1,0
10.102,0
10.104,0
10.106,0
10.108,0
10.11,0
10.112,0
10.114,0
10.116,0
10.118,0
10.12,0
10.122,0
10.124,0
10.126,0
10.128,0
10.13,0
10.132,0
10.134,0
10.136,0
10.138,0
10.14,0
10.142,0
10.144,0
10.146,0
10.148,0
10.15,0
10.152,0
10.154,0
10.156,0
10.158,0
10.16,0
10.162,0
10.164,0
10.166,0
10.168,0
10.17,0
10.172,0
10.174,0
10.176,0
10.178,0
10.18,0
10.182,0
10.184,0
10.186,0
10.188,0
10.19,0
10.192,0
10.194,0
10.196,0
10.198,0
10.2,0
10.202,0
10.204,0
10.206,0
10.208,0
10.21,0
10.212,0
10.214,0
10.216,0
10.218,0
10.22,0
10.222,0
10.224,0
10.226,0
10.228,0
10.23,0
10.232,0
10.234,0
10.236,0
10.238,0
10.24,0
10.242,0
10.244,0
10.246,0
10.248,0
10.25,0
10.252,0
10.254,0
10.256,0
10.258,0
10.26,0
10.262,0
10.264,0
10.266,0
10.268,0
10.27,0
10.272,0
10.274,0
10.276,0
10.278,0
10.28,0
10.282,0
10.284,0
10.286,0
10.288,0
10.29,0
10.292,0
10.294,0
10.296,0
10.298,0
10.3,0
10.302,0
10.304,0
10.306,0
10.308,0
10.31,0
10.312,0
10.314,0
10.316,0
10.318,0
10.32,0
10.322,0
10.324,0
10.326,0
10.328,0
10.33,0
10.332,0
10.334,0
10.336,0
10.338,0
10.34,0
10.342,0
10.344,0
10.346,0
10.348,0
10.35,0
10.352,0
10.354,0
10.356,0
10.358,0
10.36,0
10.362,0
10.364,0
10.366,0
10.368,0
10.37,0
10.372,0
10.374,0
10.376,0
10.378,0
10.38,0
10.382,0
10.384,0
10.386,0
10.388,0
10.39,0
10.392,0
10.394,0
10.396,0
10.398,0
10.4,0
10.402,0
10.404,0
10.406,0
10.408,0
10.41,0
10.412,0
10.414,0
10.416,0
10.418,0
10.42,0
10.422,0
10.424,0
10.426,0
10.428,0
10.43,0
10.432,0
10.434,0
10.436,0
10.438,0
10.44,0
10.442,0
10.444,0
10.446,0
10.448,0
10.45,0
10.452,0
10.454,0
10.456,0
10.458,0
10.46,0
10.462,0
10.464,0
10.466,0
10.468,0
10.47,0
10.472,0
10.474,0
10.476,0
10.478,0
10.48,0
10.482,0
10.484,0
10.486,0
10.488,0
10.49,0
10.492,0
10.494,0
10.496,0
10.498,0
10.5,0
10.502,0
10.504,0
10.506,0
10.508,0
10.51,0
10.512,0
10.514,0
10.516,0
10.518,0
10.52,0
10.522,0
10.524,0
10.526,0
10.528,0
10.53,0
10.532,0
10.534,0
10.536,0
10.538,0
10.54,0
10.542,0
10.544,0
10.546,0
10.548,0
10.55,0
10.552,0
10.554,0
10.556,0
10.558,0
10.56,0
10.562,0
10.564,0
10.566,0
10.568,0
10.57,0
10.572,0
10.574,0
10.576,0
10.578,0
10.58,0
10.582,0
10.584,0
10.586,0
10.588,0
10.59,0
10.592,0
10.594,0
10.596,0
10.598,0
10.6,0
10.602,0
10.604,0
10.606,0
10.608,0
10.61,0
10.612,0
10.614,0
10.616,0
10.618,0
10.62,0
10.622,0
10.624,0
10.626,0
10.628,0
10.63,0
10.632,0
10.634,0
10.636,0
10.638,0
10.64,0
10.642,0
10.644,0
10.646,0
10.648,0
10.65,0
10.652,0
10.654,0
10.656,0
10.658,0
10.66,0
10.662,0
10.664,0
10.666,0
10.668,0
10.67,0
10.672,0
10.674,0
10.676,0
10.678,0
10.68,0
10.682,0
10.684,0
10.686,0
10.688,0
10.69,0
10.692,0
10.694,0
10.696,0
10.698,0
10.7,0
10.702,0
10.704,0
10.706,0
10.708,0
10.71,0
10.712,0
10.714,0
10.716,0
10.718,0
10.72,0
10.722,0
10.724,0
10.726,0
10.728,0
10.73,0
10.732,0
10.734,0
10.736,0
10.738,0
10.74,0
10.742,0
10.744,0
10.746,0
10.748,0
10.75,0
10.752,0
10.754,0
10.756,0
10.758,0
10.76,0
10.762,0
10.764,0
10.766,0
10.768,0
10.77,0
10.772,0
10.774,0
10.776,0
10.778,0
10.78,0
10.782,0
10.784,0
10.786,0
10.788,0
10.79,0
10.792,0
10.794,0
10.796,0
10.798,0
10.8,0
10.802,0
10.804,0
10.806,0
10.808,0
10.81,0
10.812,0
10.814,0
10.816,0
10.818,0
10.82,0
10.822,0
10.824,0
10.826,0
10.828,0
10.83,0
10.832,0
10.834,0
10.836,0
10.838,0
10.84,0
10.842,0
10.844,0
10.846,0
10.848,0
10.85,0
10.852,0
10.854,0
10.856,0
10.858,0
10.86,0
10.862,0
10.864,0
10.866,0
10.868,0
10.87,0
10.872,0
10.874,0
10.876,0
10.878,0
10.88,0
10.882,0
10.884,0
10.886,0
10.888,0
10.89,0
10.892,0
10.894,0
10.896,0
10.898,0
10.9,0
10.902,0
10.904,0
10.906,0
10.908,0
10.91,0
10.912,0
10.914,0
10.916,0
10.918,0
10.92,0
10.922,0
10.924,0
10.926,0
10.928,0
10.93,0
10.932,0
10.934,0
10.936,0
10.938,0
10.94,0
10.942,0
10.944,0
10.946,0
10.948,0
10.95,0
10.952,0
10.954,0
10.956,0
10.958,0
10.96,0
10.962,0
10.964,0
10.966,0
10.968,0
10.97,0
10.972,0
10.974,0
10.976,0
10.978,0
10.98,0
10.982,0
10.984,0
10.986,0
10.988,0
10.99,0
10.992,0
10.994,0
10.996,0
10.998,0
11,0.563328669974665
11.002,0.56579592606257
11.004,0.568237555228426
11.006,0.570653331955489
11.008,0.573043032523729
11.01,0.575406435036206
11.012,0.577743319445304
11.014,0.580053467578793
11.016,0.582336663165727
11.018,0.584592691862179
11.02,0.586821341276803
11.022,0.589022400996222
11.024,0.591195662610241
11.026,0.593340919736886
11.028,0.595457968047251
11.03,0.597546605290173
11.032,0.59960663131671
11.034,0.601637848104435
11.036,0.603640059781539
11.038,0.605613072650733
11.04,0.607556695212958
11.042,0.609470738190889
11.044,0.611355014552246
11.046,0.613209339532885
11.048,0.615033530659698
11.05,0.616827407773285
11.052,0.618590793050428
11.054,0.620323511026337
11.056,0.622025388616689
11.058,0.623696255139435
11.06,0.625335942336395
11.062,0.626944284394616
11.064,0.628521117967516
11.066,0.630066282195781
11.068,0.631579618728046
11.07,0.633060971741326
11.072,0.634510187961224
11.074,0.635927116681884
11.076,0.637311609785716
11.078,0.638663521762869
11.08,0.639982709730459
11.082,0.641269033451548
11.084,0.642522355353877
11.086,0.643742540548336
11.088,0.64492945684719
11.09,0.646082974782041
11.092,0.647202967621532
11.094,0.648289311388793
11.096,0.649341884878618
11.098,0.650360569674381
11.1,0.651345250164684
11.102,0.652295813559735
11.104,0.653212149907454
11.106,0.65409415210931
11.108,0.654941715935876
11.11,0.655754740042117
11.112,0.656533125982389
11.114,0.657276778225164
11.116,0.657985604167474
11.118,0.658659514149066
11.12,0.659298421466279
11.122,0.65990224238562
11.124,0.660470896157073
11.126,0.661004305027093
11.128,0.66150239425133
11.13,0.661965092107043
11.132,0.662392329905228
11.134,0.662784042002448
11.136,0.663140165812364
11.138,0.663460641816963
11.14,0.663745413577495
11.142,0.663994427745095
11.144,0.664207634071116
11.146,0.66438498541714
11.148,0.664526437764699
11.15,0.664631950224681
11.152,0.664701485046426
11.154,0.664735007626514
11.156,0.664732486517245
11.158,0.664693893434805
11.16,0.664619203267115
11.162,0.66450839408137
11.164,0.664361447131264
11.166,0.664178346863894
11.168,0.663959080926354
11.17,0.663703640172
11.172,0.663412018666405
11.174,0.663084213692993
11.176,0.662720225758349
11.178,0.66232005859721
11.18,0.661883719177132
11.182,0.661411217702834
11.184,0.660902567620221
11.186,0.660357785620079
11.188,0.659776891641446
11.19,0.659159908874662
11.192,0.658506863764082
11.194,0.657817786010473
11.196,0.65709270857308
11.198,0.656331667671361
11.2,0.655534702786398
11.202,0.654701856661978
11.204,0.653833175305343
11.206,0.652928707987618
11.208,0.651988507243896
11.21,0.651012628873008
11.212,0.65000113193695
11.214,0.648954078759991
11.216,0.647871534927441
11.218,0.646753569284094
11.22,0.645600253932338
11.222,0.644411664229936
11.224,0.643187878787471
11.226,0.64192897946547
11.228,0.640635051371185
11.23,0.639306182855052
11.232,0.637942465506818
11.234,0.636543994151333
11.236,0.635110866844018
11.238,0.633643184865995
11.24,0.632141052718895
11.242,0.630604578119333
11.244,0.62903387199305
11.246,0.627429048468734
11.248,0.625790224871503
11.25,0.624117521716068
11.252,0.622411062699561
11.254,0.620670974694045
11.256,0.618897387738684
11.258,0.617090435031598
11.26,0.615250252921389
11.262,0.613376980898338
11.264,0.611470761585285
11.266,0.609531740728174
11.268,0.607560067186287
11.27,0.60555589292215
11.272,0.603519372991113
11.274,0.601450665530619
11.276,0.599349931749143
11.278,0.59721733591482
11.28,0.59505304534375
11.282,0.592857230387987
11.284,0.590630064423211
11.286,0.588371723836087
11.288,0.586082388011306
11.29,0.583762239318319
11.292,0.581411463097748
11.294,0.5790302476475
11.296,0.576618784208561
11.298,0.574177266950482
11.3,0.571705892956564
11.302,0.569204862208731
11.304,0.566674377572101
11.306,0.564114644779251
11.308,0.561525872414182
11.31,0.558908271895985
11.312,0.556262057462202
11.314,0.553587446151894
11.316,0.550884657788411
11.318,0.548153914961866
11.32,0.545395443011318
11.322,0.542609470006663
11.324,0.539796226730232
11.326,0.536955946658099
11.328,0.534088865941113
11.33,0.531195223385632
11.332,0.528275260433978
11.334,0.525329221144614
11.336,0.522357352172036
11.338,0.519359902746389
11.34,0.516337124652807
11.342,0.513289272210479
11.344,0.510216602251438
11.346,0.507119374099089
11.348,0.503997849546458
11.35,0.500852292834179
11.352,0.497682970628217
11.354,0.49449015199733
11.356,0.491274108390262
11.358,0.488035113612691
11.36,0.484773443803906
11.362,0.481489377413242
11.364,0.478183195176258
11.366,0.474855180090662
11.368,0.471505617391995
11.37,0.468134794529064
11.372,0.464743001139139
11.374,0.461330529022897
11.376,0.457897672119144
11.378,0.454444726479286
11.38,0.450971990241576
11.382,0.447479763605126
11.384,0.44396834880369
11.386,0.440438050079222
11.388,0.436889173655209
11.39,0.433322027709784
11.392,0.429736922348621
11.394,0.426134169577606
11.396,0.422514083275307
11.398,0.418876979165226
11.4,0.415223174787837
11.402,0.411552989472431
11.404,0.407866744308746
11.406,0.404164762118406
11.408,0.400447367426151
11.41,0.396714886430886
11.412,0.392967646976526
11.414,0.389205978522657
11.416,0.38543021211501
11.418,0.381640680355747
11.42,0.377837717373573
11.422,0.374021658793666
11.424,0.370192841707427
11.426,0.366351604642069
11.428,0.362498287530023
11.43,0.35863323167819
11.432,0.354756779737017
11.434,0.350869275669424
11.436,0.346971064719567
11.438,0.343062493381446
11.44,0.339143909367362
11.442,0.335215661576229
11.444,0.331278100061732
11.446,0.327331576000354
11.448,0.323376441659253
11.45,0.319413050364009
11.452,0.315441756466236
11.454,0.311462915311059
11.456,0.307476883204477
11.458,0.303484017380585
11.46,0.299484675968692
11.462,0.295479217960307
11.464,0.291468003176023
11.466,0.287451392232279
11.468,0.283429746508026
11.47,0.279403428111277
11.472,0.275372799845561
11.474,0.271338225176283
11.476,0.267300068196979
11.478,0.263258693595491
11.48,0.259214466620042
11.482,0.255167753045239
11.484,0.251118919137981
11.486,0.247068331623302
11.488,0.243016357650127
11.49,0.238963364756964
11.492,0.234909720837525
11.494,0.230855794106286
11.496,0.226801953063977
11.498,0.222748566463023
11.5,0.218696003272924
11.502,0.214644632645589
11.504,0.210594823880617
11.506,0.206546946390535
11.508,0.202501369665997
11.51,0.198458463240944
11.512,0.194418596657729
11.514,0.190382139432209
11.516,0.186349461018819
11.518,0.182320930775607
11.52,0.178296917929262
11.522,0.17427779154012
11.524,0.170263920467152
11.526,0.16625567333295
11.528,0.1622534184887
11.53,0.158257523979153
11.532,0.154268357507598
11.534,0.150286286400841
11.536,0.146311677574179
11.538,0.142344897496405
11.54,0.138386312154804
11.542,0.134436287020186
11.544,0.130495187011929
11.546,0.126563376463048
11.548,0.122641219085296
11.55,0.11872907793429
11.552,0.114827315374679
11.554,0.110936293045345
11.556,0.107056371824647
11.558,0.103187911795711
11.56,0.0993312722117691
11.562,0.0954868114615481
11.564,0.0916548870347171
11.566,0.0878358554873915
11.568,0.0840300724077001
11.57,0.0802378923814189
11.572,0.0764596689576733
11.574,0.0726957546147127
11.576,0.0689465007257628
11.578,0.0652122575249555
11.58,0.0614933740733429
11.582,0.0577901982249977
11.584,0.0541030765932026
11.586,0.050432354516733
11.588,0.0467783760262376
11.59,0.043141483810716
11.592,0.0395220191841024
11.594,0.0359203220519542
11.596,0.0323367308782514
11.598,0.0287715826523081
11.6,0.0252252128558016
11.602,0.0216979554299213
11.604,0.0181901427426407
11.606,0.0147021055561149
11.608,0.0112341729942097
11.61,0.00778667251016198
11.612,0.00435992985437781
11.614,0.000954269042368716
11.616,-0.00242998767716811
11.618,-0.00579251985412409
11.62,-0.0091330088686044
11.622,-0.0124511379624009
11.624,-0.0157465922703088
11.626,-0.0190190588512855
11.628,-0.0222682267194457
11.63,-0.0254937868748954
11.632,-0.0286954323343922
11.634,-0.0318728581618392
11.636,-0.0350257614986018
11.638,-0.0381538415936483
11.64,-0.0412567998335091
11.642,-0.0443343397720527
11.644,-0.047386167160076
11.646,-0.0504119899747036
11.648,-0.0534115184485948
11.65,-0.0563844650989567
11.652,-0.0593305447563557
11.654,-0.0622494745933311
11.656,-0.0651409741528016
11.658,-0.0680047653762647
11.66,-0.0708405726317887
11.662,-0.073648122741788
11.664,-0.0764271450105847
11.666,-0.0791773712517517
11.668,-0.0818985358152322
11.67,-0.0845903756142377
11.672,-0.0872526301519172
11.674,-0.0898850415477966
11.676,-0.0924873545639866
11.678,-0.0950593166311551
11.68,-0.0976006778742601
11.682,-0.100111191138045
11.684,-0.102590612012289
11.686,-0.105038698856811
11.688,-0.107455212826227
11.69,-0.109839917894455
11.692,-0.112192580878969
11.694,-0.114512971464791
11.696,-0.116800862228235
11.698,-0.119056028660379
11.7,-0.121278249190279
11.702,-0.12346730520792
11.704,-0.125622981086891
11.706,-0.1277450642068
11.708,-0.129833344975404
11.71,-0.131887616850473
11.712,-0.133907676361376
11.714,-0.135893323130381
11.716,-0.137844359893678
11.718,-0.139760592522119
11.72,-0.141641830041668
11.722,-0.143487884653562
11.724,-0.145298571754189
11.726,-0.147073709954661
11.728,-0.148813121100104
11.73,-0.150516630288644
11.732,-0.152184065890098
11.734,-0.153815259564359
11.736,-0.155410046279485
11.738,-0.156968264329482
11.74,-0.158489755351772
11.742,-0.159974364344364
11.744,-0.16142193968271
11.746,-0.162832333136246
11.748,-0.164205399884623
11.75,-0.165540998533622
11.752,-0.16683899113075
11.754,-0.168099243180518
11.756,-0.169321623659397
11.758,-0.170506005030456
11.76,-0.171652263257669
11.762,-0.172760277819905
11.764,-0.173829931724581
11.766,-0.174861111520997
11.768,-0.175853707313333
11.77,-0.176807612773319
11.772,-0.17772272515257
11.774,-0.178598945294589
11.776,-0.17943617764643
11.778,-0.180234330270034
11.78,-0.180993314853211
11.782,-0.181713046720301
11.784,-0.182393444842477
11.786,-0.183034431847723
11.788,-0.183635934030452
11.79,-0.184197881360798
11.792,-0.184720207493546
11.794,-0.185202849776727
11.796,-0.185645749259864
11.798,-0.186048850701865
11.8,-0.186412102578572
11.802,-0.186735457089961
11.804,-0.187018870166984
11.806,-0.187262301478067
11.808,-0.187465714435253
11.81,-0.18762907619999
11.812,-0.187752357688568
11.814,-0.187835533577197
11.816,-0.187878582306735
11.818,-0.187881486087057
11.82,-0.187844230901068
11.822,-0.187766806508357
11.824,-0.187649206448499
11.826,-0.187491428043991
11.828,-0.187293472402835
11.83,-0.187055344420762
11.832,-0.186777052783093
11.834,-0.186458609966242
11.836,-0.18610003223886
11.838,-0.185701339662618
11.84,-0.185262556092629
11.842,-0.184783709177509
11.844,-0.184264830359076
11.846,-0.183705954871691
11.848,-0.183107121741236
11.85,-0.182468373783729
11.852,-0.181789757603581
11.854,-0.181071323591486
11.856,-0.180313125921958
11.858,-0.1795152225505
11.86,-0.178677675210414
11.862,-0.177800549409251
11.864,-0.176883914424896
11.866,-0.1759278433013
11.868,-0.174932412843844
11.87,-0.173897703614345
11.872,-0.172823799925709
11.874,-0.171710789836212
11.876,-0.170558765143431
11.878,-0.169367821377816
11.88,-0.168138057795899
11.882,-0.166869577373151
11.884,-0.165562486796477
11.886,-0.164216896456357
11.888,-0.16283292043863
11.89,-0.161410676515927
11.892,-0.159950286138738
11.894,-0.158451874426141
11.896,-0.156915570156161
11.898,-0.155341505755792
11.9,-0.153729817290655
11.902,-0.152080644454316
11.904,-0.150394130557239
11.906,-0.14867042251541
11.908,-0.146909670838596
11.91,-0.145112029618263
11.912,-0.143277656515154
11.914,-0.141406712746507
11.916,-0.139499363072946
11.918,-0.137555775785018
11.92,-0.135576122689391
11.922,-0.133560579094714
11.924,-0.131509323797136
11.926,-0.129422539065482
11.928,-0.127300410626106
11.93,-0.125143127647392
11.932,-0.122950882723929
11.934,-0.120723871860361
11.936,-0.118462294454887
11.938,-0.116166353282447
11.94,-0.113836254477578
11.942,-0.111472207516932
11.944,-0.109074425201482
11.946,-0.106643123638396
11.948,-0.104178522222596
11.95,-0.101680843617985
11.952,-0.0991503137383701
11.954,-0.0965871617280545
11.956,-0.093991619942125
11.958,-0.0913639239264209
11.96,-0.0887043123971905
11.962,-0.0860130272204392
11.964,-0.0832903133909711
11.966,-0.0805364190111212
11.968,-0.0777515952691858
11.97,-0.0749360964175497
11.972,-0.0720901797505122
11.974,-0.0692141055818191
11.976,-0.0663081372218899
11.978,-0.063372540954762
11.98,-0.0604075860147336
11.982,-0.05741354456272
11.984,-0.0543906916623247
11.986,-0.0513393052556211
11.988,-0.0482596661386513
11.99,-0.0451520579366479
11.992,-0.0420167670789702
11.994,-0.0388540827737705
11.996,-0.0356642969823821
11.998,-0.0324477043934373
12,-0.0292046023967136
12.002,-0.0259352910567177
12.004,-0.0226400730859994
12.006,-0.0193192538182056
12.008,-0.0159731411808782
12.01,-0.012602045667986
12.012,-0.00920628031221345
12.014,-0.00578616065698781
12.016,-0.00234200472826091
12.018,0.00112586699395473
12.02,0.00461713160429567
12.022,0.00813146380100076
12.024,0.0116685359150971
12.026,0.0152280179398296
12.028,0.0188095775603181
12.03,0.0224128801834474
12.032,0.0260375889679848
12.034,0.0296833648549241
12.036,0.0333498665980472
12.038,0.0370367507947117
12.04,0.0407436719168488
12.042,0.0444702823421772
12.044,0.0482162323856302
12.046,0.0519811703309845
12.048,0.055764742462699
12.05,0.0595665930979541
12.052,0.063386364618886
12.054,0.0672236975050232
12.056,0.0710782303659098
12.058,0.0749495999739219
12.06,0.0788374412972682
12.062,0.0827413875331772
12.064,0.0866610701412593
12.066,0.0905961188770528
12.068,0.0945461618257384
12.07,0.0985108254360264
12.072,0.102489734554214
12.074,0.106482512458402
12.076,0.110488780892875
12.078,0.114508160102643
12.08,0.118540268868134
12.082,0.122584724540036
12.084,0.126641143074291
12.086,0.130709139067235
12.088,0.134788325790874
12.09,0.138878315228302
12.092,0.142978718109254
12.094,0.147089143945791
12.096,0.151209201068109
12.098,0.155338496660475
12.1,0.159476636797287
12.102,0.163623226479251
12.104,0.167777869669665
12.106,0.171940169330828
12.108,0.176109727460543
12.11,0.18028614512873
12.112,0.184469022514144
12.114,0.188657958941182
12.116,0.192852552916786
12.118,0.197052402167443
12.12,0.20125710367626
12.122,0.205466253720133
12.124,0.209679447906988
12.126,0.213896281213102
12.128,0.218116348020497
12.13,0.222339242154398
12.132,0.226564556920766
12.134,0.230791885143877
12.136,0.235020819203982
12.138,0.239250951074995
12.14,0.243481872362257
12.142,0.24771317434033
12.144,0.251944447990845
12.146,0.256175284040384
12.148,0.260405272998399
12.15,0.264634005195175
12.152,0.268861070819804
12.154,0.273086059958201
12.156,0.277308562631134
12.158,0.281528168832272
12.16,0.285744468566257
12.162,0.289957051886773
12.164,0.294165508934636
12.166,0.29836942997588
12.168,0.302568405439847
12.17,0.306762025957273
12.172,0.310949882398368
12.174,0.315131565910879
12.176,0.319306667958153
12.178,0.323474780357167
12.18,0.327635495316546
12.182,0.331788405474552
12.184,0.335933103937046
12.186,0.340069184315422
12.188,0.344196240764489
12.19,0.348313868020338
12.192,0.352421661438144
12.194,0.356519217029933
12.196,0.360606131502294
12.198,0.364682002294045
12.2,0.368746427613823
12.202,0.372799006477637
12.204,0.376839338746336
12.206,0.380867025163022
12.208,0.384881667390379
12.21,0.388882868047943
12.212,0.392870230749273
12.214,0.396843360139055
12.216,0.400801861930112
12.218,0.404745342940329
12.22,0.408673411129479
12.222,0.412585675635956
12.224,0.416481746813409
12.226,0.420361236267267
12.228,0.424223756891159
12.23,0.42806892290323
12.232,0.431896349882327
12.234,0.435705654804084
12.236,0.439496456076874
12.238,0.443268373577642
12.24,0.44702102868761
12.242,0.450754044327842
12.244,0.45446704499469
12.246,0.458159656795085
12.248,0.461831507481693
12.25,0.465482226487934
12.252,0.469111444962834
12.254,0.472718795805743
12.256,0.476303913700889
12.258,0.47986643515177
12.26,0.483405998515396
12.262,0.486922244036353
12.264,0.490414813880707
12.266,0.493883352169734
12.268,0.497327505013472
12.27,0.500746920544098
12.272,0.504141248949125
12.274,0.507510142504411
12.276,0.510853255606982
12.278,0.514170244807661
12.28,0.517460768843511
12.282,0.52072448867007
12.284,0.523961067493396
12.286,0.527170170801898
12.288,0.530351466397973
12.29,0.53350462442942
12.292,0.536629317420656
12.294,0.5397252203037
12.296,0.542792010448956
12.298,0.545829367695759
12.3,0.548836974382707
12.302,0.551814515377763
12.304,0.554761678108122
12.306,0.557678152589852
12.308,0.560563631457296
12.31,0.563417809992232
12.312,0.566240386152797
12.314,0.569031060602164
12.316,0.571789536736972
12.318,0.574515520715501
12.32,0.577208721485609
12.322,0.579868850812395
12.324,0.582495623305617
12.326,0.585088756446847
12.328,0.587647970616357
12.33,0.590172989119745
12.332,0.592663538214294
12.334,0.595119347135051
12.336,0.597540148120646
12.338,0.59992567643882
12.34,0.602275670411686
12.342,0.604589871440705
12.344,0.60686802403138
12.346,0.609109875817661
12.348,0.611315177586064
12.35,0.613483683299503
12.352,0.615615150120825
12.354,0.617709338436049
12.356,0.619766011877314
12.358,0.62178493734552
12.36,0.623765885032676
12.362,0.625708628443935
12.364,0.62761294441933
12.366,0.629478613155199
12.368,0.631305418225302
12.37,0.633093146601622
12.372,0.634841588674859
12.374,0.636550538274597
12.376,0.638219792689167
12.378,0.639849152685175
12.38,0.641438422526723
12.382,0.642987409994294
12.384,0.644495926403318
12.386,0.64596378662241
12.388,0.647390809091276
12.39,0.648776815838294
12.392,0.650121632497757
12.394,0.651425088326781
12.396,0.652687016221886
12.398,0.653907252735226
12.4,0.655085638090495
12.402,0.65622201619848
12.404,0.657316234672278
12.406,0.65836814484217
12.408,0.659377601770147
12.41,0.660344464264092
12.412,0.661268594891612
12.414,0.662149859993523
12.416,0.662988129696987
12.418,0.66378327792829
12.42,0.664535182425271
12.422,0.665243724749404
12.424,0.66590879029751
12.426,0.666530268313127
12.428,0.66710805189751
12.43,0.667642038020286
12.432,0.668132127529736
12.434,0.668578225162723
12.436,0.668980239554263
12.438,0.669338083246722
12.44,0.669651672698658
12.442,0.669920928293299
12.444,0.670145774346651
12.446,0.670326139115242
12.448,0.670461954803504
12.45,0.670553157570779
12.452,0.670599687537966
12.454,0.67060148879379
12.456,0.670558509400712
12.458,0.67047070140046
12.46,0.670338020819197
12.462,0.670160427672309
12.464,0.669937885968834
12.466,0.669670363715506
12.468,0.669357832920438
12.47,0.669000269596425
12.472,0.668597653763876
12.474,0.668149969453377
12.476,0.667657204707871
12.478,0.667119351584477
12.48,0.666536406155923
12.482,0.665908368511614
12.484,0.66523524275832
12.486,0.664517037020495
12.488,0.663753763440214
12.49,0.662945438176746
12.492,0.662092081405745
12.494,0.66119371731807
12.496,0.660250374118227
12.498,0.659262084022448
12.5,0.658228883256382
12.502,0.65715081205242
12.504,0.656027914646651
12.506,0.654860239275435
12.508,0.653647838171611
12.51,0.652390767560329
12.512,0.651089087654511
12.514,0.649742862649946
12.516,0.64835216072
12.518,0.646917054009972
12.52,0.645437618631071
12.522,0.643913934654021
12.524,0.642346086102307
12.526,0.640734160945044
12.528,0.639078251089484
12.53,0.637378452373152
12.532,0.635634864555618
12.534,0.633847591309908
12.536,0.632016740213541
12.538,0.630142422739214
12.54,0.628224754245113
12.542,0.626263853964871
12.544,0.624259844997163
12.546,0.622212854294937
12.548,0.620123012654292
12.55,0.617990454702997
12.552,0.615815318888649
12.554,0.613597747466482
12.556,0.611337886486819
12.558,0.609035885782168
12.56,0.606691898953973
12.562,0.604306083359006
12.564,0.601878600095418
12.566,0.599409613988435
12.568,0.596899293575716
12.57,0.594347811092352
12.572,0.591755342455541
12.574,0.5891220672489
12.576,0.586448168706453
12.578,0.583733833696267
12.58,0.580979252703761
12.582,0.578184619814672
12.584,0.57535013269769
12.586,0.57247599258676
12.588,0.569562404263046
12.59,0.566609576036583
12.592,0.563617719727578
12.594,0.560587050647408
12.596,0.557517787579277
12.598,0.554410152758562
12.6,0.55126437185283
12.602,0.548080673941545
12.604,0.544859291495455
12.606,0.54160046035566
12.608,0.538304419712379
12.61,0.534971412083395
12.612,0.531601683292197
12.614,0.528195482445819
12.616,0.524753061912369
12.618,0.521274677298258
12.62,0.517760587425134
12.622,0.51421105430651
12.624,0.510626343124104
12.626,0.507006722203885
12.628,0.503352462991824
12.63,0.499663840029359
12.632,0.495941130928581
12.634,0.49218461634712
12.636,0.488394579962771
12.638,0.48457130844782
12.64,0.48071509144311
12.642,0.476826221531827
12.644,0.472904994213012
12.646,0.468951707874809
12.648,0.464966663767443
12.65,0.46095016597594
12.652,0.456902521392578
12.654,0.452824039689089
12.656,0.448715033288593
12.658,0.444575817337295
12.66,0.440406709675918
12.662,0.436208030810895
12.664,0.431980103885312
12.666,0.42772325464962
12.668,0.423437811432088
12.67,0.419124105109042
12.672,0.414782469074856
12.674,0.410413239211713
12.676,0.406016753859148
12.678,0.401593353783354
12.68,0.397143382146276
12.682,0.392667184474481
12.684,0.388165108627811
12.686,0.38363750476783
12.688,0.37908472532605
12.69,0.374507124971965
12.692,0.369905060580863
12.694,0.365278891201455
12.696,0.360628978023297
12.698,0.355955684344014
12.7,0.351259375536344
12.702,0.346540419014983
12.704,0.341799184203255
12.706,0.337036042499588
12.708,0.332251367243822
12.71,0.327445533683337
12.712,0.32261891893901
12.714,0.317771901971002
12.716,0.31290486354438
12.718,0.308018186194576
12.72,0.303112254192692
12.722,0.298187453510638
12.724,0.293244171786129
12.726,0.28828279828753
12.728,0.283303723878549
12.73,0.278307340982798
12.732,0.273294043548205
12.734,0.2682642270113
12.736,0.263218288261358
12.738,0.258156625604428
12.74,0.253079638727219
12.742,0.24798772866088
12.744,0.242881297744653
12.746,0.237760749589413
12.748,0.232626489041099
12.75,0.227478922144032
12.752,0.222318456104133
12.754,0.217145499252043
12.756,0.211960461006135
12.758,0.206763751835439
12.76,0.201555783222485
12.762,0.196336967626042
12.764,0.191107718443788
12.766,0.185868449974887
12.768,0.180619577382511
12.77,0.175361516656264
12.772,0.170094684574559
12.774,0.164819498666913
12.776,0.159536377176192
12.778,0.154245739020794
12.78,0.148948003756773
12.782,0.143643591539921
12.784,0.138332923087796
12.786,0.133016419641706
12.788,0.12769450292866
12.79,0.122367595123272
12.792,0.117036118809642
12.794,0.111700496943203
12.796,0.106361152812547
12.798,0.101018510001215
12.8,0.0956729923494886
12.802,0.0903250239161571
12.804,0.0849750289402686
12.806,0.0796234318028824
12.808,0.0742706569888156
12.81,0.0689171290483867
12.812,0.0635632725591647
12.814,0.0582095120877232
12.816,0.0528562721514127
12.818,0.0475039771801371
12.82,0.0421530514781553
12.822,0.0368039191859006
12.824,0.0314570042418285
12.826,0.0261127303442914
12.828,0.0207715209134476
12.83,0.0154337990532048
12.832,0.0100999875132023
12.834,0.00477050865083983
12.836,-0.000554215606646752
12.838,-0.00587376380006406
12.84,-0.0111877149760809
12.842,-0.0164956487249897
12.844,-0.0217971452184105
12.846,-0.0270917852469281
12.848,-0.032379150257662
12.85,-0.0376588223917587
12.852,-0.042930384521817
12.854,-0.0481934202892276
12.856,-0.0534475141414353
12.858,-0.0586922513691099
12.86,-0.0639272181432312
12.862,-0.0691520015520774
12.864,-0.0743661896381231
12.866,-0.0795693714348283
12.868,-0.0847611370033326
12.87,-0.0899410774690347
12.872,-0.0951087850580708
12.874,-0.100263853133666
12.876,-0.10540587623238
12.878,-0.110534450100227
12.88,-0.115649171728674
12.882,-0.120749639390505
12.884,-0.125835452675562
12.886,-0.130906212526349
12.888,-0.135961521273497
12.89,-0.141000982671086
12.892,-0.146024201931834
12.894,-0.151030785762121
12.896,-0.156020342396874
12.898,-0.160992481634298
12.9,-0.165946814870442
12.902,-0.170882955133615
12.904,-0.175800517118622
12.906,-0.180699117220854
12.908,-0.18557837357019
12.91,-0.190437906064732
12.912,-0.195277336404364
12.914,-0.200096288124135
12.916,-0.204894386627451
12.918,-0.209671259219082
12.92,-0.214426535137986
12.922,-0.219159845589941
12.924,-0.223870823779972
12.926,-0.22855910494459
12.928,-0.233224326383823
12.93,-0.237866127493049
12.932,-0.242484149794617
12.934,-0.247078036969261
12.936,-0.251647434887297
12.938,-0.256191991639606
12.94,-0.260711357568402
12.942,-0.265205185297776
12.944,-0.269673129764007
12.946,-0.274114848245661
12.948,-0.278530000393451
12.95,-0.282918248259861
12.952,-0.287279256328543
12.954,-0.29161269154347
12.956,-0.295918223337847
12.958,-0.300195523662787
12.96,-0.304444267015727
12.962,-0.308664130468606
12.964,-0.312854793695788
12.966,-0.317015939001731
12.968,-0.321147251348397
12.97,-0.325248418382407
12.972,-0.32931913046193
12.974,-0.333359080683313
12.976,-0.337367964907438
12.978,-0.341345481785817
12.98,-0.345291332786408
12.982,-0.349205222219167
12.984,-0.35308685726131
12.986,-0.356935947982314
12.988,-0.36075220736862
12.99,-0.364535351348068
12.992,-0.368285098814034
12.994,-0.372001171649292
12.996,-0.375683294749574
12.998,-0.379331196046848
13,-0.3829446065323
13.002,-0.386523260279017
13.004,-0.390066894464373
13.006,-0.393575249392118
13.008,-0.397048068514165
13.01,-0.400485098452069
13.012,-0.403886089018203
13.014,-0.407250793236626
13.016,-0.410578967363643
13.018,-0.413870370908054
13.02,-0.417124766651081
13.022,-0.420341920665995
13.024,-0.423521602337412
13.026,-0.426663584380283
13.028,-0.429767642858554
13.03,-0.432833557203508
13.032,-0.435861110231785
13.034,-0.438850088163078
13.036,-0.441800280637494
13.038,-0.444711480732602
13.04,-0.447583484980136
13.042,-0.450416093382376
13.044,-0.453209109428196
13.046,-0.455962340108774
13.048,-0.458675595932971
13.05,-0.461348690942376
13.052,-0.463981442726002
13.054,-0.466573672434654
13.056,-0.469125204794957
13.058,-0.471635868123032
13.06,-0.474105494337842
13.062,-0.476533918974183
13.064,-0.478920981195341
13.066,-0.481266523805395
13.068,-0.483570393261177
13.07,-0.485832439683883
13.072,-0.488052516870334
13.074,-0.490230482303894
13.076,-0.492366197165024
13.078,-0.494459526341499
13.08,-0.496510338438265
13.082,-0.49851850578694
13.084,-0.500483904454975
13.086,-0.502406414254441
13.088,-0.504285918750477
13.09,-0.506122305269373
13.092,-0.507915464906306
13.094,-0.509665292532701
13.096,-0.511371686803257
13.098,-0.513034550162599
13.1,-0.51465378885158
13.102,-0.516229312913215
13.104,-0.51776103619827
13.106,-0.519248876370472
13.108,-0.520692754911382
13.11,-0.522092597124884
13.112,-0.523448332141333
13.114,-0.524759892921331
13.116,-0.526027216259145
13.118,-0.527250242785767
13.12,-0.528428916971604
13.122,-0.529563187128821
13.124,-0.530653005413308
13.126,-0.531698327826294
13.128,-0.532699114215599
13.13,-0.533655328276522
13.132,-0.534566937552369
13.134,-0.535433913434624
13.136,-0.536256231162751
13.138,-0.537033869823644
13.14,-0.537766812350709
13.142,-0.538455045522594
13.144,-0.539098559961549
13.146,-0.539697350131436
13.148,-0.540251414335381
13.15,-0.540760754713051
13.152,-0.541225377237593
13.154,-0.541645291712207
13.156,-0.542020511766356
13.158,-0.542351054851629
13.16,-0.542636942237245
13.162,-0.542878199005198
13.164,-0.543074854045046
13.166,-0.543226940048361
13.168,-0.543334493502803
13.17,-0.543397554685857
13.172,-0.543416167658217
13.174,-0.54339038025681
13.176,-0.54332024408748
13.178,-0.543205814517321
13.18,-0.543047150666653
13.182,-0.542844315400662
13.184,-0.542597375320691
13.186,-0.542306400755177
13.188,-0.541971465750256
13.19,-0.541592648060019
13.192,-0.541170029136426
13.194,-0.540703694118878
13.196,-0.540193731823455
13.198,-0.53964023473181
13.2,-0.539043298979725
13.202,-0.538403024345342
13.204,-0.537719514237043
13.206,-0.536992875681013
13.208,-0.536223219308456
13.21,-0.535410659342499
13.212,-0.534555313584746
13.214,-0.533657303401525
13.216,-0.532716753709792
13.218,-0.531733792962727
13.22,-0.53070855313499
13.222,-0.529641169707671
13.224,-0.528531781652913
13.226,-0.527380531418218
13.228,-0.526187564910441
13.23,-0.524953031479463
13.232,-0.523677083901554
13.234,-0.522359878362432
13.236,-0.521001574440004
13.238,-0.519602335086802
13.24,-0.518162326612121
13.242,-0.516681718663842
13.244,-0.515160684209963
13.246,-0.513599399519829
13.248,-0.511998044145061
13.25,-0.510356800900193
13.252,-0.508675855843015
13.254,-0.506955398254627
13.256,-0.505195620619196
13.258,-0.503396718603441
13.26,-0.501558891035815
13.262,-0.499682339885421
13.264,-0.497767270240637
13.266,-0.495813890287467
13.268,-0.493822411287618
13.27,-0.491793047556298
13.272,-0.48972601643975
13.274,-0.48762153829251
13.276,-0.485479836454407
13.278,-0.483301137227288
13.28,-0.481085669851494
13.282,-0.478833666482066
13.284,-0.476545362164702
13.286,-0.474220994811454
13.288,-0.471860805176181
13.29,-0.469465036829743
13.292,-0.467033936134958
13.294,-0.464567752221309
13.296,-0.462066736959411
13.298,-0.459531144935245
13.3,-0.456961233424141
13.302,-0.454357262364555
13.304,-0.451719494331578
13.306,-0.449048194510255
13.308,-0.446343630668652
13.31,-0.443606073130712
13.312,-0.440835794748894
13.314,-0.438033070876585
13.316,-0.435198179340309
13.318,-0.432331400411718
13.32,-0.429433016779381
13.322,-0.426503313520355
13.324,-0.423542578071575
13.326,-0.420551100201021
13.328,-0.41752917197871
13.33,-0.414477087747473
13.332,-0.411395144093565
13.334,-0.408283639817064
13.336,-0.405142875902107
13.338,-0.401973155486926
13.34,-0.398774783833722
13.342,-0.395548068298346
13.344,-0.392293318299828
13.346,-0.389010845289718
13.348,-0.385700962721274
13.35,-0.382363986018481
13.352,-0.379000232544911
13.354,-0.375610021572427
13.356,-0.372193674249735
13.358,-0.368751513570783
13.36,-0.365283864343015
13.362,-0.361791053155479
13.364,-0.358273408346797
13.366,-0.354731259972998
13.368,-0.351164939775211
13.37,-0.347574781147234
13.372,-0.343961119102974
13.374,-0.340324290243758
13.376,-0.336664632725532
13.378,-0.332982486225926
13.38,-0.32927819191123
13.382,-0.32555209240323
13.384,-0.321804531745963
13.386,-0.318035855372342
13.388,-0.314246410070704
13.39,-0.310436543951242
13.392,-0.306606606412355
13.394,-0.302756948106897
13.396,-0.298887920908346
13.398,-0.294999877876886
13.4,-0.291093173225408
13.402,-0.287168162285429
13.404,-0.283225201472953
13.406,-0.279264648254237
13.408,-0.275286861111514
13.41,-0.271292199508631
13.412,-0.267281023856647
13.414,-0.263253695479357
13.416,-0.25921057657877
13.418,-0.25515203020054
13.42,-0.251078420199345
13.422,-0.246990111204223
13.424,-0.242887468583873
13.426,-0.238770858411912
13.428,-0.234640647432112
13.43,-0.23049720302359
13.432,-0.22634089316599
13.434,-0.222172086404627
13.436,-0.217991151815628
13.438,-0.213798458971038
13.44,-0.209594377903933
13.442,-0.205379279073513
13.444,-0.201153533330193
13.446,-0.196917511880692
13.448,-0.192671586253124
13.45,-0.188416128262092
13.452,-0.184151509973798
13.454,-0.179878103671153
13.456,-0.175596281818915
13.458,-0.171306417028834
13.46,-0.167008882024833
13.462,-0.162704049608198
13.464,-0.158392292622816
13.466,-0.154073983920428
13.468,-0.149749496325934
13.47,-0.145419202602719
13.472,-0.141083475418046
13.474,-0.136742687308466
13.476,-0.13239721064531
13.478,-0.128047417600202
13.48,-0.123693680110656
13.482,-0.119336369845711
13.484,-0.114975858171647
13.486,-0.110612516117749
13.488,-0.106246714342163
13.49,-0.101878823097803
13.492,-0.0975092121983503
13.494,-0.0931382509843235
13.496,-0.0887663082892384
13.498,-0.0843937524058455
13.5,-0.0800209510524701
13.502,-0.0756482713394302
13.504,-0.0712760797355637
13.506,-0.0669047420348457
13.508,-0.0625346233231159
13.51,-0.058166087944905
13.512,-0.053799499470377
13.514,-0.0494352206623765
13.516,-0.0450736134436025
13.518,-0.0407150388638826
13.52,-0.0363598570675943
13.522,-0.0320084272611855
13.524,-0.0276611076808449
13.526,-0.0233182555602846
13.528,-0.0189802270986752
13.53,-0.0146473774287031
13.532,-0.0103200605847798
13.534,-0.00599862947138588
13.536,-0.00168343583156879
13.538,0.00262516978441444
13.54,0.0069268380502987
13.542,0.0112212208948622
13.544,0.0155079715328077
13.546,0.019786744495497
13.548,0.0240571956615078
13.55,0.0283189822870331
13.552,0.0325717630361006
13.554,0.0368151980106312
13.556,0.0410489487803066
13.558,0.0452726784122713
13.56,0.0494860515006421
13.562,0.0536887341958438
13.564,0.0578803942337481
13.566,0.0620607009646247
13.568,0.0662293253819044
13.57,0.0703859401507386
13.572,0.0745302196363714
13.574,0.0786618399322968
13.576,0.082780478888225
13.578,0.0868858161378333
13.58,0.0909775331263156
13.582,0.0950553131377127
13.584,0.099118841322038
13.586,0.103167804722174
13.588,0.107201892300562
13.59,0.111220794965665
13.592,0.115224205598204
13.594,0.119211819077168
13.596,0.12318333230561
13.598,0.127138444236179
13.6,0.131076855896457
13.602,0.134998270414027
13.604,0.138902393041329
13.606,0.142788931180251
13.608,0.1466575944065
13.61,0.150508094493708
13.612,0.154340145437305
13.614,0.158153463478135
13.616,0.161947767125819
13.618,0.165722777181871
13.62,0.169478216762555
13.622,0.173213811321475
13.624,0.176929288671921
13.626,0.180624379008937
13.628,0.184298814931141
13.63,0.187952331462258
13.632,0.191584666072405
13.634,0.195195558699094
13.636,0.198784751767968
13.638,0.202351990213257
13.64,0.205897021497972
13.642,0.209419595633801
13.644,0.212919465200745
13.646,0.216396385366458
13.648,0.21985011390532
13.65,0.223280411217207
13.652,0.226687040345995
13.654,0.230069766997754
13.656,0.233428359558674
13.658,0.236762589112686
13.66,0.240072229458795
13.662,0.243357057128122
13.664,0.246616851400647
13.666,0.249851394321653
13.668,0.253060470717878
13.67,0.256243868213361
13.672,0.259401377244995
13.674,0.262532791077766
13.676,0.265637905819702
13.678,0.268716520436503
13.68,0.271768436765879
13.682,0.274793459531566
13.684,0.277791396357055
13.686,0.280762057778977
13.688,0.283705257260219
13.69,0.286620811202694
13.692,0.289508538959818
13.694,0.292368262848661
13.696,0.2951998081618
13.698,0.298003003178831
13.7,0.300777679177591
13.702,0.303523670445043
13.704,0.306240814287855
13.706,0.308928951042651
13.708,0.311587924085954
13.71,0.314217579843788
13.712,0.316817767800984
13.714,0.319388340510144
13.716,0.321929153600293
13.718,0.324440065785203
13.72,0.326920938871401
13.722,0.329371637765836
13.724,0.331792030483241
13.726,0.334181988153157
13.728,0.336541385026637
13.73,0.338870098482618
13.732,0.34116800903398
13.734,0.343435000333253
13.736,0.34567095917803
13.738,0.347875775516021
13.74,0.350049342449804
13.742,0.352191556241231
13.744,0.354302316315519
13.746,0.356381525265001
13.748,0.358429088852558
13.75,0.360444916014721
13.752,0.36242891886444
13.754,0.364381012693527
13.756,0.366301115974779
13.758,0.368189150363757
13.76,0.370045040700249
13.762,0.371868715009405
13.764,0.373660104502536
13.766,0.375419143577592
13.768,0.377145769819311
13.77,0.378839923999042
13.772,0.38050155007424
13.774,0.382130595187634
13.776,0.383727009666072
13.778,0.385290747019036
13.78,0.386821763936835
13.782,0.388320020288474
13.784,0.389785479119195
13.786,0.391218106647698
13.788,0.392617872263041
13.79,0.393984748521207
13.792,0.395318711141362
13.794,0.396619739001785
13.796,0.397887814135478
13.798,0.399122921725457
13.8,0.400325050099726
13.802,0.401494190725931
13.804,0.402630338205693
13.806,0.403733490268633
13.808,0.404803647766074
13.81,0.405840814664431
13.812,0.406844998038292
13.814,0.407816208063176
13.816,0.408754458007986
13.818,0.409659764227158
13.82,0.410532146152483
13.822,0.411371626284637
13.824,0.412178230184398
13.826,0.412951986463552
13.828,0.413692926775505
13.83,0.414401085805582
13.832,0.415076501261027
13.834,0.415719213860701
13.836,0.416329267324485
13.838,0.416906708362378
13.84,0.417451586663302
13.842,0.417963954883613
13.844,0.418443868635315
13.846,0.418891386473977
13.848,0.419306569886374
13.85,0.41968948327782
13.852,0.420040193959226
13.854,0.420358772133874
13.856,0.420645290883885
13.858,0.420899826156434
13.86,0.421122456749661
13.862,0.421313264298312
13.864,0.421472333259102
13.866,0.4215997508958
13.868,0.421695607264039
13.87,0.421759995195855
13.872,0.421793010283955
13.874,0.421794750865722
13.876,0.42176531800694
13.878,0.421704815485264
13.88,0.42161334977343
13.882,0.421491030022194
13.884,0.42133796804302
13.886,0.421154278290509
13.888,0.420940077844571
13.89,0.420695486392347
13.892,0.42042062620988
13.894,0.420115622143536
13.896,0.419780601591184
13.898,0.419415694483126
13.9,0.419021033262782
13.902,0.418596752867149
13.904,0.418142990707009
13.906,0.41765988664691
13.908,0.417147582984908
13.91,0.416606224432088
13.912,0.416035958091848
13.914,0.415436933438954
13.916,0.414809302298394
13.918,0.414153218823977
13.92,0.413468839476749
13.922,0.412756323003164
13.924,0.412015830413059
13.926,0.411247524957411
13.928,0.410451572105891
13.93,0.409628139524205
13.932,0.408777397051234
13.934,0.407899516675979
13.936,0.406994672514304
13.938,0.406063040785476
13.94,0.405104799788527
13.942,0.404120129878415
13.944,0.403109213442003
13.946,0.402072234873846
13.948,0.401009380551807
13.95,0.399920838812484
13.952,0.398806799926465
13.954,0.397667456073412
13.956,0.396503001316966
13.958,0.395313631579488
13.96,0.394099544616642
13.962,0.392860939991799
13.964,0.391598019050298
13.966,0.390310984893543
13.968,0.389000042352943
13.97,0.387665397963705
13.972,0.386307259938483
13.974,0.384925838140867
13.976,0.383521344058753
13.978,0.382093990777552
13.98,0.380643992953275
13.982,0.379171566785477
13.984,0.377676929990083
13.986,0.376160301772069
13.988,0.374621902798035
13.99,0.373061955168649
13.992,0.371480682390974
13.994,0.369878309350675
13.996,0.368255062284128
13.998,0.366611168750401
14,0.364946857603145
14.002,0.363262358962374
14.004,0.361557904186147
14.006,0.359833725842153
14.008,0.358090057679205
14.01,0.35632713459864
14.012,0.354545192625634
14.014,0.35274446888043
14.016,0.350925201549492
14.018,0.349087629856571
14.02,0.347231994033706
14.022,0.345358535292151
14.024,0.343467495793226
14.026,0.341559118619112
14.028,0.339633647743582
14.03,0.337691328002672
14.032,0.335732405065296
14.034,0.333757125403811
14.036,0.33176573626453
14.038,0.32975848563819
14.04,0.327735622230379
14.042,0.325697395431921
14.044,0.323644055289229
14.046,0.321575852474617
14.048,0.319493038256592
14.05,0.31739586447011
14.052,0.315284583486818
14.054,0.313159448185265
14.056,0.311020711921109
14.058,0.308868628497296
14.06,0.306703452134245
14.062,0.304525437440004
14.064,0.302334839380427
14.066,0.300131913249331
14.068,0.297916914638663
14.07,0.295690099408674
14.072,0.293451723658098
14.074,0.291202043694343
14.076,0.288941316003704
14.078,0.286669797221588
14.08,0.284387744102757
14.082,0.282095413491611
14.084,0.279793062292479
14.086,0.277480947439962
14.088,0.275159325869292
14.09,0.272828454486743
14.092,0.270488590140068
14.094,0.268139989589005
14.096,0.265782909475795
14.098,0.263417606295784
14.1,0.261044336368058
14.102,0.258663355806143
14.104,0.256274920488759
14.106,0.253879286030647
14.108,0.251476707753448
14.11,0.249067440656666
14.112,0.246651739388694
14.114,0.244229858217914
14.116,0.241802051003887
14.118,0.239368571168608
14.12,0.236929671667864
14.122,0.234485604962661
14.124,0.232036622990758
14.126,0.229582977138288
14.128,0.227124918211469
14.13,0.224662696408427
14.132,0.222196561291121
14.134,0.219726761757359
14.136,0.21725354601294
14.138,0.214777161543902
14.14,0.212297855088881
14.142,0.209815872611591
14.144,0.207331459273426
14.146,0.204844859406185
14.148,0.202356316484917
14.15,0.199866073100906
14.152,0.197374370934782
14.154,0.194881450729768
14.156,0.192387552265063
14.158,0.189892914329372
14.16,0.187397774694569
14.162,0.18490237008952
14.164,0.182406936174042
14.166,0.179911707513023
14.168,0.177416917550692
14.17,0.174922798585049
14.172,0.172429581742451
14.174,0.169937496952368
14.176,0.167446772922293
14.178,0.164957637112835
14.18,0.16247031571297
14.182,0.159985033615469
14.184,0.157502014392505
14.186,0.155021480271438
14.188,0.152543652110776
14.19,0.150068749376324
14.192,0.147596990117518
14.194,0.145128590943949
14.196,0.142663767002074
14.198,0.140202731952127
14.2,0.137745697945217
14.202,0.135292875600635
14.204,0.13284447398335
14.206,0.13040070058172
14.208,0.127961761285398
14.21,0.125527860363452
14.212,0.123099200442695
14.214,0.120675982486224
14.216,0.118258405772173
14.218,0.115846667872691
14.22,0.113440964633126
14.222,0.111041490151443
14.224,0.108648436757855
14.226,0.106261994994684
14.228,0.103882353596453
14.23,0.101509699470202
14.232,0.0991442176760356
14.234,0.0967860914079104
14.236,0.0944355019746489
14.238,0.0920926287812016
14.24,0.0897576493101385
14.242,0.0874307391033891
14.244,0.085112071744224
14.246,0.0828018188394815
14.248,0.0805001500020393
14.25,0.0782072328335406
14.252,0.0759232329073619
14.254,0.0736483137518469
14.256,0.0713826368337789
14.258,0.0691263615421209
14.26,0.06687964517201
14.262,0.064642642909008
14.264,0.0624155078136155
14.266,0.0601983908060518
14.268,0.0579914406512907
14.27,0.0557948039443706
14.272,0.0536086250959645
14.274,0.0514330463182232
14.276,0.049268207610889
14.278,0.0471142467476751
14.28,0.0449712992629243
14.282,0.0428394984385405
14.284,0.0407189752911902
14.286,0.0386098585597909
14.288,0.0365122746932666
14.29,0.0344263478385922
14.292,0.0323521998291115
14.294,0.0302899501731408
14.296,0.0282397160428537
14.298,0.0262016122634526
14.3,0.0241757513026187
14.302,0.0221622432602594
14.304,0.0201611958585273
14.306,0.0181727144321465
14.308,0.0161969019190073
14.31,0.0142338588510702
14.312,0.0122836833455452
14.314,0.0103464710963757
14.316,0.00842231536600452
14.318,0.00651130697744147
14.32,0.00461353430661884
14.322,0.00272908327504787
14.324,0.00085803734276522
14.326,-0.00099952249841975
14.328,-0.00284351773138333
14.33,-0.00467387231984566
14.332,-0.00649051271423402
14.334,-0.00829336785724628
14.336,-0.0100823691891096
14.338,-0.0118574506525508
14.34,-0.0136185486974528
14.342,-0.0153656022852238
14.344,-0.0170985528928541
14.346,-0.0188173445166789
14.348,-0.0205219236758349
14.35,-0.022212239415419
14.352,-0.0238882433093404
14.354,-0.0255498894628736
14.356,-0.0271971345149066
14.358,-0.0288299376398877
14.36,-0.030448260549468
14.362,-0.0320520674938412
14.364,-0.0336413252627812
14.366,-0.0352160031863759
14.368,-0.0367760731354558
14.37,-0.0383215095217243
14.372,-0.0398522892975794
14.374,-0.0413683919556363
14.376,-0.042869799527945
14.378,-0.0443564965849089
14.38,-0.0458284702338924
14.382,-0.0472857101175386
14.384,-0.0487282084117724
14.386,-0.0501559598235133
14.388,-0.0515689615880757
14.39,-0.0529672134662808
14.392,-0.0543507177412542
14.394,-0.0557194792149345
14.396,-0.0570735052042762
14.398,-0.0584128055371553
14.4,-0.0597373925479759
14.402,-0.0610472810729795
14.404,-0.0623424884452542
14.406,-0.0636230344894494
14.408,-0.0648889415161945
14.41,-0.0661402343162191
14.412,-0.0673769401541813
14.414,-0.068599088762201
14.416,-0.0698067123330988
14.418,-0.0709998455133425
14.42,-0.0721785253957044
14.422,-0.0733427915116236
14.424,-0.0744926858232816
14.426,-0.0756282527153901
14.428,-0.0767495389866825
14.43,-0.0778565938411314
14.432,-0.0789494688788668
14.434,-0.080028218086822
14.436,-0.0810928978290836
14.438,-0.0821435668369667
14.44,-0.083180286198807
14.442,-0.0842031193494702
14.444,-0.0852121320595836
14.446,-0.0862073924244921
14.448,-0.087188970852933
14.45,-0.0881569400554374
14.452,-0.08911137503246
14.454,-0.0900523530622313
14.456,-0.0909799536883436
14.458,-0.0918942587070637
14.46,-0.0927953521543773
14.462,-0.093683320292768
14.464,-0.0945582515977313
14.466,-0.0954202367440211
14.468,-0.0962693685916379
14.47,-0.0971057421715563
14.472,-0.0979294546711865
14.474,-0.0987406054195891
14.476,-0.099539295872423
14.478,-0.10032562959665
14.48,-0.101099712254978
14.482,-0.101861651590058
14.484,-0.102611557408433
14.486,-0.103349541564234
14.488,-0.10407571794264
14.49,-0.104790202443089
14.492,-0.105493112962242
14.494,-0.106184569376723
14.496,-0.106864693525607
14.498,-0.107533609192676
14.5,-0.108191442088448
14.502,-0.108838319831965
14.504,-0.109474371932359
14.506,-0.110099729770181
14.508,-0.11071452657852
14.51,-0.111318897423883
14.512,-0.11191297918686
14.514,-0.112496910542578
14.516,-0.113070831940921
14.518,-0.11363488558655
14.52,-0.114189215418707
14.522,-0.114733967090804
14.524,-0.115269287949807
14.526,-0.115795327015426
14.528,-0.116312234959077
14.53,-0.116820164082664
14.532,-0.117319268297158
14.534,-0.117809703100974
14.536,-0.118291625558159
14.538,-0.118765194276391
14.54,-0.119230569384785
14.542,-0.119687912511509
14.544,-0.12013738676123
14.546,-0.120579156692363
14.548,-0.121013388294152
14.55,-0.121440248963571
14.552,-0.12185990748205
14.554,-0.12227253399203
14.556,-0.122678299973357
14.558,-0.123077378219502
14.56,-0.123469942813612
14.562,-0.123856169104424
14.564,-0.124236233681995
14.566,-0.124610314353291
14.568,-0.124978590117622
14.57,-0.125341241141926
14.572,-0.125698448735907
14.574,-0.126050395327023
14.576,-0.126397264435345
14.578,-0.126739240648266
14.58,-0.127076509595082
14.582,-0.127409257921435
14.584,-0.127737673263628
14.586,-0.128061944222813
14.588,-0.128382260339053
14.59,-0.128698812065268
14.592,-0.129011790741058
14.594,-0.129321388566405
14.596,-0.129627798575278
14.598,-0.129931214609111
14.6,-0.130231831290185
14.602,-0.130529843994904
14.604,-0.130825448826969
14.606,-0.131118842590456
14.608,-0.13141022276279
14.61,-0.131699787467643
14.612,-0.131987735447741
14.614,-0.132274266037557
14.616,-0.132559579135969
14.618,-0.132843875178799
14.62,-0.133127355111288
14.622,-0.133410220360507
14.624,-0.133692672807684
14.626,-0.133974914760466
14.628,-0.13425714892513
14.63,-0.134539578378708
14.632,-0.134822406541076
14.634,-0.135105837146983
14.636,-0.135390074218018
14.638,-0.13567532203454
14.64,-0.135961785107556
14.642,-0.136249668150556
14.644,-0.136539176051317
14.646,-0.136830513843655
14.648,-0.137123886679165
14.65,-0.13741949979891
14.652,-0.137717558505095
14.654,-0.138018268132721
14.656,-0.138321834021202
14.658,-0.138628461485986
14.66,-0.138938355790145
14.662,-0.139251722115961
14.664,-0.139568765536504
14.666,-0.139889690987208
14.668,-0.140214703237435
14.67,-0.140544006862059
14.672,-0.140877806213033
14.674,-0.141216305390985
14.676,-0.141559708216809
14.678,-0.141908218203274
14.68,-0.14226203852667
14.682,-0.142621371998436
14.684,-0.142986421036853
14.686,-0.143357387638738
14.688,-0.143734473351171
14.69,-0.144117879243271
14.692,-0.144507805877993
14.694,-0.144904453283968
14.696,-0.145308020927387
14.698,-0.145718707683942
14.7,-0.146136711810792
14.702,-0.146562230918607
14.704,-0.146995461943653
14.706,-0.147436601119935
14.708,-0.147885843951411
14.71,-0.148343385184264
14.712,-0.14880941877924
14.714,-0.14928413788407
14.716,-0.149767734805949
14.718,-0.150260400984106
14.72,-0.150762326962443
14.722,-0.151273702362272
14.724,-0.151794715855123
14.726,-0.152325555135649
14.728,-0.152866406894636
14.73,-0.153417456792078
14.732,-0.153978889430382
14.734,-0.154550888327662
14.736,-0.15513363589113
14.738,-0.15572731339061
14.74,-0.156332100932157
14.742,-0.156948177431781
14.744,-0.157575720589303
14.746,-0.158214906862319
14.748,-0.158865911440297
14.75,-0.159528908218787
14.752,-0.160204069773769
14.754,-0.160891567336133
14.756,-0.161591570766286
14.758,-0.1623042485289
14.76,-0.163029767667813
14.762,-0.163768293781044
14.764,-0.16451999099598
14.766,-0.165285021944705
14.768,-0.166063547739472
14.77,-0.166855727948339
14.772,-0.167661720570962
14.774,-0.168481682014533
14.776,-0.169315767069911
14.778,-0.170164128887881
14.78,-0.171026918955608
14.782,-0.171904287073258
14.784,-0.172796381330782
14.786,-0.173703348084883
14.788,-0.17462533193616
14.79,-0.175562475706441
14.792,-0.176514920416286
14.794,-0.177482805262686
14.796,-0.178466267596954
14.798,-0.1794654429028
14.8,-0.180480464774598
14.802,-0.181511464895867
14.804,-0.182558573017932
14.806,-0.183621916938792
14.808,-0.184701622482204
14.81,-0.185797813476956
14.812,-0.186910611736361
14.814,-0.188040137037957
14.816,-0.189186507103429
14.818,-0.190349837578732
14.82,-0.191530242014449
14.822,-0.192727831846357
14.824,-0.193942716376225
14.826,-0.195175002752832
14.828,-0.196424795953218
14.83,-0.197692198764158
14.832,-0.198977311763868
14.834,-0.20028023330396
14.836,-0.201601059491606
14.838,-0.202939884171971
14.84,-0.204296798910864
14.842,-0.205671892977638
14.844,-0.207065253328341
14.846,-0.208476964589105
14.848,-0.209907109039788
14.85,-0.211355766597869
14.852,-0.212823014802584
14.854,-0.214308928799335
14.856,-0.215813581324337
14.858,-0.217337042689538
14.86,-0.21887938076778
14.862,-0.220440660978254
14.864,-0.222020946272178
14.866,-0.223620297118773
14.868,-0.225238771491492
14.87,-0.226876424854519
14.872,-0.228533310149539
14.874,-0.230209477782779
14.876,-0.231904975612326
14.878,-0.233619848935719
14.88,-0.235354140477814
14.882,-0.237107890378935
14.884,-0.238881136183296
14.886,-0.240673912827708
14.888,-0.242486252630576
14.89,-0.244318185281166
14.892,-0.246169737829167
14.894,-0.248040934674545
14.896,-0.249931797557665
14.898,-0.251842345549728
14.9,-0.253772595043479
14.902,-0.255722559744218
14.904,-0.2576922506611
14.906,-0.259681676098728
14.908,-0.261690841649048
14.91,-0.26371975018353
14.912,-0.265768401845657
14.914,-0.267836794043709
14.916,-0.269924921443843
14.918,-0.272032775963481
14.92,-0.274160346764993
14.922,-0.276307620249685
14.924,-0.278474580052093
14.926,-0.280661207034579
14.928,-0.282867479282229
14.93,-0.285093372098064
14.932,-0.287338857998554
14.934,-0.289603906709438
14.936,-0.29188848516185
14.938,-0.294192557488769
14.94,-0.296516085021752
14.942,-0.298859026288007
14.944,-0.301221337007746
14.946,-0.303602970091879
14.948,-0.306003875639997
14.95,-0.30842400093868
14.952,-0.310863290460109
14.954,-0.313321685860997
14.956,-0.315799125981835
14.958,-0.318295546846443
14.96,-0.320810881661839
14.962,-0.323345060818433
14.964,-0.325898011890515
14.966,-0.328469659637074
14.968,-0.331059926002927
14.97,-0.333668730120158
14.972,-0.336295988309883
14.974,-0.33894161408432
14.976,-0.341605518149177
14.978,-0.344287608406361
14.98,-0.346987789956991
14.982,-0.349705965104741
14.984,-0.352442033359479
14.986,-0.355195891441247
14.988,-0.357967433284523
14.99,-0.360756550042829
14.992,-0.363563130093632
14.994,-0.36638705904357
14.996,-0.369228219733989
14.998,-0.372086492246788
15,-0.374961753910589
15.002,-0.377853879307208
15.004,-0.380762740278446
15.006,-0.383688205933185
15.008,-0.386630142654807
15.01,-0.389588414108909
15.012,-0.392562881251339
15.014,-0.395553402336537
15.016,-0.398559832926188
15.018,-0.401582025898183
15.02,-0.404619831455884
15.022,-0.407673097137698
15.024,-0.410741667826961
15.026,-0.413825385762122
15.028,-0.416924090547241
15.03,-0.420037619162769
15.032,-0.423165805976663
15.034,-0.426308482755776
15.036,-0.429465478677561
15.038,-0.432636620342069
15.04,-0.435821731784255
15.042,-0.439020634486575
15.044,-0.442233147391878
15.046,-0.445459086916596
15.048,-0.448698266964238
15.05,-0.451950498939163
15.052,-0.455215591760655
15.054,-0.458493351877282
15.056,-0.461783583281554
15.058,-0.465086087524861
15.06,-0.468400663732707
15.062,-0.471727108620216
15.064,-0.475065216507941
15.066,-0.478414779337937
15.068,-0.481775586690136
15.07,-0.48514742579898
15.072,-0.48853008157035
15.074,-0.491923336598768
15.076,-0.49532697118487
15.078,-0.498740763353149
15.08,-0.502164488869991
15.082,-0.505597921261957
15.084,-0.509040831834351
15.086,-0.512492989690039
15.088,-0.515954161748559
15.09,-0.519424112765466
15.092,-0.52290260535196
15.094,-0.526389399994761
15.096,-0.529884255076254
15.098,-0.533386926894879
15.1,-0.536897169685783
15.102,-0.540414735641728
15.104,-0.543939374934228
15.106,-0.547470835734966
15.108,-0.551008864237441
15.11,-0.554553204678854
15.112,-0.558103599362242
15.114,-0.561659788678861
15.116,-0.565221511130801
15.118,-0.568788503353827
15.12,-0.572360500140463
15.122,-0.57593723446332
15.124,-0.579518437498631
15.126,-0.583103838650023
15.128,-0.586693165572517
15.13,-0.59028614419675
15.132,-0.59388249875341
15.134,-0.5974819517979
15.136,-0.601084224235203
15.138,-0.60468903534498
15.14,-0.608296102806861
15.142,-0.611905142725953
15.144,-0.615515869658549
15.146,-0.619127996638046
15.148,-0.622741235201061
15.15,-0.626355295413749
15.152,-0.629969885898301
15.154,-0.633584713859662
15.156,-0.637199485112415
15.158,-0.640813904107868
15.16,-0.644427673961317
15.162,-0.648040496479498
15.164,-0.651652072188219
15.166,-0.655262100360163
15.168,-0.658870279042865
15.17,-0.662476305086878
15.172,-0.666079874174085
15.174,-0.669680680846191
15.176,-0.67327841853337
15.178,-0.676872779583084
15.18,-0.680463455289049
15.182,-0.684050135920363
15.184,-0.687632510750775
15.186,-0.691210268088122
15.188,-0.694783095303892
15.19,-0.698350678862948
15.192,-0.701912704353372
15.194,-0.705468856516471
15.196,-0.709018819276896
15.198,-0.712562275772906
15.2,-0.716098908386746
15.202,-0.719628398775172
15.204,-0.723150427900082
15.206,-0.726664676059265
15.208,-0.730170822917275
15.21,-0.733668547536416
15.212,-0.737157528407834
15.214,-0.740637443482721
15.216,-0.744107970203609
15.218,-0.747568785535788
15.22,-0.751019565998804
15.222,-0.75445998769805
15.224,-0.757889726356463
15.226,-0.761308457346295
15.228,-0.764715855720975
15.23,-0.768111596247054
15.232,-0.771495353436221
15.234,-0.774866801577404
15.236,-0.778225614768939
15.238,-0.781571466950805
15.24,-0.784904031936922
15.242,-0.788222983447524
15.244,-0.791527995141581
15.246,-0.794818740649272
15.248,-0.798094893604524
15.25,-0.801356127677589
15.252,-0.804602116607676
15.254,-0.807832534235614
15.256,-0.811047054536561
15.258,-0.814245351652756
15.26,-0.817427099926286
15.262,-0.820591973931901
15.264,-0.823739648509837
15.266,-0.826869798798682
15.268,-0.829982100268242
15.27,-0.833076228752431
15.272,-0.836151860482178
15.274,-0.839208672118336
15.276,-0.842246340784597
15.278,-0.84526454410042
15.28,-0.848262960213939
15.282,-0.85124126783489
15.284,-0.854199146267508
15.286,-0.857136275443432
15.288,-0.860052335954576
15.29,-0.862947009086005
15.292,-0.865819976848774
15.294,-0.868670922012744
15.296,-0.871499528139375
15.298,-0.874305479614488
15.3,-0.877088461680988
15.302,-0.879848160471555
15.304,-0.882584263041282
15.306,-0.885296457400286
15.308,-0.887984432546258
15.31,-0.890647878496966
15.312,-0.893286486322699
15.314,-0.895899948178664
15.316,-0.898487957337309
15.318,-0.901050208220589
15.32,-0.903586396432159
15.322,-0.906096218789501
15.324,-0.908579373355975
15.326,-0.911035559472789
15.328,-0.913464477790886
15.33,-0.915865830302756
15.332,-0.91823932037415
15.334,-0.920584652775711
15.336,-0.922901533714495
15.338,-0.925189670865422
15.34,-0.927448773402597
15.342,-0.929678552030543
15.344,-0.931878719015325
15.346,-0.934048988215554
15.348,-0.936189075113294
15.35,-0.938298696844834
15.352,-0.940377572231344
15.354,-0.942425421809421
15.356,-0.944441967861491
15.358,-0.946426934446087
15.36,-0.948380047427997
15.362,-0.95030103450827
15.364,-0.952189625254086
15.366,-0.954045551128488
15.368,-0.955868545519957
15.37,-0.95765834377184
15.372,-0.959414683211643
15.374,-0.961137303180143
15.376,-0.962825945060365
15.378,-0.964480352306378
15.38,-0.966100270471945
15.382,-0.967685447238991
15.384,-0.96923563244591
15.386,-0.970750578115693
15.388,-0.972230038483883
15.39,-0.973673770026353
15.392,-0.975081531486895
15.394,-0.976453083904628
15.396,-0.977788190641218
15.398,-0.979086617407909
15.4,-0.980348132292356
15.402,-0.981572505785259
15.404,-0.982759510806811
15.406,-0.983908922732926
15.408,-0.985020519421274
15.41,-0.986094081237104
15.412,-0.987129391078855
15.414,-0.988126234403558
15.416,-0.989084399252014
15.418,-0.990003676273763
15.42,-0.990883858751825
15.422,-0.991724742627214
15.424,-0.992526126523236
15.426,-0.993287811769546
15.428,-0.994009602425978
15.43,-0.994691305306143
15.432,-0.995332730000781
15.434,-0.995933688900886
15.436,-0.996493997220571
15.438,-0.997013473019712
15.44,-0.997491937226319
15.442,-0.997929213658679
15.444,-0.998325129047227
15.446,-0.998679513056184
15.448,-0.998992198304921
15.45,-0.999263020389066
15.452,-0.999491817901362
15.454,-0.999678432452243
15.456,-0.999822708690162
15.458,-0.99992449432163
15.46,-0.999983640131006
15.462,-1
15.464,-0.999973430926901
15.466,-0.999903793045538
15.468,-0.999790949643951
15.47,-0.999634767182787
15.472,-0.999435115313411
15.474,-0.999191866895724
15.476,-0.998904898015714
15.478,-0.998574088002688
15.48,-0.99819931944624
15.482,-0.99778047821291
15.484,-0.997317453462552
15.486,-0.996810137664401
15.488,-0.996258426612852
15.49,-0.995662219442926
15.492,-0.995021418645436
15.494,-0.994335930081858
15.496,-0.993605662998877
15.498,-0.992830530042653
15.5,-0.992010447272745
15.502,-0.991145334175751
15.504,-0.990235113678621
15.506,-0.989279712161661
15.508,-0.988279059471217
15.51,-0.987233088932044
15.512,-0.98614173735936
15.514,-0.985004945070575
15.516,-0.983822655896696
15.518,-0.982594817193419
15.52,-0.981321379851878
15.522,-0.980002298309096
15.524,-0.978637530558081
15.526,-0.977227038157608
15.528,-0.975770786241675
15.53,-0.974268743528614
15.532,-0.972720882329887
15.534,-0.97112717855853
15.536,-0.969487611737283
15.538,-0.96780216500637
15.54,-0.966070825130948
15.542,-0.964293582508222
15.544,-0.962470431174207
15.546,-0.960601368810181
15.548,-0.958686396748758
15.55,-0.956725519979656
15.552,-0.954718747155097
15.554,-0.952666090594889
15.556,-0.950567566291133
15.558,-0.948423193912621
15.56,-0.94623299680886
15.562,-0.943997002013768
15.564,-0.94171524024902
15.566,-0.939387745927036
15.568,-0.937014557153644
15.57,-0.934595715730373
15.572,-0.932131267156414
15.574,-0.929621260630219
15.576,-0.927065749050756
15.578,-0.924464789018428
15.58,-0.921818440835611
15.582,-0.919126768506875
15.584,-0.916389839738831
15.586,-0.91360772593964
15.588,-0.910780502218165
15.59,-0.907908247382768
15.592,-0.904991043939769
15.594,-0.902028978091542
15.596,-0.899022139734259
15.598,-0.895970622455292
15.6,-0.892874523530247
15.602,-0.889733943919671
15.604,-0.886548988265378
15.606,-0.883319764886447
15.608,-0.880046385774853
15.61,-0.876728966590766
15.612,-0.873367626657471
15.614,-0.869962488955958
15.616,-0.866513680119162
15.618,-0.863021330425835
15.62,-0.859485573794095
15.622,-0.855906547774593
15.624,-0.85228439354336
15.626,-0.848619255894285
15.628,-0.844911283231264
15.63,-0.841160627559977
15.632,-0.837367444479336
15.634,-0.833531893172584
15.636,-0.829654136398046
15.638,-0.825734340479525
15.64,-0.82177267529637
15.642,-0.817769314273188
15.644,-0.813724434369222
15.646,-0.809638216067374
15.648,-0.805510843362901
15.65,-0.80134250375175
15.652,-0.79713338821859
15.654,-0.792883691224451
15.656,-0.788593610694079
15.658,-0.784263348002915
15.66,-0.779893107963762
15.662,-0.775483098813103
15.664,-0.771033532197089
15.666,-0.766544623157197
15.668,-0.762016590115557
15.67,-0.757449654859942
15.672,-0.752844042528435
15.674,-0.748199981593758
15.676,-0.743517703847304
15.678,-0.738797444382792
15.68,-0.734039441579652
15.682,-0.729243937086045
15.684,-0.724411175801604
15.686,-0.719541405859805
15.688,-0.714634878610056
15.69,-0.709691848599467
15.692,-0.704712573554289
15.694,-0.699697314361047
15.696,-0.694646335047364
15.698,-0.689559902762468
15.7,-0.68443828775741
15.702,-0.679281763364931
15.704,-0.674090605979079
15.706,-0.668865095034475
15.708,-0.66360551298532
15.71,-0.658312145284054
15.712,-0.652985280359765
15.714,-0.647625209596264
15.716,-0.642232227309894
15.718,-0.636806630727028
15.72,-0.631348719961278
15.722,-0.625858797990428
15.724,-0.620337170633076
15.726,-0.614784146524979
15.728,-0.609200037095133
15.73,-0.603585156541564
15.732,-0.59793982180685
15.734,-0.592264352553343
15.736,-0.586559071138155
15.738,-0.580824302587838
15.74,-0.575060374572826
15.742,-0.569267617381576
15.744,-0.563446363894471
15.746,-0.557596949557457
15.748,-0.551719712355415
15.75,-0.545814992785269
15.752,-0.539883133828853
15.754,-0.533924480925521
15.756,-0.52793938194451
15.758,-0.521928187157035
15.76,-0.515891249208177
15.762,-0.509828923088486
15.764,-0.503741566105391
15.766,-0.49762953785432
15.768,-0.49149320018963
15.77,-0.485332917195285
15.772,-0.479149055155307
15.774,-0.472941982523999
15.776,-0.46671206989595
15.778,-0.460459689975811
15.78,-0.454185217547866
15.782,-0.447889029445367
15.784,-0.441571504519678
15.786,-0.435233023609188
15.788,-0.428873969508048
15.79,-0.422494726934659
15.792,-0.416095682500001
15.794,-0.409677224675741
15.796,-0.403239743762153
15.798,-0.396783631855843
15.8,-0.39030928281728
15.802,-0.383817092238153
15.804,-0.377307457408538
15.806,-0.37078077728388
15.808,-0.364237452451801
15.81,-0.357677885098732
15.812,-0.351102478976393
15.814,-0.344511639368065
15.816,-0.337905773054735
15.818,-0.331285288281056
15.82,-0.324650594721174
15.822,-0.318002103444359
15.824,-0.311340226880521
15.826,-0.304665378785562
15.828,-0.297977974206585
15.83,-0.291278429446951
15.832,-0.284567162031213
15.834,-0.277844590669898
15.836,-0.271111135224177
15.838,-0.264367216670377
15.84,-0.25761325706439
15.842,-0.250849679505948
15.844,-0.244076908102793
15.846,-0.237295367934703
15.848,-0.230505485017433
15.85,-0.223707686266532
15.852,-0.216902399461068
15.854,-0.210090053207225
15.856,-0.203271076901823
15.858,-0.196445900695736
15.86,-0.189614955457224
15.862,-0.182778672735156
15.864,-0.175937484722171
15.866,-0.169091824217744
15.868,-0.162242124591174
15.87,-0.155388819744513
15.872,-0.148532344075393
15.874,-0.141673132439812
15.876,-0.134811620114841
15.878,-0.127948242761292
15.88,-0.121083436386285
15.882,-0.114217637305809
15.884,-0.107351282107197
15.886,-0.100484807611595
15.888,-0.0936186508363253
15.89,-0.0867532489572727
15.892,-0.0798890392711987
15.894,-0.0730264591580407
15.896,-0.066165946043165
15.898,-0.0593079373596064
15.9,-0.0524528705102862
15.902,-0.0456011828302178
15.904,-0.038753311548669
15.906,-0.0319096937513504
15.908,-0.0250707663425683
15.91,-0.0182369660074025
15.912,-0.0114087291738413
15.914,-0.00458649197496452
15.916,0.00222930978889704
15.918,0.00903824068796827
15.92,0.0158398657008514
15.922,0.0226337502523043
15.924,0.029419460251009
15.926,0.0361965621273052
15.928,0.042964622870915
15.93,0.0497232100686179
15.932,0.0564718919418994
15.934,0.0632102373845393
15.936,0.0699378160002028
15.938,0.0766541981399373
15.94,0.0833589549396481
15.942,0.0900516583574964
15.944,0.0967318812112765
15.946,0.103399197215696
15.948,0.110053181019613
15.95,0.116693408243186
15.952,0.123319455514987
15.954,0.129930900509002
15.956,0.136527321981573
15.958,0.143108299808252
15.96,0.149673415020575
15.962,0.156222249842743
15.964,0.162754387728212
15.966,0.16926941339617
15.968,0.175766912867955
15.97,0.18224647350333
15.972,0.188707684036671
15.974,0.195150134613029
15.976,0.201573416824109
15.978,0.207977123744102
15.98,0.214360849965405
15.982,0.220724191634224
15.984,0.227066746486047
15.986,0.233388113880982
15.988,0.239687894838971
15.99,0.245965692074839
15.992,0.252221110033251
15.994,0.258453754923477
15.996,0.264663234754038
15.998,0.270849159367181
16,0.277011140473227
16.002,0.283148791684739
16.004,0.289261728550532
16.006,0.295349568589523
16.008,0.301411931324424
16.01,0.307448438315241
16.012,0.313458713192624
16.014,0.319442381691018
16.016,0.325399071681654
16.018,0.331328413205339
16.02,0.337230038505079
16.022,0.343103582058482
16.024,0.348948680610009
16.026,0.354764973202991
16.028,0.360552101211472
16.03,0.366309708371836
16.032,0.372037440814239
16.034,0.377734947093827
16.036,0.383401878221742
16.038,0.389037887695913
16.04,0.394642631531639
16.042,0.400215768291943
16.044,0.405756959117707
16.046,0.41126586775757
16.048,0.416742160597622
16.05,0.42218550669084
16.052,0.427595577786304
16.054,0.432972048358171
16.056,0.438314595634407
16.058,0.443622899625286
16.06,0.448896643151633
16.062,0.454135511872813
16.064,0.459339194314491
16.066,0.464507381896114
16.068,0.469639768958155
16.07,0.474736052789077
16.072,0.479795933652058
16.074,0.484819114811442
16.076,0.489805302558917
16.078,0.494754206239424
16.08,0.499665538276812
16.082,0.504539014199194
16.084,0.509374352664042
16.086,0.514171275482986
16.088,0.518929507646364
16.09,0.523648777347446
16.092,0.528328816006402
16.094,0.532969358293963
16.096,0.537570142154805
16.098,0.54213090883063
16.1,0.546651402882954
16.102,0.551131372215588
16.104,0.555570568096843
16.106,0.559968745181403
16.108,0.564325661531918
16.11,0.568641078640266
16.112,0.572914761448533
16.114,0.577146478369661
16.116,0.581336001307797
16.118,0.585483105678308
16.12,0.589587570427509
16.122,0.593649178052047
16.124,0.597667714617973
16.126,0.601642969779492
16.128,0.605574736797384
16.13,0.609462812557114
16.132,0.613306997586591
16.134,0.617107096073616
16.136,0.620862915882985
16.138,0.624574268573273
16.14,0.628240969413274
16.142,0.631862837398104
16.144,0.635439695264966
16.146,0.638971369508587
16.148,0.642457690396295
16.15,0.645898491982772
16.152,0.649293612124442
16.154,0.652642892493541
16.156,0.655946178591816
16.158,0.659203319763885
16.16,0.662414169210247
16.162,0.665578583999948
16.164,0.668696425082881
16.166,0.671767557301743
16.168,0.674791849403631
16.17,0.677769174051294
16.172,0.680699407834015
16.174,0.683582431278138
16.176,0.686418128857244
16.178,0.689206389001956
16.18,0.691947104109393
16.182,0.694640170552257
16.184,0.697285488687551
16.186,0.699882962864952
16.188,0.702432501434798
16.19,0.704934016755724
16.192,0.707387425201925
16.194,0.709792647170053
16.196,0.712149607085755
16.198,0.714458233409825
16.2,0.716718458644004
16.202,0.718930219336402
16.204,0.721093456086555
16.206,0.723208113550105
16.208,0.725274140443111
16.21,0.727291489545996
16.212,0.729260117707109
16.214,0.731179985845926
16.216,0.73305105895587
16.218,0.734873306106766
16.22,0.736646700446917
16.222,0.738371219204804
16.224,0.740046843690421
16.226,0.741673559296231
16.228,0.743251355497743
16.23,0.744780225853728
16.232,0.746260168006043
16.234,0.7476911836791
16.236,0.749073278678943
16.238,0.750406462891968
16.24,0.751690750283248
16.242,0.752926158894507
16.244,0.754112710841704
16.246,0.755250432312246
16.248,0.756339353561836
16.25,0.757379508910934
16.252,0.758370936740861
16.254,0.759313679489515
16.256,0.760207783646725
16.258,0.76105329974923
16.26,0.761850282375288
16.262,0.76259879013891
16.264,0.763298885683727
16.266,0.763950635676491
16.268,0.764554110800195
16.27,0.765109385746838
16.272,0.765616539209813
16.274,0.766075653875931
16.276,0.766486816417078
16.278,0.766850117481504
16.28,0.767165651684753
16.282,0.76743351760022
16.284,0.767653817749356
16.286,0.767826658591498
16.288,0.767952150513346
16.29,0.768030407818075
16.292,0.768061548714096
16.294,0.768045695303443
16.296,0.767982973569819
16.298,0.767873513366272
16.3,0.767717448402531
16.302,0.767514916231968
16.304,0.767266058238226
16.306,0.766971019621489
16.308,0.766629949384393
16.31,0.766243000317602
16.312,0.765810328985029
16.314,0.765332095708711
16.316,0.764808464553337
16.318,0.764239603310443
16.32,0.76362568348225
16.322,0.762966880265177
16.324,0.762263372532996
16.326,0.761515342819679
16.328,0.760722977301872
16.33,0.759886465781069
16.332,0.759006001665435
16.334,0.758081781951298
16.336,0.757114007204327
16.338,0.756102881540359
16.34,0.755048612605931
16.342,0.753951411558456
16.344,0.752811493046104
16.346,0.75162907518735
16.348,0.750404379550202
16.35,0.749137631131125
16.352,0.747829058333641
16.354,0.746478892946621
16.356,0.745087370122264
16.358,0.743654728353772
16.36,0.742181209452724
16.362,0.740667058526131
16.364,0.739112523953207
16.366,0.737517857361828
16.368,0.735883313604706
16.37,0.734209150735256
16.372,0.732495629983178
16.374,0.730743015729748
16.376,0.728951575482824
16.378,0.727121579851557
16.38,0.725253302520829
16.382,0.723347020225409
16.384,0.721403012723824
16.386,0.719421562771964
16.388,0.717402956096409
16.39,0.71534748136748
16.392,0.713255430172032
16.394,0.711127096985979
16.396,0.708962779146549
16.398,0.706762776824291
16.4,0.704527392994806
16.402,0.702256933410253
16.404,0.699951706570562
16.406,0.697612023694438
16.408,0.695238198690093
16.41,0.692830548125739
16.412,0.69038939119985
16.414,0.687915049711167
16.416,0.685407848028488
16.418,0.682868113060215
16.42,0.680296174223662
16.422,0.677692363414161
16.424,0.675057014973915
16.426,0.67239046566066
16.428,0.669693054616077
16.43,0.66696512333402
16.432,0.664207015628504
16.434,0.661419077601515
16.436,0.658601657610581
16.438,0.655755106236164
16.44,0.652879776248842
16.442,0.649976022576302
16.444,0.647044202270128
16.446,0.644084674472408
16.448,0.641097800382154
16.45,0.638083943221532
16.452,0.635043468201917
16.454,0.631976742489767
16.456,0.628884135172321
16.458,0.625766017223142
16.46,0.62262276146746
16.462,0.619454742547386
16.464,0.616262336886942
16.466,0.613045922656944
16.468,0.609805879739722
16.47,0.606542589693697
16.472,0.603256435717805
16.474,0.599947802615784
16.476,0.596617076760309
16.478,0.593264646056998
16.48,0.589890899908276
16.482,0.58649622917713
16.484,0.583081026150696
16.486,0.579645684503766
16.488,0.576190599262143
16.49,0.572716166765905
16.492,0.569222784632529
16.494,0.565710851719919
16.496,0.562180768089339
16.498,0.558632934968221
16.5,0.555067754712885
16.502,0.551485630771161
16.504,0.547886967644928
16.506,0.54427217085255
16.508,0.54064164689123
16.51,0.536995803199299
16.512,0.533335048118394
16.514,0.529659790855606
16.516,0.525970441445511
16.518,0.52226741071217
16.52,0.518551110231046
16.522,0.514821952290868
16.524,0.511080349855439
16.526,0.507326716525384
16.528,0.503561466499863
16.53,0.499785014538226
16.532,0.49599777592163
16.534,0.492200166414621
16.536,0.488392602226678
16.538,0.48457549997373
16.54,0.48074927663964
16.542,0.476914349537671
16.544,0.47307113627193
16.546,0.469220054698797
16.548,0.465361522888339
16.55,0.461495959085717
16.552,0.457623781672587
16.554,0.453745409128504
16.556,0.449861259992323
16.558,0.445971752823601
16.56,0.442077306164019
16.562,0.438178338498821
16.564,0.434275268218245
16.566,0.430368513579006
16.568,0.426458492665773
16.57,0.42254562335271
16.572,0.418630323265006
16.574,0.414713009740473
16.576,0.410794099791167
16.578,0.406874010065061
16.58,0.402953156807749
16.582,0.399031955824215
16.584,0.395110822440647
16.586,0.391190171466315
16.588,0.387270417155496
16.59,0.383351973169475
16.592,0.37943525253861
16.594,0.375520667624473
16.596,0.371608630082049
16.598,0.367699550822037
16.6,0.363793839973214
16.602,0.359891906844899
16.604,0.35599415988949
16.606,0.352101006665105
16.608,0.348212853798321
16.61,0.344330106947003
16.612,0.340453170763245
16.614,0.336582448856411
16.616,0.332718343756284
16.618,0.328861256876352
16.62,0.325011588477167
16.622,0.321169737629872
16.624,0.317336102179814
16.626,0.313511078710315
16.628,0.309695062506549
16.63,0.305888447519565
16.632,0.302091626330451
16.634,0.298304990114626
16.636,0.294528928606302
16.638,0.290763830063051
16.64,0.287010081230567
16.642,0.283268067307559
16.644,0.279538171910805
16.646,0.275820777040369
16.648,0.272116263044981
16.65,0.268425008587583
16.652,0.264747390611058
16.654,0.261083784304109
16.656,0.257434563067338
16.658,0.253800098479487
16.66,0.25018076026389
16.662,0.24657691625507
16.664,0.242988932365567
16.666,0.23941717255293
16.668,0.235861998786927
16.67,0.232323771016934
16.672,0.228802847139534
16.674,0.225299582966334
16.676,0.221814332191968
16.678,0.218347446362325
16.68,0.214899274842988
16.682,0.211470164787889
16.684,0.208060461108193
16.686,0.204670506441383
16.688,0.201300641120596
16.69,0.197951203144169
16.692,0.194622528145436
16.694,0.19131494936273
16.696,0.188028797609656
16.698,0.184764401245575
16.7,0.181522086146355
16.702,0.178302175675345
16.704,0.175104990654612
16.706,0.171930849336425
16.708,0.168780067374992
16.71,0.165652957798453
16.712,0.162549830981128
16.714,0.159470994616032
16.716,0.156416753687659
16.718,0.153387410445008
16.72,0.150383264374911
16.722,0.147404612175608
16.724,0.144451747730604
16.726,0.141524962082804
16.728,0.13862454340892
16.73,0.13575077699417
16.732,0.132903945207248
16.734,0.130084327475585
16.736,0.1272922002609
16.738,0.124527837035034
16.74,0.121791508256092
16.742,0.119083481344854
16.744,0.116404020661506
16.746,0.113753387482657
16.748,0.111131839978668
16.75,0.108539633191264
16.752,0.105977019011474
16.754,0.103444246157864
16.756,0.100941560155081
16.758,0.0984692033127125
16.76,0.0960274147044533
16.762,0.0936164301475922
16.764,0.0912364821828106
16.766,0.0888878000543026
16.768,0.0865706096902154
16.77,0.084285133683406
16.772,0.0820315912725369
16.774,0.0798101983234729
16.776,0.0776211673110323
16.778,0.0754647073010443
16.78,0.0733410239327506
16.782,0.0712503194015342
16.784,0.069192792441978
16.786,0.0671686383112683
16.788,0.0651780487729251
16.79,0.0632212120808763
16.792,0.0612983129638677
16.794,0.0594095326102123
16.796,0.057555048652895
16.798,0.0557350351549961
16.8,0.0539496625954859
16.802,0.0521990978553434
16.804,0.0504835042040418
16.806,0.0488030412863647
16.808,0.0471578651095795
16.81,0.0455481280309665
16.812,0.0439739787456906
16.814,0.0424355622750308
16.816,0.04093301995496
16.818,0.0394664894250846
16.82,0.0380361046179377
16.822,0.0366419957486216
16.824,0.0352842893048216
16.826,0.0339631080371627
16.828,0.0326785709499424
16.83,0.0314307932922038
16.832,0.0302198865491862
16.834,0.0290459584341273
16.836,0.02790911288043
16.838,0.0268094500341927
16.84,0.0257470662470986
16.842,0.0247220540696753
16.844,0.0237345022449129
16.846,0.022784495702248
16.848,0.0218721155519151
16.85,0.0209974390796586
16.852,0.0201605397418186
16.854,0.0193614871607719
16.856,0.0186003471207517
16.858,0.0178771815640216
16.86,0.0171920485874299
16.862,0.0165450024393184
16.864,0.015936093516805
16.866,0.0153653683634361
16.868,0.0148328696671991
16.87,0.014338636258911
16.872,0.0138827031109656
16.874,0.0134651013364566
16.876,0.0130858581886648
16.878,0.0127449970609081
16.88,0.0124425374867694
16.882,0.0121784951406796
16.884,0.0119528818388785
16.886,0.0117657055407333
16.888,0.01161697035043
16.89,0.011506676519029
16.892,0.011434820446882
16.894,0.0114013946864241
16.896,0.0114063879453197
16.898,0.0114497850899822
16.9,0.011531567149453
16.902,0.011651711319642
16.904,0.01181019096794
16.906,0.0120069756381813
16.908,0.0122420310559799
16.91,0.0125153191344166
16.912,0.0128267979800948
16.914,0.0131764218995518
16.916,0.0135641414060275
16.918,0.0139899032265961
16.92,0.0144536503096505
16.922,0.0149553218327482
16.924,0.0154948532108054
16.926,0.0160721761046536
16.928,0.016687218429945
16.93,0.0173399043664104
16.932,0.0180301543674738
16.934,0.0187578851702073
16.936,0.0195230098056502
16.938,0.0203254376094612
16.94,0.0211650742329289
16.942,0.0220418216543204
16.944,0.0229555781905814
16.946,0.0239062385093749
16.948,0.0248936936414626
16.95,0.0259178309934279
16.952,0.0269785343607395
16.954,0.0280756839411515
16.956,0.0292091563484398
16.958,0.0303788246264719
16.96,0.0315845582636162
16.962,0.0328262232074759
16.964,0.0341036818799602
16.966,0.0354167931926747
16.968,0.0367654125626536
16.97,0.038149391928404
16.972,0.0395685797662793
16.974,0.0410228211071762
16.976,0.042511957553549
16.978,0.0440358272967472
16.98,0.0455942651346606
16.982,0.0471871024896911
16.984,0.0488141674270307
16.986,0.0504752846732493
16.988,0.0521702756351978
16.99,0.0538989584192105
16.992,0.0556611478506217
16.994,0.057456655493579
16.996,0.0592852896711579
16.998,0.0611468554857802
17,0.0630411548399255
17.002,0.0649679864571391
17.004,0.0669271459033309
17.006,0.0689184256083659
17.008,0.0709416148879454
17.01,0.0729964999657675
17.012,0.0750828639959816
17.014,0.0772004870859114
17.016,0.0793491463190703
17.018,0.0815286157784439
17.02,0.0837386665700512
17.022,0.0859790668467744
17.024,0.088249581832466
17.026,0.0905499738463102
17.028,0.0928800023274635
17.03,0.0952394238599438
17.032,0.0976279921977903
17.034,0.100045458290472
17.036,0.102491570308557
17.038,0.104966073669625
17.04,0.107468711064438
17.042,0.109999222483359
17.044,0.112557345242999
17.046,0.115142814013122
17.048,0.117755360843781
17.05,0.120394715192691
17.052,0.123060603952832
17.054,0.125752751480286
17.056,0.128470879622298
17.058,0.131214707745568
17.06,0.133983952764755
17.062,0.136778329171202
17.064,0.139597549061887
17.066,0.142441322168575
17.068,0.145309355887182
17.07,0.148201355307348
17.072,0.151117023242218
17.074,0.154056060258418
17.076,0.15701816470623
17.078,0.160003032749963
17.08,0.163010358398518
17.082,0.166039833536136
17.084,0.169091147953343
17.086,0.172163989378058
17.088,0.175258043506906
17.09,0.178372994036685
17.092,0.181508522696022
17.094,0.184664309277186
17.096,0.18784003166808
17.098,0.191035365884391
17.1,0.194249986101897
17.102,0.197483564688936
17.104,0.200735772239033
17.106,0.204006277603668
17.108,0.207294747925201
17.11,0.210600848669929
17.112,0.213924243661303
17.114,0.217264595113262
17.116,0.220621563663717
17.118,0.223994808408151
17.12,0.227383986933368
17.122,0.230788755351348
17.124,0.234208768333225
17.126,0.23764367914339
17.128,0.241093139673706
17.13,0.244556800477832
17.132,0.248034310805653
17.134,0.251525318637812
17.136,0.255029470720356
17.138,0.258546412599462
17.14,0.262075788656271
17.142,0.265617242141791
17.144,0.269170415211921
17.146,0.272734948962525
17.148,0.276310483464602
17.15,0.279896657799537
17.152,0.2834931100944
17.154,0.287099477557355
17.156,0.290715396513098
17.158,0.294340502438373
17.16,0.297974429997547
17.162,0.301616813078241
17.164,0.305267284827009
17.166,0.308925477685067
17.168,0.312591023424063
17.17,0.316263553181901
17.172,0.319942697498591
17.174,0.323628086352134
17.176,0.32731934919444
17.178,0.331016114987279
17.18,0.334718012238248
17.182,0.33842466903676
17.184,0.342135713090044
17.186,0.345850771759179
17.188,0.349569472095113
17.19,0.353291440874699
17.192,0.357016304636732
17.194,0.360743689717992
17.196,0.364473222289269
17.198,0.368204528391394
17.2,0.371937233971241
17.202,0.375670964917737
17.204,0.379405347097833
17.206,0.383140006392469
17.208,0.38687456873249
17.21,0.390608660134566
17.212,0.394341906737051
17.214,0.398073934835821
17.216,0.401804370920061
17.218,0.405532841708024
17.22,0.409258974182733
17.222,0.412982395627635
17.224,0.416702733662195
17.226,0.420419616277451
17.228,0.424132671871492
17.23,0.427841529284872
17.232,0.43154581783597
17.234,0.435245167356271
17.236,0.438939208225566
17.238,0.442627571407092
17.24,0.446309888482567
17.242,0.449985791687169
17.244,0.453654913944403
17.246,0.457316888900886
17.248,0.460971350961045
17.25,0.464617935321702
17.252,0.468256278006572
17.254,0.471886015900646
17.256,0.475506786784473
17.258,0.479118229368325
17.26,0.482719983326253
17.262,0.486311689330027
17.264,0.489892989082942
17.266,0.493463525353517
17.268,0.497022942009054
17.27,0.500570884049073
17.272,0.504106997638608
17.274,0.50763093014137
17.276,0.51114233015277
17.278,0.514640847532793
17.28,0.518126133438733
17.282,0.521597840357773
17.284,0.52505562213941
17.286,0.528499134027736
17.288,0.531928032693541
17.29,0.535341976266269
17.292,0.538740624365811
17.294,0.542123638134113
17.296,0.545490680266621
17.298,0.548841415043567
17.3,0.55217550836105
17.302,0.555492627761962
17.304,0.55879244246671
17.306,0.562074623403768
17.308,0.565338843240032
17.31,0.568584776410992
17.312,0.571812099150687
17.314,0.575020489521491
17.316,0.578209627443686
17.318,0.581379194724826
17.32,0.584528875088895
17.322,0.587658354205278
17.324,0.590767319717493
17.326,0.593855461271722
17.328,0.596922470545123
17.33,0.599968041273932
17.332,0.602991869281321
17.334,0.605993652505056
17.336,0.608973091024903
17.338,0.611929887089836
17.34,0.614863745144971
17.342,0.617774371858315
17.344,0.620661476147221
17.346,0.623524769204657
17.348,0.626363964525195
17.35,0.629178777930773
17.352,0.631968927596204
17.354,0.634734134074433
17.356,0.63747412032156
17.358,0.640188611721576
17.36,0.642877336110871
17.362,0.645540023802477
17.364,0.648176407610037
17.366,0.65078622287153
17.368,0.653369207472705
17.37,0.655925101870288
17.372,0.658453649114872
17.374,0.660954594873572
17.376,0.663427687452377
17.378,0.665872677818261
17.38,0.668289319620981
17.382,0.670677369214614
17.384,0.673036585678811
17.386,0.675366730839763
17.388,0.677667569290881
17.39,0.679938868413197
17.392,0.682180398395457
17.394,0.684391932253949
17.396,0.68657324585201
17.398,0.688724117919267
17.4,0.690844330070551
17.402,0.69293366682454
17.404,0.694991915622088
17.406,0.697018866844246
17.408,0.699014313830009
17.41,0.700978052893713
17.412,0.702909883342178
17.414,0.704809607491493
17.416,0.706677030683536
17.418,0.708511961302146
17.42,0.71031421078901
17.422,0.712083593659229
17.424,0.713819927516558
17.426,0.715523033068347
17.428,0.71719273414015
17.43,0.718828857690035
17.432,0.720431233822545
17.434,0.721999695802366
17.436,0.723534080067659
17.438,0.725034226243071
17.44,0.726499977152426
17.442,0.727931178831075
17.444,0.729327680537949
17.446,0.730689334767255
17.448,0.732015997259857
17.45,0.733307527014334
17.452,0.734563786297691
17.454,0.735784640655761
17.456,0.736969958923248
17.458,0.738119613233467
17.46,0.739233479027726
17.462,0.740311435064389
17.464,0.741353363427603
17.466,0.742359149535675
17.468,0.74332868214914
17.47,0.744261853378463
17.472,0.745158558691424
17.474,0.746018696920163
17.476,0.746842170267872
17.478,0.747628884315174
17.48,0.748378748026139
17.482,0.749091673753971
17.484,0.749767577246361
17.486,0.750406377650488
17.488,0.75100799751769
17.49,0.751572362807785
17.492,0.752099402893067
17.494,0.752589050561937
17.496,0.753041242022223
17.498,0.753455916904125
17.5,0.753833018262857
17.502,0.754172492580909
17.504,0.75447428977
17.506,0.754738363172672
17.508,0.754964669563545
17.51,0.75515316915024
17.512,0.755303825573946
17.514,0.755416605909668
17.516,0.755491480666107
17.518,0.755528423785228
17.52,0.755527412641469
17.522,0.755488428040613
17.524,0.755411454218333
17.526,0.755296478838383
17.528,0.755143492990459
17.53,0.75495249118772
17.532,0.754723471363968
17.534,0.754456434870506
17.536,0.754151386472633
17.538,0.75380833434583
17.54,0.753427290071592
17.542,0.753008268632938
17.544,0.752551288409579
17.546,0.752056371172753
17.548,0.75152354207974
17.55,0.750952829668022
17.552,0.750344265849137
17.554,0.749697885902182
17.556,0.749013728467011
17.558,0.748291835537071
17.56,0.747532252451949
17.562,0.746735027889564
17.564,0.745900213858044
17.566,0.745027865687284
17.568,0.74411804202017
17.57,0.743170804803492
17.572,0.742186219278523
17.574,0.741164353971297
17.576,0.740105280682548
17.578,0.739009074477347
17.58,0.737875813674415
17.582,0.736705579835128
17.584,0.735498457752194
17.586,0.734254535438043
17.588,0.732973904112883
17.59,0.731656658192456
17.592,0.73030289527549
17.594,0.728912716130839
17.596,0.727486224684322
17.598,0.726023528005247
17.6,0.724524736292666
17.602,0.722989962861282
17.604,0.721419324127103
17.606,0.719812939592766
17.608,0.718170931832589
17.61,0.716493426477319
17.612,0.714780552198582
17.614,0.713032440693065
17.616,0.711249226666381
17.618,0.709431047816679
17.62,0.707578044817939
17.622,0.705690361303012
17.624,0.703768143846361
17.626,0.70181154194653
17.628,0.699820708008343
17.63,0.69779579732481
17.632,0.695736968058787
17.634,0.693644381224339
17.636,0.691518200667855
17.638,0.689358593048888
17.64,0.687165727820719
17.642,0.684939777210702
17.644,0.682680916200282
17.646,0.680389322504823
17.648,0.678065176553128
17.65,0.675708661466749
17.652,0.673319963039011
17.654,0.670899269713804
17.656,0.668446772564137
17.658,0.665962665270428
17.66,0.663447144098573
17.662,0.660900407877753
17.664,0.658322657978032
17.666,0.6557140982877
17.668,0.653074935190391
17.67,0.650405377541981
17.672,0.647705636647233
17.674,0.644975926236255
17.676,0.642216462440705
17.678,0.639427463769802
17.68,0.636609151086086
17.682,0.633761747581012
17.684,0.630885478750298
17.686,0.627980572369061
17.688,0.625047258466787
17.69,0.622085769302045
17.692,0.619096339337056
17.694,0.616079205212005
17.696,0.613034605719215
17.698,0.609962781777092
17.7,0.606863976403891
17.702,0.603738434691309
17.704,0.600586403777865
17.706,0.597408132822132
17.708,0.594203872975774
17.71,0.590973877356404
17.712,0.58771840102028
17.714,0.584437700934831
17.716,0.581132035951016
17.718,0.577801666775507
17.72,0.574446855942738
17.722,0.571067867786776
17.724,0.56766496841304
17.726,0.564238425669876
17.728,0.560788509119982
17.73,0.557315490011682
17.732,0.553819641250067
17.734,0.550301237367991
17.736,0.546760554496926
17.738,0.543197870337698
17.74,0.539613464131086
17.742,0.536007616628288
17.744,0.532380610061268
17.746,0.528732728112996
17.748,0.525064255887545
17.75,0.521375479880093
17.752,0.517666687946811
17.754,0.51393816927464
17.756,0.510190214350961
17.758,0.506423114933165
17.76,0.502637164018141
17.762,0.49883265581163
17.764,0.495009885697537
17.766,0.491169150207115
17.768,0.487310746988084
17.77,0.483434974773652
17.772,0.479542133351483
17.774,0.475632523532567
17.776,0.471706447120011
17.778,0.467764206877799
17.78,0.463806106499443
17.782,0.459832450576595
17.784,0.455843544567599
17.786,0.451839694765979
17.788,0.44782120826888
17.79,0.44378839294545
17.792,0.439741557405203
17.794,0.435681010966297
17.796,0.431607063623814
17.798,0.427520026017975
17.8,0.423420209402346
17.802,0.419307925611973
17.804,0.415183487031554
17.806,0.411047206563536
17.808,0.406899397596202
17.81,0.402740373971763
17.812,0.398570449954421
17.814,0.394389940198424
17.816,0.390199159716102
17.818,0.385998423845935
17.82,0.381788048220595
17.822,0.377568348734973
17.824,0.373339641514274
17.826,0.369102242882045
17.828,0.3648564693283
17.83,0.36060263747757
17.832,0.356341064057058
17.834,0.352072065864757
17.836,0.347795959737633
17.838,0.343513062519818
17.84,0.339223691030831
17.842,0.334928162033863
17.844,0.330626792204071
17.846,0.326319898096936
17.848,0.32200779611665
17.85,0.317690802484573
17.852,0.31336923320773
17.854,0.309043404047353
17.856,0.304713630487517
17.858,0.300380227703791
17.86,0.296043510532011
17.862,0.291703793437057
17.864,0.287361390481766
17.866,0.283016615295867
17.868,0.278669781045034
17.87,0.274321200400002
17.872,0.269971185505755
17.874,0.26562004795084
17.876,0.261268098736732
17.878,0.25691564824732
17.88,0.25256300621847
17.882,0.24821048170771
17.884,0.243858383064005
17.886,0.239507017897628
17.888,0.235156693050176
17.89,0.230807714564647
17.892,0.226460387655703
17.894,0.222115016679962
17.896,0.2177719051065
17.898,0.213431355487407
17.9,0.209093669428531
17.902,0.204759147560302
17.904,0.200428089508714
17.906,0.196100793866448
17.908,0.191777558164124
17.91,0.187458678841698
17.912,0.183144451219995
17.914,0.17883516947242
17.916,0.174531126596777
17.918,0.170232614387284
17.92,0.165939923406717
17.922,0.161653342958713
17.924,0.157373161060264
17.926,0.153099664414337
17.928,0.148833138382695
17.93,0.144573866958861
17.932,0.14032213274128
17.934,0.136078216906643
17.936,0.131842399183384
17.938,0.12761495782538
17.94,0.123396169585805
17.942,0.11918630969121
17.944,0.114985651815738
17.946,0.11079446805559
17.948,0.106613028903637
17.95,0.102441603224263
17.952,0.0982804582283823
17.954,0.0941298594486707
17.956,0.0899900707150048
17.958,0.0858613541300974
17.96,0.0817439700453499
17.962,0.0776381770369049
17.964,0.0735442318819335
17.966,0.0694623895351195
17.968,0.0653929031053636
17.97,0.0613360238327249
17.972,0.0572920010655631
17.974,0.0532610822379292
17.976,0.0492435128471552
17.978,0.0452395364317081
17.98,0.0412493945492381
17.982,0.0372733267549022
17.984,0.0333115705798879
17.986,0.0293643615101865
17.988,0.0254319329656228
17.99,0.0215145162791101
17.992,0.017612340676147
17.994,0.0137256332545715
17.996,0.00985461896456441
17.998,0.00599952058889757
18,0.00216055872342271
18.002,-0.00166204824215542
18.004,-0.00546808414327727
18.006,-0.00925733505925558
18.008,-0.0130295893317524
18.01,-0.0167846375829769
18.012,-0.0205222727336453
18.014,-0.0242422900206484
18.016,-0.0279444870144756
18.018,-0.0316286636363557
18.02,-0.0352946221751399
18.022,-0.0389421673038972
18.024,-0.0425711060962507
18.026,-0.0461812480424394
18.028,-0.0497724050650886
18.03,-0.0533443915347187
18.032,-0.0568970242849723
18.034,-0.0604301226275493
18.036,-0.063943508366875
18.038,-0.0674370058144721
18.04,-0.0709104418030634
18.042,-0.074363645700366
18.044,-0.0777964494226252
18.046,-0.081208687447833
18.048,-0.0846001968286782
18.05,-0.0879708172051939
18.052,-0.0913203908171201
18.054,-0.0946487625159625
18.056,-0.0979557797767671
18.058,-0.1012412927096
18.06,-0.104505154070723
18.062,-0.10774721927347
18.064,-0.110967346398841
18.066,-0.114165396205783
18.068,-0.117341232141173
18.07,-0.120494720349497
18.072,-0.123625729682243
18.074,-0.126734131706967
18.076,-0.129819800716079
18.078,-0.1328826137353
18.08,-0.135922450531844
18.082,-0.138939193622269
18.084,-0.141932728280035
18.086,-0.144902942542743
18.088,-0.147849727219087
18.09,-0.150772975895478
18.092,-0.153672584942372
18.094,-0.156548453520275
18.096,-0.15940048358546
18.098,-0.162228579895358
18.1,-0.165032650013638
18.102,-0.167812604314983
18.104,-0.170568355989561
18.106,-0.173299821047166
18.108,-0.176006918321069
18.11,-0.178689569471536
18.112,-0.181347698989056
18.114,-0.183981234197241
18.116,-0.186590105255417
18.118,-0.189174245160909
18.12,-0.19173358975101
18.122,-0.194268077704633
18.124,-0.19677765054366
18.126,-0.199262252633968
18.128,-0.201721831186156
18.13,-0.204156336255949
18.132,-0.206565720744293
18.134,-0.208949940397138
18.136,-0.211308953804915
18.138,-0.213642722401697
18.14,-0.215951210464045
18.142,-0.218234385109549
18.144,-0.220492216295062
18.146,-0.222724676814613
18.148,-0.224931742297024
18.15,-0.227113391203201
18.152,-0.229269604823139
18.154,-0.231400367272592
18.156,-0.233505665489461
18.158,-0.235585489229857
18.16,-0.237639831063865
18.162,-0.239668686371004
18.164,-0.241672053335375
18.166,-0.243649932940511
18.168,-0.245602328963918
18.17,-0.247529247971322
18.172,-0.249430699310603
18.174,-0.251306695105431
18.176,-0.253157250248607
18.178,-0.254982382395099
18.18,-0.256782111954782
18.182,-0.258556462084874
18.184,-0.260305458682088
18.186,-0.262029130374473
18.188,-0.263727508512973
18.19,-0.265400627162688
18.192,-0.267048523093836
18.194,-0.268671235772436
18.196,-0.27026880735069
18.198,-0.271841282657083
18.2,-0.273388709186192
18.202,-0.274911137088206
18.204,-0.276408619158171
18.206,-0.277881210824936
18.208,-0.279328970139829
18.21,-0.280751957765048
18.212,-0.282150236961766
18.214,-0.283523873577975
18.216,-0.284872936036023
18.218,-0.286197495319913
18.22,-0.287497624962297
18.222,-0.288773401031217
18.224,-0.290024902116561
18.226,-0.291252209316261
18.228,-0.292455406222224
18.23,-0.293634578905985
18.232,-0.294789815904108
18.234,-0.295921208203319
18.236,-0.297028849225383
18.238,-0.298112834811715
18.24,-0.299173263207735
18.242,-0.300210235046983
18.244,-0.301223853334951
18.246,-0.302214223432699
18.248,-0.303181453040185
18.25,-0.304125652179379
18.252,-0.305046933177113
18.254,-0.305945410647692
18.256,-0.306821201475264
18.258,-0.307674424795946
18.26,-0.308505201979726
18.262,-0.309313656612107
18.264,-0.310099914475541
18.266,-0.310864103530614
18.268,-0.311606353897014
18.27,-0.312326797834262
18.272,-0.313025569722224
18.274,-0.313702806041408
18.276,-0.314358645353019
18.278,-0.31499322827882
18.28,-0.315606697480764
18.282,-0.316199197640411
18.284,-0.316770875438148
18.286,-0.317321879532183
18.288,-0.317852360537343
18.29,-0.318362471003663
18.292,-0.318852365394788
18.294,-0.319322200066147
18.296,-0.31977213324296
18.298,-0.320202324998039
18.3,-0.320612937229392
18.302,-0.321004133637646
18.304,-0.321376079703279
18.306,-0.32172894266368
18.308,-0.322062891490001
18.31,-0.322378096863863
18.312,-0.322674731153863
18.314,-0.322952968391917
18.316,-0.323212984249429
18.318,-0.323454956013294
18.32,-0.323679062561737
18.322,-0.323885484339982
18.324,-0.324074403335773
18.326,-0.324246003054727
18.328,-0.32440046849554
18.33,-0.324537986125034
18.332,-0.324658743853065
18.334,-0.324762931007274
18.336,-0.324850738307705
18.338,-0.324922357841277
18.34,-0.324977983036119
18.342,-0.325017808635769
18.344,-0.325042030673248
18.346,-0.325050846444999
18.348,-0.325044454484695
18.35,-0.325023054536944
18.352,-0.324986847530846
18.354,-0.324936035553459
18.356,-0.324870821823132
18.358,-0.324791410662739
18.36,-0.324698007472798
18.362,-0.324590818704482
18.364,-0.324470051832547
18.366,-0.324335915328124
18.368,-0.32418861863146
18.37,-0.32402837212453
18.372,-0.323855387103574
18.374,-0.323669875751547
18.376,-0.323472051110484
18.378,-0.323262127053781
18.38,-0.323040318258395
18.382,-0.322806840176993
18.384,-0.322561909009988
18.386,-0.322305741677545
18.388,-0.322038555791501
18.39,-0.321760569627224
18.392,-0.321472002095432
18.394,-0.321173072713915
18.396,-0.320864001579258
18.398,-0.320545009338459
18.4,-0.32021631716055
18.402,-0.319878146708139
18.404,-0.319530720108922
18.406,-0.319174259927176
18.408,-0.318808989135181
18.41,-0.318435131084653
18.412,-0.318052909478108
18.414,-0.317662548340242
18.416,-0.317264271989254
18.418,-0.316858305008172
18.42,-0.316444872216168
18.422,-0.316024198639829
18.424,-0.315596509484472
18.426,-0.31516203010539
18.428,-0.314720985979161
18.43,-0.314273602674901
18.432,-0.313820105825561
18.434,-0.313360721099211
18.436,-0.312895674170337
18.438,-0.312425190691163
18.44,-0.311949496262964
18.442,-0.311468816407443
18.444,-0.310983376538072
18.446,-0.310493401931515
18.448,-0.309999117699044
18.45,-0.309500748758003
18.452,-0.308998519803312
18.454,-0.308492655278987
18.456,-0.30798337934973
18.458,-0.30747091587255
18.46,-0.306955488368428
18.462,-0.306437319994043
18.464,-0.30591663351355
18.466,-0.305393651270412
18.468,-0.304868595159292
18.47,-0.304341686598019
18.472,-0.303813146499614
18.474,-0.303283195244374
18.476,-0.302752052652053
18.478,-0.302219937954104
18.48,-0.301687069766002
18.482,-0.301153666059647
18.484,-0.30061994413587
18.486,-0.30008612059699
18.488,-0.299552411319511
18.49,-0.299019031426871
18.492,-0.298486195262313
18.494,-0.297954116361846
18.496,-0.297423007427316
18.498,-0.296893080299578
18.5,-0.296364545931775
18.502,-0.295837614362743
18.504,-0.295312494690517
18.506,-0.294789395045956
18.508,-0.294268522566501
18.51,-0.293750083370045
18.512,-0.293234282528932
18.514,-0.292721324044094
18.516,-0.292211410819308
18.518,-0.291704744635604
18.52,-0.291201526125789
18.522,-0.290701954749137
18.524,-0.29020622876621
18.526,-0.289714545213816
18.528,-0.289227099880147
18.53,-0.288744087280031
18.532,-0.288265700630369
18.534,-0.287792131825712
18.536,-0.287323571414016
18.538,-0.286860208572535
18.54,-0.286402231083898
18.542,-0.28594982531236
18.544,-0.285503176180199
18.546,-0.285062467144315
18.548,-0.284627880172983
18.55,-0.284199595722803
18.552,-0.283777792715811
18.554,-0.283362648516793
18.556,-0.282954338910781
18.558,-0.282553038080724
18.56,-0.282158918585375
18.562,-0.28177215133734
18.564,-0.281392905581366
18.566,-0.281021348872776
18.568,-0.280657647056154
18.57,-0.280301964244203
18.572,-0.279954462796813
18.574,-0.279615303300356
18.576,-0.279284644547162
18.578,-0.278962643515236
18.58,-0.278649455348166
18.582,-0.278345233335271
18.584,-0.27805012889195
18.586,-0.277764291540258
18.588,-0.27748786888972
18.59,-0.277221006618343
18.592,-0.276963848453883
18.594,-0.276716536155327
18.596,-0.276479209494614
18.598,-0.276252006238585
18.6,-0.276035062131176
18.602,-0.275828510875843
18.604,-0.275632484118227
18.606,-0.275447111429078
18.608,-0.27527252028739
18.61,-0.275108836063819
18.612,-0.274956182004323
18.614,-0.274814679214064
18.616,-0.274684446641555
18.618,-0.274565601063066
18.62,-0.274458257067288
18.622,-0.274362527040237
18.624,-0.27427852115044
18.626,-0.274206347334366
18.628,-0.274146111282121
18.63,-0.274097916423411
18.632,-0.274061863913765
18.634,-0.274038052621035
18.636,-0.274026579112143
18.638,-0.274027537640127
18.64,-0.274041020131433
18.642,-0.274067116173491
18.644,-0.274105913002569
18.646,-0.274157495491892
18.648,-0.274221946140043
18.65,-0.274299345059648
18.652,-0.274389769966331
18.654,-0.274493296167954
18.656,-0.27460999655414
18.658,-0.274739941586079
18.66,-0.274883199286617
18.662,-0.275039835230632
18.664,-0.275209912535697
18.666,-0.275393491853025
18.668,-0.275590631358719
18.67,-0.275801386745288
18.672,-0.276025811213479
18.674,-0.276263955464378
18.676,-0.276515867691822
18.678,-0.276781593575098
18.68,-0.277061176271929
18.682,-0.277354656411772
18.684,-0.277662072089394
18.686,-0.277983458858762
18.688,-0.278318849727218
18.69,-0.278668275149955
18.692,-0.279031763024805
18.694,-0.279409338687306
18.696,-0.279801024906082
18.698,-0.280206841878528
18.7,-0.280626807226785
18.702,-0.281060935994027
18.704,-0.281509240641039
18.706,-0.281971731043116
18.708,-0.282448414487251
18.71,-0.282939295669628
18.712,-0.283444376693428
18.714,-0.28396365706693
18.716,-0.284497133701925
18.718,-0.285044800912426
18.72,-0.285606650413699
18.722,-0.286182671321575
18.724,-0.286772850152096
18.726,-0.287377170821444
18.728,-0.287995614646192
18.73,-0.28862816034385
18.732,-0.289274784033721
18.734,-0.289935459238067
18.736,-0.290610156883577
18.738,-0.291298845303141
18.74,-0.29200149023793
18.742,-0.292718054839786
18.744,-0.293448499673911
18.746,-0.294192782721867
18.748,-0.294950859384876
18.75,-0.295722682487433
18.752,-0.296508202281217
18.754,-0.297307366449303
18.756,-0.298120120110692
18.758,-0.298946405825131
18.76,-0.299786163598238
18.762,-0.300639330886942
18.764,-0.301505842605205
18.766,-0.302385631130065
18.768,-0.303278626307969
18.77,-0.30418475546141
18.772,-0.305103943395863
18.774,-0.30603611240702
18.776,-0.306981182288331
18.778,-0.307939070338824
18.78,-0.308909691371248
18.782,-0.309892957720491
18.784,-0.310888779252306
18.786,-0.311897063372321
18.788,-0.312917715035359
18.79,-0.313950636755036
18.792,-0.314995728613652
18.794,-0.316052888272388
18.796,-0.317122010981775
18.798,-0.318202989592461
18.8,-0.319295714566264
18.802,-0.320400073987516
18.804,-0.321515953574688
18.806,-0.322643236692295
18.808,-0.323781804363102
18.81,-0.324931535280588
18.812,-0.326092305821713
18.814,-0.327263990059949
18.816,-0.328446459778601
18.818,-0.329639584484395
18.82,-0.330843231421345
18.822,-0.332057265584907
18.824,-0.333281549736376
18.826,-0.334515944417593
18.828,-0.335760307965878
18.83,-0.337014496529283
18.832,-0.33827836408206
18.834,-0.339551762440432
18.836,-0.340834541278607
18.838,-0.342126548145063
18.84,-0.343427628479097
18.842,-0.344737625627615
18.844,-0.346056380862199
18.846,-0.347383733396421
18.848,-0.348719520403411
18.85,-0.350063577033671
18.852,-0.351415736433146
18.854,-0.352775829761549
18.856,-0.35414368621091
18.858,-0.3555191330244
18.86,-0.356901995515359
18.862,-0.358292097086611
18.864,-0.359689259249969
18.866,-0.361093301646016
18.868,-0.362504042064096
18.87,-0.363921296462543
18.872,-0.365344878989151
18.874,-0.36677460200185
18.876,-0.368210276089633
18.878,-0.369651710093684
18.88,-0.371098711128748
18.882,-0.372551084604698
18.884,-0.374008634248343
18.886,-0.375471162125435
18.888,-0.376938468662882
18.89,-0.378410352671201
18.892,-0.379886611367138
18.894,-0.381367040396533
18.896,-0.382851433857357
18.898,-0.384339584322971
18.9,-0.385831282865572
18.902,-0.387326319079827
18.904,-0.388824481106732
18.906,-0.390325555657623
18.908,-0.391829328038401
18.91,-0.393335582173928
18.912,-0.394844100632628
18.914,-0.396354664651235
18.916,-0.397867054159749
18.918,-0.399381047806559
18.92,-0.400896422983722
18.922,-0.402412955852449
18.924,-0.403930421368705
18.926,-0.405448593309039
18.928,-0.406967244296514
18.93,-0.408486145826843
18.932,-0.410005068294651
18.934,-0.411523781019905
18.936,-0.413042052274504
18.938,-0.414559649308986
18.94,-0.416076338379425
18.942,-0.417591884774416
18.944,-0.419106052842264
18.946,-0.42061860601825
18.948,-0.422129306852071
18.95,-0.423637917035392
18.952,-0.425144197429529
18.954,-0.426647908093274
18.956,-0.428148808310805
18.958,-0.429646656619761
18.96,-0.431141210839399
18.962,-0.432632228098881
18.964,-0.434119464865664
18.966,-0.435602676974005
18.968,-0.43708161965357
18.97,-0.438556047558125
18.972,-0.440025714794354
18.974,-0.441490374950761
18.976,-0.442949781126659
18.978,-0.444403685961243
18.98,-0.445851841662778
18.982,-0.447294000037831
18.984,-0.448729912520609
18.986,-0.450159330202374
18.988,-0.451582003860912
18.99,-0.452997683990093
18.992,-0.454406120829484
18.994,-0.455807064394046
18.996,-0.457200264503857
18.998,-0.458585470813933
19,-0.459962432844082
19.002,-0.461330900008799
19.004,-0.462690621647239
19.006,-0.464041347053213
19.008,-0.465382825505232
19.01,-0.466714806296582
19.012,-0.468037038765462
19.014,-0.469349272325109
19.016,-0.470651256493998
19.018,-0.471942740926034
19.02,-0.473223475440784
19.022,-0.474493210053731
19.024,-0.475751695006522
19.026,-0.476998680797255
19.028,-0.478233918210764
19.03,-0.479457158348902
19.032,-0.480668152660847
19.034,-0.481866652973386
19.036,-0.483052411521214
19.038,-0.484225180977212
19.04,-0.485384714482728
19.042,-0.486530765677829
19.044,-0.487663088731553
19.046,-0.488781438372133
19.048,-0.489885569917193
19.05,-0.490975239303923
19.052,-0.492050203119237
19.054,-0.493110218629871
19.056,-0.494155043812468
19.058,-0.495184437383613
19.06,-0.496198158829826
19.062,-0.497195968437516
19.064,-0.498177627322875
19.066,-0.499142897461726
19.068,-0.500091541719323
19.07,-0.501023323880075
19.072,-0.501938008677215
19.074,-0.50283536182242
19.076,-0.503715150035335
19.078,-0.504577141073033
19.08,-0.505421103759436
19.082,-0.506246808014585
19.084,-0.507054024883907
19.086,-0.507842526567342
19.088,-0.508612086448407
19.09,-0.509362479123167
19.092,-0.510093480429107
19.094,-0.510804867473903
19.096,-0.511496418664112
19.098,-0.512167913733733
19.1,-0.512819133772675
19.102,-0.513449861255122
19.104,-0.514059880067766
19.106,-0.514648975537943
19.108,-0.515216934461639
19.11,-0.515763545131369
19.112,-0.516288597363962
19.114,-0.51679188252816
19.116,-0.51727319357215
19.118,-0.517732325050911
19.12,-0.518169073153463
19.122,-0.518583235729937
19.124,-0.518974612318538
19.126,-0.519343004172332
19.128,-0.519688214285905
19.13,-0.520010047421862
19.132,-0.520308310137162
19.134,-0.520582810809311
19.136,-0.520833359662383
19.138,-0.521059768792881
19.14,-0.52126185219543
19.142,-0.52143942578829
19.144,-0.521592307438734
19.146,-0.521720316988187
19.148,-0.521823276277258
19.15,-0.521901009170527
19.152,-0.521953341581198
19.154,-0.521980101495537
19.156,-0.521981118997124
19.158,-0.521956226290929
19.16,-0.521905257727166
19.162,-0.521828049824979
19.164,-0.521724441295908
19.166,-0.521594273067159
19.168,-0.521437388304668
19.17,-0.521253632435951
19.172,-0.521042853172768
19.174,-0.520804900533522
19.176,-0.520539626865518
19.178,-0.520246886866916
19.18,-0.519926537608543
19.182,-0.519578438555431
19.184,-0.519202451588145
19.186,-0.518798441023891
19.188,-0.518366273637372
19.19,-0.517905818681438
19.192,-0.517416947907481
19.194,-0.516899535585595
19.196,-0.516353458524501
19.198,-0.515778596091231
19.2,-0.515174830230564
19.202,-0.514542045484203
19.204,-0.513880129009735
19.206,-0.513188970599299
19.208,-0.512468462698031
19.21,-0.511718500422249
19.212,-0.510938981577362
19.214,-0.510129806675533
19.216,-0.509290878953089
19.218,-0.508422104387641
19.22,-0.50752339171496
19.222,-0.506594652445586
19.224,-0.505635800881139
19.226,-0.504646754130393
19.228,-0.503627432125058
19.23,-0.502577757635275
19.232,-0.501497656284871
19.234,-0.500387056566285
19.236,-0.499245889855252
19.238,-0.498074090425187
19.24,-0.496871595461277
19.242,-0.49563834507431
19.244,-0.494374282314192
19.246,-0.493079353183178
19.248,-0.491753506648827
19.25,-0.490396694656645
19.252,-0.489008872142444
19.254,-0.487589997044399
19.256,-0.486140030314806
19.258,-0.484658935931549
19.26,-0.483146680909261
19.262,-0.481603235310171
19.264,-0.480028572254671
19.266,-0.478422667931558
19.268,-0.476785501607969
19.27,-0.475117055639035
19.272,-0.473417315477182
19.274,-0.471686269681164
19.276,-0.469923909924753
19.278,-0.468130231005135
19.28,-0.46630523085099
19.282,-0.464448910530231
19.284,-0.462561274257483
19.286,-0.460642329401177
19.288,-0.458692086490374
19.29,-0.456710559221256
19.292,-0.454697764463288
19.294,-0.452653722265064
19.296,-0.450578455859842
19.298,-0.448471991670732
19.3,-0.446334359315587
19.302,-0.444165591611553
19.304,-0.441965724579286
19.306,-0.439734797446872
19.308,-0.437472852653392
19.31,-0.435179935852157
19.312,-0.432856095913657
19.314,-0.430501384928119
19.316,-0.428115858207786
19.318,-0.425699574288848
19.32,-0.423252594933028
19.322,-0.420774985128866
19.324,-0.418266813092653
19.326,-0.415728150269025
19.328,-0.413159071331255
19.33,-0.410559654181178
19.332,-0.407929979948812
19.334,-0.405270132991625
19.336,-0.402580200893477
19.338,-0.399860274463228
19.34,-0.397110447733025
19.342,-0.394330817956217
19.344,-0.391521485604988
19.346,-0.38868255436761
19.348,-0.385814131145393
19.35,-0.382916326049289
19.352,-0.379989252396149
19.354,-0.377033026704677
19.356,-0.374047768691025
19.358,-0.371033601264052
19.36,-0.367990650520281
19.362,-0.364919045738474
19.364,-0.361818919373925
19.366,-0.358690407052383
19.368,-0.355533647563652
19.37,-0.352348782854872
19.372,-0.349135958023453
19.374,-0.34589532130968
19.376,-0.342627024088997
19.378,-0.33933122086394
19.38,-0.336008069255769
19.382,-0.332657729995751
19.384,-0.3292803669161
19.386,-0.325876146940635
19.388,-0.32244524007506
19.39,-0.318987819396944
19.392,-0.315504061045384
19.394,-0.311994144210296
19.396,-0.308458251121453
19.398,-0.304896567037133
19.4,-0.301309280232469
19.402,-0.297696581987501
19.404,-0.294058666574864
19.406,-0.290395731247175
19.408,-0.286707976224121
19.41,-0.282995604679183
19.412,-0.279258822726088
19.414,-0.275497839404927
19.416,-0.271712866667934
19.418,-0.267904119364995
19.42,-0.264071815228828
19.422,-0.26021617485981
19.424,-0.25633742171058
19.426,-0.252435782070236
19.428,-0.248511485048306
19.43,-0.244564762558365
19.432,-0.240595849301344
19.434,-0.236604982748582
19.436,-0.232592403124523
19.438,-0.228558353389134
19.44,-0.224503079220038
19.442,-0.220426828994319
19.444,-0.216329853770061
19.446,-0.212212407267571
19.448,-0.20807474585031
19.45,-0.203917128505556
19.452,-0.199739816824741
19.454,-0.195543074983538
19.456,-0.191327169721635
19.458,-0.18709237032222
19.46,-0.182838948591222
19.462,-0.178567178836231
19.464,-0.174277337845145
19.466,-0.169969704864572
19.468,-0.165644561577906
19.47,-0.161302192083183
19.472,-0.156942882870628
19.474,-0.152566922799932
19.476,-0.148174603077303
19.478,-0.143766217232205
19.48,-0.139342061093847
19.482,-0.134902432767443
19.484,-0.130447632610148
19.486,-0.125977963206817
19.488,-0.121493729345448
19.49,-0.116995237992382
19.492,-0.11248279826729
19.494,-0.107956721417883
19.496,-0.103417320794355
19.498,-0.0988649118236458
19.5,-0.094299811983396
19.502,-0.0897223407757131
19.504,-0.0851328197006782
19.506,-0.0805315722296129
19.508,-0.0759189237781412
19.51,-0.0712952016790052
19.512,-0.0666607351546375
19.514,-0.0620158552895675
19.516,-0.0573608950025269
19.518,-0.0526961890184165
19.52,-0.0480220738399974
19.522,-0.0433388877193955
19.524,-0.038646970629398
19.526,-0.0339466642345356
19.528,-0.0292383118619482
19.53,-0.0245222584720794
19.532,-0.0197988506291293
19.534,-0.0150684364713531
19.536,-0.0103313656811433
19.538,-0.00558798945490189
19.54,-0.000838660472770738
19.542,0.00391626713185453
19.544,0.00867643780300814
19.546,0.0134414945929685
19.548,0.0182110791933058
19.55,0.0229848319660495
19.552,0.0277623919750736
19.554,0.0325433970176367
19.556,0.0373274836560512
19.558,0.0421142872495694
19.56,0.0469034419864071
19.562,0.0516945809158947
19.564,0.0564873359808357
19.566,0.0612813380499637
19.568,0.0660762169505801
19.57,0.0708716015013302
19.572,0.0756671195450977
19.574,0.080462397982065
19.576,0.0852570628029031
19.578,0.0900507391220568
19.58,0.0948430512112368
19.582,0.0996336225329347
19.584,0.104422075774137
19.586,0.109208032880148
19.588,0.113991115088483
19.59,0.118770942962915
19.592,0.123547136427632
19.594,0.128319314801458
19.596,0.133087096832241
19.598,0.137850100731263
19.6,0.142607944207813
19.602,0.147360244503827
19.604,0.152106618428592
19.606,0.156846682393576
19.608,0.161580052447332
19.61,0.166306344310437
19.612,0.171025173410587
19.614,0.175736154917676
19.616,0.180438903779013
19.618,0.18513303475457
19.62,0.189818162452297
19.622,0.194493901363495
19.624,0.199159865898262
19.626,0.20381567042095
19.628,0.208460929285726
19.63,0.213095256872119
19.632,0.217718267620655
19.634,0.222329576068507
19.636,0.226928796885181
19.638,0.231515544908237
19.64,0.236089435179043
19.642,0.240650082978526
19.644,0.245197103863005
19.646,0.249730113699944
19.648,0.254248728703815
19.65,0.258752565471927
19.652,0.263241241020246
19.654,0.267714372819242
19.656,0.272171578829751
19.658,0.276612477538782
19.66,0.28103668799537
19.662,0.28544382984638
19.664,0.289833523372314
19.666,0.294205389523115
19.668,0.2985590499539
19.67,0.302894127060714
19.672,0.307210244016267
19.674,0.311507024805556
19.676,0.315784094261574
19.678,0.320041078100856
19.68,0.324277602959073
19.682,0.328493296426552
19.684,0.332687787083716
19.686,0.336860704536518
19.688,0.341011679451795
19.69,0.345140343592552
19.692,0.349246329853213
19.694,0.353329272294771
19.696,0.357388806179886
19.698,0.361424568007922
19.7,0.365436195549873
19.702,0.369423327883221
19.704,0.37338560542675
19.706,0.377322669975189
19.708,0.381234164733855
19.71,0.385119734353127
19.712,0.388979024962867
19.714,0.392811684206732
19.716,0.396617361276356
19.718,0.400395706945466
19.72,0.404146373603838
19.722,0.407869015291181
19.724,0.411563287730881
19.726,0.41522884836362
19.728,0.41886535638088
19.73,0.422472472758324
19.732,0.426049860289015
19.734,0.42959718361655
19.736,0.433114109267999
19.738,0.436600305686739
19.74,0.440055443265151
19.742,0.443479194377127
19.744,0.44687123341046
19.746,0.45023123679908
19.748,0.453558883055097
19.75,0.456853852800737
19.752,0.460115828800058
19.754,0.463344495990533
19.756,0.466539541514465
19.758,0.469700654750199
19.76,0.472827527343179
19.762,0.475919853236832
19.764,0.478977328703237
19.766,0.481999652373651
19.768,0.484986525268792
19.77,0.487937650828986
19.772,0.490852734944084
19.774,0.493731485983181
19.776,0.496573614824143
19.778,0.499378834882939
19.78,0.502146862142733
19.782,0.504877415182804
19.784,0.507570215207221
19.786,0.510224986073322
19.788,0.512841454319968
19.79,0.515419349195568
19.792,0.517958402685883
19.794,0.520458349541618
19.796,0.522918927305747
19.798,0.525339876340649
19.8,0.527720939854963
19.802,0.530061863930245
19.804,0.532362397547359
19.806,0.534622292612623
19.808,0.53684130398372
19.81,0.539019189495357
19.812,0.541155709984658
19.814,0.543250629316324
19.816,0.545303714407514
19.818,0.547314735252478
19.82,0.549283464946934
19.822,0.551209679712156
19.824,0.553093158918818
19.826,0.554933685110562
19.828,0.556731044027277
19.83,0.558485024628139
19.832,0.560195419114325
19.834,0.561862022951492
19.836,0.56348463489195
19.838,0.565063056996556
19.84,0.566597094656318
19.842,0.568086556613722
19.844,0.569531254983749
19.846,0.570931005274618
19.848,0.572285626408219
19.85,0.573594940740256
19.852,0.574858774080089
19.854,0.576076955710271
19.856,0.577249318405787
19.858,0.578375698452981
19.86,0.579455935668171
19.862,0.580489873415982
19.864,0.581477358627316
19.866,0.582418241817062
19.868,0.583312377101455
19.87,0.584159622215133
19.872,0.584959838527867
19.874,0.585712891060977
19.876,0.586418648503415
19.878,0.587076983227542
19.88,0.587687771304553
19.882,0.588250892519593
19.884,0.588766230386543
19.886,0.58923367216246
19.888,0.589653108861699
19.89,0.590024435269698
19.892,0.590347549956412
19.894,0.590622355289443
19.896,0.590848757446786
19.898,0.59102666642928
19.9,0.591155996072683
19.902,0.591236664059421
19.904,0.59126859192999
19.906,0.591251705094014
19.908,0.591185932840945
19.91,0.591071208350429
19.912,0.590907468702324
19.914,0.590694654886345
19.916,0.590432711811385
19.918,0.59012158831447
19.92,0.589761237169358
19.922,0.589351615094792
19.924,0.588892682762386
19.926,0.588384404804172
19.928,0.587826749819763
19.93,0.587219690383188
19.932,0.586563203049343
19.934,0.585857268360095
19.936,0.585101870850022
19.938,0.584296999051787
19.94,0.583442645501164
19.942,0.582538806741676
19.944,0.581585483328897
19.946,0.580582679834369
19.948,0.579530404849167
19.95,0.578428670987091
19.952,0.577277494887493
19.954,0.576076897217745
19.956,0.57482690267533
19.958,0.57352753998957
19.96,0.572178841922996
19.962,0.570780845272329
19.964,0.56933359086911
19.966,0.567837123579963
19.968,0.566291492306474
19.97,0.564696749984717
19.972,0.563052953584399
19.974,0.56136016410765
19.976,0.559618446587425
19.978,0.557827870085558
19.98,0.555988507690423
19.982,0.554100436514259
19.984,0.552163737690084
19.986,0.550178496368276
19.988,0.548144801712774
19.99,0.546062746896893
19.992,0.5439324290988
19.994,0.541753949496602
19.996,0.539527413263069
19.998,0.53725292956
20,0.534930611532197
20.002,0.532560576301113
20.004,0.530142944958093
20.006,0.527677842557264
20.008,0.525165398108072
20.01,0.522605744567442
20.012,0.519999018831562
20.014,0.517345361727335
20.016,0.514644918003434
20.018,0.511897836321019
20.02,0.509104269244084
20.022,0.506264373229429
20.024,0.503378308616307
20.026,0.500446239615673
20.028,0.497468334299088
20.03,0.494444764587294
20.032,0.491375706238373
20.034,0.488261338835611
20.036,0.48510184577497
20.038,0.481897414252213
20.04,0.478648235249689
20.042,0.475354503522752
20.044,0.472016417585833
20.046,0.468634179698174
20.048,0.46520799584919
20.05,0.461738075743513
20.052,0.458224632785675
20.054,0.454667884064431
20.056,0.451068050336776
20.058,0.447425356011597
20.06,0.443740029132969
20.062,0.44001230136316
20.064,0.43624240796524
20.066,0.432430587785415
20.068,0.428577083234973
20.07,0.424682140271918
20.072,0.420746008382298
20.074,0.41676894056116
20.076,0.412751193293193
20.078,0.408693026533074
20.08,0.404594703685435
20.082,0.400456491584563
20.084,0.396278660473736
20.086,0.392061483984258
20.088,0.387805239114185
20.09,0.383510206206721
20.092,0.379176668928291
20.094,0.374804914246356
20.096,0.370395232406829
20.098,0.365947916911271
20.1,0.361463264493741
20.102,0.356941575097318
20.104,0.352383151850382
20.106,0.347788301042549
20.108,0.343157332100317
20.11,0.338490557562443
20.112,0.333788293054972
20.114,0.329050857266057
20.116,0.324278571920412
20.118,0.319471761753511
20.12,0.314630754485521
20.122,0.309755880794939
20.124,0.304847474291914
20.126,0.299905871491369
20.128,0.294931411785778
20.13,0.289924437417711
20.132,0.284885293452099
20.134,0.279814327748221
20.136,0.274711890931451
20.138,0.26957833636473
20.14,0.264414020119752
20.142,0.259219300947976
20.144,0.253994540251262
20.146,0.248740102052382
20.148,0.243456352965188
20.15,0.238143662164582
20.152,0.232802401356233
20.154,0.227432944746051
20.156,0.22203566900942
20.158,0.216610953260212
20.16,0.21115917901954
20.162,0.205680730184325
20.164,0.200175992995605
20.166,0.194645356006605
20.168,0.189089210050647
20.17,0.183507948208799
20.172,0.17790196577728
20.174,0.172271660234749
20.176,0.166617431209275
20.178,0.160939680445199
20.18,0.155238811769723
20.182,0.149515231059315
20.184,0.143769346205975
20.186,0.138001567083222
20.188,0.132212305511932
20.19,0.126401975226024
20.192,0.120570991837887
20.194,0.114719772803695
20.196,0.108848737388509
20.198,0.102958306631204
20.2,0.0970489033092486
20.202,0.0911209519033068
20.204,0.0851748785616411
20.206,0.0792111110644376
20.208,0.0732300787878652
20.21,0.06723221266808
20.212,0.0612179451650318
20.214,0.055187710226092
20.216,0.049141943249616
20.218,0.0430810810483043
20.22,0.0370055618124322
20.222,0.0309158250729813
20.224,0.0248123116645849
20.226,0.0186954636884147
20.228,0.0125657244748798
20.23,0.00642353854622863
20.232,0.000269351579063767
20.234,-0.0058963896333124
20.236,-0.0120732372186086
20.238,-0.0182607422633923
20.24,-0.0244584548510507
20.242,-0.0306659240998054
20.244,-0.0368826982008689
20.246,-0.0431083244566757
20.248,-0.0493423493191866
20.25,-0.0555843184283228
20.252,-0.0618337766504167
20.254,-0.0680902681167884
20.256,-0.0743533362624111
20.258,-0.0806225238645761
20.26,-0.0868973730816958
20.262,-0.0931774254921471
20.264,-0.099462222133147
20.266,-0.105751303539741
20.268,-0.112044209783781
20.27,-0.118340480512999
20.272,-0.124639654990119
20.274,-0.13094127213198
20.276,-0.137244870548731
20.278,-0.143549988583067
20.28,-0.149856164349428
20.282,-0.156162935773336
20.284,-0.162469840630648
20.286,-0.168776416586889
20.288,-0.175082201236601
20.29,-0.181386732142673
20.292,-0.187689546875697
20.294,-0.193990183053352
20.296,-0.200288178379737
20.298,-0.206583070684767
20.3,-0.212874397963484
20.302,-0.219161698415438
20.304,-0.22544451048402
20.306,-0.231722372895757
20.308,-0.237994824699605
20.31,-0.244261405306259
20.312,-0.250521654527348
20.314,-0.25677511261468
20.316,-0.263021320299401
20.318,-0.269259818831136
20.32,-0.2754901500171
20.322,-0.281711856261116
20.324,-0.28792448060264
20.326,-0.294127566755709
20.328,-0.300320659147798
20.33,-0.306503302958697
20.332,-0.312675044159221
20.334,-0.318835429549947
20.336,-0.324984006799826
20.338,-0.331120324484722
20.34,-0.337243932125893
20.342,-0.343354380228381
20.344,-0.349451220319298
20.346,-0.35553400498607
20.348,-0.361602287914518
20.35,-0.367655623926898
20.352,-0.373693569019845
20.354,-0.379715680402153
20.356,-0.385721516532508
20.358,-0.391710637157098
20.36,-0.397682603347064
20.362,-0.403636977535928
20.364,-0.409573323556768
20.366,-0.415491206679391
20.368,-0.421390193647326
20.37,-0.427269852714657
20.372,-0.433129753682765
20.374,-0.438969467936942
20.376,-0.444788568482788
20.378,-0.45058662998256
20.38,-0.456363228791294
20.382,-0.462117942992811
20.384,-0.467850352435583
20.386,-0.473560038768388
20.388,-0.47924658547585
20.39,-0.484909577913811
20.392,-0.49054860334448
20.394,-0.496163250971504
20.396,-0.501753111974763
20.398,-0.507317779545052
20.4,-0.51285684891858
20.402,-0.518369917411235
20.404,-0.523856584452707
20.406,-0.529316451620416
20.408,-0.534749122673209
20.41,-0.540154203584916
20.412,-0.545531302577638
20.414,-0.550880030154889
20.416,-0.556199999134515
20.418,-0.561490824681378
20.42,-0.56675212433984
20.422,-0.571983518066075
20.424,-0.57718462826007
20.426,-0.582355079797506
20.428,-0.58749450006132
20.43,-0.592602518973112
20.432,-0.597678769024297
20.434,-0.602722885306985
20.436,-0.607734505544684
20.438,-0.612713270122747
20.44,-0.617658822118521
20.442,-0.622570807331356
20.444,-0.627448874312252
20.446,-0.632292674393338
20.448,-0.637101861717073
20.45,-0.641876093265161
20.452,-0.64661502888725
20.454,-0.651318331329361
20.456,-0.655985666262011
20.458,-0.660616702308141
20.46,-0.665211111070705
20.462,-0.669768567160018
20.464,-0.674288748220861
20.466,-0.678771334959236
20.468,-0.683216011168895
20.47,-0.687622463757595
20.472,-0.691990382773013
20.474,-0.696319461428439
20.476,-0.700609396128125
20.478,-0.704859886492376
20.48,-0.709070635382355
20.482,-0.713241348924539
20.484,-0.717371736534948
20.486,-0.721461510943016
20.488,-0.725510388215182
20.49,-0.72951808777819
20.492,-0.733484332442048
20.494,-0.737408848422709
20.496,-0.741291365364425
20.498,-0.745131616361782
20.5,-0.748929337981451
20.502,-0.752684270283569
20.504,-0.756396156842845
20.506,-0.760064744769346
20.508,-0.763689784728911
20.51,-0.767271030963294
20.512,-0.770808241309962
20.514,-0.774301177221542
20.516,-0.777749603784981
20.518,-0.781153289740323
20.52,-0.784512007499198
20.522,-0.787825533162957
20.524,-0.791093646540444
20.526,-0.79431613116548
20.528,-0.797492774313975
20.53,-0.800623367020684
20.532,-0.803707704095665
20.534,-0.806745584140344
20.536,-0.809736809563264
20.538,-0.812681186595479
20.54,-0.815578525305592
20.542,-0.818428639614443
20.544,-0.821231347309463
20.546,-0.823986470058638
20.548,-0.826693833424169
20.55,-0.829353266875726
20.552,-0.831964603803367
20.554,-0.834527681530123
20.556,-0.837042341324173
20.558,-0.839508428410699
20.56,-0.841925791983368
20.562,-0.844294285215442
20.564,-0.846613765270543
20.566,-0.848884093313035
20.568,-0.851105134518052
20.57,-0.853276758081165
20.572,-0.855398837227665
20.574,-0.857471249221486
20.576,-0.859493875373781
20.578,-0.861466601051084
20.58,-0.863389315683151
20.582,-0.865261912770387
20.584,-0.86708428989094
20.586,-0.868856348707392
20.588,-0.870577994973103
20.59,-0.87224913853816
20.592,-0.873869693354973
20.594,-0.875439577483479
20.596,-0.876958713095993
20.598,-0.878427026481656
20.6,-0.879844448050537
20.602,-0.881210912337347
20.604,-0.88252635800477
20.606,-0.883790727846435
20.608,-0.885003968789501
20.61,-0.886166031896866
20.612,-0.887276872369011
20.614,-0.888336449545449
20.616,-0.889344726905818
20.618,-0.890301672070586
20.62,-0.891207256801379
20.622,-0.892061457000939
20.624,-0.892864252712708
20.626,-0.893615628120022
20.628,-0.894315571544947
20.63,-0.894964075446731
20.632,-0.895561136419871
20.634,-0.896106755191833
20.636,-0.896600936620365
20.638,-0.897043689690453
20.64,-0.897435027510909
20.642,-0.897774967310572
20.644,-0.89806353043413
20.646,-0.898300742337604
20.648,-0.898486632583414
20.65,-0.898621234835109
20.652,-0.898704586851714
20.654,-0.898736730481695
20.656,-0.898717711656577
20.658,-0.89864758038418
20.66,-0.898526390741479
20.662,-0.898354200867123
20.664,-0.898131072953557
20.666,-0.897857073238798
20.668,-0.897532271997839
20.67,-0.897156743533699
20.672,-0.896730566168083
20.674,-0.896253822231723
20.676,-0.895726598054313
20.678,-0.895148983954121
20.68,-0.894521074227216
20.682,-0.893842967136354
20.684,-0.893114764899499
20.686,-0.892336573677995
20.688,-0.891508503564372
20.69,-0.890630668569819
20.692,-0.889703186611286
20.694,-0.888726179498242
20.696,-0.887699772919099
20.698,-0.886624096427259
20.7,-0.885499283426843
20.702,-0.884325471158066
20.704,-0.883102800682252
20.706,-0.881831416866545
20.708,-0.880511468368237
20.71,-0.879143107618796
20.712,-0.877726490807524
20.714,-0.87626177786491
20.716,-0.874749132445625
20.718,-0.873188721911202
20.72,-0.871580717312379
20.722,-0.86992529337111
20.724,-0.868222628462259
20.726,-0.866472904594968
20.728,-0.864676307393691
20.73,-0.86283302607892
20.732,-0.860943253447593
20.734,-0.859007185853169
20.736,-0.857025023185409
20.738,-0.854996968849835
20.74,-0.852923229746867
20.742,-0.850804016250674
20.744,-0.848639542187702
20.746,-0.8464300248149
20.748,-0.844175684797655
20.75,-0.841876746187405
20.752,-0.839533436398977
20.754,-0.837145986187624
20.756,-0.834714629625746
20.758,-0.832239604079361
20.76,-0.829721150184254
20.762,-0.827159511821846
20.764,-0.824554936094798
20.766,-0.821907673302304
20.768,-0.819217976915138
20.77,-0.816486103550395
20.772,-0.813712312945969
20.774,-0.810896867934768
20.776,-0.808040034418658
20.778,-0.805142081342116
20.78,-0.80220328066566
20.782,-0.799223907338984
20.784,-0.796204239273851
20.786,-0.793144557316733
20.788,-0.790045145221175
20.79,-0.786906289619945
20.792,-0.783728279996907
20.794,-0.780511408658651
20.796,-0.777255970705906
20.798,-0.773962264004675
20.8,-0.770630589157185
20.802,-0.76726124947254
20.804,-0.763854550937198
20.806,-0.760410802185194
20.808,-0.756930314468142
20.81,-0.753413401625014
20.812,-0.749860380051714
20.814,-0.7462715686704
20.816,-0.742647288898648
20.818,-0.738987864618357
20.82,-0.735293622144462
20.822,-0.731564890193461
20.824,-0.727801999851723
20.826,-0.724005284543586
20.828,-0.720175079999313
20.83,-0.716311724222769
20.832,-0.712415557459017
20.834,-0.708486922161637
20.836,-0.704526162959898
20.838,-0.700533626625782
20.84,-0.696509662040777
20.842,-0.692454620162525
20.844,-0.688368853991321
20.846,-0.684252718536399
20.848,-0.680106570782101
20.85,-0.675930769653865
20.852,-0.671725675984045
20.854,-0.667491652477614
20.856,-0.663229063677691
20.858,-0.658938275930908
20.86,-0.654619657352706
20.862,-0.650273577792369
20.864,-0.645900408798063
20.866,-0.641500523581641
20.868,-0.637074296983342
20.87,-0.632622105436403
20.872,-0.628144326931506
20.874,-0.623641340981117
20.876,-0.61911352858373
20.878,-0.614561272187961
20.88,-0.609984955656584
20.882,-0.605384964230418
20.884,-0.600761684492124
20.886,-0.596115504329926
20.888,-0.591446812901223
20.89,-0.586756000596084
20.892,-0.582043459000722
20.894,-0.577309580860795
20.896,-0.572554760044728
20.898,-0.567779391506866
20.9,-0.56298387125061
20.902,-0.558168596291472
20.904,-0.553333964620056
20.906,-0.54848037516497
20.908,-0.543608227755723
20.91,-0.53871792308549
20.912,-0.533809862673909
20.914,-0.52888444882977
20.916,-0.523942084613684
20.918,-0.518983173800713
20.92,-0.514008120842966
20.922,-0.509017330832118
20.924,-0.504011209461993
20.926,-0.498990162990991
20.928,-0.493954598204639
20.93,-0.488904922377996
20.932,-0.483841543238099
20.934,-0.478764868926416
20.936,-0.473675307961258
20.938,-0.46857326920017
20.94,-0.46345916180239
20.942,-0.45833339519123
20.944,-0.45319637901652
20.946,-0.448048523117041
20.948,-0.442890237482953
20.95,-0.437721932218285
20.952,-0.43254401750342
20.954,-0.427356903557555
20.956,-0.422161000601314
20.958,-0.416956718819252
20.96,-0.411744468322492
20.962,-0.406524659111355
20.964,-0.401297701038039
20.966,-0.396064003769356
20.968,-0.39082397674951
20.97,-0.385578029162914
20.972,-0.380326569897098
20.974,-0.37507000750563
20.976,-0.369808750171149
20.978,-0.364543205668437
20.98,-0.35927378132754
20.982,-0.354000883997026
20.984,-0.348724920007268
20.986,-0.343446295133798
20.988,-0.338165414560821
20.99,-0.332882682844709
20.992,-0.327598503877692
20.994,-0.322313280851563
20.996,-0.317027416221515
20.998,-0.311741311670104
21,-0.306455368071245
21.002,-0.301169985454405
21.004,-0.295885562968841
21.006,-0.290602498847972
21.008,-0.28532119037389
21.01,-0.280042033841968
21.012,-0.274765424525592
21.014,-0.269491756641054
21.016,-0.26422142331252
21.018,-0.258954816537205
21.02,-0.25369232715063
21.022,-0.248434344792018
21.024,-0.243181257869894
21.026,-0.237933453527774
21.028,-0.232691317610022
21.03,-0.227455234627882
21.032,-0.222225587725628
21.034,-0.217002758646926
21.036,-0.211787127701318
21.038,-0.206579073730873
21.04,-0.201378974077055
21.042,-0.196187204547714
21.044,-0.191004139384259
21.046,-0.185830151229053
21.048,-0.180665611092935
21.05,-0.175510888322979
21.052,-0.170366350570391
21.054,-0.165232363758635
21.056,-0.160109292051744
21.058,-0.154997497822827
21.06,-0.149897341622759
21.062,-0.144809182149124
21.064,-0.139733376215291
21.066,-0.134670278719773
21.068,-0.129620242615758
21.07,-0.124583618880836
21.072,-0.119560756487005
21.074,-0.114552002370841
21.076,-0.109557701403907
21.078,-0.104578196363424
21.08,-0.0996138279030793
21.082,-0.0946649345241991
21.084,-0.089731852547029
21.086,-0.0848149160823125
21.088,-0.0799144570031172
21.09,-0.0750308049168816
21.092,-0.0701642871376852
21.094,-0.0653152286588256
21.096,-0.0604839521255823
21.098,-0.0556707778082764
21.1,-0.0508760235755641
21.102,-0.0461000048679726
21.104,-0.0413430346717487
21.106,-0.0366054234929063
21.108,-0.0318874793315569
21.11,-0.027189507656561
21.112,-0.0225118113803322
21.114,-0.0178546908340454
21.116,-0.0132184437430168
21.118,-0.0086033652024025
21.12,-0.0040097476531744
21.122,0.000562119141633314
21.124,0.00511194812040083
21.126,0.00963945494609295
21.128,0.0141443580291817
21.13,0.0186263785502359
21.132,0.0230852404822449
21.134,0.027520670612674
21.136,0.031932398565172
21.138,0.0363201568210144
21.14,0.0406836807402742
21.142,0.0450227085826239
21.144,0.0493369815279177
21.146,0.0536262436963953
21.148,0.0578902421686363
21.15,0.0621287270051941
21.152,0.0663414512658849
21.154,0.0705281710288224
21.156,0.0746886454091149
21.158,0.0788226365772293
21.16,0.0829299097770793
21.162,0.0870102333437654
21.164,0.0910633787210147
21.166,0.0950891204782979
21.168,0.0990872363276176
21.17,0.103057507139975
21.172,0.106999716961546
21.174,0.110913653029453
21.176,0.11479910578732
21.178,0.118655868900394
21.18,0.122483739270399
21.182,0.126282517050065
21.184,0.130052005657278
21.186,0.133792011788938
21.188,0.137502345434473
21.19,0.141182819889004
21.192,0.144833251766209
21.194,0.148453461010796
21.196,0.152043270910689
21.198,0.155602508108862
21.2,0.159131002614808
21.202,0.162628587815686
21.204,0.166095100487155
21.206,0.1695303808038
21.208,0.172934272349277
21.21,0.176306622126077
21.212,0.179647280564964
21.214,0.182956101534061
21.216,0.186232942347585
21.218,0.189477663774243
21.22,0.192690130045292
21.222,0.195870208862208
21.224,0.199017771404074
21.226,0.202132692334553
21.228,0.205214849808553
21.23,0.208264125478535
21.232,0.211280404500459
21.234,0.214263575539389
21.236,0.217213530774752
21.238,0.220130165905232
21.24,0.223013380153336
21.242,0.225863076269572
21.244,0.228679160536315
21.246,0.231461542771306
21.248,0.234210136330784
21.25,0.236924858112294
21.252,0.23960562855712
21.254,0.242252371652382
21.256,0.244865014932773
21.258,0.247443489481949
21.26,0.249987729933558
21.262,0.252497674471945
21.264,0.254973264832454
21.266,0.257414446301447
21.268,0.259821167715911
21.27,0.262193381462753
21.272,0.264531043477727
21.274,0.266834113244023
21.276,0.269102553790495
21.278,0.27133633168955
21.28,0.273535417054682
21.282,0.27569978353767
21.284,0.277829408325402
21.286,0.279924272136385
21.288,0.281984359216896
21.29,0.284009657336775
21.292,0.286000157784882
21.294,0.287955855364232
21.296,0.289876748386743
21.298,0.291762838667678
21.3,0.293614131519729
21.302,0.295430635746763
21.304,0.297212363637232
21.306,0.298959330957229
21.308,0.30067155694323
21.31,0.302349064294484
21.312,0.303991879165054
21.314,0.30560003115556
21.316,0.307173553304546
21.318,0.308712482079544
21.32,0.31021685736779
21.322,0.31168672246662
21.324,0.313122124073525
21.326,0.31452311227589
21.328,0.315889740540396
21.33,0.317222065702102
21.332,0.318520147953206
21.334,0.319784050831461
21.336,0.321013841208312
21.338,0.322209589276668
21.34,0.323371368538379
21.342,0.324499255791398
21.344,0.325593331116611
21.346,0.326653677864377
21.348,0.327680382640722
21.35,0.328673535293256
21.352,0.329633228896766
21.354,0.330559559738487
21.356,0.331452627303099
21.358,0.332312534257393
21.36,0.333139386434648
21.362,0.333933292818692
21.364,0.334694365527694
21.366,0.335422719797628
21.368,0.336118473965454
21.37,0.336781749452013
21.372,0.337412670744617
21.374,0.338011365379367
21.376,0.338577963923157
21.378,0.339112599955428
21.38,0.339615410049608
21.382,0.34008653375428
21.384,0.34052611357409
21.386,0.340934294950345
21.388,0.341311226241363
21.39,0.341657058702534
21.392,0.341971946466127
21.394,0.342256046520808
21.396,0.34250951869091
21.398,0.342732525615432
21.4,0.342925232726776
21.402,0.34308780822923
21.404,0.343220423077181
21.406,0.3433232509531
21.408,0.343396468245244
21.41,0.343440254025133
21.412,0.343454790024766
21.414,0.343440260613598
21.416,0.343396852775281
21.418,0.343324756084145
21.42,0.343224162681474
21.422,0.343095267251515
21.424,0.34293826699728
21.426,0.342753361616099
21.428,0.342540753274977
21.43,0.342300646585682
21.432,0.342033248579654
21.434,0.341738768682675
21.436,0.341417418689326
21.438,0.341069412737231
21.44,0.340694967281096
21.442,0.340294301066533
21.444,0.339867635103689
21.446,0.339415192640658
21.448,0.338937199136714
21.45,0.338433882235332
21.452,0.337905471737024
21.454,0.337352199571974
21.456,0.336774299772513
21.458,0.33617200844537
21.46,0.335545563743773
21.462,0.334895205839358
21.464,0.334221176893907
21.466,0.333523721030907
21.468,0.332803084306951
21.47,0.332059514682958
21.472,0.331293261995245
21.474,0.330504577926422
21.476,0.329693715976145
21.478,0.32886093143171
21.48,0.328006481338484
21.482,0.327130624470208
21.484,0.326233621299147
21.486,0.32531573396608
21.488,0.32437722625019
21.49,0.32341836353878
21.492,0.322439412796885
21.494,0.321440642536729
21.496,0.320422322787086
21.498,0.319384725062494
21.5,0.318328122332358
21.502,0.317252788989943
21.504,0.316159000821241
21.506,0.315047034973742
21.508,0.313917169925086
21.51,0.312769685451625
21.512,0.31160486259687
21.514,0.310422983639861
21.516,0.309224332063414
21.518,0.308009192522321
21.52,0.306777850811417
21.522,0.305530593833592
21.524,0.304267709567724
21.526,0.302989487036516
21.528,0.301696216274278
21.53,0.300388188294633
21.532,0.299065695058149
21.534,0.297729029439922
21.536,0.296378485197088
21.538,0.295014356936278
21.54,0.293636940081029
21.542,0.29224653083914
21.544,0.290843426169973
21.546,0.289427923751731
21.548,0.288000321948674
21.55,0.286560919778315
21.552,0.285110016878577
21.554,0.283647913474914
21.556,0.282174910347421
21.558,0.280691308797909
21.56,0.27919741061696
21.562,0.277693518050977
21.564,0.276179933769211
21.566,0.274656960830779
21.568,0.27312490265169
21.57,0.271584062971845
21.572,0.270034745822056
21.574,0.26847725549107
21.576,0.266911896492583
21.578,0.265338973532293
21.58,0.263758791474926
21.582,0.262171655311337
21.584,0.260577870125575
21.586,0.258977741062006
21.588,0.257371573292461
21.59,0.255759671983401
21.592,0.254142342263131
21.594,0.252519889189044
21.596,0.250892617714909
21.598,0.249260832658207
21.6,0.247624838667506
21.602,0.245984940189891
21.604,0.24434144143846
21.606,0.242694646359856
21.608,0.241044858601878
21.61,0.239392381481157
21.612,0.237737517950871
21.614,0.236080570568584
21.616,0.234421841464106
21.618,0.232761632307457
21.62,0.231100244276917
21.622,0.229437978027141
21.624,0.227775133657374
21.626,0.226112010679758
21.628,0.22444890798772
21.63,0.222786123824472
21.632,0.221123955751603
21.634,0.219462700617769
21.636,0.217802654527506
21.638,0.216144112810134
21.64,0.214487369988781
21.642,0.212832719749537
21.644,0.211180454910689
21.646,0.209530867392127
21.648,0.207884248184837
21.65,0.206240887320536
21.652,0.204601073841441
21.654,0.202965095770168
21.656,0.201333240079767
21.658,0.1997057926639
21.66,0.198083038307159
21.662,0.19646526065554
21.664,0.194852742187049
21.666,0.193245764182473
21.668,0.191644606696302
21.67,0.190049548527818
21.672,0.188460867192314
21.674,0.186878838892525
21.676,0.185303738490174
21.678,0.183735839477739
21.68,0.182175413950337
21.682,0.180622732577834
21.684,0.179078064577096
21.686,0.177541677684441
21.688,0.176013838128261
21.69,0.174494810601851
21.692,0.172984858236387
21.694,0.171484242574143
21.696,0.169993223541869
21.698,0.168512059424372
21.7,0.167041006838306
21.702,0.165580320706156
21.704,0.164130254230419
21.706,0.162691058868016
21.708,0.161262984304876
21.71,0.159846278430774
21.712,0.158441187314351
21.714,0.157047955178358
21.716,0.155666824375134
21.718,0.154298035362296
21.72,0.152941826678631
21.722,0.151598434920261
21.724,0.150268094716994
21.726,0.148951038708926
21.728,0.147647497523278
21.73,0.146357699751453
21.732,0.14508187192635
21.734,0.143820238499907
21.736,0.142573021820873
21.738,0.141340442112868
21.74,0.140122717452629
21.742,0.138920063748556
21.744,0.137732694719478
21.746,0.136560821873688
21.748,0.135404654488218
21.75,0.134264399588387
21.752,0.133140261927594
21.754,0.132032443967377
21.756,0.130941145857733
21.758,0.129866565417705
21.76,0.128808898116235
21.762,0.127768337053278
21.764,0.126745072941192
21.766,0.125739294086399
21.768,0.124751186371324
21.77,0.12378093323659
21.772,0.122828715663514
21.774,0.121894712156868
21.776,0.120979098727915
21.778,0.120082048877741
21.78,0.119203733580865
21.782,0.118344321269116
21.784,0.117503977815824
21.786,0.116682866520285
21.788,0.115881148092506
21.79,0.115098980638259
21.792,0.114336519644413
21.794,0.11359391796456
21.796,0.112871325804947
21.798,0.112168890710688
21.8,0.11148675755228
21.802,0.11082506851243
21.804,0.110183963073145
21.806,0.109563578003168
21.808,0.10896404734569
21.81,0.10838550240635
21.812,0.107828071741583
21.814,0.107291881147232
21.816,0.10677705364748
21.818,0.106283709484099
21.82,0.105811966105985
21.822,0.105361938159026
21.824,0.104933737476258
21.826,0.104527473068345
21.828,0.104143251114361
21.83,0.103781174952898
21.832,0.103441345073466
21.834,0.103123859108222
21.836,0.102828811824014
21.838,0.102556295114721
21.84,0.102306397993933
21.842,0.102079206587932
21.844,0.101874804128987
21.846,0.101693270948977
21.848,0.101534684473323
21.85,0.101399119215244
21.852,0.101286646770321
21.854,0.101197335811392
21.856,0.101131252083751
21.858,0.10108845840069
21.86,0.101069014639333
21.862,0.101072977736801
21.864,0.101100401686714
21.866,0.101151337535977
21.868,0.101225833381919
21.87,0.101323934369738
21.872,0.101445682690266
21.874,0.101591117578056
21.876,0.101760275309795
21.878,0.101953189203027
21.88,0.102169889615206
21.882,0.10241040394306
21.884,0.102674756622288
21.886,0.102962969127564
21.888,0.103275059972867
21.89,0.103611044712125
21.892,0.103970935940199
21.894,0.104354743294153
21.896,0.104762473454862
21.898,0.105194130148946
21.9,0.105649714151007
21.902,0.106129223286182
21.904,0.106632652433029
21.906,0.107159993526716
21.908,0.107711235562531
21.91,0.108286364599703
21.912,0.10888536376555
21.914,0.109508213259924
21.916,0.110154890359985
21.918,0.110825369425273
21.92,0.111519621903112
21.922,0.112237616334311
21.924,0.112979318359161
21.926,0.113744690723796
21.928,0.114533693286789
21.93,0.115346283026115
21.932,0.116182414046394
21.934,0.11704203758645
21.936,0.117925102027166
21.938,0.11883155289965
21.94,0.11976133289371
21.942,0.120714381866612
21.944,0.121690636852162
21.946,0.122690032070067
21.948,0.123712498935621
21.95,0.124757966069658
21.952,0.125826359308811
21.954,0.126917601716099
21.956,0.128031613591747
21.958,0.129168312484349
21.96,0.130327613202301
21.962,0.131509427825535
21.964,0.132713665717515
21.966,0.133940233537556
21.968,0.135189035253399
21.97,0.136459972154098
21.972,0.137752942863155
21.974,0.13906784335196
21.976,0.140404566953517
21.978,0.14176300437642
21.98,0.143143043719119
21.982,0.144544570484485
21.984,0.145967467594591
21.986,0.147411615405828
21.988,0.148876891724234
21.99,0.150363171821144
21.992,0.151870328449049
21.994,0.153398231857763
21.996,0.154946749810846
21.998,0.156515747602251
22,0.158105088073279
22.002,0.159714631629754
22.004,0.161344236259478
22.006,0.162993757549912
22.008,0.164663048706122
22.01,0.166351960568984
22.012,0.168060341633613
22.014,0.169788038068041
22.016,0.171534893732155
22.018,0.173300750196856
22.02,0.175085446763452
22.022,0.176888820483312
22.024,0.17871070617773
22.026,0.180550936458015
22.028,0.182409341745842
22.03,0.184285750293789
22.032,0.186179988206138
22.034,0.188091879459858
22.036,0.190021245925833
22.038,0.191967907390315
22.04,0.193931681576557
22.042,0.195912384166687
22.044,0.197909828823786
22.046,0.199923827214173
22.048,0.201954189029883
22.05,0.204000722011356
22.052,0.206063231970348
22.054,0.208141522812988
22.056,0.210235396563081
22.058,0.212344653385569
22.06,0.214469091610205
22.062,0.216608507755391
22.064,0.21876269655222
22.066,0.220931450968688
22.068,0.22311456223409
22.07,0.22531181986359
22.072,0.227523011682959
22.074,0.229747923853505
22.076,0.231986340897137
22.078,0.234238045721617
22.08,0.236502819645994
22.082,0.23878044242613
22.084,0.241070692280459
22.086,0.243373345915867
22.088,0.245688178553703
22.09,0.248014963955975
22.092,0.250353474451669
22.094,0.252703480963222
22.096,0.255064753033122
22.098,0.257437058850655
22.1,0.259820165278778
22.102,0.262213837881143
22.104,0.26461784094921
22.106,0.26703193752952
22.108,0.269455889451091
22.11,0.27188945735288
22.112,0.274332400711452
22.114,0.276784477868664
22.116,0.279245446059535
22.118,0.281715061440182
22.12,0.284193079115867
22.122,0.286679253169156
22.124,0.289173336688162
22.126,0.291675081794889
22.128,0.294184239673672
22.13,0.296700560599689
22.132,0.299223793967581
22.134,0.30175368832013
22.136,0.304289991377046
22.138,0.306832450063788
22.14,0.309380810540506
22.142,0.311934818231
22.144,0.314494217851816
22.146,0.317058753441313
22.148,0.319628168388872
22.15,0.322202205464131
22.152,0.324780606846251
22.154,0.327363114153272
22.156,0.329949468471495
22.158,0.332539410384907
22.16,0.33513268000466
22.162,0.337729016998564
22.164,0.340328160620653
22.166,0.342929849740743
22.168,0.345533822874037
22.17,0.348139818210749
22.172,0.35074757364578
22.174,0.353356826808343
22.176,0.355967315091689
22.178,0.35857877568277
22.18,0.361190945591962
22.182,0.363803561682775
22.184,0.366416360701555
22.186,0.369029079307209
22.188,0.371641454100911
22.19,0.374253221655789
22.192,0.376864118546644
22.194,0.379473881379602
22.196,0.382082246821782
22.198,0.384688951630954
22.2,0.387293732685134
22.202,0.389896327012177
22.204,0.392496471819369
22.206,0.395093904522917
22.208,0.397688362777472
22.21,0.40027958450557
22.212,0.402867307927042
22.214,0.405451271588403
22.216,0.408031214392144
22.218,0.410606875626007
22.22,0.413177994992217
22.222,0.415744312636606
22.224,0.418305569177726
22.226,0.420861505735878
22.228,0.423411863962063
22.23,0.425956386066881
22.232,0.428494814849352
22.234,0.431026893725641
22.236,0.43355236675775
22.238,0.436070978682056
22.24,0.438582474937846
22.242,0.441086601695686
22.244,0.443583105885751
22.246,0.446071735226039
22.248,0.448552238250491
22.25,0.451024364337001
22.252,0.453487863735335
22.254,0.455942487594943
22.256,0.458387987992645
22.258,0.460824117960218
22.26,0.463250631511863
22.262,0.465667283671563
22.264,0.468073830500289
22.266,0.470470029123125
22.268,0.472855637756224
22.27,0.475230415733656
22.272,0.47759412353413
22.274,0.479946522807548
22.276,0.482287376401456
22.278,0.48461644838733
22.28,0.486933504086716
22.282,0.48923831009725
22.284,0.491530634318487
22.286,0.493810245977606
22.288,0.496076915654955
22.29,0.49833041530943
22.292,0.500570518303686
22.294,0.502796999429211
22.296,0.505009634931203
22.298,0.507208202533298
22.3,0.509392481462106
22.302,0.511562252471599
22.304,0.513717297867308
22.306,0.515857401530325
22.308,0.517982348941146
22.31,0.520091927203328
22.312,0.522185925066936
22.314,0.524264132951823
22.316,0.526326342970708
22.318,0.528372348952063
22.32,0.530401946462792
22.322,0.532414932830727
22.324,0.534411107166909
22.326,0.536390270387668
22.328,0.53835222523649
22.33,0.540296776305702
22.332,0.542223730057897
22.334,0.544132894847189
22.336,0.546024080940236
22.338,0.547897100537036
22.34,0.549751767791515
22.342,0.551587898831889
22.344,0.553405311780791
22.346,0.555203826775196
22.348,0.55698326598608
22.35,0.558743453637881
22.352,0.560484216027716
22.354,0.562205381544344
22.356,0.563906780686922
22.358,0.565588246083505
22.36,0.567249612509295
22.362,0.56889071690468
22.364,0.570511398392979
22.366,0.572111498297986
22.368,0.57369086016124
22.37,0.575249329759047
22.372,0.57678675511925
22.374,0.578302986537756
22.376,0.579797876594784
22.378,0.581271280170878
22.38,0.582723054462646
22.382,0.584153058998237
22.384,0.58556115565257
22.386,0.586947208662281
22.388,0.588311084640411
22.39,0.589652652590829
22.392,0.590971783922376
22.394,0.592268352462759
22.396,0.593542234472139
22.398,0.594793308656479
22.4,0.596021456180596
22.402,0.597226560680949
22.404,0.598408508278132
22.406,0.599567187589109
22.408,0.600702489739155
22.41,0.601814308373515
22.412,0.602902539668785
22.414,0.603967082344008
22.416,0.605007837671485
22.418,0.606024709487293
22.42,0.607017604201519
22.422,0.607986430808216
22.424,0.608931100895047
22.426,0.609851528652663
22.428,0.610747630883761
22.43,0.611619327011881
22.432,0.612466539089881
22.434,0.613289191808134
22.436,0.614087212502426
22.438,0.614860531161554
22.44,0.615609080434627
22.442,0.616332795638078
22.444,0.617031614762363
22.446,0.617705478478371
22.448,0.618354330143533
22.45,0.618978115807626
22.452,0.619576784218275
22.454,0.620150286826164
22.456,0.620698577789927
22.458,0.621221613980752
22.46,0.621719354986674
22.462,0.622191763116559
22.464,0.622638803403801
22.466,0.623060443609692
22.468,0.623456654226502
22.47,0.623827408480253
22.472,0.624172682333178
22.474,0.624492454485883
22.476,0.624786706379198
22.478,0.625055422195724
22.48,0.625298588861074
22.482,0.625516196044805
22.484,0.62570823616104
22.486,0.625874704368797
22.488,0.626015598571991
22.49,0.626130919419148
22.492,0.626220670302799
22.494,0.626284857358576
22.496,0.626323489463993
22.498,0.62633657823693
22.5,0.626324138033802
22.502,0.626286185947428
22.504,0.626222741804592
22.506,0.626133828163295
22.508,0.62601947030971
22.51,0.625879696254821
22.512,0.625714536730769
22.514,0.625524025186884
22.516,0.625308197785419
22.518,0.625067093396979
22.52,0.624800753595645
22.522,0.624509222653802
22.524,0.624192547536656
22.526,0.623850777896458
22.528,0.623483966066425
22.53,0.623092167054356
22.532,0.622675438535958
22.534,0.622233840847868
22.536,0.621767436980374
22.538,0.621276292569849
22.54,0.620760475890877
22.542,0.620220057848094
22.544,0.619655111967729
22.546,0.619065714388853
22.548,0.618451943854331
22.55,0.617813881701496
22.552,0.617151611852513
22.554,0.616465220804469
22.556,0.615754797619167
22.558,0.615020433912636
22.56,0.614262223844353
22.562,0.613480264106179
22.564,0.612674653911011
22.566,0.611845494981159
22.568,0.610992891536428
22.57,0.610116950281929
22.572,0.609217780395612
22.574,0.608295493515515
22.576,0.60735020372674
22.578,0.606382027548163
22.58,0.605391083918846
22.582,0.604377494184211
22.584,0.603341382081915
22.586,0.602282873727469
22.588,0.601202097599593
22.59,0.600099184525292
22.592,0.59897426766468
22.594,0.597827482495543
22.596,0.596658966797621
22.598,0.59546886063666
22.6,0.594257306348185
22.602,0.593024448521023
22.604,0.591770433980575
22.606,0.590495411771835
22.608,0.589199533142153
22.61,0.587882951523762
22.612,0.586545822516037
22.614,0.585188303867541
22.616,0.583810555457793
22.618,0.582412739278819
22.62,0.580995019416457
22.622,0.579557562031428
22.624,0.57810053534016
22.626,0.576624109595399
22.628,0.575128457066572
22.63,0.573613752019933
22.632,0.572080170698473
22.634,0.570527891301611
22.636,0.568957093964671
22.638,0.567367960738115
22.64,0.565760675566585
22.642,0.564135424267723
22.644,0.56249239451075
22.646,0.560831775794887
22.648,0.559153759427515
22.65,0.557458538502164
22.652,0.555746307876275
22.654,0.554017264148783
22.656,0.552271605637481
22.658,0.550509532356199
22.66,0.548731245991779
22.662,0.546936949880873
22.664,0.545126848986542
22.666,0.543301149874659
22.668,0.541460060690151
22.67,0.53960379113305
22.672,0.537732552434337
22.674,0.535846557331667
22.676,0.533946020044857
22.678,0.532031156251265
22.68,0.530102183060938
22.682,0.528159318991643
22.684,0.526202783943712
22.686,0.524232799174735
22.688,0.522249587274078
22.69,0.520253372137278
22.692,0.518244378940255
22.694,0.516222834113387
22.696,0.514188965315443
22.698,0.512143001407363
22.7,0.510085172425902
22.702,0.508015709557138
22.704,0.505934845109827
22.706,0.503842812488665
22.708,0.501739846167367
22.71,0.499626181661667
22.712,0.497502055502168
22.714,0.495367705207075
22.716,0.493223369254813
22.718,0.491069287056534
22.72,0.488905698928502
22.722,0.486732846064377
22.724,0.484550970507387
22.726,0.482360315122408
22.728,0.480161123567926
22.73,0.477953640267914
22.732,0.475738110383614
22.734,0.473514779785243
22.736,0.471283895023549
22.738,0.469045703301387
22.74,0.466800452445106
22.742,0.464548390875935
22.744,0.462289767581247
22.746,0.460024832085771
22.748,0.457753834422741
22.75,0.455477025104951
22.752,0.453194655095776
22.754,0.450906975780124
22.756,0.448614238935309
22.758,0.446316696701916
22.76,0.44401460155457
22.762,0.441708206272681
22.764,0.439397763911138
22.766,0.437083527770977
22.768,0.434765751369978
22.77,0.432444688413264
22.772,0.430120592763834
22.774,0.427793718413104
22.776,0.425464319451399
22.778,0.42313265003841
22.78,0.420798964373681
22.782,0.418463516667023
22.784,0.416126561108955
22.786,0.413788351841121
22.788,0.4114491429267
22.79,0.409109188320824
22.792,0.406768741840975
22.794,0.404428057137408
22.796,0.402087387663581
22.798,0.399746986646558
22.8,0.397407107057491
22.802,0.39506800158205
22.804,0.392729922590916
22.806,0.390393122110283
22.808,0.38805785179239
22.81,0.385724362886077
22.812,0.383392906207378
22.814,0.38106373211014
22.816,0.378737090456704
22.818,0.376413230588606
22.82,0.374092401297319
22.822,0.371774850795074
22.824,0.369460826685707
22.826,0.367150575935552
22.828,0.36484434484444
22.83,0.362542379016685
22.832,0.360244923332218
22.834,0.357952221917713
22.836,0.355664518117836
22.838,0.353382054466541
22.84,0.351105072658458
22.842,0.348833813520338
22.844,0.346568516982621
22.846,0.344309422051044
22.848,0.342056766778371
22.85,0.33981078823621
22.852,0.337571722486909
22.854,0.335339804555568
22.856,0.333115268402151
22.858,0.330898346893691
22.86,0.32868927177663
22.862,0.326488273649208
22.864,0.324295581934063
22.866,0.322111424850858
22.868,0.319936029389065
22.87,0.31776962128089
22.872,0.315612424974286
22.874,0.313464663606121
22.876,0.311326558975467
22.878,0.30919833151703
22.88,0.307080200274711
22.882,0.304972382875321
22.884,0.302875095502405
22.886,0.300788552870269
22.888,0.298712968198105
22.89,0.296648553184283
22.892,0.294595517980828
22.894,0.292554071167993
22.896,0.290524419729062
22.898,0.288506769025265
22.9,0.286501322770881
22.902,0.284508283008511
22.904,0.28252785008451
22.906,0.28056022262461
22.908,0.278605597509713
22.91,0.276664169851846
22.912,0.27473613297034
22.914,0.272821678368153
22.916,0.270920995708401
22.918,0.269034272791069
22.92,0.267161695529949
22.922,0.265303447929703
22.924,0.263459712063207
22.926,0.26163066804903
22.928,0.259816494029163
22.93,0.258017366146921
22.932,0.256233458525059
22.934,0.254464943244126
22.936,0.252711990320996
22.938,0.25097476768763
22.94,0.249253441170066
22.942,0.24754817446761
22.944,0.245859129132267
22.946,0.244186464548375
22.948,0.242530337912496
22.95,0.240890904213517
22.952,0.239268316212981
22.954,0.237662724425655
22.956,0.236074277100355
22.958,0.234503120200974
22.96,0.23294939738777
22.962,0.231413249998904
22.964,0.229894817032209
22.966,0.228394235127205
22.968,0.226911638547381
22.97,0.225447159162704
22.972,0.224000926432408
22.974,0.222573067387998
22.976,0.221163706616565
22.978,0.219772966244316
22.98,0.218400965920374
22.982,0.21704782280086
22.984,0.21571365153323
22.986,0.214398564240849
22.988,0.213102670507887
22.99,0.211826077364442
22.992,0.210568889271958
22.994,0.209331208108897
22.996,0.208113133156711
22.998,0.206914761086067
23,0
23.002,0
23.004,0
23.006,0
23.008,0
23.01,0
23.012,0
23.014,0
23.016,0
23.018,0
23.02,0
23.022,0
23.024,0
23.026,0
23.028,0
23.03,0
23.032,0
23.034,0
23.036,0
23.038,0
23.04,0
23.042,0
23.044,0
23.046,0
23.048,0
23.05,0
23.052,0
23.054,0
23.056,0
23.058,0
23.06,0
23.062,0
23.064,0
23.066,0
23.068,0
23.07,0
23.072,0
23.074,0
23.076,0
23.078,0
23.08,0
23.082,0
23.084,0
23.086,0
23.088,0
23.09,0
23.092,0
23.094,0
23.096,0
23.098,0
23.1,0
23.102,0
23.104,0
23.106,0
23.108,0
23.11,0
23.112,0
23.114,0
23.116,0
23.118,0
23.12,0
23.122,0
23.124,0
23.126,0
23.128,0
23.13,0
23.132,0
23.134,0
23.136,0
23.138,0
23.14,0
23.142,0
23.144,0
23.146,0
23.148,0
23.15,0
23.152,0
23.154,0
23.156,0
23.158,0
23.16,0
23.162,0
23.164,0
23.166,0
23.168,0
23.17,0
23.172,0
23.174,0
23.176,0
23.178,0
23.18,0
23.182,0
23.184,0
23.186,0
23.188,0
23.19,0
23.192,0
23.194,0
23.196,0
23.198,0
23.2,0
23.202,0
23.204,0
23.206,0
23.208,0
23.21,0
23.212,0
23.214,0
23.216,0
23.218,0
23.22,0
23.222,0
23.224,0
23.226,0
23.228,0
23.23,0
23.232,0
23.234,0
23.236,0
23.238,0
23.24,0
23.242,0
23.244,0
23.246,0
23.248,0
23.25,0
23.252,0
23.254,0
23.256,0
23.258,0
23.26,0
23.262,0
23.264,0
23.266,0
23.268,0
23.27,0
23.272,0
23.274,0
23.276,0
23.278,0
23.28,0
23.282,0
23.284,0
23.286,0
23.288,0
23.29,0
23.292,0
23.294,0
23.296,0
23.298,0
23.3,0
23.302,0
23.304,0
23.306,0
23.308,0
23.31,0
23.312,0
23.314,0
23.316,0
23.318,0
23.32,0
23.322,0
23.324,0
23.326,0
23.328,0
23.33,0
23.332,0
23.334,0
23.336,0
23.338,0
23.34,0
23.342,0
23.344,0
23.346,0
23.348,0
23.35,0
23.352,0
23.354,0
23.356,0
23.358,0
23.36,0
23.362,0
23.364,0
23.366,0
23.368,0
23.37,0
23.372,0
23.374,0
23.376,0
23.378,0
23.38,0
23.382,0
23.384,0
23.386,0
23.388,0
23.39,0
23.392,0
23.394,0
23.396,0
23.398,0
23.4,0
23.402,0
23.404,0
23.406,0
23.408,0
23.41,0
23.412,0
23.414,0
23.416,0
23.418,0
23.42,0
23.422,0
23.424,0
23.426,0
23.428,0
23.43,0
23.432,0
23.434,0
23.436,0
23.438,0
23.44,0
23.442,0
23.444,0
23.446,0
23.448,0
23.45,0
23.452,0
23.454,0
23.456,0
23.458,0
23.46,0
23.462,0
23.464,0
23.466,0
23.468,0
23.47,0
23.472,0
23.474,0
23.476,0
23.478,0
23.48,0
23.482,0
23.484,0
23.486,0
23.488,0
23.49,0
23.492,0
23.494,0
23.496,0
23.498,0
23.5,0
23.502,0
23.504,0
23.506,0
23.508,0
23.51,0
23.512,0
23.514,0
23.516,0
23.518,0
23.52,0
23.522,0
23.524,0
23.526,0
23.528,0
23.53,0
23.532,0
23.534,0
23.536,0
23.538,0
23.54,0
23.542,0
23.544,0
23.546,0
23.548,0
23.55,0
23.552,0
23.554,0
23.556,0
23.558,0
23.56,0
23.562,0
23.564,0
23.566,0
23.568,0
23.57,0
23.572,0
23.574,0
23.576,0
23.578,0
23.58,0
23.582,0
23.584,0
23.586,0
23.588,0
23.59,0
23.592,0
23.594,0
23.596,0
23.598,0
23.6,0
23.602,0
23.604,0
23.606,0
23.608,0
23.61,0
23.612,0
23.614,0
23.616,0
23.618,0
23.62,0
23.622,0
23.624,0
23.626,0
23.628,0
23.63,0
23.632,0
23.634,0
23.636,0
23.638,0
23.64,0
23.642,0
23.644,0
23.646,0
23.648,0
23.65,0
23.652,0
23.654,0
23.656,0
23.658,0
23.66,0
23.662,0
23.664,0
23.666,0
23.668,0
23.67,0
23.672,0
23.674,0
23.676,0
23.678,0
23.68,0
23.682,0
23.684,0
23.686,0
23.688,0
23.69,0
23.692,0
23.694,0
23.696,0
23.698,0
23.7,0
23.702,0
23.704,0
23.706,0
23.708,0
23.71,0
23.712,0
23.714,0
23.716,0
23.718,0
23.72,0
23.722,0
23.724,0
23.726,0
23.728,0
23.73,0
23.732,0
23.734,0
23.736,0
23.738,0
23.74,0
23.742,0
23.744,0
23.746,0
23.748,0
23.75,0
23.752,0
23.754,0
23.756,0
23.758,0
23.76,0
23.762,0
23.764,0
23.766,0
23.768,0
23.77,0
23.772,0
23.774,0
23.776,0
23.778,0
23.78,0
23.782,0
23.784,0
23.786,0
23.788,0
23.79,0
23.792,0
23.794,0
23.796,0
23.798,0
23.8,0
23.802,0
23.804,0
23.806,0
23.808,0
23.81,0
23.812,0
23.814,0
23.816,0
23.818,0
23.82,0
23.822,0
23.824,0
23.826,0
23.828,0
23.83,0
23.832,0
23.834,0
23.836,0
23.838,0
23.84,0
23.842,0
23.844,0
23.846,0
23.848,0
23.85,0
23.852,0
23.854,0
23.856,0
23.858,0
23.86,0
23.862,0
23.864,0
23.866,0
23.868,0
23.87,0
23.872,0
23.874,0
23.876,0
23.878,0
23.88,0
23.882,0
23.884,0
23.886,0
23.888,0
23.89,0
23.892,0
23.894,0
23.896,0
23.898,0
23.9,0
23.902,0
23.904,0
23.906,0
23.908,0
23.91,0
23.912,0
23.914,0
23.916,0
23.918,0
23.92,0
23.922,0
23.924,0
23.926,0
23.928,0
23.93,0
23.932,0
23.934,0
23.936,0
23.938,0
23.94,0
23.942,0
23.944,0
23.946,0
23.948,0
23.95,0
23.952,0
23.954,0
23.956,0
23.958,0
23.96,0
23.962,0
23.964,0
23.966,0
23.968,0
23.97,0
23.972,0
23.974,0
23.976,0
23.978,0
23.98,0
23.982,0
23.984,0
23.986,0
23.988,0
23.99,0
23.992,0
23.994,0
23.996,0
23.998,0
24,0.6
24.002,0.599988141701042
24.004,0.599952507986485
24.006,0.599893011258371
24.008,0.599809564766226
24.01,0.599702082618823
24.012,0.599570479795968
24.014,0.599414672160312
24.016,0.599234576469196
24.018,0.599030110386505
24.02,0.598801192494563
24.022,0.59854774230603
24.024,0.598269680275844
24.026,0.597966927813161
24.028,0.597639407293329
24.03,0.597287042069875
24.032,0.596909756486516
24.034,0.596507475889174
24.036,0.596080126638023
24.038,0.59562763611954
24.04,0.595149932758573
24.042,0.594646946030424
24.044,0.594118606472943
24.046,0.593564845698633
24.048,0.592985596406763
24.05,0.592380792395497
24.052,0.591750368574023
24.054,0.591094260974694
24.056,0.590412406765173
24.058,0.589704744260589
24.06,0.588971212935682
24.062,0.588211753436973
24.064,0.587426307594915
24.066,0.586614818436058
24.068,0.585777230195206
24.07,0.58491348832758
24.072,0.584023539520972
24.074,0.583107331707898
24.076,0.582164814077744
24.078,0.581195937088911
24.08,0.580200652480949
24.082,0.579178913286679
24.084,0.578130673844317
24.086,0.577055889809573
24.088,0.57595451816775
24.09,0.574826517245822
24.092,0.573671846724503
24.094,0.572490467650295
24.096,0.571282342447524
24.098,0.570047434930358
24.1,0.568785710314797
24.102,0.567497135230656
24.104,0.566181677733516
24.106,0.564839307316652
24.108,0.563469994922943
24.11,0.562073712956752
24.112,0.560650435295774
24.114,0.559200137302866
24.116,0.557722795837839
24.118,0.55621838926922
24.12,0.554686897485986
24.122,0.553128301909255
24.124,0.55154258550395
24.126,0.549929732790426
24.128,0.548289729856048
24.13,0.546622564366745
24.132,0.544928225578512
24.134,0.543206704348869
24.136,0.541457993148287
24.138,0.539682086071554
24.14,0.537878978849105
24.142,0.536048668858299
24.144,0.534191155134647
24.146,0.532306438382985
24.148,0.530394520988606
24.15,0.52845540702832
24.152,0.526489102281473
24.154,0.524495614240901
24.156,0.522474952123826
24.158,0.520427126882694
24.16,0.518352151215951
24.162,0.516250039578749
24.164,0.514120808193593
24.166,0.511964475060922
24.168,0.509781059969619
24.17,0.507570584507446
24.172,0.50533307207142
24.174,0.503068547878103
24.176,0.500777038973825
24.178,0.498458574244827
24.18,0.496113184427328
24.182,0.493740902117512
24.184,0.491341761781429
24.186,0.488915799764823
24.188,0.486463054302865
24.19,0.483983565529801
24.192,0.481477375488523
24.194,0.478944528140036
24.196,0.476385069372838
24.198,0.473799047012215
24.2,0.471186510829429
24.202,0.468547512550815
24.204,0.465882105866786
24.206,0.463190346440722
24.208,0.460472291917776
24.21,0.457728001933563
24.212,0.454957538122748
24.214,0.452160964127529
24.216,0.449338345606011
24.218,0.446489750240465
24.22,0.443615247745482
24.222,0.440714909876006
24.224,0.437788810435255
24.226,0.434837025282527
24.228,0.431859632340879
24.23,0.428856711604693
24.232,0.425828345147116
24.234,0.422774617127371
24.236,0.419695613797953
24.238,0.416591423511683
24.24,0.41346213672864
24.242,0.410307846022962
24.244,0.407128646089511
24.246,0.4039246337504
24.248,0.400695907961386
24.25,0.397442569818126
24.252,0.394164722562287
24.254,0.390862471587519
24.256,0.387535924445275
24.258,0.384185190850496
24.26,0.380810382687139
24.262,0.377411614013556
24.264,0.373989001067728
24.266,0.37054266227234
24.268,0.367072718239696
24.27,0.363579291776488
24.272,0.360062507888397
24.274,0.35652249378454
24.276,0.352959378881743
24.278,0.349373294808664
24.28,0.34576437540974
24.282,0.342132756748968
24.284,0.338478577113519
24.286,0.334801977017173
24.288,0.331103099203591
24.29,0.327382088649402
24.292,0.323639092567115
24.294,0.31987426040786
24.296,0.316087743863935
24.298,0.312279696871181
24.3,0.308450275611168
24.302,0.304599638513194
24.304,0.300727946256099
24.306,0.296835361769888
24.308,0.292922050237161
24.31,0.28898817909435
24.312,0.285033918032765
24.314,0.281059438999439
24.316,0.277064916197771
24.318,0.273050526087978
24.32,0.269016447387338
24.322,0.26496286107023
24.324,0.26088995036797
24.326,0.25679790076844
24.328,0.252686900015502
24.33,0.248557138108215
24.332,0.24440880729982
24.334,0.240242102096531
24.336,0.236057219256095
24.338,0.231854357786139
24.34,0.227633718942304
24.342,0.223395506226148
24.344,0.219139925382835
24.346,0.214867184398593
24.348,0.210577493497951
24.35,0.206271065140747
24.352,0.201948114018907
24.354,0.197608857052991
24.356,0.193253513388513
24.358,0.188882304392019
24.36,0.184495453646936
24.362,0.180093186949182
24.364,0.175675732302535
24.366,0.171243319913767
24.368,0.166796182187533
24.37,0.162334553721016
24.372,0.15785867129833
24.374,0.153368773884677
24.376,0.148865102620256
24.378,0.14434790081392
24.38,0.139817413936589
24.382,0.135273889614405
24.384,0.130717577621636
24.386,0.126148729873331
24.388,0.121567600417707
24.39,0.116974445428289
24.392,0.112369523195791
24.394,0.107753094119728
24.396,0.103125420699781
24.398,0.0984867675268825
24.4,0.0938374012740549
24.402,0.0891775906869729
24.404,0.0845076065742632
24.406,0.0798277217975376
24.408,0.0751382112611563
24.41,0.0704393519017216
24.412,0.065731422677301
24.414,0.0610147045563783
24.416,0.0562894805065311
24.418,0.051556035482835
24.42,0.0468146564159911
24.422,0.0420656322001788
24.424,0.0373092536806307
24.426,0.0325458136409284
24.428,0.0277756067900204
24.43,0.0229989297489587
24.432,0.018216081037355
24.434,0.0134273610595546
24.436,0.00863307209052752
24.438,0.00383351826147584
24.44,-0.000970994454843774
24.442,-0.00578015825908173
24.444,-0.0105936635405448
24.446,-0.0154111988927313
24.448,-0.0202324511291541
24.45,-0.0250571052994513
24.452,-0.0298848447057862
24.454,-0.0347153509195374
24.456,-0.0395483037982778
24.458,-0.0443833815030448
24.46,-0.0492202605159015
24.462,-0.0540586156577907
24.464,-0.0588981201066786
24.466,-0.0637384454159948
24.468,-0.0685792615333607
24.47,-0.0734202368196165
24.472,-0.078261038068137
24.474,-0.0831013305244456
24.476,-0.087940777906121
24.478,-0.0927790424229967
24.48,-0.0976157847976596
24.482,-0.10245066428624
24.484,-0.1072833386995
24.486,-0.112113464424212
24.488,-0.11694069644484
24.49,-0.12176468836551
24.492,-0.12658509243228
24.494,-0.131401559555704
24.496,-0.13621373933369
24.498,-0.141021280074659
24.5,-0.145823828820989
24.502,-0.150621031372768
24.504,-0.155412532311826
24.506,-0.160197975026078
24.508,-0.164977001734147
24.51,-0.169749253510294
24.512,-0.174514370309628
24.514,-0.179271990993622
24.516,-0.184021753355917
24.518,-0.188763294148413
24.52,-0.193496249107664
24.522,-0.198220252981553
24.524,-0.202934939556263
24.526,-0.207639941683539
24.528,-0.212334891308239
24.53,-0.217019419496171
24.532,-0.22169315646222
24.534,-0.226355731598768
24.536,-0.231006773504387
24.538,-0.235645910012831
24.54,-0.240272768222308
24.542,-0.24488697452503
24.544,-0.249488154637058
24.546,-0.254075933628415
24.548,-0.25864993595349
24.55,-0.263209785481714
24.552,-0.267755105528525
24.554,-0.272285518886593
24.556,-0.276800647857338
24.558,-0.281300114282712
24.56,-0.285783539577258
24.562,-0.29025054476044
24.564,-0.294700750489239
24.566,-0.299133777091028
24.568,-0.303549244596703
24.57,-0.307946772774087
24.572,-0.312325981161593
24.574,-0.316686489102153
24.576,-0.321027915777404
24.578,-0.325349880242136
24.58,-0.329652001458997
24.582,-0.333933898333446
24.584,-0.338195189748969
24.586,-0.342435494602541
24.588,-0.346654431840334
24.59,-0.350851620493678
24.592,-0.355026679715264
24.594,-0.359179228815586
24.596,-0.363308887299634
24.598,-0.367415274903809
24.6,-0.371498011633089
24.602,-0.375556717798422
24.604,-0.379591014054345
24.606,-0.383600521436841
24.608,-0.387584861401418
24.61,-0.391543655861404
24.612,-0.395476527226478
24.614,-0.399383098441404
24.616,-0.403262993024988
24.618,-0.407115835109248
24.62,-0.410941249478787
24.622,-0.414738861610383
24.624,-0.418508297712773
24.626,-0.422249184766641
24.628,-0.425961150564808
24.63,-0.429643823752609
24.632,-0.433296833868469
24.634,-0.43691981138466
24.636,-0.440512387748249
24.638,-0.444074195422224
24.64,-0.4476048679268
24.642,-0.451104039880898
24.644,-0.454571347043796
24.646,-0.458006426356952
24.648,-0.461408915985983
24.65,-0.464778455362813
24.652,-0.468114685227969
24.654,-0.47141724767304
24.656,-0.47468578618328
24.658,-0.477919945680354
24.66,-0.481119372565232
24.662,-0.484283714761214
24.664,-0.487412621757096
24.666,-0.490505744650458
24.668,-0.493562736191085
24.67,-0.496583250824499
24.672,-0.499566944735624
24.674,-0.502513475892544
24.676,-0.505422504090388
24.678,-0.508293690995308
24.68,-0.511126700188557
24.682,-0.513921197210671
24.684,-0.516676849605729
24.686,-0.519393326965712
24.688,-0.522070300974933
24.69,-0.524707445454549
24.692,-0.527304436407145
24.694,-0.529860952061386
24.696,-0.532376672916723
24.698,-0.534851281788174
24.7,-0.537284463851136
24.702,-0.539675906686263
24.704,-0.542025300324377
24.706,-0.544332337291418
24.708,-0.546596712653426
24.71,-0.548818124061555
24.712,-0.550996271797099
24.714,-0.553130858816546
24.716,-0.555221590796635
24.718,-0.557268176179422
24.72,-0.559270326217346
24.722,-0.561227755018292
24.724,-0.563140179590638
24.726,-0.565007319888292
24.728,-0.566828898855704
24.73,-0.56860464247285
24.732,-0.570334279800186
24.734,-0.572017543023559
24.736,-0.573654167499076
24.738,-0.575243891797922
24.74,-0.576786457751122
24.742,-0.578281610494237
24.744,-0.579729098511997
24.746,-0.581128673682854
24.748,-0.582480091323462
24.75,-0.583783110233061
24.752,-0.585037492737775
24.754,-0.58624300473481
24.756,-0.587399415736543
24.758,-0.588506498914503
24.76,-0.589564031143237
24.762,-0.590571793044041
24.764,-0.591529569028575
24.766,-0.592437147342329
24.768,-0.593294320107952
24.77,-0.594100883368427
24.772,-0.594856637130094
24.774,-0.595561385405506
24.776,-0.596214936256118
24.778,-0.596817101834796
24.78,-0.597367698428148
24.782,-0.597866546498659
24.784,-0.598313470726635
24.786,-0.598708300051943
24.788,-0.599050867715536
24.79,-0.599341011300766
24.792,-0.599578572774471
24.794,-0.599763398527833
24.796,-0.599895339416994
24.798,-0.599974250803435
24.8,-0.599999992594094
24.802,-0.599972429281232
24.804,-0.599891429982032
24.806,-0.599756868477922
24.808,-0.599568623253623
24.81,-0.599326577535909
24.812,-0.599030619332065
24.814,-0.598680641468059
24.816,-0.598276541626389
24.818,-0.597818222383628
24.82,-0.597305591247637
24.822,-0.596738560694454
24.824,-0.596117048204838
24.826,-0.595440976300479
24.828,-0.59471027257985
24.83,-0.593924869753695
24.832,-0.593084705680162
24.834,-0.592189723399555
24.836,-0.591239871168701
24.838,-0.590235102494941
24.84,-0.589175376169713
24.842,-0.588060656301739
24.844,-0.586890912349798
24.846,-0.585666119155082
24.848,-0.584386256973129
24.85,-0.58305131150532
24.852,-0.581661273929937
24.854,-0.580216140932777
24.856,-0.578715914737303
24.858,-0.577160603134343
24.86,-0.575550219511315
24.862,-0.573884782880969
24.864,-0.572164317909657
24.866,-0.5703888549451
24.868,-0.568558430043665
24.87,-0.566673084997127
24.872,-0.564732867358924
24.874,-0.562737830469888
24.876,-0.560688033483451
24.878,-0.558583541390307
24.88,-0.556424425042539
24.882,-0.554210761177196
24.884,-0.551942632439306
24.886,-0.549620127404328
24.888,-0.547243340600033
24.89,-0.544812372527803
24.892,-0.542327329683348
24.894,-0.53978832457682
24.896,-0.537195475752339
24.898,-0.534548907806902
24.9,-0.531848751408678
24.902,-0.529095143314682
24.904,-0.526288226387824
24.906,-0.523428149613315
24.908,-0.520515068114432
24.91,-0.517549143167635
24.912,-0.514530542217026
24.914,-0.511459438888143
24.916,-0.508336013001085
24.918,-0.505160450582955
24.92,-0.501932943879627
24.922,-0.498653691366814
24.924,-0.495322897760441
24.926,-0.491940774026314
24.928,-0.488507537389081
24.93,-0.485023411340466
24.932,-0.481488625646793
24.934,-0.477903416355766
24.936,-0.474268025802519
24.938,-0.470582702614925
24.94,-0.466847701718149
24.942,-0.463063284338448
24.944,-0.459229718006214
24.946,-0.455347276558238
24.948,-0.451416240139214
24.95,-0.447436895202448
24.952,-0.443409534509794
24.954,-0.439334457130789
24.956,-0.435211968440995
24.958,-0.431042380119536
24.96,-0.426826010145827
24.962,-0.422563182795484
24.964,-0.418254228635424
24.966,-0.413899484518126
24.968,-0.409499293575068
24.97,-0.405054005209332
24.972,-0.400563975087358
24.974,-0.396029565129857
24.976,-0.391451143501871
24.978,-0.386829084601978
24.98,-0.382163769050629
24.982,-0.377455583677631
24.984,-0.37270492150874
24.986,-0.367912181751401
24.988,-0.363077769779588
24.99,-0.358202097117768
24.992,-0.353285581423979
24.994,-0.348328646472006
24.996,-0.343331722132669
24.998,-0.338295244354197
25,-0.333219655141713
25.002,-0.328105402535793
25.004,-0.322952940590124
25.006,-0.317762729348238
25.008,-0.31253523481933
25.01,-0.307270928953148
25.012,-0.301970289613961
25.014,-0.296633800553592
25.016,-0.29126195138352
25.018,-0.285855237546046
25.02,-0.280414160284517
25.022,-0.274939226612612
25.024,-0.269430949282678
25.026,-0.263889846753126
25.028,-0.258316443154869
25.03,-0.252711268256815
25.032,-0.247074857430402
25.034,-0.241407751613182
25.036,-0.235710497271437
25.038,-0.229983646361845
25.04,-0.224227756292186
25.042,-0.218443389881071
25.044,-0.212631115316726
25.046,-0.206791506114794
25.048,-0.20092514107518
25.05,-0.195032604237928
25.052,-0.189114484838124
25.054,-0.183171377259837
25.056,-0.177203880989084
25.058,-0.171212600565831
25.06,-0.165198145535019
25.062,-0.159161130396625
25.064,-0.153102174554745
25.066,-0.147021902265716
25.068,-0.140920942585261
25.07,-0.134799929314671
25.072,-0.12865950094601
25.074,-0.122500300606363
25.076,-0.116322976001111
25.078,-0.110128179356234
25.08,-0.103916567359667
25.082,-0.0976888011016755
25.084,-0.0914455460142817
25.086,-0.0851874718097203
25.088,-0.07891525241795
25.09,-0.0726295659231943
25.092,-0.066331094499542
25.094,-0.060020524345589
25.096,-0.0536985456181339
25.098,-0.0473658523649298
25.1,-0.0410231424564882
25.102,-0.0346711175169504
25.104,-0.0283104828540159
25.106,-0.0219419473879422
25.108,-0.0155662235796121
25.11,-0.00918402735767947
25.112,-0.00279607804478912
25.114,0.00359690171711974
25.116,0.00999418604242173
25.118,0.0163950458783225
25.12,0.0227987490822803
25.122,0.0292045605003296
25.124,0.0356117420462947
25.126,0.042019552781893
25.128,0.0484272489977263
25.13,0.0548340842951432
25.132,0.0612393096689797
25.134,0.0676421735911633
25.136,0.0740419220951787
25.138,0.0804377988613842
25.14,0.0868290453031819
25.142,0.0932149006540226
25.144,0.0995946020552465
25.146,0.105967384644753
25.148,0.112332481646485
25.15,0.118689124460734
25.152,0.125036542755239
25.154,0.13137396455709
25.156,0.13770061634542
25.158,0.144015723144873
25.16,0.150318508619846
25.162,0.156608195169495
25.164,0.162884004023501
25.166,0.169145155338573
25.168,0.175390868295689
25.17,0.181620361198077
25.172,0.187832851569894
25.174,0.19402755625563
25.176,0.200203691520199
25.178,0.20636047314973
25.18,0.212497116553021
25.182,0.218612836863672
25.184,0.22470684904287
25.186,0.230778367982825
25.188,0.23682660861083
25.19,0.242850785993953
25.192,0.248850115444344
25.194,0.254823812625133
25.196,0.260771093656921
25.198,0.266691175224851
25.2,0.272583274686238
25.202,0.278446610178755
25.204,0.284280400729155
25.206,0.290083866362525
25.208,0.295856228212044
25.21,0.301596708629256
25.212,0.307304531294813
25.214,0.312978921329707
25.216,0.318619105406954
25.218,0.324224311863725
25.22,0.329793770813908
25.222,0.335326714261095
25.224,0.340822376211961
25.226,0.346279992790038
25.228,0.35169880234987
25.23,0.357078045591505
25.232,0.362416965675361
25.234,0.367714808337392
25.236,0.372970822004586
25.238,0.37818425791075
25.24,0.383354370212583
25.242,0.388480416106008
25.244,0.393561655942759
25.246,0.398597353347195
25.248,0.403586775333338
25.25,0.408529192422098
25.252,0.413423878758694
25.254,0.418270112230235
25.256,0.423067174583447
25.258,0.427814351542528
25.26,0.432510932927132
25.262,0.437156212770432
25.264,0.441749489437263
25.266,0.446290065742338
25.268,0.45077724906849
25.27,0.455210351484946
25.272,0.459588689865605
25.274,0.4639115860073
25.276,0.468178366748031
25.278,0.472388364085143
25.28,0.476540915293437
25.282,0.480635363043191
25.284,0.484671055518068
25.286,0.488647346532906
25.288,0.492563595651347
25.29,0.496419168303312
25.292,0.500213435902277
25.294,0.503945775962348
25.296,0.507615572215114
25.298,0.511222214726235
25.3,0.514765100011788
25.302,0.518243631154298
25.304,0.521657217918483
25.306,0.525005276866652
25.308,0.528287231473767
25.31,0.531502512242126
25.312,0.534650556815655
25.314,0.537730810093789
25.316,0.54074272434492
25.318,0.543685759319387
25.32,0.54655938236199
25.322,0.549363068524009
25.324,0.552096300674698
25.326,0.554758569612244
25.328,0.557349374174162
25.33,0.559868221347099
25.332,0.562314626376044
25.334,0.564688112872897
25.336,0.566988212924399
25.338,0.569214467199384
25.34,0.571366425055337
25.342,0.57344364464424
25.344,0.575445693017678
25.346,0.577372146231181
25.348,0.579222589447789
25.35,0.58099661704081
25.352,0.582693832695752
25.354,0.584313849511402
25.356,0.585856290100038
25.358,0.587320786686744
25.36,0.588706981207812
25.362,0.590014525408197
25.364,0.591243080938023
25.366,0.592392319448095
25.368,0.593461922684409
25.37,0.594451582581634
25.372,0.595361001355542
25.374,0.596189891594364
25.376,0.596937976349053
25.378,0.597604989222427
25.38,0.598190674457171
25.382,0.598694787022675
25.384,0.599117092700696
25.386,0.599457368169797
25.388,0.599715401088572
25.39,0.59989099017761
25.392,0.599983945300187
25.394,0.599994087541667
25.396,0.599921249287576
25.398,0.599765274300349
25.4,0.599526017794698
25.402,0.599203346511615
25.404,0.59879713879096
25.406,0.598307284642619
25.408,0.597733685816222
25.41,0.597076255869389
25.412,0.596334920234479
25.414,0.595509616283833
25.416,0.594600293393482
25.418,0.593606913005297
25.42,0.592529448687571
25.422,0.591367886193992
25.424,0.590122223521015
25.426,0.58879247096358
25.428,0.587378651169185
25.43,0.585880799190273
25.432,0.584298962534926
25.434,0.582633201215831
25.436,0.580883587797521
25.438,0.579050207441848
25.44,0.577133157951681
25.442,0.57513254981281
25.444,0.573048506234031
25.446,0.570881163185394
25.448,0.568630669434606
25.45,0.566297186581551
25.452,0.563880889090925
25.454,0.561381964322966
25.456,0.558800612562243
25.458,0.556137047044518
25.46,0.553391493981634
25.462,0.550564192584425
25.464,0.547655395083634
25.466,0.544665366748813
25.468,0.541594385905194
25.47,0.538442743948514
25.472,0.535210745357774
25.474,0.531898707705928
25.476,0.528506961668465
25.478,0.525035851029891
25.48,0.521485732688085
25.482,0.517856976656509
25.484,0.514149966064273
25.486,0.510365097154024
25.488,0.506502779277658
25.49,0.502563434889828
25.492,0.498547499539257
25.494,0.494455421857811
25.496,0.49028766354735
25.498,0.486044699364325
25.5,0.481727017102116
25.502,0.477335117571101
25.504,0.472869514576439
25.506,0.468330734893558
25.508,0.46371931824134
25.51,0.459035817252995
25.512,0.454280797444595
25.514,0.449454837181292
25.516,0.444558527641177
25.518,0.439592472776787
25.52,0.434557289274261
25.522,0.429453606510106
25.524,0.424282066505606
25.526,0.419043323878828
25.528,0.413738045794244
25.53,0.408366911909948
25.532,0.402930614322474
25.534,0.397429857509195
25.536,0.391865358268304
25.538,0.386237845656382
25.54,0.380548060923527
25.542,0.374796757446058
25.544,0.368984700656782
25.546,0.363112667972825
25.548,0.357181448721013
25.55,0.351191844060819
25.552,0.345144666904859
25.554,0.339040741836938
25.556,0.332880905027648
25.558,0.32666600414752
25.56,0.320396898277723
25.562,0.314074457818308
25.564,0.307699564394013
25.566,0.301273110757612
25.568,0.294796000690817
25.57,0.288269148902744
25.572,0.281693480925928
25.574,0.275069933009897
25.576,0.26839945201233
25.578,0.261682995287753
25.58,0.254921530573834
25.582,0.248116035875248
25.584,0.241267499345118
25.586,0.234376919164058
25.588,0.227445303416802
25.59,0.220473669966446
25.592,0.213463046326288
25.594,0.206414469529301
25.596,0.199328985995225
25.598,0.192207651395294
25.6,0.185051530514618
25.602,0.17786169711221
25.604,0.17063923377869
25.606,0.163385231791663
25.608,0.156100790968783
25.61,0.148787019518528
25.612,0.141445033888683
25.614,0.134075958612551
25.616,0.126680926152915
25.618,0.119261076743744
25.62,0.111817558229682
25.622,0.104351525903318
25.624,0.0968641423402571
25.626,0.0893565772320181
25.628,0.0818300072167681
25.63,0.0742856157079013
25.632,0.0667245927205022
25.634,0.0591481346956951
25.636,0.0515574443229068
25.638,0.0439537303600587
25.64,0.0363382074517079
25.642,0.0287120959451719
25.644,0.0210766217046267
25.646,0.0134330159232464
25.648,0.0057825149333583
25.65,-0.00187363998532608
25.652,-0.00953420279939476
25.654,-0.0171979229173199
25.656,-0.024863545386892
25.658,-0.0325298110945081
25.66,-0.0401954569662624
25.662,-0.0478592161708339
25.664,-0.0555198183241253
25.666,-0.063175989695638
25.668,-0.0708264534165582
25.67,-0.0784699296895071
25.672,-0.0861051359999403
25.674,-0.0937307873291743
25.676,-0.101345596368985
25.678,-0.108948273737772
25.68,-0.116537528198242
25.682,-0.124112066876585
25.684,-0.13167059548311
25.686,-0.139211818534313
25.688,-0.146734439576328
25.69,-0.154237161409744
25.692,-0.161718686315752
25.694,-0.169177716283564
25.696,-0.176612953239108
25.698,-0.184023099274919
25.7,-0.191406856881236
25.702,-0.198762929178218
25.704,-0.206090020149285
25.706,-0.213386834875517
25.708,-0.220652079771094
25.71,-0.22788446281971
25.712,-0.235082693811959
25.714,-0.242245484583614
25.716,-0.249371549254787
25.718,-0.256459604469921
25.72,-0.26350836963856
25.722,-0.270516567176876
25.724,-0.277482922749895
25.726,-0.284406165514384
25.728,-0.291285028362359
25.73,-0.298118248165169
25.732,-0.304904566018103
25.734,-0.311642727485491
25.736,-0.318331482846245
25.738,-0.324969587339783
25.74,-0.331555801412332
25.742,-0.338088890963494
25.744,-0.344567627593111
25.746,-0.350990788848306
25.748,-0.357357158470711
25.75,-0.363665526643795
25.752,-0.369914690240266
25.754,-0.376103453069491
25.756,-0.382230626124889
25.758,-0.388295027831232
25.76,-0.394295484291834
25.762,-0.400230829535556
25.764,-0.406099905763575
25.766,-0.41190156359588
25.768,-0.417634662317445
25.77,-0.423298070124009
25.772,-0.428890664367434
25.774,-0.43441133180057
25.776,-0.439858968821598
25.778,-0.445232481717774
25.78,-0.450530786908537
25.782,-0.455752811187929
25.784,-0.460897491966263
25.786,-0.465963777511001
25.788,-0.470950627186773
25.79,-0.475857011694494
25.792,-0.480681913309531
25.794,-0.485424326118842
25.796,-0.490083256257061
25.798,-0.494657722141465
25.8,-0.499146754705755
25.802,-0.503549397632615
25.804,-0.507864707584994
25.806,-0.512091754436037
25.808,-0.516229621497633
25.81,-0.520277405747514
25.812,-0.524234218054848
25.814,-0.528099183404278
25.816,-0.531871441118347
25.818,-0.535550145078259
25.82,-0.539134463942911
25.822,-0.54262358136615
25.824,-0.546016696212204
25.826,-0.549313022769213
25.828,-0.552511790960823
25.83,-0.555612246555784
25.832,-0.558613651375489
25.834,-0.56151528349941
25.836,-0.564316437468366
25.838,-0.567016424485572
25.84,-0.569614572615424
25.842,-0.572110226979944
25.844,-0.574502749952849
25.846,-0.576791521351186
25.848,-0.578975938624467
25.85,-0.581055417041267
25.852,-0.583029389873219
25.854,-0.584897308576356
25.856,-0.586658642969745
25.858,-0.588312881411366
25.86,-0.589859530971171
25.862,-0.591298117601281
25.864,-0.592628186303263
25.866,-0.593849301292434
25.868,-0.594961046159145
25.87,-0.595963024026985
25.872,-0.596854857707861
25.874,-0.597636189853901
25.876,-0.598306683106124
25.878,-0.598866020239831
25.88,-0.59931390430667
25.882,-0.599650058773318
25.884,-0.599874227656732
25.886,-0.599986175655928
25.888,-0.599985688280224
25.89,-0.599872571973921
25.892,-0.599646654237345
25.894,-0.599307783744236
25.896,-0.598855830455406
25.898,-0.598290685728641
25.9,-0.597612262424797
25.902,-0.596820495010032
25.904,-0.59591533965415
25.906,-0.594896774324995
25.908,-0.59376479887886
25.91,-0.592519435146869
25.912,-0.591160727017279
25.914,-0.589688740513682
25.916,-0.588103563869036
25.918,-0.586405307595509
25.92,-0.584594104550089
25.922,-0.582670109995911
25.924,-0.580633501659277
25.926,-0.578484479782323
25.928,-0.576223267171294
25.93,-0.573850109240398
25.932,-0.571365274051196
25.934,-0.568769052347498
25.936,-0.566061757585726
25.938,-0.563243725960716
25.94,-0.560315316426921
25.942,-0.557276910714991
25.944,-0.554128913343683
25.946,-0.550871751627094
25.948,-0.547505875677166
25.95,-0.544031758401447
25.952,-0.540449895496074
25.954,-0.536760805433964
25.956,-0.532965029448157
25.958,-0.529063131510327
25.96,-0.525055698304411
25.962,-0.520943339195321
25.964,-0.516726686192761
25.966,-0.51240639391008
25.968,-0.507983139518171
25.97,-0.503457622694383
25.972,-0.498830565566434
25.974,-0.494102712651307
25.976,-0.489274830789107
25.978,-0.48434770907187
25.98,-0.479322158767316
25.982,-0.474199013237507
25.984,-0.468979127852437
25.986,-0.463663379898506
25.988,-0.458252668481892
25.99,-0.452747914426806
25.992,-0.447150060168611
25.994,-0.441460069641819
25.996,-0.435678928162947
25.998,-0.429807642308224
26,-0.423847239786164
26.002,-0.41779876930498
26.004,-0.411663300434862
26.006,-0.405441923465088
26.008,-0.399135749256019
26.01,-0.392745909085915
26.012,-0.386273554492642
26.014,-0.379719857110222
26.016,-0.373086008500278
26.018,-0.36637321997833
26.02,-0.359582722435012
26.022,-0.352715766152153
26.024,-0.345773620613808
26.026,-0.338757574312171
26.028,-0.331668934548458
26.03,-0.324509027228717
26.032,-0.317279196654629
26.034,-0.309980805309271
26.036,-0.302615233637907
26.038,-0.295183879823784
26.04,-0.287688159558994
26.042,-0.280129505810389
26.044,-0.272509368580602
26.046,-0.264829214664175
26.048,-0.257090527398857
26.05,-0.24929480641204
26.052,-0.241443567362435
26.054,-0.233538341676964
26.056,-0.225580676282912
26.058,-0.217572133335407
26.06,-0.209514289940199
26.062,-0.201408737871841
26.064,-0.193257083287261
26.066,-0.185060946434785
26.068,-0.176821961358647
26.07,-0.168541775599037
26.072,-0.160222049887704
26.074,-0.15186445783919
26.076,-0.143470685637706
26.078,-0.13504243171975
26.08,-0.126581406452433
26.082,-0.11808933180766
26.084,-0.109567941032125
26.086,-0.101018978313246
26.088,-0.0924441984410342
26.09,-0.0838453664660096
26.092,-0.0752242573531535
26.094,-0.0665826556320308
26.096,-0.0579223550430554
26.098,-0.0492451581800474
26.1,-0.0405528761290667
26.102,-0.0318473281036359
26.104,-0.0231303410763917
26.106,-0.0144037494072467
26.108,-0.00566939446809775
26.11,0.00307087573580575
26.112,0.0118152069478127
26.114,0.0205617390450245
26.116,0.0293086064266327
26.118,0.0380539384053064
26.12,0.0467958596016222
26.122,0.0555324903413943
26.124,0.0642619470558902
26.126,0.0729823426848081
26.128,0.0816917870819689
26.13,0.0903883874236081
26.132,0.0990702486192406
26.134,0.107735473724952
26.136,0.116382164359091
26.138,0.125008421120227
26.14,0.133612344007343
26.142,0.142192032842115
26.144,0.150745587693255
26.146,0.159271109302761
26.148,0.167766699514061
26.15,0.176230461701875
26.152,0.184660501203787
26.154,0.193054925753358
26.156,0.201411845914756
26.158,0.209729375518741
26.16,0.21800563209998
26.162,0.226238737335512
26.164,0.234426817484359
26.166,0.242568003828098
26.168,0.250660433112358
26.17,0.2587022479891
26.172,0.266691597459606
26.174,0.274626637318058
26.176,0.282505530595623
26.178,0.290326448004901
26.18,0.298087568384687
26.182,0.3057870791449
26.184,0.313423176711588
26.186,0.320994066971894
26.188,0.328497965718901
26.19,0.335933099096201
26.192,0.343297704042141
26.194,0.350590028733572
26.196,0.357808333029046
26.198,0.364950888911313
26.2,0.372015980929034
26.202,0.379001906637565
26.204,0.385906977038753
26.206,0.392729517019561
26.208,0.399467865789485
26.21,0.40612037731658
26.212,0.412685420762042
26.214,0.419161380913178
26.216,0.425546658614694
26.218,0.431839671198156
26.22,0.43803885290953
26.222,0.444142655334663
26.224,0.45014954782262
26.226,0.456058017906723
26.228,0.46186657172322
26.23,0.467573734427426
26.232,0.473178050607245
26.234,0.478678084693957
26.236,0.484072421370144
26.238,0.48935966597463
26.24,0.494538444904354
26.242,0.499607406013014
26.244,0.50456521900641
26.246,0.50941057583432
26.248,0.514142191078857
26.25,0.518758802339122
26.252,0.523259170612094
26.254,0.527642080669608
26.256,0.531906341431318
26.258,0.53605078633353
26.26,0.540074273693793
26.262,0.543975687071114
26.264,0.547753935621726
26.266,0.551407954450243
26.268,0.554936704956127
26.27,0.558339175175344
26.272,0.561614380117093
26.274,0.564761362095492
26.276,0.567779191056135
26.278,0.570666964897371
26.28,0.573423809786236
26.282,0.576048880468894
26.284,0.578541360575509
26.286,0.580900462919416
26.288,0.583125429790499
26.29,0.585215533242668
26.292,0.587170075375327
26.294,0.588988388608727
26.296,0.590669835953113
26.298,0.592213811271541
26.3,0.593619739536298
26.302,0.594887077078777
26.304,0.596015311832759
26.306,0.597003963570972
26.308,0.597852584134829
26.31,0.598560757657277
26.312,0.59912810077863
26.314,0.599554262855313
26.316,0.599838926161419
26.318,0.599981806082993
26.32,0.599982651304936
26.322,0.599841243990475
26.324,0.599557399953072
26.326,0.599130968820726
26.328,0.598561834192545
26.33,0.597849913787549
26.332,0.596995159585582
26.334,0.595997557960282
26.336,0.594857129804024
26.338,0.593573930644756
26.34,0.592148050754655
26.342,0.590579615250533
26.344,0.588868784185931
26.346,0.587015752634807
26.348,0.585020750766781
26.35,0.58288404391385
26.352,0.580605932628519
26.354,0.578186752733287
26.356,0.575626875361424
26.358,0.57292670698898
26.36,0.570086689457985
26.362,0.567107299990763
26.364,0.563989051195326
26.366,0.560732491061794
26.368,0.557338202949795
26.37,0.553806805566783
26.372,0.550138952937269
26.374,0.546335334362876
26.376,0.542396674373223
26.378,0.538323732667565
26.38,0.534117304047184
26.382,0.529778218338479
26.384,0.525307340306739
26.386,0.520705569560553
26.388,0.515973840446865
26.39,0.511113121936602
26.392,0.506124417500914
26.394,0.50100876497795
26.396,0.495767236430204
26.398,0.490400937992376
26.4,0.484911009709779
26.402,0.47929862536724
26.404,0.473564992308531
26.406,0.467711351246294
26.408,0.46173897606249
26.41,0.455649173599335
26.412,0.449443283440782
26.414,0.443122677684492
26.416,0.436688760704369
26.418,0.430142968903612
26.42,0.423486770458356
26.422,0.41672166505187
26.424,0.409849183599365
26.426,0.402870887963428
26.428,0.395788370660099
26.43,0.388603254555631
26.432,0.381317192553961
26.434,0.373931867274924
26.436,0.366448990723255
26.438,0.358870303948402
26.44,0.35119757669522
26.442,0.343432607045561
26.444,0.335577221050836
26.446,0.327633272355576
26.448,0.319602641812075
26.45,0.311487237086122
26.452,0.303288992253962
26.454,0.295009867390448
26.456,0.28665184814855
26.458,0.278216945330201
26.46,0.269707194448618
26.462,0.261124655282131
26.464,0.252471411419621
26.466,0.243749569797617
26.468,0.234961260229173
26.47,0.226108634924575
26.472,0.217193868003999
26.474,0.208219155002159
26.476,0.199186712365111
26.478,0.190098776939233
26.48,0.180957605452554
26.482,0.171765473988452
26.484,0.162524677451919
26.486,0.153237529028402
26.488,0.143906359635415
26.49,0.134533517366987
26.492,0.125121366931063
26.494,0.115672289079997
26.496,0.10618868003425
26.498,0.0966729508993903
26.5,0.0871275270765865
26.502,0.0775548476666222
26.504,0.0679573648676867
26.506,0.0583375433669483
26.508,0.0486978597261607
26.51,0.0390408017613477
26.512,0.0293688679167835
26.514,0.0196845666333551
26.516,0.00999041571148461
26.518,0.000288941668746895
26.52,-0.00941732090763235
26.522,-0.0191258300133323
26.524,-0.0288340368842605
26.526,-0.0385393866586188
26.528,-0.0482393190434353
26.53,-0.0579312689855004
26.532,-0.0676126673464488
26.534,-0.0772809415819113
26.536,-0.086933516424477
26.538,-0.0965678145703713
26.54,-0.106181257369623
26.542,-0.115771265519578
26.544,-0.125335259761548
26.546,-0.134870661580467
26.548,-0.144374893907297
26.55,-0.153845381824096
26.552,-0.163279553271456
26.554,-0.172674839758223
26.556,-0.182028677073237
26.558,-0.191338505998937
26.56,-0.200601773026629
26.562,-0.209815931073237
26.564,-0.218978440199297
26.566,-0.22808676832806
26.568,-0.23713839196546
26.57,-0.246130796920745
26.572,-0.255061479027615
26.574,-0.263927944865601
26.576,-0.272727712481537
26.578,-0.28145831211087
26.58,-0.290117286898657
26.582,-0.298702193619973
26.584,-0.307210603399592
26.586,-0.315640102430668
26.588,-0.323988292692259
26.59,-0.332252792665428
26.592,-0.340431238047777
26.594,-0.348521282466101
26.596,-0.356520598187075
26.598,-0.364426876825634
26.6,-0.372237830050915
26.602,-0.379951190289515
26.604,-0.387564711425845
26.606,-0.395076169499354
26.608,-0.402483363398456
26.61,-0.409784115550856
26.612,-0.416976272610159
26.614,-0.424057706138438
26.616,-0.431026313284637
26.618,-0.437880017458525
26.62,-0.444616769000016
26.622,-0.451234545843619
26.624,-0.457731354177824
26.626,-0.46410522909916
26.628,-0.470354235260775
26.63,-0.476476467515246
26.632,-0.48247005155146
26.634,-0.488333144525327
26.636,-0.494063935684095
26.638,-0.499660646984086
26.64,-0.505121533701606
26.642,-0.510444885036828
26.644,-0.515629024710447
26.646,-0.520672311552867
26.648,-0.525573140085739
26.65,-0.530329941095615
26.652,-0.534941182199531
26.654,-0.539405368402286
26.656,-0.543721042645242
26.658,-0.547886786346406
26.66,-0.55190121993162
26.662,-0.555763003356638
26.664,-0.559470836619892
26.666,-0.563023460265759
26.668,-0.566419655878121
26.67,-0.56965824656402
26.672,-0.572738097427228
26.674,-0.575658116031527
26.676,-0.578417252853515
26.678,-0.581014501724751
26.68,-0.583448900263051
26.682,-0.585719530292749
26.684,-0.58782551825376
26.686,-0.589766035599226
26.688,-0.591540299181628
26.69,-0.593147571627124
26.692,-0.594587161698002
26.694,-0.595858424643031
26.696,-0.596960762535585
26.698,-0.597893624599341
26.7,-0.598656507521417
26.702,-0.59924895575278
26.704,-0.599670561795774
26.706,-0.599920966478613
26.708,-0.599999859216699
26.71,-0.599906978260607
26.712,-0.599642110930612
26.714,-0.599205093837603
26.716,-0.598595813090261
26.718,-0.597814204488369
26.72,-0.59686025370211
26.722,-0.595733996437258
26.724,-0.594435518586113
26.726,-0.592964956364078
26.728,-0.591322496431764
26.73,-0.589508376002508
26.732,-0.587522882935202
26.734,-0.585366355812336
26.736,-0.583039184003143
26.738,-0.580541807711777
26.74,-0.577874718010407
26.742,-0.575038456857162
26.744,-0.572033617098836
26.746,-0.568860842458286
26.748,-0.565520827506437
26.75,-0.562014317618838
26.752,-0.558342108916702
26.754,-0.554505048192369
26.756,-0.550504032819141
26.758,-0.546340010645439
26.76,-0.542013979873228
26.762,-0.537526988920692
26.764,-0.532880136269094
26.766,-0.528074570293809
26.768,-0.523111489079511
26.77,-0.517992140219468
26.772,-0.512717820598942
26.774,-0.507289876162702
26.776,-0.501709701666596
26.778,-0.495978740413236
26.78,-0.490098483971755
26.782,-0.484070471881679
26.784,-0.477896291340887
26.786,-0.471577576877731
26.788,-0.465116010007291
26.79,-0.458513318871833
26.792,-0.451771277865455
26.794,-0.444891707243041
26.796,-0.437876472713461
26.798,-0.430727485017187
26.8,-0.423446699488254
26.802,-0.416036115600763
26.804,-0.408497776499848
26.806,-0.400833768517307
26.808,-0.393046220671895
26.81,-0.38513730415439
26.812,-0.377109231797496
26.814,-0.368964257530734
26.816,-0.360704675820333
26.818,-0.352332821094305
26.82,-0.34385106715276
26.822,-0.335261826563604
26.824,-0.326567550043735
26.826,-0.317770725825823
26.828,-0.308873879010905
26.83,-0.299879570906779
26.832,-0.290790398352512
26.834,-0.281608993029044
26.836,-0.272338020756173
26.838,-0.262980180775983
26.84,-0.253538205022946
26.842,-0.244014857380808
26.844,-0.234412932926479
26.846,-0.22473525716107
26.848,-0.214984685228311
26.85,-0.205164101120442
26.852,-0.195276416871892
26.854,-0.185324571740854
26.856,-0.175311531379005
26.858,-0.165240286989541
26.86,-0.155113854473808
26.862,-0.144935273566655
26.864,-0.134707606960838
26.866,-0.124433939420593
26.868,-0.114117376884718
26.87,-0.103761045559303
26.872,-0.0933680910004571
26.874,-0.0829416771871646
26.876,-0.0724849855846156
26.878,-0.0620012141982351
26.88,-0.0514935766186483
26.882,-0.040965301057882
26.884,-0.0304196293770766
26.886,-0.0198598161059194
26.888,-0.00928912745419469
26.89,0.00128915968440686
26.892,0.0118717587358014
26.894,0.0224553744561559
26.896,0.0330367039493085
26.898,0.043612437690693
26.9,0.0541792605574375
26.902,0.0647338528643874
26.904,0.0752728914056566
26.906,0.0857930505014794
26.908,0.0962910030499882
26.91,0.106763421583613
26.912,0.117206979329779
26.914,0.127618351275597
26.916,0.137994215236145
26.918,0.148331252926116
26.92,0.158626151034381
26.922,0.168875602301225
26.924,0.179076306597828
26.926,0.189224972007719
26.928,0.199318315909812
26.93,0.209353066062695
26.932,0.219325961689772
26.934,0.229233754564998
26.936,0.239073210098746
26.938,0.248841108423514
26.94,0.258534245479084
26.942,0.268149434096775
26.944,0.27768350508243
26.946,0.287133308297769
26.948,0.296495713739719
26.95,0.305767612617404
26.952,0.314945918426356
26.954,0.324027568019642
26.956,0.333009522675471
26.958,0.341888769160979
26.96,0.350662320791732
26.962,0.359327218486672
26.964,0.367880531818012
26.966,0.376319360055847
26.968,0.38464083320695
26.97,0.392842113047517
26.972,0.400920394149379
26.974,0.408872904899375
26.976,0.416696908511465
26.978,0.424389704031244
26.98,0.431948627332443
26.982,0.43937105210509
26.984,0.446654390834901
26.986,0.453796095773589
26.988,0.460793659899662
26.99,0.467644617869402
26.992,0.474346546957577
26.994,0.480897067987619
26.996,0.487293846250782
26.998,0.493534592414048
27,0.499617063416298
27.002,0.505539063352476
27.004,0.511298444345334
27.006,0.516893107404442
27.008,0.522321003272067
27.01,0.527580133255623
27.012,0.532668550046282
27.014,0.537584358523475
27.016,0.542325716544862
27.018,0.546890835721498
27.02,0.551277982177825
27.022,0.555485477296171
27.024,0.559511698445404
27.026,0.563355079693473
27.028,0.56701411250344
27.03,0.570487346412749
27.032,0.573773389695381
27.034,0.576870910006617
27.036,0.579778635010066
27.038,0.582495352986707
27.04,0.585019913425603
27.042,0.587351227596037
27.044,0.589488269100751
27.046,0.59143007441004
27.048,0.593175743376399
27.05,0.594724439729476
27.052,0.596075391551047
27.054,0.597227891729776
27.056,0.598181298395487
27.058,0.598935035332717
27.06,0.599488592373301
27.062,0.599841525767763
27.064,0.599993458535269
27.066,0.599944080791939
27.068,0.599693150057291
27.07,0.599240491538611
27.072,0.598585998393049
27.074,0.597729631967238
27.076,0.596671422014264
27.078,0.595411466887786
27.08,0.593949933713145
27.082,0.592287058535294
27.084,0.590423146443382
27.086,0.588358571671849
27.088,0.586093777677883
27.09,0.583629277195102
27.092,0.580965652263335
27.094,0.578103554234374
27.096,0.575043703753595
27.098,0.571786890717341
27.1,0.568333974205944
27.102,0.564685882392352
27.104,0.560843612426217
27.106,0.556808230293426
27.108,0.552580870650971
27.11,0.548162736637136
27.112,0.543555099656921
27.114,0.538759299142707
27.116,0.533776742290081
27.118,0.528608903768858
27.12,0.523257325409235
27.122,0.51772361586312
27.124,0.512009450240601
27.126,0.506116569721625
27.128,0.500046781142839
27.13,0.493801956559699
27.132,0.487384032783839
27.134,0.480795010895788
27.136,0.474036955733067
27.138,0.467111995353752
27.14,0.460022320475588
27.142,0.452770183890742
27.144,0.445357899856266
27.146,0.437787843460434
27.148,0.430062449965014
27.15,0.422184214123639
27.152,0.4141556894764
27.154,0.405979487620813
27.156,0.397658277459291
27.158,0.389194784423353
27.16,0.380591789674636
27.162,0.371852129283023
27.164,0.362978693381952
27.166,0.353974425301228
27.168,0.344842320677438
27.17,0.335585426542309
27.172,0.326206840389104
27.174,0.316709709217439
27.176,0.307097228556658
27.178,0.297372641468077
27.18,0.287539237526364
27.182,0.277600351780322
27.184,0.267559363693354
27.186,0.257419696063932
27.188,0.247184813926338
27.19,0.236858223432031
27.192,0.226443470711922
27.194,0.215944140719929
27.196,0.205363856058097
27.198,0.194706275783704
27.2,0.183975094198645
27.202,0.173174039621499
27.204,0.162306873142617
27.206,0.151377387362677
27.208,0.140389405115005
27.21,0.129346778172168
27.212,0.118253385937123
27.214,0.107113134119467
27.216,0.095929953397098
27.218,0.0847077980638086
27.22,0.0734506446631501
27.222,0.0621624906091256
27.224,0.0508473527940754
27.226,0.039509266184269
27.228,0.0281522824036054
27.23,0.0167804683060081
27.232,0.00539790453685487
27.234,-0.0059913159159476
27.236,-0.017383089180834
27.238,-0.0287733019708339
27.24,-0.0401578330607699
27.242,-0.0515325547728117
27.244,-0.062893334469936
27.246,-0.0742360360567085
27.248,-0.0855565214869264
27.25,-0.0968506522775102
27.252,-0.108114291028173
27.254,-0.119343302946265
27.256,-0.130533557376297
27.258,-0.141680929333536
27.26,-0.152781301041177
27.262,-0.163830563470432
27.264,-0.174824617883085
27.266,-0.185759377375834
27.268,-0.196630768425957
27.27,-0.207434732437576
27.272,-0.218167227288094
27.274,-0.228824228874118
27.276,-0.239401732656299
27.278,-0.24989575520254
27.28,-0.260302335728912
27.282,-0.270617537637753
27.284,-0.280837450052294
27.286,-0.290958189347249
27.288,-0.300975900674755
27.29,-0.310886759485058
27.292,-0.320686973041361
27.294,-0.330372781928188
27.296,-0.339940461552716
27.298,-0.349386323638419
27.3,-0.358706717710459
27.302,-0.367898032572173
27.304,-0.376956697772113
27.306,-0.385879185060974
27.308,-0.394662009837838
27.31,-0.403301732585136
27.312,-0.411794960291707
27.314,-0.420138347863363
27.316,-0.428328599520377
27.318,-0.436362470181261
27.32,-0.444236766832289
27.322,-0.451948349882124
27.324,-0.459494134501006
27.326,-0.466871091943874
27.328,-0.474076250856881
27.33,-0.481106698566677
27.332,-0.48795958235194
27.334,-0.494632110696525
27.336,-0.501121554523707
27.338,-0.507425248410947
27.34,-0.513540591784608
27.342,-0.519465050094083
27.344,-0.525196155964787
27.346,-0.530731510329459
27.348,-0.536068783537259
27.35,-0.541205716440106
27.352,-0.546140121455754
27.354,-0.550869883607076
27.356,-0.55539296153705
27.358,-0.559707388498942
27.36,-0.56381127332119
27.362,-0.567702801346508
27.364,-0.571380235344711
27.366,-0.574841916398806
27.368,-0.578086264763872
27.37,-0.581111780698284
27.372,-0.583917045266816
27.374,-0.586500721115203
27.376,-0.588861553215722
27.378,-0.590998369583369
27.38,-0.592910081962227
27.382,-0.594595686481625
27.384,-0.596054264281689
27.386,-0.597284982107912
27.388,-0.598287092874371
27.39,-0.599059936195223
27.392,-0.599602938884145
27.394,-0.599915615421373
27.396,-0.599997568388008
27.398,-0.599848488867285
27.4,-0.599468156812494
27.402,-0.598856441381262
27.404,-0.598013301235924
27.406,-0.596938784809705
27.408,-0.595633030538463
27.41,-0.594096267057755
27.412,-0.592328813364992
27.414,-0.590331078946463
27.416,-0.588103563869036
27.418,-0.58564685883633
27.42,-0.582961645209203
27.422,-0.580048694990361
27.424,-0.576908870772982
27.426,-0.57354312565317
27.428,-0.569952503106168
27.43,-0.566138136826167
27.432,-0.562101250529684
27.434,-0.55784315772236
27.436,-0.553365261429176
27.438,-0.548669053887983
27.44,-0.543756116206369
27.442,-0.538628117981772
27.444,-0.533286816884916
27.446,-0.5277340582065
27.448,-0.521971774367223
27.45,-0.516001984391151
27.452,-0.509826793342513
27.454,-0.503448391725944
27.456,-0.496869054850333
27.458,-0.490091142156299
27.46,-0.48311709650749
27.462,-0.475949443445762
27.464,-0.468590790410448
27.466,-0.461043825921831
27.468,-0.453311318729054
27.47,-0.445396116922588
27.472,-0.437301147011552
27.474,-0.429029412966036
27.476,-0.420583995224721
27.478,-0.411968049668017
27.48,-0.403184806557029
27.482,-0.394237569438586
27.484,-0.385129714016693
27.486,-0.375864686990682
27.488,-0.366446004860437
27.49,-0.356877252698971
27.492,-0.347162082892829
27.494,-0.337304213850589
27.496,-0.327307428679929
27.498,-0.317175573833618
27.5,-0.306912557724926
27.502,-0.296522349312801
27.504,-0.286008976657364
27.506,-0.275376525446102
27.508,-0.264629137491335
27.51,-0.253771009199356
27.512,-0.242806390011869
27.514,-0.231739580820127
27.516,-0.220574932352445
27.518,-0.209316843535516
27.52,-0.197969759830216
27.522,-0.186538171542376
27.524,-0.175026612109202
27.526,-0.163439656361892
27.528,-0.151781918765126
27.53,-0.140058051633992
27.532,-0.128272743329094
27.534,-0.116430716430406
27.536,-0.104536725890612
27.538,-0.0925955571685798
27.54,-0.0806120243436974
27.542,-0.0685909682117221
27.544,-0.0565372543629641
27.546,-0.0444557712434059
27.548,-0.0323514281996145
27.55,-0.0202291535081297
27.552,-0.00809389239012033
27.554,0.00404939498794479
27.556,0.0161957355267847
27.558,0.0283401452192051
27.56,0.0404776311865801
27.562,0.0526031937261357
27.564,0.0647118283681573
27.566,0.0767985279423848
27.568,0.0888582846526468
27.57,0.100886092159025
27.572,0.112876947666556
27.574,0.124825854019742
27.576,0.136727821801896
27.578,0.148577871438562
27.58,0.160371035304011
27.582,0.172102359830057
27.584,0.183766907616198
27.586,0.195359759540247
27.588,0.20687601686858
27.59,0.218310803364997
27.592,0.229659267397419
27.594,0.240916584041419
27.596,0.252077957179736
27.598,0.263138621596778
27.6,0.274093845067311
27.602,0.284938930438315
27.604,0.295669217703129
27.606,0.306280086066967
27.608,0.316766956002873
27.61,0.327125291297189
27.612,0.337350601083616
27.614,0.347438441864962
27.616,0.357384419521631
27.618,0.367184191305927
27.62,0.376833467821307
27.622,0.386328014985595
27.624,0.395663655977299
27.626,0.404836273164077
27.628,0.413841810012507
27.63,0.422676272978145
27.632,0.431335733375123
27.634,0.439816329224239
27.636,0.448114267078777
27.638,0.456225823827058
27.64,0.464147348470954
27.642,0.471875263879385
27.644,0.479406068516039
27.646,0.486736338140351
27.648,0.493862727480977
27.65,0.50078197188086
27.652,0.50749088891309
27.654,0.513986379966706
27.656,0.52026543180165
27.658,0.526325118072024
27.66,0.532162600816907
27.662,0.537775131917888
27.664,0.543160054522593
27.666,0.54831480443339
27.668,0.553236911460567
27.67,0.557924000739199
27.672,0.562373794009005
27.674,0.566584110856467
27.676,0.570552869918515
27.678,0.57427809004707
27.68,0.577757891433811
27.682,0.580990496694451
27.684,0.583974231911927
27.686,0.586707527637844
27.688,0.589188919851564
27.69,0.591417050876351
27.692,0.593390670251974
27.694,0.595108635563219
27.696,0.596569913223746
27.698,0.597773579214766
27.7,0.59871881977803
27.702,0.599404932062623
27.704,0.599831324725094
27.706,0.599997518482454
27.708,0.599903146617618
27.71,0.599547955436847
27.712,0.598931804678818
27.714,0.598054667874909
27.716,0.596916632660363
27.718,0.59551790103598
27.72,0.593858789580015
27.722,0.591939729609989
27.724,0.589761267294123
27.726,0.587324063712168
27.728,0.584628894865346
27.73,0.581676651635245
27.732,0.578468339691434
27.734,0.575005079347656
27.736,0.571288105366434
27.738,0.56731876671199
27.74,0.56309852625134
27.742,0.558628960403542
27.744,0.553911758736974
27.746,0.548948723514686
27.748,0.543741769187749
27.75,0.53829292183668
27.752,0.532604318560924
27.754,0.526678206816509
27.756,0.520516943701928
27.758,0.514122995192385
27.76,0.507498935322507
27.762,0.500647445317729
27.764,0.49357131267449
27.766,0.486273430189503
27.768,0.47875679493825
27.77,0.47102450720308
27.772,0.463079769351059
27.774,0.454925884661993
27.776,0.446566256106875
27.778,0.438004385077174
27.78,0.429243870065272
27.782,0.420288405296566
27.784,0.411141779313502
27.786,0.401807873512196
27.788,0.392290660631904
27.79,0.38259420319805
27.792,0.372722651919135
27.794,0.362680244038272
27.796,0.352471301639755
27.798,0.342100229911362
27.8,0.331571515362962
27.802,0.320889724002107
27.804,0.310059499467214
27.806,0.299085561119102
27.808,0.287972702091531
27.81,0.27672578730152
27.812,0.26534975142016
27.814,0.253849596804762
27.816,0.242230391393046
27.818,0.230497266560314
27.82,0.218655414940297
27.822,0.206710088210741
27.824,0.194666594844358
27.826,0.18253029782634
27.828,0.170306612339064
27.83,0.158001003415201
27.832,0.145618983559986
27.834,0.133166110343754
27.836,0.120647983965692
27.838,0.108070244789848
27.84,0.0954385708543885
27.842,0.0827586753552505
27.844,0.0700363041051898
27.846,0.0572772329692637
27.848,0.0444872652780322
27.85,0.0316722292193813
27.852,0.0188379752102753
27.854,0.00599037324946546
27.856,-0.0068646897475496
27.858,-0.0197213126303033
27.86,-0.0325735827104896
27.862,-0.0454155784734306
27.864,-0.0582413723025127
27.866,-0.0710450332154294
27.868,-0.0838206296110015
27.87,-0.0965622320252895
27.872,-0.109263915895736
27.874,-0.121919764332101
27.876,-0.134523870892871
27.878,-0.147070342365889
27.88,-0.159553301551816
27.882,-0.171966890049305
27.884,-0.184305271040336
27.886,-0.196562632074604
27.888,-0.208733187851489
27.89,-0.220811182998381
27.892,-0.232790894843928
27.894,-0.244666636184988
27.896,-0.256432758045813
27.898,-0.268083652428239
27.9,-0.279613755051434
27.902,-0.291017548079969
27.904,-0.302289562838727
27.906,-0.313424382513467
27.908,-0.324416644835499
27.91,-0.335261044749354
27.912,-0.345952337061879
27.914,-0.356485339071588
27.916,-0.366854933176819
27.918,-0.377056069461469
27.92,-0.387083768256839
27.922,-0.396933122678423
27.924,-0.406599301136178
27.926,-0.416077549817084
27.928,-0.425363195138609
27.93,-0.43445164617181
27.932,-0.443338397032797
27.934,-0.452019029241277
27.936,-0.460489214044875
27.938,-0.468744714708046
27.94,-0.476781388764247
27.942,-0.484595190230222
27.944,-0.492182171781097
27.946,-0.499538486885172
27.948,-0.5066603918971
27.95,-0.5135442481084
27.952,-0.520186523754038
27.954,-0.526583795973994
27.956,-0.532732752728661
27.958,-0.538630194666962
27.96,-0.544273036946092
27.962,-0.549658311001825
27.964,-0.5547831662683
27.966,-0.559644871846288
27.968,-0.564240818118878
27.97,-0.568568518313636
27.972,-0.572625610010214
27.974,-0.576409856592514
27.976,-0.579919148644424
27.978,-0.583151505288264
27.98,-0.586105075465035
27.982,-0.588778139155635
27.984,-0.591169108542197
27.986,-0.593276529108757
27.988,-0.595099080680459
27.99,-0.596635578400563
27.992,-0.597884973644524
27.994,-0.598846354870442
27.996,-0.599518948405219
27.998,-0.599902119165795
28,-0.599995371314832
28.002,-0.599798348850286
28.004,-0.599310836128309
28.006,-0.598532758318961
28.008,-0.597464181794254
28.01,-0.596105314448053
28.012,-0.594456505947441
28.014,-0.592518247915117
28.016,-0.590291174042505
28.018,-0.587776060133222
28.02,-0.584973824076624
28.022,-0.58188552575117
28.024,-0.578512366857382
28.026,-0.574855690680189
28.028,-0.570916981780536
28.03,-0.566697865616106
28.032,-0.562200108091074
28.034,-0.557425615034858
28.036,-0.55237643160983
28.038,-0.547054741648023
28.04,-0.541462866916875
28.042,-0.535603266314123
28.044,-0.529478534991956
28.046,-0.5230914034106
28.048,-0.516444736321528
28.05,-0.509541531680538
28.052,-0.502384919490992
28.054,-0.494978160577493
28.056,-0.487324645290337
28.058,-0.479427892141207
28.06,-0.471291546370411
28.062,-0.462919378446221
28.064,-0.454315282496747
28.066,-0.445483274674892
28.068,-0.436427491456974
28.07,-0.427152187875598
28.072,-0.417661735687402
28.074,-0.407960621476388
28.076,-0.398053444693533
28.078,-0.387944915633427
28.08,-0.377639853348695
28.082,-0.367143183503076
28.084,-0.356459936163965
28.086,-0.345595243535323
28.088,-0.334554337631879
28.09,-0.323342547895564
28.092,-0.31196529875519
28.094,-0.300428107130415
28.096,-0.288736579880948
28.098,-0.276896411202246
28.1,-0.264913379968687
28.102,-0.252793347025442
28.104,-0.240542252430233
28.106,-0.22816611264613
28.108,-0.21567101768673
28.11,-0.203063128214931
28.112,-0.19034867259664
28.114,-0.177533943910711
28.116,-0.164625296916529
28.118,-0.15162914498061
28.12,-0.13855195696365
28.122,-0.125400254069425
28.124,-0.112180606657103
28.126,-0.0988996310183771
28.128,-0.0855639861210217
28.13,-0.0721803703203484
28.132,-0.0587555180402008
28.134,-0.0452961964250442
28.136,-0.0318092019648034
28.138,-0.0183013570939952
28.14,-0.00477950676698058
28.142,0.00874948498913691
28.144,0.0222787385422087
28.146,0.0358013621415903
28.148,0.0493104554218599
28.15,0.0627991129218952
28.152,0.0762604276175737
28.154,0.0896874944663791
28.156,0.103073413961952
28.158,0.116411295696932
28.16,0.129694261932166
28.162,0.142915451170554
28.164,0.156068021733548
28.166,0.169145155338576
28.168,0.182140060675434
28.17,0.195045976979856
28.172,0.207856177602323
28.174,0.220563973570239
28.176,0.233162717141587
28.178,0.245645805348225
28.18,0.258006683526822
28.182,0.270238848835622
28.184,0.282335853755076
28.186,0.294291309570544
28.188,0.306098889835015
28.19,0.317752333810105
28.192,0.329245449883288
28.194,0.34057211895966
28.196,0.351726297826151
28.198,0.362702022486442
28.2,0.37349341146467
28.202,0.384094669076092
28.204,0.394500088662775
28.206,0.404704055792581
28.208,0.414701051419519
28.21,0.424485655003716
28.212,0.434052547589156
28.214,0.44339651483743
28.216,0.452512450015674
28.218,0.461395356937026
28.22,0.470040352851744
28.222,0.478442671287368
28.224,0.486597664836151
28.226,0.494500807888149
28.228,0.502147699308215
28.23,0.509534065055357
28.232,0.516655760742769
28.234,0.523508774137028
28.236,0.530089227594789
28.238,0.536393380435558
28.24,0.542417631248923
28.242,0.548158520134863
28.244,0.553612730875617
28.246,0.558777093037711
28.248,0.563648584002768
28.25,0.568224330925745
28.252,0.572501612619242
28.254,0.576477861362636
28.256,0.580150664634757
28.258,0.583517766768917
28.26,0.586577070529073
28.262,0.589326638606013
28.264,0.591764695032437
28.266,0.593889626515901
28.268,0.595699983688548
28.27,0.597194482272688
28.272,0.598372004161246
28.274,0.599231598412214
28.276,0.59977248215621
28.278,0.599994041416356
28.28,0.59989583183969
28.282,0.599477579339395
28.284,0.598739180647158
28.286,0.597680703775028
28.288,0.596302388386182
28.29,0.594604646074062
28.292,0.592588060549393
28.294,0.590253387734625
28.296,0.587601555765426
28.298,0.584633664898854
28.3,0.581350987327924
28.302,0.577754966902334
28.304,0.573847218755141
28.306,0.569629528835226
28.308,0.565103853345503
28.31,0.56027231808677
28.312,0.555137217707274
28.314,0.549701014857973
28.316,0.543966339253704
28.318,0.53793598664033
28.32,0.531612917668169
28.322,0.525000256671897
28.324,0.518101290357319
28.326,0.510919466395334
28.328,0.503458391923575
28.33,0.495721831956132
28.332,0.487713707701994
28.334,0.479438094792709
28.336,0.470899221419973
28.338,0.462101466383775
28.34,0.453049357051935
28.342,0.443747567231729
28.344,0.434200914954586
28.346,0.424414360174604
28.348,0.414393002381981
28.35,0.404142078132314
28.352,0.393666958492808
28.354,0.382973146406525
28.356,0.372066273975877
28.358,0.360952099666463
28.36,0.349636505432658
28.362,0.338125493766164
28.364,0.326425184668885
28.366,0.314541812551583
28.368,0.302481723059775
28.37,0.290251369828307
28.372,0.277857311166206
28.374,0.265306206673395
28.376,0.252604813790949
28.378,0.239759984286505
28.38,0.226778660676571
28.382,0.213667872587607
28.384,0.200434733057523
28.386,0.187086434779627
28.388,0.173630246290759
28.39,0.160073508105653
28.392,0.146423628799501
28.394,0.132688081040662
28.396,0.118874397575622
28.398,0.10499016716824
28.4,0.0910430304955181
28.402,0.0770406760019001
28.404,0.0629908357143525
28.406,0.0489012810204797
28.408,0.034779818411878
28.41,0.0206342851950404
28.412,0.00647254517203235
28.414,-0.00769751570658064
28.416,-0.0218679937143234
28.418,-0.0360309717444421
28.42,-0.0501785237262575
28.422,-0.0643027190597443
28.424,-0.0783956270659051
28.426,-0.0924493214503983
28.428,-0.106455884778174
28.43,-0.120407412956228
28.432,-0.134296019722331
28.434,-0.148113841136894
28.436,-0.161853040075691
28.438,-0.175505810720614
28.44,-0.189064383046143
28.442,-0.202521027298723
28.444,-0.215868058466652
28.446,-0.229097840737774
28.448,-0.242202791942433
28.45,-0.255175387979056
28.452,-0.268008167219811
28.454,-0.280693734893722
28.456,-0.293224767444613
28.458,-0.305594016861323
28.46,-0.317794314977653
28.462,-0.329818577739333
28.464,-0.341659809435573
28.466,-0.353311106892525
28.468,-0.364765663626213
28.47,-0.3760167739523
28.472,-0.387057837050191
28.474,-0.397882360978965
28.476,-0.408483966642723
28.478,-0.4188563917027
28.48,-0.428993494433893
28.482,-0.438889257523567
28.484,-0.448537791809452
28.486,-0.457933339955081
28.488,-0.467070280059949
28.49,-0.475943129202209
28.492,-0.484546546911596
28.494,-0.492875338570265
28.496,-0.500924458739358
28.498,-0.508689014409066
28.5,-0.516164268170056
28.502,-0.523345641304104
28.504,-0.53022871679184
28.506,-0.536809242235565
28.508,-0.543083132695172
28.51,-0.549046473435117
28.512,-0.55469552258059
28.514,-0.560026713680965
28.516,-0.565036658178731
28.518,-0.569722147782105
28.52,-0.574080156739575
28.522,-0.578107844014714
28.524,-0.581802555359643
28.526,-0.585161825285518
28.528,-0.588183378928564
28.53,-0.590865133810151
28.532,-0.593205201489536
28.534,-0.595201889107873
28.536,-0.596853700822224
28.538,-0.598159339128317
28.54,-0.599117706070891
28.542,-0.599727904340496
28.544,-0.599989238255703
28.546,-0.599901214629737
28.548,-0.599463543520604
28.55,-0.59867613886386
28.552,-0.597539118987221
28.554,-0.596052807006291
28.556,-0.594217731100761
28.558,-0.592034624670466
28.56,-0.589504426370803
28.562,-0.58662828002705
28.564,-0.583407534427204
28.566,-0.579843742993022
28.568,-0.575938663329061
28.57,-0.571694256649496
28.572,-0.567112687082681
28.574,-0.562196320853378
28.576,-0.556947725342766
28.578,-0.551369668026296
28.58,-0.545465115289635
28.582,-0.539237231122962
28.584,-0.532689375693944
28.586,-0.525825103799866
28.588,-0.518648163199337
28.59,-0.511162492824219
28.592,-0.503372220872365
28.594,-0.495281662781965
28.596,-0.486895319088173
28.598,-0.478217873162999
28.6,-0.469254188839382
28.602,-0.460009307920411
28.604,-0.450488447574834
28.606,-0.440696997620028
28.608,-0.430640517693604
28.61,-0.420324734315057
28.612,-0.409755537838732
28.614,-0.398938979299651
28.616,-0.387881267153667
28.618,-0.376588763913601
28.62,-0.365067982682949
28.622,-0.353325583588931
28.624,-0.341368370116754
28.626,-0.329203285346811
28.628,-0.31683740809692
28.63,-0.304277948971419
28.632,-0.291532246319428
28.634,-0.27860776210414
28.636,-0.265512077685567
28.638,-0.252252889518854
28.64,-0.238838004770525
28.642,-0.22527533685508
28.644,-0.211572900894325
28.646,-0.197738809101924
28.648,-0.183781266095767
28.65,-0.169708564140756
28.652,-0.155529078324637
28.654,-0.141251261669593
28.656,-0.126883640182388
28.658,-0.112434807845843
28.66,-0.097913421554558
28.662,-0.083328195997652
28.664,-0.0686878984916854
28.666,-0.0540013437664965
28.668,-0.0392773887072702
28.67,-0.0245249270556334
28.672,-0.00975288407307945
28.674,0.00502978883016524
28.676,0.019814119497718
28.678,0.0345911204578043
28.68,0.0493517943789515
28.682,0.064087139547342
28.684,0.0787881553625134
28.686,0.0934458478481899
28.688,0.108051235174713
28.69,0.122595353189827
28.692,0.137069260954417
28.694,0.151464046279742
28.696,0.165770831262838
28.698,0.179980777816503
28.7,0.194085093190593
28.702,0.20807503548106
28.704,0.221941919123324
28.706,0.23567712036649
28.708,0.249272082724927
28.71,0.262718322403834
28.712,0.276007433695195
28.714,0.28913109434078
28.716,0.302081070858651
28.718,0.314849223829811
28.72,0.327427513141483
28.722,0.339808003183646
28.724,0.351982867995388
28.726,0.363944396357789
28.728,0.375684996829766
28.73,0.387197202723773
28.732,0.39847367701781
28.734,0.409507217200652
28.736,0.420290760046865
28.738,0.430817386318457
28.74,0.441080325389929
28.742,0.451072959793626
28.744,0.460788829682135
28.746,0.470221637204757
28.748,0.479365250794919
28.75,0.488213709365609
28.752,0.496761226409775
28.754,0.50500219400284
28.756,0.512931186704471
28.758,0.520542965356779
28.76,0.527832480776175
28.762,0.534794877336232
28.764,0.541425496438873
28.766,0.547719879871332
28.768,0.553673773046341
28.77,0.55928312812312
28.772,0.56454410700677
28.774,0.569453084223745
28.776,0.574006649671152
28.778,0.578201611237722
28.78,0.582034997294301
28.782,0.585504059051896
28.784,0.588606272785247
28.786,0.591339341920111
28.788,0.593701198982417
28.79,0.595690007407615
28.792,0.597304163208547
28.794,0.598542296500317
28.796,0.599403272880684
28.798,0.599886194664614
28.8,0.599990401971685
28.802,0.599715473665156
28.804,0.599061228141592
28.806,0.598027723970017
28.808,0.596615260379689
28.81,0.594824377595638
28.812,0.592655857021266
28.814,0.590110721267332
28.816,0.58719023402681
28.818,0.583895899795143
28.82,0.580229463435585
28.822,0.576192909589321
28.824,0.571788461930275
28.826,0.567018582264522
28.828,0.561885969474365
28.83,0.556393558307209
28.832,0.550544518009512
28.834,0.544342250806138
28.836,0.537790390225619
28.838,0.530892799271779
28.84,0.523653568442499
28.842,0.51607701359631
28.844,0.508167673667702
28.846,0.499930308232098
28.848,0.491369894921566
28.85,0.482491626692479
28.852,0.473300908946293
28.854,0.463803356504936
28.856,0.454004790442175
28.858,0.443911234772584
28.86,0.433528912999808
28.862,0.422864244525806
28.864,0.411923840923009
28.866,0.400714502071375
28.868,0.389243212162307
28.87,0.377517135571719
28.872,0.365543612604358
28.874,0.353330155111851
28.876,0.340884441986853
28.878,0.328214314535831
28.88,0.315327771733069
28.882,0.302232965358719
28.884,0.288938195023484
28.886,0.275451903083096
28.888,0.261782669445223
28.89,0.24793920627212
28.892,0.233930352582048
28.894,0.219765068752657
28.896,0.205452430929584
28.898,0.191001625343746
28.9,0.176421942540632
28.902,0.161722771525224
28.904,0.146913593825949
28.906,0.132003977481485
28.908,0.117003570954051
28.91,0.101922096972952
28.912,0.08676934631216
28.914,0.0715551715059736
28.916,0.0562894805065298
28.918,0.0409822302873361
28.92,0.0256434203967034
28.922,0.0102830864653825
28.924,-0.00508870632766524
28.926,-0.0204618698269274
28.928,-0.0358262995054078
28.93,-0.0511718810986844
28.932,-0.0664884972637298
28.934,-0.0817660342580249
28.936,-0.0969943886347982
28.938,-0.112163473949759
28.94,-0.127263227475029
28.942,-0.142283616915766
28.944,-0.157214647125068
28.946,-0.172046366812593
28.948,-0.186768875242409
28.95,-0.201372328915586
28.952,-0.215846948233046
28.954,-0.230183024134005
28.956,-0.244370924705684
28.958,-0.258401101759506
28.96,-0.272264097369596
28.962,-0.285950550368692
28.964,-0.299451202797259
28.966,-0.312756906301188
28.968,-0.325858628473623
28.97,-0.338747459136459
28.972,-0.35141461655715
28.974,-0.36385145359626
28.976,-0.376049463781642
28.978,-0.388000287304631
28.98,-0.399695716934149
28.982,-0.411127703844328
28.984,-0.422288363351541
28.986,-0.43316998055655
28.988,-0.443765015887723
28.99,-0.454066110541166
28.992,-0.464066091813871
28.994,-0.473757978325733
28.996,-0.483134985126689
28.998,-0.492190528685012
29,-0.500918231753102
29.002,-0.509311928106935
29.004,-0.517365667155619
29.006,-0.525073718417449
29.008,-0.532430575859002
29.01,-0.539430962093851
29.012,-0.54606983243755
29.014,-0.552342378815684
29.016,-0.558244033521834
29.018,-0.563770472822349
29.02,-0.568917620405018
29.022,-0.573681650668707
29.024,-0.578058991851259
29.026,-0.582046328992895
29.028,-0.585640606732633
29.03,-0.588839031935166
29.032,-0.591639076145931
29.034,-0.594038477872046
29.036,-0.596035244687007
29.038,-0.597627655157107
29.04,-0.598814260587683
29.042,-0.599593886587359
29.044,-0.599965634448654
29.046,-0.599928882343354
29.048,-0.599483286331252
29.05,-0.598628781180914
29.052,-0.597365581001302
29.054,-0.595694179683199
29.056,-0.593615351149476
29.058,-0.591130149413437
29.06,-0.588239908444532
29.062,-0.584946241840928
29.064,-0.581251042308491
29.066,-0.577156480945949
29.068,-0.572665006336031
29.07,-0.567779343442655
29.072,-0.562502492314189
29.074,-0.556837726593147
29.076,-0.550788591832639
29.078,-0.544358903620167
29.08,-0.537552745509369
29.082,-0.530374466760615
29.084,-0.522828679891294
29.086,-0.514920258036944
29.088,-0.506654332124396
29.09,-0.498036287858344
29.092,-0.489071762522733
29.094,-0.479766641598715
29.096,-0.470127055200803
29.098,-0.4601593743332
29.1,-0.449870206968336
29.102,-0.43926639394967
29.104,-0.428355004721198
29.106,-0.417143332885954
29.108,-0.405638891596145
29.11,-0.393849408777571
29.112,-0.381782822191067
29.114,-0.369447274334074
29.116,-0.356851107185169
29.118,-0.344002856794973
29.12,-0.330911247726489
29.122,-0.317585187348497
29.124,-0.304033759985441
29.126,-0.290266220927451
29.128,-0.27629199030432
29.13,-0.262120646827257
29.132,-0.247761921402433
29.134,-0.233225690620369
29.136,-0.218521970125467
29.138,-0.203660907869787
29.14,-0.188652777255664
29.142,-0.173507970171496
29.144,-0.158236989925462
29.146,-0.142850444081575
29.148,-0.127359037203118
29.15,-0.111773563508123
29.152,-0.0961048994419246
29.154,-0.0803639961715961
29.156,-0.0645618720076963
29.158,-0.0487096047580871
29.16,-0.0328183240193331
29.162,-0.0168992034107923
29.164,-0.000963452756845936
29.166,0.0149776897774281
29.168,0.0309129655915701
29.17,0.0468311035906444
29.172,0.0627208281561207
29.174,0.0785708671411443
29.176,0.0943699598845708
29.178,0.110106865238144
29.18,0.125770369600988
29.182,0.141349294955849
29.184,0.156832506901172
29.186,0.172208922673438
29.188,0.187467519153784
29.19,0.202597340853214
29.192,0.217587507870609
29.194,0.23242722381769
29.196,0.247105783705132
29.198,0.261612581784102
29.2,0.275937119337286
29.202,0.290069012413872
29.204,0.303997999502444
29.206,0.317713949136327
29.208,0.331206867425476
29.21,0.344466905509377
29.212,0.357484366925262
29.214,0.370249714886021
29.216,0.382753579462312
29.218,0.394986764663348
29.22,0.4069402554109
29.222,0.418605224401127
29.224,0.429973038848878
29.226,0.441035267109274
29.228,0.451783685171309
29.23,0.462210283018299
29.232,0.472307270850275
29.234,0.48206708516323
29.236,0.491482394680379
29.238,0.500546106130671
29.24,0.509251369869791
29.242,0.517591585339152
29.244,0.525560406358272
29.246,0.533151746246208
29.248,0.540359782767743
29.25,0.547178962900174
29.252,0.55360400741661
29.254,0.559629915281861
29.256,0.565251967857107
29.258,0.570465732909653
29.26,0.575267068424223
29.262,0.57965212621233
29.264,0.583617355316468
29.266,0.587159505205974
29.268,0.590275628761512
29.27,0.592963085045348
29.272,0.595219541854676
29.274,0.597042978055452
29.276,0.598431685694264
29.278,0.599384271886047
29.28,0.599899660475473
29.282,0.599977093470111
29.284,0.599616132243555
29.286,0.598816658506896
29.288,0.597578875047101
29.29,0.595903306230979
29.292,0.593790798273649
29.294,0.591242519270535
29.296,0.588259958992129
29.298,0.584844928440891
29.3,0.580999559169901
29.302,0.57672630236296
29.304,0.57202792767611
29.306,0.566907521840612
29.308,0.561368487027734
29.31,0.555414538975757
29.312,0.549049704879831
29.314,0.542278321045533
29.316,0.535105030307072
29.318,0.527534779211373
29.32,0.519572814969355
29.322,0.511224682175905
29.324,0.502496219300352
29.326,0.493393554949246
29.328,0.483923103903537
29.33,0.47409156293241
29.332,0.463905906386165
29.334,0.453373381570776
29.336,0.442501503906903
29.338,0.431298051876178
29.34,0.419771061758087
29.342,0.407928822160515
29.344,0.395779868347584
29.346,0.383332976368227
29.348,0.370597156989414
29.35,0.357581649437885
29.352,0.344295914954579
29.354,0.330749630165827
29.356,0.316952680275966
29.358,0.302915152085726
29.36,0.288647326841238
29.362,0.274159672918401
29.364,0.259462838347676
29.366,0.244567643184487
29.368,0.22948507173036
29.37,0.214226264610335
29.372,0.198802510712118
29.374,0.183225238992655
29.376,0.167506010157936
29.378,0.151656508221813
29.38,0.13568853195003
29.382,0.11961398619541
29.384,0.103444873130539
29.386,0.0871932833842404
29.388,0.070871387088206
29.39,0.0544914248404604
29.392,0.0380656985920691
29.394,0.0216065624639371
29.396,0.00512641350034457
29.398,-0.0113623176338236
29.4,-0.027847176005353
29.402,-0.0443156918074399
29.404,-0.0607553897898955
29.406,-0.0771537987177001
29.408,-0.0934984608508538
29.41,-0.109776941438192
29.412,-0.12597683821819
29.414,-0.142085790919257
29.416,-0.15809149075245
29.418,-0.173981689889193
29.42,-0.189744210916765
29.422,-0.205366956264228
29.424,-0.220837917591413
29.426,-0.236145185133754
29.428,-0.25127695699555
29.43,-0.266221548384441
29.432,-0.280967400779769
29.434,-0.295503091027541
29.436,-0.309817340354896
29.438,-0.323899023296683
29.44,-0.337737176527216
29.442,-0.351321007589887
29.444,-0.364639903517816
29.446,-0.37768343933834
29.448,-0.390441386454553
29.45,-0.402903720896939
29.452,-0.415060631438443
29.454,-0.426902527566118
29.456,-0.438420047302881
29.458,-0.44960406487274
29.46,-0.460445698203187
29.462,-0.470936316258292
29.464,-0.481067546196433
29.466,-0.490831280346426
29.468,-0.500219682996209
29.47,-0.509225196988091
29.472,-0.517840550114953
29.474,-0.52605876131172
29.476,-0.533873146636734
29.478,-0.54127732503763
29.48,-0.548265223896652
29.482,-0.554831084350279
29.484,-0.560969466378475
29.486,-0.566675253658715
29.488,-0.571943658180371
29.49,-0.576770224615083
29.492,-0.581150834438932
29.494,-0.585081709802442
29.496,-0.588559417144579
29.498,-0.591580870547147
29.5,-0.594143334826139
29.502,-0.596244428356815
29.504,-0.597882125629444
29.506,-0.599054759532904
29.508,-0.599761023363489
29.51,-0.599999972556491
29.512,-0.599771026138347
29.514,-0.599073967897355
29.516,-0.597908947271139
29.518,-0.596276479949329
29.52,-0.594177448190063
29.522,-0.591613100849217
29.524,-0.588585053121413
29.526,-0.585095285992159
29.528,-0.581146145400622
29.53,-0.576740341112862
29.532,-0.571880945305443
29.534,-0.566571390859735
29.536,-0.560815469367284
29.538,-0.55461732884703
29.54,-0.547981471175188
29.542,-0.540912749229027
29.544,-0.533416363745909
29.546,-0.525497859899189
29.548,-0.517163123592814
29.55,-0.50841837747675
29.552,-0.499270176685474
29.554,-0.489725404302153
29.556,-0.47979126655118
29.558,-0.469475287722125
29.56,-0.458785304828294
29.562,-0.447729462003387
29.564,-0.436316204639788
29.566,-0.424554273272549
29.568,-0.412452697213005
29.57,-0.400020787936457
29.572,-0.387268132228378
29.574,-0.374204585093908
29.576,-0.360840262435586
29.578,-0.3471855335045
29.58,-0.333251013130077
29.582,-0.319047553734269
29.584,-0.304586237135663
29.586,-0.289878366149674
29.588,-0.274935455990623
29.59,-0.259769225482361
29.592,-0.244391588083637
29.594,-0.228814642735011
29.596,-0.213050664534043
29.598,-0.197112095245758
29.6,-0.181011533655582
29.602,-0.164761725772014
29.604,-0.148375554886312
29.606,-0.13186603149711
29.608,-0.115246283107304
29.61,-0.0985295439014186
29.612,-0.0817291443110692
29.614,-0.0648585004769161
29.616,-0.0479311036151348
29.618,-0.0309605092968138
29.62,-0.0139603266486008
29.622,0.00305579251680446
29.624,0.0200741646317937
29.626,0.0370810853578289
29.628,0.0540628406137187
29.63,0.0710057176391498
29.632,0.0878960160846957
29.634,0.104720059119457
29.636,0.121464204547122
29.638,0.138114855921725
29.64,0.154658473653799
29.642,0.171081586097968
29.644,0.187370800612914
29.646,0.20351281458453
29.648,0.219494426403226
29.65,0.235302546386256
29.652,0.250924207635959
29.654,0.266346576824937
29.656,0.281556964899012
29.658,0.296542837689055
29.66,0.311291826422635
29.662,0.32579173812672
29.664,0.340030565912377
29.666,0.353996499132889
29.668,0.3676779334064
29.67,0.381063480494592
29.672,0.394141978028763
29.674,0.406902499074864
29.676,0.419334361529153
29.678,0.431427137336301
29.68,0.443170661521674
29.682,0.454555041029948
29.684,0.465570663362067
29.686,0.476208205002932
29.688,0.486458639632143
29.69,0.496313246110413
29.692,0.505763616234372
29.694,0.514801662252682
29.696,0.523419624136482
29.698,0.531610076597448
29.7,0.539365935846906
29.702,0.546680466089593
29.704,0.553547285745914
29.706,0.559960373396724
29.708,0.565914073444824
29.71,0.571403101487712
29.712,0.57642254939616
29.714,0.5809678900936
29.716,0.585034982031373
29.718,0.588620073355286
29.72,0.591719805759017
29.722,0.594331218020253
29.724,0.596451749215652
29.726,0.598079241611009
29.728,0.599211943223201
29.73,0.599848510050836
29.732,0.59998800797071
29.734,0.599629914297518
29.736,0.598774119004486
29.738,0.597420925602897
29.74,0.595571051678758
29.742,0.593225629085113
29.744,0.590386203788837
29.746,0.587054735370978
29.748,0.583233596180054
29.75,0.578925570137955
29.752,0.574133851198426
29.754,0.568862041458388
29.756,0.56311414892263
29.758,0.556894584922728
29.76,0.550208161191336
29.762,0.543060086593252
29.764,0.535455963515026
29.766,0.527401783915069
29.768,0.51890392503667
29.77,0.509969144786446
29.772,0.500604576781151
29.774,0.490817725066063
29.776,0.480616458508388
29.778,0.470009004869487
29.78,0.459003944559953
29.782,0.447610204081876
29.784,0.435837049162933
29.786,0.423694077587184
29.788,0.411191211727777
29.79,0.398338690786892
29.792,0.385147062748837
29.794,0.371627176052022
29.796,0.357790170986327
29.798,0.343647470822033
29.8,0.329210772677354
29.802,0.314492038131369
29.804,0.299503483589711
29.806,0.284257570410296
29.808,0.268766994797055
29.81,0.253044677469338
29.812,0.237103753115287
29.814,0.220957559637478
29.816,0.204619627199423
29.818,0.188103667081608
29.82,0.171423560356226
29.822,0.154593346389463
29.824,0.137627211180919
29.826,0.120539475549497
29.828,0.103344583175531
29.83,0.0860570885088898
29.832,0.0686916445530188
29.834,0.0512629905351176
29.836,0.0337859394726842
29.838,0.0162753656465841
29.84,-0.00125380800849547
29.842,-0.0187866225859833
29.844,-0.0363080959507949
29.846,-0.0538032355335114
29.848,-0.0712570511644786
29.85,-0.0886545679367961
29.852,-0.105980839087297
29.854,-0.123220958884453
29.856,-0.140360075512091
29.858,-0.157383403937767
29.86,-0.174276238754615
29.862,-0.191023966985702
29.864,-0.207612080839348
29.866,-0.224026190404609
29.868,-0.240252036275466
29.87,-0.256275502092814
29.872,-0.272082626992932
29.874,-0.287659617951552
29.876,-0.302992862012368
29.878,-0.318068938389171
29.88,-0.332874630430607
29.882,-0.347396937436861
29.884,-0.361623086317451
29.886,-0.375540543079718
29.888,-0.389137024137276
29.89,-0.402400507428264
29.892,-0.415319243333
29.894,-0.427881765381067
29.896,-0.44007690073781
29.898,-0.451893780460389
29.9,-0.463321849513955
29.902,-0.474350876538232
29.904,-0.48497096335551
29.906,-0.495172554210792
29.908,-0.504946444735298
29.91,-0.514283790624679
29.912,-0.523176116023499
29.914,-0.531615321607781
29.916,-0.539593692357636
29.918,-0.547103905012259
29.92,-0.554139035199879
29.922,-0.560692564235345
29.924,-0.566758385578502
29.926,-0.572330810946618
29.928,-0.577404576074581
29.93,-0.581974846116638
29.932,-0.586037220683975
29.934,-0.589587738512592
29.936,-0.592622881756314
29.938,-0.595139579900013
29.94,-0.597135213288541
29.942,-0.59860761626708
29.944,-0.599555079929061
29.946,-0.599976354468028
29.948,-0.599870651130252
29.95,-0.599237643765192
29.952,-0.598077469971254
29.954,-0.596390731834671
29.956,-0.594178496259642
29.958,-0.59144229488828
29.96,-0.588184123609218
29.962,-0.584406441654118
29.964,-0.580112170281706
29.966,-0.575304691049284
29.968,-0.569987843672044
29.97,-0.564165923470932
29.972,-0.557843678410079
29.974,-0.551026305725313
29.976,-0.543719448145485
29.978,-0.535929189708856
29.98,-0.527662051177094
29.982,-0.518924985049742
29.984,-0.509725370182545
29.986,-0.500071006013176
29.988,-0.489970106398491
29.99,-0.479431293067645
29.992,-0.468463588695741
29.994,-0.457076409603247
29.996,-0.445279558086516
29.998,-0.433083214385295
30,-0.420497928293257
30.002,-0.407534610418134
30.004,-0.394204523098318
30.006,-0.380519270982914
30.008,-0.36649079128289
30.01,-0.352131343701063
30.012,-0.337453500049068
30.014,-0.322470133559703
30.016,-0.3071944079034
30.018,-0.291639765917888
30.02,-0.275819918060343
30.022,-0.259748830591596
30.024,-0.243440713502329
30.026,-0.226910008191382
30.028,-0.210171374906584
30.03,-0.193239679958766
30.032,-0.176129982719781
30.034,-0.158857522415806
30.036,-0.141437704727132
30.038,-0.123886088206121
30.04,-0.106218370524973
30.042,-0.0884503745654218
30.044,-0.0705980343623959
30.046,-0.052677380914033
30.048,-0.0347045278704241
30.05,-0.0166956571139537
30.052,0.00133299575630568
30.054,0.0193651560228888
30.056,0.0373845245181507
30.058,0.0553747923491566
30.06,0.0733196556660134
30.062,0.0912028304602974
30.064,0.109008067380263
30.066,0.126719166549334
30.068,0.144319992374382
30.07,0.161794488330167
30.072,0.179126691706612
30.074,0.196300748305047
30.076,0.213300927070081
30.078,0.23011163464339
30.08,0.246717429825985
30.082,0.263103037935405
30.084,0.279253365044451
30.086,0.295153512087913
30.088,0.310788788824336
30.09,0.326144727639126
30.092,0.341207097176338
30.094,0.355961915785784
30.096,0.370395464772896
30.098,0.384494301438279
30.1,0.398245271894705
30.102,0.411635523648791
30.104,0.424652517935433
30.106,0.437284041792634
30.108,0.449518219865121
30.11,0.461343525924857
30.112,0.472748794097288
30.114,0.48372322978183
30.116,0.494256420255919
30.118,0.50433834495168
30.12,0.513959385395038
30.122,0.523110334796907
30.124,0.531782407286682
30.126,0.539967246778498
30.128,0.547656935460975
30.13,0.554844001901459
30.132,0.561521428756256
30.134,0.567682660078487
30.136,0.573321608215715
30.138,0.578432660289719
30.14,0.583010684251254
30.142,0.587051034502923
30.144,0.590549557083745
30.146,0.593502594409312
30.148,0.595906989561896
30.15,0.597760090125214
30.152,0.599059751558992
30.154,0.599804340108875
30.156,0.59999273524766
30.158,0.599624331644221
30.16,0.598699040656991
30.162,0.597217291349208
30.164,0.595180031023665
30.166,0.592588725275078
30.168,0.589445357558661
30.17,0.585752428273951
30.172,0.581512953363356
30.174,0.576730462425379
30.176,0.5714089963429
30.178,0.565553104427376
30.18,0.559167841080282
30.182,0.552258761973529
30.184,0.544831919751133
30.186,0.536893859254756
30.188,0.528451612276368
30.19,0.519512691841487
30.192,0.510085086027217
30.194,0.500177251319424
30.196,0.489798105514154
30.198,0.478957020168597
30.2,0.467663812607515
30.202,0.455928737491367
30.204,0.443762477952883
30.206,0.431176136309242
30.208,0.41818122435748
30.21,0.404789653260995
30.212,0.391013723035705
30.214,0.376866111644635
30.216,0.362359863710173
30.218,0.347508378853512
30.22,0.332325399671423
30.222,0.316824999360693
30.224,0.301021569000954
30.226,0.284929804506981
30.228,0.268564693262055
30.23,0.251941500444036
30.232,0.235075755056438
30.234,0.217983235676824
30.236,0.20067995593536
30.238,0.183182149736639
30.24,0.165506256238074
30.242,0.147668904598451
30.244,0.129686898510691
30.246,0.111577200532794
30.248,0.0933569162315472
30.25,0.075043278153422
30.252,0.0566536296376095
30.254,0.0382054084862445
30.256,0.0197161305070035
30.258,0.0012033729433595
30.26,-0.0173152421917098
30.262,-0.0358220648631023
30.264,-0.0542994338260647
30.266,-0.0727296934879842
30.268,-0.0910952108032723
30.27,-0.109378392185338
30.272,-0.127561700419473
30.274,-0.145627671560268
30.276,-0.163558931797464
30.278,-0.181338214273734
30.28,-0.198948375838118
30.282,-0.216372413719058
30.284,-0.233593482100323
30.286,-0.250594908583854
30.288,-0.267360210523306
30.29,-0.283873111212158
30.292,-0.300117555910256
30.294,-0.316077727693011
30.296,-0.331738063107354
30.298,-0.347083267618829
30.3,-0.362098330834224
30.302,-0.376768541484496
30.304,-0.391079502152666
30.306,-0.405017143731923
30.308,-0.418567739598914
30.31,-0.431717919487941
30.312,-0.444454683051525
30.314,-0.456765413093572
30.316,-0.468637888461146
30.318,-0.480060296581476
30.32,-0.491021245631063
30.322,-0.501509776323947
30.324,-0.511515373306681
30.326,-0.521027976147745
30.328,-0.530037989909648
30.33,-0.538536295292246
30.332,-0.546514258336136
30.334,-0.553963739675519
30.336,-0.560877103330194
30.338,-0.567247225026871
30.34,-0.573067500040312
30.342,-0.578331850545377
30.344,-0.583034732471339
30.346,-0.587171141850498
30.348,-0.590736620653372
30.35,-0.593727262103388
30.352,-0.59613971546442
30.354,-0.597971190295008
30.356,-0.599219460163625
30.358,-0.59988286581984
30.36,-0.599960317816773
30.362,-0.599451298580749
30.364,-0.598355863924582
30.366,-0.596674644001463
30.368,-0.594408843696993
30.37,-0.591560242457379
30.372,-0.588131193552461
30.374,-0.584124622772681
30.376,-0.579544026559771
30.378,-0.574393469571386
30.38,-0.568677581680584
30.382,-0.562401554411496
30.384,-0.55557113681321
30.386,-0.54819263077435
30.388,-0.540272885781477
30.39,-0.531819293124931
30.392,-0.522839779556394
30.394,-0.513342800402828
30.396,-0.503337332142246
30.398,-0.492832864447073
30.4,-0.481839391701661
30.402,-0.470367404000745
30.404,-0.458427877636529
30.406,-0.446032265082312
30.408,-0.433192484481324
30.41,-0.419920908649779
30.412,-0.40623035360377
30.414,-0.392134066620115
30.416,-0.377645713841874
30.418,-0.362779367439365
30.42,-0.34754949233857
30.422,-0.331970932528685
30.424,-0.316058896961598
30.426,-0.299828945055994
30.428,-0.283296971819647
30.43,-0.266479192603626
30.432,-0.249392127502711
30.434,-0.23205258541661
30.436,-0.214477647786955
30.438,-0.196684652025548
30.44,-0.178691174649571
30.442,-0.160515014139889
30.444,-0.142174173538699
30.446,-0.12368684280362
30.448,-0.105071380934815
30.45,-0.0863462978929516
30.452,-0.0675302363250888
30.454,-0.0486419531167609
30.456,-0.0297003007880486
30.458,-0.0107242087521392
30.46,0.00826733554540422
30.462,0.0272553055877222
30.464,0.0462206548294451
30.466,0.0651443358021076
30.468,0.0840073192632139
30.47,0.102790613369622
30.472,0.121475282856086
30.474,0.140042468199417
30.476,0.158473404749173
30.478,0.176749441805124
30.48,0.194852061622189
30.482,0.212762898323512
30.484,0.23046375670209
30.486,0.247936630891794
30.488,0.265163722888327
30.49,0.282127460901073
30.492,0.298810517516767
30.494,0.31519582765587
30.496,0.33126660630309
30.498,0.34700636599324
30.5,0.362398934034071
30.502,0.377428469447909
30.504,0.392079479613965
30.506,0.406336836593642
30.508,0.420185793121467
30.51,0.433611998244141
30.512,0.446601512591199
30.514,0.459140823260359
30.516,0.471216858301618
30.518,0.482817000783972
30.52,0.493929102429457
30.522,0.504541496799288
30.524,0.514643012017472
30.526,0.524222983017582
30.528,0.533271263298899
30.53,0.541778236178533
30.532,0.549734825526686
30.534,0.557132505972571
30.536,0.563963312569179
30.538,0.570219849905459
30.54,0.575895300655096
30.542,0.580983433551572
30.544,0.58547861077977
30.546,0.58937579477495
30.548,0.592670554420506
30.55,0.595359070636509
30.552,0.597438141351614
30.554,0.598905185851591
30.556,0.599758248498279
30.558,0.599996001813444
30.56,0.599617748922664
30.562,0.598623425354963
30.564,0.597013600194627
30.566,0.594789476582254
30.568,0.591952891562766
30.57,0.588506315278795
30.572,0.584452849508485
30.574,0.579796225547503
30.576,0.57454080143563
30.578,0.568691558529109
30.58,0.562254097420473
30.582,0.555234633208367
30.584,0.547639990120537
30.586,0.539477595493789
30.588,0.530755473115453
30.59,0.521482235931574
30.592,0.51166707812768
30.594,0.501319766588715
30.596,0.490450631745279
30.598,0.479070557814157
30.6,0.467190972441568
30.602,0.454823835758465
30.604,0.441981628857504
30.606,0.428677341702371
30.608,0.414924460480407
30.61,0.400736954410346
30.612,0.386129262017361
30.614,0.371116276888447
30.616,0.355713332921598
30.618,0.339936189082829
30.62,0.32380101368569
30.622,0.307324368208478
30.624,0.290523190664812
30.626,0.273414778543856
30.628,0.256016771336824
30.63,0.238347132667157
30.632,0.220424132041894
30.634,0.202266326242524
30.636,0.183892540373723
30.638,0.165321848589228
30.64,0.146573554514002
30.642,0.127667171382693
30.644,0.108622401914322
30.646,0.0894591179438464
30.648,0.0701973398313527
30.65,0.0508572156700149
30.652,0.0314590003140671
30.654,0.0120230342487008
30.656,-0.00743027767656529
30.658,-0.0268804876284792
30.66,-0.0463071262630287
30.662,-0.0656897242675739
30.664,-0.0850078339500725
30.666,-0.104241050852476
30.668,-0.123369035365497
30.67,-0.142371534321972
30.672,-0.161228402545596
30.674,-0.179919624332514
30.676,-0.198425334842325
30.678,-0.216725841375984
30.68,-0.234801644517378
30.682,-0.252633459115983
30.684,-0.270202235087767
30.686,-0.287489178011817
30.688,-0.30447576950019
30.69,-0.321143787318669
30.692,-0.337475325236472
30.694,-0.353452812582973
30.696,-0.369059033489756
30.698,-0.384277145796768
30.7,-0.399090699601447
30.702,-0.413483655430125
30.704,-0.427440402011203
30.706,-0.440945773630257
30.708,-0.453985067047139
30.71,-0.466544057956136
30.712,-0.478609016970101
30.714,-0.490166725110332
30.716,-0.50120448878431
30.718,-0.511710154233829
30.72,-0.521672121436672
30.722,-0.531079357445452
30.724,-0.539921409147879
30.726,-0.548188415433165
30.728,-0.555871118749975
30.73,-0.562960876041854
30.732,-0.569449669046792
30.734,-0.57533011394812
30.736,-0.580595470364676
30.738,-0.585239649668798
30.74,-0.589257222621414
30.742,-0.592643426314228
30.744,-0.595394170409652
30.746,-0.597506042669935
30.748,-0.598976313767626
30.75,-0.599802941370305
30.752,-0.599984573493246
30.754,-0.599520551114456
30.756,-0.598410910047336
30.758,-0.596656382066971
30.76,-0.594258395286875
30.762,-0.591219073783796
30.764,-0.587541236469029
30.766,-0.583228395205461
30.768,-0.578284752170415
30.77,-0.572715196465154
30.772,-0.566525299972796
30.774,-0.559721312467053
30.776,-0.552310155975285
30.778,-0.544299418399896
30.78,-0.535697346403166
30.782,-0.526512837561246
30.784,-0.516755431793981
30.786,-0.506435302077968
30.788,-0.495563244451151
30.79,-0.484150667317821
30.792,-0.472209580064075
30.794,-0.459752580994111
30.796,-0.446792844598987
30.798,-0.433344108169755
30.8,-0.419420657768005
30.802,-0.405037313567515
30.804,-0.390209414581278
30.806,-0.374952802789
30.808,-0.359283806680975
30.81,-0.343219224234788
30.812,-0.326776305341931
30.814,-0.309972733702238
30.816,-0.292826608204571
30.818,-0.275356423812864
30.82,-0.257581051977163
30.822,-0.239519720589947
30.824,-0.221191993508594
30.826,-0.202617749665331
30.828,-0.183817161786535
30.83,-0.164810674743868
30.832,-0.145618983559985
30.834,-0.126263011092257
30.836,-0.106763885418174
30.838,-0.0871429169465681
30.84,-0.0674215752792657
30.842,-0.0476214658479169
30.844,-0.0277643063513695
30.846,-0.00787190301887329
30.848,0.0120338732748987
30.85,0.0319311110171836
30.852,0.0517978821603856
30.854,0.0716122662951632
30.856,0.0913523748662957
30.858,0.110996375405146
30.86,0.130522515751508
30.862,0.149909148238237
30.864,0.169134753811536
30.866,0.188177966060133
30.868,0.207017595126327
30.87,0.225632651472193
30.872,0.24400236947395
30.874,0.262106230818007
30.876,0.279923987672063
30.878,0.297435685604919
30.88,0.314621686228878
30.882,0.331462689538731
30.884,0.347939755921592
30.886,0.364034327812509
30.888,0.379728250970345
30.89,0.395003795349529
30.892,0.409843675543193
30.894,0.42423107077385
30.896,0.438149644407903
30.898,0.451583562971291
30.9,0.464517514643283
30.902,0.476936727206766
30.904,0.4888269854333
30.906,0.500174647882048
30.908,0.510966663092325
30.91,0.521190585149917
30.912,0.530834588608255
30.914,0.539887482745852
30.916,0.548338725142455
30.918,0.556178434556785
30.92,0.563397403089653
30.922,0.569987107616919
30.924,0.575939720477551
30.926,0.581248119402815
30.928,0.585905896673527
30.93,0.589907367492962
30.932,0.593247577564066
30.934,0.595922309860298
30.936,0.597928090580449
30.938,0.599262194278556
30.94,0.599922648161046
30.942,0.599908235544091
30.944,0.59921849846509
30.946,0.597853739443179
30.948,0.595815022384558
30.95,0.593104172629428
30.952,0.589723776138262
30.954,0.58567717781614
30.956,0.580968478974783
30.958,0.575602533933025
30.96,0.569584945757242
30.962,0.56292206114451
30.964,0.555620964451952
30.966,0.547689470876967
30.968,0.539136118793855
30.97,0.529970161253378
30.972,0.52020155665282
30.974,0.509840958584986
30.976,0.498899704875577
30.978,0.48738980581943
30.98,0.475323931626852
30.982,0.462715399092418
30.984,0.449578157499371
30.986,0.435926773773845
30.988,0.421776416903827
30.99,0.40714284163884
30.992,0.392042371487065
30.994,0.376491881027622
30.996,0.360508777556368
30.998,0.344110982084657
31,0.327316909710963
31.002,0.310145449386406
31.004,0.29261594309573
31.006,0.274748164476125
31.008,0.256562296896923
31.01,0.238078911024037
31.012,0.219318941893448
31.014,0.200303665518973
31.016,0.1810546750598
31.018,0.16159385657423
31.02,0.141943364386331
31.022,0.12212559609302
31.024,0.102163167239111
31.026,0.0820788856890105
31.028,0.0618957257235124
31.03,0.0416368018911171
31.032,0.0213253426430175
31.034,0.000984663782064208
31.036,-0.0193618582444143
31.038,-0.0396908131774751
31.04,-0.0599787838743278
31.042,-0.0802023733001687
31.044,-0.100338231553072
31.046,-0.120363082890718
31.048,-0.140253752727716
31.05,-0.159987194572211
31.052,-0.179540516870246
31.054,-0.198891009726815
31.056,-0.218016171472145
31.058,-0.23689373504194
31.06,-0.255501694140676
31.062,-0.273818329156831
31.064,-0.29182223279952
31.066,-0.309492335425827
31.068,-0.326807930028788
31.07,-0.343748696855916
31.072,-0.360294727628906
31.074,-0.376426549335061
31.076,-0.392125147561868
31.078,-0.407371989346153
31.08,-0.422149045510212
31.082,-0.436438812457313
31.084,-0.450224333399901
31.086,-0.463489218994216
31.088,-0.476217667355881
31.09,-0.488394483431239
31.092,-0.500005097700409
31.094,-0.511035584188304
31.096,-0.521472677760979
31.098,-0.531303790685071
31.1,-0.540517028429154
31.102,-0.549101204686597
31.104,-0.557045855600334
31.106,-0.564341253170786
31.108,-0.570978417829222
31.11,-0.576949130159634
31.112,-0.582245941753269
31.114,-0.586862185180776
31.116,-0.59079198306813
31.118,-0.594030256263305
31.12,-0.596572731081864
31.122,-0.598415945620559
31.124,-0.599557255129183
31.126,-0.599994836431962
31.128,-0.599727691390889
31.13,-0.598755649404475
31.132,-0.59707936893657
31.134,-0.594700338070978
31.136,-0.591620874088775
31.138,-0.587844122066354
31.14,-0.583374052493394
31.142,-0.578215457911119
31.144,-0.572373948572313
31.146,-0.565855947125801
31.148,-0.558668682329234
31.15,-0.550820181795194
31.152,-0.542319263776704
31.154,-0.533175527999581
31.156,-0.523399345550043
31.158,-0.513001847827199
31.16,-0.501994914571223
31.162,-0.490391160979033
31.164,-0.478203923920621
31.166,-0.465447247270063
31.168,-0.452135866366384
31.17,-0.438285191620811
31.172,-0.423911291287478
31.174,-0.409030873416299
31.176,-0.393661267007238
31.178,-0.377820402386585
31.18,-0.361526790826558
31.182,-0.344799503430856
31.184,-0.327658149309276
31.186,-0.310122853065891
31.188,-0.292214231625833
31.19,-0.273953370426775
31.192,-0.255361799002079
31.194,-0.236461465983049
31.196,-0.217274713549077
31.198,-0.19782425135464
31.2,-0.178133129963274
31.202,-0.158224713818887
31.204,-0.138122653786042
31.206,-0.117850859290568
31.208,-0.0974334700934955
31.21,-0.0768948277308168
31.212,-0.0562594466528535
31.214,-0.0355519850970195
31.216,-0.0147972157284026
31.218,0.00598000391720179
31.22,0.0267547611524941
31.222,0.0475021179851008
31.224,0.0681971410550954
31.226,0.0888149316284135
31.228,0.109330655609468
31.23,0.129719573537205
31.232,0.149957070528358
31.234,0.170018686131495
31.236,0.189880144055525
31.238,0.209517381736666
31.24,0.228906579707479
31.242,0.24802419073214
31.244,0.266846968671932
31.246,0.285351997045607
31.248,0.303516717248889
31.25,0.321318956398556
31.252,0.338736954765943
31.254,0.355749392765907
31.256,0.372335417467234
31.258,0.38847466859123
31.26,0.404147303965591
31.262,0.419334024401213
31.264,0.43401609796042
31.266,0.448175383585503
31.268,0.461794354057204
31.27,0.474856118253638
31.272,0.487344442680715
31.274,0.499243772246092
31.276,0.510539250249434
31.278,0.52121673756271
31.28,0.531262830974996
31.282,0.540664880677545
31.284,0.549411006865386
31.286,0.557490115433222
31.288,0.564891912744018
31.29,0.571606919450082
31.292,0.577626483347258
31.294,0.582942791244189
31.296,0.587548879829659
31.298,0.591438645522247
31.3,0.59460685328764
31.302,0.597049144410343
31.304,0.598762043207587
31.306,0.599742962674626
31.308,0.59999020905184
31.31,0.599502985305376
31.312,0.598281393514357
31.314,0.596326436159047
31.316,0.593640016305639
31.318,0.590224936684756
31.32,0.586084897662043
31.322,0.581224494100614
31.324,0.575649211116499
31.326,0.569365418729586
31.328,0.562380365413937
31.33,0.55470217055269
31.332,0.546339815804207
31.334,0.537303135387408
31.336,0.527602805295634
31.338,0.517250331449745
31.34,0.506258036802458
31.342,0.494639047407323
31.344,0.482407277467032
31.346,0.469577413376966
31.348,0.456164896781434
31.35,0.442185906660992
31.352,0.427657340470852
31.354,0.412596794351204
31.356,0.397022542431922
31.358,0.380953515255097
31.36,0.364409277339859
31.362,0.347410003915426
31.364,0.329976456849226
31.366,0.312129959797906
31.368,0.293892372610481
31.37,0.275286065013373
31.372,0.256333889608557
31.374,0.237059154216612
31.376,0.217485593597683
31.378,0.197637340583873
31.38,0.177538896657912
31.382,0.157215102013126
31.384,0.1366911051312
31.386,0.115992331914083
31.388,0.095144454407974
31.39,0.0741733591571967
31.392,0.0531051152267089
31.394,0.0319659419324059
31.396,0.0107821763190323
31.398,-0.0104197595743562
31.4,-0.0316133916207955
31.402,-0.0527722266429265
31.404,-0.0738697855403611
31.406,-0.0948796364658768
31.408,-0.11577542800845
31.41,-0.136530922341985
31.412,-0.15712002829768
31.414,-0.177516834318374
31.416,-0.197695641253202
31.418,-0.217630994950856
31.42,-0.237297718610031
31.422,-0.256670944845644
31.424,-0.275726147429689
31.426,-0.294439172666266
31.428,-0.31278627035989
31.43,-0.330744124337416
31.432,-0.348289882483717
31.434,-0.365401186252162
31.436,-0.382056199611359
31.438,-0.3982336373901
31.44,-0.413912792983396
31.442,-0.429073565382736
31.444,-0.443696485495138
31.446,-0.457762741715536
31.448,-0.471254204718572
31.45,-0.484153451436399
31.452,-0.496443788190176
31.454,-0.508109272943793
31.456,-0.519134736649521
31.458,-0.529505803656337
31.46,-0.539208911152634
31.462,-0.548231327616358
31.464,-0.556561170246712
31.466,-0.564187421352737
31.468,-0.571099943675466
31.47,-0.577289494621567
31.472,-0.582747739387625
31.474,-0.587467262955783
31.476,-0.591441580942658
31.478,-0.594665149284909
31.48,-0.597133372746334
31.482,-0.598842612232755
31.484,-0.599790190902483
31.486,-0.59997439906163
31.488,-0.599394497835087
31.49,-0.598050721605501
31.492,-0.59594427921415
31.494,-0.593077353919192
31.496,-0.58945310210833
31.498,-0.585075650764521
31.5,-0.579950093684955
31.502,-0.574082486455162
31.504,-0.56747984018163
31.506,-0.560150113988025
31.508,-0.552102206281595
31.51,-0.543345944798034
31.512,-0.533892075434634
31.514,-0.523752249883122
31.516,-0.512939012075184
31.518,-0.501465783455258
31.52,-0.489346847096675
31.522,-0.476597330678829
31.524,-0.463233188344472
31.526,-0.449271181457943
31.528,-0.434728858286285
31.53,-0.419624532627012
31.532,-0.403977261407421
31.534,-0.387806821281976
31.536,-0.371133684255472
31.538,-0.353978992361176
31.54,-0.33636453142428
31.542,-0.31831270394253
31.544,-0.299846501116849
31.546,-0.280989474066066
31.548,-0.261765704261182
31.55,-0.242199773215364
31.552,-0.222316731467425
31.554,-0.202142066896931
31.556,-0.18170167241068
31.558,-0.161021813040827
31.56,-0.14012909249596
31.562,-0.119050419207251
31.564,-0.0978129719124756
31.566,-0.0764441648215731
31.568,-0.0549716124080589
31.57,-0.0334230938711504
31.572,-0.0118265173138238
31.574,0.00979011631681317
31.576,0.0313987494808687
31.578,0.0529713044417891
31.58,0.0744797197601392
31.582,0.09589598683787
31.584,0.117192186465285
31.586,0.138340525323229
31.588,0.159313372392742
31.59,0.180083295224202
31.592,0.2006230960185
31.594,0.220905847472386
31.596,0.240904928340783
31.598,0.260594058668727
31.6,0.27994733464603
31.602,0.298939263038088
31.604,0.317544795147046
31.606,0.335739360257154
31.608,0.353498898519641
31.61,0.370799893232506
31.612,0.387619402471448
31.614,0.403935090028778
31.616,0.419725255618108
31.618,0.434968864303407
31.62,0.449645575111803
31.622,0.463735768790589
31.624,0.477220574669899
31.626,0.49008189659356
31.628,0.502302437881686
31.63,0.513865725289962
31.632,0.5247561319315
31.634,0.534958899128626
31.636,0.544460157163319
31.638,0.553246944896137
31.64,0.561307228225146
31.642,0.568629917357669
31.644,0.575204882869241
31.646,0.581022970525587
31.648,0.586076014845145
31.65,0.590356851381174
31.652,0.593859327704139
31.654,0.596578313066722
31.656,0.598509706735567
31.658,0.599650444975495
31.66,0.599998506673776
31.662,0.599552917593728
31.664,0.598313753248753
31.666,0.59628214038973
31.668,0.593460257100467
31.67,0.589851331497816
31.672,0.585459639034832
31.674,0.580290498407276
31.676,0.574350266065551
31.678,0.567646329336121
31.68,0.560187098158239
31.682,0.551981995443696
31.684,0.543041446069214
31.686,0.533376864512869
31.688,0.523000641147871
31.69,0.511926127208747
31.692,0.500167618446935
31.694,0.487740337494414
31.696,0.474660414955925
31.698,0.4609448692521
31.7,0.446611585237397
31.702,0.431679291618551
31.704,0.416167537201078
31.706,0.400096665992584
31.708,0.383487791193888
31.71,0.366362768109808
31.712,0.348744166013673
31.714,0.33065523900059
31.716,0.312119895866461
31.718,0.293162669050523
31.72,0.273808682681265
31.722,0.254083619766253
31.724,0.234013688568219
31.726,0.21362558821032
31.728,0.192946473555471
31.73,0.172003919404951
31.732,0.150825884063094
31.734,0.129440672315434
31.736,0.107876897869123
31.738,0.086163445304597
31.74,0.0643294315890773
31.742,0.042404167202371
31.744,0.0204171169269495
31.746,-0.001602139645909
31.748,-0.0236239478409106
31.75,-0.0456186178015769
31.752,-0.0675564645174464
31.754,-0.0894078479217826
31.756,-0.111143213005651
31.758,-0.132733129894441
31.76,-0.154148333831887
31.762,-0.175359765017629
31.764,-0.196338608243865
31.766,-0.217056332276752
31.768,-0.237484728928679
31.77,-0.257595951767525
31.772,-0.277362554409562
31.774,-0.296757528343003
31.776,-0.315754340229653
31.778,-0.334326968632703
31.78,-0.352449940119443
31.782,-0.370098364688271
31.784,-0.38724797047008
31.786,-0.403875137655248
31.788,-0.419956931597963
31.79,-0.435471135051073
31.792,-0.450396279485291
31.794,-0.464711675447935
31.796,-0.478397441917447
31.798,-0.491434534611499
31.8,-0.503804773207208
31.802,-0.515490867434029
31.804,-0.526476442000812
31.806,-0.536746060320324
31.808,-0.546285246995864
31.81,-0.555080509036383
31.812,-0.563119355767992
31.814,-0.570390317411618
31.816,-0.576882962298156
31.818,-0.582587912694369
31.82,-0.587496859214525
31.822,-0.591602573794797
31.824,-0.594898921209129
31.826,-0.597380869107407
31.828,-0.599044496558711
31.83,-0.599887001084359
31.832,-0.599906704167593
31.834,-0.599103055228737
31.836,-0.597476634056798
31.838,-0.595029151690551
31.84,-0.591763449744286
31.842,-0.587683498175496
31.844,-0.58279439149399
31.846,-0.577102343414003
31.848,-0.570614679953034
31.85,-0.563339830983373
31.852,-0.555287320244365
31.854,-0.546467753825535
31.856,-0.536892807133119
31.858,-0.526575210354294
31.86,-0.51552873243589
31.862,-0.50376816359614
31.864,-0.491309296390401
31.866,-0.478168905353678
31.868,-0.464364725244772
31.87,-0.44991542791906
31.872,-0.434840597858784
31.874,-0.41916070639156
31.876,-0.402897084630083
31.878,-0.386071895167331
31.88,-0.368708102563993
31.882,-0.350829442666083
31.884,-0.332460390792946
31.886,-0.313626128836994
31.888,-0.294352511318649
31.89,-0.274666030441269
31.892,-0.254593780192321
31.894,-0.234163419538786
31.896,-0.213403134765736
31.898,-0.19234160100894
31.9,-0.171007943032969
31.902,-0.149431695308101
31.904,-0.127642761439786
31.906,-0.105671373006276
31.908,-0.0835480478601784
31.91,-0.0613035479512167
31.912,-0.0389688367279805
31.914,-0.0165750361772807
31.916,0.00584661643935846
31.918,0.0282648120926977
31.92,0.0506482136752975
31.922,0.072965499813148
31.924,0.095185408738057
31.926,0.117276782159582
31.928,0.139208609074739
31.93,0.160950069453929
31.932,0.182470577741494
31.934,0.203739826109347
31.936,0.224727827402124
31.938,0.245404957713096
31.94,0.265741998529724
31.942,0.285710178388799
31.944,0.305281213981399
31.946,0.324427350648226
31.948,0.343121402207207
31.95,0.361336790055367
31.952,0.379047581488441
31.954,0.396228527182041
31.956,0.412855097779878
31.958,0.428903519534973
31.96,0.444350808951673
31.962,0.45917480637693
31.964,0.473354208491079
31.966,0.486868599649569
31.968,0.499698482028721
31.97,0.511825304530024
31.972,0.523231490399157
31.974,0.533900463517717
31.976,0.54381667332737
31.978,0.552965618347757
31.98,0.561333868251799
31.982,0.56890908446356
31.984,0.575680039246183
31.986,0.58163663324919
31.988,0.58676991148678
31.99,0.59107207772074
31.992,0.594536507223892
31.994,0.597157757902181
31.996,0.598931579755817
31.998,0.599854922662191
32,0
32.002,0
32.004,0
32.006,0
32.008,0
32.01,0
32.012,0
32.014,0
32.016,0
32.018,0
32.02,0
32.022,0
32.024,0
32.026,0
32.028,0
32.03,0
32.032,0
32.034,0
32.036,0
32.038,0
32.04,0
32.042,0
32.044,0
32.046,0
32.048,0
32.05,0
32.052,0
32.054,0
32.056,0
32.058,0
32.06,0
32.062,0
32.064,0
32.066,0
32.068,0
32.07,0
32.072,0
32.074,0
32.076,0
32.078,0
32.08,0
32.082,0
32.084,0
32.086,0
32.088,0
32.09,0
32.092,0
32.094,0
32.096,0
32.098,0
32.1,0
32.102,0
32.104,0
32.106,0
32.108,0
32.11,0
32.112,0
32.114,0
32.116,0
32.118,0
32.12,0
32.122,0
32.124,0
32.126,0
32.128,0
32.13,0
32.132,0
32.134,0
32.136,0
32.138,0
32.14,0
32.142,0
32.144,0
32.146,0
32.148,0
32.15,0
32.152,0
32.154,0
32.156,0
32.158,0
32.16,0
32.162,0
32.164,0
32.166,0
32.168,0
32.17,0
32.172,0
32.174,0
32.176,0
32.178,0
32.18,0
32.182,0
32.184,0
32.186,0
32.188,0
32.19,0
32.192,0
32.194,0
32.196,0
32.198,0
32.2,0
32.202,0
32.204,0
32.206,0
32.208,0
32.21,0
32.212,0
32.214,0
32.216,0
32.218,0
32.22,0
32.222,0
32.224,0
32.226,0
32.228,0
32.23,0
32.232,0
32.234,0
32.236,0
32.238,0
32.24,0
32.242,0
32.244,0
32.246,0
32.248,0
32.25,0
32.252,0
32.254,0
32.256,0
32.258,0
32.26,0
32.262,0
32.264,0
32.266,0
32.268,0
32.27,0
32.272,0
32.274,0
32.276,0
32.278,0
32.28,0
32.282,0
32.284,0
32.286,0
32.288,0
32.29,0
32.292,0
32.294,0
32.296,0
32.298,0
32.3,0
32.302,0
32.304,0
32.306,0
32.308,0
32.31,0
32.312,0
32.314,0
32.316,0
32.318,0
32.32,0
32.322,0
32.324,0
32.326,0
32.328,0
32.33,0
32.332,0
32.334,0
32.336,0
32.338,0
32.34,0
32.342,0
32.344,0
32.346,0
32.348,0
32.35,0
32.352,0
32.354,0
32.356,0
32.358,0
32.36,0
32.362,0
32.364,0
32.366,0
32.368,0
32.37,0
32.372,0
32.374,0
32.376,0
32.378,0
32.38,0
32.382,0
32.384,0
32.386,0
32.388,0
32.39,0
32.392,0
32.394,0
32.396,0
32.398,0
32.4,0
32.402,0
32.404,0
32.406,0
32.408,0
32.41,0
32.412,0
32.414,0
32.416,0
32.418,0
32.42,0
32.422,0
32.424,0
32.426,0
32.428,0
32.43,0
32.432,0
32.434,0
32.436,0
32.438,0
32.44,0
32.442,0
32.444,0
32.446,0
32.448,0
32.45,0
32.452,0
32.454,0
32.456,0
32.458,0
32.46,0
32.462,0
32.464,0
32.466,0
32.468,0
32.47,0
32.472,0
32.474,0
32.476,0
32.478,0
32.48,0
32.482,0
32.484,0
32.486,0
32.488,0
32.49,0
32.492,0
32.494,0
32.496,0
32.498,0
32.5,0
32.502,0
32.504,0
32.506,0
32.508,0
32.51,0
32.512,0
32.514,0
32.516,0
32.518,0
32.52,0
32.522,0
32.524,0
32.526,0
32.528,0
32.53,0
32.532,0
32.534,0
32.536,0
32.538,0
32.54,0
32.542,0
32.544,0
32.546,0
32.548,0
32.55,0
32.552,0
32.554,0
32.556,0
32.558,0
32.56,0
32.562,0
32.564,0
32.566,0
32.568,0
32.57,0
32.572,0
32.574,0
32.576,0
32.578,0
32.58,0
32.582,0
32.584,0
32.586,0
32.588,0
32.59,0
32.592,0
32.594,0
32.596,0
32.598,0
32.6,0
32.602,0
32.604,0
32.606,0
32.608,0
32.61,0
32.612,0
32.614,0
32.616,0
32.618,0
32.62,0
32.622,0
32.624,0
32.626,0
32.628,0
32.63,0
32.632,0
32.634,0
32.636,0
32.638,0
32.64,0
32.642,0
32.644,0
32.646,0
32.648,0
32.65,0
32.652,0
32.654,0
32.656,0
32.658,0
32.66,0
32.662,0
32.664,0
32.666,0
32.668,0
32.67,0
32.672,0
32.674,0
32.676,0
32.678,0
32.68,0
32.682,0
32.684,0
32.686,0
32.688,0
32.69,0
32.692,0
32.694,0
32.696,0
32.698,0
32.7,0
32.702,0
32.704,0
32.706,0
32.708,0
32.71,0
32.712,0
32.714,0
32.716,0
32.718,0
32.72,0
32.722,0
32.724,0
32.726,0
32.728,0
32.73,0
32.732,0
32.734,0
32.736,0
32.738,0
32.74,0
32.742,0
32.744,0
32.746,0
32.748,0
32.75,0
32.752,0
32.754,0
32.756,0
32.758,0
32.76,0
32.762,0
32.764,0
32.766,0
32.768,0
32.77,0
32.772,0
32.774,0
32.776,0
32.778,0
32.78,0
32.782,0
32.784,0
32.786,0
32.788,0
32.79,0
32.792,0
32.794,0
32.796,0
32.798,0
32.8,0
32.802,0
32.804,0
32.806,0
32.808,0
32.81,0
32.812,0
32.814,0
32.816,0
32.818,0
32.82,0
32.822,0
32.824,0
32.826,0
32.828,0
32.83,0
32.832,0
32.834,0
32.836,0
32.838,0
32.84,0
32.842,0
32.844,0
32.846,0
32.848,0
32.85,0
32.852,0
32.854,0
32.856,0
32.858,0
32.86,0
32.862,0
32.864,0
32.866,0
32.868,0
32.87,0
32.872,0
32.874,0
32.876,0
32.878,0
32.88,0
32.882,0
32.884,0
32.886,0
32.888,0
32.89,0
32.892,0
32.894,0
32.896,0
32.898,0
32.9,0
32.902,0
32.904,0
32.906,0
32.908,0
32.91,0
32.912,0
32.914,0
32.916,0
32.918,0
32.92,0
32.922,0
32.924,0
32.926,0
32.928,0
32.93,0
32.932,0
32.934,0
32.936,0
32.938,0
32.94,0
32.942,0
32.944,0
32.946,0
32.948,0
32.95,0
32.952,0
32.954,0
32.956,0
32.958,0
32.96,0
32.962,0
32.964,0
32.966,0
32.968,0
32.97,0
32.972,0
32.974,0
32.976,0
32.978,0
32.98,0
32.982,0
32.984,0
32.986,0
32.988,0
32.99,0
32.992,0
32.994,0
32.996,0
32.998,0
