"Time","angle"
0,0
0.004,0
0.008,0
0.012,0
0.016,0
0.02,0
0.024,0
0.028,0
0.032,0
0.036,0
0.04,0
0.044,0
0.048,0
0.052,0
0.056,0
0.06,0
0.064,0
0.068,0
0.072,0
0.076,0
0.08,0
0.084,0
0.088,0
0.092,0
0.096,0
0.1,0
0.104,0
0.108,0
0.112,0
0.116,0
0.12,0
0.124,0
0.128,0
0.132,0
0.136,0
0.14,0
0.144,0
0.148,0
0.152,0
0.156,0
0.16,0
0.164,0
0.168,0
0.172,0
0.176,0
0.18,0
0.184,0
0.188,0
0.192,0
0.196,0
0.2,0
0.204,0
0.208,0
0.212,0
0.216,0
0.22,0
0.224,0
0.228,0
0.232,0
0.236,0
0.24,0
0.244,0
0.248,0
0.252,0
0.256,0
0.26,0
0.264,0
0.268,0
0.272,0
0.276,0
0.28,0
0.284,0
0.288,0
0.292,0
0.296,0
0.3,0
0.304,0
0.308,0
0.312,0
0.316,0
0.32,0
0.324,0
0.328,0
0.332,0
0.336,0
0.34,0
0.344,0
0.348,0
0.352,0
0.356,0
0.36,0
0.364,0
0.368,0
0.372,0
0.376,0
0.38,0
0.384,0
0.388,0
0.392,0
0.396,0
0.4,0
0.404,0
0.408,0
0.412,0
0.416,0
0.42,0
0.424,0
0.428,0
0.432,0
0.436,0
0.44,0
0.444,0
0.448,0
0.452,0
0.456,0
0.46,0
0.464,0
0.468,0
0.472,0
0.476,0
0.48,0
0.484,0
0.488,0
0.492,0
0.496,0
0.5,0
0.504,0
0.508,0
0.512,0
0.516,0
0.52,0
0.524,0
0.528,0
0.532,0
0.536,0
0.54,0
0.544,0
0.548,0
0.552,0
0.556,0
0.56,0
0.564,0
0.568,0
0.572,0
0.576,0
0.58,0
0.584,0
0.588,0
0.592,0
0.596,0
0.6,0
0.604,0
0.608,0
0.612,0
0.616,0
0.62,0
0.624,0
0.628,0
0.632,0
0.636,0
0.64,0
0.644,0
0.648,0
0.652,0
0.656,0
0.66,0
0.664,0
0.668,0
0.672,0
0.676,0
0.68,0
0.684,0
0.688,0
0.692,0
0.696,0
0.7,0
0.704,0
0.708,0
0.712,0
0.716,0
0.72,0
0.724,0
0.728,0
0.732,0
0.736,0
0.74,0
0.744,0
0.748,0
0.752,0
0.756,0
0.76,0
0.764,0
0.768,0
0.772,0
0.776,0
0.78,0
0.784,0
0.788,0
0.792,0
0.796,0
0.8,0
0.804,0
0.808,0
0.812,0
0.816,0
0.82,-0.175781
0.824,-0.175781
0.828,-0.175781
0.832,-0.175781
0.836,-0.175781
0.84,-0.175781
0.844,-0.175781
0.848,0
0.852,0
0.856,0
0.86,0
0.864,0
0.868,0
0.872,0
0.876,0
0.88,0
0.884,0
0.888,0
0.892,0
0.896,0
0.9,0
0.904,0
0.908,0
0.912,0
0.916,0
0.92,0
0.924,0
0.928,0
0.932,0
0.936,0
0.94,0
0.944,0
0.948,0
0.952,0
0.956,0
0.96,0
0.964,0
0.968,0
0.972,0
0.976,0
0.98,0
0.984,0
0.988,0
0.992,0
0.996,0
1,0
1.004,0
1.008,0
1.012,0
1.016,0
1.02,0
1.024,0
1.028,0
1.032,0
1.036,0
1.04,0
1.044,0
1.048,0
1.052,0
1.056,0
1.06,0
1.064,0
1.068,0
1.072,0
1.076,0
1.08,0
1.084,0
1.088,0
1.092,0
1.096,0
1.1,0
1.104,0
1.108,0
1.112,0
1.116,0
1.12,0
1.124,0
1.128,0
1.132,0
1.136,0
1.14,0
1.144,0
1.148,0
1.152,0
1.156,0
1.16,0
1.164,0
1.168,0
1.172,0
1.176,0
1.18,0
1.184,0
1.188,0
1.192,0
1.196,0
1.2,0
1.204,0
1.208,0
1.212,0
1.216,0
1.22,0
1.224,0
1.228,0
1.232,0
1.236,0
1.24,0
1.244,0
1.248,0
1.252,0
1.256,0
1.26,0
1.264,0
1.268,0
1.272,0
1.276,0
1.28,0
1.284,0
1.288,0
1.292,0
1.296,0
1.3,0
1.304,0
1.308,0
1.312,0
1.316,0
1.32,0
1.324,0
1.328,0
1.332,0
1.336,0
1.34,0
1.344,0
1.348,0
1.352,0
1.356,0
1.36,0
1.364,0
1.368,0
1.372,0
1.376,0
1.38,0
1.384,0
1.388,0
1.392,0
1.396,0
1.4,0
1.404,0
1.408,0
1.412,0
1.416,0
1.42,0
1.424,0
1.428,0
1.432,0
1.436,0
1.44,0
1.444,0
1.448,0
1.452,0
1.456,0
1.46,0
1.464,0
1.468,0
1.472,0
1.476,0
1.48,0
1.484,0
1.488,0
1.492,0
1.496,0
1.5,0
1.504,0
1.508,0
1.512,0
1.516,0
1.52,0
1.524,0
1.528,0
1.532,0
1.536,0
1.54,0
1.544,0
1.548,0
1.552,0
1.556,0
1.56,0
1.564,0
1.568,0
1.572,0
1.576,0
1.58,0
1.584,0
1.588,0
1.592,0
1.596,0
1.6,0
1.604,0
1.608,0
1.612,0
1.616,0
1.62,0
1.624,0
1.628,0
1.632,0
1.636,0
1.64,0
1.644,0
1.648,0
1.652,0
1.656,0
1.66,0
1.664,0
1.668,0
1.672,0
1.676,0
1.68,0
1.684,0
1.688,0
1.692,0
1.696,0
1.7,0
1.704,0
1.708,0
1.712,0
1.716,0
1.72,0
1.724,0
1.728,0
1.732,0
1.736,0
1.74,0
1.744,0
1.748,0
1.752,0
1.756,0
1.76,0
1.764,0
1.768,0
1.772,0
1.776,0
1.78,0
1.784,0
1.788,0
1.792,0
1.796,0
1.8,0
1.804,0
1.808,0
1.812,0
1.816,0
1.82,0.175781
1.824,0.175781
1.828,0.175781
1.832,0.175781
1.836,0.175781
1.84,0.175781
1.844,0.175781
1.848,0.175781
1.852,0.175781
1.856,0.175781
1.86,0.175781
1.864,0.175781
1.868,0.175781
1.872,0.175781
1.876,0.351562
1.88,0.351562
1.884,0.351562
1.888,0.351562
1.892,0.351562
1.896,0.351562
1.9,0.351562
1.904,0.351562
1.908,0.351562
1.912,0.351562
1.916,0.351562
1.92,0.351562
1.924,0.351562
1.928,0.351562
1.932,0.351562
1.936,0.351562
1.94,0.351562
1.944,0.351562
1.948,0.351562
1.952,0.175781
1.956,0.175781
1.96,0.175781
1.964,0.175781
1.968,0.175781
1.972,0
1.976,0
1.98,0
1.984,0
1.988,0
1.992,-0.175781
1.996,-0.175781
2,-0.175781
2.004,-0.175781
2.008,-0.175781
2.012,-0.175781
2.016,-0.175781
2.02,-0.175781
2.024,-0.175781
2.028,-0.351562
2.032,-0.351562
2.036,-0.351562
2.04,-0.351562
2.044,-0.351562
2.048,-0.351562
2.052,-0.351562
2.056,-0.351562
2.06,-0.351562
2.064,-0.351562
2.068,-0.351562
2.072,-0.351562
2.076,-0.527344
2.08,-0.527344
2.084,-0.527344
2.088,-0.527344
2.092,-0.527344
2.096,-0.527344
2.1,-0.527344
2.104,-0.527344
2.108,-0.703125
2.112,-0.703125
2.116,-0.703125
2.12,-0.703125
2.124,-0.703125
2.128,-0.703125
2.132,-0.703125
2.136,-0.703125
2.14,-0.878906
2.144,-0.878906
2.148,-0.878906
2.152,-0.703125
2.156,-0.703125
2.16,-0.703125
2.164,-0.703125
2.168,-0.703125
2.172,-0.703125
2.176,-0.527344
2.18,-0.527344
2.184,-0.527344
2.188,-0.527344
2.192,-0.527344
2.196,-0.527344
2.2,-0.527344
2.204,-0.527344
2.208,-0.351562
2.212,-0.351562
2.216,-0.351562
2.22,-0.351562
2.224,-0.351562
2.228,-0.175781
2.232,-0.175781
2.236,-0.175781
2.24,-0.175781
2.244,-0.175781
2.248,-0.175781
2.252,-0.175781
2.256,-0.175781
2.26,-0.175781
2.264,0
2.268,0
2.272,0
2.276,0
2.28,0.175781
2.284,0.175781
2.288,0.175781
2.292,0.175781
2.296,0.351562
2.3,0.351562
2.304,0.351562
2.308,0.351562
2.312,0.527344
2.316,0.527344
2.32,0.527344
2.324,0.527344
2.328,0.703125
2.332,0.703125
2.336,0.703125
2.34,0.703125
2.344,0.878906
2.348,0.878906
2.352,0.878906
2.356,0.878906
2.36,0.878906
2.364,0.878906
2.368,0.878906
2.372,1.05469
2.376,1.05469
2.38,1.05469
2.384,1.05469
2.388,1.05469
2.392,1.05469
2.396,1.05469
2.4,1.05469
2.404,1.05469
2.408,1.05469
2.412,1.05469
2.416,1.05469
2.42,1.05469
2.424,1.05469
2.428,0.878906
2.432,0.878906
2.436,0.878906
2.44,0.703125
2.444,0.703125
2.448,0.703125
2.452,0.527344
2.456,0.527344
2.46,0.527344
2.464,0.351562
2.468,0.351562
2.472,0.175781
2.476,0.175781
2.48,0.175781
2.484,0
2.488,0
2.492,-0.175781
2.496,-0.175781
2.5,-0.175781
2.504,-0.351562
2.508,-0.351562
2.512,-0.351562
2.516,-0.351562
2.52,-0.527344
2.524,-0.527344
2.528,-0.527344
2.532,-0.703125
2.536,-0.703125
2.54,-0.703125
2.544,-0.703125
2.548,-0.703125
2.552,-0.878906
2.556,-0.878906
2.56,-0.878906
2.564,-1.05469
2.568,-1.05469
2.572,-1.05469
2.576,-1.05469
2.58,-1.05469
2.584,-1.23047
2.588,-1.23047
2.592,-1.23047
2.596,-1.23047
2.6,-1.23047
2.604,-1.23047
2.608,-1.23047
2.612,-1.23047
2.616,-1.23047
2.62,-1.23047
2.624,-1.23047
2.628,-1.23047
2.632,-1.23047
2.636,-1.23047
2.64,-1.23047
2.644,-1.23047
2.648,-1.23047
2.652,-1.23047
2.656,-1.23047
2.66,-1.23047
2.664,-1.23047
2.668,-1.23047
2.672,-1.23047
2.676,-1.05469
2.68,-1.05469
2.684,-1.05469
2.688,-1.05469
2.692,-1.05469
2.696,-1.05469
2.7,-0.878906
2.704,-0.878906
2.708,-0.878906
2.712,-0.878906
2.716,-0.703125
2.72,-0.703125
2.724,-0.703125
2.728,-0.527344
2.732,-0.527344
2.736,-0.527344
2.74,-0.527344
2.744,-0.351562
2.748,-0.351562
2.752,-0.351562
2.756,-0.175781
2.76,-0.175781
2.764,-0.175781
2.768,0
2.772,0
2.776,0
2.78,0.175781
2.784,0.175781
2.788,0.175781
2.792,0.175781
2.796,0.351562
2.8,0.351562
2.804,0.351562
2.808,0.351562
2.812,0.527344
2.816,0.527344
2.82,0.527344
2.824,0.527344
2.828,0.527344
2.832,0.527344
2.836,0.703125
2.84,0.703125
2.844,0.703125
2.848,0.703125
2.852,0.703125
2.856,0.703125
2.86,0.703125
2.864,0.878906
2.868,0.878906
2.872,0.878906
2.876,0.878906
2.88,0.878906
2.884,0.878906
2.888,0.878906
2.892,0.878906
2.896,0.878906
2.9,0.878906
2.904,0.878906
2.908,0.878906
2.912,0.878906
2.916,0.878906
2.92,0.878906
2.924,0.878906
2.928,0.878906
2.932,0.878906
2.936,0.703125
2.94,0.703125
2.944,0.703125
2.948,0.703125
2.952,0.703125
2.956,0.703125
2.96,0.703125
2.964,0.527344
2.968,0.527344
2.972,0.527344
2.976,0.527344
2.98,0.527344
2.984,0.527344
2.988,0.527344
2.992,0.527344
2.996,0.351562
3,0.351562
3.004,0.351562
3.008,0.351562
3.012,0.351562
3.016,0.175781
3.02,0.175781
3.024,0.175781
3.028,0.175781
3.032,0
3.036,0
3.04,0
3.044,-0.175781
3.048,-0.175781
3.052,-0.175781
3.056,-0.351562
3.06,-0.351562
3.064,-0.351562
3.068,-0.527344
3.072,-0.527344
3.076,-0.527344
3.08,-0.703125
3.084,-0.703125
3.088,-0.703125
3.092,-0.703125
3.096,-0.878906
3.1,-0.878906
3.104,-0.878906
3.108,-0.878906
3.112,-0.878906
3.116,-1.05469
3.12,-1.05469
3.124,-1.05469
3.128,-1.05469
3.132,-1.05469
3.136,-1.05469
3.14,-1.23047
3.144,-1.23047
3.148,-1.23047
3.152,-1.23047
3.156,-1.23047
3.16,-1.23047
3.164,-1.23047
3.168,-1.23047
3.172,-1.23047
3.176,-1.23047
3.18,-1.23047
3.184,-1.23047
3.188,-1.23047
3.192,-1.23047
3.196,-1.23047
3.2,-1.23047
3.204,-1.23047
3.208,-1.23047
3.212,-1.23047
3.216,-1.23047
3.22,-1.23047
3.224,-1.23047
3.228,-1.23047
3.232,-1.23047
3.236,-1.23047
3.24,-1.23047
3.244,-1.05469
3.248,-1.05469
3.252,-1.05469
3.256,-1.05469
3.26,-1.05469
3.264,-0.878906
3.268,-0.878906
3.272,-0.878906
3.276,-0.878906
3.28,-0.703125
3.284,-0.703125
3.288,-0.703125
3.292,-0.703125
3.296,-0.527344
3.3,-0.527344
3.304,-0.527344
3.308,-0.527344
3.312,-0.351562
3.316,-0.351562
3.32,-0.351562
3.324,-0.351562
3.328,-0.175781
3.332,-0.175781
3.336,-0.175781
3.34,-0.175781
3.344,0
3.348,0
3.352,0
3.356,0
3.36,0.175781
3.364,0.175781
3.368,0.175781
3.372,0.351562
3.376,0.351562
3.38,0.351562
3.384,0.351562
3.388,0.527344
3.392,0.527344
3.396,0.527344
3.4,0.527344
3.404,0.703125
3.408,0.703125
3.412,0.703125
3.416,0.703125
3.42,0.703125
3.424,0.703125
3.428,0.703125
3.432,0.878906
3.436,0.878906
3.44,0.878906
3.444,0.878906
3.448,0.878906
3.452,0.878906
3.456,0.878906
3.46,0.878906
3.464,0.878906
3.468,0.878906
3.472,0.878906
3.476,0.878906
3.48,0.878906
3.484,0.878906
3.488,0.878906
3.492,0.878906
3.496,0.878906
3.5,0.878906
3.504,0.878906
3.508,0.703125
3.512,0.703125
3.516,0.703125
3.52,0.703125
3.524,0.703125
3.528,0.703125
3.532,0.703125
3.536,0.527344
3.54,0.527344
3.544,0.527344
3.548,0.527344
3.552,0.527344
3.556,0.527344
3.56,0.527344
3.564,0.351562
3.568,0.351562
3.572,0.351562
3.576,0.351562
3.58,0.351562
3.584,0.351562
3.588,0.351562
3.592,0.175781
3.596,0.175781
3.6,0.175781
3.604,0.175781
3.608,0
3.612,0
3.616,0
3.62,0
3.624,-0.175781
3.628,-0.175781
3.632,-0.175781
3.636,-0.351562
3.64,-0.351562
3.644,-0.351562
3.648,-0.527344
3.652,-0.527344
3.656,-0.703125
3.66,-0.703125
3.664,-0.703125
3.668,-0.878906
3.672,-0.878906
3.676,-0.878906
3.68,-0.878906
3.684,-1.05469
3.688,-1.05469
3.692,-1.05469
3.696,-1.05469
3.7,-1.05469
3.704,-1.05469
3.708,-1.23047
3.712,-1.23047
3.716,-1.23047
3.72,-1.23047
3.724,-1.23047
3.728,-1.23047
3.732,-1.23047
3.736,-1.23047
3.74,-1.23047
3.744,-1.23047
3.748,-1.23047
3.752,-1.23047
3.756,-1.23047
3.76,-1.23047
3.764,-1.23047
3.768,-1.23047
3.772,-1.23047
3.776,-1.23047
3.78,-1.40625
3.784,-1.40625
3.788,-1.40625
3.792,-1.40625
3.796,-1.40625
3.8,-1.40625
3.804,-1.40625
3.808,-1.23047
3.812,-1.23047
3.816,-1.23047
3.82,-1.23047
3.824,-1.23047
3.828,-1.23047
3.832,-1.23047
3.836,-1.23047
3.84,-1.05469
3.844,-1.05469
3.848,-1.05469
3.852,-1.05469
3.856,-0.878906
3.86,-0.878906
3.864,-0.878906
3.868,-0.878906
3.872,-0.703125
3.876,-0.703125
3.88,-0.703125
3.884,-0.703125
3.888,-0.527344
3.892,-0.527344
3.896,-0.527344
3.9,-0.527344
3.904,-0.351562
3.908,-0.351562
3.912,-0.351562
3.916,-0.351562
3.92,-0.175781
3.924,-0.175781
3.928,-0.175781
3.932,-0.175781
3.936,0
3.94,0
3.944,0
3.948,0
3.952,0.175781
3.956,0.175781
3.96,0.175781
3.964,0.175781
3.968,0.351562
3.972,0.351562
3.976,0.351562
3.98,0.351562
3.984,0.527344
3.988,0.527344
3.992,0.527344
3.996,0.527344
4,0.527344
4.004,0.527344
4.008,0.703125
4.012,0.703125
4.016,0.703125
4.02,0.703125
4.024,0.703125
4.028,0.703125
4.032,0.878906
4.036,0.878906
4.04,0.878906
4.044,0.878906
4.048,0.878906
4.052,0.878906
4.056,0.878906
4.06,0.703125
4.064,0.703125
4.068,0.527344
4.072,0.351562
4.076,0.351562
4.08,0.175781
4.084,0
4.088,-0.175781
4.092,-0.175781
4.096,-0.351562
4.1,-0.527344
4.104,-0.527344
4.108,-0.703125
4.112,-0.878906
4.116,-1.05469
4.12,-1.05469
4.124,-1.23047
4.128,-1.40625
4.132,-1.40625
4.136,-1.58203
4.14,-1.58203
4.144,-1.75781
4.148,-1.93359
4.152,-1.93359
4.156,-2.10938
4.16,-2.10938
4.164,-2.10938
4.168,-2.28516
4.172,-2.28516
4.176,-2.10938
4.18,-2.10938
4.184,-2.10938
4.188,-1.93359
4.192,-1.93359
4.196,-1.93359
4.2,-1.75781
4.204,-1.75781
4.208,-1.58203
4.212,-1.58203
4.216,-1.40625
4.22,-1.40625
4.224,-1.23047
4.228,-1.23047
4.232,-1.05469
4.236,-1.05469
4.24,-0.878906
4.244,-0.878906
4.248,-0.703125
4.252,-0.703125
4.256,-0.527344
4.26,-0.527344
4.264,-0.351562
4.268,-0.351562
4.272,-0.527344
4.276,-0.527344
4.28,-0.527344
4.284,-0.703125
4.288,-0.878906
4.292,-0.878906
4.296,-1.05469
4.3,-1.05469
4.304,-1.23047
4.308,-1.23047
4.312,-1.40625
4.316,-1.40625
4.32,-1.40625
4.324,-1.40625
4.328,-1.40625
4.332,-1.40625
4.336,-1.23047
4.34,-1.23047
4.344,-1.05469
4.348,-1.05469
4.352,-1.05469
4.356,-1.05469
4.36,-1.05469
4.364,-1.05469
4.368,-1.05469
4.372,-1.05469
4.376,-1.05469
4.38,-1.05469
4.384,-1.05469
4.388,-1.05469
4.392,-1.05469
4.396,-1.05469
4.4,-1.05469
4.404,-1.05469
4.408,-1.05469
4.412,-1.05469
4.416,-1.05469
4.42,-1.05469
4.424,-1.05469
4.428,-1.05469
4.432,-1.05469
4.436,-1.05469
4.44,-1.05469
4.444,-1.05469
4.448,-1.05469
4.452,-1.05469
4.456,-1.05469
4.46,-1.05469
4.464,-1.05469
4.468,-1.05469
4.472,-1.05469
4.476,-1.05469
4.48,-1.05469
4.484,-1.05469
4.488,-1.05469
4.492,-1.23047
4.496,-1.23047
4.5,-1.23047
4.504,-1.23047
4.508,-1.23047
4.512,-1.23047
4.516,-1.23047
4.52,-1.05469
4.524,-1.05469
4.528,-1.05469
4.532,-1.05469
4.536,-1.05469
4.54,-1.05469
4.544,-1.05469
4.548,-1.05469
4.552,-1.05469
4.556,-1.05469
4.56,-1.05469
4.564,-1.05469
4.568,-0.878906
4.572,-0.878906
4.576,-0.878906
4.58,-0.878906
4.584,-0.878906
4.588,-0.878906
4.592,-0.878906
4.596,-0.878906
4.6,-0.878906
4.604,-0.878906
4.608,-0.878906
4.612,-0.878906
4.616,-0.878906
4.62,-0.878906
4.624,-0.878906
4.628,-0.878906
4.632,-0.878906
4.636,-0.878906
4.64,-0.878906
4.644,-0.878906
4.648,-0.878906
4.652,-0.878906
4.656,-0.878906
4.66,-0.878906
4.664,-0.878906
4.668,-0.878906
4.672,-0.878906
4.676,-0.878906
4.68,-0.878906
4.684,-0.878906
4.688,-0.878906
4.692,-1.05469
4.696,-1.05469
4.7,-1.05469
4.704,-1.05469
4.708,-1.05469
4.712,-1.05469
4.716,-1.05469
4.72,-1.05469
4.724,-1.05469
4.728,-1.05469
4.732,-1.05469
4.736,-1.05469
4.74,-1.05469
4.744,-1.05469
4.748,-1.05469
4.752,-1.05469
4.756,-1.05469
4.76,-1.05469
4.764,-1.05469
4.768,-1.05469
4.772,-1.05469
4.776,-0.878906
4.78,-0.878906
4.784,-0.878906
4.788,-0.878906
4.792,-0.878906
4.796,-0.878906
4.8,-0.878906
4.804,-0.878906
4.808,-0.878906
4.812,-0.703125
4.816,-0.703125
4.82,-0.703125
4.824,-0.703125
4.828,-0.703125
4.832,-0.703125
4.836,-0.703125
4.84,-0.703125
4.844,-0.703125
4.848,-0.527344
4.852,-0.527344
4.856,-0.527344
4.86,-0.527344
4.864,-0.527344
4.868,-0.527344
4.872,-0.527344
4.876,-0.527344
4.88,-0.351562
4.884,-0.351562
4.888,-0.351562
4.892,-0.351562
4.896,-0.351562
4.9,-0.351562
4.904,-0.175781
4.908,-0.175781
4.912,-0.175781
4.916,-0.175781
4.92,-0.175781
4.924,-0.175781
4.928,-0.175781
4.932,-0.175781
4.936,-0.175781
4.94,-0.175781
4.944,-0.175781
4.948,-0.175781
4.952,-0.175781
4.956,0
4.96,0
4.964,0
4.968,0
4.972,0
4.976,0
4.98,0
4.984,0
4.988,0
4.992,0
4.996,0
5,0
5.004,0
5.008,0
5.012,0.175781
5.016,0.175781
5.02,0.175781
5.024,0.175781
5.028,0.175781
5.032,0.175781
5.036,0.175781
5.04,0.175781
5.044,0.175781
5.048,0.175781
5.052,0.351562
5.056,0.351562
5.06,0.351562
5.064,0.351562
5.068,0.351562
5.072,0.351562
5.076,0.351562
5.08,0.351562
5.084,0.351562
5.088,0.527344
5.092,0.527344
5.096,0.527344
5.1,0.527344
5.104,0.527344
5.108,0.527344
5.112,0.527344
5.116,0.527344
5.12,0.527344
5.124,0.527344
5.128,0.527344
5.132,0.527344
5.136,0.703125
5.14,0.703125
5.144,0.703125
5.148,0.703125
5.152,0.703125
5.156,0.703125
5.16,0.703125
5.164,0.703125
5.168,0.703125
5.172,0.703125
5.176,0.703125
5.18,0.703125
5.184,0.703125
5.188,0.703125
5.192,0.703125
5.196,0.703125
5.2,0.703125
5.204,0.703125
5.208,0.703125
5.212,0.703125
5.216,0.703125
5.22,0.703125
5.224,0.703125
5.228,0.703125
5.232,0.703125
5.236,0.703125
5.24,0.703125
5.244,0.703125
5.248,0.703125
5.252,0.703125
5.256,0.703125
5.26,0.703125
5.264,0.703125
5.268,0.703125
5.272,0.703125
5.276,0.703125
5.28,0.703125
5.284,0.703125
5.288,0.703125
5.292,0.703125
5.296,0.703125
5.3,0.703125
5.304,0.703125
5.308,0.703125
5.312,0.703125
5.316,0.703125
5.32,0.703125
5.324,0.703125
5.328,0.703125
5.332,0.703125
5.336,0.703125
5.34,0.703125
5.344,0.703125
5.348,0.878906
5.352,0.878906
5.356,0.878906
5.36,0.878906
5.364,0.878906
5.368,0.878906
5.372,0.878906
5.376,0.878906
5.38,1.05469
5.384,1.05469
5.388,1.05469
5.392,1.05469
5.396,1.05469
5.4,1.05469
5.404,1.05469
5.408,1.05469
5.412,1.05469
5.416,1.05469
5.42,1.05469
5.424,1.05469
5.428,1.05469
5.432,1.05469
5.436,1.05469
5.44,1.05469
5.444,1.05469
5.448,1.05469
5.452,0.878906
5.456,0.878906
5.46,0.878906
5.464,0.878906
5.468,0.878906
5.472,0.878906
5.476,0.878906
5.48,0.878906
5.484,1.05469
5.488,1.05469
5.492,1.05469
5.496,1.05469
5.5,1.23047
5.504,1.23047
5.508,1.23047
5.512,1.23047
5.516,1.23047
5.52,1.23047
5.524,1.23047
5.528,1.23047
5.532,1.23047
5.536,1.23047
5.54,1.23047
5.544,1.23047
5.548,1.23047
5.552,1.23047
5.556,1.23047
5.56,1.23047
5.564,1.23047
5.568,1.40625
5.572,1.40625
5.576,1.40625
5.58,1.40625
5.584,1.40625
5.588,1.40625
5.592,1.40625
5.596,1.40625
5.6,1.40625
5.604,1.58203
5.608,1.58203
5.612,1.58203
5.616,1.58203
5.62,1.58203
5.624,1.58203
5.628,1.75781
5.632,1.75781
5.636,1.75781
5.64,1.75781
5.644,1.75781
5.648,1.75781
5.652,1.75781
5.656,1.75781
5.66,1.75781
5.664,1.93359
5.668,1.93359
5.672,1.93359
5.676,1.93359
5.68,1.93359
5.684,1.93359
5.688,1.93359
5.692,1.93359
5.696,1.93359
5.7,1.93359
5.704,1.93359
5.708,1.93359
5.712,1.93359
5.716,2.10938
5.72,2.10938
5.724,2.10938
5.728,2.10938
5.732,2.10938
5.736,2.10938
5.74,2.10938
5.744,2.10938
5.748,2.10938
5.752,2.10938
5.756,2.10938
5.76,2.10938
5.764,2.10938
5.768,2.10938
5.772,2.10938
5.776,2.10938
5.78,2.10938
5.784,2.10938
5.788,2.10938
5.792,2.10938
5.796,2.10938
5.8,2.10938
5.804,2.10938
5.808,2.10938
5.812,2.10938
5.816,2.10938
5.82,2.10938
5.824,2.10938
5.828,2.10938
5.832,2.10938
5.836,2.10938
5.84,2.10938
5.844,2.10938
5.848,2.10938
5.852,2.10938
5.856,2.10938
5.86,2.10938
5.864,2.10938
5.868,2.10938
5.872,2.10938
5.876,2.10938
5.88,2.10938
5.884,2.10938
5.888,2.10938
5.892,2.10938
5.896,2.10938
5.9,2.10938
5.904,2.10938
5.908,2.10938
5.912,2.28516
5.916,2.28516
5.92,2.28516
5.924,2.28516
5.928,2.28516
5.932,2.28516
5.936,2.28516
5.94,2.28516
5.944,2.28516
5.948,2.28516
5.952,2.28516
5.956,2.28516
5.96,2.28516
5.964,2.28516
5.968,2.28516
5.972,2.28516
5.976,2.28516
5.98,2.28516
5.984,2.28516
5.988,2.46094
5.992,2.46094
5.996,2.46094
6,2.46094
6.004,2.46094
6.008,2.46094
6.012,2.46094
6.016,2.46094
6.02,2.46094
6.024,2.46094
6.028,2.46094
6.032,2.46094
6.036,2.46094
6.04,2.46094
6.044,2.46094
6.048,2.46094
6.052,2.46094
6.056,2.63672
6.06,2.63672
6.064,2.63672
6.068,2.63672
6.072,2.63672
6.076,2.63672
6.08,2.63672
6.084,2.63672
6.088,2.63672
6.092,2.63672
6.096,2.63672
6.1,2.63672
6.104,2.8125
6.108,2.8125
6.112,2.8125
6.116,2.8125
6.12,2.8125
6.124,2.8125
6.128,2.8125
6.132,2.8125
6.136,2.8125
6.14,2.8125
6.144,2.8125
6.148,2.8125
6.152,2.8125
6.156,2.8125
6.16,2.8125
6.164,2.8125
6.168,2.8125
6.172,2.8125
6.176,2.8125
6.18,2.8125
6.184,2.8125
6.188,2.8125
6.192,2.8125
6.196,2.8125
6.2,2.8125
6.204,2.8125
6.208,2.8125
6.212,2.98828
6.216,2.98828
6.22,2.98828
6.224,2.98828
6.228,2.98828
6.232,2.98828
6.236,2.98828
6.24,2.98828
6.244,2.8125
6.248,2.8125
6.252,2.8125
6.256,2.8125
6.26,2.8125
6.264,2.8125
6.268,2.8125
6.272,2.8125
6.276,2.8125
6.28,2.8125
6.284,2.8125
6.288,2.98828
6.292,2.98828
6.296,2.98828
6.3,2.98828
6.304,2.98828
6.308,2.98828
6.312,2.98828
6.316,2.98828
6.32,2.98828
6.324,3.16406
6.328,3.16406
6.332,3.16406
6.336,3.16406
6.34,3.16406
6.344,3.33984
6.348,3.33984
6.352,3.33984
6.356,3.33984
6.36,3.33984
6.364,3.33984
6.368,3.33984
6.372,3.33984
6.376,3.33984
6.38,3.33984
6.384,3.33984
6.388,3.33984
6.392,3.33984
6.396,3.33984
6.4,3.33984
6.404,3.33984
6.408,3.33984
6.412,3.33984
6.416,3.33984
6.42,3.33984
6.424,3.33984
6.428,3.33984
6.432,3.33984
6.436,3.33984
6.44,3.33984
6.444,3.33984
6.448,3.33984
6.452,3.33984
6.456,3.33984
6.46,3.33984
6.464,3.33984
6.468,3.33984
6.472,3.33984
6.476,3.33984
6.48,3.33984
6.484,3.33984
6.488,3.33984
6.492,3.33984
6.496,3.33984
6.5,3.33984
6.504,3.33984
6.508,3.33984
6.512,3.33984
6.516,3.33984
6.52,3.33984
6.524,3.33984
6.528,3.33984
6.532,3.33984
6.536,3.33984
6.54,3.33984
6.544,3.33984
6.548,3.33984
6.552,3.33984
6.556,3.33984
6.56,3.33984
6.564,3.33984
6.568,3.33984
6.572,3.33984
6.576,3.33984
6.58,3.33984
6.584,3.51562
6.588,3.51562
6.592,3.51562
6.596,3.51562
6.6,3.51562
6.604,3.51562
6.608,3.51562
6.612,3.51562
6.616,3.51562
6.62,3.51562
6.624,3.51562
6.628,3.51562
6.632,3.51562
6.636,3.51562
6.64,3.51562
6.644,3.51562
6.648,3.51562
6.652,3.51562
6.656,3.51562
6.66,3.51562
6.664,3.51562
6.668,3.51562
6.672,3.51562
6.676,3.51562
6.68,3.51562
6.684,3.51562
6.688,3.51562
6.692,3.51562
6.696,3.69141
6.7,3.69141
6.704,3.69141
6.708,3.69141
6.712,3.69141
6.716,3.69141
6.72,3.69141
6.724,3.69141
6.728,3.86719
6.732,3.86719
6.736,3.86719
6.74,3.86719
6.744,3.86719
6.748,3.86719
6.752,4.04297
6.756,4.04297
6.76,4.04297
6.764,4.04297
6.768,4.04297
6.772,4.04297
6.776,3.86719
6.78,3.86719
6.784,3.86719
6.788,3.86719
6.792,3.86719
6.796,3.86719
6.8,4.04297
6.804,4.04297
6.808,4.04297
6.812,4.04297
6.816,4.04297
6.82,4.04297
6.824,4.04297
6.828,4.04297
6.832,4.04297
6.836,4.04297
6.84,4.04297
6.844,4.04297
6.848,4.04297
6.852,4.04297
6.856,4.04297
6.86,4.04297
6.864,4.21875
6.868,4.21875
6.872,4.21875
6.876,4.21875
6.88,4.39453
6.884,4.39453
6.888,4.39453
6.892,4.39453
6.896,4.57031
6.9,4.57031
6.904,4.57031
6.908,4.57031
6.912,4.57031
6.916,4.57031
6.92,4.57031
6.924,4.57031
6.928,4.74609
6.932,4.74609
6.936,4.74609
6.94,4.74609
6.944,4.74609
6.948,4.74609
6.952,4.74609
6.956,4.74609
6.96,4.74609
6.964,4.74609
6.968,4.74609
6.972,4.92188
6.976,4.92188
6.98,4.92188
6.984,5.09766
6.988,5.09766
6.992,5.09766
6.996,5.09766
7,5.09766
7.004,5.09766
7.008,5.09766
7.012,5.09766
7.016,5.09766
7.02,5.09766
7.024,5.09766
7.028,5.09766
7.032,5.09766
7.036,5.09766
7.04,5.09766
7.044,5.09766
7.048,5.09766
7.052,5.09766
7.056,5.09766
7.06,5.09766
7.064,5.09766
7.068,5.09766
7.072,5.09766
7.076,5.09766
7.08,5.09766
7.084,5.09766
7.088,5.09766
7.092,5.09766
7.096,5.09766
7.1,5.09766
7.104,5.09766
7.108,5.09766
7.112,5.09766
7.116,5.09766
7.12,5.09766
7.124,5.09766
7.128,5.09766
7.132,5.09766
7.136,5.09766
7.14,5.09766
7.144,5.09766
7.148,5.09766
7.152,5.09766
7.156,5.09766
7.16,5.09766
7.164,5.09766
7.168,5.09766
7.172,5.09766
7.176,5.09766
7.18,5.09766
7.184,5.09766
7.188,5.09766
7.192,5.09766
7.196,5.09766
7.2,5.09766
7.204,5.09766
7.208,5.09766
7.212,5.09766
7.216,5.09766
7.22,5.09766
7.224,5.09766
7.228,5.09766
7.232,5.09766
7.236,5.09766
7.24,5.09766
7.244,5.09766
7.248,5.09766
7.252,5.09766
7.256,5.09766
7.26,5.09766
7.264,5.09766
7.268,5.09766
7.272,5.09766
7.276,5.09766
7.28,5.09766
7.284,5.09766
7.288,5.09766
7.292,5.09766
7.296,5.09766
7.3,5.09766
7.304,5.09766
7.308,5.09766
7.312,5.09766
7.316,5.09766
7.32,5.09766
7.324,5.09766
7.328,5.09766
7.332,5.09766
7.336,5.09766
7.34,5.09766
7.344,5.09766
7.348,5.09766
7.352,5.09766
7.356,5.09766
7.36,5.09766
7.364,5.09766
7.368,5.09766
7.372,5.09766
7.376,5.09766
7.38,5.27344
7.384,5.27344
7.388,5.27344
7.392,5.27344
7.396,5.27344
7.4,5.27344
7.404,5.27344
7.408,5.27344
7.412,5.27344
7.416,5.27344
7.42,5.27344
7.424,5.27344
7.428,5.27344
7.432,5.27344
7.436,5.27344
7.44,5.27344
7.444,5.27344
7.448,5.27344
7.452,5.27344
7.456,5.27344
7.46,5.27344
7.464,5.27344
7.468,5.44922
7.472,5.44922
7.476,5.44922
7.48,5.44922
7.484,5.44922
7.488,5.44922
7.492,5.44922
7.496,5.44922
7.5,5.44922
7.504,5.44922
7.508,5.44922
7.512,5.44922
7.516,5.44922
7.52,5.44922
7.524,5.44922
7.528,5.44922
7.532,5.44922
7.536,5.44922
7.54,5.44922
7.544,5.44922
7.548,5.44922
7.552,5.44922
7.556,5.44922
7.56,5.44922
7.564,5.44922
7.568,5.44922
7.572,5.44922
7.576,5.44922
7.58,5.44922
7.584,5.44922
7.588,5.44922
7.592,5.44922
7.596,5.44922
7.6,5.44922
7.604,5.44922
7.608,5.44922
7.612,5.44922
7.616,5.44922
7.62,5.44922
7.624,5.44922
7.628,5.44922
7.632,5.44922
7.636,5.44922
7.64,5.44922
7.644,5.44922
7.648,5.44922
7.652,5.44922
7.656,5.44922
7.66,5.44922
7.664,5.44922
7.668,5.44922
7.672,5.44922
7.676,5.44922
7.68,5.44922
7.684,5.44922
7.688,5.44922
7.692,5.44922
7.696,5.44922
7.7,5.44922
7.704,5.44922
7.708,5.44922
7.712,5.44922
7.716,5.44922
7.72,5.44922
7.724,5.44922
7.728,5.44922
7.732,5.44922
7.736,5.44922
7.74,5.44922
7.744,5.44922
7.748,5.44922
7.752,5.44922
7.756,5.44922
7.76,5.27344
7.764,5.27344
7.768,5.27344
7.772,5.27344
7.776,5.27344
7.78,5.27344
7.784,5.27344
7.788,5.27344
7.792,5.27344
7.796,5.27344
7.8,5.27344
7.804,5.27344
7.808,5.27344
7.812,5.27344
7.816,5.27344
7.82,5.27344
7.824,5.27344
7.828,5.27344
7.832,5.27344
7.836,5.27344
7.84,5.27344
7.844,5.27344
7.848,5.27344
7.852,5.27344
7.856,5.27344
7.86,5.27344
7.864,5.27344
7.868,5.27344
7.872,5.27344
7.876,5.27344
7.88,5.27344
7.884,5.27344
7.888,5.27344
7.892,5.27344
7.896,5.27344
7.9,5.27344
7.904,5.27344
7.908,5.27344
7.912,5.27344
7.916,5.27344
7.92,5.27344
7.924,5.27344
7.928,5.27344
7.932,5.27344
7.936,5.27344
7.94,5.27344
7.944,5.27344
7.948,5.27344
7.952,5.27344
7.956,5.27344
7.96,5.27344
7.964,5.27344
7.968,5.27344
7.972,5.27344
7.976,5.27344
7.98,5.27344
7.984,5.27344
7.988,5.27344
7.992,5.27344
7.996,5.27344
8,5.27344
8.004,5.27344
8.008,5.27344
8.012,5.27344
8.016,5.27344
8.02,5.27344
8.024,5.27344
8.028,5.27344
8.032,5.27344
8.036,5.27344
8.04,5.27344
8.044,5.27344
8.048,5.27344
8.052,5.27344
8.056,5.27344
8.06,5.27344
8.064,5.27344
8.068,5.27344
8.072,5.27344
8.076,5.27344
8.08,5.44922
8.084,5.44922
8.088,5.44922
8.092,5.44922
8.096,5.44922
8.1,5.44922
8.104,5.44922
8.108,5.44922
8.112,5.44922
8.116,5.44922
8.12,5.44922
8.124,5.44922
8.128,5.625
8.132,5.625
8.136,5.625
8.14,5.625
8.144,5.625
8.148,5.80078
8.152,5.80078
8.156,5.80078
8.16,5.80078
8.164,5.97656
8.168,5.97656
8.172,5.97656
8.176,5.97656
8.18,5.80078
8.184,5.80078
8.188,5.80078
8.192,5.80078
8.196,5.625
8.2,5.625
8.204,5.625
8.208,5.625
8.212,5.625
8.216,5.625
8.22,5.80078
8.224,5.80078
8.228,5.80078
8.232,5.80078
8.236,5.80078
8.24,5.625
8.244,5.625
8.248,5.625
8.252,5.625
8.256,5.625
8.26,5.625
8.264,5.625
8.268,5.625
8.272,5.625
8.276,5.625
8.28,5.625
8.284,5.625
8.288,5.625
8.292,5.625
8.296,5.625
8.3,5.625
8.304,5.625
8.308,5.625
8.312,5.625
8.316,5.625
8.32,5.625
8.324,5.625
8.328,5.625
8.332,5.625
8.336,5.625
8.34,5.625
8.344,5.625
8.348,5.625
8.352,5.625
8.356,5.625
8.36,5.625
8.364,5.625
8.368,5.625
8.372,5.625
8.376,5.625
8.38,5.625
8.384,5.625
8.388,5.625
8.392,5.625
8.396,5.625
8.4,5.625
8.404,5.625
8.408,5.625
8.412,5.625
8.416,5.625
8.42,5.625
8.424,5.625
8.428,5.625
8.432,5.625
8.436,5.625
8.44,5.625
8.444,5.625
8.448,5.625
8.452,5.625
8.456,5.625
8.46,5.625
8.464,5.625
8.468,5.625
8.472,5.625
8.476,5.625
8.48,5.625
8.484,5.625
8.488,5.625
8.492,5.625
8.496,5.625
8.5,5.625
8.504,5.625
8.508,5.625
8.512,5.625
8.516,5.625
8.52,5.625
8.524,5.625
8.528,5.625
8.532,5.625
8.536,5.625
8.54,5.625
8.544,5.625
8.548,5.625
8.552,5.625
8.556,5.625
8.56,5.625
8.564,5.625
8.568,5.625
8.572,5.625
8.576,5.625
8.58,5.625
8.584,5.625
8.588,5.625
8.592,5.625
8.596,5.44922
8.6,5.44922
8.604,5.44922
8.608,5.44922
8.612,5.44922
8.616,5.44922
8.62,5.44922
8.624,5.44922
8.628,5.44922
8.632,5.44922
8.636,5.44922
8.64,5.44922
8.644,5.44922
8.648,5.44922
8.652,5.44922
8.656,5.44922
8.66,5.44922
8.664,5.44922
8.668,5.44922
8.672,5.44922
8.676,5.44922
8.68,5.44922
8.684,5.44922
8.688,5.44922
8.692,5.44922
8.696,5.27344
8.7,5.27344
8.704,5.27344
8.708,5.27344
8.712,5.27344
8.716,5.27344
8.72,5.27344
8.724,5.27344
8.728,5.27344
8.732,5.27344
8.736,5.27344
8.74,5.27344
8.744,5.27344
8.748,5.27344
8.752,5.27344
8.756,5.27344
8.76,5.27344
8.764,5.27344
8.768,5.27344
8.772,5.27344
8.776,5.27344
8.78,5.27344
8.784,5.27344
8.788,5.27344
8.792,5.27344
8.796,5.27344
8.8,5.27344
8.804,5.09766
8.808,5.09766
8.812,5.09766
8.816,5.09766
8.82,5.09766
8.824,5.27344
8.828,5.27344
8.832,5.27344
8.836,5.27344
8.84,5.27344
8.844,5.27344
8.848,5.27344
8.852,5.27344
8.856,5.27344
8.86,5.27344
8.864,5.27344
8.868,5.27344
8.872,5.27344
8.876,5.27344
8.88,5.27344
8.884,5.27344
8.888,5.27344
8.892,5.27344
8.896,5.27344
8.9,5.27344
8.904,5.27344
8.908,5.27344
8.912,5.27344
8.916,5.27344
8.92,5.27344
8.924,5.27344
8.928,5.27344
8.932,5.27344
8.936,5.27344
8.94,5.27344
8.944,5.27344
8.948,5.27344
8.952,5.27344
8.956,5.27344
8.96,5.27344
8.964,5.27344
8.968,5.27344
8.972,5.27344
8.976,5.27344
8.98,5.27344
8.984,5.27344
8.988,5.27344
8.992,5.27344
8.996,5.27344
9,5.27344
9.004,5.27344
9.008,5.27344
9.012,5.27344
9.016,5.27344
9.02,5.27344
9.024,5.27344
9.028,5.27344
9.032,5.27344
9.036,5.27344
9.04,5.27344
9.044,5.27344
9.048,5.27344
9.052,5.27344
9.056,5.27344
9.06,5.27344
9.064,5.27344
9.068,5.27344
9.072,5.27344
9.076,5.27344
9.08,5.27344
9.084,5.27344
9.088,5.27344
9.092,5.27344
9.096,5.27344
9.1,5.27344
9.104,5.27344
9.108,5.09766
9.112,5.09766
9.116,5.09766
9.12,5.09766
9.124,5.09766
9.128,5.09766
9.132,5.09766
9.136,5.09766
9.14,5.09766
9.144,5.09766
9.148,5.09766
9.152,5.09766
9.156,5.09766
9.16,5.09766
9.164,5.09766
9.168,5.09766
9.172,5.09766
9.176,5.09766
9.18,5.09766
9.184,5.09766
9.188,5.09766
9.192,5.09766
9.196,5.09766
9.2,5.09766
9.204,5.09766
9.208,5.09766
9.212,5.09766
9.216,5.09766
9.22,5.09766
9.224,5.09766
9.228,5.09766
9.232,5.09766
9.236,5.09766
9.24,5.09766
9.244,5.09766
9.248,5.09766
9.252,5.09766
9.256,5.09766
9.26,5.09766
9.264,5.09766
9.268,5.09766
9.272,5.09766
9.276,5.09766
9.28,5.09766
9.284,5.09766
9.288,5.09766
9.292,5.09766
9.296,5.09766
9.3,5.09766
9.304,5.09766
9.308,5.09766
9.312,5.09766
9.316,5.09766
9.32,5.09766
9.324,5.09766
9.328,5.09766
9.332,5.09766
9.336,5.09766
9.34,5.09766
9.344,5.09766
9.348,5.09766
9.352,5.09766
9.356,5.09766
9.36,5.09766
9.364,5.09766
9.368,5.09766
9.372,5.27344
9.376,5.27344
9.38,5.27344
9.384,5.27344
9.388,5.27344
9.392,5.27344
9.396,5.27344
9.4,5.27344
9.404,5.27344
9.408,5.27344
9.412,5.27344
9.416,5.27344
9.42,5.27344
9.424,5.27344
9.428,5.27344
9.432,5.27344
9.436,5.27344
9.44,5.27344
9.444,5.27344
9.448,5.27344
9.452,5.27344
9.456,5.27344
9.46,5.27344
9.464,5.27344
9.468,5.27344
9.472,5.27344
9.476,5.27344
9.48,5.27344
9.484,5.27344
9.488,5.27344
9.492,5.27344
9.496,5.27344
9.5,5.27344
9.504,5.27344
9.508,5.27344
9.512,5.27344
9.516,5.27344
9.52,5.27344
9.524,5.27344
9.528,5.27344
9.532,5.27344
9.536,5.27344
9.54,5.27344
9.544,5.27344
9.548,5.27344
9.552,5.27344
9.556,5.27344
9.56,5.27344
9.564,5.27344
9.568,5.27344
9.572,5.27344
9.576,5.27344
9.58,5.27344
9.584,5.27344
9.588,5.27344
9.592,5.27344
9.596,5.27344
9.6,5.27344
9.604,5.27344
9.608,5.27344
9.612,5.27344
9.616,5.27344
9.62,5.27344
9.624,5.27344
9.628,5.27344
9.632,5.27344
9.636,5.27344
9.64,5.27344
9.644,5.27344
9.648,5.27344
9.652,5.27344
9.656,5.27344
9.66,5.27344
9.664,5.27344
9.668,5.27344
9.672,5.27344
9.676,5.27344
9.68,5.27344
9.684,5.27344
9.688,5.27344
9.692,5.09766
9.696,5.09766
9.7,5.09766
9.704,5.09766
9.708,5.09766
9.712,5.09766
9.716,5.09766
9.72,5.09766
9.724,5.09766
9.728,5.09766
9.732,5.09766
9.736,5.09766
9.74,5.09766
9.744,5.09766
9.748,5.09766
9.752,5.09766
9.756,5.09766
9.76,5.09766
9.764,5.09766
9.768,5.09766
9.772,5.09766
9.776,5.09766
9.78,5.09766
9.784,5.09766
9.788,5.09766
9.792,5.09766
9.796,5.09766
9.8,5.09766
9.804,5.09766
9.808,5.09766
9.812,5.09766
9.816,5.09766
9.82,5.09766
9.824,5.09766
9.828,5.09766
9.832,5.09766
9.836,5.09766
9.84,5.09766
9.844,5.09766
9.848,5.09766
9.852,5.09766
9.856,5.09766
9.86,5.09766
9.864,5.09766
9.868,5.09766
9.872,5.09766
9.876,5.09766
9.88,5.09766
9.884,5.09766
9.888,5.09766
9.892,5.09766
9.896,5.09766
9.9,5.09766
9.904,5.09766
9.908,5.09766
9.912,5.09766
9.916,5.09766
9.92,5.09766
9.924,5.09766
9.928,5.09766
9.932,5.09766
9.936,5.09766
9.94,5.09766
9.944,5.09766
9.948,5.09766
9.952,5.09766
9.956,5.09766
9.96,5.09766
9.964,5.09766
9.968,5.09766
9.972,5.09766
9.976,5.09766
9.98,5.09766
9.984,5.09766
9.988,5.09766
9.992,5.09766
9.996,5.09766
10,5.09766
10.004,5.09766
10.008,5.09766
10.012,5.09766
10.016,5.09766
10.02,5.09766
10.024,5.09766
10.028,5.09766
10.032,5.09766
10.036,5.09766
10.04,5.09766
10.044,5.09766
10.048,5.09766
10.052,5.09766
10.056,5.09766
10.06,5.09766
10.064,5.27344
10.068,5.27344
10.072,5.27344
10.076,5.27344
10.08,5.27344
10.084,5.27344
10.088,5.27344
10.092,5.27344
10.096,5.27344
10.1,5.27344
10.104,5.27344
10.108,5.27344
10.112,5.27344
10.116,5.27344
10.12,5.27344
10.124,5.09766
10.128,5.09766
10.132,5.09766
10.136,5.09766
10.14,5.09766
10.144,5.09766
10.148,5.09766
10.152,5.09766
10.156,5.09766
10.16,5.09766
10.164,5.09766
10.168,5.09766
10.172,5.09766
10.176,5.09766
10.18,5.09766
10.184,5.09766
10.188,5.09766
10.192,5.09766
10.196,5.09766
10.2,5.09766
10.204,5.09766
10.208,5.09766
10.212,5.09766
10.216,5.09766
10.22,5.09766
10.224,5.09766
10.228,5.09766
10.232,5.09766
10.236,5.09766
10.24,5.09766
10.244,5.09766
10.248,4.92188
10.252,4.92188
10.256,4.92188
10.26,4.92188
10.264,4.92188
10.268,4.92188
10.272,4.92188
10.276,4.92188
10.28,4.92188
10.284,4.92188
10.288,4.92188
10.292,4.92188
10.296,4.92188
10.3,4.92188
10.304,4.92188
10.308,4.92188
10.312,4.92188
10.316,4.92188
10.32,4.92188
10.324,4.92188
10.328,4.92188
10.332,4.92188
10.336,4.92188
10.34,4.92188
10.344,4.92188
10.348,4.92188
10.352,4.92188
10.356,4.92188
10.36,4.92188
10.364,4.92188
10.368,4.92188
10.372,4.92188
10.376,4.92188
10.38,4.92188
10.384,4.92188
10.388,4.92188
10.392,4.92188
10.396,4.92188
10.4,4.92188
10.404,4.92188
10.408,4.92188
10.412,4.92188
10.416,4.92188
10.42,4.92188
10.424,4.92188
10.428,4.92188
10.432,4.92188
10.436,4.92188
10.44,4.92188
10.444,4.92188
10.448,4.92188
10.452,4.92188
10.456,4.92188
10.46,4.92188
10.464,4.92188
10.468,4.92188
10.472,4.92188
10.476,4.92188
10.48,4.92188
10.484,4.92188
10.488,4.92188
10.492,4.92188
10.496,4.92188
10.5,4.92188
10.504,4.92188
10.508,4.92188
10.512,4.92188
10.516,4.92188
10.52,4.92188
10.524,4.92188
10.528,4.92188
10.532,4.92188
10.536,4.92188
10.54,4.92188
10.544,4.92188
10.548,4.92188
10.552,4.92188
10.556,4.92188
10.56,4.92188
10.564,4.92188
10.568,4.92188
10.572,4.92188
10.576,4.92188
10.58,4.92188
10.584,4.92188
10.588,4.92188
10.592,4.92188
10.596,4.92188
10.6,4.92188
10.604,4.92188
10.608,4.92188
10.612,4.92188
10.616,4.92188
10.62,4.92188
10.624,4.92188
10.628,4.92188
10.632,4.92188
10.636,4.92188
10.64,4.92188
10.644,4.92188
10.648,4.92188
10.652,4.92188
10.656,4.92188
10.66,4.92188
10.664,4.92188
10.668,4.92188
10.672,4.92188
10.676,4.92188
10.68,4.92188
10.684,4.92188
10.688,4.92188
10.692,4.92188
10.696,4.92188
10.7,4.92188
10.704,4.92188
10.708,4.92188
10.712,4.92188
10.716,4.92188
10.72,4.92188
10.724,4.92188
10.728,4.92188
10.732,4.92188
10.736,4.92188
10.74,4.92188
10.744,4.92188
10.748,4.92188
10.752,4.92188
10.756,4.92188
10.76,4.92188
10.764,4.92188
10.768,4.92188
10.772,4.92188
10.776,4.92188
10.78,4.92188
10.784,4.92188
10.788,4.92188
10.792,4.92188
10.796,4.92188
10.8,4.92188
10.804,4.92188
10.808,4.92188
10.812,4.92188
10.816,4.92188
10.82,4.92188
10.824,4.92188
10.828,4.92188
10.832,4.92188
10.836,4.92188
10.84,4.92188
10.844,4.92188
10.848,4.92188
10.852,4.92188
10.856,4.92188
10.86,4.92188
10.864,4.92188
10.868,4.92188
10.872,4.92188
10.876,4.92188
10.88,4.92188
10.884,4.92188
10.888,4.92188
10.892,4.92188
10.896,4.92188
10.9,4.92188
10.904,4.92188
10.908,4.92188
10.912,4.92188
10.916,4.92188
10.92,4.92188
10.924,4.92188
10.928,4.92188
10.932,4.92188
10.936,4.92188
10.94,4.92188
10.944,4.92188
10.948,4.92188
10.952,4.92188
10.956,4.92188
10.96,4.92188
10.964,4.92188
10.968,4.92188
10.972,4.92188
10.976,4.92188
10.98,4.92188
10.984,4.92188
10.988,4.92188
10.992,4.92188
10.996,4.92188
11,4.92188
11.004,4.92188
11.008,4.74609
11.012,4.74609
11.016,4.74609
11.02,4.57031
11.024,4.57031
11.028,4.39453
11.032,4.39453
11.036,4.21875
11.04,4.04297
11.044,4.04297
11.048,3.86719
11.052,3.69141
11.056,3.51562
11.06,3.33984
11.064,3.16406
11.068,2.98828
11.072,2.8125
11.076,2.63672
11.08,2.46094
11.084,2.28516
11.088,2.10938
11.092,1.93359
11.096,1.75781
11.1,1.58203
11.104,1.23047
11.108,1.05469
11.112,0.878906
11.116,0.527344
11.12,0.351562
11.124,0.175781
11.128,0
11.132,-0.351562
11.136,-0.527344
11.14,-0.703125
11.144,-1.05469
11.148,-1.23047
11.152,-1.40625
11.156,-1.58203
11.16,-1.93359
11.164,-2.10938
11.168,-2.28516
11.172,-2.46094
11.176,-2.63672
11.18,-2.8125
11.184,-2.98828
11.188,-3.16406
11.192,-3.33984
11.196,-3.51562
11.2,-3.69141
11.204,-3.86719
11.208,-4.04297
11.212,-4.21875
11.216,-4.21875
11.22,-4.39453
11.224,-4.57031
11.228,-4.57031
11.232,-4.74609
11.236,-4.92188
11.24,-4.92188
11.244,-5.09766
11.248,-5.09766
11.252,-5.09766
11.256,-5.27344
11.26,-5.27344
11.264,-5.27344
11.268,-5.27344
11.272,-5.27344
11.276,-5.27344
11.28,-5.27344
11.284,-5.27344
11.288,-5.27344
11.292,-5.27344
11.296,-5.09766
11.3,-5.09766
11.304,-5.09766
11.308,-4.92188
11.312,-4.92188
11.316,-4.74609
11.32,-4.74609
11.324,-4.57031
11.328,-4.39453
11.332,-4.39453
11.336,-4.21875
11.34,-4.04297
11.344,-3.86719
11.348,-3.69141
11.352,-3.51562
11.356,-3.33984
11.36,-3.33984
11.364,-3.16406
11.368,-2.98828
11.372,-2.8125
11.376,-2.63672
11.38,-2.46094
11.384,-2.28516
11.388,-1.93359
11.392,-1.75781
11.396,-1.58203
11.4,-1.40625
11.404,-1.23047
11.408,-1.05469
11.412,-0.703125
11.416,-0.527344
11.42,-0.351562
11.424,-0.175781
11.428,0.175781
11.432,0.351562
11.436,0.527344
11.44,0.878906
11.444,1.05469
11.448,1.23047
11.452,1.40625
11.456,1.75781
11.46,1.93359
11.464,2.10938
11.468,2.28516
11.472,2.46094
11.476,2.63672
11.48,2.8125
11.484,2.98828
11.488,3.16406
11.492,3.33984
11.496,3.51562
11.5,3.69141
11.504,3.69141
11.508,3.86719
11.512,4.04297
11.516,4.21875
11.52,4.21875
11.524,4.39453
11.528,4.39453
11.532,4.57031
11.536,4.57031
11.54,4.74609
11.544,4.74609
11.548,4.74609
11.552,4.74609
11.556,4.92188
11.56,4.92188
11.564,4.92188
11.568,4.92188
11.572,4.92188
11.576,4.92188
11.58,4.92188
11.584,4.74609
11.588,4.74609
11.592,4.74609
11.596,4.74609
11.6,4.57031
11.604,4.57031
11.608,4.39453
11.612,4.21875
11.616,4.21875
11.62,4.04297
11.624,3.86719
11.628,3.69141
11.632,3.69141
11.636,3.51562
11.64,3.33984
11.644,3.16406
11.648,2.98828
11.652,2.8125
11.656,2.63672
11.66,2.46094
11.664,2.28516
11.668,1.93359
11.672,1.75781
11.676,1.58203
11.68,1.40625
11.684,1.23047
11.688,0.878906
11.692,0.703125
11.696,0.527344
11.7,0.351562
11.704,0
11.708,-0.175781
11.712,-0.351562
11.716,-0.527344
11.72,-0.878906
11.724,-1.05469
11.728,-1.23047
11.732,-1.40625
11.736,-1.75781
11.74,-1.93359
11.744,-2.10938
11.748,-2.28516
11.752,-2.46094
11.756,-2.8125
11.76,-2.98828
11.764,-3.16406
11.768,-3.33984
11.772,-3.51562
11.776,-3.69141
11.78,-3.86719
11.784,-4.04297
11.788,-4.21875
11.792,-4.21875
11.796,-4.39453
11.8,-4.57031
11.804,-4.57031
11.808,-4.74609
11.812,-4.92188
11.816,-4.92188
11.82,-5.09766
11.824,-5.09766
11.828,-5.09766
11.832,-5.27344
11.836,-5.27344
11.84,-5.27344
11.844,-5.27344
11.848,-5.27344
11.852,-5.27344
11.856,-5.27344
11.86,-5.27344
11.864,-5.27344
11.868,-5.27344
11.872,-5.09766
11.876,-5.09766
11.88,-5.09766
11.884,-4.92188
11.888,-4.92188
11.892,-4.74609
11.896,-4.74609
11.9,-4.57031
11.904,-4.39453
11.908,-4.39453
11.912,-4.21875
11.916,-4.04297
11.92,-3.86719
11.924,-3.69141
11.928,-3.51562
11.932,-3.33984
11.936,-3.16406
11.94,-2.98828
11.944,-2.8125
11.948,-2.63672
11.952,-2.46094
11.956,-2.28516
11.96,-2.10938
11.964,-1.93359
11.968,-1.75781
11.972,-1.40625
11.976,-1.23047
11.98,-1.05469
11.984,-0.878906
11.988,-0.527344
11.992,-0.351562
11.996,-0.175781
12,0
12.004,0.351562
12.008,0.527344
12.012,0.703125
12.016,0.878906
12.02,1.05469
12.024,1.40625
12.028,1.58203
12.032,1.75781
12.036,1.93359
12.04,2.10938
12.044,2.28516
12.048,2.46094
12.052,2.63672
12.056,2.8125
12.06,2.98828
12.064,3.16406
12.068,3.33984
12.072,3.33984
12.076,3.51562
12.08,3.69141
12.084,3.86719
12.088,3.86719
12.092,4.04297
12.096,4.21875
12.1,4.21875
12.104,4.39453
12.108,4.39453
12.112,4.39453
12.116,4.57031
12.12,4.57031
12.124,4.57031
12.128,4.57031
12.132,4.57031
12.136,4.57031
12.14,4.57031
12.144,4.57031
12.148,4.57031
12.152,4.57031
12.156,4.57031
12.16,4.57031
12.164,4.39453
12.168,4.39453
12.172,4.39453
12.176,4.21875
12.18,4.21875
12.184,4.04297
12.188,3.86719
12.192,3.86719
12.196,3.69141
12.2,3.51562
12.204,3.51562
12.208,3.33984
12.212,3.16406
12.216,2.98828
12.22,2.8125
12.224,2.63672
12.228,2.46094
12.232,2.28516
12.236,2.10938
12.24,1.93359
12.244,1.75781
12.248,1.58203
12.252,1.40625
12.256,1.23047
12.26,0.878906
12.264,0.703125
12.268,0.527344
12.272,0.351562
12.276,0.175781
12.28,-0.175781
12.284,-0.351562
12.288,-0.527344
12.292,-0.703125
12.296,-0.878906
12.3,-1.05469
12.304,-1.40625
12.308,-1.58203
12.312,-1.75781
12.316,-1.93359
12.32,-2.10938
12.324,-2.28516
12.328,-2.46094
12.332,-2.63672
12.336,-2.8125
12.34,-2.98828
12.344,-3.16406
12.348,-3.33984
12.352,-3.51562
12.356,-3.69141
12.36,-3.69141
12.364,-3.86719
12.368,-4.04297
12.372,-4.21875
12.376,-4.21875
12.38,-4.39453
12.384,-4.39453
12.388,-4.57031
12.392,-4.57031
12.396,-4.74609
12.4,-4.74609
12.404,-4.92188
12.408,-4.92188
12.412,-4.92188
12.416,-4.92188
12.42,-4.92188
12.424,-4.92188
12.428,-4.92188
12.432,-4.92188
12.436,-4.92188
12.44,-4.92188
12.444,-4.92188
12.448,-4.92188
12.452,-4.74609
12.456,-4.74609
12.46,-4.74609
12.464,-4.57031
12.468,-4.57031
12.472,-4.39453
12.476,-4.39453
12.48,-4.21875
12.484,-4.04297
12.488,-4.04297
12.492,-3.86719
12.496,-3.69141
12.5,-3.51562
12.504,-3.33984
12.508,-3.16406
12.512,-2.98828
12.516,-2.98828
12.52,-2.63672
12.524,-2.46094
12.528,-2.28516
12.532,-2.10938
12.536,-1.93359
12.54,-1.75781
12.544,-1.58203
12.548,-1.40625
12.552,-1.23047
12.556,-1.05469
12.56,-0.703125
12.564,-0.527344
12.568,-0.351562
12.572,-0.175781
12.576,0
12.58,0.175781
12.584,0.527344
12.588,0.703125
12.592,0.878906
12.596,1.05469
12.6,1.23047
12.604,1.40625
12.608,1.58203
12.612,1.75781
12.616,1.93359
12.62,2.10938
12.624,2.28516
12.628,2.46094
12.632,2.63672
12.636,2.8125
12.64,2.98828
12.644,3.16406
12.648,3.33984
12.652,3.33984
12.656,3.51562
12.66,3.69141
12.664,3.69141
12.668,3.86719
12.672,4.04297
12.676,4.04297
12.68,4.04297
12.684,4.21875
12.688,4.21875
12.692,4.21875
12.696,4.39453
12.7,4.39453
12.704,4.39453
12.708,4.39453
12.712,4.39453
12.716,4.39453
12.72,4.39453
12.724,4.39453
12.728,4.39453
12.732,4.21875
12.736,4.21875
12.74,4.21875
12.744,4.04297
12.748,4.04297
12.752,4.04297
12.756,3.86719
12.76,3.86719
12.764,3.69141
12.768,3.51562
12.772,3.51562
12.776,3.33984
12.78,3.16406
12.784,3.16406
12.788,2.98828
12.792,2.8125
12.796,2.63672
12.8,2.46094
12.804,2.28516
12.808,2.10938
12.812,1.93359
12.816,1.75781
12.82,1.58203
12.824,1.40625
12.828,1.23047
12.832,1.05469
12.836,0.878906
12.84,0.703125
12.844,0.351562
12.848,0.175781
12.852,0
12.856,-0.175781
12.86,-0.351562
12.864,-0.527344
12.868,-0.878906
12.872,-1.05469
12.876,-1.23047
12.88,-1.40625
12.884,-1.58203
12.888,-1.75781
12.892,-1.93359
12.896,-2.10938
12.9,-2.28516
12.904,-2.46094
12.908,-2.63672
12.912,-2.8125
12.916,-2.98828
12.92,-3.16406
12.924,-3.33984
12.928,-3.33984
12.932,-3.51562
12.936,-3.69141
12.94,-3.86719
12.944,-3.86719
12.948,-4.04297
12.952,-4.21875
12.956,-4.21875
12.96,-4.39453
12.964,-4.39453
12.968,-4.57031
12.972,-4.57031
12.976,-4.57031
12.98,-4.74609
12.984,-4.74609
12.988,-4.74609
12.992,-4.74609
12.996,-4.74609
13,-4.74609
13.004,-4.74609
13.008,-4.74609
13.012,-4.74609
13.016,-4.74609
13.02,-4.74609
13.024,-4.74609
13.028,-4.74609
13.032,-4.57031
13.036,-4.57031
13.04,-4.39453
13.044,-4.39453
13.048,-4.21875
13.052,-4.21875
13.056,-4.04297
13.06,-4.04297
13.064,-3.86719
13.068,-3.69141
13.072,-3.51562
13.076,-3.33984
13.08,-3.33984
13.084,-3.16406
13.088,-2.98828
13.092,-2.8125
13.096,-2.63672
13.1,-2.46094
13.104,-2.28516
13.108,-2.10938
13.112,-1.93359
13.116,-1.75781
13.12,-1.58203
13.124,-1.40625
13.128,-1.23047
13.132,-1.05469
13.136,-0.878906
13.14,-0.527344
13.144,-0.351562
13.148,-0.175781
13.152,0
13.156,0.175781
13.16,0.527344
13.164,0.703125
13.168,0.878906
13.172,1.05469
13.176,1.23047
13.18,1.40625
13.184,1.58203
13.188,1.93359
13.192,2.10938
13.196,2.28516
13.2,2.46094
13.204,2.63672
13.208,2.63672
13.212,2.8125
13.216,2.98828
13.22,3.16406
13.224,3.33984
13.228,3.51562
13.232,3.51562
13.236,3.69141
13.24,3.69141
13.244,3.86719
13.248,4.04297
13.252,4.04297
13.256,4.04297
13.26,4.21875
13.264,4.21875
13.268,4.21875
13.272,4.39453
13.276,4.39453
13.28,4.39453
13.284,4.39453
13.288,4.39453
13.292,4.39453
13.296,4.39453
13.3,4.39453
13.304,4.39453
13.308,4.39453
13.312,4.39453
13.316,4.21875
13.32,4.21875
13.324,4.04297
13.328,4.04297
13.332,4.04297
13.336,3.86719
13.34,3.69141
13.344,3.69141
13.348,3.51562
13.352,3.33984
13.356,3.16406
13.36,2.98828
13.364,2.98828
13.368,2.8125
13.372,2.63672
13.376,2.46094
13.38,2.28516
13.384,2.10938
13.388,1.93359
13.392,1.75781
13.396,1.58203
13.4,1.40625
13.404,1.23047
13.408,0.878906
13.412,0.703125
13.416,0.527344
13.42,0.351562
13.424,0.175781
13.428,0
13.432,-0.175781
13.436,-0.351562
13.44,-0.703125
13.444,-0.878906
13.448,-1.05469
13.452,-1.23047
13.456,-1.40625
13.46,-1.58203
13.464,-1.75781
13.468,-1.93359
13.472,-2.10938
13.476,-2.28516
13.48,-2.46094
13.484,-2.63672
13.488,-2.8125
13.492,-2.98828
13.496,-3.16406
13.5,-3.33984
13.504,-3.51562
13.508,-3.69141
13.512,-3.69141
13.516,-3.86719
13.52,-4.04297
13.524,-4.04297
13.528,-4.21875
13.532,-4.39453
13.536,-4.39453
13.54,-4.57031
13.544,-4.57031
13.548,-4.57031
13.552,-4.74609
13.556,-4.74609
13.56,-4.74609
13.564,-4.74609
13.568,-4.74609
13.572,-4.74609
13.576,-4.74609
13.58,-4.74609
13.584,-4.74609
13.588,-4.74609
13.592,-4.74609
13.596,-4.74609
13.6,-4.57031
13.604,-4.57031
13.608,-4.57031
13.612,-4.39453
13.616,-4.39453
13.62,-4.21875
13.624,-4.21875
13.628,-4.04297
13.632,-3.86719
13.636,-3.86719
13.64,-3.69141
13.644,-3.51562
13.648,-3.33984
13.652,-3.33984
13.656,-3.16406
13.66,-2.98828
13.664,-2.8125
13.668,-2.63672
13.672,-2.46094
13.676,-2.28516
13.68,-2.10938
13.684,-1.93359
13.688,-1.75781
13.692,-1.58203
13.696,-1.40625
13.7,-1.05469
13.704,-0.878906
13.708,-0.703125
13.712,-0.527344
13.716,-0.351562
13.72,-0.175781
13.724,0.175781
13.728,0.351562
13.732,0.527344
13.736,0.703125
13.74,0.878906
13.744,1.05469
13.748,1.23047
13.752,1.40625
13.756,1.58203
13.76,1.93359
13.764,1.93359
13.768,2.10938
13.772,2.28516
13.776,2.46094
13.78,2.63672
13.784,2.8125
13.788,2.98828
13.792,3.16406
13.796,3.33984
13.8,3.33984
13.804,3.51562
13.808,3.69141
13.812,3.69141
13.816,3.86719
13.82,3.86719
13.824,4.04297
13.828,4.04297
13.832,4.04297
13.836,4.21875
13.84,4.21875
13.844,4.21875
13.848,4.21875
13.852,4.21875
13.856,4.21875
13.86,4.21875
13.864,4.21875
13.868,4.21875
13.872,4.21875
13.876,4.21875
13.88,4.21875
13.884,4.21875
13.888,4.04297
13.892,4.04297
13.896,4.04297
13.9,3.86719
13.904,3.86719
13.908,3.69141
13.912,3.69141
13.916,3.51562
13.92,3.33984
13.924,3.33984
13.928,3.16406
13.932,2.98828
13.936,2.8125
13.94,2.63672
13.944,2.63672
13.948,2.46094
13.952,2.28516
13.956,2.10938
13.96,1.93359
13.964,1.75781
13.968,1.58203
13.972,1.40625
13.976,1.23047
13.98,0.878906
13.984,0.703125
13.988,0.527344
13.992,0.351562
13.996,0.175781
14,0
14.004,-0.175781
14.008,-0.527344
14.012,-0.703125
14.016,-0.878906
14.02,-1.05469
14.024,-1.23047
14.028,-1.40625
14.032,-1.58203
14.036,-1.75781
14.04,-1.93359
14.044,-2.10938
14.048,-2.28516
14.052,-2.46094
14.056,-2.63672
14.06,-2.8125
14.064,-2.98828
14.068,-3.16406
14.072,-3.33984
14.076,-3.33984
14.08,-3.51562
14.084,-3.69141
14.088,-3.86719
14.092,-3.86719
14.096,-4.04297
14.1,-4.04297
14.104,-4.21875
14.108,-4.21875
14.112,-4.39453
14.116,-4.39453
14.12,-4.57031
14.124,-4.57031
14.128,-4.57031
14.132,-4.57031
14.136,-4.57031
14.14,-4.74609
14.144,-4.74609
14.148,-4.74609
14.152,-4.74609
14.156,-4.74609
14.16,-4.57031
14.164,-4.57031
14.168,-4.57031
14.172,-4.57031
14.176,-4.39453
14.18,-4.39453
14.184,-4.39453
14.188,-4.21875
14.192,-4.21875
14.196,-4.04297
14.2,-4.04297
14.204,-3.86719
14.208,-3.69141
14.212,-3.69141
14.216,-3.51562
14.22,-3.33984
14.224,-3.16406
14.228,-2.98828
14.232,-2.98828
14.236,-2.8125
14.24,-2.63672
14.244,-2.46094
14.248,-2.28516
14.252,-2.10938
14.256,-1.93359
14.26,-1.75781
14.264,-1.58203
14.268,-1.23047
14.272,-1.05469
14.276,-0.878906
14.28,-0.703125
14.284,-0.527344
14.288,-0.351562
14.292,-0.175781
14.296,0
14.3,0.175781
14.304,0.351562
14.308,0.527344
14.312,0.878906
14.316,1.05469
14.32,1.23047
14.324,1.40625
14.328,1.58203
14.332,1.75781
14.336,1.93359
14.34,2.10938
14.344,2.10938
14.348,2.28516
14.352,2.46094
14.356,2.63672
14.36,2.8125
14.364,2.98828
14.368,2.98828
14.372,3.16406
14.376,3.33984
14.38,3.33984
14.384,3.51562
14.388,3.69141
14.392,3.69141
14.396,3.69141
14.4,3.86719
14.404,3.86719
14.408,4.04297
14.412,4.04297
14.416,4.04297
14.42,4.04297
14.424,4.04297
14.428,4.04297
14.432,4.04297
14.436,4.04297
14.44,4.04297
14.444,4.04297
14.448,4.04297
14.452,4.04297
14.456,4.04297
14.46,3.86719
14.464,3.86719
14.468,3.86719
14.472,3.69141
14.476,3.69141
14.48,3.51562
14.484,3.51562
14.488,3.33984
14.492,3.33984
14.496,3.16406
14.5,2.98828
14.504,2.98828
14.508,2.8125
14.512,2.63672
14.516,2.46094
14.52,2.28516
14.524,2.10938
14.528,1.93359
14.532,1.75781
14.536,1.58203
14.54,1.40625
14.544,1.23047
14.548,1.05469
14.552,0.878906
14.556,0.703125
14.56,0.527344
14.564,0.351562
14.568,0.175781
14.572,0
14.576,-0.175781
14.58,-0.351562
14.584,-0.527344
14.588,-0.703125
14.592,-0.878906
14.596,-1.05469
14.6,-1.23047
14.604,-1.40625
14.608,-1.58203
14.612,-1.75781
14.616,-1.93359
14.62,-2.10938
14.624,-2.28516
14.628,-2.46094
14.632,-2.63672
14.636,-2.8125
14.64,-2.98828
14.644,-3.16406
14.648,-3.33984
14.652,-3.33984
14.656,-3.51562
14.66,-3.69141
14.664,-3.86719
14.668,-3.86719
14.672,-4.04297
14.676,-4.04297
14.68,-4.21875
14.684,-4.21875
14.688,-4.39453
14.692,-4.39453
14.696,-4.39453
14.7,-4.57031
14.704,-4.57031
14.708,-4.57031
14.712,-4.57031
14.716,-4.57031
14.72,-4.57031
14.724,-4.57031
14.728,-4.57031
14.732,-4.57031
14.736,-4.57031
14.74,-4.39453
14.744,-4.39453
14.748,-4.39453
14.752,-4.39453
14.756,-4.21875
14.76,-4.21875
14.764,-4.04297
14.768,-4.04297
14.772,-3.86719
14.776,-3.86719
14.78,-3.69141
14.784,-3.51562
14.788,-3.51562
14.792,-3.33984
14.796,-3.16406
14.8,-3.16406
14.804,-2.98828
14.808,-2.8125
14.812,-2.63672
14.816,-2.46094
14.82,-2.28516
14.824,-2.10938
14.828,-1.93359
14.832,-1.75781
14.836,-1.58203
14.84,-1.40625
14.844,-1.23047
14.848,-1.05469
14.852,-0.878906
14.856,-0.527344
14.86,-0.351562
14.864,-0.175781
14.868,0
14.872,0.175781
14.876,0.351562
14.88,0.527344
14.884,0.703125
14.888,0.878906
14.892,1.05469
14.896,1.23047
14.9,1.40625
14.904,1.58203
14.908,1.75781
14.912,1.93359
14.916,2.10938
14.92,2.28516
14.924,2.46094
14.928,2.63672
14.932,2.8125
14.936,2.8125
14.94,2.98828
14.944,3.16406
14.948,3.16406
14.952,3.33984
14.956,3.51562
14.96,3.51562
14.964,3.69141
14.968,3.69141
14.972,3.86719
14.976,3.86719
14.98,3.86719
14.984,4.04297
14.988,4.04297
14.992,4.04297
14.996,4.04297
15,4.04297
15.004,4.04297
15.008,4.04297
15.012,4.04297
15.016,4.04297
15.02,4.04297
15.024,4.04297
15.028,4.04297
15.032,3.86719
15.036,3.86719
15.04,3.86719
15.044,3.69141
15.048,3.69141
15.052,3.51562
15.056,3.51562
15.06,3.33984
15.064,3.16406
15.068,3.16406
15.072,2.98828
15.076,2.8125
15.08,2.63672
15.084,2.63672
15.088,2.46094
15.092,2.28516
15.096,2.10938
15.1,1.93359
15.104,1.75781
15.108,1.58203
15.112,1.40625
15.116,1.23047
15.12,1.05469
15.124,0.878906
15.128,0.703125
15.132,0.527344
15.136,0.351562
15.14,0.175781
15.144,0
15.148,-0.175781
15.152,-0.351562
15.156,-0.527344
15.16,-0.703125
15.164,-1.05469
15.168,-1.23047
15.172,-1.40625
15.176,-1.58203
15.18,-1.75781
15.184,-1.93359
15.188,-2.10938
15.192,-2.28516
15.196,-2.46094
15.2,-2.63672
15.204,-2.63672
15.208,-2.8125
15.212,-2.98828
15.216,-3.16406
15.22,-3.33984
15.224,-3.33984
15.228,-3.51562
15.232,-3.69141
15.236,-3.69141
15.24,-3.86719
15.244,-4.04297
15.248,-4.04297
15.252,-4.04297
15.256,-4.21875
15.26,-4.21875
15.264,-4.39453
15.268,-4.39453
15.272,-4.39453
15.276,-4.39453
15.28,-4.57031
15.284,-4.57031
15.288,-4.57031
15.292,-4.57031
15.296,-4.57031
15.3,-4.57031
15.304,-4.57031
15.308,-4.39453
15.312,-4.39453
15.316,-4.39453
15.32,-4.39453
15.324,-4.21875
15.328,-4.21875
15.332,-4.04297
15.336,-4.04297
15.34,-3.86719
15.344,-3.86719
15.348,-3.69141
15.352,-3.51562
15.356,-3.51562
15.36,-3.33984
15.364,-3.16406
15.368,-3.16406
15.372,-2.98828
15.376,-2.8125
15.38,-2.63672
15.384,-2.46094
15.388,-2.28516
15.392,-2.10938
15.396,-1.93359
15.4,-1.75781
15.404,-1.58203
15.408,-1.40625
15.412,-1.23047
15.416,-1.05469
15.42,-0.878906
15.424,-0.703125
15.428,-0.527344
15.432,-0.351562
15.436,-0.175781
15.44,0
15.444,0.175781
15.448,0.351562
15.452,0.527344
15.456,0.703125
15.46,0.878906
15.464,1.05469
15.468,1.23047
15.472,1.40625
15.476,1.58203
15.48,1.75781
15.484,1.93359
15.488,2.10938
15.492,2.28516
15.496,2.46094
15.5,2.63672
15.504,2.63672
15.508,2.8125
15.512,2.98828
15.516,3.16406
15.52,3.16406
15.524,3.33984
15.528,3.33984
15.532,3.51562
15.536,3.51562
15.54,3.69141
15.544,3.69141
15.548,3.86719
15.552,3.86719
15.556,3.86719
15.56,4.04297
15.564,4.04297
15.568,4.04297
15.572,4.04297
15.576,4.04297
15.58,4.04297
15.584,4.04297
15.588,4.04297
15.592,4.04297
15.596,3.86719
15.6,3.86719
15.604,3.86719
15.608,3.69141
15.612,3.69141
15.616,3.69141
15.62,3.51562
15.624,3.51562
15.628,3.33984
15.632,3.33984
15.636,3.16406
15.64,2.98828
15.644,2.98828
15.648,2.8125
15.652,2.63672
15.656,2.46094
15.66,2.46094
15.664,2.28516
15.668,2.10938
15.672,1.93359
15.676,1.75781
15.68,1.58203
15.684,1.40625
15.688,1.23047
15.692,1.05469
15.696,0.878906
15.7,0.703125
15.704,0.527344
15.708,0.351562
15.712,0.175781
15.716,0
15.72,-0.175781
15.724,-0.351562
15.728,-0.527344
15.732,-0.878906
15.736,-1.05469
15.74,-1.23047
15.744,-1.40625
15.748,-1.58203
15.752,-1.75781
15.756,-1.93359
15.76,-2.10938
15.764,-2.28516
15.768,-2.28516
15.772,-2.46094
15.776,-2.63672
15.78,-2.8125
15.784,-2.98828
15.788,-3.16406
15.792,-3.16406
15.796,-3.33984
15.8,-3.51562
15.804,-3.51562
15.808,-3.69141
15.812,-3.86719
15.816,-3.86719
15.82,-3.86719
15.824,-4.04297
15.828,-4.04297
15.832,-4.21875
15.836,-4.21875
15.84,-4.21875
15.844,-4.21875
15.848,-4.39453
15.852,-4.39453
15.856,-4.39453
15.86,-4.39453
15.864,-4.39453
15.868,-4.39453
15.872,-4.39453
15.876,-4.39453
15.88,-4.21875
15.884,-4.21875
15.888,-4.21875
15.892,-4.21875
15.896,-4.04297
15.9,-4.04297
15.904,-4.04297
15.908,-3.86719
15.912,-3.86719
15.916,-3.69141
15.92,-3.69141
15.924,-3.51562
15.928,-3.33984
15.932,-3.33984
15.936,-3.16406
15.94,-2.98828
15.944,-2.8125
15.948,-2.8125
15.952,-2.63672
15.956,-2.46094
15.96,-2.28516
15.964,-2.10938
15.968,-1.93359
15.972,-1.75781
15.976,-1.58203
15.98,-1.40625
15.984,-1.23047
15.988,-1.05469
15.992,-0.878906
15.996,-0.703125
16,-0.527344
16.004,-0.351562
16.008,-0.175781
16.012,0
16.016,0.175781
16.02,0.351562
16.024,0.527344
16.028,0.703125
16.032,0.878906
16.036,1.05469
16.04,1.23047
16.044,1.40625
16.048,1.58203
16.052,1.58203
16.056,1.75781
16.06,1.93359
16.064,2.10938
16.068,2.28516
16.072,2.46094
16.076,2.46094
16.08,2.63672
16.084,2.8125
16.088,2.98828
16.092,2.98828
16.096,3.16406
16.1,3.16406
16.104,3.33984
16.108,3.33984
16.112,3.51562
16.116,3.51562
16.12,3.69141
16.124,3.69141
16.128,3.69141
16.132,3.69141
16.136,3.86719
16.14,3.86719
16.144,3.86719
16.148,3.86719
16.152,3.86719
16.156,3.86719
16.16,3.86719
16.164,3.69141
16.168,3.69141
16.172,3.69141
16.176,3.69141
16.18,3.69141
16.184,3.51562
16.188,3.51562
16.192,3.33984
16.196,3.33984
16.2,3.16406
16.204,3.16406
16.208,2.98828
16.212,2.98828
16.216,2.8125
16.22,2.63672
16.224,2.63672
16.228,2.46094
16.232,2.28516
16.236,2.28516
16.24,2.10938
16.244,1.93359
16.248,1.75781
16.252,1.58203
16.256,1.40625
16.26,1.23047
16.264,1.05469
16.268,0.878906
16.272,0.703125
16.276,0.527344
16.28,0.351562
16.284,0.175781
16.288,0
16.292,-0.175781
16.296,-0.351562
16.3,-0.527344
16.304,-0.703125
16.308,-0.878906
16.312,-1.05469
16.316,-1.23047
16.32,-1.40625
16.324,-1.58203
16.328,-1.75781
16.332,-1.93359
16.336,-1.93359
16.34,-2.10938
16.344,-2.28516
16.348,-2.46094
16.352,-2.63672
16.356,-2.8125
16.36,-2.8125
16.364,-2.98828
16.368,-3.16406
16.372,-3.33984
16.376,-3.33984
16.38,-3.51562
16.384,-3.51562
16.388,-3.69141
16.392,-3.86719
16.396,-3.86719
16.4,-4.04297
16.404,-4.04297
16.408,-4.04297
16.412,-4.21875
16.416,-4.21875
16.42,-4.21875
16.424,-4.21875
16.428,-4.21875
16.432,-4.21875
16.436,-4.21875
16.44,-4.21875
16.444,-4.21875
16.448,-4.21875
16.452,-4.21875
16.456,-4.21875
16.46,-4.04297
16.464,-4.04297
16.468,-4.04297
16.472,-3.86719
16.476,-3.86719
16.48,-3.69141
16.484,-3.69141
16.488,-3.51562
16.492,-3.51562
16.496,-3.33984
16.5,-3.33984
16.504,-3.16406
16.508,-2.98828
16.512,-2.98828
16.516,-2.8125
16.52,-2.63672
16.524,-2.46094
16.528,-2.28516
16.532,-2.10938
16.536,-2.10938
16.54,-1.93359
16.544,-1.75781
16.548,-1.58203
16.552,-1.40625
16.556,-1.23047
16.56,-1.05469
16.564,-0.878906
16.568,-0.703125
16.572,-0.527344
16.576,-0.351562
16.58,-0.175781
16.584,0
16.588,0.175781
16.592,0.351562
16.596,0.527344
16.6,0.703125
16.604,0.878906
16.608,1.05469
16.612,1.23047
16.616,1.40625
16.62,1.58203
16.624,1.75781
16.628,1.93359
16.632,1.93359
16.636,2.10938
16.64,2.28516
16.644,2.46094
16.648,2.46094
16.652,2.63672
16.656,2.8125
16.66,2.8125
16.664,2.98828
16.668,2.98828
16.672,3.16406
16.676,3.16406
16.68,3.33984
16.684,3.33984
16.688,3.51562
16.692,3.51562
16.696,3.51562
16.7,3.69141
16.704,3.69141
16.708,3.69141
16.712,3.69141
16.716,3.69141
16.72,3.69141
16.724,3.69141
16.728,3.69141
16.732,3.69141
16.736,3.69141
16.74,3.51562
16.744,3.51562
16.748,3.51562
16.752,3.51562
16.756,3.33984
16.76,3.33984
16.764,3.16406
16.768,3.16406
16.772,2.98828
16.776,2.98828
16.78,2.8125
16.784,2.8125
16.788,2.63672
16.792,2.46094
16.796,2.46094
16.8,2.28516
16.804,2.10938
16.808,2.10938
16.812,1.93359
16.816,1.75781
16.82,1.58203
16.824,1.40625
16.828,1.23047
16.832,1.05469
16.836,0.878906
16.84,0.703125
16.844,0.527344
16.848,0.527344
16.852,0.175781
16.856,0
16.86,-0.175781
16.864,-0.351562
16.868,-0.527344
16.872,-0.703125
16.876,-0.878906
16.88,-1.05469
16.884,-1.23047
16.888,-1.23047
16.892,-1.40625
16.896,-1.58203
16.9,-1.75781
16.904,-1.93359
16.908,-2.10938
16.912,-2.28516
16.916,-2.46094
16.92,-2.46094
16.924,-2.63672
16.928,-2.8125
16.932,-2.98828
16.936,-2.98828
16.94,-3.16406
16.944,-3.16406
16.948,-3.33984
16.952,-3.51562
16.956,-3.51562
16.96,-3.69141
16.964,-3.69141
16.968,-3.69141
16.972,-3.86719
16.976,-3.86719
16.98,-3.86719
16.984,-4.04297
16.988,-4.04297
16.992,-4.04297
16.996,-4.04297
17,-4.04297
17.004,-4.04297
17.008,-4.04297
17.012,-4.04297
17.016,-4.04297
17.02,-4.04297
17.024,-4.04297
17.028,-4.04297
17.032,-4.04297
17.036,-3.86719
17.04,-3.86719
17.044,-3.86719
17.048,-3.69141
17.052,-3.69141
17.056,-3.51562
17.06,-3.51562
17.064,-3.33984
17.068,-3.16406
17.072,-3.16406
17.076,-2.98828
17.08,-2.98828
17.084,-2.8125
17.088,-2.63672
17.092,-2.46094
17.096,-2.28516
17.1,-2.28516
17.104,-2.10938
17.108,-1.93359
17.112,-1.75781
17.116,-1.58203
17.12,-1.40625
17.124,-1.23047
17.128,-1.23047
17.132,-1.05469
17.136,-0.878906
17.14,-0.703125
17.144,-0.527344
17.148,-0.351562
17.152,-0.175781
17.156,0
17.16,0.175781
17.164,0.351562
17.168,0.527344
17.172,0.703125
17.176,0.878906
17.18,1.05469
17.184,1.23047
17.188,1.40625
17.192,1.58203
17.196,1.75781
17.2,1.75781
17.204,1.93359
17.208,2.10938
17.212,2.28516
17.216,2.28516
17.22,2.46094
17.224,2.63672
17.228,2.63672
17.232,2.8125
17.236,2.8125
17.24,2.98828
17.244,2.98828
17.248,3.16406
17.252,3.16406
17.256,3.33984
17.26,3.33984
17.264,3.33984
17.268,3.51562
17.272,3.51562
17.276,3.51562
17.28,3.51562
17.284,3.51562
17.288,3.51562
17.292,3.51562
17.296,3.51562
17.3,3.51562
17.304,3.51562
17.308,3.51562
17.312,3.51562
17.316,3.51562
17.32,3.33984
17.324,3.33984
17.328,3.33984
17.332,3.16406
17.336,3.16406
17.34,2.98828
17.344,2.98828
17.348,2.8125
17.352,2.8125
17.356,2.63672
17.36,2.63672
17.364,2.46094
17.368,2.28516
17.372,2.28516
17.376,2.10938
17.38,1.93359
17.384,1.75781
17.388,1.58203
17.392,1.58203
17.396,1.40625
17.4,1.23047
17.404,1.05469
17.408,0.878906
17.412,0.703125
17.416,0.527344
17.42,0.351562
17.424,0.175781
17.428,0
17.432,-0.175781
17.436,-0.351562
17.44,-0.527344
17.444,-0.527344
17.448,-0.703125
17.452,-0.878906
17.456,-1.05469
17.46,-1.23047
17.464,-1.40625
17.468,-1.58203
17.472,-1.75781
17.476,-1.93359
17.48,-1.93359
17.484,-2.10938
17.488,-2.28516
17.492,-2.46094
17.496,-2.63672
17.5,-2.63672
17.504,-2.8125
17.508,-2.98828
17.512,-2.98828
17.516,-3.16406
17.52,-3.33984
17.524,-3.33984
17.528,-3.51562
17.532,-3.51562
17.536,-3.51562
17.54,-3.69141
17.544,-3.69141
17.548,-3.69141
17.552,-3.86719
17.556,-3.86719
17.56,-3.86719
17.564,-3.86719
17.568,-3.86719
17.572,-4.04297
17.576,-4.04297
17.58,-4.04297
17.584,-4.04297
17.588,-3.86719
17.592,-3.86719
17.596,-3.86719
17.6,-3.86719
17.604,-3.86719
17.608,-3.69141
17.612,-3.69141
17.616,-3.69141
17.62,-3.51562
17.624,-3.51562
17.628,-3.33984
17.632,-3.33984
17.636,-3.16406
17.64,-3.16406
17.644,-2.98828
17.648,-2.8125
17.652,-2.8125
17.656,-2.63672
17.66,-2.46094
17.664,-2.46094
17.668,-2.28516
17.672,-2.10938
17.676,-1.93359
17.68,-1.75781
17.684,-1.75781
17.688,-1.58203
17.692,-1.40625
17.696,-1.23047
17.7,-1.05469
17.704,-0.878906
17.708,-0.703125
17.712,-0.527344
17.716,-0.351562
17.72,-0.175781
17.724,-0.175781
17.728,0
17.732,0.175781
17.736,0.351562
17.74,0.527344
17.744,0.703125
17.748,0.878906
17.752,1.05469
17.756,1.23047
17.76,1.23047
17.764,1.40625
17.768,1.58203
17.772,1.75781
17.776,1.93359
17.78,1.93359
17.784,2.10938
17.788,2.28516
17.792,2.28516
17.796,2.46094
17.8,2.63672
17.804,2.63672
17.808,2.8125
17.812,2.8125
17.816,2.98828
17.82,2.98828
17.824,3.16406
17.828,3.16406
17.832,3.33984
17.836,3.33984
17.84,3.33984
17.844,3.33984
17.848,3.33984
17.852,3.51562
17.856,3.51562
17.86,3.51562
17.864,3.51562
17.868,3.51562
17.872,3.51562
17.876,3.33984
17.88,3.33984
17.884,3.33984
17.888,3.33984
17.892,3.16406
17.896,3.16406
17.9,3.16406
17.904,2.98828
17.908,2.98828
17.912,2.8125
17.916,2.8125
17.92,2.63672
17.924,2.63672
17.928,2.46094
17.932,2.46094
17.936,2.28516
17.94,2.10938
17.944,2.10938
17.948,1.93359
17.952,1.75781
17.956,1.75781
17.96,1.58203
17.964,1.40625
17.968,1.23047
17.972,1.05469
17.976,1.05469
17.98,0.878906
17.984,0.703125
17.988,0.527344
17.992,0.351562
17.996,0.175781
18,0
18.004,-0.175781
18.008,-0.351562
18.012,-0.527344
18.016,-0.703125
18.02,-0.703125
18.024,-0.878906
18.028,-1.05469
18.032,-1.23047
18.036,-1.40625
18.04,-1.58203
18.044,-1.75781
18.048,-1.93359
18.052,-1.93359
18.056,-2.10938
18.06,-2.28516
18.064,-2.46094
18.068,-2.46094
18.072,-2.63672
18.076,-2.8125
18.08,-2.8125
18.084,-2.98828
18.088,-2.98828
18.092,-3.16406
18.096,-3.16406
18.1,-3.33984
18.104,-3.33984
18.108,-3.51562
18.112,-3.51562
18.116,-3.51562
18.12,-3.69141
18.124,-3.69141
18.128,-3.69141
18.132,-3.69141
18.136,-3.69141
18.14,-3.86719
18.144,-3.86719
18.148,-3.86719
18.152,-3.86719
18.156,-3.86719
18.16,-3.86719
18.164,-3.69141
18.168,-3.69141
18.172,-3.69141
18.176,-3.69141
18.18,-3.69141
18.184,-3.51562
18.188,-3.51562
18.192,-3.33984
18.196,-3.33984
18.2,-3.16406
18.204,-3.16406
18.208,-2.98828
18.212,-2.98828
18.216,-2.8125
18.22,-2.63672
18.224,-2.63672
18.228,-2.46094
18.232,-2.28516
18.236,-2.28516
18.24,-2.10938
18.244,-1.93359
18.248,-1.75781
18.252,-1.75781
18.256,-1.58203
18.26,-1.40625
18.264,-1.23047
18.268,-1.05469
18.272,-1.05469
18.276,-0.878906
18.28,-0.703125
18.284,-0.527344
18.288,-0.351562
18.292,-0.175781
18.296,0
18.3,0.175781
18.304,0.351562
18.308,0.351562
18.312,0.527344
18.316,0.703125
18.32,0.878906
18.324,1.05469
18.328,1.23047
18.332,1.40625
18.336,1.40625
18.34,1.58203
18.344,1.75781
18.348,1.93359
18.352,1.93359
18.356,2.10938
18.36,2.28516
18.364,2.28516
18.368,2.46094
18.372,2.46094
18.376,2.63672
18.38,2.63672
18.384,2.8125
18.388,2.8125
18.392,2.98828
18.396,2.98828
18.4,2.98828
18.404,3.16406
18.408,3.16406
18.412,3.16406
18.416,3.16406
18.42,3.16406
18.424,3.33984
18.428,3.33984
18.432,3.33984
18.436,3.33984
18.44,3.33984
18.444,3.33984
18.448,3.33984
18.452,3.33984
18.456,3.16406
18.46,3.16406
18.464,3.16406
18.468,3.16406
18.472,2.98828
18.476,2.98828
18.48,2.8125
18.484,2.8125
18.488,2.63672
18.492,2.63672
18.496,2.46094
18.5,2.46094
18.504,2.28516
18.508,2.10938
18.512,2.10938
18.516,1.93359
18.52,1.75781
18.524,1.58203
18.528,1.58203
18.532,1.40625
18.536,1.23047
18.54,1.05469
18.544,1.05469
18.548,0.878906
18.552,0.703125
18.556,0.527344
18.56,0.351562
18.564,0.351562
18.568,0.175781
18.572,0
18.576,-0.175781
18.58,-0.351562
18.584,-0.527344
18.588,-0.703125
18.592,-0.878906
18.596,-0.878906
18.6,-1.05469
18.604,-1.23047
18.608,-1.40625
18.612,-1.58203
18.616,-1.75781
18.62,-1.93359
18.624,-1.93359
18.628,-2.10938
18.632,-2.28516
18.636,-2.46094
18.64,-2.46094
18.644,-2.63672
18.648,-2.63672
18.652,-2.8125
18.656,-2.98828
18.66,-2.98828
18.664,-2.98828
18.668,-3.16406
18.672,-3.16406
18.676,-3.33984
18.68,-3.33984
18.684,-3.33984
18.688,-3.51562
18.692,-3.51562
18.696,-3.51562
18.7,-3.51562
18.704,-3.51562
18.708,-3.69141
18.712,-3.69141
18.716,-3.69141
18.72,-3.69141
18.724,-3.69141
18.728,-3.69141
18.732,-3.69141
18.736,-3.69141
18.74,-3.69141
18.744,-3.51562
18.748,-3.51562
18.752,-3.51562
18.756,-3.51562
18.76,-3.33984
18.764,-3.33984
18.768,-3.16406
18.772,-3.16406
18.776,-2.98828
18.78,-2.98828
18.784,-2.8125
18.788,-2.8125
18.792,-2.63672
18.796,-2.46094
18.8,-2.46094
18.804,-2.28516
18.808,-2.10938
18.812,-2.10938
18.816,-1.93359
18.82,-1.75781
18.824,-1.58203
18.828,-1.58203
18.832,-1.40625
18.836,-1.23047
18.84,-1.05469
18.844,-0.878906
18.848,-0.878906
18.852,-0.703125
18.856,-0.527344
18.86,-0.351562
18.864,-0.175781
18.868,0
18.872,0.175781
18.876,0.175781
18.88,0.351562
18.884,0.527344
18.888,0.703125
18.892,0.878906
18.896,1.05469
18.9,1.05469
18.904,1.23047
18.908,1.40625
18.912,1.58203
18.916,1.58203
18.92,1.75781
18.924,1.93359
18.928,2.10938
18.932,2.10938
18.936,2.28516
18.94,2.28516
18.944,2.46094
18.948,2.63672
18.952,2.63672
18.956,2.63672
18.96,2.8125
18.964,2.8125
18.968,2.98828
18.972,2.98828
18.976,2.98828
18.98,2.98828
18.984,3.16406
18.988,3.16406
18.992,3.16406
18.996,3.16406
19,3.16406
19.004,3.16406
19.008,3.16406
19.012,3.16406
19.016,3.16406
19.02,3.16406
19.024,3.16406
19.028,2.98828
19.032,2.98828
19.036,2.98828
19.04,2.98828
19.044,2.8125
19.048,2.8125
19.052,2.8125
19.056,2.63672
19.06,2.63672
19.064,2.46094
19.068,2.46094
19.072,2.28516
19.076,2.28516
19.08,2.10938
19.084,1.93359
19.088,1.93359
19.092,1.75781
19.096,1.58203
19.1,1.58203
19.104,1.40625
19.108,1.23047
19.112,1.05469
19.116,0.878906
19.12,0.878906
19.124,0.703125
19.128,0.527344
19.132,0.351562
19.136,0.175781
19.14,0.175781
19.144,0
19.148,-0.175781
19.152,-0.351562
19.156,-0.527344
19.16,-0.703125
19.164,-0.703125
19.168,-0.878906
19.172,-1.05469
19.176,-1.23047
19.18,-1.40625
19.184,-1.40625
19.188,-1.58203
19.192,-1.75781
19.196,-1.93359
19.2,-1.93359
19.204,-2.10938
19.208,-2.28516
19.212,-2.28516
19.216,-2.46094
19.22,-2.63672
19.224,-2.63672
19.228,-2.8125
19.232,-2.8125
19.236,-2.98828
19.24,-2.98828
19.244,-3.16406
19.248,-3.16406
19.252,-3.33984
19.256,-3.33984
19.26,-3.33984
19.264,-3.51562
19.268,-3.51562
19.272,-3.51562
19.276,-3.51562
19.28,-3.51562
19.284,-3.51562
19.288,-3.51562
19.292,-3.51562
19.296,-3.51562
19.3,-3.51562
19.304,-3.51562
19.308,-3.51562
19.312,-3.51562
19.316,-3.51562
19.32,-3.51562
19.324,-3.33984
19.328,-3.33984
19.332,-3.33984
19.336,-3.16406
19.34,-3.16406
19.344,-2.98828
19.348,-2.98828
19.352,-2.98828
19.356,-2.8125
19.36,-2.63672
19.364,-2.63672
19.368,-2.46094
19.372,-2.46094
19.376,-2.28516
19.38,-2.10938
19.384,-1.93359
19.388,-1.93359
19.392,-1.75781
19.396,-1.58203
19.4,-1.40625
19.404,-1.40625
19.408,-1.23047
19.412,-1.05469
19.416,-0.878906
19.42,-0.703125
19.424,-0.703125
19.428,-0.527344
19.432,-0.351562
19.436,-0.175781
19.44,0
19.444,0.175781
19.448,0.175781
19.452,0.351562
19.456,0.527344
19.46,0.703125
19.464,0.878906
19.468,0.878906
19.472,1.05469
19.476,1.23047
19.48,1.40625
19.484,1.40625
19.488,1.58203
19.492,1.75781
19.496,1.93359
19.5,1.93359
19.504,2.10938
19.508,2.10938
19.512,2.28516
19.516,2.28516
19.52,2.46094
19.524,2.46094
19.528,2.63672
19.532,2.63672
19.536,2.8125
19.54,2.8125
19.544,2.8125
19.548,2.98828
19.552,2.98828
19.556,2.98828
19.56,2.98828
19.564,2.98828
19.568,2.98828
19.572,2.98828
19.576,2.98828
19.58,2.98828
19.584,2.98828
19.588,2.98828
19.592,2.98828
19.596,2.98828
19.6,2.98828
19.604,2.98828
19.608,2.98828
19.612,2.8125
19.616,2.8125
19.62,2.8125
19.624,2.63672
19.628,2.63672
19.632,2.46094
19.636,2.46094
19.64,2.28516
19.644,2.28516
19.648,2.10938
19.652,2.10938
19.656,1.93359
19.66,1.75781
19.664,1.75781
19.668,1.58203
19.672,1.40625
19.676,1.40625
19.68,1.23047
19.684,1.05469
19.688,0.878906
19.692,0.878906
19.696,0.703125
19.7,0.527344
19.704,0.351562
19.708,0.175781
19.712,0.175781
19.716,0
19.72,-0.175781
19.724,-0.351562
19.728,-0.527344
19.732,-0.527344
19.736,-0.703125
19.74,-0.878906
19.744,-1.05469
19.748,-1.23047
19.752,-1.23047
19.756,-1.40625
19.76,-1.58203
19.764,-1.75781
19.768,-1.75781
19.772,-1.93359
19.776,-2.10938
19.78,-2.10938
19.784,-2.28516
19.788,-2.46094
19.792,-2.46094
19.796,-2.63672
19.8,-2.63672
19.804,-2.8125
19.808,-2.8125
19.812,-2.98828
19.816,-2.98828
19.82,-3.16406
19.824,-3.16406
19.828,-3.16406
19.832,-3.33984
19.836,-3.33984
19.84,-3.33984
19.844,-3.33984
19.848,-3.33984
19.852,-3.51562
19.856,-3.51562
19.86,-3.51562
19.864,-3.51562
19.868,-3.51562
19.872,-3.51562
19.876,-3.51562
19.88,-3.51562
19.884,-3.33984
19.888,-3.33984
19.892,-3.33984
19.896,-3.33984
19.9,-3.33984
19.904,-3.16406
19.908,-3.16406
19.912,-2.98828
19.916,-2.98828
19.92,-2.98828
19.924,-2.8125
19.928,-2.8125
19.932,-2.63672
19.936,-2.46094
19.94,-2.46094
19.944,-2.28516
19.948,-2.28516
19.952,-2.10938
19.956,-1.93359
19.96,-1.93359
19.964,-1.75781
19.968,-1.58203
19.972,-1.40625
19.976,-1.40625
19.98,-1.23047
19.984,-1.05469
19.988,-0.878906
19.992,-0.878906
19.996,-0.703125
20,-0.527344
20.004,-0.351562
20.008,-0.175781
20.012,-0.175781
20.016,0
20.02,0.175781
20.024,0.351562
20.028,0.527344
20.032,0.527344
20.036,0.703125
20.04,0.878906
20.044,1.05469
20.048,1.23047
20.052,1.23047
20.056,1.40625
20.06,1.58203
20.064,1.58203
20.068,1.75781
20.072,1.93359
20.076,1.93359
20.08,2.10938
20.084,2.10938
20.088,2.28516
20.092,2.28516
20.096,2.46094
20.1,2.46094
20.104,2.63672
20.108,2.63672
20.112,2.63672
20.116,2.8125
20.12,2.8125
20.124,2.8125
20.128,2.8125
20.132,2.98828
20.136,2.98828
20.14,2.98828
20.144,2.98828
20.148,2.98828
20.152,2.98828
20.156,2.98828
20.16,2.98828
20.164,2.98828
20.168,2.98828
20.172,2.98828
20.176,2.98828
20.18,2.8125
20.184,2.8125
20.188,2.8125
20.192,2.63672
20.196,2.63672
20.2,2.46094
20.204,2.46094
20.208,2.28516
20.212,2.28516
20.216,2.10938
20.22,2.10938
20.224,1.93359
20.228,1.93359
20.232,1.75781
20.236,1.58203
20.24,1.58203
20.244,1.40625
20.248,1.23047
20.252,1.23047
20.256,1.05469
20.26,0.878906
20.264,0.878906
20.268,0.703125
20.272,0.527344
20.276,0.351562
20.28,0.351562
20.284,0.175781
20.288,0
20.292,-0.175781
20.296,-0.351562
20.3,-0.351562
20.304,-0.527344
20.308,-0.703125
20.312,-0.878906
20.316,-1.05469
20.32,-1.05469
20.324,-1.23047
20.328,-1.40625
20.332,-1.58203
20.336,-1.75781
20.34,-1.75781
20.344,-1.93359
20.348,-2.10938
20.352,-2.10938
20.356,-2.28516
20.36,-2.28516
20.364,-2.46094
20.368,-2.46094
20.372,-2.63672
20.376,-2.63672
20.38,-2.8125
20.384,-2.8125
20.388,-2.98828
20.392,-2.98828
20.396,-2.98828
20.4,-3.16406
20.404,-3.16406
20.408,-3.16406
20.412,-3.16406
20.416,-3.33984
20.42,-3.33984
20.424,-3.33984
20.428,-3.33984
20.432,-3.33984
20.436,-3.33984
20.44,-3.33984
20.444,-3.33984
20.448,-3.33984
20.452,-3.33984
20.456,-3.33984
20.46,-3.33984
20.464,-3.33984
20.468,-3.16406
20.472,-3.16406
20.476,-3.16406
20.48,-2.98828
20.484,-2.98828
20.488,-2.8125
20.492,-2.8125
20.496,-2.63672
20.5,-2.63672
20.504,-2.46094
20.508,-2.46094
20.512,-2.28516
20.516,-2.28516
20.52,-2.10938
20.524,-1.93359
20.528,-1.93359
20.532,-1.75781
20.536,-1.58203
20.54,-1.58203
20.544,-1.40625
20.548,-1.23047
20.552,-1.05469
20.556,-1.05469
20.56,-0.878906
20.564,-0.703125
20.568,-0.527344
20.572,-0.527344
20.576,-0.351562
20.58,-0.175781
20.584,0
20.588,0.175781
20.592,0.175781
20.596,0.351562
20.6,0.527344
20.604,0.703125
20.608,0.703125
20.612,0.878906
20.616,1.05469
20.62,1.23047
20.624,1.23047
20.628,1.40625
20.632,1.58203
20.636,1.58203
20.64,1.75781
20.644,1.93359
20.648,1.93359
20.652,2.10938
20.656,2.10938
20.66,2.28516
20.664,2.28516
20.668,2.46094
20.672,2.46094
20.676,2.46094
20.68,2.63672
20.684,2.63672
20.688,2.63672
20.692,2.63672
20.696,2.8125
20.7,2.8125
20.704,2.8125
20.708,2.8125
20.712,2.8125
20.716,2.8125
20.72,2.98828
20.724,2.98828
20.728,2.98828
20.732,2.98828
20.736,2.8125
20.74,2.8125
20.744,2.8125
20.748,2.8125
20.752,2.8125
20.756,2.63672
20.76,2.63672
20.764,2.63672
20.768,2.46094
20.772,2.46094
20.776,2.28516
20.78,2.28516
20.784,2.10938
20.788,2.10938
20.792,1.93359
20.796,1.93359
20.8,1.75781
20.804,1.58203
20.808,1.58203
20.812,1.40625
20.816,1.40625
20.82,1.23047
20.824,1.05469
20.828,1.05469
20.832,0.878906
20.836,0.703125
20.84,0.527344
20.844,0.527344
20.848,0.351562
20.852,0.175781
20.856,0.175781
20.86,0
20.864,-0.175781
20.868,-0.351562
20.872,-0.527344
20.876,-0.527344
20.88,-0.703125
20.884,-0.878906
20.888,-1.05469
20.892,-1.23047
20.896,-1.23047
20.9,-1.40625
20.904,-1.58203
20.908,-1.58203
20.912,-1.75781
20.916,-1.93359
20.92,-1.93359
20.924,-2.10938
20.928,-2.28516
20.932,-2.28516
20.936,-2.46094
20.94,-2.46094
20.944,-2.63672
20.948,-2.63672
20.952,-2.8125
20.956,-2.8125
20.96,-2.98828
20.964,-2.98828
20.968,-2.98828
20.972,-3.16406
20.976,-3.16406
20.98,-3.16406
20.984,-3.16406
20.988,-3.16406
20.992,-3.33984
20.996,-3.33984
21,-3.33984
21.004,-3.33984
21.008,-3.33984
21.012,-3.33984
21.016,-3.33984
21.02,-3.33984
21.024,-3.16406
21.028,-3.16406
21.032,-3.16406
21.036,-3.16406
21.04,-3.16406
21.044,-2.98828
21.048,-2.98828
21.052,-2.98828
21.056,-2.8125
21.06,-2.8125
21.064,-2.63672
21.068,-2.63672
21.072,-2.46094
21.076,-2.46094
21.08,-2.28516
21.084,-2.28516
21.088,-2.10938
21.092,-1.93359
21.096,-1.93359
21.1,-1.75781
21.104,-1.58203
21.108,-1.58203
21.112,-1.40625
21.116,-1.23047
21.12,-1.23047
21.124,-1.05469
21.128,-0.878906
21.132,-0.878906
21.136,-0.703125
21.14,-0.527344
21.144,-0.351562
21.148,-0.351562
21.152,-0.175781
21.156,0
21.16,0.175781
21.164,0.175781
21.168,0.351562
21.172,0.527344
21.176,0.703125
21.18,0.878906
21.184,0.878906
21.188,1.05469
21.192,1.23047
21.196,1.23047
21.2,1.40625
21.204,1.58203
21.208,1.58203
21.212,1.75781
21.216,1.75781
21.22,1.93359
21.224,1.93359
21.228,2.10938
21.232,2.10938
21.236,2.28516
21.24,2.28516
21.244,2.46094
21.248,2.46094
21.252,2.46094
21.256,2.63672
21.26,2.63672
21.264,2.63672
21.268,2.63672
21.272,2.8125
21.276,2.8125
21.28,2.8125
21.284,2.8125
21.288,2.8125
21.292,2.8125
21.296,2.8125
21.3,2.8125
21.304,2.8125
21.308,2.8125
21.312,2.8125
21.316,2.8125
21.32,2.63672
21.324,2.63672
21.328,2.63672
21.332,2.63672
21.336,2.46094
21.34,2.46094
21.344,2.28516
21.348,2.28516
21.352,2.10938
21.356,2.10938
21.36,1.93359
21.364,1.93359
21.368,1.75781
21.372,1.75781
21.376,1.58203
21.38,1.58203
21.384,1.40625
21.388,1.23047
21.392,1.23047
21.396,1.05469
21.4,0.878906
21.404,0.878906
21.408,0.703125
21.412,0.527344
21.416,0.527344
21.42,0.351562
21.424,0.175781
21.428,0
21.432,0
21.436,-0.175781
21.44,-0.351562
21.444,-0.527344
21.448,-0.527344
21.452,-0.703125
21.456,-0.878906
21.46,-1.05469
21.464,-1.05469
21.468,-1.23047
21.472,-1.40625
21.476,-1.40625
21.48,-1.58203
21.484,-1.75781
21.488,-1.75781
21.492,-1.93359
21.496,-2.10938
21.5,-2.10938
21.504,-2.28516
21.508,-2.28516
21.512,-2.46094
21.516,-2.46094
21.52,-2.63672
21.524,-2.63672
21.528,-2.8125
21.532,-2.8125
21.536,-2.8125
21.54,-2.98828
21.544,-2.98828
21.548,-2.98828
21.552,-2.98828
21.556,-2.98828
21.56,-3.16406
21.564,-3.16406
21.568,-3.16406
21.572,-3.16406
21.576,-3.16406
21.58,-3.16406
21.584,-3.16406
21.588,-3.16406
21.592,-3.16406
21.596,-3.16406
21.6,-3.16406
21.604,-3.16406
21.608,-2.98828
21.612,-2.98828
21.616,-2.98828
21.62,-2.98828
21.624,-2.8125
21.628,-2.8125
21.632,-2.63672
21.636,-2.63672
21.64,-2.63672
21.644,-2.46094
21.648,-2.28516
21.652,-2.28516
21.656,-2.10938
21.66,-2.10938
21.664,-1.93359
21.668,-1.93359
21.672,-1.75781
21.676,-1.58203
21.68,-1.58203
21.684,-1.40625
21.688,-1.23047
21.692,-1.23047
21.696,-1.05469
21.7,-0.878906
21.704,-0.878906
21.708,-0.703125
21.712,-0.527344
21.716,-0.351562
21.72,-0.351562
21.724,-0.175781
21.728,0
21.732,0.175781
21.736,0.175781
21.74,0.351562
21.744,0.527344
21.748,0.527344
21.752,0.703125
21.756,0.878906
21.76,1.05469
21.764,1.05469
21.768,1.23047
21.772,1.40625
21.776,1.40625
21.78,1.58203
21.784,1.75781
21.788,1.75781
21.792,1.93359
21.796,1.93359
21.8,2.10938
21.804,2.10938
21.808,2.28516
21.812,2.28516
21.816,2.28516
21.82,2.46094
21.824,2.46094
21.828,2.46094
21.832,2.63672
21.836,2.63672
21.84,2.63672
21.844,2.63672
21.848,2.63672
21.852,2.63672
21.856,2.63672
21.86,2.63672
21.864,2.63672
21.868,2.63672
21.872,2.63672
21.876,2.63672
21.88,2.63672
21.884,2.63672
21.888,2.63672
21.892,2.63672
21.896,2.63672
21.9,2.46094
21.904,2.46094
21.908,2.46094
21.912,2.28516
21.916,2.28516
21.92,2.28516
21.924,2.10938
21.928,2.10938
21.932,1.93359
21.936,1.93359
21.94,1.75781
21.944,1.75781
21.948,1.58203
21.952,1.40625
21.956,1.40625
21.96,1.23047
21.964,1.05469
21.968,1.05469
21.972,0.878906
21.976,0.703125
21.98,0.703125
21.984,0.527344
21.988,0.351562
21.992,0.351562
21.996,0.175781
22,0
22.004,-0.175781
22.008,-0.175781
22.012,-0.351562
22.016,-0.527344
22.02,-0.527344
22.024,-0.703125
22.028,-0.878906
22.032,-0.878906
22.036,-1.05469
22.04,-1.23047
22.044,-1.40625
22.048,-1.40625
22.052,-1.58203
22.056,-1.58203
22.06,-1.75781
22.064,-1.93359
22.068,-1.93359
22.072,-2.10938
22.076,-2.10938
22.08,-2.28516
22.084,-2.28516
22.088,-2.46094
22.092,-2.46094
22.096,-2.63672
22.1,-2.63672
22.104,-2.63672
22.108,-2.8125
22.112,-2.8125
22.116,-2.8125
22.12,-2.98828
22.124,-2.98828
22.128,-2.98828
22.132,-2.98828
22.136,-2.98828
22.14,-2.98828
22.144,-2.98828
22.148,-2.98828
22.152,-2.98828
22.156,-2.98828
22.16,-2.98828
22.164,-2.98828
22.168,-2.98828
22.172,-2.98828
22.176,-2.98828
22.18,-2.98828
22.184,-2.8125
22.188,-2.8125
22.192,-2.8125
22.196,-2.63672
22.2,-2.63672
22.204,-2.63672
22.208,-2.46094
22.212,-2.46094
22.216,-2.28516
22.22,-2.28516
22.224,-2.10938
22.228,-2.10938
22.232,-1.93359
22.236,-1.93359
22.24,-1.75781
22.244,-1.58203
22.248,-1.58203
22.252,-1.40625
22.256,-1.23047
22.26,-1.23047
22.264,-1.05469
22.268,-0.878906
22.272,-0.878906
22.276,-0.703125
22.28,-0.527344
22.284,-0.527344
22.288,-0.351562
22.292,-0.175781
22.296,-0.175781
22.3,0
22.304,0.175781
22.308,0.175781
22.312,0.351562
22.316,0.527344
22.32,0.703125
22.324,0.703125
22.328,0.878906
22.332,0.878906
22.336,1.05469
22.34,1.23047
22.344,1.23047
22.348,1.40625
22.352,1.58203
22.356,1.58203
22.36,1.75781
22.364,1.75781
22.368,1.93359
22.372,1.93359
22.376,2.10938
22.38,2.10938
22.384,2.10938
22.388,2.28516
22.392,2.28516
22.396,2.28516
22.4,2.46094
22.404,2.46094
22.408,2.46094
22.412,2.46094
22.416,2.46094
22.42,2.63672
22.424,2.63672
22.428,2.63672
22.432,2.63672
22.436,2.63672
22.44,2.63672
22.444,2.63672
22.448,2.63672
22.452,2.63672
22.456,2.63672
22.46,2.46094
22.464,2.46094
22.468,2.46094
22.472,2.46094
22.476,2.28516
22.48,2.28516
22.484,2.28516
22.488,2.10938
22.492,2.10938
22.496,2.10938
22.5,1.93359
22.504,1.93359
22.508,1.75781
22.512,1.75781
22.516,1.58203
22.52,1.58203
22.524,1.40625
22.528,1.40625
22.532,1.23047
22.536,1.23047
22.54,1.05469
22.544,0.878906
22.548,0.878906
22.552,0.703125
22.556,0.527344
22.56,0.527344
22.564,0.351562
22.568,0.175781
22.572,0
22.576,0
22.58,-0.175781
22.584,-0.351562
22.588,-0.351562
22.592,-0.527344
22.596,-0.703125
22.6,-0.878906
22.604,-0.878906
22.608,-1.05469
22.612,-1.23047
22.616,-1.23047
22.62,-1.40625
22.624,-1.40625
22.628,-1.58203
22.632,-1.75781
22.636,-1.75781
22.64,-1.93359
22.644,-1.93359
22.648,-2.10938
22.652,-2.10938
22.656,-2.28516
22.66,-2.28516
22.664,-2.46094
22.668,-2.46094
22.672,-2.46094
22.676,-2.63672
22.68,-2.63672
22.684,-2.63672
22.688,-2.8125
22.692,-2.8125
22.696,-2.8125
22.7,-2.8125
22.704,-2.8125
22.708,-2.8125
22.712,-2.98828
22.716,-2.98828
22.72,-2.98828
22.724,-2.98828
22.728,-2.98828
22.732,-2.98828
22.736,-2.98828
22.74,-2.98828
22.744,-2.8125
22.748,-2.8125
22.752,-2.8125
22.756,-2.8125
22.76,-2.63672
22.764,-2.63672
22.768,-2.63672
22.772,-2.63672
22.776,-2.46094
22.78,-2.46094
22.784,-2.28516
22.788,-2.28516
22.792,-2.10938
22.796,-2.10938
22.8,-1.93359
22.804,-1.93359
22.808,-1.75781
22.812,-1.75781
22.816,-1.58203
22.82,-1.40625
22.824,-1.40625
22.828,-1.23047
22.832,-1.23047
22.836,-1.05469
22.84,-0.878906
22.844,-0.878906
22.848,-0.703125
22.852,-0.527344
22.856,-0.527344
22.86,-0.351562
22.864,-0.175781
22.868,-0.175781
22.872,0
22.876,0.175781
22.88,0.351562
22.884,0.351562
22.888,0.527344
22.892,0.527344
22.896,0.703125
22.9,0.878906
22.904,0.878906
22.908,1.05469
22.912,1.23047
22.916,1.23047
22.92,1.40625
22.924,1.40625
22.928,1.58203
22.932,1.58203
22.936,1.75781
22.94,1.75781
22.944,1.93359
22.948,1.93359
22.952,1.93359
22.956,2.10938
22.96,2.10938
22.964,2.10938
22.968,2.28516
22.972,2.28516
22.976,2.28516
22.98,2.28516
22.984,2.46094
22.988,2.46094
22.992,2.46094
22.996,2.46094
23,2.46094
23.004,2.46094
23.008,2.46094
23.012,2.46094
23.016,2.46094
23.02,2.46094
23.024,2.46094
23.028,2.46094
23.032,2.28516
23.036,2.28516
23.04,2.28516
23.044,2.28516
23.048,2.28516
23.052,2.10938
23.056,2.10938
23.06,2.10938
23.064,1.93359
23.068,1.93359
23.072,1.75781
23.076,1.75781
23.08,1.58203
23.084,1.58203
23.088,1.58203
23.092,1.40625
23.096,1.23047
23.1,1.23047
23.104,1.05469
23.108,1.05469
23.112,0.878906
23.116,0.878906
23.12,0.703125
23.124,0.527344
23.128,0.527344
23.132,0.351562
23.136,0.351562
23.14,0.175781
23.144,0
23.148,0
23.152,-0.175781
23.156,-0.351562
23.16,-0.351562
23.164,-0.527344
23.168,-0.703125
23.172,-0.703125
23.176,-0.878906
23.18,-0.878906
23.184,-1.05469
23.188,-1.23047
23.192,-1.23047
23.196,-1.40625
23.2,-1.58203
23.204,-1.58203
23.208,-1.75781
23.212,-1.75781
23.216,-1.93359
23.22,-1.93359
23.224,-2.10938
23.228,-2.10938
23.232,-2.28516
23.236,-2.28516
23.24,-2.28516
23.244,-2.46094
23.248,-2.46094
23.252,-2.46094
23.256,-2.46094
23.26,-2.63672
23.264,-2.63672
23.268,-2.63672
23.272,-2.63672
23.276,-2.63672
23.28,-2.63672
23.284,-2.8125
23.288,-2.8125
23.292,-2.8125
23.296,-2.8125
23.3,-2.8125
23.304,-2.8125
23.308,-2.63672
23.312,-2.63672
23.316,-2.63672
23.32,-2.63672
23.324,-2.63672
23.328,-2.63672
23.332,-2.63672
23.336,-2.46094
23.34,-2.46094
23.344,-2.46094
23.348,-2.28516
23.352,-2.28516
23.356,-2.28516
23.36,-2.10938
23.364,-2.10938
23.368,-1.93359
23.372,-1.93359
23.376,-1.75781
23.38,-1.75781
23.384,-1.58203
23.388,-1.58203
23.392,-1.40625
23.396,-1.23047
23.4,-1.23047
23.404,-1.05469
23.408,-1.05469
23.412,-0.878906
23.416,-0.703125
23.42,-0.703125
23.424,-0.527344
23.428,-0.351562
23.432,-0.351562
23.436,-0.175781
23.44,-0.175781
23.444,0
23.448,0.175781
23.452,0.175781
23.456,0.351562
23.46,0.527344
23.464,0.527344
23.468,0.703125
23.472,0.703125
23.476,0.878906
23.48,1.05469
23.484,1.05469
23.488,1.23047
23.492,1.23047
23.496,1.40625
23.5,1.40625
23.504,1.58203
23.508,1.58203
23.512,1.75781
23.516,1.75781
23.52,1.75781
23.524,1.93359
23.528,1.93359
23.532,1.93359
23.536,2.10938
23.54,2.10938
23.544,2.10938
23.548,2.28516
23.552,2.28516
23.556,2.28516
23.56,2.28516
23.564,2.28516
23.568,2.28516
23.572,2.28516
23.576,2.28516
23.58,2.28516
23.584,2.28516
23.588,2.28516
23.592,2.28516
23.596,2.28516
23.6,2.28516
23.604,2.28516
23.608,2.28516
23.612,2.28516
23.616,2.10938
23.62,2.10938
23.624,2.10938
23.628,1.93359
23.632,1.93359
23.636,1.93359
23.64,1.75781
23.644,1.75781
23.648,1.75781
23.652,1.58203
23.656,1.58203
23.66,1.40625
23.664,1.40625
23.668,1.23047
23.672,1.23047
23.676,1.05469
23.68,1.05469
23.684,0.878906
23.688,0.703125
23.692,0.703125
23.696,0.527344
23.7,0.527344
23.704,0.351562
23.708,0.175781
23.712,0.175781
23.716,0
23.72,-0.175781
23.724,-0.175781
23.728,-0.351562
23.732,-0.527344
23.736,-0.527344
23.74,-0.703125
23.744,-0.703125
23.748,-0.878906
23.752,-1.05469
23.756,-1.05469
23.76,-1.23047
23.764,-1.23047
23.768,-1.40625
23.772,-1.40625
23.776,-1.58203
23.78,-1.58203
23.784,-1.75781
23.788,-1.75781
23.792,-1.93359
23.796,-1.93359
23.8,-1.93359
23.804,-2.10938
23.808,-2.10938
23.812,-2.28516
23.816,-2.28516
23.82,-2.28516
23.824,-2.28516
23.828,-2.46094
23.832,-2.46094
23.836,-2.46094
23.84,-2.46094
23.844,-2.63672
23.848,-2.63672
23.852,-2.63672
23.856,-2.63672
23.86,-2.63672
23.864,-2.63672
23.868,-2.63672
23.872,-2.63672
23.876,-2.63672
23.88,-2.63672
23.884,-2.63672
23.888,-2.46094
23.892,-2.46094
23.896,-2.46094
23.9,-2.46094
23.904,-2.46094
23.908,-2.28516
23.912,-2.28516
23.916,-2.28516
23.92,-2.10938
23.924,-2.10938
23.928,-2.10938
23.932,-1.93359
23.936,-1.93359
23.94,-1.75781
23.944,-1.75781
23.948,-1.58203
23.952,-1.58203
23.956,-1.40625
23.96,-1.40625
23.964,-1.23047
23.968,-1.23047
23.972,-1.05469
23.976,-1.05469
23.98,-0.878906
23.984,-0.878906
23.988,-0.703125
23.992,-0.527344
23.996,-0.527344
24,-0.351562
24.004,-0.351562
24.008,-0.175781
24.012,0
24.016,0
24.02,0.175781
24.024,0.351562
24.028,0.351562
24.032,0.527344
24.036,0.527344
24.04,0.703125
24.044,0.878906
24.048,0.878906
24.052,1.05469
24.056,1.05469
24.06,1.23047
24.064,1.23047
24.068,1.40625
24.072,1.40625
24.076,1.58203
24.08,1.58203
24.084,1.58203
24.088,1.75781
24.092,1.75781
24.096,1.75781
24.1,1.93359
24.104,1.93359
24.108,1.93359
24.112,2.10938
24.116,2.10938
24.12,2.10938
24.124,2.10938
24.128,2.10938
24.132,2.28516
24.136,2.28516
24.14,2.28516
24.144,2.28516
24.148,2.28516
24.152,2.28516
24.156,2.28516
24.16,2.28516
24.164,2.28516
24.168,2.28516
24.172,2.28516
24.176,2.10938
24.18,2.10938
24.184,2.10938
24.188,2.10938
24.192,1.93359
24.196,1.93359
24.2,1.93359
24.204,1.75781
24.208,1.75781
24.212,1.75781
24.216,1.58203
24.22,1.58203
24.224,1.58203
24.228,1.40625
24.232,1.40625
24.236,1.23047
24.24,1.23047
24.244,1.05469
24.248,1.05469
24.252,0.878906
24.256,0.878906
24.26,0.703125
24.264,0.527344
24.268,0.527344
24.272,0.351562
24.276,0.351562
24.28,0.175781
24.284,0.175781
24.288,0
24.292,-0.175781
24.296,-0.175781
24.3,-0.351562
24.304,-0.527344
24.308,-0.527344
24.312,-0.703125
24.316,-0.703125
24.32,-0.878906
24.324,-0.878906
24.328,-1.05469
24.332,-1.23047
24.336,-1.23047
24.34,-1.40625
24.344,-1.40625
24.348,-1.58203
24.352,-1.58203
24.356,-1.75781
24.36,-1.75781
24.364,-1.75781
24.368,-1.93359
24.372,-1.93359
24.376,-2.10938
24.38,-2.10938
24.384,-2.10938
24.388,-2.28516
24.392,-2.28516
24.396,-2.28516
24.4,-2.28516
24.404,-2.46094
24.408,-2.46094
24.412,-2.46094
24.416,-2.46094
24.42,-2.46094
24.424,-2.46094
24.428,-2.46094
24.432,-2.46094
24.436,-2.46094
24.44,-2.46094
24.444,-2.46094
24.448,-2.46094
24.452,-2.46094
24.456,-2.46094
24.46,-2.46094
24.464,-2.46094
24.468,-2.46094
24.472,-2.28516
24.476,-2.28516
24.48,-2.28516
24.484,-2.28516
24.488,-2.10938
24.492,-2.10938
24.496,-2.10938
24.5,-1.93359
24.504,-1.93359
24.508,-1.93359
24.512,-1.75781
24.516,-1.75781
24.52,-1.58203
24.524,-1.58203
24.528,-1.40625
24.532,-1.40625
24.536,-1.23047
24.54,-1.23047
24.544,-1.05469
24.548,-1.05469
24.552,-0.878906
24.556,-0.878906
24.56,-0.703125
24.564,-0.703125
24.568,-0.527344
24.572,-0.351562
24.576,-0.351562
24.58,-0.175781
24.584,-0.175781
24.588,0
24.592,0.175781
24.596,0.175781
24.6,0.351562
24.604,0.351562
24.608,0.527344
24.612,0.527344
24.616,0.703125
24.62,0.878906
24.624,0.878906
24.628,1.05469
24.632,1.05469
24.636,1.23047
24.64,1.23047
24.644,1.40625
24.648,1.40625
24.652,1.58203
24.656,1.58203
24.66,1.58203
24.664,1.75781
24.668,1.75781
24.672,1.75781
24.676,1.75781
24.68,1.93359
24.684,1.93359
24.688,1.93359
24.692,1.93359
24.696,1.93359
24.7,2.10938
24.704,2.10938
24.708,2.10938
24.712,2.10938
24.716,2.10938
24.72,2.10938
24.724,2.10938
24.728,2.10938
24.732,2.10938
24.736,2.10938
24.74,2.10938
24.744,2.10938
24.748,2.10938
24.752,2.10938
24.756,2.10938
24.76,1.93359
24.764,1.93359
24.768,1.93359
24.772,1.93359
24.776,1.75781
24.78,1.75781
24.784,1.75781
24.788,1.58203
24.792,1.58203
24.796,1.40625
24.8,1.40625
24.804,1.40625
24.808,1.23047
24.812,1.23047
24.816,1.05469
24.82,1.05469
24.824,0.878906
24.828,0.703125
24.832,0.703125
24.836,0.527344
24.84,0.527344
24.844,0.351562
24.848,0.351562
24.852,0.175781
24.856,0.175781
24.86,0
24.864,0
24.868,-0.175781
24.872,-0.175781
24.876,-0.351562
24.88,-0.527344
24.884,-0.527344
24.888,-0.703125
24.892,-0.703125
24.896,-0.878906
24.9,-0.878906
24.904,-1.05469
24.908,-1.23047
24.912,-1.23047
24.916,-1.40625
24.92,-1.40625
24.924,-1.58203
24.928,-1.58203
24.932,-1.58203
24.936,-1.75781
24.94,-1.75781
24.944,-1.93359
24.948,-1.93359
24.952,-1.93359
24.956,-2.10938
24.96,-2.10938
24.964,-2.10938
24.968,-2.28516
24.972,-2.28516
24.976,-2.28516
24.98,-2.28516
24.984,-2.28516
24.988,-2.46094
24.992,-2.46094
24.996,-2.46094
25,-2.46094
25.004,-2.46094
25.008,-2.46094
25.012,-2.46094
25.016,-2.46094
25.02,-2.46094
25.024,-2.46094
25.028,-2.46094
25.032,-2.46094
25.036,-2.46094
25.04,-2.46094
25.044,-2.28516
25.048,-2.28516
25.052,-2.28516
25.056,-2.28516
25.06,-2.10938
25.064,-2.10938
25.068,-2.10938
25.072,-1.93359
25.076,-1.93359
25.08,-1.75781
25.084,-1.75781
25.088,-1.58203
25.092,-1.58203
25.096,-1.58203
25.1,-1.40625
25.104,-1.40625
25.108,-1.23047
25.112,-1.23047
25.116,-1.05469
25.12,-0.878906
25.124,-0.878906
25.128,-0.703125
25.132,-0.703125
25.136,-0.527344
25.14,-0.527344
25.144,-0.351562
25.148,-0.175781
25.152,-0.175781
25.156,0
25.16,0
25.164,0.175781
25.168,0.175781
25.172,0.351562
25.176,0.351562
25.18,0.527344
25.184,0.703125
25.188,0.703125
25.192,0.878906
25.196,0.878906
25.2,1.05469
25.204,1.05469
25.208,1.23047
25.212,1.23047
25.216,1.40625
25.22,1.40625
25.224,1.58203
25.228,1.58203
25.232,1.58203
25.236,1.75781
25.24,1.75781
25.244,1.75781
25.248,1.93359
25.252,1.93359
25.256,1.93359
25.26,1.93359
25.264,2.10938
25.268,2.10938
25.272,2.10938
25.276,2.10938
25.28,2.10938
25.284,2.10938
25.288,2.10938
25.292,2.10938
25.296,2.10938
25.3,2.10938
25.304,2.10938
25.308,2.10938
25.312,2.10938
25.316,2.10938
25.32,2.10938
25.324,2.10938
25.328,1.93359
25.332,1.93359
25.336,1.93359
25.34,1.93359
25.344,1.75781
25.348,1.75781
25.352,1.75781
25.356,1.58203
25.36,1.58203
25.364,1.58203
25.368,1.40625
25.372,1.40625
25.376,1.23047
25.38,1.23047
25.384,1.23047
25.388,1.05469
25.392,1.05469
25.396,0.878906
25.4,0.878906
25.404,0.703125
25.408,0.703125
25.412,0.527344
25.416,0.527344
25.42,0.351562
25.424,0.175781
25.428,0.175781
25.432,0
25.436,0
25.44,-0.175781
25.444,-0.351562
25.448,-0.351562
25.452,-0.527344
25.456,-0.527344
25.46,-0.703125
25.464,-0.878906
25.468,-0.878906
25.472,-1.05469
25.476,-1.05469
25.48,-1.23047
25.484,-1.23047
25.488,-1.40625
25.492,-1.40625
25.496,-1.58203
25.5,-1.58203
25.504,-1.58203
25.508,-1.75781
25.512,-1.75781
25.516,-1.93359
25.52,-1.93359
25.524,-1.93359
25.528,-2.10938
25.532,-2.10938
25.536,-2.10938
25.54,-2.28516
25.544,-2.28516
25.548,-2.28516
25.552,-2.28516
25.556,-2.46094
25.56,-2.46094
25.564,-2.46094
25.568,-2.46094
25.572,-2.46094
25.576,-2.46094
25.58,-2.46094
25.584,-2.46094
25.588,-2.46094
25.592,-2.46094
25.596,-2.46094
25.6,-2.46094
25.604,-2.46094
25.608,-2.46094
25.612,-2.28516
25.616,-2.28516
25.62,-2.28516
25.624,-2.28516
25.628,-2.10938
25.632,-2.10938
25.636,-2.10938
25.64,-1.93359
25.644,-1.93359
25.648,-1.93359
25.652,-1.75781
25.656,-1.75781
25.66,-1.58203
25.664,-1.58203
25.668,-1.40625
25.672,-1.40625
25.676,-1.40625
25.68,-1.23047
25.684,-1.23047
25.688,-1.05469
25.692,-1.05469
25.696,-0.878906
25.7,-0.878906
25.704,-0.703125
25.708,-0.527344
25.712,-0.527344
25.716,-0.351562
25.72,-0.351562
25.724,-0.175781
25.728,0
25.732,0
25.736,0.175781
25.74,0.175781
25.744,0.351562
25.748,0.351562
25.752,0.527344
25.756,0.703125
25.76,0.703125
25.764,0.878906
25.768,0.878906
25.772,1.05469
25.776,1.05469
25.78,1.23047
25.784,1.23047
25.788,1.23047
25.792,1.40625
25.796,1.40625
25.8,1.58203
25.804,1.58203
25.808,1.58203
25.812,1.75781
25.816,1.75781
25.82,1.75781
25.824,1.93359
25.828,1.93359
25.832,1.93359
25.836,1.93359
25.84,1.93359
25.844,2.10938
25.848,2.10938
25.852,2.10938
25.856,2.10938
25.86,2.10938
25.864,2.10938
25.868,2.10938
25.872,2.10938
25.876,2.10938
25.88,2.10938
25.884,2.10938
25.888,2.10938
25.892,2.10938
25.896,1.93359
25.9,1.93359
25.904,1.93359
25.908,1.93359
25.912,1.93359
25.916,1.75781
25.92,1.75781
25.924,1.75781
25.928,1.58203
25.932,1.58203
25.936,1.40625
25.94,1.40625
25.944,1.40625
25.948,1.23047
25.952,1.23047
25.956,1.05469
25.96,1.05469
25.964,0.878906
25.968,0.878906
25.972,0.878906
25.976,0.703125
25.98,0.527344
25.984,0.527344
25.988,0.351562
25.992,0.351562
25.996,0.175781
26,0.175781
26.004,0
26.008,0
26.012,-0.175781
26.016,-0.351562
26.02,-0.351562
26.024,-0.527344
26.028,-0.527344
26.032,-0.703125
26.036,-0.703125
26.04,-0.878906
26.044,-0.878906
26.048,-1.05469
26.052,-1.23047
26.056,-1.23047
26.06,-1.40625
26.064,-1.40625
26.068,-1.40625
26.072,-1.58203
26.076,-1.58203
26.08,-1.75781
26.084,-1.75781
26.088,-1.93359
26.092,-1.93359
26.096,-1.93359
26.1,-1.93359
26.104,-2.10938
26.108,-2.10938
26.112,-2.10938
26.116,-2.28516
26.12,-2.28516
26.124,-2.28516
26.128,-2.28516
26.132,-2.28516
26.136,-2.28516
26.14,-2.46094
26.144,-2.46094
26.148,-2.46094
26.152,-2.46094
26.156,-2.46094
26.16,-2.46094
26.164,-2.46094
26.168,-2.46094
26.172,-2.28516
26.176,-2.28516
26.18,-2.28516
26.184,-2.28516
26.188,-2.28516
26.192,-2.10938
26.196,-2.10938
26.2,-2.10938
26.204,-1.93359
26.208,-1.93359
26.212,-1.93359
26.216,-1.75781
26.22,-1.75781
26.224,-1.75781
26.228,-1.58203
26.232,-1.58203
26.236,-1.58203
26.24,-1.40625
26.244,-1.40625
26.248,-1.23047
26.252,-1.23047
26.256,-1.05469
26.26,-1.05469
26.264,-0.878906
26.268,-0.878906
26.272,-0.703125
26.276,-0.703125
26.28,-0.527344
26.284,-0.527344
26.288,-0.351562
26.292,-0.175781
26.296,-0.175781
26.3,0
26.304,0
26.308,0.175781
26.312,0.351562
26.316,0.351562
26.32,0.527344
26.324,0.527344
26.328,0.703125
26.332,0.703125
26.336,0.878906
26.34,0.878906
26.344,1.05469
26.348,1.05469
26.352,1.23047
26.356,1.23047
26.36,1.23047
26.364,1.40625
26.368,1.40625
26.372,1.40625
26.376,1.58203
26.38,1.58203
26.384,1.58203
26.388,1.75781
26.392,1.75781
26.396,1.75781
26.4,1.75781
26.404,1.93359
26.408,1.93359
26.412,1.93359
26.416,1.93359
26.42,1.93359
26.424,2.10938
26.428,2.10938
26.432,2.10938
26.436,2.10938
26.44,2.10938
26.444,2.10938
26.448,2.10938
26.452,2.10938
26.456,2.10938
26.46,2.10938
26.464,2.10938
26.468,1.93359
26.472,1.93359
26.476,1.93359
26.48,1.93359
26.484,1.93359
26.488,1.75781
26.492,1.75781
26.496,1.75781
26.5,1.58203
26.504,1.58203
26.508,1.40625
26.512,1.40625
26.516,1.23047
26.52,1.23047
26.524,1.23047
26.528,1.05469
26.532,0.878906
26.536,0.878906
26.54,0.703125
26.544,0.703125
26.548,0.527344
26.552,0.527344
26.556,0.351562
26.56,0.351562
26.564,0.175781
26.568,0.175781
26.572,0
26.576,0
26.58,-0.175781
26.584,-0.175781
26.588,-0.351562
26.592,-0.351562
26.596,-0.527344
26.6,-0.527344
26.604,-0.703125
26.608,-0.878906
26.612,-0.878906
26.616,-1.05469
26.62,-1.05469
26.624,-1.23047
26.628,-1.23047
26.632,-1.40625
26.636,-1.40625
26.64,-1.58203
26.644,-1.58203
26.648,-1.75781
26.652,-1.75781
26.656,-1.75781
26.66,-1.93359
26.664,-1.93359
26.668,-1.93359
26.672,-2.10938
26.676,-2.10938
26.68,-2.10938
26.684,-2.10938
26.688,-2.28516
26.692,-2.28516
26.696,-2.28516
26.7,-2.28516
26.704,-2.28516
26.708,-2.28516
26.712,-2.28516
26.716,-2.46094
26.72,-2.46094
26.724,-2.46094
26.728,-2.46094
26.732,-2.46094
26.736,-2.46094
26.74,-2.28516
26.744,-2.28516
26.748,-2.28516
26.752,-2.28516
26.756,-2.28516
26.76,-2.28516
26.764,-2.10938
26.768,-2.10938
26.772,-2.10938
26.776,-1.93359
26.78,-1.93359
26.784,-1.93359
26.788,-1.75781
26.792,-1.75781
26.796,-1.75781
26.8,-1.58203
26.804,-1.58203
26.808,-1.40625
26.812,-1.40625
26.816,-1.23047
26.82,-1.23047
26.824,-1.05469
26.828,-1.05469
26.832,-0.878906
26.836,-0.878906
26.84,-0.703125
26.844,-0.703125
26.848,-0.527344
26.852,-0.527344
26.856,-0.351562
26.86,-0.351562
26.864,-0.175781
26.868,0
26.872,0
26.876,0.175781
26.88,0.175781
26.884,0.351562
26.888,0.351562
26.892,0.527344
26.896,0.703125
26.9,0.703125
26.904,0.878906
26.908,0.878906
26.912,1.05469
26.916,1.05469
26.92,1.05469
26.924,1.23047
26.928,1.23047
26.932,1.40625
26.936,1.40625
26.94,1.40625
26.944,1.58203
26.948,1.58203
26.952,1.58203
26.956,1.75781
26.96,1.75781
26.964,1.75781
26.968,1.75781
26.972,1.93359
26.976,1.93359
26.98,1.93359
26.984,1.93359
26.988,1.93359
26.992,1.93359
26.996,1.93359
27,2.10938
27.004,2.10938
27.008,2.10938
27.012,2.10938
27.016,2.10938
27.02,1.93359
27.024,1.93359
27.028,1.93359
27.032,1.93359
27.036,1.93359
27.04,1.93359
27.044,1.93359
27.048,1.75781
27.052,1.75781
27.056,1.75781
27.06,1.75781
27.064,1.58203
27.068,1.58203
27.072,1.58203
27.076,1.40625
27.08,1.40625
27.084,1.23047
27.088,1.23047
27.092,1.23047
27.096,1.05469
27.1,1.05469
27.104,0.878906
27.108,0.878906
27.112,0.703125
27.116,0.703125
27.12,0.527344
27.124,0.527344
27.128,0.351562
27.132,0.351562
27.136,0.175781
27.14,0
27.144,0
27.148,-0.175781
27.152,-0.175781
27.156,-0.351562
27.16,-0.351562
27.164,-0.527344
27.168,-0.527344
27.172,-0.703125
27.176,-0.703125
27.18,-0.878906
27.184,-0.878906
27.188,-1.05469
27.192,-1.05469
27.196,-1.23047
27.2,-1.23047
27.204,-1.40625
27.208,-1.40625
27.212,-1.58203
27.216,-1.58203
27.22,-1.58203
27.224,-1.75781
27.228,-1.75781
27.232,-1.93359
27.236,-1.93359
27.24,-1.93359
27.244,-1.93359
27.248,-2.10938
27.252,-2.10938
27.256,-2.10938
27.26,-2.10938
27.264,-2.28516
27.268,-2.28516
27.272,-2.28516
27.276,-2.28516
27.28,-2.28516
27.284,-2.28516
27.288,-2.28516
27.292,-2.28516
27.296,-2.28516
27.3,-2.28516
27.304,-2.28516
27.308,-2.28516
27.312,-2.28516
27.316,-2.28516
27.32,-2.28516
27.324,-2.28516
27.328,-2.10938
27.332,-2.10938
27.336,-2.10938
27.34,-2.10938
27.344,-1.93359
27.348,-1.93359
27.352,-1.93359
27.356,-1.75781
27.36,-1.75781
27.364,-1.58203
27.368,-1.58203
27.372,-1.58203
27.376,-1.40625
27.38,-1.40625
27.384,-1.23047
27.388,-1.23047
27.392,-1.05469
27.396,-1.05469
27.4,-0.878906
27.404,-0.878906
27.408,-0.703125
27.412,-0.703125
27.416,-0.527344
27.42,-0.527344
27.424,-0.351562
27.428,-0.351562
27.432,-0.175781
27.436,-0.175781
27.44,0
27.444,0
27.448,0.175781
27.452,0.175781
27.456,0.351562
27.46,0.351562
27.464,0.527344
27.468,0.703125
27.472,0.703125
27.476,0.878906
27.48,0.878906
27.484,0.878906
27.488,1.05469
27.492,1.05469
27.496,1.23047
27.5,1.23047
27.504,1.40625
27.508,1.40625
27.512,1.40625
27.516,1.58203
27.52,1.58203
27.524,1.58203
27.528,1.58203
27.532,1.75781
27.536,1.75781
27.54,1.75781
27.544,1.75781
27.548,1.93359
27.552,1.93359
27.556,1.93359
27.56,1.93359
27.564,1.93359
27.568,1.93359
27.572,1.93359
27.576,1.93359
27.58,1.93359
27.584,1.93359
27.588,1.93359
27.592,1.93359
27.596,1.93359
27.6,1.93359
27.604,1.93359
27.608,1.75781
27.612,1.75781
27.616,1.75781
27.62,1.75781
27.624,1.58203
27.628,1.58203
27.632,1.58203
27.636,1.58203
27.64,1.40625
27.644,1.40625
27.648,1.23047
27.652,1.23047
27.656,1.23047
27.66,1.05469
27.664,1.05469
27.668,0.878906
27.672,0.878906
27.676,0.878906
27.68,0.703125
27.684,0.703125
27.688,0.527344
27.692,0.527344
27.696,0.351562
27.7,0.351562
27.704,0.175781
27.708,0
27.712,0
27.716,-0.175781
27.72,-0.175781
27.724,-0.351562
27.728,-0.351562
27.732,-0.527344
27.736,-0.527344
27.74,-0.703125
27.744,-0.703125
27.748,-0.878906
27.752,-0.878906
27.756,-1.05469
27.76,-1.05469
27.764,-1.23047
27.768,-1.23047
27.772,-1.40625
27.776,-1.40625
27.78,-1.40625
27.784,-1.58203
27.788,-1.58203
27.792,-1.58203
27.796,-1.75781
27.8,-1.75781
27.804,-1.93359
27.808,-1.93359
27.812,-1.93359
27.816,-1.93359
27.82,-2.10938
27.824,-2.10938
27.828,-2.10938
27.832,-2.10938
27.836,-2.10938
27.84,-2.28516
27.844,-2.28516
27.848,-2.28516
27.852,-2.28516
27.856,-2.28516
27.86,-2.28516
27.864,-2.28516
27.868,-2.28516
27.872,-2.28516
27.876,-2.10938
27.88,-2.10938
27.884,-2.10938
27.888,-2.10938
27.892,-2.10938
27.896,-2.10938
27.9,-1.93359
27.904,-1.93359
27.908,-1.93359
27.912,-1.93359
27.916,-1.75781
27.92,-1.75781
27.924,-1.75781
27.928,-1.75781
27.932,-1.58203
27.936,-1.58203
27.94,-1.40625
27.944,-1.40625
27.948,-1.40625
27.952,-1.23047
27.956,-1.23047
27.96,-1.05469
27.964,-1.05469
27.968,-0.878906
27.972,-0.878906
27.976,-0.703125
27.98,-0.703125
27.984,-0.527344
27.988,-0.527344
27.992,-0.351562
27.996,-0.351562
28,-0.175781
28.004,-0.175781
28.008,0
28.012,0
28.016,0.175781
28.02,0.175781
28.024,0.351562
28.028,0.351562
28.032,0.527344
28.036,0.527344
28.04,0.703125
28.044,0.703125
28.048,0.703125
28.052,0.878906
28.056,0.878906
28.06,1.05469
28.064,1.05469
28.068,1.05469
28.072,1.23047
28.076,1.23047
28.08,1.40625
28.084,1.40625
28.088,1.40625
28.092,1.58203
28.096,1.58203
28.1,1.58203
28.104,1.75781
28.108,1.75781
28.112,1.75781
28.116,1.75781
28.12,1.93359
28.124,1.93359
28.128,1.93359
28.132,1.93359
28.136,1.93359
28.14,1.93359
28.144,1.93359
28.148,1.93359
28.152,1.93359
28.156,1.93359
28.16,1.93359
28.164,1.93359
28.168,1.93359
28.172,1.75781
28.176,1.75781
28.18,1.75781
28.184,1.75781
28.188,1.75781
28.192,1.75781
28.196,1.58203
28.2,1.58203
28.204,1.58203
28.208,1.58203
28.212,1.40625
28.216,1.40625
28.22,1.40625
28.224,1.23047
28.228,1.23047
28.232,1.23047
28.236,1.05469
28.24,1.05469
28.244,0.878906
28.248,0.878906
28.252,0.703125
28.256,0.703125
28.26,0.527344
28.264,0.527344
28.268,0.351562
28.272,0.351562
28.276,0.175781
28.28,0.175781
28.284,0
28.288,0
28.292,-0.175781
28.296,-0.175781
28.3,-0.351562
28.304,-0.351562
28.308,-0.527344
28.312,-0.527344
28.316,-0.703125
28.32,-0.703125
28.324,-0.878906
28.328,-0.878906
28.332,-1.05469
28.336,-1.05469
28.34,-1.23047
28.344,-1.23047
28.348,-1.40625
28.352,-1.40625
28.356,-1.40625
28.36,-1.58203
28.364,-1.58203
28.368,-1.58203
28.372,-1.75781
28.376,-1.75781
28.38,-1.75781
28.384,-1.93359
28.388,-1.93359
28.392,-1.93359
28.396,-1.93359
28.4,-1.93359
28.404,-2.10938
28.408,-2.10938
28.412,-2.10938
28.416,-2.10938
28.42,-2.10938
28.424,-2.10938
28.428,-2.10938
28.432,-2.10938
28.436,-2.10938
28.44,-2.10938
28.444,-2.10938
28.448,-2.10938
28.452,-2.10938
28.456,-2.10938
28.46,-2.10938
28.464,-2.10938
28.468,-2.10938
28.472,-1.93359
28.476,-1.93359
28.48,-1.93359
28.484,-1.93359
28.488,-1.75781
28.492,-1.75781
28.496,-1.75781
28.5,-1.75781
28.504,-1.58203
28.508,-1.58203
28.512,-1.58203
28.516,-1.40625
28.52,-1.40625
28.524,-1.23047
28.528,-1.23047
28.532,-1.05469
28.536,-1.05469
28.54,-0.878906
28.544,-0.878906
28.548,-0.878906
28.552,-0.703125
28.556,-0.703125
28.56,-0.527344
28.564,-0.527344
28.568,-0.351562
28.572,-0.351562
28.576,-0.175781
28.58,-0.175781
28.584,0
28.588,0
28.592,0.175781
28.596,0.175781
28.6,0.351562
28.604,0.351562
28.608,0.527344
28.612,0.527344
28.616,0.703125
28.62,0.703125
28.624,0.878906
28.628,0.878906
28.632,0.878906
28.636,1.05469
28.64,1.05469
28.644,1.23047
28.648,1.23047
28.652,1.23047
28.656,1.40625
28.66,1.40625
28.664,1.40625
28.668,1.40625
28.672,1.58203
28.676,1.58203
28.68,1.58203
28.684,1.58203
28.688,1.58203
28.692,1.58203
28.696,1.75781
28.7,1.75781
28.704,1.75781
28.708,1.75781
28.712,1.75781
28.716,1.75781
28.72,1.75781
28.724,1.75781
28.728,1.75781
28.732,1.75781
28.736,1.75781
28.74,1.75781
28.744,1.75781
28.748,1.75781
28.752,1.75781
28.756,1.58203
28.76,1.58203
28.764,1.58203
28.768,1.58203
28.772,1.58203
28.776,1.40625
28.78,1.40625
28.784,1.40625
28.788,1.40625
28.792,1.23047
28.796,1.23047
28.8,1.23047
28.804,1.05469
28.808,1.05469
28.812,0.878906
28.816,0.878906
28.82,0.878906
28.824,0.703125
28.828,0.703125
28.832,0.527344
28.836,0.527344
28.84,0.351562
28.844,0.351562
28.848,0.175781
28.852,0.175781
28.856,0.175781
28.86,0
28.864,0
28.868,-0.175781
28.872,-0.175781
28.876,-0.351562
28.88,-0.351562
28.884,-0.527344
28.888,-0.527344
28.892,-0.703125
28.896,-0.703125
28.9,-0.878906
28.904,-0.878906
28.908,-1.05469
28.912,-1.05469
28.916,-1.23047
28.92,-1.23047
28.924,-1.23047
28.928,-1.40625
28.932,-1.40625
28.936,-1.40625
28.94,-1.58203
28.944,-1.58203
28.948,-1.58203
28.952,-1.58203
28.956,-1.75781
28.96,-1.75781
28.964,-1.75781
28.968,-1.75781
28.972,-1.75781
28.976,-1.93359
28.98,-1.93359
28.984,-1.93359
28.988,-1.93359
28.992,-1.93359
28.996,-1.93359
29,-1.93359
29.004,-1.93359
29.008,-1.93359
29.012,-1.93359
29.016,-1.93359
29.02,-1.93359
29.024,-1.93359
29.028,-1.93359
29.032,-1.93359
29.036,-1.93359
29.04,-1.93359
29.044,-1.93359
29.048,-1.93359
29.052,-1.75781
29.056,-1.75781
29.06,-1.75781
29.064,-1.75781
29.068,-1.58203
29.072,-1.58203
29.076,-1.58203
29.08,-1.58203
29.084,-1.40625
29.088,-1.40625
29.092,-1.23047
29.096,-1.23047
29.1,-1.23047
29.104,-1.05469
29.108,-1.05469
29.112,-0.878906
29.116,-0.878906
29.12,-0.878906
29.124,-0.703125
29.128,-0.703125
29.132,-0.527344
29.136,-0.527344
29.14,-0.351562
29.144,-0.351562
29.148,-0.175781
29.152,-0.175781
29.156,-0.175781
29.16,0
29.164,0
29.168,0.175781
29.172,0.175781
29.176,0.351562
29.18,0.351562
29.184,0.527344
29.188,0.527344
29.192,0.527344
29.196,0.703125
29.2,0.703125
29.204,0.878906
29.208,0.878906
29.212,0.878906
29.216,1.05469
29.22,1.05469
29.224,1.23047
29.228,1.23047
29.232,1.23047
29.236,1.23047
29.24,1.40625
29.244,1.40625
29.248,1.40625
29.252,1.40625
29.256,1.58203
29.26,1.58203
29.264,1.58203
29.268,1.58203
29.272,1.58203
29.276,1.58203
29.28,1.75781
29.284,1.75781
29.288,1.75781
29.292,1.75781
29.296,1.75781
29.3,1.75781
29.304,1.75781
29.308,1.75781
29.312,1.75781
29.316,1.75781
29.32,1.75781
29.324,1.58203
29.328,1.58203
29.332,1.58203
29.336,1.58203
29.34,1.40625
29.344,1.40625
29.348,1.40625
29.352,1.40625
29.356,1.23047
29.36,1.23047
29.364,1.23047
29.368,1.05469
29.372,1.05469
29.376,1.05469
29.38,1.05469
29.384,0.878906
29.388,0.878906
29.392,0.703125
29.396,0.703125
29.4,0.703125
29.404,0.527344
29.408,0.527344
29.412,0.351562
29.416,0.351562
29.42,0.351562
29.424,0.175781
29.428,0.175781
29.432,0
29.436,0
29.44,-0.175781
29.444,-0.175781
29.448,-0.351562
29.452,-0.351562
29.456,-0.527344
29.46,-0.527344
29.464,-0.527344
29.468,-0.703125
29.472,-0.703125
29.476,-0.878906
29.48,-0.878906
29.484,-1.05469
29.488,-1.05469
29.492,-1.05469
29.496,-1.23047
29.5,-1.23047
29.504,-1.23047
29.508,-1.40625
29.512,-1.40625
29.516,-1.40625
29.52,-1.58203
29.524,-1.58203
29.528,-1.58203
29.532,-1.58203
29.536,-1.75781
29.54,-1.75781
29.544,-1.75781
29.548,-1.75781
29.552,-1.75781
29.556,-1.93359
29.56,-1.93359
29.564,-1.93359
29.568,-1.93359
29.572,-1.93359
29.576,-1.93359
29.58,-1.93359
29.584,-1.93359
29.588,-1.93359
29.592,-1.93359
29.596,-1.93359
29.6,-1.93359
29.604,-1.93359
29.608,-1.93359
29.612,-1.93359
29.616,-1.75781
29.62,-1.75781
29.624,-1.75781
29.628,-1.75781
29.632,-1.75781
29.636,-1.75781
29.64,-1.58203
29.644,-1.58203
29.648,-1.58203
29.652,-1.58203
29.656,-1.40625
29.66,-1.40625
29.664,-1.40625
29.668,-1.23047
29.672,-1.23047
29.676,-1.23047
29.68,-1.05469
29.684,-1.05469
29.688,-0.878906
29.692,-0.878906
29.696,-0.878906
29.7,-0.703125
29.704,-0.703125
29.708,-0.527344
29.712,-0.527344
29.716,-0.351562
29.72,-0.351562
29.724,-0.351562
29.728,-0.175781
29.732,-0.175781
29.736,0
29.74,0
29.744,0.175781
29.748,0.175781
29.752,0.175781
29.756,0.351562
29.76,0.351562
29.764,0.527344
29.768,0.527344
29.772,0.703125
29.776,0.703125
29.78,0.878906
29.784,0.878906
29.788,0.878906
29.792,1.05469
29.796,1.05469
29.8,1.05469
29.804,1.23047
29.808,1.23047
29.812,1.23047
29.816,1.40625
29.82,1.40625
29.824,1.40625
29.828,1.40625
29.832,1.40625
29.836,1.58203
29.84,1.58203
29.844,1.58203
29.848,1.58203
29.852,1.58203
29.856,1.58203
29.86,1.58203
29.864,1.58203
29.868,1.58203
29.872,1.58203
29.876,1.58203
29.88,1.58203
29.884,1.58203
29.888,1.58203
29.892,1.58203
29.896,1.58203
29.9,1.58203
29.904,1.58203
29.908,1.58203
29.912,1.58203
29.916,1.40625
29.92,1.40625
29.924,1.40625
29.928,1.40625
29.932,1.40625
29.936,1.23047
29.94,1.23047
29.944,1.23047
29.948,1.05469
29.952,1.05469
29.956,1.05469
29.96,0.878906
29.964,0.878906
29.968,0.878906
29.972,0.703125
29.976,0.703125
29.98,0.527344
29.984,0.527344
29.988,0.351562
29.992,0.351562
29.996,0.351562
30,0.175781
30.004,0.175781
30.008,0
30.012,0
30.016,-0.175781
30.02,-0.175781
30.024,-0.351562
30.028,-0.351562
30.032,-0.351562
30.036,-0.527344
30.04,-0.527344
30.044,-0.703125
30.048,-0.703125
30.052,-0.703125
30.056,-0.878906
30.06,-0.878906
30.064,-1.05469
30.068,-1.05469
30.072,-1.05469
30.076,-1.23047
30.08,-1.23047
30.084,-1.23047
30.088,-1.40625
30.092,-1.40625
30.096,-1.40625
30.1,-1.58203
30.104,-1.58203
30.108,-1.58203
30.112,-1.58203
30.116,-1.75781
30.12,-1.75781
30.124,-1.75781
30.128,-1.75781
30.132,-1.75781
30.136,-1.75781
30.14,-1.93359
30.144,-1.93359
30.148,-1.93359
30.152,-1.93359
30.156,-1.93359
30.16,-1.93359
30.164,-1.93359
30.168,-1.93359
30.172,-1.93359
30.176,-1.93359
30.18,-1.75781
30.184,-1.75781
30.188,-1.75781
30.192,-1.75781
30.196,-1.75781
30.2,-1.75781
30.204,-1.75781
30.208,-1.58203
30.212,-1.58203
30.216,-1.58203
30.22,-1.58203
30.224,-1.40625
30.228,-1.40625
30.232,-1.40625
30.236,-1.40625
30.24,-1.23047
30.244,-1.23047
30.248,-1.23047
30.252,-1.05469
30.256,-1.05469
30.26,-0.878906
30.264,-0.878906
30.268,-0.703125
30.272,-0.703125
30.276,-0.703125
30.28,-0.527344
30.284,-0.527344
30.288,-0.351562
30.292,-0.351562
30.296,-0.175781
30.3,-0.175781
30.304,-0.175781
30.308,0
30.312,0
30.316,0.175781
30.32,0.175781
30.324,0.175781
30.328,0.351562
30.332,0.351562
30.336,0.527344
30.34,0.527344
30.344,0.527344
30.348,0.703125
30.352,0.703125
30.356,0.703125
30.36,0.878906
30.364,0.878906
30.368,0.878906
30.372,1.05469
30.376,1.05469
30.38,1.05469
30.384,1.23047
30.388,1.23047
30.392,1.23047
30.396,1.23047
30.4,1.40625
30.404,1.40625
30.408,1.40625
30.412,1.40625
30.416,1.40625
30.42,1.58203
30.424,1.58203
30.428,1.58203
30.432,1.58203
30.436,1.58203
30.44,1.58203
30.444,1.58203
30.448,1.58203
30.452,1.58203
30.456,1.58203
30.46,1.58203
30.464,1.58203
30.468,1.58203
30.472,1.40625
30.476,1.40625
30.48,1.40625
30.484,1.40625
30.488,1.40625
30.492,1.40625
30.496,1.23047
30.5,1.23047
30.504,1.23047
30.508,1.23047
30.512,1.05469
30.516,1.05469
30.52,1.05469
30.524,0.878906
30.528,0.878906
30.532,0.878906
30.536,0.703125
30.54,0.703125
30.544,0.703125
30.548,0.527344
30.552,0.527344
30.556,0.527344
30.56,0.351562
30.564,0.351562
30.568,0.351562
30.572,0.175781
30.576,0.175781
30.58,0
30.584,0
30.588,-0.175781
30.592,-0.175781
30.596,-0.175781
30.6,-0.351562
30.604,-0.351562
30.608,-0.527344
30.612,-0.527344
30.616,-0.703125
30.62,-0.703125
30.624,-0.703125
30.628,-0.878906
30.632,-0.878906
30.636,-1.05469
30.64,-1.05469
30.644,-1.05469
30.648,-1.23047
30.652,-1.23047
30.656,-1.23047
30.66,-1.23047
30.664,-1.40625
30.668,-1.40625
30.672,-1.40625
30.676,-1.40625
30.68,-1.58203
30.684,-1.58203
30.688,-1.58203
30.692,-1.58203
30.696,-1.58203
30.7,-1.75781
30.704,-1.75781
30.708,-1.75781
30.712,-1.75781
30.716,-1.75781
30.72,-1.75781
30.724,-1.75781
30.728,-1.75781
30.732,-1.75781
30.736,-1.75781
30.74,-1.75781
30.744,-1.75781
30.748,-1.75781
30.752,-1.75781
30.756,-1.75781
30.76,-1.75781
30.764,-1.58203
30.768,-1.58203
30.772,-1.58203
30.776,-1.58203
30.78,-1.58203
30.784,-1.58203
30.788,-1.40625
30.792,-1.40625
30.796,-1.40625
30.8,-1.40625
30.804,-1.23047
30.808,-1.23047
30.812,-1.23047
30.816,-1.05469
30.82,-1.05469
30.824,-1.05469
30.828,-0.878906
30.832,-0.878906
30.836,-0.878906
30.84,-0.703125
30.844,-0.703125
30.848,-0.527344
30.852,-0.527344
30.856,-0.527344
30.86,-0.351562
30.864,-0.351562
30.868,-0.175781
30.872,-0.175781
30.876,-0.175781
30.88,0
30.884,0
30.888,0.175781
30.892,0.175781
30.896,0.175781
30.9,0.351562
30.904,0.351562
30.908,0.527344
30.912,0.527344
30.916,0.527344
30.92,0.703125
30.924,0.703125
30.928,0.703125
30.932,0.878906
30.936,0.878906
30.94,0.878906
30.944,1.05469
30.948,1.05469
30.952,1.05469
30.956,1.23047
30.96,1.23047
30.964,1.23047
30.968,1.23047
30.972,1.23047
30.976,1.40625
30.98,1.40625
30.984,1.40625
30.988,1.40625
30.992,1.40625
30.996,1.40625
31,1.40625
31.004,1.40625
31.008,1.58203
31.012,1.58203
31.016,1.58203
31.02,1.58203
31.024,1.58203
31.028,1.58203
31.032,1.58203
31.036,1.40625
31.04,1.40625
31.044,1.40625
31.048,1.40625
31.052,1.40625
31.056,1.40625
31.06,1.23047
31.064,1.23047
31.068,1.23047
31.072,1.23047
31.076,1.05469
31.08,1.05469
31.084,1.05469
31.088,0.878906
31.092,0.878906
31.096,0.878906
31.1,0.703125
31.104,0.703125
31.108,0.703125
31.112,0.527344
31.116,0.527344
31.12,0.527344
31.124,0.351562
31.128,0.351562
31.132,0.351562
31.136,0.175781
31.14,0.175781
31.144,0.175781
31.148,0
31.152,0
31.156,-0.175781
31.16,-0.175781
31.164,-0.175781
31.168,-0.351562
31.172,-0.351562
31.176,-0.527344
31.18,-0.527344
31.184,-0.527344
31.188,-0.703125
31.192,-0.703125
31.196,-0.878906
31.2,-0.878906
31.204,-0.878906
31.208,-1.05469
31.212,-1.05469
31.216,-1.05469
31.22,-1.23047
31.224,-1.23047
31.228,-1.23047
31.232,-1.23047
31.236,-1.40625
31.24,-1.40625
31.244,-1.40625
31.248,-1.40625
31.252,-1.40625
31.256,-1.58203
31.26,-1.58203
31.264,-1.58203
31.268,-1.58203
31.272,-1.58203
31.276,-1.58203
31.28,-1.58203
31.284,-1.58203
31.288,-1.75781
31.292,-1.75781
31.296,-1.75781
31.3,-1.75781
31.304,-1.75781
31.308,-1.75781
31.312,-1.75781
31.316,-1.75781
31.32,-1.75781
31.324,-1.58203
31.328,-1.58203
31.332,-1.58203
31.336,-1.58203
31.34,-1.58203
31.344,-1.58203
31.348,-1.40625
31.352,-1.40625
31.356,-1.40625
31.36,-1.40625
31.364,-1.23047
31.368,-1.23047
31.372,-1.23047
31.376,-1.05469
31.38,-1.05469
31.384,-1.05469
31.388,-0.878906
31.392,-0.878906
31.396,-0.878906
31.4,-0.878906
31.404,-0.703125
31.408,-0.703125
31.412,-0.703125
31.416,-0.527344
31.42,-0.527344
31.424,-0.527344
31.428,-0.351562
31.432,-0.351562
31.436,-0.351562
31.44,-0.175781
31.444,-0.175781
31.448,-0.175781
31.452,0
31.456,0
31.46,0.175781
31.464,0.175781
31.468,0.351562
31.472,0.351562
31.476,0.351562
31.48,0.527344
31.484,0.527344
31.488,0.527344
31.492,0.703125
31.496,0.703125
31.5,0.703125
31.504,0.878906
31.508,0.878906
31.512,0.878906
31.516,0.878906
31.52,1.05469
31.524,1.05469
31.528,1.05469
31.532,1.05469
31.536,1.05469
31.54,1.23047
31.544,1.23047
31.548,1.23047
31.552,1.23047
31.556,1.23047
31.56,1.23047
31.564,1.23047
31.568,1.23047
31.572,1.23047
31.576,1.23047
31.58,1.23047
31.584,1.23047
31.588,1.23047
31.592,1.23047
31.596,1.23047
31.6,1.23047
31.604,1.23047
31.608,1.23047
31.612,1.23047
31.616,1.23047
31.62,1.23047
31.624,1.23047
31.628,1.23047
31.632,1.05469
31.636,1.05469
31.64,1.05469
31.644,1.05469
31.648,0.878906
31.652,0.878906
31.656,0.878906
31.66,0.878906
31.664,0.703125
31.668,0.703125
31.672,0.703125
31.676,0.527344
31.68,0.527344
31.684,0.527344
31.688,0.527344
31.692,0.351562
31.696,0.351562
31.7,0.351562
31.704,0.175781
31.708,0.175781
31.712,0.175781
31.716,0
31.72,0
31.724,0
31.728,-0.175781
31.732,-0.175781
31.736,-0.175781
31.74,-0.351562
31.744,-0.351562
31.748,-0.527344
31.752,-0.527344
31.756,-0.527344
31.76,-0.703125
31.764,-0.703125
31.768,-0.703125
31.772,-0.703125
31.776,-0.878906
31.78,-0.878906
31.784,-0.878906
31.788,-1.05469
31.792,-1.05469
31.796,-1.05469
31.8,-1.05469
31.804,-1.23047
31.808,-1.23047
31.812,-1.23047
31.816,-1.23047
31.82,-1.40625
31.824,-1.40625
31.828,-1.40625
31.832,-1.40625
31.836,-1.40625
31.84,-1.40625
31.844,-1.40625
31.848,-1.58203
31.852,-1.58203
31.856,-1.58203
31.86,-1.58203
31.864,-1.58203
31.868,-1.58203
31.872,-1.58203
31.876,-1.58203
31.88,-1.58203
31.884,-1.58203
31.888,-1.58203
31.892,-1.58203
31.896,-1.58203
31.9,-1.58203
31.904,-1.58203
31.908,-1.40625
31.912,-1.40625
31.916,-1.40625
31.92,-1.40625
31.924,-1.40625
31.928,-1.40625
31.932,-1.23047
31.936,-1.23047
31.94,-1.23047
31.944,-1.23047
31.948,-1.23047
31.952,-1.05469
31.956,-1.05469
31.96,-1.05469
31.964,-0.878906
31.968,-0.878906
31.972,-0.878906
31.976,-0.878906
31.98,-0.703125
31.984,-0.703125
31.988,-0.703125
31.992,-0.527344
31.996,-0.527344
32,-0.527344
32.004,-0.351562
32.008,-0.351562
32.012,-0.351562
32.016,-0.175781
32.02,-0.175781
32.024,-0.175781
32.028,0
32.032,0
32.036,0
32.04,0.175781
32.044,0.175781
32.048,0.175781
32.052,0.351562
32.056,0.351562
32.06,0.527344
32.064,0.527344
32.068,0.527344
32.072,0.527344
32.076,0.703125
32.08,0.703125
32.084,0.703125
32.088,0.878906
32.092,0.878906
32.096,0.878906
32.1,0.878906
32.104,1.05469
32.108,1.05469
32.112,1.05469
32.116,1.05469
32.12,1.05469
32.124,1.05469
32.128,1.23047
32.132,1.23047
32.136,1.23047
32.14,1.23047
32.144,1.23047
32.148,1.23047
32.152,1.23047
32.156,1.23047
32.16,1.23047
32.164,1.23047
32.168,1.23047
32.172,1.23047
32.176,1.23047
32.18,1.23047
32.184,1.23047
32.188,1.23047
32.192,1.23047
32.196,1.23047
32.2,1.23047
32.204,1.23047
32.208,1.05469
32.212,1.05469
32.216,1.05469
32.22,1.05469
32.224,1.05469
32.228,0.878906
32.232,0.878906
32.236,0.878906
32.24,0.878906
32.244,0.703125
32.248,0.703125
32.252,0.703125
32.256,0.527344
32.26,0.527344
32.264,0.527344
32.268,0.527344
32.272,0.351562
32.276,0.351562
32.28,0.351562
32.284,0.175781
32.288,0.175781
32.292,0.175781
32.296,0
32.3,0
32.304,0
32.308,-0.175781
32.312,-0.175781
32.316,-0.175781
32.32,-0.351562
32.324,-0.351562
32.328,-0.351562
32.332,-0.527344
32.336,-0.527344
32.34,-0.527344
32.344,-0.703125
32.348,-0.703125
32.352,-0.703125
32.356,-0.878906
32.36,-0.878906
32.364,-0.878906
32.368,-1.05469
32.372,-1.05469
32.376,-1.05469
32.38,-1.05469
32.384,-1.23047
32.388,-1.23047
32.392,-1.23047
32.396,-1.23047
32.4,-1.23047
32.404,-1.23047
32.408,-1.40625
32.412,-1.40625
32.416,-1.40625
32.42,-1.40625
32.424,-1.40625
32.428,-1.40625
32.432,-1.40625
32.436,-1.40625
32.44,-1.40625
32.444,-1.40625
32.448,-1.40625
32.452,-1.40625
32.456,-1.40625
32.46,-1.40625
32.464,-1.40625
32.468,-1.40625
32.472,-1.40625
32.476,-1.40625
32.48,-1.40625
32.484,-1.40625
32.488,-1.40625
32.492,-1.40625
32.496,-1.40625
32.5,-1.23047
32.504,-1.23047
32.508,-1.23047
32.512,-1.23047
32.516,-1.23047
32.52,-1.05469
32.524,-1.05469
32.528,-1.05469
32.532,-1.05469
32.536,-0.878906
32.54,-0.878906
32.544,-0.878906
32.548,-0.703125
32.552,-0.703125
32.556,-0.703125
32.56,-0.703125
32.564,-0.527344
32.568,-0.527344
32.572,-0.527344
32.576,-0.351562
32.58,-0.351562
32.584,-0.351562
32.588,-0.351562
32.592,-0.175781
32.596,-0.175781
32.6,-0.175781
32.604,0
32.608,0
32.612,0
32.616,0.175781
32.62,0.175781
32.624,0.175781
32.628,0.351562
32.632,0.351562
32.636,0.351562
32.64,0.527344
32.644,0.527344
32.648,0.527344
32.652,0.703125
32.656,0.703125
32.66,0.703125
32.664,0.878906
32.668,0.878906
32.672,0.878906
32.676,0.878906
32.68,0.878906
32.684,0.878906
32.688,1.05469
32.692,1.05469
32.696,1.05469
32.7,1.05469
32.704,1.05469
32.708,1.05469
32.712,1.05469
32.716,1.05469
32.72,1.05469
32.724,1.05469
32.728,1.05469
32.732,1.05469
32.736,1.05469
32.74,1.05469
32.744,1.23047
32.748,1.23047
32.752,1.23047
32.756,1.23047
32.76,1.05469
32.764,1.05469
32.768,1.05469
32.772,1.05469
32.776,1.05469
32.78,1.05469
32.784,1.05469
32.788,1.05469
32.792,0.878906
32.796,0.878906
32.8,0.878906
32.804,0.878906
32.808,0.878906
32.812,0.703125
32.816,0.703125
32.82,0.703125
32.824,0.527344
32.828,0.527344
32.832,0.527344
32.836,0.351562
32.84,0.351562
32.844,0.351562
32.848,0.351562
32.852,0.175781
32.856,0.175781
32.86,0.175781
32.864,0.175781
32.868,0
32.872,0
32.876,0
32.88,-0.175781
32.884,-0.175781
32.888,-0.175781
32.892,-0.175781
32.896,-0.351562
32.9,-0.351562
32.904,-0.527344
32.908,-0.527344
32.912,-0.527344
32.916,-0.527344
32.92,-0.703125
32.924,-0.703125
32.928,-0.703125
32.932,-0.878906
32.936,-0.878906
32.94,-0.878906
32.944,-1.05469
32.948,-1.05469
32.952,-1.05469
32.956,-1.05469
32.96,-1.05469
32.964,-1.23047
32.968,-1.23047
32.972,-1.23047
32.976,-1.23047
32.98,-1.23047
32.984,-1.23047
32.988,-1.23047
32.992,-1.40625
32.996,-1.40625
33,-1.40625
33.004,-1.40625
33.008,-1.40625
33.012,-1.40625
33.016,-1.40625
33.02,-1.40625
33.024,-1.40625
33.028,-1.40625
33.032,-1.40625
33.036,-1.40625
33.04,-1.40625
33.044,-1.40625
33.048,-1.40625
33.052,-1.40625
33.056,-1.40625
33.06,-1.40625
33.064,-1.23047
33.068,-1.23047
33.072,-1.23047
33.076,-1.23047
33.08,-1.23047
33.084,-1.23047
33.088,-1.05469
33.092,-1.05469
33.096,-1.05469
33.1,-1.05469
33.104,-0.878906
33.108,-0.878906
33.112,-0.878906
33.116,-0.878906
33.12,-0.703125
33.124,-0.703125
33.128,-0.703125
33.132,-0.527344
33.136,-0.527344
33.14,-0.527344
33.144,-0.527344
33.148,-0.351562
33.152,-0.351562
33.156,-0.351562
33.16,-0.175781
33.164,-0.175781
33.168,-0.175781
33.172,-0.175781
33.176,0
33.18,0
33.184,0
33.188,0.175781
33.192,0.175781
33.196,0.175781
33.2,0.351562
33.204,0.351562
33.208,0.351562
33.212,0.527344
33.216,0.527344
33.22,0.527344
33.224,0.527344
33.228,0.703125
33.232,0.703125
33.236,0.703125
33.24,0.703125
33.244,0.878906
33.248,0.878906
33.252,0.878906
33.256,0.878906
33.26,0.878906
33.264,1.05469
33.268,1.05469
33.272,1.05469
33.276,1.05469
33.28,1.05469
33.284,1.05469
33.288,1.05469
33.292,1.05469
33.296,1.05469
33.3,1.05469
33.304,1.05469
33.308,1.05469
33.312,1.05469
33.316,1.05469
33.32,1.05469
33.324,1.05469
33.328,1.05469
33.332,1.05469
33.336,1.05469
33.34,1.05469
33.344,1.05469
33.348,1.05469
33.352,0.878906
33.356,0.878906
33.36,0.878906
33.364,0.878906
33.368,0.878906
33.372,0.878906
33.376,0.703125
33.38,0.703125
33.384,0.703125
33.388,0.703125
33.392,0.527344
33.396,0.527344
33.4,0.527344
33.404,0.527344
33.408,0.351562
33.412,0.351562
33.416,0.351562
33.42,0.175781
33.424,0.175781
33.428,0.175781
33.432,0.175781
33.436,0
33.44,0
33.444,0
33.448,-0.175781
33.452,-0.175781
33.456,-0.175781
33.46,-0.175781
33.464,-0.351562
33.468,-0.351562
33.472,-0.351562
33.476,-0.527344
33.48,-0.527344
33.484,-0.527344
33.488,-0.703125
33.492,-0.703125
33.496,-0.703125
33.5,-0.703125
33.504,-0.878906
33.508,-0.878906
33.512,-0.878906
33.516,-0.878906
33.52,-1.05469
33.524,-1.05469
33.528,-1.05469
33.532,-1.05469
33.536,-1.23047
33.54,-1.23047
33.544,-1.23047
33.548,-1.23047
33.552,-1.23047
33.556,-1.23047
33.56,-1.23047
33.564,-1.23047
33.568,-1.23047
33.572,-1.23047
33.576,-1.23047
33.58,-1.23047
33.584,-1.23047
33.588,-1.23047
33.592,-1.23047
33.596,-1.23047
33.6,-1.23047
33.604,-1.23047
33.608,-1.23047
33.612,-1.23047
33.616,-1.23047
33.62,-1.23047
33.624,-1.23047
33.628,-1.23047
33.632,-1.23047
33.636,-1.23047
33.64,-1.23047
33.644,-1.05469
33.648,-1.05469
33.652,-1.05469
33.656,-1.05469
33.66,-1.05469
33.664,-0.878906
33.668,-0.878906
33.672,-0.878906
33.676,-0.878906
33.68,-0.703125
33.684,-0.703125
33.688,-0.703125
33.692,-0.703125
33.696,-0.527344
33.7,-0.527344
33.704,-0.527344
33.708,-0.527344
33.712,-0.351562
33.716,-0.351562
33.72,-0.351562
33.724,-0.175781
33.728,-0.175781
33.732,-0.175781
33.736,-0.175781
33.74,0
33.744,0
33.748,0
33.752,0.175781
33.756,0.175781
33.76,0.175781
33.764,0.351562
33.768,0.351562
33.772,0.351562
33.776,0.351562
33.78,0.527344
33.784,0.527344
33.788,0.527344
33.792,0.527344
33.796,0.703125
33.8,0.703125
33.804,0.703125
33.808,0.703125
33.812,0.703125
33.816,0.878906
33.82,0.878906
33.824,0.878906
33.828,0.878906
33.832,0.878906
33.836,0.878906
33.84,0.878906
33.844,0.878906
33.848,0.878906
33.852,0.878906
33.856,0.878906
33.86,0.878906
33.864,1.05469
33.868,1.05469
33.872,1.05469
33.876,1.05469
33.88,1.05469
33.884,1.05469
33.888,0.878906
33.892,0.878906
33.896,0.878906
33.9,0.878906
33.904,0.878906
33.908,0.878906
33.912,0.878906
33.916,0.878906
33.92,0.878906
33.924,0.878906
33.928,0.878906
33.932,0.878906
33.936,0.703125
33.94,0.703125
33.944,0.703125
33.948,0.703125
33.952,0.527344
33.956,0.527344
33.96,0.527344
33.964,0.527344
33.968,0.527344
33.972,0.351562
33.976,0.351562
33.98,0.351562
33.984,0.175781
33.988,0.175781
33.992,0.175781
33.996,0.175781
34,0
34.004,0
34.008,0
34.012,0
34.016,-0.175781
34.02,-0.175781
34.024,-0.175781
34.028,-0.175781
34.032,-0.175781
34.036,-0.351562
34.04,-0.351562
34.044,-0.351562
34.048,-0.527344
34.052,-0.527344
34.056,-0.527344
34.06,-0.527344
34.064,-0.703125
34.068,-0.703125
34.072,-0.703125
34.076,-0.703125
34.08,-0.878906
34.084,-0.878906
34.088,-0.878906
34.092,-0.878906
34.096,-1.05469
34.1,-1.05469
34.104,-1.05469
34.108,-1.05469
34.112,-1.05469
34.116,-1.05469
34.12,-1.05469
34.124,-1.05469
34.128,-1.23047
34.132,-1.23047
34.136,-1.23047
34.14,-1.23047
34.144,-1.23047
34.148,-1.23047
34.152,-1.23047
34.156,-1.23047
34.16,-1.23047
34.164,-1.23047
34.168,-1.23047
34.172,-1.23047
34.176,-1.23047
34.18,-1.23047
34.184,-1.23047
34.188,-1.23047
34.192,-1.23047
34.196,-1.23047
34.2,-1.05469
34.204,-1.05469
34.208,-1.05469
34.212,-1.05469
34.216,-1.05469
34.22,-1.05469
34.224,-1.05469
34.228,-0.878906
34.232,-0.878906
34.236,-0.878906
34.24,-0.878906
34.244,-0.878906
34.248,-0.703125
34.252,-0.703125
34.256,-0.703125
34.26,-0.703125
34.264,-0.527344
34.268,-0.527344
34.272,-0.527344
34.276,-0.527344
34.28,-0.351562
34.284,-0.351562
34.288,-0.351562
34.292,-0.351562
34.296,-0.175781
34.3,-0.175781
34.304,-0.175781
34.308,-0.175781
34.312,0
34.316,0
34.32,0
34.324,0.175781
34.328,0.175781
34.332,0.175781
34.336,0.175781
34.34,0.351562
34.344,0.351562
34.348,0.351562
34.352,0.351562
34.356,0.351562
34.36,0.527344
34.364,0.527344
34.368,0.527344
34.372,0.527344
34.376,0.527344
34.38,0.703125
34.384,0.703125
34.388,0.703125
34.392,0.703125
34.396,0.703125
34.4,0.703125
34.404,0.703125
34.408,0.703125
34.412,0.703125
34.416,0.703125
34.42,0.878906
34.424,0.878906
34.428,0.878906
34.432,0.878906
34.436,0.878906
34.44,0.878906
34.444,0.878906
34.448,0.878906
34.452,0.878906
34.456,0.878906
34.46,0.878906
34.464,0.878906
34.468,0.878906
34.472,0.878906
34.476,0.878906
34.48,0.878906
34.484,0.703125
34.488,0.703125
34.492,0.703125
34.496,0.703125
34.5,0.703125
34.504,0.703125
34.508,0.703125
34.512,0.527344
34.516,0.527344
34.52,0.527344
34.524,0.527344
34.528,0.527344
34.532,0.351562
34.536,0.351562
34.54,0.351562
34.544,0.351562
34.548,0.351562
34.552,0.175781
34.556,0.175781
34.56,0.175781
34.564,0.175781
34.568,0.175781
34.572,0
34.576,0
34.58,0
34.584,0
34.588,-0.175781
34.592,-0.175781
34.596,-0.175781
34.6,-0.175781
34.604,-0.351562
34.608,-0.351562
34.612,-0.351562
34.616,-0.351562
34.62,-0.527344
34.624,-0.527344
34.628,-0.527344
34.632,-0.527344
34.636,-0.527344
34.64,-0.703125
34.644,-0.703125
34.648,-0.703125
34.652,-0.703125
34.656,-0.703125
34.66,-0.878906
34.664,-0.878906
34.668,-0.878906
34.672,-0.878906
34.676,-0.878906
34.68,-0.878906
34.684,-0.878906
34.688,-0.878906
34.692,-1.05469
34.696,-1.05469
34.7,-1.05469
34.704,-1.05469
34.708,-1.05469
34.712,-1.05469
34.716,-1.05469
34.72,-1.05469
34.724,-1.05469
34.728,-1.05469
34.732,-1.05469
34.736,-1.05469
34.74,-1.05469
34.744,-1.05469
34.748,-1.05469
34.752,-1.05469
34.756,-1.05469
34.76,-1.05469
34.764,-1.05469
34.768,-1.05469
34.772,-1.05469
34.776,-0.878906
34.78,-0.878906
34.784,-0.878906
34.788,-0.878906
34.792,-0.878906
34.796,-0.878906
34.8,-0.703125
34.804,-0.703125
34.808,-0.703125
34.812,-0.703125
34.816,-0.703125
34.82,-0.703125
34.824,-0.527344
34.828,-0.527344
34.832,-0.527344
34.836,-0.527344
34.84,-0.527344
34.844,-0.527344
34.848,-0.351562
34.852,-0.351562
34.856,-0.351562
34.86,-0.351562
34.864,-0.175781
34.868,-0.175781
34.872,-0.175781
34.876,-0.175781
34.88,0
34.884,0
34.888,0
34.892,0
34.896,0.175781
34.9,0.175781
34.904,0.175781
34.908,0.175781
34.912,0.175781
34.916,0.351562
34.92,0.351562
34.924,0.351562
34.928,0.351562
34.932,0.351562
34.936,0.351562
34.94,0.527344
34.944,0.527344
34.948,0.527344
34.952,0.527344
34.956,0.527344
34.96,0.527344
34.964,0.527344
34.968,0.527344
34.972,0.527344
34.976,0.703125
34.98,0.703125
34.984,0.703125
34.988,0.703125
34.992,0.703125
34.996,0.703125
35,0.703125
35.004,0.703125
35.008,0.703125
35.012,0.703125
35.016,0.703125
35.02,0.703125
35.024,0.703125
35.028,0.703125
35.032,0.703125
35.036,0.703125
35.04,0.703125
35.044,0.703125
35.048,0.703125
35.052,0.703125
35.056,0.703125
35.06,0.703125
35.064,0.703125
35.068,0.703125
35.072,0.527344
35.076,0.527344
35.08,0.527344
35.084,0.527344
35.088,0.527344
35.092,0.527344
35.096,0.351562
35.1,0.351562
35.104,0.351562
35.108,0.351562
35.112,0.351562
35.116,0.175781
35.12,0.175781
35.124,0.175781
35.128,0.175781
35.132,0.175781
35.136,0.175781
35.14,0.175781
35.144,0
35.148,0
35.152,0
35.156,0
35.16,-0.175781
35.164,-0.175781
35.168,-0.175781
35.172,-0.175781
35.176,-0.175781
35.18,-0.351562
35.184,-0.351562
35.188,-0.351562
35.192,-0.351562
35.196,-0.527344
35.2,-0.527344
35.204,-0.527344
35.208,-0.527344
35.212,-0.527344
35.216,-0.703125
35.22,-0.703125
35.224,-0.703125
35.228,-0.703125
35.232,-0.703125
35.236,-0.703125
35.24,-0.703125
35.244,-0.878906
35.248,-0.878906
35.252,-0.878906
35.256,-0.878906
35.26,-0.878906
35.264,-0.878906
35.268,-0.878906
35.272,-0.878906
35.276,-0.878906
35.28,-0.878906
35.284,-0.878906
35.288,-0.878906
35.292,-0.878906
35.296,-0.878906
35.3,-0.878906
35.304,-0.878906
35.308,-0.878906
35.312,-0.878906
35.316,-0.878906
35.32,-0.878906
35.324,-0.878906
35.328,-0.878906
35.332,-0.878906
35.336,-0.878906
35.34,-0.878906
35.344,-0.878906
35.348,-0.878906
35.352,-0.878906
35.356,-0.878906
35.36,-0.878906
35.364,-0.703125
35.368,-0.703125
35.372,-0.703125
35.376,-0.703125
35.38,-0.703125
35.384,-0.703125
35.388,-0.527344
35.392,-0.527344
35.396,-0.527344
35.4,-0.527344
35.404,-0.527344
35.408,-0.527344
35.412,-0.351562
35.416,-0.351562
35.42,-0.351562
35.424,-0.351562
35.428,-0.351562
35.432,-0.175781
35.436,-0.175781
35.44,-0.175781
35.444,-0.175781
35.448,-0.175781
35.452,0
35.456,0
35.46,0
35.464,0
35.468,0
35.472,0.175781
35.476,0.175781
35.48,0.175781
35.484,0.175781
35.488,0.175781
35.492,0.351562
35.496,0.351562
35.5,0.351562
35.504,0.351562
35.508,0.351562
35.512,0.351562
35.516,0.527344
35.52,0.527344
35.524,0.527344
35.528,0.527344
35.532,0.527344
35.536,0.527344
35.54,0.527344
35.544,0.527344
35.548,0.527344
35.552,0.527344
35.556,0.703125
35.56,0.703125
35.564,0.703125
35.568,0.703125
35.572,0.703125
35.576,0.703125
35.58,0.703125
35.584,0.703125
35.588,0.703125
35.592,0.703125
35.596,0.703125
35.6,0.703125
35.604,0.703125
35.608,0.703125
35.612,0.703125
35.616,0.703125
35.62,0.703125
35.624,0.703125
35.628,0.703125
35.632,0.703125
35.636,0.527344
35.64,0.527344
35.644,0.527344
35.648,0.527344
35.652,0.527344
35.656,0.527344
35.66,0.527344
35.664,0.351562
35.668,0.351562
35.672,0.351562
35.676,0.351562
35.68,0.351562
35.684,0.351562
35.688,0.351562
35.692,0.175781
35.696,0.175781
35.7,0.175781
35.704,0.175781
35.708,0.175781
35.712,0
35.716,0
35.72,0
35.724,0
35.728,0
35.732,-0.175781
35.736,-0.175781
35.74,-0.175781
35.744,-0.175781
35.748,-0.175781
35.752,-0.351562
35.756,-0.351562
35.76,-0.351562
35.764,-0.351562
35.768,-0.351562
35.772,-0.527344
35.776,-0.527344
35.78,-0.527344
35.784,-0.527344
35.788,-0.527344
35.792,-0.703125
35.796,-0.703125
35.8,-0.703125
35.804,-0.703125
35.808,-0.703125
35.812,-0.703125
35.816,-0.703125
35.82,-0.703125
35.824,-0.878906
35.828,-0.878906
35.832,-0.878906
35.836,-0.878906
35.84,-0.878906
35.844,-0.878906
35.848,-0.878906
35.852,-0.878906
35.856,-0.878906
35.86,-0.878906
35.864,-0.878906
35.868,-0.878906
35.872,-0.878906
35.876,-0.878906
35.88,-0.878906
35.884,-0.878906
35.888,-0.878906
35.892,-0.878906
35.896,-0.878906
35.9,-0.878906
35.904,-0.878906
35.908,-0.878906
35.912,-0.878906
35.916,-0.878906
35.92,-0.878906
35.924,-0.878906
35.928,-0.703125
35.932,-0.703125
35.936,-0.703125
35.94,-0.703125
35.944,-0.703125
35.948,-0.703125
35.952,-0.527344
35.956,-0.527344
35.96,-0.527344
35.964,-0.527344
35.968,-0.527344
35.972,-0.351562
35.976,-0.351562
35.98,-0.351562
35.984,-0.351562
35.988,-0.351562
35.992,-0.175781
35.996,-0.175781
36,-0.175781
36.004,-0.175781
36.008,-0.175781
36.012,-0.175781
36.016,-0.175781
36.02,0
36.024,0
36.028,0
36.032,0
36.036,0
36.04,0
36.044,0.175781
36.048,0.175781
36.052,0.175781
36.056,0.175781
36.06,0.175781
36.064,0.175781
36.068,0.351562
36.072,0.351562
36.076,0.351562
36.08,0.351562
36.084,0.351562
36.088,0.351562
36.092,0.527344
36.096,0.527344
36.1,0.527344
36.104,0.527344
36.108,0.527344
36.112,0.527344
36.116,0.527344
36.12,0.527344
36.124,0.527344
36.128,0.527344
36.132,0.527344
36.136,0.527344
36.14,0.527344
36.144,0.527344
36.148,0.527344
36.152,0.527344
36.156,0.527344
36.16,0.527344
36.164,0.527344
36.168,0.527344
36.172,0.527344
36.176,0.527344
36.18,0.527344
36.184,0.527344
36.188,0.527344
36.192,0.527344
36.196,0.527344
36.2,0.527344
36.204,0.527344
36.208,0.527344
36.212,0.527344
36.216,0.527344
36.22,0.527344
36.224,0.527344
36.228,0.351562
36.232,0.351562
36.236,0.351562
36.24,0.351562
36.244,0.351562
36.248,0.351562
36.252,0.175781
36.256,0.175781
36.26,0.175781
36.264,0.175781
36.268,0.175781
36.272,0.175781
36.276,0
36.28,0
36.284,0
36.288,0
36.292,0
36.296,0
36.3,-0.175781
36.304,-0.175781
36.308,-0.175781
36.312,-0.175781
36.316,-0.175781
36.32,-0.175781
36.324,-0.351562
36.328,-0.351562
36.332,-0.351562
36.336,-0.351562
36.34,-0.351562
36.344,-0.527344
36.348,-0.527344
36.352,-0.527344
36.356,-0.527344
36.36,-0.527344
36.364,-0.527344
36.368,-0.703125
36.372,-0.703125
36.376,-0.703125
36.38,-0.703125
36.384,-0.703125
36.388,-0.703125
36.392,-0.703125
36.396,-0.703125
36.4,-0.703125
36.404,-0.878906
36.408,-0.878906
36.412,-0.878906
36.416,-0.878906
36.42,-0.878906
36.424,-0.878906
36.428,-0.878906
36.432,-0.878906
36.436,-0.878906
36.44,-0.878906
36.444,-0.878906
36.448,-0.878906
36.452,-0.878906
36.456,-0.878906
36.46,-0.878906
36.464,-0.878906
36.468,-0.878906
36.472,-0.878906
36.476,-0.878906
36.48,-0.703125
36.484,-0.703125
36.488,-0.703125
36.492,-0.703125
36.496,-0.703125
36.5,-0.703125
36.504,-0.703125
36.508,-0.703125
36.512,-0.527344
36.516,-0.527344
36.52,-0.527344
36.524,-0.527344
36.528,-0.527344
36.532,-0.527344
36.536,-0.527344
36.54,-0.351562
36.544,-0.351562
36.548,-0.351562
36.552,-0.351562
36.556,-0.351562
36.56,-0.351562
36.564,-0.175781
36.568,-0.175781
36.572,-0.175781
36.576,-0.175781
36.58,-0.175781
36.584,-0.175781
36.588,0
36.592,0
36.596,0
36.6,0
36.604,0
36.608,0.175781
36.612,0.175781
36.616,0.175781
36.62,0.175781
36.624,0.175781
36.628,0.175781
36.632,0.175781
36.636,0.351562
36.64,0.351562
36.644,0.351562
36.648,0.351562
36.652,0.351562
36.656,0.351562
36.66,0.351562
36.664,0.527344
36.668,0.527344
36.672,0.527344
36.676,0.527344
36.68,0.527344
36.684,0.527344
36.688,0.527344
36.692,0.527344
36.696,0.527344
36.7,0.527344
36.704,0.527344
36.708,0.527344
36.712,0.527344
36.716,0.527344
36.72,0.527344
36.724,0.527344
36.728,0.527344
36.732,0.527344
36.736,0.527344
36.74,0.527344
36.744,0.527344
36.748,0.527344
36.752,0.527344
36.756,0.527344
36.76,0.527344
36.764,0.527344
36.768,0.527344
36.772,0.527344
36.776,0.527344
36.78,0.527344
36.784,0.527344
36.788,0.527344
36.792,0.527344
36.796,0.351562
36.8,0.351562
36.804,0.351562
36.808,0.351562
36.812,0.351562
36.816,0.351562
36.82,0.351562
36.824,0.175781
36.828,0.175781
36.832,0.175781
36.836,0.175781
36.84,0.175781
36.844,0.175781
36.848,0
36.852,0
36.856,0
36.86,0
36.864,0
36.868,-0.175781
36.872,-0.175781
36.876,-0.175781
36.88,-0.175781
36.884,-0.175781
36.888,-0.175781
36.892,-0.175781
36.896,-0.351562
36.9,-0.351562
36.904,-0.351562
36.908,-0.351562
36.912,-0.351562
36.916,-0.351562
36.92,-0.351562
36.924,-0.527344
36.928,-0.527344
36.932,-0.527344
36.936,-0.527344
36.94,-0.527344
36.944,-0.527344
36.948,-0.527344
36.952,-0.703125
36.956,-0.703125
36.96,-0.703125
36.964,-0.703125
36.968,-0.703125
36.972,-0.703125
36.976,-0.703125
36.98,-0.703125
36.984,-0.703125
36.988,-0.703125
36.992,-0.703125
36.996,-0.703125
37,-0.878906
37.004,-0.878906
37.008,-0.878906
37.012,-0.878906
37.016,-0.703125
37.02,-0.703125
37.024,-0.703125
37.028,-0.703125
37.032,-0.703125
37.036,-0.703125
37.04,-0.703125
37.044,-0.703125
37.048,-0.703125
37.052,-0.703125
37.056,-0.703125
37.06,-0.703125
37.064,-0.703125
37.068,-0.703125
37.072,-0.703125
37.076,-0.703125
37.08,-0.527344
37.084,-0.527344
37.088,-0.527344
37.092,-0.527344
37.096,-0.527344
37.1,-0.527344
37.104,-0.527344
37.108,-0.351562
37.112,-0.351562
37.116,-0.351562
37.12,-0.351562
37.124,-0.351562
37.128,-0.351562
37.132,-0.351562
37.136,-0.175781
37.14,-0.175781
37.144,-0.175781
37.148,-0.175781
37.152,-0.175781
37.156,-0.175781
37.16,0
37.164,0
37.168,0
37.172,0
37.176,0
37.18,0
37.184,0.175781
37.188,0.175781
37.192,0.175781
37.196,0.175781
37.2,0.175781
37.204,0.175781
37.208,0.351562
37.212,0.351562
37.216,0.351562
37.22,0.351562
37.224,0.351562
37.228,0.351562
37.232,0.351562
37.236,0.351562
37.24,0.351562
37.244,0.351562
37.248,0.527344
37.252,0.527344
37.256,0.527344
37.26,0.527344
37.264,0.527344
37.268,0.527344
37.272,0.527344
37.276,0.527344
37.28,0.527344
37.284,0.527344
37.288,0.527344
37.292,0.527344
37.296,0.527344
37.3,0.527344
37.304,0.527344
37.308,0.527344
37.312,0.527344
37.316,0.527344
37.32,0.527344
37.324,0.527344
37.328,0.527344
37.332,0.527344
37.336,0.527344
37.34,0.527344
37.344,0.527344
37.348,0.527344
37.352,0.527344
37.356,0.351562
37.36,0.351562
37.364,0.351562
37.368,0.351562
37.372,0.351562
37.376,0.351562
37.38,0.175781
37.384,0.175781
37.388,0.175781
37.392,0.175781
37.396,0.175781
37.4,0.175781
37.404,0
37.408,0
37.412,0
37.416,0
37.42,0
37.424,0
37.428,-0.175781
37.432,-0.175781
37.436,-0.175781
37.44,-0.175781
37.444,-0.175781
37.448,-0.175781
37.452,-0.175781
37.456,-0.175781
37.46,-0.351562
37.464,-0.351562
37.468,-0.351562
37.472,-0.351562
37.476,-0.351562
37.48,-0.351562
37.484,-0.351562
37.488,-0.527344
37.492,-0.527344
37.496,-0.527344
37.5,-0.527344
37.504,-0.527344
37.508,-0.527344
37.512,-0.527344
37.516,-0.527344
37.52,-0.703125
37.524,-0.703125
37.528,-0.703125
37.532,-0.703125
37.536,-0.703125
37.54,-0.703125
37.544,-0.703125
37.548,-0.703125
37.552,-0.703125
37.556,-0.703125
37.56,-0.703125
37.564,-0.703125
37.568,-0.703125
37.572,-0.703125
37.576,-0.703125
37.58,-0.703125
37.584,-0.703125
37.588,-0.703125
37.592,-0.703125
37.596,-0.703125
37.6,-0.703125
37.604,-0.703125
37.608,-0.703125
37.612,-0.703125
37.616,-0.703125
37.62,-0.703125
37.624,-0.703125
37.628,-0.703125
37.632,-0.703125
37.636,-0.527344
37.64,-0.527344
37.644,-0.527344
37.648,-0.527344
37.652,-0.527344
37.656,-0.527344
37.66,-0.527344
37.664,-0.527344
37.668,-0.351562
37.672,-0.351562
37.676,-0.351562
37.68,-0.351562
37.684,-0.351562
37.688,-0.351562
37.692,-0.351562
37.696,-0.175781
37.7,-0.175781
37.704,-0.175781
37.708,-0.175781
37.712,-0.175781
37.716,-0.175781
37.72,-0.175781
37.724,-0.175781
37.728,0
37.732,0
37.736,0
37.74,0
37.744,0
37.748,0
37.752,0
37.756,0.175781
37.76,0.175781
37.764,0.175781
37.768,0.175781
37.772,0.175781
37.776,0.175781
37.78,0.175781
37.784,0.351562
37.788,0.351562
37.792,0.351562
37.796,0.351562
37.8,0.351562
37.804,0.351562
37.808,0.351562
37.812,0.351562
37.816,0.351562
37.82,0.351562
37.824,0.351562
37.828,0.351562
37.832,0.351562
37.836,0.351562
37.84,0.351562
37.844,0.351562
37.848,0.351562
37.852,0.351562
37.856,0.351562
37.86,0.351562
37.864,0.351562
37.868,0.351562
37.872,0.351562
37.876,0.351562
37.88,0.351562
37.884,0.351562
37.888,0.351562
37.892,0.351562
37.896,0.351562
37.9,0.351562
37.904,0.351562
37.908,0.351562
37.912,0.351562
37.916,0.351562
37.92,0.351562
37.924,0.351562
37.928,0.175781
37.932,0.175781
37.936,0.175781
37.94,0.175781
37.944,0.175781
37.948,0.175781
37.952,0.175781
37.956,0.175781
37.96,0
37.964,0
37.968,0
37.972,0
37.976,0
37.98,0
37.984,0
37.988,0
37.992,-0.175781
37.996,-0.175781
38,-0.175781
38.004,-0.175781
38.008,-0.175781
38.012,-0.175781
38.016,-0.175781
38.02,-0.175781
38.024,-0.175781
38.028,-0.351562
38.032,-0.351562
38.036,-0.351562
38.04,-0.351562
38.044,-0.351562
38.048,-0.351562
38.052,-0.351562
38.056,-0.527344
38.06,-0.527344
38.064,-0.527344
38.068,-0.527344
38.072,-0.527344
38.076,-0.527344
38.08,-0.527344
38.084,-0.527344
38.088,-0.527344
38.092,-0.527344
38.096,-0.703125
38.1,-0.703125
38.104,-0.703125
38.108,-0.703125
38.112,-0.703125
38.116,-0.703125
38.12,-0.703125
38.124,-0.703125
38.128,-0.703125
38.132,-0.703125
38.136,-0.703125
38.14,-0.703125
38.144,-0.703125
38.148,-0.703125
38.152,-0.703125
38.156,-0.703125
38.16,-0.527344
38.164,-0.527344
38.168,-0.527344
38.172,-0.527344
38.176,-0.527344
38.18,-0.527344
38.184,-0.527344
38.188,-0.527344
38.192,-0.527344
38.196,-0.527344
38.2,-0.527344
38.204,-0.527344
38.208,-0.527344
38.212,-0.527344
38.216,-0.527344
38.22,-0.527344
38.224,-0.351562
38.228,-0.351562
38.232,-0.351562
38.236,-0.351562
38.24,-0.351562
38.244,-0.351562
38.248,-0.351562
38.252,-0.351562
38.256,-0.351562
38.26,-0.175781
38.264,-0.175781
38.268,-0.175781
38.272,-0.175781
38.276,-0.175781
38.28,-0.175781
38.284,-0.175781
38.288,-0.175781
38.292,-0.175781
38.296,0
38.3,0
38.304,0
38.308,0
38.312,0
38.316,0
38.32,0
38.324,0
38.328,0.175781
38.332,0.175781
38.336,0.175781
38.34,0.175781
38.344,0.175781
38.348,0.175781
38.352,0.175781
38.356,0.175781
38.36,0.175781
38.364,0.175781
38.368,0.351562
38.372,0.351562
38.376,0.351562
38.38,0.351562
38.384,0.351562
38.388,0.351562
38.392,0.351562
38.396,0.351562
38.4,0.351562
38.404,0.351562
38.408,0.351562
38.412,0.351562
38.416,0.351562
38.42,0.351562
38.424,0.351562
38.428,0.351562
38.432,0.351562
38.436,0.351562
38.44,0.351562
38.444,0.351562
38.448,0.351562
38.452,0.351562
38.456,0.351562
38.46,0.351562
38.464,0.351562
38.468,0.351562
38.472,0.351562
38.476,0.351562
38.48,0.351562
38.484,0.351562
38.488,0.351562
38.492,0.351562
38.496,0.351562
38.5,0.351562
38.504,0.351562
38.508,0.351562
38.512,0.175781
38.516,0.175781
38.52,0.175781
38.524,0.175781
38.528,0.175781
38.532,0.175781
38.536,0.175781
38.54,0.175781
38.544,0
38.548,0
38.552,0
38.556,0
38.56,0
38.564,0
38.568,0
38.572,0
38.576,0
38.58,0
38.584,0
38.588,-0.175781
38.592,-0.175781
38.596,-0.175781
38.6,-0.175781
38.604,-0.175781
38.608,-0.175781
38.612,-0.175781
38.616,-0.175781
38.62,-0.351562
38.624,-0.351562
38.628,-0.351562
38.632,-0.351562
38.636,-0.351562
38.64,-0.351562
38.644,-0.351562
38.648,-0.351562
38.652,-0.527344
38.656,-0.527344
38.66,-0.527344
38.664,-0.527344
38.668,-0.527344
38.672,-0.527344
38.676,-0.527344
38.68,-0.527344
38.684,-0.527344
38.688,-0.527344
38.692,-0.527344
38.696,-0.527344
38.7,-0.527344
38.704,-0.527344
38.708,-0.527344
38.712,-0.527344
38.716,-0.527344
38.72,-0.527344
38.724,-0.527344
38.728,-0.527344
38.732,-0.527344
38.736,-0.527344
38.74,-0.527344
38.744,-0.527344
38.748,-0.527344
38.752,-0.527344
38.756,-0.527344
38.76,-0.527344
38.764,-0.527344
38.768,-0.527344
38.772,-0.527344
38.776,-0.527344
38.78,-0.527344
38.784,-0.527344
38.788,-0.527344
38.792,-0.527344
38.796,-0.527344
38.8,-0.527344
38.804,-0.351562
38.808,-0.351562
38.812,-0.351562
38.816,-0.351562
38.82,-0.351562
38.824,-0.351562
38.828,-0.351562
38.832,-0.351562
38.836,-0.175781
38.84,-0.175781
38.844,-0.175781
38.848,-0.175781
38.852,-0.175781
38.856,-0.175781
38.86,-0.175781
38.864,-0.175781
38.868,0
38.872,0
38.876,0
38.88,0
38.884,0
38.888,0
38.892,0
38.896,0
38.9,0
38.904,0
38.908,0
38.912,0.175781
38.916,0.175781
38.92,0.175781
38.924,0.175781
38.928,0.175781
38.932,0.175781
38.936,0.175781
38.94,0.175781
38.944,0.175781
38.948,0.351562
38.952,0.351562
38.956,0.351562
38.96,0.351562
38.964,0.351562
38.968,0.351562
38.972,0.351562
38.976,0.351562
38.98,0.351562
38.984,0.351562
38.988,0.351562
38.992,0.351562
38.996,0.351562
39,0.351562
39.004,0.351562
39.008,0.351562
39.012,0.351562
39.016,0.351562
39.02,0.351562
39.024,0.351562
39.028,0.351562
39.032,0.351562
39.036,0.351562
39.04,0.351562
39.044,0.351562
39.048,0.351562
39.052,0.351562
39.056,0.351562
39.06,0.351562
39.064,0.175781
39.068,0.175781
39.072,0.175781
39.076,0.175781
39.08,0.175781
39.084,0.175781
39.088,0.175781
39.092,0.175781
39.096,0.175781
39.1,0.175781
39.104,0.175781
39.108,0
39.112,0
39.116,0
39.12,0
39.124,0
39.128,0
39.132,0
39.136,0
39.14,0
39.144,0
39.148,0
39.152,-0.175781
39.156,-0.175781
39.16,-0.175781
39.164,-0.175781
39.168,-0.175781
39.172,-0.175781
39.176,-0.175781
39.18,-0.175781
39.184,-0.175781
39.188,-0.175781
39.192,-0.351562
39.196,-0.351562
39.2,-0.351562
39.204,-0.351562
39.208,-0.351562
39.212,-0.351562
39.216,-0.351562
39.22,-0.351562
39.224,-0.351562
39.228,-0.351562
39.232,-0.351562
39.236,-0.351562
39.24,-0.351562
39.244,-0.351562
39.248,-0.527344
39.252,-0.527344
39.256,-0.527344
39.26,-0.527344
39.264,-0.527344
39.268,-0.527344
39.272,-0.527344
39.276,-0.527344
39.28,-0.527344
39.284,-0.527344
39.288,-0.527344
39.292,-0.527344
39.296,-0.527344
39.3,-0.527344
39.304,-0.527344
39.308,-0.527344
39.312,-0.527344
39.316,-0.527344
39.32,-0.527344
39.324,-0.527344
39.328,-0.527344
39.332,-0.527344
39.336,-0.527344
39.34,-0.527344
39.344,-0.527344
39.348,-0.351562
39.352,-0.351562
39.356,-0.351562
39.36,-0.351562
39.364,-0.351562
39.368,-0.351562
39.372,-0.351562
39.376,-0.351562
39.38,-0.351562
39.384,-0.351562
39.388,-0.351562
39.392,-0.351562
39.396,-0.175781
39.4,-0.175781
39.404,-0.175781
39.408,-0.175781
39.412,-0.175781
39.416,-0.175781
39.42,-0.175781
39.424,-0.175781
39.428,-0.175781
39.432,-0.175781
39.436,-0.175781
39.44,0
39.444,0
39.448,0
39.452,0
39.456,0
39.46,0
39.464,0
39.468,0
39.472,0
39.476,0
39.48,0.175781
39.484,0.175781
39.488,0.175781
39.492,0.175781
39.496,0.175781
39.5,0.175781
39.504,0.175781
39.508,0.175781
39.512,0.175781
39.516,0.175781
39.52,0.175781
39.524,0.175781
39.528,0.175781
39.532,0.175781
39.536,0.175781
39.54,0.175781
39.544,0.175781
39.548,0.175781
39.552,0.175781
39.556,0.175781
39.56,0.175781
39.564,0.175781
39.568,0.175781
39.572,0.175781
39.576,0.175781
39.58,0.175781
39.584,0.175781
39.588,0.175781
39.592,0.175781
39.596,0.175781
39.6,0.175781
39.604,0.175781
39.608,0.175781
39.612,0.175781
39.616,0.175781
39.62,0.175781
39.624,0.175781
39.628,0.175781
39.632,0.175781
39.636,0.175781
39.64,0.175781
39.644,0.175781
39.648,0.175781
39.652,0.175781
39.656,0.175781
39.66,0.175781
39.664,0.175781
39.668,0.175781
39.672,0
39.676,0
39.68,0
39.684,0
39.688,0
39.692,0
39.696,0
39.7,0
39.704,0
39.708,0
39.712,0
39.716,0
39.72,0
39.724,-0.175781
39.728,-0.175781
39.732,-0.175781
39.736,-0.175781
39.74,-0.175781
39.744,-0.175781
39.748,-0.175781
39.752,-0.175781
39.756,-0.175781
39.76,-0.175781
39.764,-0.175781
39.768,-0.175781
39.772,-0.175781
39.776,-0.351562
39.78,-0.351562
39.784,-0.351562
39.788,-0.351562
39.792,-0.351562
39.796,-0.351562
39.8,-0.351562
39.804,-0.351562
39.808,-0.351562
39.812,-0.351562
39.816,-0.351562
39.82,-0.351562
39.824,-0.351562
39.828,-0.527344
39.832,-0.527344
39.836,-0.527344
39.84,-0.527344
39.844,-0.527344
39.848,-0.527344
39.852,-0.527344
39.856,-0.527344
39.86,-0.527344
39.864,-0.527344
39.868,-0.527344
39.872,-0.527344
39.876,-0.527344
39.88,-0.527344
39.884,-0.527344
39.888,-0.527344
39.892,-0.527344
39.896,-0.527344
39.9,-0.527344
39.904,-0.527344
39.908,-0.527344
39.912,-0.351562
39.916,-0.351562
39.92,-0.351562
39.924,-0.351562
39.928,-0.351562
39.932,-0.351562
39.936,-0.351562
39.94,-0.351562
39.944,-0.351562
39.948,-0.351562
39.952,-0.351562
39.956,-0.351562
39.96,-0.351562
39.964,-0.351562
39.968,-0.175781
39.972,-0.175781
39.976,-0.175781
39.98,-0.175781
39.984,-0.175781
39.988,-0.175781
39.992,-0.175781
39.996,-0.175781
40,-0.175781
40.004,-0.175781
40.008,-0.175781
40.012,-0.175781
40.016,0
40.02,0
40.024,0
40.028,0
40.032,0
40.036,0
40.04,0
40.044,0
40.048,0
40.052,0.175781
40.056,0.175781
40.06,0.175781
40.064,0.175781
40.068,0.175781
40.072,0.175781
40.076,0.175781
40.08,0.175781
40.084,0.175781
40.088,0.175781
40.092,0.175781
40.096,0.175781
40.1,0.175781
40.104,0.175781
40.108,0.175781
40.112,0.175781
40.116,0.175781
40.12,0.175781
40.124,0.175781
40.128,0.175781
40.132,0.175781
40.136,0.175781
40.14,0.351562
40.144,0.351562
40.148,0.351562
40.152,0.351562
40.156,0.351562
40.16,0.351562
40.164,0.351562
40.168,0.351562
40.172,0.351562
40.176,0.351562
40.18,0.351562
40.184,0.175781
40.188,0.175781
40.192,0.175781
40.196,0.175781
40.2,0.175781
40.204,0.175781
40.208,0.175781
40.212,0.175781
40.216,0.175781
40.22,0.175781
40.224,0.175781
40.228,0
40.232,0
40.236,0
40.24,0
40.244,0
40.248,0
40.252,0
40.256,0
40.26,0
40.264,0
40.268,0
40.272,0
40.276,0
40.28,0
40.284,0
40.288,0
40.292,-0.175781
40.296,-0.175781
40.3,-0.175781
40.304,-0.175781
40.308,-0.175781
40.312,-0.175781
40.316,-0.175781
40.32,-0.175781
40.324,-0.175781
40.328,-0.175781
40.332,-0.351562
40.336,-0.351562
40.34,-0.351562
40.344,-0.351562
40.348,-0.351562
40.352,-0.351562
40.356,-0.351562
40.36,-0.351562
40.364,-0.351562
40.368,-0.351562
40.372,-0.351562
40.376,-0.351562
40.38,-0.351562
40.384,-0.351562
40.388,-0.351562
40.392,-0.351562
40.396,-0.351562
40.4,-0.351562
40.404,-0.351562
40.408,-0.351562
40.412,-0.351562
40.416,-0.351562
40.42,-0.351562
40.424,-0.351562
40.428,-0.351562
40.432,-0.351562
40.436,-0.351562
40.44,-0.351562
40.444,-0.351562
40.448,-0.351562
40.452,-0.351562
40.456,-0.351562
40.46,-0.351562
40.464,-0.351562
40.468,-0.351562
40.472,-0.351562
40.476,-0.351562
40.48,-0.351562
40.484,-0.351562
40.488,-0.351562
40.492,-0.351562
40.496,-0.351562
40.5,-0.351562
40.504,-0.351562
40.508,-0.351562
40.512,-0.351562
40.516,-0.351562
40.52,-0.351562
40.524,-0.351562
40.528,-0.351562
40.532,-0.175781
40.536,-0.175781
40.54,-0.175781
40.544,-0.175781
40.548,-0.175781
40.552,-0.175781
40.556,-0.175781
40.56,-0.175781
40.564,-0.175781
40.568,-0.175781
40.572,-0.175781
40.576,-0.175781
40.58,-0.175781
40.584,-0.175781
40.588,-0.175781
40.592,-0.175781
40.596,0
40.6,0
40.604,0
40.608,0
40.612,0
40.616,0
40.62,0
40.624,0
40.628,0
40.632,0
40.636,0
40.64,0
40.644,0
40.648,0
40.652,0.175781
40.656,0.175781
40.66,0.175781
40.664,0.175781
40.668,0.175781
40.672,0.175781
40.676,0.175781
40.68,0.175781
40.684,0.175781
40.688,0.175781
40.692,0.175781
40.696,0.175781
40.7,0.175781
40.704,0.175781
40.708,0.175781
40.712,0.175781
40.716,0.175781
40.72,0.175781
40.724,0.175781
40.728,0.175781
40.732,0.175781
40.736,0.175781
40.74,0.175781
40.744,0.175781
40.748,0.175781
40.752,0.175781
40.756,0.175781
40.76,0.175781
40.764,0.175781
40.768,0.175781
40.772,0.175781
40.776,0.175781
40.78,0.175781
40.784,0.175781
40.788,0.175781
40.792,0.175781
40.796,0
40.8,0
40.804,0
40.808,0
40.812,0
40.816,0
40.82,0
40.824,0
40.828,0
40.832,0
40.836,0
40.84,0
40.844,0
40.848,0
40.852,0
40.856,0
40.86,0
40.864,0
40.868,0
40.872,0
40.876,-0.175781
40.88,-0.175781
40.884,-0.175781
40.888,-0.175781
40.892,-0.175781
40.896,-0.175781
40.9,-0.175781
40.904,-0.175781
40.908,-0.175781
40.912,-0.175781
40.916,-0.175781
40.92,-0.175781
40.924,-0.175781
40.928,-0.175781
40.932,-0.175781
40.936,-0.175781
40.94,-0.175781
40.944,-0.175781
40.948,-0.175781
40.952,-0.175781
40.956,-0.175781
40.96,-0.351562
40.964,-0.351562
40.968,-0.351562
40.972,-0.351562
40.976,-0.351562
40.98,-0.351562
40.984,-0.351562
40.988,-0.351562
40.992,-0.351562
40.996,-0.351562
41,-0.351562
41.004,-0.351562
41.008,-0.351562
41.012,-0.351562
41.016,-0.351562
41.02,-0.351562
41.024,-0.351562
41.028,-0.351562
41.032,-0.351562
41.036,-0.351562
41.04,-0.351562
41.044,-0.351562
41.048,-0.351562
41.052,-0.351562
41.056,-0.351562
41.06,-0.351562
41.064,-0.351562
41.068,-0.351562
41.072,-0.351562
41.076,-0.351562
41.08,-0.351562
41.084,-0.351562
41.088,-0.351562
41.092,-0.351562
41.096,-0.351562
41.1,-0.175781
41.104,-0.175781
41.108,-0.175781
41.112,-0.175781
41.116,-0.175781
41.12,-0.175781
41.124,-0.175781
41.128,-0.175781
41.132,-0.175781
41.136,-0.175781
41.14,-0.175781
41.144,-0.175781
41.148,-0.175781
41.152,-0.175781
41.156,-0.175781
41.16,-0.175781
41.164,-0.175781
41.168,-0.175781
41.172,0
41.176,0
41.18,0
41.184,0
41.188,0
41.192,0
41.196,0
41.2,0
41.204,0
41.208,0
41.212,0
41.216,0
41.22,0
41.224,0
41.228,0
41.232,0
41.236,0
41.24,0
41.244,0
41.248,0
41.252,0
41.256,0
41.26,0
41.264,0
41.268,0
41.272,0
41.276,0
41.28,0
41.284,0
41.288,0
41.292,0
41.296,0
41.3,0
41.304,0
41.308,0
41.312,0
41.316,0
41.32,0
41.324,0
41.328,0
41.332,0
41.336,0
41.34,0
41.344,0
41.348,0
41.352,0
41.356,0
41.36,0
41.364,0
41.368,0
41.372,0
41.376,0
41.38,0
41.384,0
41.388,0
41.392,0
41.396,0
41.4,0
41.404,0
41.408,0
41.412,0
41.416,0
41.42,0
41.424,0
41.428,0
41.432,0
41.436,0
41.44,-0.175781
41.444,-0.175781
41.448,-0.175781
41.452,-0.175781
41.456,-0.175781
41.46,-0.175781
41.464,-0.175781
41.468,-0.175781
41.472,-0.175781
41.476,-0.175781
41.48,-0.175781
41.484,-0.175781
41.488,-0.175781
41.492,-0.175781
41.496,-0.175781
41.5,-0.175781
41.504,-0.175781
41.508,-0.175781
41.512,-0.175781
41.516,-0.175781
41.52,-0.175781
41.524,-0.175781
41.528,-0.175781
41.532,-0.175781
41.536,-0.175781
41.54,-0.175781
41.544,-0.175781
41.548,-0.175781
41.552,-0.175781
41.556,-0.175781
41.56,-0.175781
41.564,-0.175781
41.568,-0.175781
41.572,-0.175781
41.576,-0.175781
41.58,-0.175781
41.584,-0.175781
41.588,-0.175781
41.592,-0.175781
41.596,-0.175781
41.6,-0.175781
41.604,-0.175781
41.608,-0.175781
41.612,-0.175781
41.616,-0.175781
41.62,-0.175781
41.624,-0.175781
41.628,-0.175781
41.632,-0.175781
41.636,-0.175781
41.64,-0.175781
41.644,-0.175781
41.648,-0.175781
41.652,-0.175781
41.656,-0.175781
41.66,-0.175781
41.664,-0.175781
41.668,-0.175781
41.672,-0.175781
41.676,-0.175781
41.68,-0.175781
41.684,-0.175781
41.688,-0.175781
41.692,-0.175781
41.696,-0.175781
41.7,-0.175781
41.704,-0.175781
41.708,-0.175781
41.712,-0.175781
41.716,-0.175781
41.72,-0.175781
41.724,-0.175781
41.728,-0.175781
41.732,-0.175781
41.736,-0.175781
41.74,-0.175781
41.744,-0.175781
41.748,0
41.752,0
41.756,0
41.76,0
41.764,0
41.768,0
41.772,0
41.776,0
41.78,0
41.784,0
41.788,0
41.792,0
41.796,0
41.8,0
41.804,0
41.808,0
41.812,0
41.816,0
41.82,0
41.824,0
41.828,0
41.832,0
41.836,0
41.84,0
41.844,0
41.848,0
41.852,0
41.856,0
41.86,0
41.864,0
41.868,0
41.872,0
41.876,0
41.88,0
41.884,0
41.888,0
41.892,0
41.896,0
41.9,0
41.904,0
41.908,0
41.912,0
41.916,0
41.92,0
41.924,0
41.928,0
41.932,0
41.936,0
41.94,0
41.944,0
41.948,-0.175781
41.952,-0.175781
41.956,-0.175781
41.96,-0.175781
41.964,-0.175781
41.968,-0.175781
41.972,-0.175781
41.976,-0.175781
41.98,-0.175781
41.984,-0.175781
41.988,-0.175781
41.992,-0.175781
41.996,-0.175781
42,-0.175781
42.004,-0.175781
42.008,-0.175781
42.012,-0.175781
42.016,-0.175781
42.02,-0.175781
42.024,-0.175781
42.028,-0.175781
42.032,-0.175781
42.036,-0.175781
42.04,-0.175781
42.044,-0.175781
42.048,-0.175781
42.052,-0.175781
42.056,-0.175781
42.06,-0.175781
42.064,-0.175781
42.068,-0.175781
42.072,-0.175781
42.076,-0.175781
42.08,-0.175781
42.084,-0.175781
42.088,-0.175781
42.092,-0.175781
42.096,-0.175781
42.1,-0.175781
42.104,-0.175781
42.108,-0.175781
42.112,-0.175781
42.116,-0.175781
42.12,-0.175781
42.124,-0.175781
42.128,-0.175781
42.132,-0.175781
42.136,-0.175781
42.14,-0.175781
42.144,-0.175781
42.148,-0.175781
42.152,-0.175781
42.156,-0.175781
42.16,-0.175781
42.164,-0.175781
42.168,-0.175781
42.172,-0.175781
42.176,-0.175781
42.18,-0.175781
42.184,-0.175781
42.188,-0.175781
42.192,-0.175781
42.196,-0.175781
42.2,-0.175781
42.204,-0.175781
42.208,-0.175781
42.212,-0.175781
42.216,-0.175781
42.22,-0.175781
42.224,-0.175781
42.228,-0.175781
42.232,-0.175781
42.236,-0.175781
42.24,-0.175781
42.244,-0.175781
42.248,-0.175781
42.252,-0.175781
42.256,-0.175781
42.26,-0.175781
42.264,-0.175781
42.268,-0.175781
42.272,-0.175781
42.276,-0.175781
42.28,-0.175781
42.284,-0.175781
42.288,-0.175781
42.292,-0.175781
42.296,-0.175781
42.3,-0.175781
42.304,-0.175781
42.308,-0.175781
42.312,-0.175781
42.316,-0.175781
42.32,0
42.324,0
42.328,0
42.332,0
42.336,0
42.34,0
42.344,0
42.348,0
42.352,0
42.356,0
42.36,0
42.364,0
42.368,0
42.372,0
42.376,0
42.38,-0.175781
42.384,-0.175781
42.388,-0.175781
42.392,-0.175781
42.396,-0.175781
42.4,-0.175781
42.404,-0.175781
42.408,-0.175781
42.412,-0.175781
42.416,-0.175781
42.42,-0.175781
42.424,-0.175781
42.428,-0.175781
42.432,-0.175781
42.436,-0.175781
42.44,-0.175781
42.444,-0.175781
42.448,-0.175781
42.452,-0.175781
42.456,-0.175781
42.46,0
42.464,0
42.468,0
42.472,0
42.476,0
42.48,0
42.484,0
42.488,0
42.492,0
42.496,0
42.5,0
42.504,0
42.508,0
42.512,0
42.516,0
42.52,0
42.524,0
42.528,0
42.532,0
42.536,0
42.54,0
42.544,0
42.548,0
42.552,0
42.556,0
42.56,0
42.564,0
42.568,0
42.572,0
42.576,0
42.58,0
42.584,0
42.588,0
42.592,0
42.596,-0.175781
42.6,-0.175781
42.604,-0.175781
42.608,-0.175781
42.612,-0.175781
42.616,-0.175781
42.62,-0.175781
42.624,-0.175781
42.628,-0.175781
42.632,-0.175781
42.636,-0.175781
42.64,-0.175781
42.644,-0.175781
42.648,-0.175781
42.652,-0.175781
42.656,-0.175781
42.66,-0.175781
42.664,-0.175781
42.668,-0.175781
42.672,-0.175781
42.676,-0.175781
42.68,-0.175781
42.684,-0.175781
42.688,-0.175781
42.692,-0.175781
42.696,-0.175781
42.7,-0.175781
42.704,-0.175781
42.708,-0.175781
42.712,-0.175781
42.716,-0.175781
42.72,-0.175781
42.724,-0.175781
42.728,-0.175781
42.732,-0.175781
42.736,-0.175781
42.74,-0.175781
42.744,-0.175781
42.748,-0.175781
42.752,-0.175781
42.756,-0.175781
42.76,-0.175781
42.764,-0.175781
42.768,-0.175781
42.772,-0.175781
42.776,-0.175781
42.78,-0.175781
42.784,-0.175781
42.788,-0.175781
42.792,-0.175781
42.796,-0.175781
42.8,-0.175781
42.804,-0.175781
42.808,-0.175781
42.812,-0.175781
42.816,-0.175781
42.82,-0.175781
42.824,-0.175781
42.828,-0.175781
42.832,-0.175781
42.836,-0.175781
42.84,-0.175781
42.844,-0.175781
42.848,-0.175781
42.852,-0.175781
42.856,-0.175781
42.86,-0.175781
42.864,-0.175781
42.868,-0.175781
42.872,-0.175781
42.876,-0.175781
42.88,-0.175781
42.884,-0.175781
42.888,-0.175781
42.892,-0.175781
42.896,-0.175781
42.9,-0.175781
42.904,-0.175781
42.908,-0.175781
42.912,-0.175781
42.916,-0.175781
42.92,-0.175781
42.924,-0.175781
42.928,-0.175781
42.932,-0.175781
42.936,-0.175781
42.94,-0.175781
42.944,-0.175781
42.948,-0.175781
42.952,-0.175781
42.956,-0.175781
42.96,-0.175781
42.964,-0.175781
42.968,-0.175781
42.972,-0.175781
42.976,0
42.98,0
42.984,0
42.988,0
42.992,0
42.996,0
43,0
43.004,0
43.008,0
43.012,0
43.016,0
43.02,0
43.024,0
43.028,0
43.032,0
43.036,0
43.04,0
43.044,0
43.048,0
43.052,0
43.056,0
43.06,0
43.064,0
43.068,0
43.072,0
43.076,0
43.08,0
43.084,0
43.088,0
43.092,0
43.096,0
43.1,0
43.104,0
43.108,0
43.112,0
43.116,0
43.12,0
43.124,0
43.128,0
43.132,0
43.136,0
43.14,0
43.144,0
43.148,0
43.152,0
43.156,0
43.16,0
43.164,0
43.168,0
43.172,0
43.176,0
43.18,0
43.184,0
43.188,0
43.192,0
43.196,0
43.2,0
43.204,0
43.208,0
43.212,0
43.216,0
43.22,0
43.224,0
43.228,0
43.232,-0.175781
43.236,-0.175781
43.24,-0.175781
43.244,-0.175781
43.248,-0.175781
43.252,-0.175781
43.256,-0.175781
43.26,-0.175781
43.264,-0.175781
43.268,-0.175781
43.272,-0.175781
43.276,-0.175781
43.28,-0.175781
43.284,-0.175781
43.288,-0.175781
43.292,-0.175781
43.296,-0.175781
43.3,-0.175781
43.304,-0.175781
43.308,-0.175781
43.312,-0.175781
43.316,-0.175781
43.32,-0.175781
43.324,-0.175781
43.328,-0.175781
43.332,-0.175781
43.336,-0.175781
43.34,-0.175781
43.344,-0.175781
43.348,-0.175781
43.352,-0.175781
43.356,-0.175781
43.36,-0.175781
43.364,-0.175781
43.368,-0.175781
43.372,-0.175781
43.376,-0.175781
43.38,-0.175781
43.384,-0.175781
43.388,-0.175781
43.392,-0.175781
43.396,-0.175781
43.4,-0.175781
43.404,-0.175781
43.408,-0.175781
43.412,-0.175781
43.416,-0.175781
43.42,-0.175781
43.424,-0.175781
43.428,-0.175781
43.432,-0.175781
43.436,-0.175781
43.44,-0.175781
43.444,-0.175781
43.448,-0.175781
43.452,-0.175781
43.456,-0.175781
43.46,-0.175781
43.464,-0.175781
43.468,-0.175781
43.472,-0.175781
43.476,-0.175781
43.48,0
43.484,0
43.488,0
43.492,0
43.496,0
43.5,0
43.504,-0.175781
43.508,-0.175781
43.512,-0.175781
43.516,-0.175781
43.52,-0.175781
43.524,-0.175781
43.528,-0.175781
43.532,-0.175781
43.536,-0.175781
43.54,-0.175781
43.544,-0.175781
43.548,-0.175781
43.552,-0.175781
43.556,-0.175781
43.56,-0.175781
43.564,-0.175781
43.568,-0.175781
43.572,0
43.576,0
43.58,0
43.584,0
43.588,0
43.592,0
43.596,0
43.6,0
43.604,0
43.608,0
43.612,0
43.616,-0.175781
43.62,-0.175781
43.624,-0.175781
43.628,-0.175781
43.632,-0.175781
43.636,-0.175781
43.64,-0.175781
43.644,-0.175781
43.648,-0.175781
43.652,-0.175781
43.656,-0.175781
43.66,-0.175781
43.664,0
43.668,0
43.672,0
43.676,0
43.68,0
43.684,0
43.688,0
43.692,0
43.696,0
43.7,0
43.704,0
43.708,0
43.712,0
43.716,0
43.72,-0.175781
43.724,-0.175781
43.728,-0.175781
43.732,-0.175781
43.736,-0.175781
43.74,-0.175781
43.744,-0.175781
43.748,-0.175781
43.752,-0.175781
43.756,-0.175781
43.76,-0.175781
43.764,-0.175781
43.768,-0.175781
43.772,-0.175781
43.776,-0.175781
43.78,-0.175781
43.784,-0.175781
43.788,-0.175781
43.792,-0.175781
43.796,-0.175781
43.8,-0.175781
43.804,-0.175781
43.808,-0.175781
43.812,-0.175781
43.816,-0.175781
43.82,-0.175781
43.824,-0.175781
43.828,-0.175781
43.832,-0.175781
43.836,-0.175781
43.84,-0.175781
43.844,-0.175781
43.848,-0.175781
43.852,-0.175781
43.856,-0.175781
43.86,-0.175781
43.864,-0.175781
43.868,-0.175781
43.872,-0.175781
43.876,-0.175781
43.88,-0.175781
43.884,-0.175781
43.888,-0.175781
43.892,-0.175781
43.896,-0.175781
43.9,-0.175781
43.904,-0.175781
43.908,-0.175781
43.912,-0.175781
43.916,-0.175781
43.92,-0.175781
43.924,-0.175781
43.928,-0.175781
43.932,-0.175781
43.936,-0.175781
43.94,-0.175781
43.944,-0.175781
43.948,-0.175781
43.952,-0.175781
43.956,-0.175781
43.96,-0.175781
43.964,-0.175781
43.968,-0.175781
43.972,-0.175781
43.976,-0.175781
43.98,-0.175781
43.984,-0.175781
43.988,-0.175781
43.992,-0.175781
43.996,-0.175781
44,-0.175781
44.004,-0.175781
44.008,-0.175781
44.012,-0.175781
44.016,-0.175781
44.02,-0.175781
44.024,-0.175781
44.028,-0.175781
44.032,-0.175781
44.036,-0.175781
44.04,-0.175781
44.044,-0.175781
44.048,-0.175781
44.052,-0.175781
44.056,-0.175781
44.06,-0.175781
44.064,-0.175781
44.068,-0.175781
44.072,-0.175781
44.076,-0.175781
44.08,-0.175781
44.084,-0.175781
44.088,-0.175781
44.092,-0.175781
44.096,-0.175781
44.1,-0.175781
44.104,-0.175781
44.108,-0.175781
44.112,-0.175781
44.116,-0.175781
44.12,-0.175781
44.124,-0.175781
44.128,-0.175781
44.132,-0.175781
44.136,-0.175781
44.14,-0.175781
44.144,-0.175781
44.148,-0.175781
44.152,-0.175781
44.156,-0.175781
44.16,-0.175781
44.164,-0.175781
44.168,-0.175781
44.172,-0.175781
44.176,-0.175781
44.18,-0.175781
44.184,-0.175781
44.188,-0.175781
44.192,-0.175781
44.196,-0.175781
44.2,-0.175781
44.204,-0.175781
44.208,-0.175781
44.212,-0.175781
44.216,-0.175781
44.22,-0.175781
44.224,-0.175781
44.228,-0.175781
44.232,-0.175781
44.236,-0.175781
44.24,-0.175781
44.244,-0.175781
44.248,-0.175781
44.252,-0.175781
44.256,-0.175781
44.26,-0.175781
44.264,-0.175781
44.268,-0.175781
44.272,-0.175781
44.276,-0.175781
44.28,-0.175781
44.284,-0.175781
44.288,-0.175781
44.292,-0.175781
44.296,-0.175781
44.3,-0.175781
44.304,-0.175781
44.308,-0.175781
44.312,-0.175781
44.316,-0.175781
44.32,-0.175781
44.324,-0.175781
44.328,-0.175781
44.332,-0.175781
44.336,-0.175781
44.34,-0.175781
44.344,-0.175781
44.348,-0.175781
44.352,-0.175781
44.356,-0.175781
44.36,-0.175781
44.364,-0.175781
44.368,-0.175781
44.372,-0.175781
44.376,-0.175781
44.38,-0.175781
44.384,-0.175781
44.388,-0.175781
44.392,-0.175781
44.396,-0.175781
44.4,-0.175781
44.404,-0.175781
44.408,-0.175781
44.412,-0.175781
44.416,-0.175781
44.42,-0.175781
44.424,-0.175781
44.428,-0.175781
44.432,-0.175781
44.436,-0.175781
44.44,-0.175781
44.444,-0.175781
44.448,-0.175781
44.452,-0.175781
44.456,-0.175781
44.46,-0.175781
44.464,-0.175781
44.468,-0.175781
44.472,-0.175781
44.476,-0.175781
44.48,-0.175781
44.484,-0.175781
44.488,-0.175781
44.492,-0.175781
44.496,-0.175781
44.5,-0.175781
44.504,-0.175781
44.508,-0.175781
44.512,-0.175781
44.516,-0.175781
44.52,-0.175781
44.524,-0.175781
44.528,-0.175781
44.532,-0.175781
44.536,-0.175781
44.54,-0.175781
44.544,-0.175781
44.548,-0.175781
44.552,-0.175781
44.556,-0.175781
44.56,0
44.564,0
44.568,0
44.572,0
44.576,0
44.58,0
44.584,0
44.588,0
44.592,0
44.596,-0.175781
44.6,-0.175781
44.604,-0.175781
44.608,-0.175781
44.612,-0.175781
44.616,-0.175781
44.62,-0.175781
44.624,-0.175781
44.628,-0.175781
44.632,-0.175781
44.636,-0.175781
44.64,-0.175781
44.644,-0.175781
44.648,-0.175781
44.652,-0.175781
44.656,-0.175781
44.66,-0.175781
44.664,-0.175781
44.668,-0.175781
44.672,-0.175781
44.676,-0.175781
44.68,-0.175781
44.684,-0.175781
44.688,-0.175781
44.692,-0.175781
44.696,-0.175781
44.7,-0.175781
44.704,-0.175781
44.708,-0.175781
44.712,-0.175781
44.716,-0.175781
44.72,-0.175781
44.724,-0.175781
44.728,-0.175781
44.732,-0.175781
44.736,-0.175781
44.74,-0.175781
44.744,-0.175781
44.748,-0.175781
44.752,-0.175781
44.756,-0.175781
44.76,-0.175781
44.764,-0.175781
44.768,-0.175781
44.772,-0.175781
44.776,-0.175781
44.78,-0.175781
44.784,-0.175781
44.788,-0.175781
44.792,-0.175781
44.796,-0.175781
44.8,-0.175781
44.804,-0.175781
44.808,-0.175781
44.812,-0.175781
44.816,-0.175781
44.82,-0.175781
44.824,-0.175781
44.828,-0.175781
44.832,-0.175781
44.836,-0.175781
44.84,-0.175781
44.844,-0.175781
44.848,-0.175781
44.852,-0.175781
44.856,-0.175781
44.86,-0.175781
44.864,-0.175781
44.868,-0.175781
44.872,-0.175781
44.876,-0.175781
44.88,-0.175781
44.884,-0.175781
44.888,-0.175781
44.892,-0.175781
44.896,-0.175781
44.9,-0.175781
44.904,-0.175781
44.908,-0.175781
44.912,-0.175781
44.916,-0.175781
44.92,-0.175781
44.924,-0.175781
44.928,-0.175781
44.932,-0.175781
44.936,-0.175781
44.94,-0.175781
44.944,-0.175781
44.948,-0.175781
44.952,-0.175781
44.956,-0.175781
44.96,-0.175781
44.964,-0.175781
44.968,-0.175781
44.972,-0.175781
44.976,-0.175781
44.98,-0.175781
44.984,-0.175781
44.988,-0.175781
44.992,-0.175781
44.996,-0.175781
45,-0.175781
45.004,-0.175781
45.008,-0.175781
45.012,-0.175781
45.016,-0.175781
45.02,0
45.024,0
45.028,0
45.032,0
45.036,0
45.04,0
45.044,0
45.048,0
45.052,0
45.056,0
45.06,0
45.064,0
45.068,0
45.072,0
45.076,0
45.08,0
45.084,0
45.088,0
45.092,0
45.096,0
45.1,0
45.104,0
45.108,0
45.112,0
45.116,-0.175781
45.12,-0.175781
45.124,-0.175781
45.128,-0.175781
45.132,-0.175781
45.136,-0.175781
45.14,-0.175781
45.144,-0.175781
45.148,-0.175781
45.152,-0.175781
45.156,-0.175781
45.16,-0.175781
45.164,-0.175781
45.168,-0.175781
45.172,-0.175781
45.176,-0.175781
45.18,-0.175781
45.184,-0.175781
45.188,-0.175781
45.192,-0.175781
45.196,-0.175781
45.2,-0.175781
45.204,-0.175781
45.208,-0.175781
45.212,-0.175781
45.216,-0.175781
45.22,-0.175781
45.224,-0.175781
45.228,-0.175781
45.232,-0.175781
45.236,-0.175781
45.24,-0.175781
45.244,-0.175781
45.248,-0.175781
45.252,-0.175781
45.256,-0.175781
45.26,-0.175781
45.264,-0.175781
45.268,-0.175781
45.272,-0.175781
45.276,-0.175781
45.28,-0.175781
45.284,-0.175781
45.288,-0.175781
45.292,-0.175781
45.296,-0.175781
45.3,-0.175781
45.304,-0.175781
45.308,-0.175781
45.312,-0.175781
45.316,-0.175781
45.32,-0.175781
45.324,-0.175781
45.328,-0.175781
45.332,-0.175781
45.336,-0.175781
45.34,-0.175781
45.344,-0.175781
45.348,-0.175781
45.352,-0.175781
45.356,-0.175781
45.36,-0.175781
45.364,-0.175781
45.368,-0.175781
45.372,-0.175781
45.376,-0.175781
45.38,-0.175781
45.384,-0.175781
45.388,-0.175781
45.392,-0.175781
45.396,-0.175781
45.4,-0.175781
45.404,-0.175781
45.408,-0.175781
45.412,-0.175781
45.416,-0.175781
45.42,-0.175781
45.424,-0.175781
45.428,-0.175781
45.432,-0.175781
45.436,-0.175781
45.44,-0.175781
45.444,-0.175781
45.448,-0.175781
45.452,-0.175781
45.456,-0.175781
45.46,-0.175781
45.464,-0.175781
45.468,-0.175781
45.472,-0.175781
45.476,-0.175781
45.48,-0.175781
45.484,-0.175781
45.488,-0.175781
45.492,-0.175781
45.496,-0.175781
45.5,-0.175781
45.504,-0.175781
45.508,-0.175781
45.512,-0.175781
45.516,-0.175781
45.52,-0.175781
45.524,-0.175781
45.528,-0.175781
45.532,-0.175781
45.536,-0.175781
45.54,-0.175781
45.544,-0.175781
45.548,-0.175781
45.552,-0.175781
45.556,-0.175781
45.56,-0.175781
45.564,-0.175781
45.568,-0.175781
45.572,-0.175781
45.576,-0.175781
45.58,-0.175781
45.584,-0.175781
45.588,-0.175781
45.592,-0.175781
45.596,-0.175781
45.6,-0.175781
45.604,-0.175781
45.608,-0.175781
45.612,-0.175781
45.616,-0.175781
45.62,-0.175781
45.624,-0.175781
45.628,-0.175781
45.632,-0.175781
45.636,-0.175781
45.64,-0.175781
45.644,-0.175781
45.648,-0.175781
45.652,-0.175781
45.656,0
45.66,0
45.664,0
45.668,0
45.672,0
45.676,0
45.68,0
45.684,0
45.688,0
45.692,0
45.696,0
45.7,0
45.704,0
45.708,0
45.712,0
45.716,0
45.72,-0.175781
45.724,-0.175781
45.728,-0.175781
45.732,-0.175781
45.736,-0.175781
45.74,-0.175781
45.744,-0.175781
45.748,-0.175781
45.752,-0.175781
45.756,-0.175781
45.76,-0.175781
45.764,-0.175781
45.768,-0.175781
45.772,-0.175781
45.776,-0.175781
45.78,-0.175781
45.784,-0.175781
45.788,-0.175781
45.792,-0.175781
45.796,-0.175781
45.8,-0.175781
45.804,-0.175781
45.808,-0.175781
45.812,-0.175781
45.816,-0.175781
45.82,-0.175781
45.824,-0.175781
45.828,-0.175781
45.832,-0.175781
45.836,-0.175781
45.84,-0.175781
45.844,-0.175781
45.848,-0.175781
45.852,-0.175781
45.856,-0.175781
45.86,-0.175781
45.864,-0.175781
45.868,-0.175781
45.872,-0.175781
45.876,-0.175781
45.88,-0.175781
45.884,-0.175781
45.888,-0.175781
45.892,-0.175781
45.896,-0.175781
45.9,-0.175781
45.904,-0.175781
45.908,-0.175781
45.912,-0.175781
45.916,-0.175781
45.92,-0.175781
45.924,-0.175781
45.928,-0.175781
45.932,-0.175781
45.936,-0.175781
45.94,-0.175781
45.944,-0.175781
45.948,-0.175781
45.952,-0.175781
45.956,-0.175781
45.96,-0.175781
45.964,-0.175781
45.968,-0.175781
45.972,-0.175781
45.976,-0.175781
45.98,-0.175781
45.984,-0.175781
45.988,-0.175781
45.992,-0.175781
45.996,-0.175781
46,-0.175781
46.004,-0.175781
46.008,-0.175781
46.012,-0.175781
46.016,-0.175781
46.02,-0.175781
46.024,-0.175781
46.028,-0.175781
46.032,-0.175781
46.036,-0.175781
46.04,-0.175781
46.044,-0.175781
46.048,-0.175781
46.052,-0.175781
46.056,-0.175781
46.06,-0.175781
46.064,-0.175781
46.068,-0.175781
46.072,-0.175781
46.076,-0.175781
46.08,-0.175781
46.084,-0.175781
46.088,-0.175781
46.092,-0.175781
46.096,-0.175781
46.1,-0.175781
46.104,-0.175781
46.108,-0.175781
46.112,-0.175781
46.116,-0.175781
46.12,-0.175781
46.124,-0.175781
46.128,-0.175781
46.132,-0.175781
46.136,-0.175781
46.14,-0.175781
46.144,0
46.148,0
46.152,0
46.156,0
46.16,0
46.164,0
46.168,0
46.172,0
46.176,0
46.18,0
46.184,0
46.188,0
46.192,0
46.196,0
46.2,0
46.204,0
46.208,0
46.212,0
46.216,0
46.22,0
46.224,0
46.228,0
46.232,0
46.236,0
46.24,0
46.244,0
46.248,0
46.252,0
46.256,0
46.26,0
46.264,0
46.268,0
46.272,0
46.276,0
46.28,0
46.284,0
46.288,0
46.292,0
46.296,0
46.3,0
46.304,0
46.308,0
46.312,0
46.316,0
46.32,0
46.324,0
46.328,0
46.332,0
46.336,0
46.34,0
46.344,0
46.348,0
46.352,0
46.356,-0.175781
46.36,-0.175781
46.364,-0.175781
46.368,-0.175781
46.372,-0.175781
46.376,-0.175781
46.38,-0.175781
46.384,-0.175781
46.388,-0.175781
46.392,-0.175781
46.396,-0.175781
46.4,-0.175781
46.404,-0.175781
46.408,-0.175781
46.412,-0.175781
46.416,-0.175781
46.42,-0.175781
46.424,-0.175781
46.428,-0.175781
46.432,-0.175781
46.436,-0.175781
46.44,-0.175781
46.444,-0.175781
46.448,-0.175781
46.452,-0.175781
46.456,-0.175781
46.46,-0.175781
46.464,-0.175781
46.468,-0.175781
46.472,-0.175781
46.476,-0.175781
46.48,-0.175781
46.484,-0.175781
46.488,-0.175781
46.492,-0.175781
46.496,-0.175781
46.5,-0.175781
46.504,-0.175781
46.508,-0.175781
46.512,-0.175781
46.516,-0.175781
46.52,-0.175781
46.524,-0.175781
46.528,-0.175781
46.532,-0.175781
46.536,-0.175781
46.54,-0.175781
46.544,-0.175781
46.548,-0.175781
46.552,-0.175781
46.556,-0.175781
46.56,-0.175781
46.564,-0.175781
46.568,-0.175781
46.572,-0.175781
46.576,-0.175781
46.58,-0.175781
46.584,-0.175781
46.588,-0.175781
46.592,-0.175781
46.596,-0.175781
46.6,-0.175781
46.604,-0.175781
46.608,-0.175781
46.612,-0.175781
46.616,-0.175781
46.62,-0.175781
46.624,-0.175781
46.628,-0.175781
46.632,-0.175781
46.636,-0.175781
46.64,-0.175781
46.644,-0.175781
46.648,-0.175781
46.652,-0.175781
46.656,-0.175781
46.66,-0.175781
46.664,-0.175781
46.668,-0.175781
46.672,0
46.676,0
46.68,0
46.684,0
46.688,0
46.692,0
46.696,0
46.7,0
46.704,0
46.708,0
46.712,-0.175781
46.716,-0.175781
46.72,-0.175781
46.724,-0.175781
46.728,-0.175781
46.732,-0.175781
46.736,-0.175781
46.74,-0.175781
46.744,-0.175781
46.748,-0.175781
46.752,-0.175781
46.756,-0.175781
46.76,-0.175781
46.764,-0.175781
46.768,0
46.772,0
46.776,0
46.78,0
46.784,0
46.788,0
46.792,0
46.796,0
46.8,0
46.804,0
46.808,0
46.812,0
46.816,0
46.82,0
46.824,0
46.828,0
46.832,0
46.836,0
46.84,0
46.844,0
46.848,0
46.852,0
46.856,0
46.86,0
46.864,0
46.868,0
46.872,0
46.876,0
46.88,0
46.884,0
46.888,0
46.892,0
46.896,0
46.9,0
46.904,0
46.908,0
46.912,0
46.916,0
46.92,0
46.924,0
46.928,0
46.932,0
46.936,0
46.94,0
46.944,0
46.948,0
46.952,0
46.956,0
46.96,0
46.964,0
46.968,0
46.972,0
46.976,0
46.98,-0.175781
46.984,-0.175781
46.988,-0.175781
46.992,-0.175781
46.996,-0.175781
47,-0.175781
47.004,-0.175781
47.008,-0.175781
47.012,-0.175781
47.016,-0.175781
47.02,-0.175781
47.024,-0.175781
47.028,-0.175781
47.032,-0.175781
47.036,-0.175781
47.04,-0.175781
47.044,-0.175781
47.048,-0.175781
47.052,-0.175781
47.056,-0.175781
47.06,-0.175781
47.064,-0.175781
47.068,-0.175781
47.072,-0.175781
47.076,-0.175781
47.08,-0.175781
47.084,-0.175781
47.088,-0.175781
47.092,-0.175781
47.096,-0.175781
47.1,-0.175781
47.104,-0.175781
47.108,-0.175781
47.112,-0.175781
47.116,-0.175781
47.12,-0.175781
47.124,-0.175781
47.128,-0.175781
47.132,-0.175781
47.136,-0.175781
47.14,-0.175781
47.144,-0.175781
47.148,-0.175781
47.152,-0.175781
47.156,-0.175781
47.16,-0.175781
47.164,-0.175781
47.168,0
47.172,0
47.176,0
47.18,0
47.184,0
47.188,0
47.192,0
47.196,0
47.2,0
47.204,0
47.208,0
47.212,0
47.216,0
47.22,0
47.224,0
47.228,0
47.232,0
47.236,0
47.24,0
47.244,0
47.248,0
47.252,0
47.256,0
47.26,0
47.264,0
47.268,0
47.272,0
47.276,0
47.28,0
47.284,0
47.288,0
47.292,0
47.296,0
47.3,0
47.304,0
47.308,0
47.312,0
47.316,0
47.32,0
47.324,0
47.328,0
47.332,0
47.336,0
47.34,0
47.344,0
47.348,0
47.352,0
47.356,0
47.36,0
47.364,0
47.368,0
47.372,0
47.376,0
47.38,0
47.384,0
47.388,0
47.392,0
47.396,0
47.4,0
47.404,0
47.408,0
47.412,0
47.416,0
47.42,0
47.424,0
47.428,0
47.432,0
47.436,0
47.44,0
47.444,0
47.448,0
47.452,-0.175781
47.456,-0.175781
47.46,-0.175781
47.464,-0.175781
47.468,-0.175781
47.472,0
47.476,0
47.48,0
47.484,0
47.488,0
47.492,0
47.496,0
47.5,0
47.504,0
47.508,0
47.512,0
47.516,0
47.52,0
47.524,-0.175781
47.528,-0.175781
47.532,-0.175781
47.536,-0.175781
47.54,-0.175781
47.544,-0.175781
47.548,-0.175781
47.552,-0.175781
47.556,-0.175781
47.56,-0.175781
47.564,-0.175781
47.568,-0.175781
47.572,-0.175781
47.576,-0.175781
47.58,-0.175781
47.584,-0.175781
47.588,-0.175781
47.592,-0.175781
47.596,-0.175781
47.6,-0.175781
47.604,-0.175781
47.608,-0.175781
47.612,-0.175781
47.616,-0.175781
47.62,-0.175781
47.624,-0.175781
47.628,-0.175781
47.632,-0.175781
47.636,-0.175781
47.64,-0.175781
47.644,-0.175781
47.648,-0.175781
47.652,-0.175781
47.656,-0.175781
47.66,-0.175781
47.664,-0.175781
47.668,-0.175781
47.672,-0.175781
47.676,-0.175781
47.68,-0.175781
47.684,-0.175781
47.688,-0.175781
47.692,-0.175781
47.696,-0.175781
47.7,-0.175781
