ISO-10303-21;
HEADER;
FILE_DESCRIPTION (( 'STEP AP203' ),
    '1' );
FILE_NAME ('base_qube_Predeterminado_sldprt.STEP',
    '2026-06-14T04:19:31',
    ( '' ),
    ( '' ),
    'SwSTEP 2.0',
    'SolidWorks 2025',
    '' );
FILE_SCHEMA (( 'CONFIG_CONTROL_DESIGN' ));
ENDSEC;

DATA;
#1 = LINE ( 'NONE', #1237, #1100 ) ;
#2 = CARTESIAN_POINT ( 'NONE',  ( 5.399999999948528639, 101.5999999999999943, -23.00984215160004709 ) ) ;
#3 = EDGE_CURVE ( 'NONE', #768, #448, #159, .T. ) ;
#4 = DIRECTION ( 'NONE',  ( -0.000000000000000000, -1.000000000000000000, 0.000000000000000000 ) ) ;
#5 = APPLICATION_PROTOCOL_DEFINITION ( 'international standard', 'config_control_design', 1994, #95 ) ;
#6 = VERTEX_POINT ( 'NONE', #1474 ) ;
#7 = FACE_OUTER_BOUND ( 'NONE', #986, .T. ) ;
#8 = ORIENTED_EDGE ( 'NONE', *, *, #1525, .F. ) ;
#9 = DIRECTION ( 'NONE',  ( -1.000000000000000000, 0.000000000000000000, 2.236690748191447405E-12 ) ) ;
#10 = CARTESIAN_POINT ( 'NONE',  ( 1.387778780784549685E-14, 100.5999999999999943, 1.387778780778341823E-14 ) ) ;
#11 = ADVANCED_FACE ( 'NONE', ( #1585 ), #622, .T. ) ;
#12 = CARTESIAN_POINT ( 'NONE',  ( -50.99999999988551025, 1.156251051772139160, 51.10000000011423538 ) ) ;
#13 = CALENDAR_DATE ( 2026, 13, 6 ) ;
#14 = VERTEX_POINT ( 'NONE', #1483 ) ;
#15 = DIRECTION ( 'NONE',  ( 2.236554691448233712E-12, 0.000000000000000000, 1.000000000000000000 ) ) ;
#16 = APPROVAL_PERSON_ORGANIZATION ( #388, #1475, #1012 ) ;
#17 = VERTEX_POINT ( 'NONE', #852 ) ;
#18 = LINE ( 'NONE', #1008, #975 ) ;
#19 = LINE ( 'NONE', #2, #158 ) ;
#20 = CIRCLE ( 'NONE', #1495, 17.00000000000000000 ) ;
#21 = DIRECTION ( 'NONE',  ( 2.236541106853127467E-12, 0.000000000000000000, 1.000000000000000000 ) ) ;
#22 = CARTESIAN_POINT ( 'NONE',  ( 0.3249999999419905250, 104.5999999999999943, -25.93989476772603453 ) ) ;
#23 = AXIS2_PLACEMENT_3D ( 'NONE', #50, #1183, #200 ) ;
#24 = ORIENTED_EDGE ( 'NONE', *, *, #1309, .T. ) ;
#25 = FACE_BOUND ( 'NONE', #1106, .T. ) ;
#26 = ORIENTED_EDGE ( 'NONE', *, *, #1434, .F. ) ;
#27 = FACE_OUTER_BOUND ( 'NONE', #1383, .T. ) ;
#28 = ORIENTED_EDGE ( 'NONE', *, *, #1026, .F. ) ;
#29 = DIRECTION ( 'NONE',  ( -0.000000000000000000, -1.000000000000000000, 0.000000000000000000 ) ) ;
#30 = DIRECTION ( 'NONE',  ( -1.000000000000000000, 0.000000000000000000, 2.247029135464763175E-12 ) ) ;
#31 =( NAMED_UNIT ( * ) SI_UNIT ( $, .STERADIAN. ) SOLID_ANGLE_UNIT ( ) );
#32 = ORIENTED_EDGE ( 'NONE', *, *, #738, .T. ) ;
#33 = DIRECTION ( 'NONE',  ( 0.000000000000000000, 1.000000000000000000, 0.000000000000000000 ) ) ;
#34 = ADVANCED_FACE ( 'NONE', ( #1464 ), #1382, .F. ) ;
#35 = EDGE_CURVE ( 'NONE', #907, #1159, #143, .T. ) ;
#36 = ORIENTED_EDGE ( 'NONE', *, *, #192, .T. ) ;
#37 = DIRECTION ( 'NONE',  ( -0.000000000000000000, -1.000000000000000000, 0.000000000000000000 ) ) ;
#38 = ORIENTED_EDGE ( 'NONE', *, *, #1314, .F. ) ;
#39 = DIRECTION ( 'NONE',  ( -0.8660254037855578124, 0.000000000000000000, -0.4999999999980614396 ) ) ;
#40 = ADVANCED_FACE ( 'NONE', ( #1607 ), #508, .T. ) ;
#41 = LINE ( 'NONE', #644, #119 ) ;
#42 = CARTESIAN_POINT ( 'NONE',  ( 8.760779182093070716, 107.5999999999999943, -10.27125835146817501 ) ) ;
#43 = VERTEX_POINT ( 'NONE', #124 ) ;
#44 = ORIENTED_EDGE ( 'NONE', *, *, #1156, .T. ) ;
#45 = CARTESIAN_POINT ( 'NONE',  ( 51.09999999988593089, 1.156251051772139160, -51.00000000011429790 ) ) ;
#46 = ADVANCED_FACE ( 'NONE', ( #861 ), #609, .F. ) ;
#47 = AXIS2_PLACEMENT_3D ( 'NONE', #839, #1575, #1338 ) ;
#48 = DIRECTION ( 'NONE',  ( 0.000000000000000000, 1.000000000000000000, 0.000000000000000000 ) ) ;
#49 = ORIENTED_EDGE ( 'NONE', *, *, #1279, .T. ) ;
#50 = CARTESIAN_POINT ( 'NONE',  ( 5.399999999948528639, 103.5000000000000000, -23.00984215160004709 ) ) ;
#51 = EDGE_CURVE ( 'NONE', #58, #188, #398, .T. ) ;
#52 = AXIS2_PLACEMENT_3D ( 'NONE', #1437, #1316, #1442 ) ;
#53 = CARTESIAN_POINT ( 'NONE',  ( -11.03209230344022274, 107.5999999999999943, -12.93417718327590471 ) ) ;
#54 = ORIENTED_EDGE ( 'NONE', *, *, #1139, .F. ) ;
#55 = DIRECTION ( 'NONE',  ( -0.6489466060809685466, 0.000000000000000000, 0.7608339519606049928 ) ) ;
#56 = DIRECTION ( 'NONE',  ( -2.240046172787077135E-12, 0.000000000000000000, -1.000000000000000000 ) ) ;
#57 =( BOUNDED_CURVE ( )  B_SPLINE_CURVE ( 3, ( #1019, #1513, #412, #800 ),
 .UNSPECIFIED., .F., .T. ) 
 B_SPLINE_CURVE_WITH_KNOTS ( ( 4, 4 ),
 ( 1.570796326794895226, 3.141592653589793116 ),
 .UNSPECIFIED. ) 
 CURVE ( )  GEOMETRIC_REPRESENTATION_ITEM ( )  RATIONAL_B_SPLINE_CURVE ( ( 1.000000000000000000, 0.8047378541243646044, 0.8047378541243646044, 1.000000000000000000 ) ) 
 REPRESENTATION_ITEM ( '' )  );
#58 = VERTEX_POINT ( 'NONE', #390 ) ;
#59 = CARTESIAN_POINT ( 'NONE',  ( 50.99999999988592947, 1.156251051772139160, -51.00000000011407764 ) ) ;
#60 = EDGE_CURVE ( 'NONE', #734, #729, #1365, .T. ) ;
#61 = DIRECTION ( 'NONE',  ( -0.000000000000000000, 1.000000000000000000, 0.000000000000000000 ) ) ;
#62 = ORIENTED_EDGE ( 'NONE', *, *, #1436, .F. ) ;
#63 = DIRECTION ( 'NONE',  ( -0.000000000000000000, -1.000000000000000000, 0.000000000000000000 ) ) ;
#64 = DIRECTION ( 'NONE',  ( 1.000000000000000000, 0.000000000000000000, -2.236690748191447405E-12 ) ) ;
#65 = ORIENTED_EDGE ( 'NONE', *, *, #184, .F. ) ;
#66 = PLANE ( 'NONE',  #1134 ) ;
#67 = PLANE ( 'NONE',  #232 ) ;
#68 = DIRECTION ( 'NONE',  ( 2.236549640341641659E-12, 0.000000000000000000, 1.000000000000000000 ) ) ;
#69 = CIRCLE ( 'NONE', #485, 3.400000000000000355 ) ;
#70 = DIRECTION ( 'NONE',  ( 0.000000000000000000, -1.000000000000000000, 0.000000000000000000 ) ) ;
#71 = EDGE_LOOP ( 'NONE', ( #1584, #818, #389, #1546 ) ) ;
#72 = CARTESIAN_POINT ( 'NONE',  ( -1.116828334603375102E-11, 100.5999999999999943, -4.999999999999985789 ) ) ;
#73 = ORGANIZATION ( 'UNSPECIFIED', 'UNSPECIFIED', '' ) ;
#74 = CARTESIAN_POINT ( 'NONE',  ( 50.99999999988515498, 1.156251051772139160, -51.10000000011459065 ) ) ;
#75 = DATE_TIME_ROLE ( 'classification_date' ) ;
#76 = ORIENTED_EDGE ( 'NONE', *, *, #943, .T. ) ;
#77 = AXIS2_PLACEMENT_3D ( 'NONE', #264, #613, #1485 ) ;
#78 = DIRECTION ( 'NONE',  ( 1.000000000000000000, 0.000000000000000000, -2.236554691448233712E-12 ) ) ;
#79 = ADVANCED_FACE ( 'NONE', ( #1091 ), #251, .T. ) ;
#80 = VECTOR ( 'NONE', #720, 1000.000000000000114 ) ;
#81 = ORIENTED_EDGE ( 'NONE', *, *, #1361, .F. ) ;
#82 = CARTESIAN_POINT ( 'NONE',  ( 0.3249999999551055896, 103.2928932188134468, -20.07978953545134715 ) ) ;
#83 = CARTESIAN_POINT ( 'NONE',  ( 50.99999999988594368, 0.000000000000000000, -51.00000000011404921 ) ) ;
#84 = VECTOR ( 'NONE', #179, 1000.000000000000000 ) ;
#85 = DIRECTION ( 'NONE',  ( 0.000000000000000000, 1.000000000000000000, 0.000000000000000000 ) ) ;
#86 = EDGE_CURVE ( 'NONE', #1295, #165, #262, .T. ) ;
#87 = ADVANCED_FACE ( 'NONE', ( #1117 ), #638, .F. ) ;
#88 = ORIENTED_EDGE ( 'NONE', *, *, #849, .T. ) ;
#89 = CARTESIAN_POINT ( 'NONE',  ( 51.09999999988593089, 3.656251051772139160, -51.00000000011429790 ) ) ;
#90 = LINE ( 'NONE', #83, #625 ) ;
#91 = PLANE ( 'NONE',  #1230 ) ;
#92 = ADVANCED_FACE ( 'NONE', ( #7 ), #1099, .T. ) ;
#93 = EDGE_LOOP ( 'NONE', ( #199, #1108 ) ) ;
#94 = DIRECTION ( 'NONE',  ( -1.000000000000000000, 0.000000000000000000, 2.236554691448233712E-12 ) ) ;
#95 = APPLICATION_CONTEXT ( 'configuration controlled 3d designs of mechanical parts and assemblies' ) ;
#96 = LOCAL_TIME ( 23, 19, 31.00000000000000000, #893 ) ;
#97 = DIRECTION ( 'NONE',  ( -2.236549640341641659E-12, 0.000000000000000000, -1.000000000000000000 ) ) ;
#98 = DIRECTION ( 'NONE',  ( -0.000000000000000000, -1.000000000000000000, -0.000000000000000000 ) ) ;
#99 = DIRECTION ( 'NONE',  ( 0.000000000000000000, -1.000000000000000000, -0.000000000000000000 ) ) ;
#100 = AXIS2_PLACEMENT_3D ( 'NONE', #1033, #61, #816 ) ;
#101 = ORIENTED_EDGE ( 'NONE', *, *, #1354, .F. ) ;
#102 = LINE ( 'NONE', #604, #1103 ) ;
#103 = VECTOR ( 'NONE', #1307, 1000.000000000000000 ) ;
#104 = DESIGN_CONTEXT ( 'detailed design', #1582, 'design' ) ;
#105 = LINE ( 'NONE', #1461, #80 ) ;
#106 = EDGE_CURVE ( 'NONE', #134, #981, #979, .T. ) ;
#107 = DIRECTION ( 'NONE',  ( -0.7608339519574064402, 0.000000000000000000, 0.6489466060847187689 ) ) ;
#108 = VERTEX_POINT ( 'NONE', #1152 ) ;
#109 = EDGE_CURVE ( 'NONE', #182, #1159, #304, .T. ) ;
#110 = ORIENTED_EDGE ( 'NONE', *, *, #284, .F. ) ;
#111 = DIRECTION ( 'NONE',  ( 0.000000000000000000, -1.000000000000000000, -0.000000000000000000 ) ) ;
#112 = EDGE_CURVE ( 'NONE', #1232, #1522, #579, .T. ) ;
#113 = CARTESIAN_POINT ( 'NONE',  ( 11.03209230337646041, 107.5999999999999943, -12.93417718333029498 ) ) ;
#114 = DIRECTION ( 'NONE',  ( 0.000000000000000000, 1.000000000000000000, 0.000000000000000000 ) ) ;
#115 = ORIENTED_EDGE ( 'NONE', *, *, #112, .T. ) ;
#116 = DIRECTION ( 'NONE',  ( -1.000000000000000000, 0.000000000000000000, 2.236690748191447405E-12 ) ) ;
#117 = VERTEX_POINT ( 'NONE', #45 ) ;
#118 = DIRECTION ( 'NONE',  ( 0.5000000000019373392, 0.000000000000000000, 0.8660254037833201579 ) ) ;
#119 = VECTOR ( 'NONE', #764, 1000.000000000000114 ) ;
#120 = CARTESIAN_POINT ( 'NONE',  ( 5.399999999935416461, 103.0000000000000000, -28.86994738387474513 ) ) ;
#121 = VECTOR ( 'NONE', #898, 1000.000000000000227 ) ;
#122 = DIRECTION ( 'NONE',  ( 2.236554691448233712E-12, 0.000000000000000000, 1.000000000000000000 ) ) ;
#123 = ORIENTED_EDGE ( 'NONE', *, *, #738, .F. ) ;
#124 = CARTESIAN_POINT ( 'NONE',  ( -50.99999999988551025, 1.156251051772139160, 51.10000000011423538 ) ) ;
#125 = VECTOR ( 'NONE', #935, 1000.000000000000000 ) ;
#126 = ORIENTED_EDGE ( 'NONE', *, *, #696, .T. ) ;
#127 = DIRECTION ( 'NONE',  ( 2.236554691448233712E-12, 0.000000000000000000, 1.000000000000000000 ) ) ;
#128 = PERSON ( 'UNSPECIFIED', 'UNSPECIFIED', 'UNSPECIFIED', ('UNSPECIFIED'), ('UNSPECIFIED'), ('UNSPECIFIED') ) ;
#129 = EDGE_CURVE ( 'NONE', #601, #1312, #297, .T. ) ;
#130 = AXIS2_PLACEMENT_3D ( 'NONE', #484, #1375, #758 ) ;
#131 = CARTESIAN_POINT ( 'NONE',  ( 51.00000000011448265, 3.656251051772139160, 51.09999999988575325 ) ) ;
#132 = FACE_OUTER_BOUND ( 'NONE', #1280, .T. ) ;
#133 = DIRECTION ( 'NONE',  ( 0.000000000000000000, 1.000000000000000000, 0.000000000000000000 ) ) ;
#134 = VERTEX_POINT ( 'NONE', #295 ) ;
#135 = DIRECTION ( 'NONE',  ( -2.236554691448233712E-12, 0.000000000000000000, -1.000000000000000000 ) ) ;
#136 = ORIENTED_EDGE ( 'NONE', *, *, #1410, .F. ) ;
#137 = DIRECTION ( 'NONE',  ( 0.8660254037855572573, 0.000000000000000000, 0.4999999999980626053 ) ) ;
#138 = EDGE_CURVE ( 'NONE', #188, #882, #311, .T. ) ;
#139 = LINE ( 'NONE', #990, #322 ) ;
#140 = DIRECTION ( 'NONE',  ( 2.236549640341641659E-12, 0.000000000000000000, 1.000000000000000000 ) ) ;
#141 = APPROVAL_STATUS ( 'not_yet_approved' ) ;
#142 = ORIENTED_EDGE ( 'NONE', *, *, #271, .F. ) ;
#143 = LINE ( 'NONE', #1233, #828 ) ;
#144 = ORIENTED_EDGE ( 'NONE', *, *, #709, .F. ) ;
#145 = PLANE ( 'NONE',  #288 ) ;
#146 = ORIENTED_EDGE ( 'NONE', *, *, #1304, .F. ) ;
#147 = DIRECTION ( 'NONE',  ( -0.000000000000000000, -1.000000000000000000, -0.000000000000000000 ) ) ;
#148 = APPROVAL_ROLE ( '' ) ;
#149 = EDGE_LOOP ( 'NONE', ( #741, #507, #799, #1151 ) ) ;
#150 = LINE ( 'NONE', #1043, #1406 ) ;
#151 = AXIS2_PLACEMENT_3D ( 'NONE', #1129, #405, #1141 ) ;
#152 = ORIENTED_EDGE ( 'NONE', *, *, #1523, .F. ) ;
#153 = CARTESIAN_POINT ( 'NONE',  ( 0.3249999999288752384, 103.5000000000000000, -31.80000000000072191 ) ) ;
#154 = ADVANCED_FACE ( 'NONE', ( #786 ), #983, .T. ) ;
#155 = VERTEX_POINT ( 'NONE', #656 ) ;
#156 = FACE_OUTER_BOUND ( 'NONE', #280, .T. ) ;
#157 = APPLICATION_PROTOCOL_DEFINITION ( 'international standard', 'config_control_design', 1994, #1582 ) ;
#158 = VECTOR ( 'NONE', #258, 1000.000000000000000 ) ;
#159 = LINE ( 'NONE', #1034, #957 ) ;
#160 = DIRECTION ( 'NONE',  ( 2.236549640341641659E-12, 0.000000000000000000, 1.000000000000000000 ) ) ;
#161 = ORIENTED_EDGE ( 'NONE', *, *, #1049, .T. ) ;
#162 = CARTESIAN_POINT ( 'NONE',  ( 50.99999999988594368, 101.5999999999999943, -51.00000000011404921 ) ) ;
#163 = EDGE_CURVE ( 'NONE', #637, #1389, #150, .T. ) ;
#164 = ADVANCED_FACE ( 'NONE', ( #1531 ), #1400, .T. ) ;
#165 = VERTEX_POINT ( 'NONE', #934 ) ;
#166 = DIRECTION ( 'NONE',  ( -0.8660254037833198248, -0.000000000000000000, 0.5000000000019380053 ) ) ;
#167 = ADVANCED_FACE ( 'NONE', ( #1287 ), #172, .F. ) ;
#168 = DIRECTION ( 'NONE',  ( -7.899479681494625538E-13, 0.000000000000000000, -1.000000000000000000 ) ) ;
#169 = DATE_AND_TIME ( #1515, #1055 ) ;
#170 = ORIENTED_EDGE ( 'NONE', *, *, #1015, .T. ) ;
#171 = EDGE_LOOP ( 'NONE', ( #261, #973, #101, #1144, #855, #899 ) ) ;
#172 = PLANE ( 'NONE',  #919 ) ;
#173 = LINE ( 'NONE', #1044, #825 ) ;
#174 = ORIENTED_EDGE ( 'NONE', *, *, #195, .F. ) ;
#175 = CARTESIAN_POINT ( 'NONE',  ( -51.10000000011405064, 3.656251051772139160, -50.99999999988569499 ) ) ;
#176 = DIRECTION ( 'NONE',  ( 0.000000000000000000, 1.000000000000000000, 0.000000000000000000 ) ) ;
#177 = PERSON_AND_ORGANIZATION_ROLE ( 'classification_officer' ) ;
#178 = ORIENTED_EDGE ( 'NONE', *, *, #1304, .T. ) ;
#179 = DIRECTION ( 'NONE',  ( 0.8660254037833198248, 0.000000000000000000, -0.5000000000019378943 ) ) ;
#180 = AXIS2_PLACEMENT_3D ( 'NONE', #1073, #952, #1058 ) ;
#181 = DIRECTION ( 'NONE',  ( 0.000000000000000000, 1.000000000000000000, 0.000000000000000000 ) ) ;
#182 = VERTEX_POINT ( 'NONE', #189 ) ;
#183 = PLANE ( 'NONE',  #1470 ) ;
#184 = EDGE_CURVE ( 'NONE', #302, #953, #803, .T. ) ;
#185 = VECTOR ( 'NONE', #1047, 1000.000000000000000 ) ;
#186 = DIRECTION ( 'NONE',  ( 0.000000000000000000, -1.000000000000000000, 0.000000000000000000 ) ) ;
#187 = EDGE_LOOP ( 'NONE', ( #1484, #509, #569, #1052 ) ) ;
#188 = VERTEX_POINT ( 'NONE', #1296 ) ;
#189 = CARTESIAN_POINT ( 'NONE',  ( 51.10000000011405064, 3.656251051772139160, 50.99999999988569499 ) ) ;
#190 = AXIS2_PLACEMENT_3D ( 'NONE', #354, #593, #976 ) ;
#191 = CARTESIAN_POINT ( 'NONE',  ( -4.250000000063908878, 103.5000000000000000, -28.58127224925831911 ) ) ;
#192 = EDGE_CURVE ( 'NONE', #1059, #727, #1539, .T. ) ;
#193 = ORIENTED_EDGE ( 'NONE', *, *, #1544, .T. ) ;
#194 = CARTESIAN_POINT ( 'NONE',  ( 51.10000000011405064, 1.156251051772139160, 50.99999999988569499 ) ) ;
#195 = EDGE_CURVE ( 'NONE', #1119, #1159, #1160, .T. ) ;
#196 = CARTESIAN_POINT ( 'NONE',  ( -51.00000000011461054, 3.656251051772139160, -50.99999999988539656 ) ) ;
#197 = CARTESIAN_POINT ( 'NONE',  ( -51.09999999999999432, 0.000000000000000000, 1.142879447330047323E-10 ) ) ;
#198 = DIRECTION ( 'NONE',  ( 2.247029135464763175E-12, 0.000000000000000000, 1.000000000000000000 ) ) ;
#199 = ORIENTED_EDGE ( 'NONE', *, *, #339, .F. ) ;
#200 = DIRECTION ( 'NONE',  ( 2.237442759191329436E-12, 0.000000000000000000, 1.000000000000000000 ) ) ;
#201 = LINE ( 'NONE', #564, #594 ) ;
#202 = AXIS2_PLACEMENT_3D ( 'NONE', #1071, #473, #1441 ) ;
#203 = DIRECTION ( 'NONE',  ( 0.000000000000000000, -1.000000000000000000, 0.000000000000000000 ) ) ;
#204 = ORIENTED_EDGE ( 'NONE', *, *, #615, .T. ) ;
#205 = CARTESIAN_POINT ( 'NONE',  ( 50.99999999988515498, 1.156251051772139160, -51.10000000011459065 ) ) ;
#206 = LINE ( 'NONE', #74, #1297 ) ;
#207 = AXIS2_PLACEMENT_3D ( 'NONE', #1581, #225, #706 ) ;
#208 = CARTESIAN_POINT ( 'NONE',  ( 5.399999999948528639, 103.0000000000000000, -23.00984215160004709 ) ) ;
#209 = EDGE_CURVE ( 'NONE', #630, #601, #1133, .T. ) ;
#210 = ADVANCED_FACE ( 'NONE', ( #553, #25, #775, #526 ), #1014, .T. ) ;
#211 = DIRECTION ( 'NONE',  ( 0.000000000000000000, 1.000000000000000000, 0.000000000000000000 ) ) ;
#212 = VECTOR ( 'NONE', #1569, 1000.000000000000000 ) ;
#213 = ORIENTED_EDGE ( 'NONE', *, *, #694, .T. ) ;
#214 = CARTESIAN_POINT ( 'NONE',  ( -51.00000000011483792, 3.656251051772139160, -51.09999999988539798 ) ) ;
#215 = DIRECTION ( 'NONE',  ( 0.000000000000000000, -1.000000000000000000, -0.000000000000000000 ) ) ;
#216 = CC_DESIGN_PERSON_AND_ORGANIZATION_ASSIGNMENT ( #1551, #177, ( #933 ) ) ;
#217 = VECTOR ( 'NONE', #1508, 1000.000000000000000 ) ;
#218 = DIRECTION ( 'NONE',  ( 2.236554691448233712E-12, 0.000000000000000000, 1.000000000000000000 ) ) ;
#219 = ORIENTED_EDGE ( 'NONE', *, *, #1288, .F. ) ;
#220 = PLANE ( 'NONE',  #1369 ) ;
#221 = LINE ( 'NONE', #1469, #1347 ) ;
#222 =( BOUNDED_CURVE ( )  B_SPLINE_CURVE ( 3, ( #287, #1289, #298, #191 ),
 .UNSPECIFIED., .F., .T. ) 
 B_SPLINE_CURVE_WITH_KNOTS ( ( 4, 4 ),
 ( 3.141592653589793116, 4.712388980384691450 ),
 .UNSPECIFIED. ) 
 CURVE ( )  GEOMETRIC_REPRESENTATION_ITEM ( )  RATIONAL_B_SPLINE_CURVE ( ( 1.000000000000000000, 0.8047378541243646044, 0.8047378541243646044, 1.000000000000000000 ) ) 
 REPRESENTATION_ITEM ( '' )  );
#223 = DIRECTION ( 'NONE',  ( -2.236554691448233712E-12, 0.000000000000000000, -1.000000000000000000 ) ) ;
#224 = EDGE_LOOP ( 'NONE', ( #521, #243, #621, #752 ) ) ;
#225 = DIRECTION ( 'NONE',  ( 0.000000000000000000, 1.000000000000000000, 0.000000000000000000 ) ) ;
#226 = ADVANCED_FACE ( 'NONE', ( #1173 ), #927, .T. ) ;
#227 = LOCAL_TIME ( 23, 19, 31.00000000000000000, #1178 ) ;
#228 = LINE ( 'NONE', #349, #1212 ) ;
#229 = FACE_OUTER_BOUND ( 'NONE', #1286, .T. ) ;
#230 = EDGE_CURVE ( 'NONE', #165, #907, #1553, .T. ) ;
#231 = EDGE_LOOP ( 'NONE', ( #1450, #1045, #890, #1009 ) ) ;
#232 = AXIS2_PLACEMENT_3D ( 'NONE', #1062, #1440, #540 ) ;
#233 = ORIENTED_EDGE ( 'NONE', *, *, #109, .T. ) ;
#234 = CARTESIAN_POINT ( 'NONE',  ( 0.3249999999419905250, 91.45000000000000284, -25.93989476772603453 ) ) ;
#235 = VECTOR ( 'NONE', #1291, 1000.000000000000000 ) ;
#236 = CARTESIAN_POINT ( 'NONE',  ( 0.3249999999419905250, 91.45000000000000284, -25.93989476772603453 ) ) ;
#237 = LINE ( 'NONE', #817, #773 ) ;
#238 = EDGE_LOOP ( 'NONE', ( #476, #1142, #299, #851 ) ) ;
#239 = ORIENTED_EDGE ( 'NONE', *, *, #1361, .T. ) ;
#240 = CARTESIAN_POINT ( 'NONE',  ( 50.99999999988515498, 3.656251051772139160, -51.10000000011459065 ) ) ;
#241 = CARTESIAN_POINT ( 'NONE',  ( -51.10000000011405064, 3.656251051772139160, -50.99999999988569499 ) ) ;
#242 = CARTESIAN_POINT ( 'NONE',  ( -50.99999999988592947, 1.156251051772139160, 51.00000000011407764 ) ) ;
#243 = ORIENTED_EDGE ( 'NONE', *, *, #1411, .F. ) ;
#244 = CARTESIAN_POINT ( 'NONE',  ( 1.387778780784549685E-14, 100.5999999999999943, 1.387778780778341823E-14 ) ) ;
#245 = EDGE_LOOP ( 'NONE', ( #1466, #995, #580, #152 ) ) ;
#246 = CARTESIAN_POINT ( 'NONE',  ( 51.00000000011406343, 101.5999999999999943, 50.99999999988594368 ) ) ;
#247 = LINE ( 'NONE', #1486, #1165 ) ;
#248 = CIRCLE ( 'NONE', #1157, 1.774999999999998801 ) ;
#249 = CARTESIAN_POINT ( 'NONE',  ( -4.250000000052085447, 103.5000000000000000, -23.29851728617327211 ) ) ;
#250 = ORIENTED_EDGE ( 'NONE', *, *, #1111, .T. ) ;
#251 = CYLINDRICAL_SURFACE ( 'NONE', #350, 0.4999999999999992784 ) ;
#252 = ADVANCED_FACE ( 'NONE', ( #462 ), #1197, .F. ) ;
#253 = EDGE_CURVE ( 'NONE', #541, #1261, #1162, .T. ) ;
#254 = VECTOR ( 'NONE', #1393, 1000.000000000000000 ) ;
#255 = EDGE_LOOP ( 'NONE', ( #660, #115, #306, #1294 ) ) ;
#256 = CARTESIAN_POINT ( 'NONE',  ( -51.00000000011483792, 3.656251051772139160, -51.09999999988539798 ) ) ;
#257 = AXIS2_PLACEMENT_3D ( 'NONE', #244, #1258, #15 ) ;
#258 = DIRECTION ( 'NONE',  ( -2.237442759191329840E-12, 0.000000000000000000, -1.000000000000000000 ) ) ;
#259 = LINE ( 'NONE', #12, #1460 ) ;
#260 = FACE_OUTER_BOUND ( 'NONE', #887, .T. ) ;
#261 = ORIENTED_EDGE ( 'NONE', *, *, #694, .F. ) ;
#262 = LINE ( 'NONE', #1243, #1063 ) ;
#263 = ORIENTED_EDGE ( 'NONE', *, *, #870, .T. ) ;
#264 = CARTESIAN_POINT ( 'NONE',  ( 0.3249999999419905250, 104.5999999999999943, -25.93989476772603453 ) ) ;
#265 = ORIENTED_EDGE ( 'NONE', *, *, #573, .F. ) ;
#266 = CARTESIAN_POINT ( 'NONE',  ( 0.3249999999419905250, 104.3499999999999943, -25.93989476772603453 ) ) ;
#267 = DIRECTION ( 'NONE',  ( 0.000000000000000000, 1.000000000000000000, 0.000000000000000000 ) ) ;
#268 = DATE_TIME_ROLE ( 'creation_date' ) ;
#269 = VERTEX_POINT ( 'NONE', #345 ) ;
#270 = CARTESIAN_POINT ( 'NONE',  ( -4.750000000051438853, 101.5999999999999943, -23.00984215157733814 ) ) ;
#271 = EDGE_CURVE ( 'NONE', #790, #1559, #1208, .T. ) ;
#272 = ORIENTED_EDGE ( 'NONE', *, *, #1192, .T. ) ;
#273 = CARTESIAN_POINT ( 'NONE',  ( 51.00000000011406343, 3.656251051772141381, 50.99999999988594368 ) ) ;
#274 = ORIENTED_EDGE ( 'NONE', *, *, #964, .T. ) ;
#275 = ADVANCED_FACE ( 'NONE', ( #1056 ), #589, .T. ) ;
#276 = CARTESIAN_POINT ( 'NONE',  ( 50.99999999988594368, 101.5999999999999943, -51.00000000011404921 ) ) ;
#277 = AXIS2_PLACEMENT_3D ( 'NONE', #1514, #901, #168 ) ;
#278 = PLANE ( 'NONE',  #1132 ) ;
#279 = DIRECTION ( 'NONE',  ( 1.000000000000000000, 0.000000000000000000, -2.240046172787077135E-12 ) ) ;
#280 = EDGE_LOOP ( 'NONE', ( #1503, #219, #971, #1282 ) ) ;
#281 = DIRECTION ( 'NONE',  ( -0.000000000000000000, -1.000000000000000000, 0.000000000000000000 ) ) ;
#282 = EDGE_CURVE ( 'NONE', #409, #552, #69, .T. ) ;
#283 = CC_DESIGN_APPROVAL ( #369, ( #1223 ) ) ;
#284 = EDGE_CURVE ( 'NONE', #907, #953, #1203, .T. ) ;
#285 = ORIENTED_EDGE ( 'NONE', *, *, #1447, .T. ) ;
#286 = ADVANCED_FACE ( 'NONE', ( #701 ), #91, .F. ) ;
#287 = CARTESIAN_POINT ( 'NONE',  ( -4.750000000064554584, 103.0000000000000000, -28.86994738385201842 ) ) ;
#288 = AXIS2_PLACEMENT_3D ( 'NONE', #998, #737, #1600 ) ;
#289 = ORIENTED_EDGE ( 'NONE', *, *, #1561, .T. ) ;
#290 = LINE ( 'NONE', #781, #1401 ) ;
#291 = CARTESIAN_POINT ( 'NONE',  ( -4.750000000064554584, 103.5000000000000000, -28.86994738385201842 ) ) ;
#292 = CALENDAR_DATE ( 2026, 13, 6 ) ;
#293 = CIRCLE ( 'NONE', #728, 5.000000000000000000 ) ;
#294 = ORIENTED_EDGE ( 'NONE', *, *, #991, .F. ) ;
#295 = CARTESIAN_POINT ( 'NONE',  ( 50.99999999988515498, 3.656251051772139160, -51.10000000011459065 ) ) ;
#296 = ORIENTED_EDGE ( 'NONE', *, *, #1594, .T. ) ;
#297 = CIRCLE ( 'NONE', #787, 13.50000000000000000 ) ;
#298 = CARTESIAN_POINT ( 'NONE',  ( -4.542893218877741113, 103.5000000000000142, -28.75037422798343556 ) ) ;
#299 = ORIENTED_EDGE ( 'NONE', *, *, #1015, .F. ) ;
#300 = DIRECTION ( 'NONE',  ( 1.000000000000000000, 0.000000000000000000, -2.236690748191447405E-12 ) ) ;
#301 = DIRECTION ( 'NONE',  ( 1.000000000000000000, 0.000000000000000000, -2.236690748191447405E-12 ) ) ;
#302 = VERTEX_POINT ( 'NONE', #1303 ) ;
#303 = ORIENTED_EDGE ( 'NONE', *, *, #253, .F. ) ;
#304 = LINE ( 'NONE', #321, #832 ) ;
#305 = DIRECTION ( 'NONE',  ( 0.000000000000000000, -1.000000000000000000, 0.000000000000000000 ) ) ;
#306 = ORIENTED_EDGE ( 'NONE', *, *, #556, .T. ) ;
#307 = PLANE ( 'NONE',  #980 ) ;
#308 = CARTESIAN_POINT ( 'NONE',  ( -51.10000000011405064, 1.156251051772139160, -50.99999999988569499 ) ) ;
#309 = SECURITY_CLASSIFICATION_LEVEL ( 'unclassified' ) ;
#310 = EDGE_LOOP ( 'NONE', ( #1606, #1516, #1080, #697 ) ) ;
#311 = LINE ( 'NONE', #918, #84 ) ;
#312 = ADVANCED_FACE ( 'NONE', ( #1179 ), #606, .F. ) ;
#313 = ADVANCED_FACE ( 'NONE', ( #489 ), #858, .F. ) ;
#314 = LOCAL_TIME ( 23, 19, 31.00000000000000000, #1170 ) ;
#315 = CARTESIAN_POINT ( 'NONE',  ( -51.10000000011405064, 3.656251051772139160, -50.99999999988569499 ) ) ;
#316 = VERTEX_POINT ( 'NONE', #963 ) ;
#317 = LINE ( 'NONE', #1046, #103 ) ;
#318 = AXIS2_PLACEMENT_3D ( 'NONE', #472, #605, #1207 ) ;
#319 = CARTESIAN_POINT ( 'NONE',  ( 0.3249999999495952197, 104.5999999999999943, -22.53989476772603240 ) ) ;
#320 = SHAPE_DEFINITION_REPRESENTATION ( #1360, #1227 ) ;
#321 = CARTESIAN_POINT ( 'NONE',  ( 51.10000000011405064, 3.656251051772139160, 50.99999999988569499 ) ) ;
#322 = VECTOR ( 'NONE', #1362, 1000.000000000000000 ) ;
#323 = DIRECTION ( 'NONE',  ( 2.247029135464763175E-12, 0.000000000000000000, 1.000000000000000000 ) ) ;
#324 = EDGE_LOOP ( 'NONE', ( #1482, #1092, #1420, #684 ) ) ;
#325 = FACE_OUTER_BOUND ( 'NONE', #680, .T. ) ;
#326 = CARTESIAN_POINT ( 'NONE',  ( -50.99999999988551025, 3.656251051772139160, 51.10000000011423538 ) ) ;
#327 = CYLINDRICAL_SURFACE ( 'NONE', #362, 0.4999999999999991673 ) ;
#328 = VERTEX_POINT ( 'NONE', #1603 ) ;
#329 = PLANE ( 'NONE',  #1465 ) ;
#330 = EDGE_CURVE ( 'NONE', #981, #1200, #865, .T. ) ;
#331 =( BOUNDED_CURVE ( )  B_SPLINE_CURVE ( 3, ( #1075, #1588, #82, #947 ),
 .UNSPECIFIED., .F., .T. ) 
 B_SPLINE_CURVE_WITH_KNOTS ( ( 4, 4 ),
 ( 1.570796326794902553, 3.141592653589793116 ),
 .UNSPECIFIED. ) 
 CURVE ( )  GEOMETRIC_REPRESENTATION_ITEM ( )  RATIONAL_B_SPLINE_CURVE ( ( 1.000000000000000000, 0.8047378541243663808, 0.8047378541243663808, 1.000000000000000000 ) ) 
 REPRESENTATION_ITEM ( '' )  );
#332 = ADVANCED_FACE ( 'NONE', ( #229 ), #725, .T. ) ;
#333 = DIRECTION ( 'NONE',  ( -0.000000000000000000, 1.000000000000000000, 0.000000000000000000 ) ) ;
#334 = CARTESIAN_POINT ( 'NONE',  ( 0.3249999999419905250, 104.3499999999999943, -25.93989476772603453 ) ) ;
#335 = VECTOR ( 'NONE', #1579, 1000.000000000000000 ) ;
#336 = ADVANCED_FACE ( 'NONE', ( #1496 ), #782, .F. ) ;
#337 = FACE_OUTER_BOUND ( 'NONE', #1146, .T. ) ;
#338 = VECTOR ( 'NONE', #1455, 1000.000000000000000 ) ;
#339 = EDGE_CURVE ( 'NONE', #1389, #108, #1259, .T. ) ;
#340 = ORIENTED_EDGE ( 'NONE', *, *, #330, .T. ) ;
#341 = CARTESIAN_POINT ( 'NONE',  ( -50.99999999988551025, 1.156251051772139160, 51.10000000011423538 ) ) ;
#342 = CC_DESIGN_PERSON_AND_ORGANIZATION_ASSIGNMENT ( #994, #583, ( #387 ) ) ;
#343 = CARTESIAN_POINT ( 'NONE',  ( 51.00000000011406343, 101.5999999999999943, 50.99999999988594368 ) ) ;
#344 = CIRCLE ( 'NONE', #1448, 3.400000000000000355 ) ;
#345 = CARTESIAN_POINT ( 'NONE',  ( 11.03209230337646041, 101.5999999999999943, -12.93417718333029498 ) ) ;
#346 = CARTESIAN_POINT ( 'NONE',  ( -13.43855392022464557, 103.0000000000000000, -23.27625816996271624 ) ) ;
#347 = ORIENTED_EDGE ( 'NONE', *, *, #732, .T. ) ;
#348 = FACE_OUTER_BOUND ( 'NONE', #1124, .T. ) ;
#349 = CARTESIAN_POINT ( 'NONE',  ( 51.10000000011405064, 3.656251051772139160, 50.99999999988569499 ) ) ;
#350 = AXIS2_PLACEMENT_3D ( 'NONE', #767, #364, #750 ) ;
#351 = ADVANCED_FACE ( 'NONE', ( #875 ), #1276, .F. ) ;
#352 = EDGE_LOOP ( 'NONE', ( #1337, #1364, #1489, #1205 ) ) ;
#353 = CARTESIAN_POINT ( 'NONE',  ( 50.99999999988515498, 3.656251051772139160, -51.10000000011459065 ) ) ;
#354 = CARTESIAN_POINT ( 'NONE',  ( 0.000000000000000000, 107.5999999999999943, 0.000000000000000000 ) ) ;
#355 = CARTESIAN_POINT ( 'NONE',  ( 5.399999999948529528, 103.2928932188134468, -23.00984215160004354 ) ) ;
#356 = ORIENTED_EDGE ( 'NONE', *, *, #711, .T. ) ;
#357 = VECTOR ( 'NONE', #693, 1000.000000000000000 ) ;
#358 = EDGE_LOOP ( 'NONE', ( #402, #1512, #1580, #1438 ) ) ;
#359 = DIRECTION ( 'NONE',  ( 1.000000000000000000, 0.000000000000000000, -2.236690748191447405E-12 ) ) ;
#360 = APPROVAL_PERSON_ORGANIZATION ( #515, #369, #148 ) ;
#361 = CARTESIAN_POINT ( 'NONE',  ( -4.750000000064554584, 101.5999999999999943, -28.86994738385201842 ) ) ;
#362 = AXIS2_PLACEMENT_3D ( 'NONE', #346, #500, #831 ) ;
#363 = VERTEX_POINT ( 'NONE', #1122 ) ;
#364 = DIRECTION ( 'NONE',  ( -0.8660254037855572573, 0.000000000000000000, -0.4999999999980626053 ) ) ;
#365 = VERTEX_POINT ( 'NONE', #1387 ) ;
#366 = LINE ( 'NONE', #989, #469 ) ;
#367 = AXIS2_PLACEMENT_3D ( 'NONE', #266, #147, #739 ) ;
#368 = LINE ( 'NONE', #857, #653 ) ;
#369 = APPROVAL ( #141, 'UNSPECIFIED' ) ;
#370 = AXIS2_PLACEMENT_3D ( 'NONE', #602, #1350, #116 ) ;
#371 = DIRECTION ( 'NONE',  ( 1.000000000000000000, 0.000000000000000000, -2.236554691448233712E-12 ) ) ;
#372 = ORIENTED_EDGE ( 'NONE', *, *, #836, .F. ) ;
#373 = CARTESIAN_POINT ( 'NONE',  ( 4.900000000000011902, 103.0000000000000000, -1.096346952003754202E-11 ) ) ;
#374 = VERTEX_POINT ( 'NONE', #662 ) ;
#375 = DIRECTION ( 'NONE',  ( 0.8660254037855579234, 0.000000000000000000, 0.4999999999980614951 ) ) ;
#376 = CARTESIAN_POINT ( 'NONE',  ( 0.3249999999551040908, 103.0000000000000000, -20.07978953545135070 ) ) ;
#377 = EDGE_CURVE ( 'NONE', #43, #1559, #259, .T. ) ;
#378 = EDGE_CURVE ( 'NONE', #269, #1232, #41, .T. ) ;
#379 = CARTESIAN_POINT ( 'NONE',  ( -50.99999999988551025, 3.656251051772139160, 51.10000000011423538 ) ) ;
#380 = ORIENTED_EDGE ( 'NONE', *, *, #516, .T. ) ;
#381 = DIRECTION ( 'NONE',  ( 0.000000000000000000, -1.000000000000000000, -0.000000000000000000 ) ) ;
#382 = VERTEX_POINT ( 'NONE', #531 ) ;
#383 = DIRECTION ( 'NONE',  ( -1.000000000000000000, 0.000000000000000000, 2.236554691448233712E-12 ) ) ;
#384 = EDGE_CURVE ( 'NONE', #535, #117, #993, .T. ) ;
#385 = CARTESIAN_POINT ( 'NONE',  ( 50.99999999988594368, 101.5999999999999943, -51.00000000011404921 ) ) ;
#386 = CARTESIAN_POINT ( 'NONE',  ( 51.10000000011405064, 1.156251051772139160, 50.99999999988569499 ) ) ;
#387 = PRODUCT_DEFINITION_FORMATION_WITH_SPECIFIED_SOURCE ( 'ANY', '', #1604, .NOT_KNOWN. ) ;
#388 = PERSON_AND_ORGANIZATION ( #128, #73 ) ;
#389 = ORIENTED_EDGE ( 'NONE', *, *, #106, .F. ) ;
#390 = CARTESIAN_POINT ( 'NONE',  ( -4.750000000051438853, 101.5999999999999943, -23.00984215157733814 ) ) ;
#391 = EDGE_CURVE ( 'NONE', #269, #382, #970, .T. ) ;
#392 = VECTOR ( 'NONE', #478, 1000.000000000000000 ) ;
#393 = ORIENTED_EDGE ( 'NONE', *, *, #378, .F. ) ;
#394 = DIRECTION ( 'NONE',  ( -1.000000000000000000, 0.000000000000000000, 2.240046172787077135E-12 ) ) ;
#395 = DIRECTION ( 'NONE',  ( 0.000000000000000000, 1.000000000000000000, 0.000000000000000000 ) ) ;
#396 = CARTESIAN_POINT ( 'NONE',  ( 0.3249999999419905250, 104.5999999999999943, -25.93989476772603453 ) ) ;
#397 = ORIENTED_EDGE ( 'NONE', *, *, #732, .F. ) ;
#398 = LINE ( 'NONE', #270, #1576 ) ;
#399 = EDGE_CURVE ( 'NONE', #552, #1175, #1391, .T. ) ;
#400 = EDGE_LOOP ( 'NONE', ( #788, #713, #597, #742 ) ) ;
#401 = CARTESIAN_POINT ( 'NONE',  ( 0.3249999999490356672, 104.5999999999999943, -22.78989476772603240 ) ) ;
#402 = ORIENTED_EDGE ( 'NONE', *, *, #461, .T. ) ;
#403 = DIRECTION ( 'NONE',  ( 1.000000000000000000, 0.000000000000000000, -2.236554691448233712E-12 ) ) ;
#404 = EDGE_CURVE ( 'NONE', #363, #926, #1589, .T. ) ;
#405 = DIRECTION ( 'NONE',  ( 0.000000000000000000, 0.000000000000000000, 1.000000000000000000 ) ) ;
#406 = ORIENTED_EDGE ( 'NONE', *, *, #566, .T. ) ;
#407 = CARTESIAN_POINT ( 'NONE',  ( 0.000000000000000000, 107.5999999999999943, 0.000000000000000000 ) ) ;
#408 = EDGE_CURVE ( 'NONE', #1473, #58, #1001, .T. ) ;
#409 = VERTEX_POINT ( 'NONE', #1021 ) ;
#410 = CARTESIAN_POINT ( 'NONE',  ( 51.00000000011406343, 0.000000000000000000, 50.99999999988594368 ) ) ;
#411 = EDGE_LOOP ( 'NONE', ( #1253, #419, #1319, #1541 ) ) ;
#412 = CARTESIAN_POINT ( 'NONE',  ( -4.750000000051441518, 103.2928932188134752, -23.00984215157734525 ) ) ;
#413 = AXIS2_PLACEMENT_3D ( 'NONE', #1267, #654, #1505 ) ;
#414 = DIRECTION ( 'NONE',  ( -1.000000000000000000, 0.000000000000000000, 2.236554691448233712E-12 ) ) ;
#415 = MECHANICAL_CONTEXT ( 'NONE', #95, 'mechanical' ) ;
#416 = EDGE_LOOP ( 'NONE', ( #685, #749, #303, #1090 ) ) ;
#417 = AXIS2_PLACEMENT_3D ( 'NONE', #315, #1298, #1017 ) ;
#418 = DIRECTION ( 'NONE',  ( 0.000000000000000000, 1.000000000000000000, 0.000000000000000000 ) ) ;
#419 = ORIENTED_EDGE ( 'NONE', *, *, #793, .F. ) ;
#420 = CARTESIAN_POINT ( 'NONE',  ( 1.387778780784549685E-14, 100.5999999999999943, 1.387778780778341823E-14 ) ) ;
#421 = VECTOR ( 'NONE', #883, 1000.000000000000000 ) ;
#422 = VERTEX_POINT ( 'NONE', #1240 ) ;
#423 = FACE_OUTER_BOUND ( 'NONE', #655, .T. ) ;
#424 = CARTESIAN_POINT ( 'NONE',  ( 0.000000000000000000, 107.5999999999999943, 0.000000000000000000 ) ) ;
#425 = ADVANCED_FACE ( 'NONE', ( #132 ), #278, .F. ) ;
#426 = LINE ( 'NONE', #1158, #678 ) ;
#427 = APPROVAL_STATUS ( 'not_yet_approved' ) ;
#428 = EDGE_LOOP ( 'NONE', ( #591, #1374, #239, #1587 ) ) ;
#429 = VECTOR ( 'NONE', #1583, 1000.000000000000000 ) ;
#430 = ORIENTED_EDGE ( 'NONE', *, *, #549, .F. ) ;
#431 = CARTESIAN_POINT ( 'NONE',  ( 51.00000000011404921, 1.156251051772139160, 50.99999999988591526 ) ) ;
#432 = VECTOR ( 'NONE', #63, 1000.000000000000000 ) ;
#433 = CARTESIAN_POINT ( 'NONE',  ( -51.09999999988593089, 1.156251051772139160, 51.00000000011429790 ) ) ;
#434 = ORIENTED_EDGE ( 'NONE', *, *, #880, .T. ) ;
#435 = CARTESIAN_POINT ( 'NONE',  ( 0.3249999999495952197, 103.5000000000000000, -22.53989476772603240 ) ) ;
#436 = DIRECTION ( 'NONE',  ( 0.000000000000000000, 1.000000000000000000, 0.000000000000000000 ) ) ;
#437 = EDGE_CURVE ( 'NONE', #630, #525, #20, .T. ) ;
#438 = ORIENTED_EDGE ( 'NONE', *, *, #184, .T. ) ;
#439 = DIRECTION ( 'NONE',  ( -7.899479681494625538E-13, 0.000000000000000000, -1.000000000000000000 ) ) ;
#440 = CYLINDRICAL_SURFACE ( 'NONE', #1445, 5.000000000000000000 ) ;
#441 = ORIENTED_EDGE ( 'NONE', *, *, #943, .F. ) ;
#442 = DIRECTION ( 'NONE',  ( 0.4999999999980626053, 0.000000000000000000, -0.8660254037855572573 ) ) ;
#443 = PLANE ( 'NONE',  #100 ) ;
#444 = CALENDAR_DATE ( 2026, 13, 6 ) ;
#445 = CARTESIAN_POINT ( 'NONE',  ( 1.144663594294196271E-10, 0.000000000000000000, 51.09999999999999432 ) ) ;
#446 = VECTOR ( 'NONE', #464, 1000.000000000000114 ) ;
#447 = CARTESIAN_POINT ( 'NONE',  ( -51.00000000011483792, 1.156251051772139160, -51.09999999988539798 ) ) ;
#448 = VERTEX_POINT ( 'NONE', #1396 ) ;
#449 = DIRECTION ( 'NONE',  ( -1.000000000000000000, 0.000000000000000000, 2.236690748191447405E-12 ) ) ;
#450 = AXIS2_PLACEMENT_3D ( 'NONE', #513, #1248, #140 ) ;
#451 = CARTESIAN_POINT ( 'NONE',  ( 0.3249999999301704245, 103.5000000000000000, -31.22264973081109218 ) ) ;
#452 = CARTESIAN_POINT ( 'NONE',  ( 50.99999999988538235, 3.656251051772139160, -51.00000000011458212 ) ) ;
#453 = CIRCLE ( 'NONE', #912, 5.000000000000000000 ) ;
#454 = DIRECTION ( 'NONE',  ( -2.240046172787077135E-12, 0.000000000000000000, -1.000000000000000000 ) ) ;
#455 = EDGE_CURVE ( 'NONE', #365, #43, #1128, .T. ) ;
#456 = ORIENTED_EDGE ( 'NONE', *, *, #1523, .T. ) ;
#457 = CARTESIAN_POINT ( 'NONE',  ( 51.00000000011406343, 101.5999999999999943, 50.99999999988594368 ) ) ;
#458 = CARTESIAN_POINT ( 'NONE',  ( 4.899999999947882046, 103.5000000000000000, -23.29851728619373219 ) ) ;
#459 = PERSON_AND_ORGANIZATION ( #128, #73 ) ;
#460 = ADVANCED_FACE ( 'NONE', ( #1255, #524 ), #1011, .T. ) ;
#461 = EDGE_CURVE ( 'NONE', #14, #165, #923, .T. ) ;
#462 = FACE_OUTER_BOUND ( 'NONE', #1290, .T. ) ;
#463 = EDGE_CURVE ( 'NONE', #953, #14, #1169, .T. ) ;
#464 = DIRECTION ( 'NONE',  ( 0.8660254037833198248, -0.000000000000000000, -0.5000000000019380053 ) ) ;
#465 = ORIENTED_EDGE ( 'NONE', *, *, #1137, .F. ) ;
#466 = DIRECTION ( 'NONE',  ( 0.000000000000000000, 1.000000000000000000, 0.000000000000000000 ) ) ;
#467 = LINE ( 'NONE', #343, #682 ) ;
#468 = CARTESIAN_POINT ( 'NONE',  ( -51.09999999988593089, 1.156251051772139160, 51.00000000011429790 ) ) ;
#469 = VECTOR ( 'NONE', #1226, 1000.000000000000000 ) ;
#470 = ORIENTED_EDGE ( 'NONE', *, *, #163, .F. ) ;
#471 = CARTESIAN_POINT ( 'NONE',  ( 0.000000000000000000, 107.5999999999999943, 0.000000000000000000 ) ) ;
#472 = CARTESIAN_POINT ( 'NONE',  ( -1.148231888222493778E-10, 0.000000000000000000, -51.09999999999999432 ) ) ;
#473 = DIRECTION ( 'NONE',  ( -1.000000000000000000, 0.000000000000000000, 2.236554691448233712E-12 ) ) ;
#474 = ADVANCED_FACE ( 'NONE', ( #574 ), #1408, .F. ) ;
#475 = VECTOR ( 'NONE', #29, 1000.000000000000000 ) ;
#476 = ORIENTED_EDGE ( 'NONE', *, *, #282, .F. ) ;
#477 = FACE_OUTER_BOUND ( 'NONE', #1150, .T. ) ;
#478 = DIRECTION ( 'NONE',  ( -1.000000000000000000, 0.000000000000000000, 2.240046172787077135E-12 ) ) ;
#479 = ADVANCED_FACE ( 'NONE', ( #1310 ), #67, .T. ) ;
#480 = ORIENTED_EDGE ( 'NONE', *, *, #1567, .F. ) ;
#481 = CARTESIAN_POINT ( 'NONE',  ( 0.3249999999380208671, 91.45000000000000284, -27.71489476772603311 ) ) ;
#482 = DIRECTION ( 'NONE',  ( -0.8660254037855572573, -0.000000000000000000, -0.4999999999980626053 ) ) ;
#483 = ORIENTED_EDGE ( 'NONE', *, *, #572, .T. ) ;
#484 = CARTESIAN_POINT ( 'NONE',  ( 0.3249999999288752384, 103.5000000000000000, -31.80000000000072191 ) ) ;
#485 = AXIS2_PLACEMENT_3D ( 'NONE', #334, #98, #68 ) ;
#486 = EDGE_LOOP ( 'NONE', ( #1501, #174, #562, #533 ) ) ;
#487 = FACE_OUTER_BOUND ( 'NONE', #538, .T. ) ;
#488 = PLANE ( 'NONE',  #577 ) ;
#489 = FACE_OUTER_BOUND ( 'NONE', #1535, .T. ) ;
#490 = DIRECTION ( 'NONE',  ( 2.236541106853127467E-12, 0.000000000000000000, 1.000000000000000000 ) ) ;
#491 = VECTOR ( 'NONE', #651, 1000.000000000000000 ) ;
#492 = EDGE_LOOP ( 'NONE', ( #393, #62, #1306, #546 ) ) ;
#493 = DIRECTION ( 'NONE',  ( -2.236549640341641659E-12, 0.000000000000000000, -1.000000000000000000 ) ) ;
#494 = ORIENTED_EDGE ( 'NONE', *, *, #784, .T. ) ;
#495 = DIRECTION ( 'NONE',  ( 0.000000000000000000, 1.000000000000000000, 0.000000000000000000 ) ) ;
#496 = EDGE_CURVE ( 'NONE', #862, #529, #201, .T. ) ;
#497 = VECTOR ( 'NONE', #731, 1000.000000000000000 ) ;
#498 = CARTESIAN_POINT ( 'NONE',  ( -51.00000000011404921, 0.000000000000000000, -50.99999999988591526 ) ) ;
#499 = AXIS2_PLACEMENT_3D ( 'NONE', #1418, #1278, #160 ) ;
#500 = DIRECTION ( 'NONE',  ( 0.8660254037833197138, 0.000000000000000000, -0.5000000000019378943 ) ) ;
#501 = ORIENTED_EDGE ( 'NONE', *, *, #657, .T. ) ;
#502 = EDGE_CURVE ( 'NONE', #981, #953, #206, .T. ) ;
#503 = ORIENTED_EDGE ( 'NONE', *, *, #282, .T. ) ;
#504 = DIRECTION ( 'NONE',  ( -2.236554691448233712E-12, 0.000000000000000000, -1.000000000000000000 ) ) ;
#505 = DIRECTION ( 'NONE',  ( 0.000000000000000000, 1.000000000000000000, 0.000000000000000000 ) ) ;
#506 = PERSON_AND_ORGANIZATION_ROLE ( 'design_owner' ) ;
#507 = ORIENTED_EDGE ( 'NONE', *, *, #1566, .F. ) ;
#508 = PLANE ( 'NONE',  #257 ) ;
#509 = ORIENTED_EDGE ( 'NONE', *, *, #1314, .T. ) ;
#510 = CARTESIAN_POINT ( 'NONE',  ( -50.99999999988573052, 3.656251051772139160, 51.00000000011423396 ) ) ;
#511 = DIRECTION ( 'NONE',  ( -0.8660254037833198248, 0.000000000000000000, 0.5000000000019380053 ) ) ;
#512 = MANIFOLD_SOLID_BREP ( 'S\X2\00f3\X0\lido-Mover/Copiar4', #751 ) ;
#513 = CARTESIAN_POINT ( 'NONE',  ( 0.3249999999419905250, 103.5000000000000000, -25.93989476772603453 ) ) ;
#514 = CC_DESIGN_SECURITY_CLASSIFICATION ( #933, ( #387 ) ) ;
#515 = PERSON_AND_ORGANIZATION ( #128, #73 ) ;
#516 = EDGE_CURVE ( 'NONE', #117, #422, #672, .T. ) ;
#517 = ORIENTED_EDGE ( 'NONE', *, *, #566, .F. ) ;
#518 = ORIENTED_EDGE ( 'NONE', *, *, #339, .T. ) ;
#519 = FACE_OUTER_BOUND ( 'NONE', #416, .T. ) ;
#520 = ADVANCED_FACE ( 'NONE', ( #1322, #1293 ), #443, .T. ) ;
#521 = ORIENTED_EDGE ( 'NONE', *, *, #463, .T. ) ;
#522 = AXIS2_PLACEMENT_3D ( 'NONE', #599, #1094, #97 ) ;
#523 = LINE ( 'NONE', #1247, #1061 ) ;
#524 = FACE_OUTER_BOUND ( 'NONE', #1458, .T. ) ;
#525 = VERTEX_POINT ( 'NONE', #53 ) ;
#526 = FACE_BOUND ( 'NONE', #171, .T. ) ;
#527 = ORIENTED_EDGE ( 'NONE', *, *, #455, .F. ) ;
#528 = DIRECTION ( 'NONE',  ( -0.000000000000000000, -1.000000000000000000, 0.000000000000000000 ) ) ;
#529 = VERTEX_POINT ( 'NONE', #1557 ) ;
#530 = FACE_OUTER_BOUND ( 'NONE', #650, .T. ) ;
#531 = CARTESIAN_POINT ( 'NONE',  ( -11.03209230344024050, 101.5999999999999943, -12.93417718327590649 ) ) ;
#532 = APPROVAL_DATE_TIME ( #916, #369 ) ;
#533 = ORIENTED_EDGE ( 'NONE', *, *, #1288, .T. ) ;
#534 = CARTESIAN_POINT ( 'NONE',  ( -4.249999999999943157, 103.0000000000000000, 9.511647918501793690E-12 ) ) ;
#535 = VERTEX_POINT ( 'NONE', #1543 ) ;
#536 = DIRECTION ( 'NONE',  ( 2.236541106853127467E-12, 0.000000000000000000, 1.000000000000000000 ) ) ;
#537 = EDGE_CURVE ( 'NONE', #448, #1342, #1416, .T. ) ;
#538 = EDGE_LOOP ( 'NONE', ( #670, #1217, #1457, #736 ) ) ;
#539 = FACE_OUTER_BOUND ( 'NONE', #946, .T. ) ;
#540 = DIRECTION ( 'NONE',  ( 0.6489466060809686576, 0.000000000000000000, -0.7608339519606048817 ) ) ;
#541 = VERTEX_POINT ( 'NONE', #458 ) ;
#542 = AXIS2_PLACEMENT_3D ( 'NONE', #1449, #114, #122 ) ;
#543 = DIRECTION ( 'NONE',  ( 0.000000000000000000, 1.000000000000000000, 0.000000000000000000 ) ) ;
#544 = CYLINDRICAL_SURFACE ( 'NONE', #822, 1.774999999999998801 ) ;
#545 = CIRCLE ( 'NONE', #77, 3.149999999999999911 ) ;
#546 = ORIENTED_EDGE ( 'NONE', *, *, #549, .T. ) ;
#547 = EDGE_CURVE ( 'NONE', #722, #17, #1149, .T. ) ;
#548 = DIRECTION ( 'NONE',  ( -2.238034804353393252E-12, -0.000000000000000000, -1.000000000000000000 ) ) ;
#549 = EDGE_CURVE ( 'NONE', #601, #1232, #1184, .T. ) ;
#550 = DIRECTION ( 'NONE',  ( -0.6489466060847186579, 0.000000000000000000, -0.7608339519574063292 ) ) ;
#551 = DATE_AND_TIME ( #1285, #227 ) ;
#552 = VERTEX_POINT ( 'NONE', #1528 ) ;
#553 = FACE_BOUND ( 'NONE', #255, .T. ) ;
#554 = CC_DESIGN_PERSON_AND_ORGANIZATION_ASSIGNMENT ( #1388, #1256, ( #387 ) ) ;
#555 = CARTESIAN_POINT ( 'NONE',  ( 0.3249999999459603495, 104.5999999999999943, -24.16489476772603595 ) ) ;
#556 = EDGE_CURVE ( 'NONE', #1522, #382, #426, .T. ) ;
#557 = ORIENTED_EDGE ( 'NONE', *, *, #35, .T. ) ;
#558 = DIRECTION ( 'NONE',  ( 2.236554691448233712E-12, 0.000000000000000000, 1.000000000000000000 ) ) ;
#559 = DIRECTION ( 'NONE',  ( 2.247029135464763175E-12, 0.000000000000000000, 1.000000000000000000 ) ) ;
#560 = CARTESIAN_POINT ( 'NONE',  ( 51.00000000011406343, 101.5999999999999943, 50.99999999988594368 ) ) ;
#561 = DIRECTION ( 'NONE',  ( 0.000000000000000000, 1.000000000000000000, 0.000000000000000000 ) ) ;
#562 = ORIENTED_EDGE ( 'NONE', *, *, #1111, .F. ) ;
#563 = CARTESIAN_POINT ( 'NONE',  ( 50.99999999988594368, 101.5999999999999943, -51.00000000011404921 ) ) ;
#564 = CARTESIAN_POINT ( 'NONE',  ( -1.116828334603375102E-11, 100.5999999999999943, -4.999999999999985789 ) ) ;
#565 = AXIS2_PLACEMENT_3D ( 'NONE', #396, #1487, #21 ) ;
#566 = EDGE_CURVE ( 'NONE', #535, #302, #915, .T. ) ;
#567 = VECTOR ( 'NONE', #78, 1000.000000000000000 ) ;
#568 = LINE ( 'NONE', #468, #645 ) ;
#569 = ORIENTED_EDGE ( 'NONE', *, *, #547, .T. ) ;
#570 = AXIS2_PLACEMENT_3D ( 'NONE', #341, #1190, #1206 ) ;
#571 = DIRECTION ( 'NONE',  ( 1.000000000000000000, 0.000000000000000000, -2.236554691448233712E-12 ) ) ;
#572 = EDGE_CURVE ( 'NONE', #552, #926, #932, .T. ) ;
#573 = EDGE_CURVE ( 'NONE', #734, #316, #1333, .T. ) ;
#574 = FACE_OUTER_BOUND ( 'NONE', #352, .T. ) ;
#575 = EDGE_CURVE ( 'NONE', #718, #365, #691, .T. ) ;
#576 = EDGE_LOOP ( 'NONE', ( #940, #673, #265, #1326 ) ) ;
#577 = AXIS2_PLACEMENT_3D ( 'NONE', #1214, #1334, #1202 ) ;
#578 = LINE ( 'NONE', #619, #446 ) ;
#579 = CIRCLE ( 'NONE', #1477, 13.50000000000000000 ) ;
#580 = ORIENTED_EDGE ( 'NONE', *, *, #811, .T. ) ;
#581 = DIRECTION ( 'NONE',  ( 2.247029135464763175E-12, 0.000000000000000000, 1.000000000000000000 ) ) ;
#582 = DIRECTION ( 'NONE',  ( -1.000000000000000000, 0.000000000000000000, 2.236690748191447405E-12 ) ) ;
#583 = PERSON_AND_ORGANIZATION_ROLE ( 'design_supplier' ) ;
#584 = DIRECTION ( 'NONE',  ( -1.000000000000000000, 0.000000000000000000, 2.236554691448233712E-12 ) ) ;
#585 = DIRECTION ( 'NONE',  ( -2.237442759191329436E-12, 0.000000000000000000, -1.000000000000000000 ) ) ;
#586 = ORIENTED_EDGE ( 'NONE', *, *, #384, .F. ) ;
#587 = CARTESIAN_POINT ( 'NONE',  ( 51.00000000011448265, 1.156251051772139160, 51.09999999988575325 ) ) ;
#588 = LINE ( 'NONE', #1592, #212 ) ;
#589 = PLANE ( 'NONE',  #1318 ) ;
#590 = VECTOR ( 'NONE', #1180, 1000.000000000000000 ) ;
#591 = ORIENTED_EDGE ( 'NONE', *, *, #3, .T. ) ;
#592 = LINE ( 'NONE', #587, #338 ) ;
#593 = DIRECTION ( 'NONE',  ( 0.000000000000000000, -1.000000000000000000, 0.000000000000000000 ) ) ;
#594 = VECTOR ( 'NONE', #176, 1000.000000000000000 ) ;
#595 = VECTOR ( 'NONE', #1274, 1000.000000000000000 ) ;
#596 = CC_DESIGN_DATE_AND_TIME_ASSIGNMENT ( #169, #268, ( #1223 ) ) ;
#597 = ORIENTED_EDGE ( 'NONE', *, *, #1591, .T. ) ;
#598 = LINE ( 'NONE', #1444, #776 ) ;
#599 = CARTESIAN_POINT ( 'NONE',  ( 0.3249999999419905250, 104.5999999999999943, -25.93989476772603453 ) ) ;
#600 = DIRECTION ( 'NONE',  ( 0.6489466060847186579, 0.000000000000000000, 0.7608339519574063292 ) ) ;
#601 = VERTEX_POINT ( 'NONE', #1353 ) ;
#602 = CARTESIAN_POINT ( 'NONE',  ( 51.00000000011406343, 101.5999999999999943, 50.99999999988594368 ) ) ;
#603 = ORIENTED_EDGE ( 'NONE', *, *, #845, .T. ) ;
#604 = CARTESIAN_POINT ( 'NONE',  ( 51.00000000011406343, 101.5999999999999943, 50.99999999988594368 ) ) ;
#605 = DIRECTION ( 'NONE',  ( -2.247029135464763175E-12, 0.000000000000000000, -1.000000000000000000 ) ) ;
#606 = PLANE ( 'NONE',  #1028 ) ;
#607 = LINE ( 'NONE', #1471, #590 ) ;
#608 = ORIENTED_EDGE ( 'NONE', *, *, #129, .F. ) ;
#609 = PLANE ( 'NONE',  #1164 ) ;
#610 = ADVANCED_FACE ( 'NONE', ( #835 ), #848, .T. ) ;
#611 = AXIS2_PLACEMENT_3D ( 'NONE', #841, #837, #1229 ) ;
#612 = ORIENTED_EDGE ( 'NONE', *, *, #192, .F. ) ;
#613 = DIRECTION ( 'NONE',  ( 0.000000000000000000, 1.000000000000000000, 0.000000000000000000 ) ) ;
#614 = AXIS2_PLACEMENT_3D ( 'NONE', #624, #1136, #118 ) ;
#615 = EDGE_CURVE ( 'NONE', #182, #535, #228, .T. ) ;
#616 = DIRECTION ( 'NONE',  ( -0.000000000000000000, -1.000000000000000000, 0.000000000000000000 ) ) ;
#617 = ADVANCED_FACE ( 'NONE', ( #956 ), #1456, .T. ) ;
#618 = EDGE_CURVE ( 'NONE', #729, #1261, #588, .T. ) ;
#619 = CARTESIAN_POINT ( 'NONE',  ( 0.3249999999288759600, 103.0000000000000000, -31.80000000000072191 ) ) ;
#620 = AXIS2_PLACEMENT_3D ( 'NONE', #1439, #723, #1201 ) ;
#621 = ORIENTED_EDGE ( 'NONE', *, *, #330, .F. ) ;
#622 = CYLINDRICAL_SURFACE ( 'NONE', #1532, 0.5000000000000004441 ) ;
#623 = ORIENTED_EDGE ( 'NONE', *, *, #437, .F. ) ;
#624 = CARTESIAN_POINT ( 'NONE',  ( -8.863553920206927117, 103.0000000000000000, -15.35212572534536335 ) ) ;
#625 = VECTOR ( 'NONE', #582, 1000.000000000000000 ) ;
#626 = PLANE ( 'NONE',  #1107 ) ;
#627 = CARTESIAN_POINT ( 'NONE',  ( -50.99999999988551025, 3.656251051772139160, 51.10000000011423538 ) ) ;
#628 = AXIS2_PLACEMENT_3D ( 'NONE', #1143, #33, #439 ) ;
#629 = CARTESIAN_POINT ( 'NONE',  ( 1.387778780784549685E-14, 100.5999999999999943, 1.387778780778341823E-14 ) ) ;
#630 = VERTEX_POINT ( 'NONE', #113 ) ;
#631 = DIRECTION ( 'NONE',  ( -0.000000000000000000, -1.000000000000000000, 0.000000000000000000 ) ) ;
#632 = EDGE_LOOP ( 'NONE', ( #1351, #1404, #372, #796 ) ) ;
#633 = CYLINDRICAL_SURFACE ( 'NONE', #614, 0.4999999999999991673 ) ;
#634 = ADVANCED_FACE ( 'NONE', ( #724 ), #715, .T. ) ;
#635 = FACE_OUTER_BOUND ( 'NONE', #324, .T. ) ;
#636 =( LENGTH_UNIT ( ) NAMED_UNIT ( * ) SI_UNIT ( .MILLI., .METRE. ) );
#637 = VERTEX_POINT ( 'NONE', #1069 ) ;
#638 = PLANE ( 'NONE',  #370 ) ;
#639 = EDGE_LOOP ( 'NONE', ( #1509, #285 ) ) ;
#640 = FACE_OUTER_BOUND ( 'NONE', #802, .T. ) ;
#641 = VERTEX_POINT ( 'NONE', #1346 ) ;
#642 = LINE ( 'NONE', #241, #1085 ) ;
#643 = ADVANCED_FACE ( 'NONE', ( #1452 ), #488, .F. ) ;
#644 = CARTESIAN_POINT ( 'NONE',  ( -7.919019106717629455E-15, 101.5999999999999943, -6.754457473344778296E-15 ) ) ;
#645 = VECTOR ( 'NONE', #371, 1000.000000000000000 ) ;
#646 = DIRECTION ( 'NONE',  ( 2.236554691448233712E-12, 0.000000000000000000, 1.000000000000000000 ) ) ;
#647 = ORIENTED_EDGE ( 'NONE', *, *, #1591, .F. ) ;
#648 = DIRECTION ( 'NONE',  ( 2.240046172787077135E-12, 0.000000000000000000, 1.000000000000000000 ) ) ;
#649 = VECTOR ( 'NONE', #944, 1000.000000000000000 ) ;
#650 = EDGE_LOOP ( 'NONE', ( #1218, #838, #32, #494 ) ) ;
#651 = DIRECTION ( 'NONE',  ( 1.000000000000000000, 0.000000000000000000, -2.236554691448233712E-12 ) ) ;
#652 = VERTEX_POINT ( 'NONE', #707 ) ;
#653 = VECTOR ( 'NONE', #1194, 1000.000000000000000 ) ;
#654 = DIRECTION ( 'NONE',  ( -0.000000000000000000, -1.000000000000000000, 0.000000000000000000 ) ) ;
#655 = EDGE_LOOP ( 'NONE', ( #766, #24, #1007, #38 ) ) ;
#656 = CARTESIAN_POINT ( 'NONE',  ( 50.99999999988594368, 0.000000000000000000, -51.00000000011404921 ) ) ;
#657 = EDGE_CURVE ( 'NONE', #779, #1473, #221, .T. ) ;
#658 = ORIENTED_EDGE ( 'NONE', *, *, #1490, .F. ) ;
#659 = LINE ( 'NONE', #410, #125 ) ;
#660 = ORIENTED_EDGE ( 'NONE', *, *, #378, .T. ) ;
#661 = DIRECTION ( 'NONE',  ( -1.000000000000000000, 0.000000000000000000, 2.236554691448233712E-12 ) ) ;
#662 = CARTESIAN_POINT ( 'NONE',  ( 4.899999999936062167, 103.5000000000000000, -28.58127224927880761 ) ) ;
#663 = CARTESIAN_POINT ( 'NONE',  ( 51.00000000011448265, 3.656251051772139160, 51.09999999988575325 ) ) ;
#664 = ORIENTED_EDGE ( 'NONE', *, *, #1490, .T. ) ;
#665 = ORIENTED_EDGE ( 'NONE', *, *, #1130, .T. ) ;
#666 = DIRECTION ( 'NONE',  ( -1.000000000000000000, 0.000000000000000000, 2.238034804353392040E-12 ) ) ;
#667 = EDGE_CURVE ( 'NONE', #1312, #525, #105, .T. ) ;
#668 = ADVANCED_FACE ( 'NONE', ( #1329 ), #1562, .F. ) ;
#669 = LINE ( 'NONE', #798, #705 ) ;
#670 = ORIENTED_EDGE ( 'NONE', *, *, #573, .T. ) ;
#671 = PLANE ( 'NONE',  #23 ) ;
#672 = LINE ( 'NONE', #1040, #1345 ) ;
#673 = ORIENTED_EDGE ( 'NONE', *, *, #805, .F. ) ;
#674 = DIRECTION ( 'NONE',  ( -1.000000000000000000, 0.000000000000000000, 2.236554691448233712E-12 ) ) ;
#675 = ADVANCED_FACE ( 'NONE', ( #1578 ), #961, .F. ) ;
#676 = FACE_OUTER_BOUND ( 'NONE', #632, .T. ) ;
#677 = VECTOR ( 'NONE', #581, 1000.000000000000000 ) ;
#678 = VECTOR ( 'NONE', #550, 1000.000000000000114 ) ;
#679 = ORIENTED_EDGE ( 'NONE', *, *, #829, .F. ) ;
#680 = EDGE_LOOP ( 'NONE', ( #8, #501, #1414, #1538 ) ) ;
#681 = FACE_OUTER_BOUND ( 'NONE', #1273, .T. ) ;
#682 = VECTOR ( 'NONE', #827, 1000.000000000000000 ) ;
#683 = CARTESIAN_POINT ( 'NONE',  ( 0.3249999999419905250, 104.5999999999999943, -25.93989476772603453 ) ) ;
#684 = ORIENTED_EDGE ( 'NONE', *, *, #783, .T. ) ;
#685 = ORIENTED_EDGE ( 'NONE', *, *, #969, .T. ) ;
#686 = DIRECTION ( 'NONE',  ( -7.899479681494625538E-13, 0.000000000000000000, -1.000000000000000000 ) ) ;
#687 = LINE ( 'NONE', #1163, #1568 ) ;
#688 = EDGE_LOOP ( 'NONE', ( #842, #430, #1171, #193 ) ) ;
#689 = DIRECTION ( 'NONE',  ( -0.000000000000000000, 1.000000000000000000, 0.000000000000000000 ) ) ;
#690 = EDGE_CURVE ( 'NONE', #6, #727, #840, .T. ) ;
#691 = LINE ( 'NONE', #326, #392 ) ;
#692 = EDGE_LOOP ( 'NONE', ( #1257, #250, #434, #126 ) ) ;
#693 = DIRECTION ( 'NONE',  ( -0.000000000000000000, -1.000000000000000000, 0.000000000000000000 ) ) ;
#694 = EDGE_CURVE ( 'NONE', #727, #58, #968, .T. ) ;
#695 = LINE ( 'NONE', #909, #1598 ) ;
#696 = EDGE_CURVE ( 'NONE', #777, #1295, #368, .T. ) ;
#697 = ORIENTED_EDGE ( 'NONE', *, *, #404, .T. ) ;
#698 = PLANE ( 'NONE',  #1006 ) ;
#699 = DIRECTION ( 'NONE',  ( 2.236554691448233712E-12, 0.000000000000000000, 1.000000000000000000 ) ) ;
#700 = AXIS2_PLACEMENT_3D ( 'NONE', #1032, #414, #1407 ) ;
#701 = FACE_OUTER_BOUND ( 'NONE', #187, .T. ) ;
#702 = VECTOR ( 'NONE', #1348, 1000.000000000000000 ) ;
#703 = CARTESIAN_POINT ( 'NONE',  ( 4.899999999935417350, 103.5000000000000000, -28.86994738387362247 ) ) ;
#704 = ORIENTED_EDGE ( 'NONE', *, *, #1525, .T. ) ;
#705 = VECTOR ( 'NONE', #1419, 1000.000000000000000 ) ;
#706 = DIRECTION ( 'NONE',  ( 2.236554195812954919E-12, 0.000000000000000000, 1.000000000000000000 ) ) ;
#707 = CARTESIAN_POINT ( 'NONE',  ( -50.99999999988592947, 101.5999999999999943, 51.00000000011407764 ) ) ;
#708 = AXIS2_PLACEMENT_3D ( 'NONE', #1265, #403, #1386 ) ;
#709 = EDGE_CURVE ( 'NONE', #155, #722, #90, .T. ) ;
#710 = LINE ( 'NONE', #703, #1462 ) ;
#711 = EDGE_CURVE ( 'NONE', #302, #1609, #467, .T. ) ;
#712 = AXIS2_PLACEMENT_3D ( 'NONE', #445, #648, #895 ) ;
#713 = ORIENTED_EDGE ( 'NONE', *, *, #1308, .T. ) ;
#714 = FACE_OUTER_BOUND ( 'NONE', #1520, .T. ) ;
#715 = CYLINDRICAL_SURFACE ( 'NONE', #190, 17.00000000000000000 ) ;
#716 = EDGE_CURVE ( 'NONE', #958, #529, #853, .T. ) ;
#717 = ADVANCED_FACE ( 'NONE', ( #156 ), #1601, .F. ) ;
#718 = VERTEX_POINT ( 'NONE', #131 ) ;
#719 = FACE_OUTER_BOUND ( 'NONE', #358, .T. ) ;
#720 = DIRECTION ( 'NONE',  ( -0.6489466060847186579, 0.000000000000000000, -0.7608339519574063292 ) ) ;
#721 = CIRCLE ( 'NONE', #1292, 1.774999999999998801 ) ;
#722 = VERTEX_POINT ( 'NONE', #498 ) ;
#723 = DIRECTION ( 'NONE',  ( 2.236690748191447405E-12, 0.000000000000000000, 1.000000000000000000 ) ) ;
#724 = FACE_OUTER_BOUND ( 'NONE', #1098, .T. ) ;
#725 = PLANE ( 'NONE',  #1181 ) ;
#726 = VECTOR ( 'NONE', #699, 1000.000000000000000 ) ;
#727 = VERTEX_POINT ( 'NONE', #864 ) ;
#728 = AXIS2_PLACEMENT_3D ( 'NONE', #900, #884, #1380 ) ;
#729 = VERTEX_POINT ( 'NONE', #120 ) ;
#730 = DIRECTION ( 'NONE',  ( -2.247029135464763175E-12, 0.000000000000000000, -1.000000000000000000 ) ) ;
#731 = DIRECTION ( 'NONE',  ( 2.238034804353393252E-12, 0.000000000000000000, 1.000000000000000000 ) ) ;
#732 = EDGE_CURVE ( 'NONE', #422, #182, #139, .T. ) ;
#733 = CARTESIAN_POINT ( 'NONE',  ( -51.10000000011405064, 1.156251051772139160, -50.99999999988569499 ) ) ;
#734 = VERTEX_POINT ( 'NONE', #763 ) ;
#735 = EDGE_CURVE ( 'NONE', #1559, #17, #247, .T. ) ;
#736 = ORIENTED_EDGE ( 'NONE', *, *, #60, .F. ) ;
#737 = DIRECTION ( 'NONE',  ( -0.5000000000019380053, 0.000000000000000000, -0.8660254037833198248 ) ) ;
#738 = EDGE_CURVE ( 'NONE', #1261, #882, #1504, .T. ) ;
#739 = DIRECTION ( 'NONE',  ( 2.236549640341641659E-12, 0.000000000000000000, 1.000000000000000000 ) ) ;
#740 = LINE ( 'NONE', #1325, #1263 ) ;
#741 = ORIENTED_EDGE ( 'NONE', *, *, #1476, .T. ) ;
#742 = ORIENTED_EDGE ( 'NONE', *, *, #575, .T. ) ;
#743 = PLANE ( 'NONE',  #1187 ) ;
#744 = VECTOR ( 'NONE', #198, 1000.000000000000000 ) ;
#745 = LINE ( 'NONE', #1239, #1270 ) ;
#746 = CARTESIAN_POINT ( 'NONE',  ( -4.750000000051438853, 103.5000000000000000, -23.00984215157733814 ) ) ;
#747 = APPROVAL_DATE_TIME ( #765, #1475 ) ;
#748 = VECTOR ( 'NONE', #454, 1000.000000000000000 ) ;
#749 = ORIENTED_EDGE ( 'NONE', *, *, #964, .F. ) ;
#750 = DIRECTION ( 'NONE',  ( -0.4999999999980617171, 0.000000000000000000, 0.8660254037855577014 ) ) ;
#751 = CLOSED_SHELL ( 'NONE', ( #1336, #154, #92, #1590, #210, #40, #1315, #1020, #761, #474, #928, #252, #1195, #868, #87, #906, #1118, #717, #286, #1084, #312, #1317, #275, #675, #992, #46, #164, #643, #949, #336, #960, #351, #167, #1065, #1110, #610, #479, #634, #332, #910, #1066, #850, #313, #11, #1191, #1196, #908, #79, #425, #226, #34, #1472, #1254, #520, #460, #1435, #617, #1428, #668 ) ) ;
#752 = ORIENTED_EDGE ( 'NONE', *, *, #502, .T. ) ;
#753 = CARTESIAN_POINT ( 'NONE',  ( 0.3249999999346661617, 104.5999999999999943, -29.08989476772603311 ) ) ;
#754 = DIRECTION ( 'NONE',  ( 2.236554691448233712E-12, 0.000000000000000000, 1.000000000000000000 ) ) ;
#755 = DIRECTION ( 'NONE',  ( -2.236554691448233712E-12, 0.000000000000000000, -1.000000000000000000 ) ) ;
#756 = DIRECTION ( 'NONE',  ( 0.000000000000000000, 1.000000000000000000, 0.000000000000000000 ) ) ;
#757 = ORIENTED_EDGE ( 'NONE', *, *, #667, .T. ) ;
#758 = DIRECTION ( 'NONE',  ( 0.8660254037833198248, 0.000000000000000000, -0.5000000000019380053 ) ) ;
#759 = ORIENTED_EDGE ( 'NONE', *, *, #1168, .T. ) ;
#760 = LINE ( 'NONE', #1252, #491 ) ;
#761 = ADVANCED_FACE ( 'NONE', ( #635 ), #626, .F. ) ;
#762 = EDGE_LOOP ( 'NONE', ( #296, #1189, #867, #1250 ) ) ;
#763 = CARTESIAN_POINT ( 'NONE',  ( 0.3249999999288752384, 103.0000000000000000, -31.80000000000072191 ) ) ;
#764 = DIRECTION ( 'NONE',  ( -0.6489466060809685466, 0.000000000000000000, 0.7608339519606049928 ) ) ;
#765 = DATE_AND_TIME ( #13, #96 ) ;
#766 = ORIENTED_EDGE ( 'NONE', *, *, #463, .F. ) ;
#767 = CARTESIAN_POINT ( 'NONE',  ( 9.026053920137616871, 103.0000000000000000, -15.63358398161535767 ) ) ;
#768 = VERTEX_POINT ( 'NONE', #1480 ) ;
#769 = VECTOR ( 'NONE', #755, 1000.000000000000000 ) ;
#770 = CARTESIAN_POINT ( 'NONE',  ( -51.00000000011483792, 1.156251051772139160, -51.09999999988539798 ) ) ;
#771 = ORIENTED_EDGE ( 'NONE', *, *, #1022, .T. ) ;
#772 = CARTESIAN_POINT ( 'NONE',  ( 5.399999999935416461, 103.5000000000000000, -28.86994738387474513 ) ) ;
#773 = VECTOR ( 'NONE', #70, 1000.000000000000000 ) ;
#774 = ORIENTED_EDGE ( 'NONE', *, *, #711, .F. ) ;
#775 = FACE_OUTER_BOUND ( 'NONE', #692, .T. ) ;
#776 = VECTOR ( 'NONE', #826, 1000.000000000000114 ) ;
#777 = VERTEX_POINT ( 'NONE', #385 ) ;
#778 = LINE ( 'NONE', #1272, #1036 ) ;
#779 = VERTEX_POINT ( 'NONE', #376 ) ;
#780 = VECTOR ( 'NONE', #39, 1000.000000000000114 ) ;
#781 = CARTESIAN_POINT ( 'NONE',  ( 0.3249999999551043683, 103.0000000000000000, -20.07978953545135070 ) ) ;
#782 = PLANE ( 'NONE',  #413 ) ;
#783 = EDGE_CURVE ( 'NONE', #777, #907, #745, .T. ) ;
#784 = EDGE_CURVE ( 'NONE', #882, #1172, #19, .T. ) ;
#785 = ORIENTED_EDGE ( 'NONE', *, *, #1376, .F. ) ;
#786 = FACE_OUTER_BOUND ( 'NONE', #238, .T. ) ;
#787 = AXIS2_PLACEMENT_3D ( 'NONE', #407, #418, #686 ) ;
#788 = ORIENTED_EDGE ( 'NONE', *, *, #455, .T. ) ;
#789 = LINE ( 'NONE', #1153, #254 ) ;
#790 = VERTEX_POINT ( 'NONE', #1121 ) ;
#791 = CYLINDRICAL_SURFACE ( 'NONE', #881, 13.50000000000000000 ) ;
#792 = CC_DESIGN_DATE_AND_TIME_ASSIGNMENT ( #1311, #75, ( #933 ) ) ;
#793 = EDGE_CURVE ( 'NONE', #641, #862, #453, .T. ) ;
#794 = DIRECTION ( 'NONE',  ( 0.000000000000000000, 1.000000000000000000, 0.000000000000000000 ) ) ;
#795 = EDGE_LOOP ( 'NONE', ( #612, #289, #925, #1433 ) ) ;
#796 = ORIENTED_EDGE ( 'NONE', *, *, #1234, .T. ) ;
#797 = CARTESIAN_POINT ( 'NONE',  ( 0.000000000000000000, 101.5999999999999943, 0.000000000000000000 ) ) ;
#798 = CARTESIAN_POINT ( 'NONE',  ( -50.99999999988592947, 101.5999999999999943, 51.00000000011407764 ) ) ;
#799 = ORIENTED_EDGE ( 'NONE', *, *, #537, .F. ) ;
#800 = CARTESIAN_POINT ( 'NONE',  ( -4.750000000051438853, 103.0000000000000000, -23.00984215157733814 ) ) ;
#801 = CARTESIAN_POINT ( 'NONE',  ( -50.99999999988592947, 0.000000000000000000, 51.00000000011407764 ) ) ;
#802 = EDGE_LOOP ( 'NONE', ( #123, #274, #704, #814 ) ) ;
#803 = LINE ( 'NONE', #431, #217 ) ;
#804 = CARTESIAN_POINT ( 'NONE',  ( 5.399999999935416461, 101.5999999999999943, -28.86994738387474513 ) ) ;
#805 = EDGE_CURVE ( 'NONE', #316, #1343, #523, .T. ) ;
#806 = VECTOR ( 'NONE', #1114, 1000.000000000000000 ) ;
#807 = ORIENTED_EDGE ( 'NONE', *, *, #1544, .F. ) ;
#808 = DIRECTION ( 'NONE',  ( 7.899479681494625538E-13, 0.000000000000000000, 1.000000000000000000 ) ) ;
#809 = AXIS2_PLACEMENT_3D ( 'NONE', #563, #922, #300 ) ;
#810 = DIRECTION ( 'NONE',  ( -0.000000000000000000, -1.000000000000000000, 0.000000000000000000 ) ) ;
#811 = EDGE_CURVE ( 'NONE', #729, #374, #1488, .T. ) ;
#812 = DIRECTION ( 'NONE',  ( 0.000000000000000000, -1.000000000000000000, -0.000000000000000000 ) ) ;
#813 = LINE ( 'NONE', #1305, #744 ) ;
#814 = ORIENTED_EDGE ( 'NONE', *, *, #138, .T. ) ;
#815 = DIRECTION ( 'NONE',  ( 0.000000000000000000, -1.000000000000000000, 0.000000000000000000 ) ) ;
#816 = DIRECTION ( 'NONE',  ( 2.236554691448233712E-12, 0.000000000000000000, 1.000000000000000000 ) ) ;
#817 = CARTESIAN_POINT ( 'NONE',  ( -8.760779182143705768, 107.5999999999999943, -10.27125835142498111 ) ) ;
#818 = ORIENTED_EDGE ( 'NONE', *, *, #502, .F. ) ;
#819 = CARTESIAN_POINT ( 'NONE',  ( 51.00000000011406343, 101.5999999999999943, 50.99999999988594368 ) ) ;
#820 = CARTESIAN_POINT ( 'NONE',  ( 50.99999999988538235, 1.156251051772139160, -51.00000000011458212 ) ) ;
#821 = AXIS2_PLACEMENT_3D ( 'NONE', #1140, #30, #892 ) ;
#822 = AXIS2_PLACEMENT_3D ( 'NONE', #1145, #1037, #536 ) ;
#823 = LINE ( 'NONE', #1563, #954 ) ;
#824 = EDGE_LOOP ( 'NONE', ( #480, #921, #894, #1599 ) ) ;
#825 = VECTOR ( 'NONE', #305, 1000.000000000000000 ) ;
#826 = DIRECTION ( 'NONE',  ( 0.8660254037833198248, 0.000000000000000000, -0.5000000000019380053 ) ) ;
#827 = DIRECTION ( 'NONE',  ( -0.000000000000000000, -1.000000000000000000, 0.000000000000000000 ) ) ;
#828 = VECTOR ( 'NONE', #1005, 1000.000000000000000 ) ;
#829 = EDGE_CURVE ( 'NONE', #529, #958, #293, .T. ) ;
#830 = EDGE_CURVE ( 'NONE', #552, #409, #1497, .T. ) ;
#831 = DIRECTION ( 'NONE',  ( -0.5000000000019373392, 0.000000000000000000, -0.8660254037833201579 ) ) ;
#832 = VECTOR ( 'NONE', #674, 1000.000000000000000 ) ;
#833 = ORIENTED_EDGE ( 'NONE', *, *, #1453, .T. ) ;
#834 = DIRECTION ( 'NONE',  ( 1.000000000000000000, 0.000000000000000000, -2.247029135464763175E-12 ) ) ;
#835 = FACE_OUTER_BOUND ( 'NONE', #1003, .T. ) ;
#836 = EDGE_CURVE ( 'NONE', #1242, #768, #642, .T. ) ;
#837 = DIRECTION ( 'NONE',  ( -0.4999999999980614951, 0.000000000000000000, 0.8660254037855579234 ) ) ;
#838 = ORIENTED_EDGE ( 'NONE', *, *, #618, .T. ) ;
#839 = CARTESIAN_POINT ( 'NONE',  ( 0.000000000000000000, 0.000000000000000000, 0.000000000000000000 ) ) ;
#840 = LINE ( 'NONE', #1339, #429 ) ;
#841 = CARTESIAN_POINT ( 'NONE',  ( 5.399999999935416461, 103.5000000000000000, -28.86994738387474513 ) ) ;
#842 = ORIENTED_EDGE ( 'NONE', *, *, #112, .F. ) ;
#843 =( GEOMETRIC_REPRESENTATION_CONTEXT ( 3 ) GLOBAL_UNCERTAINTY_ASSIGNED_CONTEXT ( ( #846 ) ) GLOBAL_UNIT_ASSIGNED_CONTEXT ( ( #636, #1249, #31 ) ) REPRESENTATION_CONTEXT ( 'NONE', 'WORKASPACE' ) );
#844 = ORIENTED_EDGE ( 'NONE', *, *, #783, .F. ) ;
#845 = EDGE_CURVE ( 'NONE', #729, #1172, #1010, .T. ) ;
#846 = UNCERTAINTY_MEASURE_WITH_UNIT (LENGTH_MEASURE( 1.000000000000000082E-05 ), #636, 'distance_accuracy_value', 'NONE');
#847 = VECTOR ( 'NONE', #203, 1000.000000000000000 ) ;
#848 = PLANE ( 'NONE',  #318 ) ;
#849 = EDGE_CURVE ( 'NONE', #1443, #1473, #57, .T. ) ;
#850 = ADVANCED_FACE ( 'NONE', ( #530 ), #671, .F. ) ;
#851 = ORIENTED_EDGE ( 'NONE', *, *, #399, .F. ) ;
#852 = CARTESIAN_POINT ( 'NONE',  ( -50.99999999988592947, 0.000000000000000000, 51.00000000011407764 ) ) ;
#853 = CIRCLE ( 'NONE', #1328, 5.000000000000000000 ) ;
#854 = EDGE_CURVE ( 'NONE', #1473, #1059, #1155, .T. ) ;
#855 = ORIENTED_EDGE ( 'NONE', *, *, #138, .F. ) ;
#856 = CARTESIAN_POINT ( 'NONE',  ( -51.09999999988593089, 3.656251051772139160, 51.00000000011429790 ) ) ;
#857 = CARTESIAN_POINT ( 'NONE',  ( 50.99999999988594368, 101.5999999999999943, -51.00000000011404921 ) ) ;
#858 = PLANE ( 'NONE',  #611 ) ;
#859 = LINE ( 'NONE', #1097, #847 ) ;
#860 = ORIENTED_EDGE ( 'NONE', *, *, #408, .F. ) ;
#861 = FACE_OUTER_BOUND ( 'NONE', #1116, .T. ) ;
#862 = VERTEX_POINT ( 'NONE', #72 ) ;
#863 = DIRECTION ( 'NONE',  ( 0.4999999999980602183, 0.000000000000000000, -0.8660254037855585896 ) ) ;
#864 = CARTESIAN_POINT ( 'NONE',  ( -4.750000000064554584, 101.5999999999999943, -28.86994738385201842 ) ) ;
#865 = LINE ( 'NONE', #1204, #1096 ) ;
#866 = CARTESIAN_POINT ( 'NONE',  ( 0.3249999999419905250, 91.45000000000000284, -25.93989476772603453 ) ) ;
#867 = ORIENTED_EDGE ( 'NONE', *, *, #1308, .F. ) ;
#868 = ADVANCED_FACE ( 'NONE', ( #1431 ), #183, .F. ) ;
#869 = DIRECTION ( 'NONE',  ( 0.8660254037855571463, 0.000000000000000000, 0.4999999999980625498 ) ) ;
#870 = EDGE_CURVE ( 'NONE', #374, #316, #1030, .T. ) ;
#871 = EDGE_LOOP ( 'NONE', ( #204, #1236, #380, #347 ) ) ;
#872 = DIRECTION ( 'NONE',  ( 2.236554691448233712E-12, 0.000000000000000000, 1.000000000000000000 ) ) ;
#873 = VECTOR ( 'NONE', #94, 1000.000000000000000 ) ;
#874 = CARTESIAN_POINT ( 'NONE',  ( 5.399999999948528639, 103.5000000000000000, -23.00984215160004709 ) ) ;
#875 = FACE_OUTER_BOUND ( 'NONE', #71, .T. ) ;
#876 = VECTOR ( 'NONE', #1126, 1000.000000000000000 ) ;
#877 = ORIENTED_EDGE ( 'NONE', *, *, #377, .F. ) ;
#878 = VECTOR ( 'NONE', #4, 1000.000000000000000 ) ;
#879 = CARTESIAN_POINT ( 'NONE',  ( -50.99999999988551025, 3.656251051772139160, 51.10000000011423538 ) ) ;
#880 = EDGE_CURVE ( 'NONE', #1119, #777, #1405, .T. ) ;
#881 = AXIS2_PLACEMENT_3D ( 'NONE', #1524, #815, #808 ) ;
#882 = VERTEX_POINT ( 'NONE', #913 ) ;
#883 = DIRECTION ( 'NONE',  ( 1.000000000000000000, 0.000000000000000000, -2.247029135464763175E-12 ) ) ;
#884 = DIRECTION ( 'NONE',  ( 0.000000000000000000, 1.000000000000000000, 0.000000000000000000 ) ) ;
#885 = DIRECTION ( 'NONE',  ( -2.238034804353393252E-12, 0.000000000000000000, -1.000000000000000000 ) ) ;
#886 = PERSON_AND_ORGANIZATION ( #128, #73 ) ;
#887 = EDGE_LOOP ( 'NONE', ( #1131, #1027, #1478, #1271 ) ) ;
#888 = ORIENTED_EDGE ( 'NONE', *, *, #1026, .T. ) ;
#889 = LINE ( 'NONE', #153, #1324 ) ;
#890 = ORIENTED_EDGE ( 'NONE', *, *, #849, .F. ) ;
#891 = CARTESIAN_POINT ( 'NONE',  ( 5.399999999935416461, 103.0000000000000000, -28.86994738387474513 ) ) ;
#892 = DIRECTION ( 'NONE',  ( 2.247029135464763175E-12, 0.000000000000000000, 1.000000000000000000 ) ) ;
#893 = COORDINATED_UNIVERSAL_TIME_OFFSET ( 5, 0, .BEHIND. ) ;
#894 = ORIENTED_EDGE ( 'NONE', *, *, #399, .T. ) ;
#895 = DIRECTION ( 'NONE',  ( 1.000000000000000000, 0.000000000000000000, -2.240046172787077135E-12 ) ) ;
#896 = ORIENTED_EDGE ( 'NONE', *, *, #1168, .F. ) ;
#897 = VECTOR ( 'NONE', #1313, 1000.000000000000000 ) ;
#898 = DIRECTION ( 'NONE',  ( -0.8660254037855579234, 0.000000000000000000, -0.4999999999980614396 ) ) ;
#899 = ORIENTED_EDGE ( 'NONE', *, *, #51, .F. ) ;
#900 = CARTESIAN_POINT ( 'NONE',  ( 1.387778780784549685E-14, 101.5999999999999943, 1.387778780778341823E-14 ) ) ;
#901 = DIRECTION ( 'NONE',  ( 0.000000000000000000, 1.000000000000000000, 0.000000000000000000 ) ) ;
#902 = DIRECTION ( 'NONE',  ( 0.000000000000000000, 1.000000000000000000, 0.000000000000000000 ) ) ;
#903 = ORIENTED_EDGE ( 'NONE', *, *, #1566, .T. ) ;
#904 = CARTESIAN_POINT ( 'NONE',  ( -4.750000000064554584, 103.5000000000000000, -28.86994738385201842 ) ) ;
#905 = VECTOR ( 'NONE', #64, 1000.000000000000000 ) ;
#906 = ADVANCED_FACE ( 'NONE', ( #539 ), #1415, .F. ) ;
#907 = VERTEX_POINT ( 'NONE', #938 ) ;
#908 = ADVANCED_FACE ( 'NONE', ( #325 ), #307, .F. ) ;
#909 = CARTESIAN_POINT ( 'NONE',  ( -51.00000000011404921, 101.5999999999999943, -50.99999999988591526 ) ) ;
#910 = ADVANCED_FACE ( 'NONE', ( #1536 ), #791, .F. ) ;
#911 = ORIENTED_EDGE ( 'NONE', *, *, #60, .T. ) ;
#912 = AXIS2_PLACEMENT_3D ( 'NONE', #10, #395, #754 ) ;
#913 = CARTESIAN_POINT ( 'NONE',  ( 5.399999999948526863, 101.5999999999999943, -23.00984215160003998 ) ) ;
#914 = DIRECTION ( 'NONE',  ( -7.899479681494625538E-13, 0.000000000000000000, -1.000000000000000000 ) ) ;
#915 = LINE ( 'NONE', #1537, #185 ) ;
#916 = DATE_AND_TIME ( #292, #1079 ) ;
#917 = ORIENTED_EDGE ( 'NONE', *, *, #1500, .T. ) ;
#918 = CARTESIAN_POINT ( 'NONE',  ( 0.3249999999551040908, 101.5999999999999943, -20.07978953545135070 ) ) ;
#919 = AXIS2_PLACEMENT_3D ( 'NONE', #1390, #1035, #1425 ) ;
#920 = LINE ( 'NONE', #804, #121 ) ;
#921 = ORIENTED_EDGE ( 'NONE', *, *, #830, .F. ) ;
#922 = DIRECTION ( 'NONE',  ( 2.236690748191447405E-12, 0.000000000000000000, 1.000000000000000000 ) ) ;
#923 = LINE ( 'NONE', #196, #1426 ) ;
#924 = APPROVAL_DATE_TIME ( #551, #1573 ) ;
#925 = ORIENTED_EDGE ( 'NONE', *, *, #1246, .T. ) ;
#926 = VERTEX_POINT ( 'NONE', #435 ) ;
#927 = CYLINDRICAL_SURFACE ( 'NONE', #1518, 0.5000000000000004441 ) ;
#928 = ADVANCED_FACE ( 'NONE', ( #423 ), #1167, .F. ) ;
#929 = PLANE ( 'NONE',  #417 ) ;
#930 = ORIENTED_EDGE ( 'NONE', *, *, #1137, .T. ) ;
#931 = CARTESIAN_POINT ( 'NONE',  ( 1.119665124504901533E-11, 101.5999999999999943, 5.000000000000014211 ) ) ;
#932 = LINE ( 'NONE', #319, #1082 ) ;
#933 = SECURITY_CLASSIFICATION ( '', '', #309 ) ;
#934 = CARTESIAN_POINT ( 'NONE',  ( -51.00000000011404921, 3.656251051772141381, -50.99999999988591526 ) ) ;
#935 = DIRECTION ( 'NONE',  ( -2.236554691448233712E-12, 0.000000000000000000, -1.000000000000000000 ) ) ;
#936 = AXIS2_PLACEMENT_3D ( 'NONE', #683, #333, #939 ) ;
#937 = ORIENTED_EDGE ( 'NONE', *, *, #391, .T. ) ;
#938 = CARTESIAN_POINT ( 'NONE',  ( 50.99999999988594368, 3.656251051772141381, -51.00000000011404921 ) ) ;
#939 = DIRECTION ( 'NONE',  ( 2.236554691448233712E-12, 0.000000000000000000, 1.000000000000000000 ) ) ;
#940 = ORIENTED_EDGE ( 'NONE', *, *, #1357, .T. ) ;
#941 = ORIENTED_EDGE ( 'NONE', *, *, #1234, .F. ) ;
#942 = CARTESIAN_POINT ( 'NONE',  ( 50.99999999988515498, 3.656251051772139160, -51.10000000011459065 ) ) ;
#943 = EDGE_CURVE ( 'NONE', #117, #953, #317, .T. ) ;
#944 = DIRECTION ( 'NONE',  ( 2.236554691448233712E-12, 0.000000000000000000, 1.000000000000000000 ) ) ;
#945 = DIRECTION ( 'NONE',  ( -0.000000000000000000, 1.000000000000000000, 0.000000000000000000 ) ) ;
#946 = EDGE_LOOP ( 'NONE', ( #142, #941, #81, #903 ) ) ;
#947 = CARTESIAN_POINT ( 'NONE',  ( 0.3249999999551040908, 103.0000000000000000, -20.07978953545135070 ) ) ;
#948 = EDGE_CURVE ( 'NONE', #768, #165, #1283, .T. ) ;
#949 = ADVANCED_FACE ( 'NONE', ( #681 ), #698, .F. ) ;
#950 = DIRECTION ( 'NONE',  ( 2.236541106853127467E-12, 0.000000000000000000, 1.000000000000000000 ) ) ;
#951 = CIRCLE ( 'NONE', #542, 5.000000000000000000 ) ;
#952 = DIRECTION ( 'NONE',  ( 1.000000000000000000, 0.000000000000000000, -2.236432226768319153E-12 ) ) ;
#953 = VERTEX_POINT ( 'NONE', #59 ) ;
#954 = VECTOR ( 'NONE', #85, 1000.000000000000000 ) ;
#955 = DIRECTION ( 'NONE',  ( 0.000000000000000000, 1.000000000000000000, 0.000000000000000000 ) ) ;
#956 = FACE_OUTER_BOUND ( 'NONE', #310, .T. ) ;
#957 = VECTOR ( 'NONE', #99, 1000.000000000000000 ) ;
#958 = VERTEX_POINT ( 'NONE', #931 ) ;
#959 = PLANE ( 'NONE',  #47 ) ;
#960 = ADVANCED_FACE ( 'NONE', ( #1176 ), #66, .T. ) ;
#961 = PLANE ( 'NONE',  #1429 ) ;
#962 = CARTESIAN_POINT ( 'NONE',  ( 4.899999999947882046, 103.5000000000000000, -23.29851728619373219 ) ) ;
#963 = CARTESIAN_POINT ( 'NONE',  ( 0.3249999999301704245, 103.5000000000000000, -31.22264973081109218 ) ) ;
#964 = EDGE_CURVE ( 'NONE', #1261, #779, #290, .T. ) ;
#965 = EDGE_LOOP ( 'NONE', ( #65, #356, #178, #1555 ) ) ;
#966 = FACE_OUTER_BOUND ( 'NONE', #1498, .T. ) ;
#967 = EDGE_CURVE ( 'NONE', #1018, #637, #1602, .T. ) ;
#968 = LINE ( 'NONE', #361, #497 ) ;
#969 = EDGE_CURVE ( 'NONE', #1013, #779, #331, .T. ) ;
#970 = CIRCLE ( 'NONE', #277, 17.00000000000000000 ) ;
#971 = ORIENTED_EDGE ( 'NONE', *, *, #1186, .F. ) ;
#972 = CARTESIAN_POINT ( 'NONE',  ( 5.399999999935417350, 103.0000000000000000, -28.86994738387474513 ) ) ;
#973 = ORIENTED_EDGE ( 'NONE', *, *, #690, .F. ) ;
#974 = FACE_OUTER_BOUND ( 'NONE', #1358, .T. ) ;
#975 = VECTOR ( 'NONE', #137, 999.9999999999998863 ) ;
#976 = DIRECTION ( 'NONE',  ( 7.899479681494625538E-13, 0.000000000000000000, 1.000000000000000000 ) ) ;
#977 = DIRECTION ( 'NONE',  ( 2.236554691448233712E-12, 0.000000000000000000, 1.000000000000000000 ) ) ;
#978 = ORIENTED_EDGE ( 'NONE', *, *, #735, .T. ) ;
#979 = LINE ( 'NONE', #1269, #1275 ) ;
#980 = AXIS2_PLACEMENT_3D ( 'NONE', #1060, #442, #1302 ) ;
#981 = VERTEX_POINT ( 'NONE', #205 ) ;
#982 = CARTESIAN_POINT ( 'NONE',  ( 8.760779182093070716, 101.5999999999999943, -10.27125835146817501 ) ) ;
#983 = TOROIDAL_SURFACE ( 'NONE', #499, 3.149999999999999023, 0.2500000000000000000 ) ;
#984 = DIRECTION ( 'NONE',  ( 1.000000000000000000, 0.000000000000000000, -2.236690748191447405E-12 ) ) ;
#985 = CARTESIAN_POINT ( 'NONE',  ( -4.750000000051438853, 103.0000000000000000, -23.00984215157733814 ) ) ;
#986 = EDGE_LOOP ( 'NONE', ( #503, #483, #1402, #54 ) ) ;
#987 = DIRECTION ( 'NONE',  ( 1.000000000000000000, 0.000000000000000000, -2.237442759191328628E-12 ) ) ;
#988 = ORIENTED_EDGE ( 'NONE', *, *, #404, .F. ) ;
#989 = CARTESIAN_POINT ( 'NONE',  ( 51.00000000011404921, 3.656251051772139160, 50.99999999988591526 ) ) ;
#990 = CARTESIAN_POINT ( 'NONE',  ( 51.10000000011405064, 3.656251051772139160, 50.99999999988569499 ) ) ;
#991 = EDGE_CURVE ( 'NONE', #134, #907, #1344, .T. ) ;
#992 = ADVANCED_FACE ( 'NONE', ( #1332 ), #1068, .F. ) ;
#993 = LINE ( 'NONE', #386, #769 ) ;
#994 = PERSON_AND_ORGANIZATION ( #128, #73 ) ;
#995 = ORIENTED_EDGE ( 'NONE', *, *, #618, .F. ) ;
#996 = CARTESIAN_POINT ( 'NONE',  ( 0.3249999999419905250, 104.5999999999999943, -25.93989476772603453 ) ) ;
#997 = EDGE_LOOP ( 'NONE', ( #771, #456, #263, #1463, #917, #759 ) ) ;
#998 = CARTESIAN_POINT ( 'NONE',  ( 0.3249999999551040908, 103.5000000000000000, -20.07978953545135070 ) ) ;
#999 = CC_DESIGN_APPROVAL ( #1475, ( #387 ) ) ;
#1000 = DIRECTION ( 'NONE',  ( -0.000000000000000000, -1.000000000000000000, 0.000000000000000000 ) ) ;
#1001 = LINE ( 'NONE', #746, #878 ) ;
#1002 = CYLINDRICAL_SURFACE ( 'NONE', #1548, 5.000000000000000000 ) ;
#1003 = EDGE_LOOP ( 'NONE', ( #1430, #340, #1392, #272 ) ) ;
#1004 = VECTOR ( 'NONE', #1432, 1000.000000000000000 ) ;
#1005 = DIRECTION ( 'NONE',  ( 2.236554691448233712E-12, 0.000000000000000000, 1.000000000000000000 ) ) ;
#1006 = AXIS2_PLACEMENT_3D ( 'NONE', #194, #689, #1542 ) ;
#1007 = ORIENTED_EDGE ( 'NONE', *, *, #709, .T. ) ;
#1008 = CARTESIAN_POINT ( 'NONE',  ( 0.5749999999541332008, 103.5000000000000000, -20.51280223734412900 ) ) ;
#1009 = ORIENTED_EDGE ( 'NONE', *, *, #1500, .F. ) ;
#1010 = LINE ( 'NONE', #772, #475 ) ;
#1011 = PLANE ( 'NONE',  #936 ) ;
#1012 = APPROVAL_ROLE ( '' ) ;
#1013 = VERTEX_POINT ( 'NONE', #1560 ) ;
#1014 = PLANE ( 'NONE',  #628 ) ;
#1015 = EDGE_CURVE ( 'NONE', #1175, #1244, #1235, .T. ) ;
#1016 = EDGE_LOOP ( 'NONE', ( #930, #517, #1394, #233 ) ) ;
#1017 = DIRECTION ( 'NONE',  ( -2.236554691448233712E-12, 0.000000000000000000, -1.000000000000000000 ) ) ;
#1018 = VERTEX_POINT ( 'NONE', #481 ) ;
#1019 = CARTESIAN_POINT ( 'NONE',  ( -4.250000000052085447, 103.5000000000000000, -23.29851728617327211 ) ) ;
#1020 = ADVANCED_FACE ( 'NONE', ( #966 ), #1565, .F. ) ;
#1021 = CARTESIAN_POINT ( 'NONE',  ( 0.3249999999343862189, 104.3499999999999943, -29.33989476772603311 ) ) ;
#1022 = EDGE_CURVE ( 'NONE', #1013, #541, #598, .T. ) ;
#1023 = PERSON_AND_ORGANIZATION ( #128, #73 ) ;
#1024 = ORIENTED_EDGE ( 'NONE', *, *, #967, .T. ) ;
#1025 = DIRECTION ( 'NONE',  ( -2.238034804353393252E-12, 0.000000000000000000, -1.000000000000000000 ) ) ;
#1026 = EDGE_CURVE ( 'NONE', #422, #907, #1327, .T. ) ;
#1027 = ORIENTED_EDGE ( 'NONE', *, *, #496, .T. ) ;
#1028 = AXIS2_PLACEMENT_3D ( 'NONE', #1095, #1593, #1340 ) ;
#1029 = CARTESIAN_POINT ( 'NONE',  ( -4.250000000063908878, 103.5000000000000000, -28.58127224925831911 ) ) ;
#1030 = LINE ( 'NONE', #1147, #780 ) ;
#1031 = TOROIDAL_SURFACE ( 'NONE', #52, 3.149999999999999023, 0.2500000000000000000 ) ;
#1032 = CARTESIAN_POINT ( 'NONE',  ( 0.3249999999490356672, 104.3499999999999943, -22.78989476772603240 ) ) ;
#1033 = CARTESIAN_POINT ( 'NONE',  ( 0.000000000000000000, 103.5000000000000000, 0.000000000000000000 ) ) ;
#1034 = CARTESIAN_POINT ( 'NONE',  ( -51.10000000011405064, 3.656251051772139160, -50.99999999988569499 ) ) ;
#1035 = DIRECTION ( 'NONE',  ( -0.000000000000000000, 1.000000000000000000, 0.000000000000000000 ) ) ;
#1036 = VECTOR ( 'NONE', #181, 1000.000000000000000 ) ;
#1037 = DIRECTION ( 'NONE',  ( 0.000000000000000000, 1.000000000000000000, 0.000000000000000000 ) ) ;
#1038 = ORIENTED_EDGE ( 'NONE', *, *, #1594, .F. ) ;
#1039 = DIRECTION ( 'NONE',  ( -2.236690748191447405E-12, 0.000000000000000000, -1.000000000000000000 ) ) ;
#1040 = CARTESIAN_POINT ( 'NONE',  ( 51.09999999988593089, 3.656251051772139160, -51.00000000011429790 ) ) ;
#1041 = ORIENTED_EDGE ( 'NONE', *, *, #1436, .T. ) ;
#1042 = ORIENTED_EDGE ( 'NONE', *, *, #209, .F. ) ;
#1043 = CARTESIAN_POINT ( 'NONE',  ( 0.3249999999459603495, 91.45000000000000284, -24.16489476772603595 ) ) ;
#1044 = CARTESIAN_POINT ( 'NONE',  ( -11.03209230344022274, 107.5999999999999943, -12.93417718327590471 ) ) ;
#1045 = ORIENTED_EDGE ( 'NONE', *, *, #854, .F. ) ;
#1046 = CARTESIAN_POINT ( 'NONE',  ( 51.09999999988593089, 1.156251051772139160, -51.00000000011429790 ) ) ;
#1047 = DIRECTION ( 'NONE',  ( -1.000000000000000000, 0.000000000000000000, 2.236554691448233712E-12 ) ) ;
#1048 = APPROVAL_ROLE ( '' ) ;
#1049 = EDGE_CURVE ( 'NONE', #328, #302, #592, .T. ) ;
#1050 = DIRECTION ( 'NONE',  ( 0.000000000000000000, 1.000000000000000000, 0.000000000000000000 ) ) ;
#1051 = DIRECTION ( 'NONE',  ( 2.236549640341641659E-12, 0.000000000000000000, 1.000000000000000000 ) ) ;
#1052 = ORIENTED_EDGE ( 'NONE', *, *, #735, .F. ) ;
#1053 = CARTESIAN_POINT ( 'NONE',  ( 51.09999999999999432, 0.000000000000000000, -1.142879447330047323E-10 ) ) ;
#1054 = CARTESIAN_POINT ( 'NONE',  ( 0.3249999999288807340, 103.2928932188134183, -31.80000000000071481 ) ) ;
#1055 = LOCAL_TIME ( 23, 19, 31.00000000000000000, #1409 ) ;
#1056 = FACE_OUTER_BOUND ( 'NONE', #428, .T. ) ;
#1057 = VECTOR ( 'NONE', #977, 1000.000000000000000 ) ;
#1058 = DIRECTION ( 'NONE',  ( -2.236492241403096527E-12, 0.000000000000000000, -1.000000000000000000 ) ) ;
#1059 = VERTEX_POINT ( 'NONE', #1459 ) ;
#1060 = CARTESIAN_POINT ( 'NONE',  ( -4.750000000051438853, 103.5000000000000000, -23.00984215157733814 ) ) ;
#1061 = VECTOR ( 'NONE', #511, 1000.000000000000114 ) ;
#1062 = CARTESIAN_POINT ( 'NONE',  ( -7.919019106717629455E-15, 107.5999999999999943, -6.754457473344778296E-15 ) ) ;
#1063 = VECTOR ( 'NONE', #631, 1000.000000000000000 ) ;
#1064 = PLANE ( 'NONE',  #1238 ) ;
#1065 = ADVANCED_FACE ( 'NONE', ( #719 ), #329, .F. ) ;
#1066 = ADVANCED_FACE ( 'NONE', ( #714 ), #1081, .T. ) ;
#1067 = ORIENTED_EDGE ( 'NONE', *, *, #35, .F. ) ;
#1068 = PLANE ( 'NONE',  #570 ) ;
#1069 = CARTESIAN_POINT ( 'NONE',  ( 0.3249999999459603495, 91.45000000000000284, -24.16489476772603595 ) ) ;
#1070 = APPROVAL_STATUS ( 'not_yet_approved' ) ;
#1071 = CARTESIAN_POINT ( 'NONE',  ( 51.00000000011406343, 101.5999999999999943, 50.99999999988594368 ) ) ;
#1072 = PRODUCT_RELATED_PRODUCT_CATEGORY ( 'detail', '', ( #1604 ) ) ;
#1073 = CARTESIAN_POINT ( 'NONE',  ( 0.3249999999349457158, 104.3499999999999943, -29.08989476772603311 ) ) ;
#1074 = ORIENTED_EDGE ( 'NONE', *, *, #667, .F. ) ;
#1075 = CARTESIAN_POINT ( 'NONE',  ( 0.3249999999538177864, 103.5000000000000000, -20.65713980464097332 ) ) ;
#1076 = CARTESIAN_POINT ( 'NONE',  ( 1.387778780784549685E-14, 101.5999999999999943, 1.387778780778341823E-14 ) ) ;
#1077 = CARTESIAN_POINT ( 'NONE',  ( -50.99999999988592947, 101.5999999999999943, 51.00000000011407764 ) ) ;
#1078 = DIRECTION ( 'NONE',  ( -1.000000000000000000, 0.000000000000000000, 2.247029135464763175E-12 ) ) ;
#1079 = LOCAL_TIME ( 23, 19, 31.00000000000000000, #1123 ) ;
#1080 = ORIENTED_EDGE ( 'NONE', *, *, #1139, .T. ) ;
#1081 = PLANE ( 'NONE',  #1161 ) ;
#1082 = VECTOR ( 'NONE', #810, 1000.000000000000000 ) ;
#1083 = DIRECTION ( 'NONE',  ( 0.000000000000000000, 1.000000000000000000, 0.000000000000000000 ) ) ;
#1084 = ADVANCED_FACE ( 'NONE', ( #348 ), #959, .F. ) ;
#1085 = VECTOR ( 'NONE', #1127, 1000.000000000000000 ) ;
#1086 = CARTESIAN_POINT ( 'NONE',  ( 50.99999999988538235, 3.656251051772139160, -51.00000000011458212 ) ) ;
#1087 = ORIENTED_EDGE ( 'NONE', *, *, #1424, .T. ) ;
#1088 = DIRECTION ( 'NONE',  ( 2.236541106853127467E-12, 0.000000000000000000, 1.000000000000000000 ) ) ;
#1089 = CARTESIAN_POINT ( 'NONE',  ( -50.99999999988551025, 3.656251051772139160, 51.10000000011423538 ) ) ;
#1090 = ORIENTED_EDGE ( 'NONE', *, *, #1022, .F. ) ;
#1091 = FACE_OUTER_BOUND ( 'NONE', #1210, .T. ) ;
#1092 = ORIENTED_EDGE ( 'NONE', *, *, #86, .F. ) ;
#1093 = PLANE ( 'NONE',  #1266 ) ;
#1094 = DIRECTION ( 'NONE',  ( -0.000000000000000000, -1.000000000000000000, 0.000000000000000000 ) ) ;
#1095 = CARTESIAN_POINT ( 'NONE',  ( -51.10000000011405064, 1.156251051772139160, -50.99999999988569499 ) ) ;
#1096 = VECTOR ( 'NONE', #1078, 1000.000000000000000 ) ;
#1097 = CARTESIAN_POINT ( 'NONE',  ( 11.03209230337646041, 107.5999999999999943, -12.93417718333029498 ) ) ;
#1098 = EDGE_LOOP ( 'NONE', ( #937, #1356, #623, #1041 ) ) ;
#1099 = CYLINDRICAL_SURFACE ( 'NONE', #1608, 3.400000000000000355 ) ;
#1100 = VECTOR ( 'NONE', #504, 1000.000000000000000 ) ;
#1101 = EDGE_LOOP ( 'NONE', ( #988, #136 ) ) ;
#1102 = CARTESIAN_POINT ( 'NONE',  ( 5.399999999935416461, 101.5999999999999943, -28.86994738387474513 ) ) ;
#1103 = VECTOR ( 'NONE', #359, 1000.000000000000000 ) ;
#1104 = DIRECTION ( 'NONE',  ( 2.236554691448233712E-12, 0.000000000000000000, 1.000000000000000000 ) ) ;
#1105 = FACE_OUTER_BOUND ( 'NONE', #576, .T. ) ;
#1106 = EDGE_LOOP ( 'NONE', ( #1225, #679 ) ) ;
#1107 = AXIS2_PLACEMENT_3D ( 'NONE', #276, #1113, #984 ) ;
#1108 = ORIENTED_EDGE ( 'NONE', *, *, #1586, .F. ) ;
#1109 = CARTESIAN_POINT ( 'NONE',  ( 1.119665124504901533E-11, 100.5999999999999943, 5.000000000000014211 ) ) ;
#1110 = ADVANCED_FACE ( 'NONE', ( #477 ), #220, .F. ) ;
#1111 = EDGE_CURVE ( 'NONE', #652, #1119, #102, .T. ) ;
#1112 = VECTOR ( 'NONE', #281, 1000.000000000000000 ) ;
#1113 = DIRECTION ( 'NONE',  ( 2.236690748191447405E-12, 0.000000000000000000, 1.000000000000000000 ) ) ;
#1114 = DIRECTION ( 'NONE',  ( -0.000000000000000000, -1.000000000000000000, 0.000000000000000000 ) ) ;
#1115 = LINE ( 'NONE', #663, #1341 ) ;
#1116 = EDGE_LOOP ( 'NONE', ( #44, #26, #1154, #1530 ) ) ;
#1117 = FACE_OUTER_BOUND ( 'NONE', #486, .T. ) ;
#1118 = ADVANCED_FACE ( 'NONE', ( #1219 ), #1093, .F. ) ;
#1119 = VERTEX_POINT ( 'NONE', #246 ) ;
#1120 = CARTESIAN_POINT ( 'NONE',  ( 13.60105392011985437, 103.0000000000000000, -23.55771642625321505 ) ) ;
#1121 = CARTESIAN_POINT ( 'NONE',  ( -50.99999999988592947, 3.656251051772141381, 51.00000000011407764 ) ) ;
#1122 = CARTESIAN_POINT ( 'NONE',  ( 0.3249999999343862189, 103.5000000000000000, -29.33989476772603311 ) ) ;
#1123 = COORDINATED_UNIVERSAL_TIME_OFFSET ( 5, 0, .BEHIND. ) ;
#1124 = EDGE_LOOP ( 'NONE', ( #1564, #144, #146, #1381 ) ) ;
#1125 = ORIENTED_EDGE ( 'NONE', *, *, #967, .F. ) ;
#1126 = DIRECTION ( 'NONE',  ( -0.000000000000000000, -1.000000000000000000, 0.000000000000000000 ) ) ;
#1127 = DIRECTION ( 'NONE',  ( -2.236554691448233712E-12, 0.000000000000000000, -1.000000000000000000 ) ) ;
#1128 = LINE ( 'NONE', #627, #806 ) ;
#1129 = CARTESIAN_POINT ( 'NONE',  ( 0.000000000000000000, 0.000000000000000000, 0.000000000000000000 ) ) ;
#1130 = EDGE_CURVE ( 'NONE', #1244, #1175, #545, .T. ) ;
#1131 = ORIENTED_EDGE ( 'NONE', *, *, #1447, .F. ) ;
#1132 = AXIS2_PLACEMENT_3D ( 'NONE', #291, #1527, #885 ) ;
#1133 = LINE ( 'NONE', #1413, #1330 ) ;
#1134 = AXIS2_PLACEMENT_3D ( 'NONE', #1053, #571, #1395 ) ;
#1135 = EDGE_LOOP ( 'NONE', ( #658, #1277, #1454, #518 ) ) ;
#1136 = DIRECTION ( 'NONE',  ( -0.8660254037833197138, 0.000000000000000000, 0.5000000000019378943 ) ) ;
#1137 = EDGE_CURVE ( 'NONE', #1159, #302, #366, .T. ) ;
#1138 = CARTESIAN_POINT ( 'NONE',  ( 5.192893218749137674, 103.5000000000000000, -28.75037422800522435 ) ) ;
#1139 = EDGE_CURVE ( 'NONE', #409, #363, #1493, .T. ) ;
#1140 = CARTESIAN_POINT ( 'NONE',  ( 50.99999999988515498, 3.656251051772139160, -51.10000000011459065 ) ) ;
#1141 = DIRECTION ( 'NONE',  ( 1.000000000000000000, 0.000000000000000000, 0.000000000000000000 ) ) ;
#1142 = ORIENTED_EDGE ( 'NONE', *, *, #1567, .T. ) ;
#1143 = CARTESIAN_POINT ( 'NONE',  ( -50.99999999988592947, 101.5999999999999943, 51.00000000011407764 ) ) ;
#1144 = ORIENTED_EDGE ( 'NONE', *, *, #784, .F. ) ;
#1145 = CARTESIAN_POINT ( 'NONE',  ( 0.3249999999419905250, 91.45000000000000284, -25.93989476772603453 ) ) ;
#1146 = EDGE_LOOP ( 'NONE', ( #833, #1024 ) ) ;
#1147 = CARTESIAN_POINT ( 'NONE',  ( 0.07499999992984296426, 103.5000000000000000, -31.36698729810794717 ) ) ;
#1148 = DIRECTION ( 'NONE',  ( -2.240046172787077135E-12, 0.000000000000000000, -1.000000000000000000 ) ) ;
#1149 = LINE ( 'NONE', #801, #726 ) ;
#1150 = EDGE_LOOP ( 'NONE', ( #1222, #294, #1301, #1087 ) ) ;
#1151 = ORIENTED_EDGE ( 'NONE', *, *, #1549, .T. ) ;
#1152 = CARTESIAN_POINT ( 'NONE',  ( 0.3249999999380208671, 104.5999999999999943, -27.71489476772603311 ) ) ;
#1153 = CARTESIAN_POINT ( 'NONE',  ( -50.99999999988551025, 1.156251051772139160, 51.10000000011423538 ) ) ;
#1154 = ORIENTED_EDGE ( 'NONE', *, *, #575, .F. ) ;
#1155 = LINE ( 'NONE', #1547, #1193 ) ;
#1156 = EDGE_CURVE ( 'NONE', #1159, #790, #1262, .T. ) ;
#1157 = AXIS2_PLACEMENT_3D ( 'NONE', #1558, #1595, #490 ) ;
#1158 = CARTESIAN_POINT ( 'NONE',  ( -3.959509553342168185E-15, 101.5999999999999943, 3.377228736691905172E-15 ) ) ;
#1159 = VERTEX_POINT ( 'NONE', #273 ) ;
#1160 = LINE ( 'NONE', #560, #432 ) ;
#1161 = AXIS2_PLACEMENT_3D ( 'NONE', #471, #955, #1451 ) ;
#1162 =( BOUNDED_CURVE ( )  B_SPLINE_CURVE ( 3, ( #962, #1323, #355, #208 ),
 .UNSPECIFIED., .F., .F. ) 
 B_SPLINE_CURVE_WITH_KNOTS ( ( 4, 4 ),
 ( 1.570796326794897890, 3.141592653589793116 ),
 .UNSPECIFIED. ) 
 CURVE ( )  GEOMETRIC_REPRESENTATION_ITEM ( )  RATIONAL_B_SPLINE_CURVE ( ( 1.000000000000000000, 0.8047378541243652705, 0.8047378541243652705, 1.000000000000000000 ) ) 
 REPRESENTATION_ITEM ( '' )  );
#1163 = CARTESIAN_POINT ( 'NONE',  ( 51.00000000011448265, 3.656251051772139160, 51.09999999988575325 ) ) ;
#1164 = AXIS2_PLACEMENT_3D ( 'NONE', #879, #381, #135 ) ;
#1165 = VECTOR ( 'NONE', #1000, 1000.000000000000000 ) ;
#1166 = ORIENTED_EDGE ( 'NONE', *, *, #516, .F. ) ;
#1167 = PLANE ( 'NONE',  #809 ) ;
#1168 = EDGE_CURVE ( 'NONE', #1443, #1013, #18, .T. ) ;
#1169 = LINE ( 'NONE', #820, #1004 ) ;
#1170 = COORDINATED_UNIVERSAL_TIME_OFFSET ( 5, 0, .BEHIND. ) ;
#1171 = ORIENTED_EDGE ( 'NONE', *, *, #129, .T. ) ;
#1172 = VERTEX_POINT ( 'NONE', #1102 ) ;
#1173 = FACE_OUTER_BOUND ( 'NONE', #231, .T. ) ;
#1174 = LINE ( 'NONE', #1510, #905 ) ;
#1175 = VERTEX_POINT ( 'NONE', #401 ) ;
#1176 = FACE_OUTER_BOUND ( 'NONE', #871, .T. ) ;
#1177 = CARTESIAN_POINT ( 'NONE',  ( 0.3249999999288752384, 103.0000000000000000, -31.80000000000072191 ) ) ;
#1178 = COORDINATED_UNIVERSAL_TIME_OFFSET ( 5, 0, .BEHIND. ) ;
#1179 = FACE_OUTER_BOUND ( 'NONE', #149, .T. ) ;
#1180 = DIRECTION ( 'NONE',  ( 2.238034804353393252E-12, 0.000000000000000000, 1.000000000000000000 ) ) ;
#1181 = AXIS2_PLACEMENT_3D ( 'NONE', #1216, #107, #600 ) ;
#1182 = ORIENTED_EDGE ( 'NONE', *, *, #109, .F. ) ;
#1183 = DIRECTION ( 'NONE',  ( -1.000000000000000000, 0.000000000000000000, 2.237442759191329436E-12 ) ) ;
#1184 = LINE ( 'NONE', #42, #1371 ) ;
#1185 = VECTOR ( 'NONE', #279, 1000.000000000000000 ) ;
#1186 = EDGE_CURVE ( 'NONE', #1295, #652, #1245, .T. ) ;
#1187 = AXIS2_PLACEMENT_3D ( 'NONE', #1378, #383, #872 ) ;
#1188 = LINE ( 'NONE', #1199, #702 ) ;
#1189 = ORIENTED_EDGE ( 'NONE', *, *, #1049, .F. ) ;
#1190 = DIRECTION ( 'NONE',  ( -0.000000000000000000, 1.000000000000000000, 0.000000000000000000 ) ) ;
#1191 = ADVANCED_FACE ( 'NONE', ( #640 ), #145, .F. ) ;
#1192 = EDGE_CURVE ( 'NONE', #1264, #134, #1359, .T. ) ;
#1193 = VECTOR ( 'NONE', #548, 1000.000000000000000 ) ;
#1194 = DIRECTION ( 'NONE',  ( -1.000000000000000000, 0.000000000000000000, 2.236690748191447405E-12 ) ) ;
#1195 = ADVANCED_FACE ( 'NONE', ( #974 ), #743, .F. ) ;
#1196 = ADVANCED_FACE ( 'NONE', ( #519 ), #633, .T. ) ;
#1197 = PLANE ( 'NONE',  #202 ) ;
#1198 = VECTOR ( 'NONE', #1224, 1000.000000000000114 ) ;
#1199 = CARTESIAN_POINT ( 'NONE',  ( 0.3249999999551040908, 103.5000000000000000, -20.07978953545135070 ) ) ;
#1200 = VERTEX_POINT ( 'NONE', #770 ) ;
#1201 = DIRECTION ( 'NONE',  ( 1.000000000000000000, 0.000000000000000000, -2.236690748191447405E-12 ) ) ;
#1202 = DIRECTION ( 'NONE',  ( -1.000000000000000000, 0.000000000000000000, 2.236554691448233712E-12 ) ) ;
#1203 = LINE ( 'NONE', #1086, #335 ) ;
#1204 = CARTESIAN_POINT ( 'NONE',  ( 50.99999999988515498, 1.156251051772139160, -51.10000000011459065 ) ) ;
#1205 = ORIENTED_EDGE ( 'NONE', *, *, #948, .T. ) ;
#1206 = DIRECTION ( 'NONE',  ( 2.236554691448233712E-12, 0.000000000000000000, 1.000000000000000000 ) ) ;
#1207 = DIRECTION ( 'NONE',  ( -1.000000000000000000, 0.000000000000000000, 2.247029135464763175E-12 ) ) ;
#1208 = LINE ( 'NONE', #1335, #357 ) ;
#1209 = CC_DESIGN_APPROVAL ( #1573, ( #933 ) ) ;
#1210 = EDGE_LOOP ( 'NONE', ( #88, #1492, #1399, #896 ) ) ;
#1211 = DIRECTION ( 'NONE',  ( -2.236554691448233712E-12, 0.000000000000000000, -1.000000000000000000 ) ) ;
#1212 = VECTOR ( 'NONE', #215, 1000.000000000000000 ) ;
#1213 = EDGE_CURVE ( 'NONE', #641, #958, #1467, .T. ) ;
#1214 = CARTESIAN_POINT ( 'NONE',  ( 51.10000000011405064, 3.656251051772139160, 50.99999999988569499 ) ) ;
#1215 = AXIS2_PLACEMENT_3D ( 'NONE', #234, #466, #1088 ) ;
#1216 = CARTESIAN_POINT ( 'NONE',  ( -3.959509553342168185E-15, 107.5999999999999943, 3.377228736691905172E-15 ) ) ;
#1217 = ORIENTED_EDGE ( 'NONE', *, *, #870, .F. ) ;
#1218 = ORIENTED_EDGE ( 'NONE', *, *, #845, .F. ) ;
#1219 = FACE_OUTER_BOUND ( 'NONE', #1377, .T. ) ;
#1220 = DIRECTION ( 'NONE',  ( 1.000000000000000000, 0.000000000000000000, -2.240046172787077135E-12 ) ) ;
#1221 = CARTESIAN_POINT ( 'NONE',  ( -51.00000000011404921, 1.156251051772139160, -50.99999999988591526 ) ) ;
#1222 = ORIENTED_EDGE ( 'NONE', *, *, #230, .T. ) ;
#1223 = PRODUCT_DEFINITION ( 'UNKNOWN', '', #387, #104 ) ;
#1224 = DIRECTION ( 'NONE',  ( 0.8660254037855578124, -0.000000000000000000, 0.4999999999980614396 ) ) ;
#1225 = ORIENTED_EDGE ( 'NONE', *, *, #716, .F. ) ;
#1226 = DIRECTION ( 'NONE',  ( 0.000000000000000000, -1.000000000000000000, -0.000000000000000000 ) ) ;
#1227 = ADVANCED_BREP_SHAPE_REPRESENTATION ( 'base_qube_Predeterminado_sldprt', ( #512, #151 ), #843 ) ;
#1228 = CARTESIAN_POINT ( 'NONE',  ( 5.399999999935417350, 103.2928932188134326, -28.86994738387474158 ) ) ;
#1229 = DIRECTION ( 'NONE',  ( 0.8660254037855578124, 0.000000000000000000, 0.4999999999980614396 ) ) ;
#1230 = AXIS2_PLACEMENT_3D ( 'NONE', #1077, #1570, #223 ) ;
#1231 = LINE ( 'NONE', #733, #567 ) ;
#1232 = VERTEX_POINT ( 'NONE', #982 ) ;
#1233 = CARTESIAN_POINT ( 'NONE',  ( 51.00000000011404921, 3.656251051772139160, 50.99999999988591526 ) ) ;
#1234 = EDGE_CURVE ( 'NONE', #1242, #790, #760, .T. ) ;
#1235 = CIRCLE ( 'NONE', #207, 3.149999999999999911 ) ;
#1236 = ORIENTED_EDGE ( 'NONE', *, *, #384, .T. ) ;
#1237 = CARTESIAN_POINT ( 'NONE',  ( -51.00000000011404921, 3.656251051772139160, -50.99999999988591526 ) ) ;
#1238 = AXIS2_PLACEMENT_3D ( 'NONE', #866, #945, #1605 ) ;
#1239 = CARTESIAN_POINT ( 'NONE',  ( 50.99999999988594368, 101.5999999999999943, -51.00000000011404921 ) ) ;
#1240 = CARTESIAN_POINT ( 'NONE',  ( 51.09999999988593089, 3.656251051772139160, -51.00000000011429790 ) ) ;
#1241 = PERSON_AND_ORGANIZATION_ROLE ( 'creator' ) ;
#1242 = VERTEX_POINT ( 'NONE', #856 ) ;
#1243 = CARTESIAN_POINT ( 'NONE',  ( -51.00000000011404921, 101.5999999999999943, -50.99999999988591526 ) ) ;
#1244 = VERTEX_POINT ( 'NONE', #753 ) ;
#1245 = LINE ( 'NONE', #1384, #1571 ) ;
#1246 = EDGE_CURVE ( 'NONE', #734, #6, #889, .T. ) ;
#1247 = CARTESIAN_POINT ( 'NONE',  ( -4.500000000063583805, 103.5000000000000000, -28.43693468196035568 ) ) ;
#1248 = DIRECTION ( 'NONE',  ( 0.000000000000000000, 1.000000000000000000, 0.000000000000000000 ) ) ;
#1249 =( NAMED_UNIT ( * ) PLANE_ANGLE_UNIT ( ) SI_UNIT ( $, .RADIAN. ) );
#1250 = ORIENTED_EDGE ( 'NONE', *, *, #377, .T. ) ;
#1251 = ORIENTED_EDGE ( 'NONE', *, *, #195, .T. ) ;
#1252 = CARTESIAN_POINT ( 'NONE',  ( -51.09999999988593089, 3.656251051772139160, 51.00000000011429790 ) ) ;
#1253 = ORIENTED_EDGE ( 'NONE', *, *, #496, .F. ) ;
#1254 = ADVANCED_FACE ( 'NONE', ( #487 ), #1479, .T. ) ;
#1255 = FACE_BOUND ( 'NONE', #93, .T. ) ;
#1256 = PERSON_AND_ORGANIZATION_ROLE ( 'creator' ) ;
#1257 = ORIENTED_EDGE ( 'NONE', *, *, #1186, .T. ) ;
#1258 = DIRECTION ( 'NONE',  ( -0.000000000000000000, 1.000000000000000000, 0.000000000000000000 ) ) ;
#1259 = CIRCLE ( 'NONE', #565, 1.774999999999998801 ) ;
#1260 = EDGE_CURVE ( 'NONE', #790, #165, #1, .T. ) ;
#1261 = VERTEX_POINT ( 'NONE', #1368 ) ;
#1262 = LINE ( 'NONE', #510, #1526 ) ;
#1263 = VECTOR ( 'NONE', #211, 1000.000000000000000 ) ;
#1264 = VERTEX_POINT ( 'NONE', #256 ) ;
#1265 = CARTESIAN_POINT ( 'NONE',  ( -50.99999999988592947, 101.5999999999999943, 51.00000000011407764 ) ) ;
#1266 = AXIS2_PLACEMENT_3D ( 'NONE', #819, #1320, #9 ) ;
#1267 = CARTESIAN_POINT ( 'NONE',  ( 51.10000000011405064, 3.656251051772139160, 50.99999999988569499 ) ) ;
#1268 = ORIENTED_EDGE ( 'NONE', *, *, #271, .T. ) ;
#1269 = CARTESIAN_POINT ( 'NONE',  ( 50.99999999988515498, 3.656251051772139160, -51.10000000011459065 ) ) ;
#1270 = VECTOR ( 'NONE', #1370, 1000.000000000000000 ) ;
#1271 = ORIENTED_EDGE ( 'NONE', *, *, #1213, .F. ) ;
#1272 = CARTESIAN_POINT ( 'NONE',  ( -51.09999999988593089, 3.656251051772139160, 51.00000000011429790 ) ) ;
#1273 = EDGE_LOOP ( 'NONE', ( #438, #441, #586, #406 ) ) ;
#1274 = DIRECTION ( 'NONE',  ( -2.236554691448233712E-12, 0.000000000000000000, -1.000000000000000000 ) ) ;
#1275 = VECTOR ( 'NONE', #812, 1000.000000000000000 ) ;
#1276 = PLANE ( 'NONE',  #821 ) ;
#1277 = ORIENTED_EDGE ( 'NONE', *, *, #1453, .F. ) ;
#1278 = DIRECTION ( 'NONE',  ( 0.000000000000000000, 1.000000000000000000, 0.000000000000000000 ) ) ;
#1279 = EDGE_CURVE ( 'NONE', #525, #382, #173, .T. ) ;
#1280 = EDGE_LOOP ( 'NONE', ( #860, #1300, #36, #213 ) ) ;
#1281 = CARTESIAN_POINT ( 'NONE',  ( -8.760779182143705768, 107.5999999999999943, -10.27125835142498111 ) ) ;
#1282 = ORIENTED_EDGE ( 'NONE', *, *, #86, .T. ) ;
#1283 = LINE ( 'NONE', #175, #235 ) ;
#1284 = DIRECTION ( 'NONE',  ( 2.236690748191447405E-12, 0.000000000000000000, 1.000000000000000000 ) ) ;
#1285 = CALENDAR_DATE ( 2026, 13, 6 ) ;
#1286 = EDGE_LOOP ( 'NONE', ( #1412, #807, #757, #49 ) ) ;
#1287 = FACE_OUTER_BOUND ( 'NONE', #224, .T. ) ;
#1288 = EDGE_CURVE ( 'NONE', #652, #790, #669, .T. ) ;
#1289 = CARTESIAN_POINT ( 'NONE',  ( -4.750000000064556360, 103.2928932188134752, -28.86994738385201487 ) ) ;
#1290 = EDGE_LOOP ( 'NONE', ( #1067, #844, #1507, #1251 ) ) ;
#1291 = DIRECTION ( 'NONE',  ( 1.000000000000000000, 0.000000000000000000, -2.236554691448233712E-12 ) ) ;
#1292 = AXIS2_PLACEMENT_3D ( 'NONE', #22, #133, #1372 ) ;
#1293 = FACE_OUTER_BOUND ( 'NONE', #997, .T. ) ;
#1294 = ORIENTED_EDGE ( 'NONE', *, *, #391, .F. ) ;
#1295 = VERTEX_POINT ( 'NONE', #1521 ) ;
#1296 = CARTESIAN_POINT ( 'NONE',  ( 0.3249999999551040908, 101.5999999999999943, -20.07978953545135070 ) ) ;
#1297 = VECTOR ( 'NONE', #559, 1000.000000000000000 ) ;
#1298 = DIRECTION ( 'NONE',  ( 0.000000000000000000, -1.000000000000000000, -0.000000000000000000 ) ) ;
#1299 = VECTOR ( 'NONE', #616, 1000.000000000000000 ) ;
#1300 = ORIENTED_EDGE ( 'NONE', *, *, #854, .T. ) ;
#1301 = ORIENTED_EDGE ( 'NONE', *, *, #1192, .F. ) ;
#1302 = DIRECTION ( 'NONE',  ( -0.8660254037855571463, 0.000000000000000000, -0.4999999999980625498 ) ) ;
#1303 = CARTESIAN_POINT ( 'NONE',  ( 51.00000000011426238, 1.156251051772139160, 50.99999999988574473 ) ) ;
#1304 = EDGE_CURVE ( 'NONE', #1609, #155, #659, .T. ) ;
#1305 = CARTESIAN_POINT ( 'NONE',  ( -51.00000000011483792, 3.656251051772139160, -51.09999999988539798 ) ) ;
#1306 = ORIENTED_EDGE ( 'NONE', *, *, #209, .T. ) ;
#1307 = DIRECTION ( 'NONE',  ( -1.000000000000000000, 0.000000000000000000, 2.236554691448233712E-12 ) ) ;
#1308 = EDGE_CURVE ( 'NONE', #43, #328, #789, .T. ) ;
#1309 = EDGE_CURVE ( 'NONE', #953, #155, #1534, .T. ) ;
#1310 = FACE_OUTER_BOUND ( 'NONE', #492, .T. ) ;
#1311 = DATE_AND_TIME ( #444, #314 ) ;
#1312 = VERTEX_POINT ( 'NONE', #1281 ) ;
#1313 = DIRECTION ( 'NONE',  ( 1.000000000000000000, 0.000000000000000000, -2.247029135464763175E-12 ) ) ;
#1314 = EDGE_CURVE ( 'NONE', #14, #722, #695, .T. ) ;
#1315 = ADVANCED_FACE ( 'NONE', ( #1540 ), #440, .F. ) ;
#1316 = DIRECTION ( 'NONE',  ( 0.000000000000000000, 1.000000000000000000, 0.000000000000000000 ) ) ;
#1317 = ADVANCED_FACE ( 'NONE', ( #676 ), #929, .F. ) ;
#1318 = AXIS2_PLACEMENT_3D ( 'NONE', #197, #584, #218 ) ;
#1319 = ORIENTED_EDGE ( 'NONE', *, *, #1213, .T. ) ;
#1320 = DIRECTION ( 'NONE',  ( -2.236690748191447405E-12, 0.000000000000000000, -1.000000000000000000 ) ) ;
#1321 = VECTOR ( 'NONE', #528, 1000.000000000000000 ) ;
#1322 = FACE_BOUND ( 'NONE', #1101, .T. ) ;
#1323 = CARTESIAN_POINT ( 'NONE',  ( 5.192893218761714280, 103.5000000000000000, -23.12941530746862995 ) ) ;
#1324 = VECTOR ( 'NONE', #1352, 1000.000000000000000 ) ;
#1325 = CARTESIAN_POINT ( 'NONE',  ( 0.3249999999380208671, 91.45000000000000284, -27.71489476772603311 ) ) ;
#1326 = ORIENTED_EDGE ( 'NONE', *, *, #1561, .F. ) ;
#1327 = LINE ( 'NONE', #89, #873 ) ;
#1328 = AXIS2_PLACEMENT_3D ( 'NONE', #1076, #505, #1104 ) ;
#1329 = FACE_OUTER_BOUND ( 'NONE', #1135, .T. ) ;
#1330 = VECTOR ( 'NONE', #55, 1000.000000000000114 ) ;
#1331 = ORIENTED_EDGE ( 'NONE', *, *, #1246, .F. ) ;
#1332 = FACE_OUTER_BOUND ( 'NONE', #762, .T. ) ;
#1333 =( BOUNDED_CURVE ( )  B_SPLINE_CURVE ( 3, ( #1177, #1054, #1550, #451 ),
 .UNSPECIFIED., .F., .F. ) 
 B_SPLINE_CURVE_WITH_KNOTS ( ( 4, 4 ),
 ( 3.141592653589793116, 4.712388980384695891 ),
 .UNSPECIFIED. ) 
 CURVE ( )  GEOMETRIC_REPRESENTATION_ITEM ( )  RATIONAL_B_SPLINE_CURVE ( ( 1.000000000000000000, 0.8047378541243634942, 0.8047378541243634942, 1.000000000000000000 ) ) 
 REPRESENTATION_ITEM ( '' )  );
#1334 = DIRECTION ( 'NONE',  ( -2.236554691448233712E-12, 0.000000000000000000, -1.000000000000000000 ) ) ;
#1335 = CARTESIAN_POINT ( 'NONE',  ( -50.99999999988573052, 3.656251051772139160, 51.00000000011423396 ) ) ;
#1336 = ADVANCED_FACE ( 'NONE', ( #27 ), #544, .F. ) ;
#1337 = ORIENTED_EDGE ( 'NONE', *, *, #461, .F. ) ;
#1338 = DIRECTION ( 'NONE',  ( 2.236554691448233712E-12, 0.000000000000000000, 1.000000000000000000 ) ) ;
#1339 = CARTESIAN_POINT ( 'NONE',  ( 0.3249999999288752384, 101.5999999999999943, -31.80000000000072191 ) ) ;
#1340 = DIRECTION ( 'NONE',  ( 2.236554691448233712E-12, 0.000000000000000000, 1.000000000000000000 ) ) ;
#1341 = VECTOR ( 'NONE', #902, 1000.000000000000000 ) ;
#1342 = VERTEX_POINT ( 'NONE', #433 ) ;
#1343 = VERTEX_POINT ( 'NONE', #1029 ) ;
#1344 = LINE ( 'NONE', #942, #677 ) ;
#1345 = VECTOR ( 'NONE', #436, 1000.000000000000000 ) ;
#1346 = CARTESIAN_POINT ( 'NONE',  ( 1.119665124504901533E-11, 100.5999999999999943, 5.000000000000014211 ) ) ;
#1347 = VECTOR ( 'NONE', #482, 999.9999999999998863 ) ;
#1348 = DIRECTION ( 'NONE',  ( -0.000000000000000000, -1.000000000000000000, 0.000000000000000000 ) ) ;
#1349 = ORIENTED_EDGE ( 'NONE', *, *, #437, .T. ) ;
#1350 = DIRECTION ( 'NONE',  ( -2.236690748191447405E-12, 0.000000000000000000, -1.000000000000000000 ) ) ;
#1351 = ORIENTED_EDGE ( 'NONE', *, *, #1260, .T. ) ;
#1352 = DIRECTION ( 'NONE',  ( -0.000000000000000000, -1.000000000000000000, 0.000000000000000000 ) ) ;
#1353 = CARTESIAN_POINT ( 'NONE',  ( 8.760779182093070716, 107.5999999999999943, -10.27125835146817501 ) ) ;
#1354 = EDGE_CURVE ( 'NONE', #1172, #6, #920, .T. ) ;
#1355 = LINE ( 'NONE', #379, #748 ) ;
#1356 = ORIENTED_EDGE ( 'NONE', *, *, #1279, .F. ) ;
#1357 = EDGE_CURVE ( 'NONE', #1059, #1343, #222, .T. ) ;
#1358 = EDGE_LOOP ( 'NONE', ( #465, #785, #647, #161 ) ) ;
#1359 = LINE ( 'NONE', #240, #421 ) ;
#1360 = PRODUCT_DEFINITION_SHAPE ( 'NONE', 'NONE',  #1223 ) ;
#1361 = EDGE_CURVE ( 'NONE', #1342, #1242, #778, .T. ) ;
#1362 = DIRECTION ( 'NONE',  ( 2.236554691448233712E-12, 0.000000000000000000, 1.000000000000000000 ) ) ;
#1363 = LINE ( 'NONE', #1221, #1057 ) ;
#1364 = ORIENTED_EDGE ( 'NONE', *, *, #1549, .F. ) ;
#1365 = LINE ( 'NONE', #972, #1198 ) ;
#1366 = AXIS2_PLACEMENT_3D ( 'NONE', #1120, #375, #863 ) ;
#1367 = ORIENTED_EDGE ( 'NONE', *, *, #1434, .T. ) ;
#1368 = CARTESIAN_POINT ( 'NONE',  ( 5.399999999948528639, 103.0000000000000000, -23.00984215160004709 ) ) ;
#1369 = AXIS2_PLACEMENT_3D ( 'NONE', #353, #111, #1211 ) ;
#1370 = DIRECTION ( 'NONE',  ( -0.000000000000000000, -1.000000000000000000, 0.000000000000000000 ) ) ;
#1371 = VECTOR ( 'NONE', #186, 1000.000000000000000 ) ;
#1372 = DIRECTION ( 'NONE',  ( 2.236541106853127467E-12, 0.000000000000000000, 1.000000000000000000 ) ) ;
#1373 = AXIS2_PLACEMENT_3D ( 'NONE', #236, #1083, #950 ) ;
#1374 = ORIENTED_EDGE ( 'NONE', *, *, #537, .T. ) ;
#1375 = DIRECTION ( 'NONE',  ( 0.5000000000019380053, 0.000000000000000000, 0.8660254037833198248 ) ) ;
#1376 = EDGE_CURVE ( 'NONE', #718, #1159, #687, .T. ) ;
#1377 = EDGE_LOOP ( 'NONE', ( #1038, #978, #1379, #774 ) ) ;
#1378 = CARTESIAN_POINT ( 'NONE',  ( 51.00000000011406343, 101.5999999999999943, 50.99999999988594368 ) ) ;
#1379 = ORIENTED_EDGE ( 'NONE', *, *, #1397, .T. ) ;
#1380 = DIRECTION ( 'NONE',  ( 2.236554691448233712E-12, 0.000000000000000000, 1.000000000000000000 ) ) ;
#1381 = ORIENTED_EDGE ( 'NONE', *, *, #1397, .F. ) ;
#1382 = PLANE ( 'NONE',  #130 ) ;
#1383 = EDGE_LOOP ( 'NONE', ( #1125, #664, #1417, #470 ) ) ;
#1384 = CARTESIAN_POINT ( 'NONE',  ( -50.99999999988592947, 101.5999999999999943, 51.00000000011407764 ) ) ;
#1385 = ORIENTED_EDGE ( 'NONE', *, *, #1354, .T. ) ;
#1386 = DIRECTION ( 'NONE',  ( -2.236554691448233712E-12, 0.000000000000000000, -1.000000000000000000 ) ) ;
#1387 = CARTESIAN_POINT ( 'NONE',  ( -50.99999999988551025, 3.656251051772139160, 51.10000000011423538 ) ) ;
#1388 = PERSON_AND_ORGANIZATION ( #128, #73 ) ;
#1389 = VERTEX_POINT ( 'NONE', #555 ) ;
#1390 = CARTESIAN_POINT ( 'NONE',  ( 50.99999999988515498, 1.156251051772139160, -51.10000000011459065 ) ) ;
#1391 = CIRCLE ( 'NONE', #700, 0.2500000000000002220 ) ;
#1392 = ORIENTED_EDGE ( 'NONE', *, *, #1468, .T. ) ;
#1393 = DIRECTION ( 'NONE',  ( 1.000000000000000000, 0.000000000000000000, -2.240046172787077135E-12 ) ) ;
#1394 = ORIENTED_EDGE ( 'NONE', *, *, #615, .F. ) ;
#1395 = DIRECTION ( 'NONE',  ( -2.236554691448233712E-12, 0.000000000000000000, -1.000000000000000000 ) ) ;
#1396 = CARTESIAN_POINT ( 'NONE',  ( -51.10000000011405064, 1.156251051772139160, -50.99999999988569499 ) ) ;
#1397 = EDGE_CURVE ( 'NONE', #17, #1609, #1174, .T. ) ;
#1398 = CARTESIAN_POINT ( 'NONE',  ( 51.00000000011406343, 0.000000000000000000, 50.99999999988594368 ) ) ;
#1399 = ORIENTED_EDGE ( 'NONE', *, *, #969, .F. ) ;
#1400 = PLANE ( 'NONE',  #712 ) ;
#1401 = VECTOR ( 'NONE', #166, 1000.000000000000114 ) ;
#1402 = ORIENTED_EDGE ( 'NONE', *, *, #1410, .T. ) ;
#1403 = CARTESIAN_POINT ( 'NONE',  ( 0.3249999999419905250, 103.5000000000000000, -25.93989476772603453 ) ) ;
#1404 = ORIENTED_EDGE ( 'NONE', *, *, #948, .F. ) ;
#1405 = LINE ( 'NONE', #1556, #595 ) ;
#1406 = VECTOR ( 'NONE', #543, 1000.000000000000000 ) ;
#1407 = DIRECTION ( 'NONE',  ( 2.236492241403096527E-12, 0.000000000000000000, 1.000000000000000000 ) ) ;
#1408 = PLANE ( 'NONE',  #1572 ) ;
#1409 = COORDINATED_UNIVERSAL_TIME_OFFSET ( 5, 0, .BEHIND. ) ;
#1410 = EDGE_CURVE ( 'NONE', #926, #363, #344, .T. ) ;
#1411 = EDGE_CURVE ( 'NONE', #1200, #14, #1545, .T. ) ;
#1412 = ORIENTED_EDGE ( 'NONE', *, *, #556, .F. ) ;
#1413 = CARTESIAN_POINT ( 'NONE',  ( -7.919019106717629455E-15, 107.5999999999999943, -6.754457473344778296E-15 ) ) ;
#1414 = ORIENTED_EDGE ( 'NONE', *, *, #408, .T. ) ;
#1415 = PLANE ( 'NONE',  #1577 ) ;
#1416 = LINE ( 'NONE', #308, #649 ) ;
#1417 = ORIENTED_EDGE ( 'NONE', *, *, #1586, .T. ) ;
#1418 = CARTESIAN_POINT ( 'NONE',  ( 0.3249999999419905250, 104.3499999999999943, -25.93989476772603453 ) ) ;
#1419 = DIRECTION ( 'NONE',  ( -0.000000000000000000, -1.000000000000000000, 0.000000000000000000 ) ) ;
#1420 = ORIENTED_EDGE ( 'NONE', *, *, #696, .F. ) ;
#1421 = CARTESIAN_POINT ( 'NONE',  ( 51.00000000011406343, 101.5999999999999943, 50.99999999988594368 ) ) ;
#1422 = APPROVAL_PERSON_ORGANIZATION ( #459, #1573, #1048 ) ;
#1423 = CARTESIAN_POINT ( 'NONE',  ( 50.99999999988594368, 101.5999999999999943, -51.00000000011404921 ) ) ;
#1424 = EDGE_CURVE ( 'NONE', #1264, #165, #813, .T. ) ;
#1425 = DIRECTION ( 'NONE',  ( 2.236554691448233712E-12, 0.000000000000000000, 1.000000000000000000 ) ) ;
#1426 = VECTOR ( 'NONE', #794, 1000.000000000000000 ) ;
#1427 = DIRECTION ( 'NONE',  ( 2.236554691448233712E-12, 0.000000000000000000, 1.000000000000000000 ) ) ;
#1428 = ADVANCED_FACE ( 'NONE', ( #337 ), #1064, .T. ) ;
#1429 = AXIS2_PLACEMENT_3D ( 'NONE', #1089, #1220, #1446 ) ;
#1430 = ORIENTED_EDGE ( 'NONE', *, *, #106, .T. ) ;
#1431 = FACE_OUTER_BOUND ( 'NONE', #965, .T. ) ;
#1432 = DIRECTION ( 'NONE',  ( -1.000000000000000000, 0.000000000000000000, 2.247029135464763175E-12 ) ) ;
#1433 = ORIENTED_EDGE ( 'NONE', *, *, #690, .T. ) ;
#1434 = EDGE_CURVE ( 'NONE', #365, #790, #1355, .T. ) ;
#1435 = ADVANCED_FACE ( 'NONE', ( #1554 ), #1031, .T. ) ;
#1436 = EDGE_CURVE ( 'NONE', #630, #269, #859, .T. ) ;
#1437 = CARTESIAN_POINT ( 'NONE',  ( 0.3249999999419905250, 104.3499999999999943, -25.93989476772603453 ) ) ;
#1438 = ORIENTED_EDGE ( 'NONE', *, *, #1411, .T. ) ;
#1439 = CARTESIAN_POINT ( 'NONE',  ( 50.99999999988594368, 101.5999999999999943, -51.00000000011404921 ) ) ;
#1440 = DIRECTION ( 'NONE',  ( 0.7608339519606049928, 0.000000000000000000, 0.6489466060809687686 ) ) ;
#1441 = DIRECTION ( 'NONE',  ( 2.236554691448233712E-12, 0.000000000000000000, 1.000000000000000000 ) ) ;
#1442 = DIRECTION ( 'NONE',  ( 2.236549640341641659E-12, 0.000000000000000000, 1.000000000000000000 ) ) ;
#1443 = VERTEX_POINT ( 'NONE', #249 ) ;
#1444 = CARTESIAN_POINT ( 'NONE',  ( 5.149999999947559637, 103.5000000000000000, -23.44285485349169917 ) ) ;
#1445 = AXIS2_PLACEMENT_3D ( 'NONE', #420, #48, #1427 ) ;
#1446 = DIRECTION ( 'NONE',  ( -2.240046172787077135E-12, 0.000000000000000000, -1.000000000000000000 ) ) ;
#1447 = EDGE_CURVE ( 'NONE', #862, #641, #951, .T. ) ;
#1448 = AXIS2_PLACEMENT_3D ( 'NONE', #1403, #561, #1051 ) ;
#1449 = CARTESIAN_POINT ( 'NONE',  ( 1.387778780784549685E-14, 100.5999999999999943, 1.387778780778341823E-14 ) ) ;
#1450 = ORIENTED_EDGE ( 'NONE', *, *, #1357, .F. ) ;
#1451 = DIRECTION ( 'NONE',  ( -7.899479681494625538E-13, 0.000000000000000000, -1.000000000000000000 ) ) ;
#1452 = FACE_OUTER_BOUND ( 'NONE', #1016, .T. ) ;
#1453 = EDGE_CURVE ( 'NONE', #637, #1018, #248, .T. ) ;
#1454 = ORIENTED_EDGE ( 'NONE', *, *, #163, .T. ) ;
#1455 = DIRECTION ( 'NONE',  ( -2.240046172787077135E-12, 0.000000000000000000, -1.000000000000000000 ) ) ;
#1456 = CYLINDRICAL_SURFACE ( 'NONE', #522, 3.400000000000000355 ) ;
#1457 = ORIENTED_EDGE ( 'NONE', *, *, #811, .F. ) ;
#1458 = EDGE_LOOP ( 'NONE', ( #170, #665 ) ) ;
#1459 = CARTESIAN_POINT ( 'NONE',  ( -4.750000000064554584, 103.0000000000000000, -28.86994738385201842 ) ) ;
#1460 = VECTOR ( 'NONE', #1148, 1000.000000000000000 ) ;
#1461 = CARTESIAN_POINT ( 'NONE',  ( -3.959509553342168185E-15, 107.5999999999999943, 3.377228736691905172E-15 ) ) ;
#1462 = VECTOR ( 'NONE', #585, 1000.000000000000000 ) ;
#1463 = ORIENTED_EDGE ( 'NONE', *, *, #805, .T. ) ;
#1464 = FACE_OUTER_BOUND ( 'NONE', #795, .T. ) ;
#1465 = AXIS2_PLACEMENT_3D ( 'NONE', #214, #834, #730 ) ;
#1466 = ORIENTED_EDGE ( 'NONE', *, *, #253, .T. ) ;
#1467 = LINE ( 'NONE', #1109, #1519 ) ;
#1468 = EDGE_CURVE ( 'NONE', #1200, #1264, #823, .T. ) ;
#1469 = CARTESIAN_POINT ( 'NONE',  ( -4.750000000051443294, 103.0000000000000000, -23.00984215157734170 ) ) ;
#1470 = AXIS2_PLACEMENT_3D ( 'NONE', #457, #661, #558 ) ;
#1471 = CARTESIAN_POINT ( 'NONE',  ( -4.250000000051438853, 103.5000000000000000, -23.00984215157845725 ) ) ;
#1472 = ADVANCED_FACE ( 'NONE', ( #1105 ), #327, .T. ) ;
#1473 = VERTEX_POINT ( 'NONE', #985 ) ;
#1474 = CARTESIAN_POINT ( 'NONE',  ( 0.3249999999288752384, 101.5999999999999943, -31.80000000000072191 ) ) ;
#1475 = APPROVAL ( #427, 'UNSPECIFIED' ) ;
#1476 = EDGE_CURVE ( 'NONE', #14, #1559, #1363, .T. ) ;
#1477 = AXIS2_PLACEMENT_3D ( 'NONE', #797, #1050, #1517 ) ;
#1478 = ORIENTED_EDGE ( 'NONE', *, *, #829, .T. ) ;
#1479 = CYLINDRICAL_SURFACE ( 'NONE', #1366, 0.5000000000000007772 ) ;
#1480 = CARTESIAN_POINT ( 'NONE',  ( -51.10000000011405064, 3.656251051772139160, -50.99999999988569499 ) ) ;
#1481 = CARTESIAN_POINT ( 'NONE',  ( -8.760779182143707544, 101.5999999999999943, -10.27125835142498289 ) ) ;
#1482 = ORIENTED_EDGE ( 'NONE', *, *, #230, .F. ) ;
#1483 = CARTESIAN_POINT ( 'NONE',  ( -51.00000000011461054, 1.156251051772139160, -50.99999999988539656 ) ) ;
#1484 = ORIENTED_EDGE ( 'NONE', *, *, #1476, .F. ) ;
#1485 = DIRECTION ( 'NONE',  ( 2.236554195812954919E-12, 0.000000000000000000, 1.000000000000000000 ) ) ;
#1486 = CARTESIAN_POINT ( 'NONE',  ( -50.99999999988592947, 101.5999999999999943, 51.00000000011407764 ) ) ;
#1487 = DIRECTION ( 'NONE',  ( 0.000000000000000000, 1.000000000000000000, 0.000000000000000000 ) ) ;
#1488 =( BOUNDED_CURVE ( )  B_SPLINE_CURVE ( 3, ( #891, #1228, #1138, #1494 ),
 .UNSPECIFIED., .F., .F. ) 
 B_SPLINE_CURVE_WITH_KNOTS ( ( 4, 4 ),
 ( 0.000000000000000000, 1.570796326794896558 ),
 .UNSPECIFIED. ) 
 CURVE ( )  GEOMETRIC_REPRESENTATION_ITEM ( )  RATIONAL_B_SPLINE_CURVE ( ( 1.000000000000000000, 0.8047378541243649375, 0.8047378541243649375, 1.000000000000000000 ) ) 
 REPRESENTATION_ITEM ( '' )  );
#1489 = ORIENTED_EDGE ( 'NONE', *, *, #3, .F. ) ;
#1490 = EDGE_CURVE ( 'NONE', #1018, #108, #740, .T. ) ;
#1491 = CIRCLE ( 'NONE', #180, 0.2500000000000002220 ) ;
#1492 = ORIENTED_EDGE ( 'NONE', *, *, #657, .F. ) ;
#1493 = LINE ( 'NONE', #1502, #876 ) ;
#1494 = CARTESIAN_POINT ( 'NONE',  ( 4.899999999936062167, 103.5000000000000000, -28.58127224927880761 ) ) ;
#1495 = AXIS2_PLACEMENT_3D ( 'NONE', #424, #267, #914 ) ;
#1496 = FACE_OUTER_BOUND ( 'NONE', #1596, .T. ) ;
#1497 = CIRCLE ( 'NONE', #367, 3.400000000000000355 ) ;
#1498 = EDGE_LOOP ( 'NONE', ( #110, #28, #1166, #76 ) ) ;
#1499 = DIRECTION ( 'NONE',  ( 2.237442759191329436E-12, 0.000000000000000000, 1.000000000000000000 ) ) ;
#1500 = EDGE_CURVE ( 'NONE', #1343, #1443, #607, .T. ) ;
#1501 = ORIENTED_EDGE ( 'NONE', *, *, #1156, .F. ) ;
#1502 = CARTESIAN_POINT ( 'NONE',  ( 0.3249999999343862189, 104.5999999999999943, -29.33989476772603311 ) ) ;
#1503 = ORIENTED_EDGE ( 'NONE', *, *, #1260, .F. ) ;
#1504 = LINE ( 'NONE', #874, #1299 ) ;
#1505 = DIRECTION ( 'NONE',  ( -2.236554691448233712E-12, 0.000000000000000000, -1.000000000000000000 ) ) ;
#1506 = CARTESIAN_POINT ( 'NONE',  ( -50.99999999988573052, 1.156251051772139160, 51.00000000011423396 ) ) ;
#1507 = ORIENTED_EDGE ( 'NONE', *, *, #880, .F. ) ;
#1508 = DIRECTION ( 'NONE',  ( -2.236554691448233712E-12, 0.000000000000000000, -1.000000000000000000 ) ) ;
#1509 = ORIENTED_EDGE ( 'NONE', *, *, #793, .T. ) ;
#1510 = CARTESIAN_POINT ( 'NONE',  ( 51.00000000011406343, 0.000000000000000000, 50.99999999988594368 ) ) ;
#1511 = CC_DESIGN_PERSON_AND_ORGANIZATION_ASSIGNMENT ( #886, #506, ( #1604 ) ) ;
#1512 = ORIENTED_EDGE ( 'NONE', *, *, #1424, .F. ) ;
#1513 = CARTESIAN_POINT ( 'NONE',  ( -4.542893218865160065, 103.5000000000000142, -23.12941530744684826 ) ) ;
#1514 = CARTESIAN_POINT ( 'NONE',  ( 0.000000000000000000, 101.5999999999999943, 0.000000000000000000 ) ) ;
#1515 = CALENDAR_DATE ( 2026, 13, 6 ) ;
#1516 = ORIENTED_EDGE ( 'NONE', *, *, #830, .T. ) ;
#1517 = DIRECTION ( 'NONE',  ( -7.899479681494625538E-13, 0.000000000000000000, -1.000000000000000000 ) ) ;
#1518 = AXIS2_PLACEMENT_3D ( 'NONE', #534, #1025, #666 ) ;
#1519 = VECTOR ( 'NONE', #495, 1000.000000000000000 ) ;
#1520 = EDGE_LOOP ( 'NONE', ( #1042, #1349, #1074, #608 ) ) ;
#1521 = CARTESIAN_POINT ( 'NONE',  ( -51.00000000011404921, 101.5999999999999943, -50.99999999988591526 ) ) ;
#1522 = VERTEX_POINT ( 'NONE', #1481 ) ;
#1523 = EDGE_CURVE ( 'NONE', #541, #374, #710, .T. ) ;
#1524 = CARTESIAN_POINT ( 'NONE',  ( 0.000000000000000000, 107.5999999999999943, 0.000000000000000000 ) ) ;
#1525 = EDGE_CURVE ( 'NONE', #779, #188, #1188, .T. ) ;
#1526 = VECTOR ( 'NONE', #394, 1000.000000000000000 ) ;
#1527 = DIRECTION ( 'NONE',  ( 1.000000000000000000, 0.000000000000000000, -2.238034804353393252E-12 ) ) ;
#1528 = CARTESIAN_POINT ( 'NONE',  ( 0.3249999999495952197, 104.3499999999999943, -22.53989476772603240 ) ) ;
#1529 = LINE ( 'NONE', #1506, #1185 ) ;
#1530 = ORIENTED_EDGE ( 'NONE', *, *, #1376, .T. ) ;
#1531 = FACE_OUTER_BOUND ( 'NONE', #400, .T. ) ;
#1532 = AXIS2_PLACEMENT_3D ( 'NONE', #373, #1499, #987 ) ;
#1533 = CC_DESIGN_PERSON_AND_ORGANIZATION_ASSIGNMENT ( #1023, #1241, ( #1223 ) ) ;
#1534 = LINE ( 'NONE', #162, #1321 ) ;
#1535 = EDGE_LOOP ( 'NONE', ( #1331, #911, #603, #1385 ) ) ;
#1536 = FACE_OUTER_BOUND ( 'NONE', #688, .T. ) ;
#1537 = CARTESIAN_POINT ( 'NONE',  ( 51.10000000011405064, 1.156251051772139160, 50.99999999988569499 ) ) ;
#1538 = ORIENTED_EDGE ( 'NONE', *, *, #51, .T. ) ;
#1539 = LINE ( 'NONE', #904, #1112 ) ;
#1540 = FACE_OUTER_BOUND ( 'NONE', #411, .T. ) ;
#1541 = ORIENTED_EDGE ( 'NONE', *, *, #716, .T. ) ;
#1542 = DIRECTION ( 'NONE',  ( 2.236554691448233712E-12, 0.000000000000000000, 1.000000000000000000 ) ) ;
#1543 = CARTESIAN_POINT ( 'NONE',  ( 51.10000000011405064, 1.156251051772139160, 50.99999999988569499 ) ) ;
#1544 = EDGE_CURVE ( 'NONE', #1312, #1522, #237, .T. ) ;
#1545 = LINE ( 'NONE', #447, #1552 ) ;
#1546 = ORIENTED_EDGE ( 'NONE', *, *, #991, .T. ) ;
#1547 = CARTESIAN_POINT ( 'NONE',  ( -4.750000000064554584, 103.0000000000000000, -28.86994738385201842 ) ) ;
#1548 = AXIS2_PLACEMENT_3D ( 'NONE', #629, #756, #646 ) ;
#1549 = EDGE_CURVE ( 'NONE', #448, #14, #1231, .T. ) ;
#1550 = CARTESIAN_POINT ( 'NONE',  ( 0.3249999999294159170, 103.5000000000000142, -31.56085368826262183 ) ) ;
#1551 = PERSON_AND_ORGANIZATION ( #128, #73 ) ;
#1552 = VECTOR ( 'NONE', #323, 1000.000000000000000 ) ;
#1553 = LINE ( 'NONE', #452, #897 ) ;
#1554 = FACE_OUTER_BOUND ( 'NONE', #824, .T. ) ;
#1555 = ORIENTED_EDGE ( 'NONE', *, *, #1309, .F. ) ;
#1556 = CARTESIAN_POINT ( 'NONE',  ( 51.00000000011406343, 101.5999999999999943, 50.99999999988594368 ) ) ;
#1557 = CARTESIAN_POINT ( 'NONE',  ( -1.116828334603375102E-11, 101.5999999999999943, -4.999999999999985789 ) ) ;
#1558 = CARTESIAN_POINT ( 'NONE',  ( 0.3249999999419905250, 91.45000000000000284, -25.93989476772603453 ) ) ;
#1559 = VERTEX_POINT ( 'NONE', #242 ) ;
#1560 = CARTESIAN_POINT ( 'NONE',  ( 0.3249999999538177864, 103.5000000000000000, -20.65713980464097332 ) ) ;
#1561 = EDGE_CURVE ( 'NONE', #1059, #734, #578, .T. ) ;
#1562 = CYLINDRICAL_SURFACE ( 'NONE', #1373, 1.774999999999998801 ) ;
#1563 = CARTESIAN_POINT ( 'NONE',  ( -51.00000000011483792, 3.656251051772139160, -51.09999999988539798 ) ) ;
#1564 = ORIENTED_EDGE ( 'NONE', *, *, #547, .F. ) ;
#1565 = PLANE ( 'NONE',  #620 ) ;
#1566 = EDGE_CURVE ( 'NONE', #1342, #1559, #568, .T. ) ;
#1567 = EDGE_CURVE ( 'NONE', #409, #1244, #1491, .T. ) ;
#1568 = VECTOR ( 'NONE', #56, 1000.000000000000000 ) ;
#1569 = DIRECTION ( 'NONE',  ( 2.237442759191329436E-12, -0.000000000000000000, 1.000000000000000000 ) ) ;
#1570 = DIRECTION ( 'NONE',  ( 1.000000000000000000, 0.000000000000000000, -2.236554691448233712E-12 ) ) ;
#1571 = VECTOR ( 'NONE', #127, 1000.000000000000000 ) ;
#1572 = AXIS2_PLACEMENT_3D ( 'NONE', #1423, #1284, #301 ) ;
#1573 = APPROVAL ( #1070, 'UNSPECIFIED' ) ;
#1574 = EDGE_LOOP ( 'NONE', ( #1268, #877, #527, #1367 ) ) ;
#1575 = DIRECTION ( 'NONE',  ( -0.000000000000000000, 1.000000000000000000, 0.000000000000000000 ) ) ;
#1576 = VECTOR ( 'NONE', #869, 1000.000000000000114 ) ;
#1577 = AXIS2_PLACEMENT_3D ( 'NONE', #1421, #1039, #449 ) ;
#1578 = FACE_OUTER_BOUND ( 'NONE', #1574, .T. ) ;
#1579 = DIRECTION ( 'NONE',  ( 0.000000000000000000, -1.000000000000000000, -0.000000000000000000 ) ) ;
#1580 = ORIENTED_EDGE ( 'NONE', *, *, #1468, .F. ) ;
#1581 = CARTESIAN_POINT ( 'NONE',  ( 0.3249999999419905250, 104.5999999999999943, -25.93989476772603453 ) ) ;
#1582 = APPLICATION_CONTEXT ( 'configuration controlled 3d designs of mechanical parts and assemblies' ) ;
#1583 = DIRECTION ( 'NONE',  ( -0.8660254037833198248, 0.000000000000000000, 0.5000000000019378943 ) ) ;
#1584 = ORIENTED_EDGE ( 'NONE', *, *, #284, .T. ) ;
#1585 = FACE_OUTER_BOUND ( 'NONE', #245, .T. ) ;
#1586 = EDGE_CURVE ( 'NONE', #108, #1389, #721, .T. ) ;
#1587 = ORIENTED_EDGE ( 'NONE', *, *, #836, .T. ) ;
#1588 = CARTESIAN_POINT ( 'NONE',  ( 0.3249999999545704621, 103.5000000000000000, -20.31893584718945078 ) ) ;
#1589 = CIRCLE ( 'NONE', #450, 3.400000000000000355 ) ;
#1590 = ADVANCED_FACE ( 'NONE', ( #260 ), #1002, .F. ) ;
#1591 = EDGE_CURVE ( 'NONE', #328, #718, #1115, .T. ) ;
#1592 = CARTESIAN_POINT ( 'NONE',  ( 5.399999999948528639, 103.0000000000000000, -23.00984215160004709 ) ) ;
#1593 = DIRECTION ( 'NONE',  ( -0.000000000000000000, 1.000000000000000000, 0.000000000000000000 ) ) ;
#1594 = EDGE_CURVE ( 'NONE', #1559, #302, #1529, .T. ) ;
#1595 = DIRECTION ( 'NONE',  ( 0.000000000000000000, 1.000000000000000000, 0.000000000000000000 ) ) ;
#1596 = EDGE_LOOP ( 'NONE', ( #557, #1182, #397, #888 ) ) ;
#1597 = DIRECTION ( 'NONE',  ( -0.000000000000000000, -1.000000000000000000, 0.000000000000000000 ) ) ;
#1598 = VECTOR ( 'NONE', #37, 1000.000000000000000 ) ;
#1599 = ORIENTED_EDGE ( 'NONE', *, *, #1130, .F. ) ;
#1600 = DIRECTION ( 'NONE',  ( -0.8660254037833198248, 0.000000000000000000, 0.5000000000019380053 ) ) ;
#1601 = PLANE ( 'NONE',  #708 ) ;
#1602 = CIRCLE ( 'NONE', #1215, 1.774999999999998801 ) ;
#1603 = CARTESIAN_POINT ( 'NONE',  ( 51.00000000011448265, 1.156251051772139160, 51.09999999988575325 ) ) ;
#1604 = PRODUCT ( 'base_qube_Predeterminado_sldprt', 'base_qube_Predeterminado_sldprt', '', ( #415 ) ) ;
#1605 = DIRECTION ( 'NONE',  ( 2.236554691448233712E-12, 0.000000000000000000, 1.000000000000000000 ) ) ;
#1606 = ORIENTED_EDGE ( 'NONE', *, *, #572, .F. ) ;
#1607 = FACE_OUTER_BOUND ( 'NONE', #639, .T. ) ;
#1608 = AXIS2_PLACEMENT_3D ( 'NONE', #996, #1597, #493 ) ;
#1609 = VERTEX_POINT ( 'NONE', #1398 ) ;
ENDSEC;
END-ISO-10303-21;
